time,open,high,low,close,tick_volume
1472477400,2.21000,2.23000,1.95000,2.19000,43100
1472563800,2.21000,2.75000,2.18000,2.50000,125300
1472650200,2.48000,2.69000,2.37000,2.42000,76200
1472736600,2.46000,2.58000,2.40000,2.56000,32500
1472823000,2.58000,2.69000,2.46000,2.56000,76400
1473168600,2.55000,2.58000,2.41000,2.55000,15600
1473255000,2.53000,2.64000,2.52000,2.52000,47000
1473341400,2.55000,2.55000,2.38000,2.51000,36900
1473427800,2.39000,2.58000,2.39000,2.48000,12100
1473687000,2.40000,2.43000,2.25000,2.36000,21100
1473773400,2.36000,2.36000,2.21000,2.32000,8600
1473859800,2.29000,2.39000,2.29000,2.30000,12300
1473946200,2.22000,2.44000,2.22000,2.35000,25000
1474032600,2.31000,2.42000,2.31000,2.41000,120800
1474291800,2.41000,2.42000,2.05000,2.15000,141400
1474378200,2.15000,2.47000,2.09000,2.34000,101700
1474464600,2.32000,2.35000,2.30000,2.34000,28100
1474551000,2.31000,2.35000,2.30000,2.35000,13700
1474637400,2.38000,2.79000,2.37000,2.79000,196700
1474896600,2.76000,2.89000,2.62000,2.74000,51100
1474983000,2.72000,2.99000,2.55000,2.98000,111400
1475069400,2.99000,3.09000,2.92000,3.00000,78900
1475155800,3.00000,3.07000,2.75000,2.98000,219100
1475242200,2.51000,3.25000,2.51000,3.21000,126000
1475501400,3.20000,3.29000,3.15000,3.17000,73900
1475587800,3.13000,3.20000,3.00000,3.00000,33400
1475674200,3.05000,3.05000,2.89000,2.94000,52300
1475760600,2.92000,2.98000,2.69000,2.75000,79200
1475847000,2.82000,2.88000,2.65000,2.67000,73300
1476106200,2.89000,3.04000,2.78000,2.91000,85600
1476192600,2.85000,2.95000,2.74000,2.94000,30700
1476279000,2.77000,2.88000,2.66000,2.71000,57100
1476365400,2.82000,2.85000,2.71000,2.73000,6100
1476451800,2.78000,2.79000,2.68000,2.77000,49700
1476711000,2.83000,2.92000,2.72000,2.83000,86700
1476797400,2.83000,2.83000,2.66000,2.81000,17000
1476883800,2.77000,2.93000,2.71000,2.91000,149500
1476970200,2.97000,3.07000,2.83000,2.97000,576700
1477056600,2.95000,3.05000,2.86000,2.99000,123700
1477315800,2.98000,3.15000,2.88000,3.14000,350500
1477402200,3.15000,3.19000,3.09000,3.10000,339400
1477488600,3.07000,3.18000,2.80000,2.95000,129600
1477575000,2.93000,3.19000,2.80000,3.19000,162400
1477661400,3.15000,3.32000,3.01000,3.30000,126300
1477920600,3.32000,3.54000,3.27000,3.45000,165100
1478007000,3.47000,3.58000,3.07000,3.21000,92000
1478093400,3.23000,3.36000,3.08000,3.19000,37900
1478179800,3.16000,3.38000,3.15000,3.26000,32600
1478266200,3.23000,3.36000,3.23000,3.27000,12400
1478529000,3.20000,3.25000,3.18000,3.18000,11400
1478615400,3.20000,3.23000,3.12000,3.20000,33300
1478701800,3.14000,3.14000,2.51000,3.04000,55900
1478788200,3.06000,3.07000,2.89000,2.92000,15800
1478874600,2.95000,3.09000,2.90000,3.02000,7600
1479133800,3.05000,3.09000,2.95000,2.95000,7900
1479220200,2.90000,3.07000,2.90000,2.98000,14700
1479306600,2.97000,3.07000,2.88000,3.04000,31300
1479393000,2.97000,3.04000,2.91000,3.04000,7000
1479479400,3.00000,3.03000,2.94000,3.00000,26900
1479738600,3.00000,3.00000,2.96000,2.98000,7600
1479825000,2.98000,3.04000,2.88000,3.00000,15400
1479911400,2.95000,2.97000,2.90000,2.97000,15900
1480084200,3.00000,3.00000,2.86000,2.97000,2800
1480343400,2.96000,3.03000,2.96000,2.96000,15800
1480429800,2.95000,3.00000,2.95000,3.00000,1900
1480516200,3.00000,3.05000,2.92000,2.99000,12800
1480602600,3.03000,3.06000,3.00000,3.05000,4800
1480689000,3.09000,3.15000,2.67000,3.07000,17400
1480948200,2.90000,3.07000,2.75000,3.00000,35000
1481034600,2.99000,3.01000,2.89000,2.89000,17400
1481121000,2.98000,2.99000,2.93000,2.96000,12200
1481207400,2.90000,2.95000,2.84000,2.87000,25300
1481293800,2.94000,2.94000,2.73000,2.75000,31700
1481553000,2.80000,2.80000,2.75000,2.75000,12000
1481639400,2.75000,2.91000,2.62000,2.89000,22000
1481725800,2.77000,2.82000,2.57000,2.60000,47700
1481812200,2.65000,2.78000,2.50000,2.53000,54800
1481898600,2.70000,2.70000,2.23000,2.37000,39900
1482157800,2.50000,2.63000,2.44000,2.45000,24300
1482244200,2.51000,2.65000,2.48000,2.50000,36400
1482330600,2.55000,2.59000,2.43000,2.50000,21800
1482417000,2.48000,2.48000,2.32000,2.38000,29700
1482503400,2.37000,2.41000,2.33000,2.39000,11300
1482849000,2.39000,2.53000,2.33000,2.36000,12400
1482935400,2.37000,2.39000,2.32000,2.35000,15000
1483021800,2.43000,2.44000,2.32000,2.40000,36200
1483108200,2.36000,2.43000,2.34000,2.41000,68300
1483453800,2.34000,2.40000,2.25000,2.38000,25500
1483540200,2.34000,2.38000,2.24000,2.32000,23300
1483626600,2.35000,2.63000,2.24000,2.30000,64100
1483713000,2.30000,2.37000,2.30000,2.34000,47800
1483972200,2.32000,2.45000,2.32000,2.37000,7700
1484058600,2.35000,2.42000,2.35000,2.37000,18000
1484145000,2.37000,2.47000,2.37000,2.46000,16400
1484231400,2.48000,2.52000,2.48000,2.48000,3000
1484317800,2.45000,2.59000,2.45000,2.52000,10800
1484663400,2.56000,2.62000,2.36000,2.44000,16100
1484749800,2.39000,2.48000,2.36000,2.40000,4500
1484836200,2.39000,2.47000,2.36000,2.45000,13600
1484922600,2.47000,2.50000,2.37000,2.37000,4200
1485181800,2.43000,2.50000,2.42000,2.42000,7200
1485268200,2.41000,2.54000,2.41000,2.46000,20600
1485354600,2.50000,2.56000,2.36000,2.43000,31200
1485441000,2.48000,2.50000,2.37000,2.40000,7300
1485527400,2.44000,2.63000,2.40000,2.63000,23200
1485786600,2.50000,2.54000,2.40000,2.40000,34500
1485873000,2.40000,2.40000,2.35000,2.36000,8600
1485959400,2.36000,2.46000,2.35000,2.38000,4100
1486045800,2.41000,2.47000,2.35000,2.41000,7800
1486132200,2.36000,2.40000,2.27000,2.30000,33000
1486391400,2.38000,2.42000,2.19000,2.19000,28400
1486477800,2.19000,2.29000,2.15000,2.21000,30900
1486564200,2.19000,3.69000,2.15000,3.00000,9265800
1486650600,3.32000,3.51000,2.92000,3.30000,2552900
1486737000,3.28000,3.35000,3.05000,3.34000,574400
1486996200,3.36000,3.95000,3.24000,3.89000,1077700
1487082600,3.84000,3.85000,3.56000,3.82000,463300
1487169000,3.78000,4.17000,3.52000,3.99000,418600
1487255400,4.03000,4.08000,3.90000,4.05000,153900
1487341800,3.93000,4.12000,3.89000,4.11000,153700
1487687400,4.28000,5.28000,4.13000,4.99000,1430300
1487773800,4.65000,4.95000,4.44000,4.60000,340600
1487860200,4.51000,4.59000,4.36000,4.57000,127900
1487946600,4.46000,4.77000,4.35000,4.75000,162700
1488205800,4.82000,5.05000,4.63000,4.93000,151500
1488292200,4.99000,5.26000,4.74000,5.24000,196600
1488378600,5.29000,5.30000,5.00000,5.07000,145900
1488465000,5.10000,5.20000,4.75000,4.80000,160700
1488551400,4.80000,5.24000,4.70000,5.09000,254000
1488810600,5.15000,5.15000,4.79000,4.98000,158500
1488897000,4.92000,4.92000,4.75000,4.84000,51900
1488983400,4.76000,4.99000,4.62000,4.80000,96300
1489069800,4.75000,5.05000,4.75000,5.01000,114100
1489156200,5.03000,5.45000,4.94000,5.24000,601200
1489411800,5.25000,5.34000,4.86000,4.91000,213900
1489498200,4.92000,4.92000,4.52000,4.75000,100000
1489584600,4.75000,4.83000,4.53000,4.72000,50000
1489671000,4.69000,4.81000,4.38000,4.65000,64400
1489757400,4.69000,5.27000,4.66000,5.08000,108300
1490016600,4.98000,5.03000,4.80000,5.03000,40800
1490103000,5.03000,5.03000,4.83000,4.99000,51700
1490189400,4.95000,4.95000,4.70000,4.90000,69000
1490275800,4.91000,5.14000,4.90000,5.14000,73000
1490362200,5.11000,5.29000,5.00000,5.16000,96100
1490621400,5.05000,5.24000,5.01000,5.19000,122000
1490707800,5.20000,5.24000,5.05000,5.17000,92000
1490794200,5.20000,5.25000,5.06000,5.23000,61700
1490880600,5.23000,6.10000,5.20000,5.41000,657600
1490967000,5.00000,5.20000,4.16000,4.81000,649600
1491226200,4.70000,4.85000,4.52000,4.77000,221100
1491312600,4.97000,5.04000,4.34000,4.43000,248700
1491399000,4.46000,4.50000,3.55000,3.77000,387300
1491485400,3.84000,4.25000,3.84000,4.11000,288300
1491571800,4.34000,4.38000,4.01000,4.28000,174400
1491831000,4.08000,4.09000,3.81000,3.84000,516700
1491917400,3.81000,4.02000,3.37000,4.01000,364600
1492003800,4.00000,4.08000,3.84000,4.05000,198100
1492090200,4.39000,4.63000,4.26000,4.45000,2390400
1492435800,4.46000,4.53000,4.30000,4.51000,142500
1492522200,4.38000,4.48000,4.38000,4.48000,84000
1492608600,4.48000,4.48000,4.30000,4.33000,89800
1492695000,4.36000,4.49000,4.36000,4.46000,82500
1492781400,4.45000,4.47000,4.36000,4.38000,144600
1493040600,4.41000,4.56000,4.38000,4.53000,129100
1493127000,4.54000,4.66000,4.46000,4.59000,108100
1493213400,4.58000,4.80000,4.51000,4.65000,118800
1493299800,4.61000,4.99000,4.46000,4.85000,102400
1493386200,4.85000,4.90000,4.50000,4.57000,99800
1493645400,4.56000,4.62000,4.50000,4.61000,54000
1493731800,4.55000,4.55000,4.40000,4.49000,148100
1493818200,4.47000,4.50000,4.29000,4.32000,64100
1493904600,4.26000,4.38000,4.06000,4.15000,121900
1493991000,4.09000,4.12000,3.97000,3.99000,126900
1494250200,3.99000,4.45000,3.98000,4.15000,110200
1494336600,4.17000,4.26000,4.11000,4.19000,53400
1494423000,4.18000,4.52000,4.15000,4.41000,103300
1494509400,4.35000,4.49000,4.25000,4.49000,52800
1494595800,4.47000,4.58000,4.37000,4.43000,68500
1494855000,4.51000,4.54000,4.35000,4.50000,25200
1494941400,4.49000,4.65000,4.35000,4.54000,40900
1495027800,4.51000,4.51000,4.10000,4.10000,72200
1495114200,4.11000,4.43000,3.98000,4.15000,105500
1495200600,4.14000,4.25000,4.04000,4.25000,49300
1495459800,4.21000,4.35000,4.15000,4.35000,24600
1495546200,4.29000,4.54000,4.18000,4.53000,44900
1495632600,4.47000,4.68000,4.29000,4.68000,45300
1495719000,4.69000,4.83000,4.46000,4.64000,39300
1495805400,4.68000,4.68000,4.47000,4.61000,28200
1496151000,4.61000,4.82000,4.50000,4.57000,25800
1496237400,4.55000,4.66000,4.51000,4.58000,25700
1496323800,4.60000,4.60000,4.46000,4.47000,60500
1496410200,4.54000,4.54000,4.28000,4.33000,56300
1496669400,4.40000,4.40000,4.12000,4.35000,67200
1496755800,4.31000,4.31000,4.00000,4.14000,76000
1496842200,4.12000,4.23000,4.02000,4.07000,107000
1496928600,4.06000,4.13000,3.99000,4.02000,87100
1497015000,4.11000,4.11000,3.90000,3.98000,79400
1497274200,3.92000,4.03000,3.75000,3.82000,151300
1497360600,3.75000,3.87000,3.74000,3.83000,41300
1497447000,3.88000,3.97000,3.77000,3.92000,53700
1497533400,3.85000,3.91000,3.61000,3.71000,34200
1497619800,3.70000,3.82000,3.69000,3.74000,146400
1497879000,3.80000,3.81000,3.61000,3.71000,36800
1497965400,3.68000,3.70000,3.50000,3.65000,76200
1498051800,3.60000,3.64000,3.50000,3.59000,76100
1498138200,3.55000,3.61000,3.48000,3.54000,96000
1498224600,3.55000,3.94000,3.55000,3.90000,261400
1498483800,3.95000,4.09000,3.79000,4.04000,98800
1498570200,4.05000,4.05000,3.83000,3.94000,35900
1498656600,4.04000,4.04000,3.80000,3.82000,29700
1498743000,3.80000,3.83000,3.70000,3.82000,30600
1498829400,3.75000,3.84000,3.70000,3.75000,69000
1499088600,3.70000,3.71000,3.60000,3.70000,7000
1499261400,3.62000,3.90000,3.60000,3.89000,89600
1499347800,3.89000,3.89000,3.72000,3.82000,76900
1499434200,3.85000,3.88000,3.73000,3.88000,19000
1499693400,3.85000,3.95000,3.73000,3.95000,49400
1499779800,3.94000,4.14000,3.86000,3.93000,139100
1499866200,4.05000,4.15000,3.96000,4.01000,33100
1499952600,4.00000,4.07000,3.95000,3.99000,69500
1500039000,3.99000,4.03000,3.82000,3.91000,36000
1500298200,3.91000,3.92000,3.75000,3.78000,93200
1500384600,3.83000,3.83000,3.66000,3.78000,183500
1500471000,3.85000,3.88000,3.70000,3.81000,161900
1500557400,4.05000,4.15000,3.93000,4.08000,111800
1500643800,4.05000,4.06000,3.92000,4.05000,41400
1500903000,4.04000,4.10000,4.00000,4.03000,74100
1500989400,4.03000,4.22000,4.02000,4.18000,137000
1501075800,4.23000,4.33000,4.06000,4.10000,51100
1501162200,4.13000,4.14000,3.90000,3.96000,34300
1501248600,3.95000,4.12000,3.85000,4.05000,226000
1501507800,4.09000,4.09000,3.93000,4.04000,26000
1501594200,4.05000,4.06000,3.98000,4.04000,51800
1501680600,4.05000,4.08000,3.90000,3.96000,112000
1501767000,3.97000,4.03000,3.94000,4.03000,42000
1501853400,4.00000,4.04000,3.84000,3.89000,54000
1502112600,3.86000,3.88000,3.65000,3.67000,144100
1502199000,3.65000,3.76000,3.62000,3.73000,30700
1502285400,3.70000,3.83000,3.63000,3.70000,63300
1502371800,3.71000,3.71000,3.32000,3.35000,62600
1502458200,3.34000,3.34000,3.12000,3.18000,73800
1502717400,3.21000,3.28000,3.02000,3.12000,91100
1502803800,3.06000,3.16000,3.03000,3.14000,61100
1502890200,3.11000,3.12000,2.94000,3.00000,94900
1502976600,2.94000,3.03000,2.78000,2.81000,124800
1503063000,2.78000,3.02000,2.62000,2.91000,149000
1503322200,2.92000,3.21000,2.87000,3.18000,73500
1503408600,3.17000,3.46000,3.16000,3.37000,82500
1503495000,3.36000,3.41000,3.16000,3.28000,95200
1503581400,3.35000,3.57000,3.31000,3.46000,105600
1503667800,3.53000,3.79000,3.33000,3.71000,72400
1503927000,3.70000,3.70000,3.47000,3.58000,30500
1504013400,3.50000,3.58000,3.40000,3.49000,71500
1504099800,3.50000,3.57000,3.30000,3.39000,123000
1504186200,3.35000,3.45000,3.30000,3.36000,95800
1504272600,3.31000,3.40000,3.31000,3.34000,73000
1504618200,3.33000,3.35000,3.23000,3.32000,76900
1504704600,3.35000,3.35000,3.20000,3.23000,63900
1504791000,3.20000,3.22000,3.06000,3.17000,107700
1504877400,3.17000,3.30000,3.12000,3.26000,62300
1505136600,3.27000,3.35000,3.19000,3.30000,93500
1505223000,3.24000,3.41000,3.22000,3.40000,100400
1505309400,3.40000,3.68000,3.27000,3.58000,235100
1505395800,3.65000,3.65000,3.41000,3.45000,52700
1505482200,3.42000,3.52000,3.42000,3.50000,24200
1505741400,3.45000,3.57000,3.42000,3.52000,66600
1505827800,3.50000,3.53000,3.42000,3.53000,50700
1505914200,3.50000,3.57000,3.47000,3.47000,63600
1506000600,3.42000,3.47000,3.26000,3.34000,112900
1506087000,3.34000,3.41000,3.30000,3.36000,51400
1506346200,3.35000,3.35000,3.06000,3.07000,91600
1506432600,3.07000,3.10000,3.01000,3.05000,137000
1506519000,3.08000,3.18000,3.08000,3.17000,150100
1506605400,3.44000,3.60000,3.20000,3.52000,302700
1506691800,4.00000,4.10000,3.65000,4.09000,481200
1506951000,4.10000,4.10000,3.75000,3.90000,151400
1507037400,3.90000,3.90000,3.74000,3.77000,74000
1507123800,3.70000,3.73000,3.60000,3.69000,91300
1507210200,3.67000,3.78000,3.64000,3.72000,49900
1507296600,3.65000,3.76000,3.65000,3.70000,31500
1507555800,3.70000,3.74000,3.65000,3.72000,32800
1507642200,3.75000,3.77000,3.57000,3.68000,77000
1507728600,3.68000,3.70000,3.61000,3.62000,27300
1507815000,3.61000,3.73000,3.58000,3.63000,38100
1507901400,3.65000,3.70000,3.63000,3.67000,22400
1508160600,3.74000,3.74000,3.48000,3.53000,63100
1508247000,3.50000,3.60000,3.41000,3.46000,29600
1508333400,3.46000,3.63000,3.40000,3.55000,38900
1508419800,3.50000,3.62000,3.44000,3.57000,63300
1508506200,3.63000,3.95000,3.63000,3.82000,135600
1508765400,3.89000,3.90000,3.68000,3.72000,75000
1508851800,3.69000,3.75000,3.57000,3.66000,59300
1508938200,3.61000,3.71000,3.53000,3.65000,73900
1509024600,3.67000,3.70000,3.43000,3.46000,52600
1509111000,3.46000,3.63000,3.43000,3.54000,52000
1509370200,3.54000,3.54000,3.41000,3.44000,24800
1509456600,3.43000,3.63000,3.42000,3.61000,51600
1509543000,3.60000,3.60000,3.45000,3.46000,18400
1509629400,3.47000,3.47000,3.37000,3.43000,30000
1509715800,3.48000,3.54000,3.45000,3.53000,28000
1509978600,3.59000,3.60000,3.46000,3.51000,66400
1510065000,3.54000,3.57000,3.35000,3.40000,58500
1510151400,3.39000,3.46000,3.23000,3.24000,63200
1510237800,3.21000,3.21000,3.07000,3.09000,42700
1510324200,3.13000,3.18000,3.11000,3.12000,43400
1510583400,3.11000,3.18000,3.10000,3.10000,30400
1510669800,3.10000,3.17000,3.03000,3.13000,30800
1510756200,3.15000,3.16000,3.02000,3.04000,51800
1510842600,3.04000,3.29000,3.04000,3.27000,210000
1510929000,3.30000,3.30000,3.10000,3.19000,36900
1511188200,3.19000,3.20000,2.96000,3.07000,79700
1511274600,3.14000,3.14000,2.95000,2.96000,102700
1511361000,3.00000,3.01000,2.92000,2.92000,106800
1511533800,2.93000,2.95000,2.91000,2.93000,11200
1511793000,2.89000,2.93000,2.78000,2.79000,127300
1511879400,2.79000,2.86000,2.73000,2.77000,120700
1511965800,2.79000,2.89000,2.61000,2.61000,190100
1512052200,2.62000,2.62000,2.50000,2.55000,180400
1512138600,2.55000,2.60000,2.51000,2.53000,68300
1512397800,2.57000,2.64000,2.34000,2.50000,309100
1512484200,2.55000,2.84000,2.55000,2.61000,672100
1512570600,2.65000,2.68000,2.44000,2.45000,327800
1512657000,2.50000,2.51000,2.43000,2.46000,123900
1512743400,2.50000,2.65000,2.42000,2.58000,307500
1513002600,2.56000,2.64000,2.49000,2.58000,214700
1513089000,2.58000,2.65000,2.53000,2.60000,329600
1513175400,2.61000,2.68000,2.58000,2.65000,650200
1513261800,2.73000,2.96000,2.65000,2.93000,672400
1513348200,2.97000,3.13000,2.95000,3.06000,755800
1513607400,3.06000,3.10000,2.91000,2.99000,226800
1513693800,2.98000,3.00000,2.86000,2.92000,118700
1513780200,3.00000,3.00000,2.86000,2.86000,187400
1513866600,2.88000,2.90000,2.82000,2.84000,182900
1513953000,2.85000,2.90000,2.81000,2.84000,162300
1514298600,2.83000,2.84000,2.73000,2.80000,94200
1514385000,2.82000,2.82000,2.68000,2.72000,135600
1514471400,2.74000,2.83000,2.70000,2.70000,205200
1514557800,2.75000,2.75000,2.67000,2.71000,107500
1514903400,2.71000,2.88000,2.69000,2.80000,238500
1514989800,2.83000,2.90000,2.80000,2.85000,167500
1515076200,2.95000,3.17000,2.85000,3.15000,774500
1515162600,3.35000,3.37000,3.03000,3.23000,612200
1515421800,3.25000,3.32000,2.90000,3.11000,363300
1515508200,3.07000,3.10000,2.95000,2.98000,180400
1515594600,2.93000,2.97000,2.85000,2.86000,180800
1515681000,2.86000,2.94000,2.78000,2.90000,155200
1515767400,2.94000,2.94000,2.85000,2.94000,166400
1516113000,2.88000,2.96000,2.80000,2.85000,172400
1516199400,2.85000,2.90000,2.76000,2.85000,128900
1516285800,2.85000,2.89000,2.76000,2.79000,122800
1516372200,2.76000,2.84000,2.75000,2.82000,89600
1516631400,2.84000,2.84000,2.75000,2.77000,104100
1516717800,2.76000,2.80000,2.71000,2.76000,98200
1516804200,2.76000,2.78000,2.58000,2.58000,303100
1516890600,2.62000,2.69000,2.56000,2.66000,115600
1516977000,2.67000,2.72000,2.60000,2.70000,98700
1517236200,2.70000,2.70000,2.63000,2.66000,116700
1517322600,2.61000,2.67000,2.60000,2.64000,66300
1517409000,2.66000,2.66000,2.56000,2.60000,67700
1517495400,2.58000,2.64000,2.57000,2.57000,58900
1517581800,2.55000,2.57000,2.46000,2.52000,155300
1517841000,2.52000,2.57000,2.35000,2.38000,268000
1517927400,2.35000,2.52000,2.31000,2.45000,138200
1518013800,2.45000,2.45000,2.30000,2.31000,139600
1518100200,2.31000,2.35000,2.21000,2.27000,217600
1518186600,2.29000,2.30000,2.16000,2.20000,171900
1518445800,2.24000,2.40000,2.21000,2.38000,147600
1518532200,2.40000,2.46000,2.34000,2.35000,91400
1518618600,2.31000,2.44000,2.29000,2.42000,84700
1518705000,2.45000,2.47000,2.35000,2.41000,74900
1518791400,2.38000,2.42000,2.32000,2.35000,101300
1519137000,2.35000,2.39000,2.21000,2.25000,89400
1519223400,2.25000,2.30000,2.20000,2.21000,93400
1519309800,2.22000,2.26000,2.18000,2.19000,85300
1519396200,2.21000,2.34000,2.21000,2.30000,192300
1519655400,2.34000,2.34000,2.28000,2.34000,80100
1519741800,2.31000,2.32000,2.21000,2.23000,88000
1519828200,2.26000,2.37000,2.26000,2.29000,92200
1519914600,2.31000,2.31000,2.24000,2.26000,17100
1520001000,2.22000,2.25000,2.17000,2.20000,200700
1520260200,2.22000,2.38000,2.20000,2.36000,66400
1520346600,2.40000,2.41000,2.31000,2.34000,53600
1520433000,2.30000,2.42000,2.28000,2.31000,41400
1520519400,2.34000,2.38000,2.28000,2.38000,74400
1520605800,2.41000,2.61000,2.39000,2.52000,219300
1520861400,2.55000,2.56000,2.43000,2.45000,33600
1520947800,2.45000,2.50000,2.26000,2.26000,341200
1521034200,2.28000,2.35000,2.26000,2.33000,99000
1521120600,2.35000,2.58000,2.32000,2.57000,354800
1521207000,2.56000,2.80000,2.56000,2.66000,320700
1521466200,2.64000,2.64000,2.53000,2.57000,86300
1521552600,2.53000,2.65000,2.47000,2.52000,59700
1521639000,2.52000,2.67000,2.52000,2.66000,48200
1521725400,2.60000,2.65000,2.53000,2.61000,44600
1521811800,2.60000,2.63000,2.47000,2.49000,85300
1522071000,2.56000,2.56000,2.35000,2.42000,97000
1522157400,2.42000,2.42000,2.31000,2.32000,63800
1522243800,2.31000,2.34000,2.20000,2.22000,106300
1522330200,2.25000,2.29000,2.24000,2.25000,60500
1522675800,2.25000,2.35000,2.12000,2.24000,103100
1522762200,2.28000,2.31000,2.16000,2.27000,303500
1522848600,2.40000,2.42000,2.18000,2.38000,462400
1522935000,2.40000,2.40000,2.28000,2.35000,120800
1523021400,2.31000,2.39000,2.22000,2.29000,151900
1523280600,2.30000,2.33000,2.22000,2.30000,104600
1523367000,2.29000,2.37000,2.25000,2.32000,147500
1523453400,2.32000,2.38000,2.31000,2.31000,37500
1523539800,2.31000,2.33000,2.28000,2.32000,44800
1523626200,2.34000,2.64000,2.30000,2.59000,254400
1523885400,2.66000,2.67000,2.54000,2.58000,155100
1523971800,2.60000,2.64000,2.51000,2.55000,151900
1524058200,2.58000,2.60000,2.45000,2.57000,94100
1524144600,2.57000,2.66000,2.42000,2.43000,79000
1524231000,2.42000,2.44000,2.36000,2.38000,52500
1524490200,2.35000,2.39000,2.31000,2.34000,39000
1524576600,2.33000,2.39000,2.31000,2.33000,44500
1524663000,2.31000,2.35000,2.30000,2.32000,61000
1524749400,2.33000,2.45000,2.32000,2.39000,100900
1524835800,2.41000,2.41000,2.33000,2.40000,28100
1525095000,2.40000,2.40000,2.30000,2.32000,37900
1525181400,2.26000,2.35000,2.26000,2.33000,128300
1525267800,2.38000,2.45000,2.31000,2.38000,76300
1525354200,2.39000,2.40000,2.29000,2.34000,70500
1525440600,2.34000,2.42000,2.34000,2.40000,38400
1525699800,2.37000,2.42000,2.31000,2.39000,45100
1525786200,2.39000,2.44000,2.35000,2.36000,62300
1525872600,2.32000,2.37000,2.32000,2.34000,77300
1525959000,2.26000,2.36000,2.26000,2.28000,171000
1526045400,2.28000,2.31000,2.25000,2.28000,64200
1526304600,2.27000,2.30000,2.24000,2.27000,87900
1526391000,2.26000,2.30000,2.20000,2.30000,71500
1526477400,2.29000,2.36000,2.28000,2.30000,45800
1526563800,2.31000,2.36000,2.29000,2.36000,28900
1526650200,2.39000,2.42000,2.36000,2.38000,79600
1526909400,2.38000,2.47000,2.36000,2.37000,80400
1526995800,2.36000,2.40000,2.30000,2.39000,44800
1527082200,2.38000,2.43000,2.36000,2.41000,50400
1527168600,2.44000,2.46000,2.39000,2.39000,24800
1527255000,2.40000,2.47000,2.40000,2.45000,56200
1527600600,2.45000,2.68000,2.43000,2.59000,199800
1527687000,2.57000,2.62000,2.55000,2.56000,66400
1527773400,2.58000,2.68000,2.58000,2.60000,97700
1527859800,2.60000,2.72000,2.59000,2.72000,131600
1528119000,2.74000,2.74000,2.63000,2.65000,103200
1528205400,2.65000,2.71000,2.62000,2.66000,49700
1528291800,2.65000,2.86000,2.59000,2.85000,216500
1528378200,2.86000,2.89000,2.74000,2.84000,166000
1528464600,2.84000,2.87000,2.78000,2.80000,108400
1528723800,2.77000,2.82000,2.77000,2.81000,35900
1528810200,2.84000,2.94000,2.84000,2.90000,189000
1528896600,2.91000,2.94000,2.78000,2.79000,89400
1528983000,2.79000,2.88000,2.78000,2.82000,92400
1529069400,2.86000,2.86000,2.82000,2.83000,63800
1529328600,2.79000,2.86000,2.60000,2.72000,200000
1529415000,2.74000,2.74000,2.50000,2.50000,305100
1529501400,2.50000,2.58000,2.43000,2.56000,134500
1529587800,2.57000,2.64000,2.47000,2.60000,266900
1529674200,2.62000,2.64000,2.50000,2.54000,88800
1529933400,2.53000,2.53000,2.33000,2.38000,86900
1530019800,2.40000,2.52000,2.40000,2.49000,61000
1530106200,2.49000,2.51000,2.33000,2.33000,73400
1530192600,2.41000,2.46000,2.32000,2.34000,43000
1530279000,2.31000,2.43000,2.31000,2.35000,67900
1530538200,2.38000,2.58000,2.37000,2.55000,112300
1530624600,2.59000,2.59000,2.51000,2.55000,61000
1530797400,2.55000,2.61000,2.54000,2.58000,64400
1530883800,2.59000,2.65000,2.55000,2.61000,121100
1531143000,2.60000,2.72000,2.59000,2.71000,101300
1531229400,2.70000,2.74000,2.68000,2.73000,43300
1531315800,2.70000,2.72000,2.51000,2.52000,94200
1531402200,2.55000,2.63000,2.54000,2.60000,27800
1531488600,2.60000,2.66000,2.60000,2.63000,43500
1531747800,2.67000,2.69000,2.64000,2.67000,42700
1531834200,2.67000,2.74000,2.67000,2.68000,38400
1531920600,2.70000,2.71000,2.58000,2.67000,124800
1532007000,2.64000,2.82000,2.58000,2.76000,279800
1532093400,2.69000,2.82000,2.45000,2.70000,445400
1532352600,2.69000,2.72000,2.55000,2.56000,56500
1532439000,2.52000,2.60000,2.51000,2.55000,119500
1532525400,2.55000,2.57000,2.44000,2.53000,116700
1532611800,2.52000,2.59000,2.49000,2.52000,67500
1532698200,2.50000,2.54000,2.21000,2.25000,177400
1532957400,2.30000,2.40000,2.26000,2.30000,150600
1533043800,2.34000,2.36000,2.26000,2.31000,113200
1533130200,2.32000,2.45000,2.32000,2.38000,47100
1533216600,2.38000,2.42000,2.35000,2.37000,47900
1533303000,2.39000,2.41000,2.36000,2.38000,112300
1533562200,2.37000,2.44000,2.33000,2.33000,38100
1533648600,2.32000,2.38000,2.26000,2.30000,59300
1533735000,2.31000,2.33000,2.26000,2.31000,49400
1533821400,2.29000,2.35000,2.29000,2.34000,68100
1533907800,2.31000,2.34000,2.30000,2.34000,67300
1534167000,2.35000,2.38000,2.31000,2.33000,43500
1534253400,2.31000,2.36000,2.31000,2.35000,29900
1534339800,2.36000,2.42000,2.32000,2.42000,49000
1534426200,2.37000,2.38000,2.33000,2.37000,117000
1534512600,2.36000,2.42000,2.36000,2.40000,18500
1534771800,2.38000,2.47000,2.38000,2.47000,49000
1534858200,2.47000,2.55000,2.43000,2.49000,46600
1534944600,2.50000,2.54000,2.46000,2.49000,24800
1535031000,2.50000,2.55000,2.47000,2.47000,28700
1535117400,2.50000,2.54000,2.47000,2.51000,5400
1535376600,2.50000,2.58000,2.50000,2.55000,67300
1535463000,2.59000,2.67000,2.55000,2.55000,57500
1535549400,2.58000,2.67000,2.55000,2.62000,53700
1535635800,2.62000,2.62000,2.56000,2.56000,41300
1535722200,2.55000,2.59000,2.53000,2.53000,7100
1536067800,2.50000,2.57000,2.48000,2.54000,9700
1536154200,2.45000,2.55000,2.45000,2.47000,8400
1536240600,2.53000,2.53000,2.45000,2.47000,21700
1536327000,2.49000,2.49000,2.37000,2.45000,8500
1536586200,2.43000,2.49000,2.37000,2.49000,44300
1536672600,2.48000,2.48000,2.42000,2.46000,24800
1536759000,2.41000,2.43000,2.30000,2.31000,35000
1536845400,2.31000,2.45000,2.31000,2.36000,20400
1536931800,2.31000,2.37000,2.28000,2.28000,56700
1537191000,2.29000,2.38000,2.29000,2.35000,19500
1537277400,2.37000,2.49000,2.35000,2.45000,41500
1537363800,2.45000,2.52000,2.45000,2.45000,21200
1537450200,2.50000,2.53000,2.50000,2.50000,20500
1537536600,2.50000,2.53000,2.48000,2.52000,56300
1537795800,2.50000,2.52000,2.48000,2.51000,57300
1537882200,2.50000,2.54000,2.44000,2.51000,99900
1537968600,2.51000,2.51000,2.42000,2.42000,44700
1538055000,2.42000,2.44000,2.28000,2.32000,98300
1538141400,2.28000,2.30000,2.08000,2.22000,178000
1538400600,2.22000,2.28000,2.20000,2.23000,44500
1538487000,2.29000,2.30000,2.11000,2.15000,106700
1538573400,2.17000,2.17000,1.94000,1.99000,228300
1538659800,2.00000,2.09000,1.93000,1.94000,169700
1538746200,1.95000,1.99000,1.88000,1.95000,69700
1539005400,1.98000,1.99000,1.90000,1.96000,76700
1539091800,1.97000,1.97000,1.85000,1.85000,39400
1539178200,1.80000,1.99000,1.80000,1.87000,159800
1539264600,1.85000,1.92000,1.85000,1.86000,60800
1539351000,1.91000,2.09000,1.91000,2.09000,130800
1539610200,2.14000,2.17000,2.10000,2.13000,105800
1539696600,2.15000,2.22000,2.14000,2.20000,76400
1539783000,2.20000,2.20000,2.16000,2.20000,20500
1539869400,2.20000,2.20000,2.08000,2.10000,85100
1539955800,2.12000,2.15000,1.95000,2.04000,44900
1540215000,2.04000,2.05000,1.96000,2.02000,16700
1540301400,2.00000,2.04000,1.93000,2.03000,33100
1540387800,2.03000,2.03000,1.92000,1.97000,30400
1540474200,1.99000,2.01000,1.95000,1.96000,29000
1540560600,1.97000,1.99000,1.93000,1.96000,71900
1540819800,1.96000,1.96000,1.86000,1.87000,33000
1540906200,1.83000,1.87000,1.81000,1.87000,45500
1540992600,1.90000,1.94000,1.90000,1.92000,34300
1541079000,1.90000,2.00000,1.89000,2.00000,57800
1541165400,2.00000,2.02000,1.98000,1.98000,27800
1541428200,1.99000,2.03000,1.99000,2.00000,16700
1541514600,2.03000,2.03000,1.99000,1.99000,13000
1541601000,2.00000,2.13000,1.98000,2.10000,142800
1541687400,2.06000,2.07000,2.01000,2.01000,38600
1541773800,2.04000,2.04000,1.94000,1.97000,23400
1542033000,1.98000,1.98000,1.93000,1.93000,32200
1542119400,1.93000,1.98000,1.85000,1.87000,28700
1542205800,1.89000,1.90000,1.85000,1.86000,39000
1542292200,1.90000,2.03000,1.89000,2.00000,59500
1542378600,2.01000,2.01000,1.91000,1.91000,151400
1542637800,1.92000,1.96000,1.91000,1.95000,22900
1542724200,1.91000,1.97000,1.90000,1.95000,33000
1542810600,1.98000,1.98000,1.93000,1.97000,24600
1542983400,1.98000,2.00000,1.95000,1.99000,19400
1543242600,1.99000,1.99000,1.92000,1.99000,34300
1543329000,1.97000,1.99000,1.92000,1.94000,12000
1543415400,1.95000,1.96000,1.86000,1.94000,31400
1543501800,1.94000,1.94000,1.87000,1.93000,62800
1543588200,1.93000,1.93000,1.87000,1.88000,36100
1543847400,1.94000,1.95000,1.88000,1.90000,40700
1543933800,1.88000,1.89000,1.86000,1.89000,20400
1544106600,1.84000,1.89000,1.76000,1.76000,36600
1544193000,1.78000,1.84000,1.75000,1.79000,47500
1544452200,1.81000,1.89000,1.78000,1.80000,23200
1544538600,1.81000,1.81000,1.73000,1.73000,20200
1544625000,1.73000,1.75000,1.66000,1.71000,54000
1544711400,1.72000,1.72000,1.65000,1.69000,34900
1544797800,1.68000,1.74000,1.57000,1.63000,50600
1545057000,1.62000,1.67000,1.50000,1.57000,39700
1545143400,1.56000,1.57000,1.46000,1.52000,72100
1545229800,1.51000,1.52000,1.36000,1.44000,48700
1545316200,1.40000,1.45000,1.35000,1.40000,100000
1545402600,1.42000,1.42000,1.30000,1.37000,77600
1545661800,1.36000,1.48000,1.36000,1.44000,70300
1545834600,1.46000,1.55000,1.39000,1.48000,103100
1545921000,1.46000,1.55000,1.41000,1.41000,63000
1546007400,1.44000,1.55000,1.44000,1.44000,67000
1546266600,1.43000,1.54000,1.37000,1.41000,105800
1546439400,1.42000,1.55000,1.36000,1.54000,66400
1546525800,1.54000,1.54000,1.43000,1.49000,53600
1546612200,1.49000,1.51000,1.44000,1.44000,60200
1546871400,1.44000,1.49000,1.36000,1.36000,90800
1546957800,1.37000,1.42000,1.35000,1.36000,56600
1547044200,1.37000,1.51000,1.37000,1.49000,131700
1547130600,1.49000,1.97000,1.47000,1.87000,484200
1547217000,1.30000,1.58000,1.29000,1.42000,502500
1547476200,1.40000,1.44000,1.25000,1.28000,348300
1547562600,1.28000,1.28000,1.13000,1.21000,429300
1547649000,1.18000,1.25000,1.14000,1.14000,170600
1547735400,1.19000,1.20000,1.03000,1.06000,544000
1547821800,1.07000,1.21000,1.07000,1.13000,323800
1548167400,1.16000,1.21000,1.04000,1.12000,375700
1548253800,1.12000,1.13000,1.08000,1.09000,52300
1548340200,1.10000,1.16000,1.05000,1.07000,324900
1548426600,1.09000,1.14000,1.08000,1.10000,63900
1548685800,1.10000,1.21000,1.10000,1.18000,270900
1548772200,1.19000,1.24000,1.18000,1.23000,131500
1548858600,1.24000,1.24000,1.14000,1.22000,276700
1548945000,1.22000,1.26000,1.19000,1.25000,141300
1549031400,1.26000,1.34000,1.25000,1.30000,135900
1549290600,1.30000,1.34000,1.28000,1.32000,20500
1549377000,1.30000,1.32000,1.28000,1.29000,54300
1549463400,1.29000,1.44000,1.29000,1.40000,140100
1549549800,1.40000,1.42000,1.33000,1.37000,75900
1549636200,1.33000,1.39000,1.29000,1.30000,49400
1549895400,1.30000,1.35000,1.29000,1.29000,11400
1549981800,1.30000,1.35000,1.30000,1.33000,17200
1550068200,1.30000,1.33000,1.30000,1.33000,22900
1550154600,1.39000,1.40000,1.32000,1.33000,41900
1550241000,1.36000,1.40000,1.36000,1.39000,12000
1550586600,1.39000,1.45000,1.38000,1.41000,41000
1550673000,1.42000,1.45000,1.38000,1.38000,42000
1550759400,1.42000,1.44000,1.39000,1.39000,30200
1550845800,1.41000,1.50000,1.41000,1.47000,40100
1551105000,1.47000,1.50000,1.44000,1.44000,25500
1551191400,1.50000,1.50000,1.44000,1.44000,42000
1551277800,1.44000,1.49000,1.44000,1.48000,17700
1551364200,1.47000,1.51000,1.44000,1.46000,43300
1551450600,1.47000,1.47000,1.40000,1.42000,33000
1551709800,1.43000,1.44000,1.40000,1.43000,10700
1551796200,1.43000,1.43000,1.40000,1.41000,22800
1551882600,1.41000,1.41000,1.36000,1.36000,17600
1551969000,1.35000,1.40000,1.33000,1.35000,37200
1552055400,1.33000,1.37000,1.27000,1.30000,14900
1552311000,1.32000,1.40000,1.32000,1.39000,7900
1552397400,1.40000,1.47000,1.40000,1.43000,23400
1552483800,1.44000,1.47000,1.39000,1.41000,26800
1552570200,1.42000,1.49000,1.38000,1.46000,25400
1552656600,1.45000,1.50000,1.40000,1.42000,10600
1552915800,1.44000,1.49000,1.42000,1.45000,25700
1553002200,1.46000,1.47000,1.40000,1.40000,22500
1553088600,1.41000,1.44000,1.36000,1.38000,36500
1553175000,1.38000,1.40000,1.36000,1.36000,35700
1553261400,1.37000,1.41000,1.37000,1.40000,9900
1553520600,1.38000,1.40000,1.36000,1.36000,21400
1553607000,1.36000,1.40000,1.36000,1.38000,41800
1553693400,1.38000,1.40000,1.36000,1.40000,12700
1553779800,1.39000,1.41000,1.39000,1.39000,15600
1553866200,1.40000,1.40000,1.38000,1.38000,10200
1554125400,1.38000,1.41000,1.33000,1.34000,41200
1554211800,1.36000,1.45000,1.36000,1.45000,14400
1554298200,1.46000,1.58000,1.45000,1.54000,69800
1554384600,1.57000,1.58000,1.46000,1.49000,121700
1554471000,1.70000,2.19000,1.63000,1.81000,2937900
1554730200,1.75000,1.79000,1.67000,1.76000,340700
1554816600,1.74000,1.79000,1.73000,1.78000,125500
1554903000,1.78000,1.83000,1.75000,1.82000,98300
1554989400,1.81000,1.83000,1.77000,1.78000,61500
1555075800,1.79000,1.82000,1.71000,1.72000,84700
1555335000,1.72000,1.73000,1.68000,1.69000,38100
1555421400,1.68000,1.74000,1.68000,1.71000,129100
1555507800,1.70000,1.73000,1.68000,1.68000,16000
1555594200,1.68000,1.72000,1.68000,1.68000,15200
1555939800,1.67000,1.72000,1.63000,1.69000,31300
1556026200,1.68000,1.69000,1.65000,1.65000,31900
1556112600,1.66000,1.68000,1.65000,1.65000,12800
1556199000,1.69000,1.69000,1.65000,1.69000,38500
1556285400,1.67000,1.67000,1.61000,1.64000,31100
1556544600,1.66000,1.66000,1.62000,1.62000,29400
1556631000,1.63000,1.69000,1.60000,1.60000,71400
1556717400,1.63000,1.73000,1.60000,1.62000,69000
1556803800,1.67000,1.68000,1.62000,1.63000,23400
1556890200,1.65000,1.68000,1.64000,1.65000,25300
1557149400,1.63000,1.72000,1.63000,1.65000,32100
1557235800,1.64000,1.74000,1.64000,1.70000,188300
1557322200,1.71000,1.74000,1.71000,1.72000,73100
1557408600,1.70000,1.72000,1.65000,1.65000,111500
1557495000,1.66000,1.71000,1.64000,1.68000,87400
1557754200,1.67000,1.67000,1.53000,1.62000,66100
1557840600,1.63000,1.64000,1.58000,1.58000,14800
1557927000,1.59000,1.62000,1.52000,1.56000,34400
1558013400,1.56000,1.60000,1.56000,1.59000,8000
1558099800,1.56000,1.60000,1.55000,1.58000,39600
1558359000,1.57000,1.58000,1.50000,1.55000,16100
1558445400,1.56000,1.65000,1.54000,1.57000,59000
1558531800,1.54000,1.63000,1.51000,1.63000,22400
1558618200,1.60000,1.64000,1.55000,1.63000,31300
1558704600,1.59000,1.70000,1.59000,1.69000,53900
1559050200,1.64000,1.68000,1.62000,1.66000,10700
1559136600,1.64000,1.71000,1.60000,1.71000,89400
1559223000,1.72000,1.76000,1.71000,1.76000,37100
1559309400,1.74000,1.78000,1.73000,1.75000,23800
1559568600,1.78000,1.80000,1.68000,1.75000,21100
1559655000,1.75000,1.87000,1.68000,1.68000,75700
1559741400,1.73000,1.78000,1.68000,1.74000,43300
1559827800,1.71000,1.74000,1.63000,1.65000,74900
1559914200,1.65000,1.74000,1.64000,1.66000,37600
1560173400,1.67000,1.73000,1.64000,1.71000,49200
1560259800,1.67000,1.72000,1.60000,1.72000,6800
1560346200,1.69000,1.70000,1.61000,1.67000,4700
1560432600,1.69000,1.69000,1.65000,1.68000,2000
1560519000,1.64000,1.69000,1.60000,1.61000,32700
1560778200,1.63000,1.63000,1.55000,1.60000,21400
1560864600,1.54000,1.65000,1.54000,1.61000,30200
1560951000,1.65000,1.65000,1.61000,1.61000,5600
1561037400,1.60000,1.64000,1.54000,1.63000,14700
1561123800,1.63000,1.63000,1.56000,1.60000,13800
1561383000,1.59000,1.61000,1.51000,1.58000,24700
1561469400,1.55000,1.58000,1.52000,1.57000,2300
1561555800,1.57000,1.58000,1.50000,1.53000,21700
1561642200,1.52000,1.58000,1.52000,1.58000,5700
1561728600,1.57000,1.65000,1.57000,1.65000,19800
1561987800,1.64000,1.64000,1.60000,1.60000,34300
1562074200,1.61000,1.62000,1.53000,1.54000,18700
1562160600,1.57000,1.58000,1.55000,1.57000,6800
1562333400,1.57000,1.59000,1.57000,1.59000,6800
1562592600,1.60000,1.61000,1.53000,1.53000,31000
1562679000,1.55000,1.55000,1.50000,1.51000,23800
1562765400,1.50000,1.59000,1.50000,1.57000,21300
1562851800,1.55000,1.59000,1.50000,1.56000,21000
1562938200,1.53000,1.58000,1.50000,1.50000,19100
1563197400,1.51000,1.55000,1.45000,1.45000,20400
1563283800,1.47000,1.71000,1.47000,1.64000,50400
1563370200,1.67000,1.71000,1.65000,1.68000,53400
1563456600,1.65000,1.70000,1.62000,1.64000,58800
1563543000,1.75000,1.81000,1.57000,1.59000,324200
1563802200,1.60000,1.60000,1.45000,1.47000,93200
1563888600,1.43000,1.53000,1.41000,1.50000,189800
1563975000,1.47000,1.53000,1.46000,1.49000,93400
1564061400,1.48000,1.51000,1.46000,1.49000,41600
1564147800,1.47000,1.50000,1.46000,1.46000,44600
1564407000,1.47000,1.52000,1.41000,1.41000,67800
1564493400,1.42000,1.45000,1.38000,1.42000,67500
1564579800,1.37000,1.42000,1.31000,1.31000,62600
1564666200,1.38000,1.39000,1.31000,1.31000,80600
1564752600,1.31000,1.32000,1.29000,1.32000,50700
1565011800,1.29000,1.40000,1.29000,1.35000,46800
1565098200,1.41000,1.41000,1.30000,1.32000,12400
1565184600,1.30000,1.37000,1.29000,1.36000,18000
1565271000,1.33000,1.43000,1.32000,1.36000,71100
1565357400,1.37000,1.42000,1.35000,1.37000,13100
1565616600,1.40000,1.40000,1.27000,1.29000,43600
1565703000,1.33000,1.35000,1.32000,1.34000,33800
1565789400,1.30000,1.40000,1.29000,1.31000,19800
1565875800,1.34000,1.40000,1.27000,1.32000,18700
1565962200,1.34000,1.36000,1.31000,1.33000,13000
1566221400,1.34000,1.40000,1.32000,1.40000,24900
1566307800,1.37000,1.40000,1.36000,1.40000,1800
1566394200,1.41000,1.41000,1.35000,1.39000,1900
1566480600,1.38000,1.39000,1.38000,1.39000,1800
1566567000,1.39000,1.39000,1.35000,1.35000,7000
1566826200,1.34000,1.36000,1.31000,1.33000,23400
1566912600,1.32000,1.37000,1.31000,1.33000,27200
1566999000,1.33000,1.36000,1.31000,1.32000,18300
1567085400,1.34000,1.37000,1.32000,1.32000,23200
1567171800,1.36000,1.36000,1.32000,1.34000,20000
1567517400,1.31000,1.38000,1.28000,1.31000,96100
1567603800,1.30000,1.37000,1.30000,1.34000,16800
1567690200,1.35000,1.41000,1.35000,1.40000,31800
1567776600,1.41000,1.44000,1.40000,1.41000,16800
1568035800,1.39000,1.42000,1.36000,1.39000,11900
1568122200,1.40000,1.45000,1.40000,1.45000,87000
1568208600,1.45000,1.45000,1.41000,1.41000,22400
1568295000,1.43000,1.44000,1.41000,1.43000,24000
1568381400,1.43000,1.43000,1.40000,1.41000,23000
1568640600,1.40000,1.44000,1.37000,1.44000,65700
1568727000,1.40000,1.42000,1.36000,1.38000,33600
1568813400,1.38000,1.40000,1.35000,1.36000,9200
1568899800,1.39000,1.39000,1.35000,1.35000,21800
1568986200,1.35000,1.43000,1.35000,1.43000,27000
1569245400,1.42000,1.42000,1.29000,1.36000,36200
1569331800,1.37000,1.39000,1.35000,1.37000,32800
1569418200,1.38000,1.40000,1.35000,1.36000,102100
1569504600,1.38000,1.67000,1.38000,1.67000,547800
1569591000,1.66000,1.70000,1.59000,1.59000,142400
1569850200,1.66000,1.90000,1.66000,1.79000,312500
1569936600,1.87000,1.91000,1.72000,1.75000,163800
1570023000,1.72000,1.77000,1.65000,1.68000,63400
1570109400,1.71000,1.77000,1.59000,1.68000,85600
1570195800,1.61000,1.74000,1.57000,1.65000,206400
1570455000,1.65000,1.85000,1.63000,1.79000,167600
1570541400,1.76000,1.81000,1.65000,1.74000,103700
1570627800,1.72000,1.79000,1.68000,1.74000,33100
1570714200,1.75000,1.78000,1.66000,1.68000,38200
1570800600,1.71000,1.75000,1.64000,1.74000,63700
1571059800,1.73000,1.82000,1.72000,1.77000,117400
1571146200,1.79000,1.94000,1.78000,1.86000,196500
1571232600,1.84000,1.87000,1.83000,1.86000,28500
1571319000,1.85000,1.91000,1.80000,1.84000,69800
1571405400,1.82000,1.86000,1.82000,1.83000,43800
1571664600,1.83000,1.86000,1.75000,1.79000,66200
1571751000,1.81000,1.85000,1.76000,1.77000,27600
1571837400,1.73000,1.78000,1.70000,1.76000,62600
1571923800,1.78000,1.81000,1.75000,1.80000,49800
1572010200,1.82000,1.82000,1.75000,1.80000,7800
1572269400,1.78000,1.78000,1.71000,1.77000,24600
1572355800,1.73000,1.73000,1.61000,1.62000,87800
1572442200,1.64000,1.67000,1.61000,1.65000,40200
1572528600,1.62000,1.74000,1.61000,1.67000,48200
1572615000,1.66000,1.66000,1.62000,1.66000,18000
1572877800,1.65000,1.69000,1.65000,1.66000,39600
1572964200,1.65000,1.70000,1.65000,1.70000,19100
1573050600,1.70000,1.71000,1.63000,1.65000,40700
1573137000,1.62000,1.70000,1.62000,1.70000,14200
1573223400,1.69000,1.70000,1.64000,1.64000,37200
1573482600,1.72000,2.10000,1.72000,1.91000,636400
1573569000,1.96000,2.18000,1.92000,2.06000,233900
1573655400,2.07000,2.30000,2.07000,2.19000,216800
1573741800,2.21000,2.21000,2.11000,2.20000,58300
1573828200,2.21000,2.33000,2.10000,2.23000,88400
1574087400,2.19000,2.27000,2.10000,2.14000,61300
1574173800,2.14000,2.29000,2.07000,2.18000,94200
1574260200,2.19000,2.21000,2.01000,2.04000,101400
1574346600,2.07000,2.09000,1.95000,2.05000,66700
1574433000,2.05000,2.07000,2.02000,2.02000,14700
1574692200,2.03000,2.05000,1.79000,1.90000,323200
1574778600,1.86000,1.96000,1.86000,1.92000,85100
1574865000,1.92000,1.93000,1.82000,1.91000,19400
1575037800,1.89000,1.95000,1.89000,1.89000,25100
1575297000,1.92000,1.94000,1.87000,1.89000,30600
1575383400,1.84000,1.89000,1.76000,1.89000,58400
1575469800,1.89000,1.89000,1.82000,1.87000,362800
1575556200,1.88000,1.97000,1.84000,1.88000,58500
1575642600,1.87000,1.94000,1.87000,1.91000,89500
1575901800,1.91000,2.06000,1.91000,1.98000,99200
1575988200,2.00000,2.08000,1.99000,2.00000,101400
1576074600,2.02000,2.05000,1.96000,2.05000,124200
1576161000,2.05000,2.08000,1.91000,2.00000,176000
1576247400,1.96000,2.03000,1.94000,2.00000,74500
1576506600,2.01000,2.02000,1.94000,1.94000,52600
1576593000,2.00000,2.00000,1.90000,1.91000,50000
1576679400,1.91000,1.97000,1.89000,1.89000,22100
1576765800,1.90000,1.93000,1.90000,1.90000,46200
1576852200,1.92000,1.94000,1.83000,1.84000,54100
1577111400,1.87000,1.91000,1.78000,1.90000,145300
1577197800,1.85000,1.91000,1.83000,1.90000,45600
1577370600,1.90000,2.02000,1.87000,2.02000,67300
1577457000,2.01000,2.03000,1.94000,2.00000,28500
1577716200,1.99000,2.05000,1.98000,1.99000,16100
1577802600,1.99000,2.03000,1.99000,2.00000,54700
1577975400,2.00000,2.13000,2.00000,2.07000,92300
1578061800,2.07000,2.20000,2.03000,2.09000,125200
1578321000,2.02000,2.12000,1.98000,1.98000,146800
1578407400,2.00000,2.17000,1.92000,1.94000,181800
1578493800,1.94000,2.10000,1.93000,2.01000,193400
1578580200,2.00000,2.23000,1.98000,2.14000,462800
1578666600,2.15000,2.15000,1.86000,1.91000,398700
1578925800,1.94000,1.96000,1.83000,1.87000,114000
1579012200,1.86000,1.90000,1.77000,1.86000,134900
1579098600,1.82000,1.91000,1.75000,1.85000,51200
1579185000,1.86000,1.92000,1.84000,1.90000,90000
1579271400,1.92000,2.03000,1.90000,2.00000,103900
1579617000,2.05000,2.30000,2.03000,2.30000,288200
1579703400,2.29000,2.29000,2.13000,2.22000,74400
1579789800,2.13000,2.25000,2.13000,2.24000,52000
1579876200,2.19000,2.29000,2.19000,2.23000,65100
1580135400,2.06000,2.20000,2.05000,2.10000,118000
1580221800,2.07000,2.16000,2.00000,2.15000,31700
1580308200,2.13000,2.15000,2.09000,2.12000,63900
1580394600,2.10000,2.12000,2.09000,2.12000,18300
1580481000,2.11000,2.11000,2.05000,2.05000,54100
1580740200,2.06000,2.11000,2.01000,2.02000,69700
1580826600,2.05000,2.15000,2.05000,2.10000,63700
1580913000,2.14000,2.14000,2.04000,2.04000,54300
1580999400,2.06000,2.09000,2.01000,2.04000,69400
1581085800,2.01000,2.07000,1.99000,2.01000,52700
1581345000,1.97000,2.03000,1.97000,2.01000,40900
1581431400,2.04000,2.26000,2.02000,2.19000,171600
1581517800,2.23000,2.42000,2.18000,2.40000,326700
1581604200,2.39000,2.45000,2.38000,2.43000,158400
1581690600,2.35000,2.44000,2.23000,2.42000,168600
1582036200,2.47000,2.69000,2.47000,2.67000,315800
1582122600,2.72000,2.78000,2.36000,2.41000,216100
1582209000,2.35000,2.39000,2.25000,2.39000,199300
1582295400,2.39000,2.47000,2.24000,2.26000,61200
1582554600,2.17000,2.18000,2.10000,2.17000,135500
1582641000,2.14000,2.27000,2.06000,2.12000,109500
1582727400,2.09000,2.19000,2.06000,2.09000,86500
1582813800,2.06000,2.14000,2.01000,2.12000,74100
1582900200,2.03000,2.11000,2.03000,2.10000,89600
1583159400,2.10000,2.17000,2.10000,2.15000,119300
1583245800,2.24000,2.24000,2.07000,2.11000,95800
1583332200,2.14000,2.14000,2.02000,2.02000,55200
1583418600,2.02000,2.06000,2.00000,2.02000,13700
1583505000,2.02000,2.02000,1.80000,1.80000,162100
1583760600,1.61000,1.79000,1.60000,1.64000,82200
1583847000,1.61000,1.80000,1.61000,1.65000,66100
1583933400,1.67000,1.71000,1.61000,1.65000,68100
1584019800,1.58000,1.83000,1.36000,1.44000,108100
1584106200,1.55000,1.60000,1.38000,1.38000,96100
1584365400,1.41000,1.41000,1.22000,1.22000,58300
1584451800,1.30000,1.30000,1.12000,1.25000,47200
1584538200,1.25000,1.25000,1.14000,1.14000,60400
1584624600,1.11000,1.27000,1.10000,1.27000,94300
1584711000,1.27000,1.33000,1.19000,1.23000,71700
1584970200,1.21000,1.32000,1.16000,1.22000,21800
1585056600,1.30000,1.43000,1.30000,1.43000,81600
1585143000,1.44000,1.58000,1.44000,1.45000,41700
1585229400,1.53000,1.57000,1.46000,1.49000,29700
1585315800,1.46000,1.68000,1.30000,1.57000,90800
1585575000,1.51000,1.76000,1.50000,1.65000,77100
1585661400,1.65000,1.72000,1.58000,1.67000,88100
1585747800,1.59000,1.63000,1.53000,1.59000,60100
1585834200,1.58000,1.77000,1.52000,1.59000,108400
1585920600,1.54000,1.54000,1.25000,1.30000,209900
1586179800,1.32000,1.40000,1.31000,1.33000,65800
1586266200,1.38000,1.38000,1.28000,1.33000,40000
1586352600,1.37000,1.43000,1.31000,1.43000,116800
1586439000,1.42000,1.47000,1.40000,1.45000,58400
1586784600,1.49000,1.49000,1.45000,1.48000,29000
1586871000,1.49000,1.58000,1.48000,1.58000,76000
1586957400,1.51000,1.60000,1.51000,1.57000,46000
1587043800,1.54000,1.62000,1.54000,1.58000,31000
1587130200,1.62000,1.73000,1.62000,1.66000,58900
1587389400,1.67000,1.67000,1.58000,1.65000,20300
1587475800,1.68000,1.68000,1.60000,1.64000,23500
1587562200,1.68000,1.71000,1.64000,1.68000,54700
1587648600,1.72000,1.75000,1.64000,1.73000,8600
1587735000,1.74000,1.75000,1.70000,1.72000,8800
1587994200,1.69000,1.79000,1.65000,1.79000,28000
1588080600,1.79000,1.79000,1.68000,1.75000,30100
1588167000,1.79000,1.79000,1.73000,1.76000,67300
1588253400,1.66000,1.76000,1.66000,1.74000,85200
1588339800,1.52000,1.71000,1.52000,1.68000,48700
1588599000,1.65000,1.65000,1.54000,1.58000,28800
1588685400,1.58000,1.75000,1.58000,1.75000,43000
1588771800,1.76000,1.78000,1.71000,1.76000,70900
1588858200,1.70000,1.73000,1.56000,1.72000,13500
1588944600,1.64000,1.69000,1.57000,1.60000,51900
1589203800,1.61000,1.70000,1.56000,1.56000,23900
1589290200,1.59000,1.63000,1.56000,1.57000,60500
1589376600,1.55000,1.55000,1.40000,1.50000,51000
1589463000,1.49000,1.56000,1.49000,1.56000,12700
1589549400,1.54000,1.54000,1.45000,1.51000,21300
1589808600,1.52000,1.57000,1.50000,1.51000,23800
1589895000,1.65000,1.68000,1.56000,1.56000,85000
1589981400,1.61000,1.64000,1.57000,1.61000,45100
1590067800,1.58000,1.65000,1.55000,1.58000,27500
1590154200,1.58000,1.64000,1.55000,1.64000,47300
1590499800,1.71000,1.71000,1.66000,1.67000,30100
1590586200,1.70000,1.70000,1.62000,1.66000,36700
1590672600,1.65000,1.68000,1.64000,1.64000,35900
1590759000,1.67000,1.68000,1.62000,1.65000,6900
1591018200,1.63000,1.67000,1.63000,1.63000,22300
1591104600,1.67000,1.89000,1.63000,1.89000,190700
1591191000,1.93000,2.06000,1.75000,1.85000,229900
1591277400,1.85000,1.92000,1.80000,1.92000,53500
1591363800,1.86000,1.97000,1.83000,1.93000,99900
1591623000,1.99000,1.99000,1.91000,1.96000,55800
1591709400,1.97000,2.04000,1.89000,2.03000,101400
1591795800,1.98000,2.06000,1.94000,2.03000,56700
1591882200,1.91000,1.93000,1.81000,1.84000,34500
1591968600,1.78000,1.94000,1.67000,1.93000,76600
1592227800,1.92000,2.15000,1.87000,2.12000,94200
1592314200,2.18000,2.24000,2.04000,2.08000,128700
1592400600,2.06000,2.10000,2.02000,2.02000,49700
1592487000,2.03000,2.05000,2.02000,2.03000,37700
1592573400,2.04000,2.05000,1.96000,1.98000,40100
1592832600,2.01000,2.03000,1.97000,1.98000,29900
1592919000,2.01000,2.02000,1.94000,1.95000,14300
1593005400,1.98000,1.98000,1.88000,1.92000,11200
1593091800,1.91000,1.93000,1.87000,1.90000,44600
1593178200,1.96000,1.96000,1.87000,1.96000,47200
1593437400,1.97000,2.15000,1.97000,1.97000,252900
1593523800,1.97000,2.02000,1.90000,1.96000,47900
1593610200,1.95000,2.03000,1.91000,1.94000,30200
1593696600,1.96000,1.97000,1.88000,1.88000,50000
1594042200,1.95000,2.03000,1.87000,1.90000,45800
1594128600,1.90000,1.94000,1.89000,1.92000,32000
1594215000,1.93000,1.96000,1.90000,1.94000,38700
1594301400,1.94000,1.94000,1.89000,1.92000,31300
1594387800,1.95000,1.96000,1.90000,1.95000,33800
1594647000,1.97000,2.02000,1.90000,1.90000,70800
1594733400,1.90000,1.90000,1.85000,1.86000,72300
1594819800,1.87000,2.05000,1.87000,2.05000,107300
1594906200,2.06000,2.49000,2.03000,2.44000,974300
1594992600,2.04000,2.18000,1.88000,2.09000,681700
1595251800,2.06000,2.06000,1.79000,1.91000,236700
1595338200,1.89000,2.13000,1.82000,2.10000,168800
1595424600,2.09000,2.10000,2.01000,2.09000,46800
1595511000,2.06000,2.32000,2.03000,2.19000,206500
1595597400,2.17000,2.24000,2.15000,2.20000,20200
1595856600,2.22000,2.22000,2.10000,2.10000,27000
1595943000,2.09000,2.15000,2.06000,2.07000,34000
1596029400,2.04000,2.12000,2.02000,2.07000,26000
1596115800,2.07000,2.13000,2.04000,2.07000,27700
1596202200,2.06000,2.09000,2.04000,2.05000,26100
1596461400,2.04000,2.07000,1.97000,2.01000,56400
1596547800,2.05000,2.15000,2.01000,2.15000,83700
1596634200,2.20000,2.35000,2.15000,2.27000,221300
1596720600,2.27000,2.29000,2.21000,2.26000,32000
1596807000,2.24000,2.26000,2.12000,2.12000,83200
1597066200,2.10000,2.14000,2.07000,2.12000,42700
1597152600,2.13000,2.15000,2.10000,2.13000,18300
1597239000,2.13000,2.15000,2.06000,2.09000,70400
1597325400,2.10000,2.14000,2.06000,2.11000,38100
1597411800,2.13000,2.13000,2.05000,2.06000,46500
1597671000,2.09000,2.10000,2.03000,2.05000,39400
1597757400,2.06000,2.06000,1.93000,1.94000,95400
1597843800,1.94000,1.97000,1.90000,1.95000,45400
1597930200,1.90000,1.94000,1.90000,1.91000,50900
1598016600,1.91000,1.92000,1.88000,1.90000,70500
1598275800,1.90000,1.91000,1.80000,1.83000,59000
1598362200,1.84000,1.89000,1.83000,1.86000,14000
1598448600,1.88000,1.88000,1.78000,1.79000,35400
1598535000,1.78000,1.88000,1.78000,1.80000,20000
1598621400,1.78000,1.86000,1.76000,1.80000,65000
1598880600,1.80000,1.86000,1.77000,1.78000,45600
1598967000,1.80000,1.84000,1.79000,1.82000,65000
1599053400,1.84000,1.85000,1.82000,1.84000,15300
1599139800,1.85000,1.90000,1.79000,1.88000,31600
1599226200,1.87000,1.88000,1.77000,1.77000,90800
1599571800,1.75000,1.83000,1.75000,1.81000,29400
1599658200,1.84000,1.84000,1.34000,1.38000,972500
1599744600,1.40000,1.45000,1.34000,1.35000,219700
1599831000,1.37000,1.40000,1.31000,1.35000,198800
1600090200,1.35000,1.41000,1.33000,1.39000,182800
1600176600,1.46000,1.47000,1.39000,1.44000,140400
1600263000,1.45000,1.54000,1.41000,1.48000,96800
1600349400,1.43000,1.58000,1.42000,1.51000,105500
1600435800,1.54000,1.58000,1.47000,1.50000,149800
1600695000,1.55000,1.55000,1.47000,1.51000,38600
1600781400,1.53000,1.54000,1.47000,1.51000,27900
1600867800,1.52000,1.52000,1.42000,1.44000,59700
1600954200,1.47000,1.76000,1.38000,1.43000,1237700
1601040600,1.47000,1.68000,1.40000,1.53000,950400
1601299800,1.52000,1.56000,1.39000,1.42000,272600
1601386200,1.46000,1.50000,1.39000,1.40000,77600
1601472600,1.41000,1.44000,1.39000,1.39000,109900
1601559000,1.39000,1.40000,1.38000,1.40000,58800
1601645400,1.35000,1.39000,1.32000,1.36000,207000
1601904600,1.37000,1.39000,1.32000,1.32000,92500
1601991000,1.33000,1.40000,1.33000,1.34000,155300
1602077400,1.32000,1.44000,1.32000,1.42000,221700
1602163800,1.42000,1.43000,1.34000,1.41000,324800
1602250200,1.39000,1.48000,1.39000,1.46000,110900
1602509400,1.46000,1.47000,1.37000,1.43000,188800
1602595800,1.39000,1.48000,1.39000,1.41000,291700
1602682200,1.44000,1.45000,1.40000,1.44000,77300
1602768600,1.40000,1.44000,1.39000,1.44000,31800
1602855000,1.44000,1.50000,1.42000,1.45000,78800
1603114200,1.44000,1.52000,1.35000,1.36000,106400
1603200600,1.38000,1.38000,1.33000,1.34000,91100
1603287000,1.35000,1.35000,1.30000,1.32000,87300
1603373400,1.32000,1.33000,1.30000,1.31000,52100
1603459800,1.31000,1.34000,1.30000,1.31000,42900
1603719000,1.30000,1.33000,1.22000,1.22000,98900
1603805400,1.21000,1.25000,1.20000,1.20000,164800
1603891800,1.17000,1.19000,1.17000,1.18000,102000
1603978200,1.18000,1.20000,1.16000,1.18000,160200
1604064600,1.18000,1.23000,1.15000,1.22000,141300
1604327400,1.25000,1.25000,1.18000,1.21000,97500
1604413800,1.22000,1.25000,1.19000,1.21000,57900
1604500200,1.22000,1.23000,1.16000,1.18000,81200
1604586600,1.28000,1.28000,1.20000,1.22000,122400
1604673000,1.22000,1.29000,1.21000,1.27000,94200
1604932200,1.30000,1.38000,1.28000,1.38000,129400
1605018600,1.37000,1.46000,1.30000,1.39000,388200
1605105000,1.43000,1.53000,1.42000,1.44000,269700
1605191400,1.45000,1.49000,1.37000,1.45000,174300
1605277800,1.50000,1.57000,1.49000,1.56000,142800
1605537000,1.61000,1.61000,1.54000,1.54000,63400
1605623400,1.56000,1.56000,1.51000,1.54000,44600
1605709800,1.54000,1.64000,1.51000,1.60000,72100
1605796200,1.60000,1.75000,1.58000,1.64000,159900
1605882600,1.61000,1.66000,1.53000,1.54000,107500
1606141800,1.55000,1.76000,1.55000,1.71000,400200
1606228200,1.78000,1.78000,1.63000,1.69000,218700
1606314600,1.68000,1.72000,1.62000,1.67000,53400
1606487400,1.67000,1.71000,1.67000,1.71000,47700
1606746600,1.70000,1.70000,1.64000,1.65000,92500
1606833000,1.65000,1.69000,1.58000,1.66000,93400
1606919400,1.65000,1.67000,1.56000,1.62000,94600
1607005800,1.85000,2.39000,1.85000,2.06000,9391600
1607092200,2.00000,2.25000,1.99000,2.11000,1264400
1607351400,2.14000,2.15000,2.00000,2.07000,411400
1607437800,2.06000,2.15000,2.01000,2.12000,311600
1607524200,2.18000,2.29000,2.03000,2.13000,430500
1607610600,2.13000,2.18000,2.10000,2.14000,138200
1607697000,2.11000,2.13000,2.02000,2.05000,228100
1607956200,2.05000,2.08000,2.02000,2.05000,224800
1608042600,2.06000,2.10000,2.04000,2.08000,69100
1608129000,2.10000,2.18000,2.10000,2.16000,178900
1608215400,2.19000,2.22000,2.14000,2.21000,89700
1608301800,2.21000,2.22000,2.18000,2.20000,104800
1608561000,2.15000,2.20000,2.12000,2.17000,96600
1608647400,2.19000,2.30000,2.17000,2.29000,179600
1608733800,2.29000,2.55000,2.29000,2.48000,323800
1608820200,2.41000,2.50000,2.37000,2.47000,156100
1609165800,2.52000,2.58000,2.44000,2.46000,134500
1609252200,2.45000,2.53000,2.32000,2.39000,109700
1609338600,2.36000,2.45000,2.33000,2.34000,133100
1609425000,2.32000,2.60000,2.32000,2.53000,318600
1609770600,2.50000,2.59000,2.40000,2.42000,236400
1609857000,2.38000,2.51000,2.38000,2.40000,198000
1609943400,2.46000,2.53000,2.40000,2.47000,177700
1610029800,2.54000,2.57000,2.47000,2.55000,417500
1610116200,2.28000,2.31000,1.99000,2.11000,1071300
1610375400,2.07000,2.22000,2.06000,2.12000,332500
1610461800,2.12000,2.16000,2.08000,2.11000,147000
1610548200,2.11000,2.36000,2.11000,2.25000,740500
1610634600,2.28000,2.32000,2.14000,2.15000,308600
1610721000,2.19000,2.20000,2.07000,2.14000,213100
1611066600,2.15000,2.31000,2.14000,2.25000,277300
1611153000,2.24000,2.36000,2.22000,2.33000,191300
1611239400,2.35000,2.45000,2.31000,2.44000,158000
1611325800,2.42000,2.44000,2.33000,2.40000,67800
1611585000,2.40000,2.41000,2.24000,2.30000,189800
1611671400,2.29000,2.85000,2.25000,2.80000,1805700
1611757800,2.73000,2.73000,2.48000,2.50000,376700
1611844200,2.55000,2.55000,2.41000,2.44000,236600
1611930600,2.42000,2.46000,2.24000,2.29000,232100
1612189800,2.30000,2.41000,2.21000,2.40000,316500
1612276200,2.41000,2.45000,2.31000,2.37000,134300
1612362600,2.40000,2.42000,2.36000,2.40000,42400
1612449000,2.41000,2.65000,2.38000,2.61000,938800
1612535400,2.62000,2.66000,2.51000,2.55000,181200
1612794600,2.57000,2.57000,2.46000,2.55000,189400
1612881000,2.55000,2.62000,2.52000,2.58000,145000
1612967400,2.70000,3.13000,2.55000,2.94000,1633700
1613053800,2.94000,3.39000,2.77000,3.20000,1692600
1613140200,3.13000,3.22000,2.96000,3.13000,483500
1613485800,3.25000,3.45000,3.21000,3.26000,610100
1613572200,3.19000,3.27000,3.02000,3.09000,404800
1613658600,3.08000,3.60000,2.93000,3.37000,2974800
1613745000,3.31000,3.34000,2.99000,3.02000,742500
1614004200,3.20000,3.49000,3.06000,3.09000,2106900
1614090600,3.22000,3.22000,2.62000,3.00000,1480300
1614177000,3.00000,3.40000,2.99000,3.20000,1801000
1614263400,3.17000,3.40000,2.86000,2.90000,798600
1614349800,2.90000,2.93000,2.71000,2.80000,299200
1614609000,3.01000,3.17000,2.92000,3.09000,814600
1614695400,3.10000,3.10000,2.86000,2.92000,245100
1614781800,2.91000,2.91000,2.75000,2.81000,230300
1614868200,2.74000,2.79000,2.29000,2.35000,902100
1614954600,2.31000,2.46000,2.21000,2.45000,391800
1615213800,2.46000,2.50000,2.28000,2.34000,208300
1615300200,2.40000,2.55000,2.40000,2.44000,201300
1615386600,2.50000,2.59000,2.42000,2.45000,167700
1615473000,2.48000,2.60000,2.46000,2.55000,125300
1615559400,2.56000,2.59000,2.49000,2.56000,119000
1615815000,2.62000,2.69000,2.58000,2.65000,146400
1615901400,2.72000,2.72000,2.57000,2.57000,179400
1615987800,2.51000,2.78000,2.47000,2.75000,229600
1616074200,2.82000,2.88000,2.53000,2.57000,199600
1616160600,2.52000,2.70000,2.51000,2.63000,277500
1616419800,2.64000,2.68000,2.52000,2.59000,80300
1616506200,2.58000,2.60000,2.41000,2.46000,129400
1616592600,2.53000,2.53000,2.34000,2.34000,114900
1616679000,2.30000,2.38000,2.22000,2.37000,133400
1616765400,2.38000,2.45000,2.34000,2.42000,49600
1617024600,2.34000,2.42000,2.32000,2.33000,86000
1617111000,2.32000,2.39000,2.31000,2.38000,57200
1617197400,2.39000,2.56000,2.33000,2.52000,314300
1617283800,2.55000,2.60000,2.50000,2.57000,126300
1617629400,2.63000,2.68000,2.58000,2.62000,149500
1617715800,2.64000,2.70000,2.54000,2.60000,176700
1617802200,2.57000,2.60000,2.46000,2.47000,143000
1617888600,2.53000,2.67000,2.46000,2.66000,587500
1617975000,2.39000,2.58000,2.38000,2.39000,265600
1618234200,2.38000,2.65000,2.27000,2.33000,708700
1618320600,2.33000,2.48000,2.25000,2.28000,401400
1618407000,2.23000,2.31000,2.22000,2.26000,135400
1618493400,2.27000,2.27000,2.14000,2.16000,173300
1618579800,2.15000,2.23000,2.06000,2.18000,132500
1618839000,2.17000,2.25000,2.10000,2.12000,75100
1618925400,2.09000,2.14000,2.03000,2.08000,77200
1619011800,2.05000,2.20000,2.04000,2.19000,129300
1619098200,2.20000,2.25000,2.18000,2.19000,83200
1619184600,2.22000,2.35000,2.22000,2.33000,56500
1619443800,2.33000,2.38000,2.31000,2.35000,80400
1619530200,2.38000,2.47000,2.30000,2.39000,207100
1619616600,2.36000,2.48000,2.31000,2.44000,106100
1619703000,2.44000,2.45000,2.30000,2.31000,74600
1619789400,2.29000,2.36000,2.24000,2.26000,63500
1620048600,2.27000,2.29000,2.16000,2.20000,100800
1620135000,2.18000,2.43000,2.11000,2.39000,708200
1620221400,2.32000,2.36000,2.20000,2.20000,187900
1620307800,2.17000,2.55000,2.17000,2.25000,1237400
1620394200,2.29000,2.33000,2.22000,2.29000,123100
1620653400,2.29000,2.47000,2.20000,2.25000,597600
1620739800,2.20000,2.24000,2.12000,2.17000,157200
1620826200,2.16000,2.17000,2.03000,2.03000,178700
1620912600,2.07000,2.13000,1.94000,1.97000,161500
1620999000,1.97000,2.20000,1.97000,2.10000,371000
1621258200,2.09000,2.14000,2.03000,2.10000,77800
1621344600,2.13000,2.18000,2.09000,2.13000,107700
1621431000,2.07000,2.49000,2.07000,2.42000,2782100
1621517400,2.53000,2.62000,2.26000,2.30000,3085200
1621603800,2.27000,2.29000,2.10000,2.16000,431800
1621863000,2.19000,2.23000,2.12000,2.14000,198200
1621949400,2.17000,2.33000,2.08000,2.09000,680600
1622035800,2.11000,2.18000,2.09000,2.14000,123700
1622122200,2.16000,2.24000,2.12000,2.12000,223900
1622208600,2.17000,2.35000,2.17000,2.25000,1036800
1622554200,2.35000,2.63000,2.25000,2.51000,1294200
1622640600,2.60000,2.73000,2.60000,2.66000,503300
1622727000,2.63000,2.85000,2.52000,2.65000,813000
1622813400,2.63000,2.83000,2.63000,2.73000,732200
1623072600,2.71000,2.83000,2.68000,2.74000,415600
1623159000,2.74000,2.82000,2.71000,2.72000,438800
1623245400,2.72000,2.77000,2.63000,2.65000,87700
1623331800,2.62000,2.72000,2.57000,2.63000,144200
1623418200,2.65000,2.73000,2.62000,2.68000,147100
1623677400,2.65000,2.74000,2.65000,2.71000,180400
1623763800,2.71000,2.71000,2.57000,2.64000,226700
1623850200,2.61000,2.64000,2.54000,2.57000,265000
1623936600,2.59000,2.66000,2.53000,2.54000,207300
1624023000,2.51000,2.56000,2.41000,2.44000,246100
1624282200,2.44000,2.51000,2.36000,2.47000,49700
1624368600,2.45000,2.54000,2.40000,2.51000,128100
1624455000,2.50000,2.67000,2.50000,2.58000,256200
1624541400,2.59000,2.68000,2.57000,2.67000,121800
1624627800,2.68000,2.69000,2.58000,2.59000,232500
1624887000,2.56000,2.68000,2.54000,2.66000,139900
1624973400,2.70000,2.80000,2.67000,2.73000,311600
1625059800,2.74000,2.80000,2.67000,2.76000,86400
1625146200,2.78000,2.79000,2.70000,2.72000,104100
1625232600,2.72000,2.76000,2.67000,2.74000,60200
1625578200,2.78000,2.78000,2.33000,2.50000,470600
1625664600,2.48000,2.51000,2.42000,2.43000,247500
1625751000,2.41000,2.45000,2.33000,2.37000,279800
1625837400,2.49000,2.80000,2.49000,2.72000,590200
1626096600,2.72000,3.00000,2.68000,3.00000,1091500
1626183000,3.03000,3.09000,2.86000,2.93000,350400
1626269400,2.89000,2.91000,2.77000,2.83000,265000
1626355800,2.84000,2.93000,2.75000,2.81000,2530500
1626442200,3.17000,3.80000,3.08000,3.40000,78224400
1626701400,4.93000,6.75000,4.23000,6.39000,139700300
1626787800,7.12000,7.15000,5.40000,5.84000,32760800
1626874200,5.44000,8.60000,5.24000,8.03000,32807300
1626960600,7.44000,8.24000,6.03000,6.20000,15762900
1627047000,6.12000,6.58000,5.57000,6.10000,5651800
1627306200,5.80000,6.00000,5.28000,5.34000,2085400
1627392600,5.32000,5.80000,5.03000,5.58000,2603900
1627479000,5.45000,6.10000,5.36000,5.87000,2177500
1627565400,5.86000,5.99000,5.43000,5.55000,1242200
1627651800,5.42000,5.74000,5.30000,5.62000,1358400
1627911000,5.63000,6.21000,5.61000,5.73000,2396100
1627997400,5.74000,5.85000,5.43000,5.67000,856100
1628083800,5.50000,5.78000,5.34000,5.45000,1206500
1628170200,5.44000,5.97000,5.35000,5.67000,908300
1628256600,5.66000,5.95000,5.50000,5.85000,786100
1628515800,5.77000,6.75000,5.70000,6.49000,3636700
1628602200,6.50000,6.72000,6.02000,6.11000,1163000
1628688600,6.19000,6.21000,5.75000,6.05000,844600
1628775000,6.01000,6.01000,5.71000,5.77000,698800
1628861400,5.68000,5.83000,5.45000,5.67000,479100
1629120600,5.57000,5.61000,5.23000,5.23000,654500
1629207000,5.21000,5.45000,5.08000,5.30000,524400
1629293400,5.25000,5.60000,5.25000,5.46000,380500
1629379800,5.39000,5.58000,5.35000,5.49000,360000
1629466200,5.53000,5.72000,5.42000,5.57000,250500
1629725400,5.58000,5.93000,5.49000,5.83000,670200
1629811800,6.11000,6.48000,5.82000,5.96000,2635400
1629898200,6.09000,6.35000,5.88000,6.21000,704000
1629984600,6.75000,7.43000,6.50000,7.11000,4518300
1630071000,7.25000,7.77000,7.01000,7.52000,2026300
1630330200,7.51000,7.52000,6.85000,6.91000,1017300
1630416600,7.20000,8.36000,7.10000,7.46000,4825600
1630503000,7.46000,7.49000,6.83000,7.05000,1265700
1630589400,7.09000,7.68000,7.01000,7.53000,631400
1630675800,7.69000,9.11000,7.62000,8.39000,8243800
1631021400,8.97000,9.99000,8.72000,9.21000,21555900
1631107800,9.18000,9.23000,8.20000,8.92000,2776000
1631194200,8.88000,10.98000,8.83000,10.70000,5889000
1631280600,10.71000,11.04000,9.83000,10.11000,2900000
1631539800,10.32000,12.41000,10.13000,11.66000,6690900
1631626200,11.94000,11.94000,10.74000,11.06000,2146700
1631712600,11.01000,11.21000,10.38000,10.81000,1434700
1631799000,10.83000,11.59000,10.48000,11.30000,1483400
1631885400,11.35000,11.53000,10.64000,11.11000,1491600
1632144600,10.23000,11.20000,10.11000,10.71000,1464600
1632231000,10.74000,11.43000,10.36000,11.15000,1374900
1632317400,11.23000,12.55000,11.11000,11.90000,2488000
1632403800,12.12000,12.23000,11.43000,11.78000,3989400
1632490200,14.00000,16.75000,13.54000,15.82000,65110300
1632749400,15.90000,16.50000,14.77000,15.09000,9126100
1632835800,14.33000,14.79000,13.50000,14.44000,3868400
1632922200,14.94000,14.95000,13.57000,13.84000,1903800
1633008600,13.88000,14.63000,13.54000,13.65000,2454700
1633095000,13.65000,13.68000,12.34000,12.60000,2383100
1633354200,12.23000,13.61000,11.88000,13.08000,2618400
1633440600,13.00000,13.87000,12.66000,13.72000,1770900
1633527000,13.42000,14.38000,13.35000,13.61000,2201700
1633613400,14.00000,16.71000,13.92000,16.66000,7016200
1633699800,17.59000,19.94000,17.53000,19.44000,18748200
1633959000,19.00000,20.33000,18.22000,19.86000,6600200
1634045400,19.72000,20.30000,18.67000,19.26000,3681500
1634131800,19.32000,21.36000,18.71000,20.46000,5933300
1634218200,20.77000,21.33000,19.62000,20.69000,3628400
1634304600,20.80000,21.64000,20.23000,21.15000,2739800
1634563800,21.15000,22.35000,20.90000,21.96000,2381800
1634650200,22.10000,22.65000,19.33000,19.85000,4368200
1634736600,19.37000,20.48000,18.71000,20.18000,2485700
1634823000,19.70000,22.12000,19.70000,21.85000,2499800
1634909400,21.30000,21.60000,19.20000,20.18000,2308700
1635168600,19.84000,21.92000,19.71000,21.27000,1308400
1635255000,21.39000,23.17000,20.05000,20.05000,3981800
1635341400,20.76000,21.00000,18.84000,19.39000,2561100
1635427800,20.28000,22.48000,19.85000,22.07000,2623900
1635514200,21.65000,23.44000,21.63000,22.62000,2503000
1635773400,23.10000,23.74000,21.91000,22.56000,2086700
1635859800,22.45000,23.71000,20.58000,23.47000,2020100
1635946200,24.31000,25.20000,23.01000,24.89000,3800800
1636032600,25.03000,26.70000,24.30000,25.66000,3167600
1636119000,26.30000,27.09000,25.27000,25.72000,1737600
1636381800,25.87000,26.44000,22.22000,23.66000,3032400
1636468200,23.51000,25.08000,22.76000,24.47000,1387900
1636554600,23.43000,24.70000,22.01000,22.68000,1744300
1636641000,23.16000,24.25000,22.89000,22.98000,927200
1636727400,23.10000,25.62000,23.01000,24.79000,1925600
1636986600,25.12000,26.15000,24.13000,25.10000,1327000
1637073000,24.55000,24.86000,23.56000,24.57000,1421500
1637159400,24.15000,24.44000,22.36000,23.25000,1549800
1637245800,23.52000,23.54000,19.12000,19.61000,3621100
1637332200,18.84000,20.93000,18.81000,19.56000,2022500
1637591400,19.41000,19.49000,16.25000,18.02000,3335000
1637677800,17.58000,19.16000,17.05000,17.65000,1305400
1637764200,17.55000,18.55000,17.27000,17.91000,1044200
1637937000,17.09000,17.95000,17.01000,17.08000,653800
1638196200,17.51000,18.51000,17.25000,18.31000,912600
1638282600,18.13000,18.59000,16.50000,17.42000,1536900
1638369000,17.44000,17.89000,15.35000,15.38000,1391200
1638455400,15.32000,16.21000,15.06000,15.61000,693600
1638541800,15.67000,15.90000,14.72000,15.42000,1079100
1638801000,15.17000,15.37000,14.05000,14.89000,1150400
1638887400,15.57000,16.42000,15.48000,15.90000,1090600
1638973800,16.30000,16.90000,15.51000,16.17000,817400
1639060200,16.94000,17.63000,15.44000,15.65000,1373400
1639146600,16.00000,16.46000,15.06000,15.43000,631500
1639405800,15.62000,15.84000,14.31000,14.95000,951500
1639492200,14.52000,15.26000,14.33000,15.05000,692800
1639578600,15.05000,16.47000,14.57000,16.38000,852000
1639665000,16.98000,17.07000,15.10000,15.26000,1091900
1639751400,15.05000,16.29000,14.64000,15.62000,1060900
1640010600,15.25000,16.00000,15.19000,15.38000,582100
1640097000,16.02000,18.37000,16.00000,18.12000,3426300
1640183400,18.45000,19.30000,17.40000,19.07000,1969800
1640269800,19.08000,21.41000,18.97000,20.47000,2180500
1640615400,20.63000,23.24000,20.50000,23.11000,2065900
1640701800,22.80000,22.86000,20.75000,22.16000,1584200
1640788200,21.97000,23.43000,21.95000,23.43000,1372300
1640874600,23.58000,24.37000,22.59000,23.38000,1688200
1640961000,23.51000,24.65000,23.41000,24.18000,927200
1641220200,24.66000,24.70000,22.13000,23.39000,1675400
1641306600,23.48000,24.48000,21.23000,22.06000,1989100
1641393000,21.70000,22.48000,19.69000,20.35000,1691100
1641479400,20.50000,20.95000,19.00000,20.48000,1646900
1641565800,20.09000,20.09000,16.05000,16.09000,4295100
1641825000,14.79000,15.44000,13.93000,14.82000,3357900
1641911400,14.86000,15.52000,14.51000,15.17000,1389700
1641997800,15.24000,15.48000,14.46000,14.79000,1282200
1642084200,15.00000,15.49000,13.54000,13.67000,1591000
1642170600,13.48000,14.19000,13.23000,13.38000,1298100
1642516200,13.03000,13.50000,12.60000,12.67000,1226200
1642602600,12.83000,13.00000,11.61000,11.70000,1603600
1642689000,12.00000,12.68000,11.60000,11.64000,1244100
1642775400,11.35000,11.84000,10.81000,11.15000,1217400
1643034600,10.65000,11.89000,10.20000,11.83000,1627200
1643121000,11.22000,11.98000,11.03000,11.55000,1137400
1643207400,12.11000,12.91000,11.78000,11.96000,1266200
1643293800,12.00000,12.15000,10.84000,11.05000,1131500
1643380200,11.03000,11.53000,10.54000,11.38000,617800
1643639400,11.48000,12.86000,11.48000,12.75000,845700
1643725800,12.90000,13.27000,12.34000,13.14000,721700
1643812200,13.50000,13.68000,12.03000,12.58000,900500
1643898600,12.14000,12.55000,11.65000,11.77000,573200
1643985000,11.70000,12.34000,11.38000,12.12000,545400
1644244200,12.11000,12.64000,11.91000,12.19000,597300
1644330600,12.17000,13.49000,12.14000,13.34000,715200
1644417000,13.60000,14.80000,13.58000,14.71000,1024300
1644503400,14.08000,15.31000,13.80000,14.29000,1047600
1644589800,14.09000,14.69000,12.92000,13.14000,1018200
1644849000,12.96000,13.85000,12.86000,13.06000,522300
1644935400,13.58000,14.58000,13.55000,14.48000,867300
1645021800,13.90000,14.60000,13.68000,14.45000,558500
1645108200,14.20000,14.40000,13.57000,13.64000,500200
1645194600,13.64000,13.64000,12.41000,12.58000,716800
1645540200,12.09000,12.57000,11.74000,12.02000,707500
1645626600,12.33000,12.74000,11.63000,11.73000,600000
1645713000,10.91000,12.63000,10.78000,12.61000,693500
1645799400,12.68000,12.99000,12.16000,12.85000,524600
1646058600,12.61000,13.63000,12.53000,13.60000,700400
1646145000,13.43000,13.72000,12.93000,13.15000,546400
1646231400,13.41000,13.83000,13.03000,13.63000,599200
1646317800,13.65000,13.94000,12.72000,13.04000,386700
1646404200,12.90000,13.03000,11.72000,11.84000,749200
1646663400,11.92000,12.34000,11.02000,11.07000,675300
1646749800,11.08000,11.41000,10.40000,10.81000,1268700
1646836200,11.37000,11.76000,11.36000,11.46000,822800
1646922600,11.12000,11.23000,10.75000,10.93000,549000
1647009000,11.14000,11.40000,10.46000,10.48000,485300
1647264600,10.36000,10.40000,8.95000,9.06000,1295100
1647351000,9.06000,9.47000,9.00000,9.34000,811100
1647437400,9.63000,10.72000,9.57000,10.38000,951100
1647523800,10.17000,10.92000,10.01000,10.77000,436500
1647610200,10.57000,11.06000,10.48000,10.88000,516000
1647869400,10.91000,11.13000,10.07000,10.22000,498800
1647955800,10.39000,11.40000,10.38000,10.92000,1049700
1648042200,10.70000,11.18000,10.45000,10.75000,705700
1648128600,10.83000,11.10000,10.46000,11.02000,586800
1648215000,10.96000,10.96000,10.31000,10.56000,500300
1648474200,10.61000,10.69000,10.15000,10.38000,430000
1648560600,10.79000,11.20000,10.48000,11.07000,867700
1648647000,10.94000,11.12000,10.51000,10.53000,503400
1648733400,10.59000,10.94000,10.03000,10.16000,922200
1648819800,10.70000,10.79000,9.75000,9.92000,1140700
1649079000,10.00000,10.75000,9.96000,10.64000,788800
1649165400,10.57000,10.60000,9.77000,9.81000,675800
1649251800,9.51000,9.78000,9.23000,9.45000,673300
1649338200,9.40000,9.74000,9.17000,9.45000,456800
1649424600,9.35000,9.88000,8.98000,9.26000,1241600
1649683800,9.05000,9.25000,8.70000,8.91000,672700
1649770200,9.16000,9.58000,8.86000,9.08000,735800
1649856600,9.16000,9.54000,9.12000,9.41000,514100
1649943000,9.41000,9.42000,8.92000,8.99000,404200
1650288600,8.88000,9.09000,8.70000,8.86000,442900
1650375000,8.84000,9.23000,8.70000,9.07000,469200
1650461400,9.20000,9.26000,8.80000,8.90000,447000
1650547800,9.08000,9.49000,8.01000,8.10000,839800
1650634200,8.08000,8.50000,7.85000,7.89000,582800
1650893400,7.76000,8.20000,7.71000,8.00000,534300
1650979800,7.90000,7.90000,7.48000,7.52000,559300
1651066200,7.48000,7.84000,7.48000,7.61000,466600
1651152600,7.79000,8.19000,7.50000,8.06000,411700
1651239000,7.97000,8.42000,7.68000,7.68000,467500
1651498200,7.71000,8.16000,7.57000,8.15000,352000
1651584600,8.20000,8.45000,7.91000,8.35000,495300
1651671000,8.39000,8.98000,8.10000,8.97000,444500
1651757400,8.68000,8.71000,8.01000,8.24000,357300
1651843800,8.11000,8.21000,7.59000,7.74000,448400
1652103000,7.47000,7.64000,6.91000,7.03000,814600
1652189400,7.34000,7.51000,6.91000,7.30000,431000
1652275800,7.15000,7.54000,6.86000,7.07000,524100
1652362200,7.00000,7.53000,6.86000,7.42000,421800
1652448600,7.60000,8.14000,7.60000,8.03000,413200
1652707800,7.90000,8.15000,7.74000,7.78000,267200
1652794200,8.11000,8.48000,8.03000,8.40000,343100
1652880600,8.11000,8.35000,7.96000,8.11000,386800
1652967000,7.99000,8.34000,7.99000,8.16000,331300
1653053400,8.34000,8.45000,7.42000,7.85000,340800
1653312600,7.93000,8.04000,7.68000,7.85000,225100
1653399000,7.66000,7.66000,7.00000,7.04000,431800
1653485400,7.14000,7.50000,7.01000,7.37000,316400
1653571800,7.37000,8.02000,7.34000,7.80000,298900
1653658200,7.97000,8.57000,7.97000,8.52000,374200
1654003800,8.46000,8.52000,8.07000,8.38000,511300
1654090200,8.54000,8.96000,8.40000,8.74000,423600
1654176600,8.67000,9.57000,8.67000,9.55000,448200
1654263000,9.27000,9.39000,8.85000,9.33000,310300
1654522200,9.76000,9.85000,9.14000,9.21000,343600
1654608600,9.00000,9.38000,8.96000,9.28000,277700
1654695000,9.26000,9.38000,8.87000,9.04000,231500
1654781400,8.89000,9.12000,8.63000,8.65000,221100
1654867800,8.43000,8.57000,8.08000,8.38000,313300
1655127000,7.89000,8.03000,7.53000,7.59000,342000
1655213400,7.68000,7.81000,7.56000,7.73000,182300
1655299800,7.92000,8.37000,7.81000,8.08000,209200
1655386200,7.61000,7.79000,7.25000,7.40000,260700
1655472600,7.53000,7.79000,7.42000,7.67000,236300
1655818200,7.91000,8.16000,7.76000,7.93000,218800
1655904600,7.81000,7.98000,7.63000,7.67000,186300
1655991000,7.70000,7.80000,7.43000,7.68000,233300
1656077400,7.80000,8.28000,7.80000,8.08000,260400
1656336600,8.18000,8.24000,7.88000,7.96000,186600
1656423000,8.00000,8.06000,7.66000,7.82000,230900
1656509400,7.64000,7.65000,7.39000,7.61000,216100
1656595800,7.41000,7.70000,7.35000,7.50000,207300
1656682200,7.38000,7.44000,6.79000,6.94000,434900
1657027800,6.83000,7.19000,6.71000,7.17000,246800
1657114200,7.19000,7.21000,6.96000,6.98000,218100
1657200600,7.13000,7.65000,7.13000,7.46000,348800
1657287000,7.39000,7.77000,7.27000,7.54000,295200
1657546200,7.50000,7.68000,7.21000,7.34000,455100
1657632600,7.36000,7.47000,7.00000,7.39000,421900
1657719000,7.21000,8.32000,7.11000,7.99000,587700
1657805400,8.00000,8.15000,7.58000,8.00000,367800
1657891800,8.10000,8.26000,7.78000,8.19000,292800
1658151000,8.25000,8.82000,8.25000,8.34000,386600
1658237400,8.58000,9.38000,8.53000,9.20000,979000
1658323800,9.58000,11.96000,9.23000,11.84000,4154900
1658410200,11.95000,13.00000,11.40000,12.14000,2755100
1658496600,12.16000,12.16000,11.11000,11.47000,1036700
1658755800,11.35000,11.55000,10.51000,10.76000,926400
1658842200,10.73000,10.73000,10.03000,10.17000,577100
1658928600,10.20000,11.53000,10.20000,11.12000,1118200
1659015000,11.23000,11.64000,10.54000,11.38000,782800
1659101400,11.27000,11.53000,11.01000,11.41000,539000
1659360600,11.38000,13.27000,11.23000,12.37000,2509000
1659447000,12.19000,13.75000,12.01000,13.59000,1698000
1659533400,13.85000,14.69000,13.37000,14.17000,2007800
1659619800,14.17000,14.89000,13.60000,14.88000,1282600
1659706200,14.31000,15.48000,14.28000,14.93000,1283300
1659965400,15.38000,15.88000,14.67000,14.94000,1126600
1660051800,16.12000,16.78000,15.07000,16.61000,2482400
1660138200,17.00000,18.29000,16.48000,18.02000,1654900
1660224600,17.70000,18.12000,15.90000,16.43000,1804900
1660311000,16.91000,18.26000,16.51000,17.76000,1080500
1660570200,17.68000,18.77000,17.44000,18.50000,1139600
1660656600,18.51000,18.77000,16.61000,17.25000,1308200
1660743000,17.26000,17.36000,16.30000,16.87000,861000
1660829400,16.90000,18.37000,16.90000,17.39000,1551800
1660915800,16.86000,17.26000,16.47000,16.92000,972500
1661175000,16.30000,18.03000,16.05000,17.55000,1593200
1661261400,17.86000,18.63000,17.23000,18.22000,1936500
1661347800,18.24000,19.43000,16.52000,16.65000,2672700
1661434200,16.76000,18.40000,16.32000,18.12000,1834400
1661520600,18.08000,18.45000,16.71000,16.78000,1523100
1661779800,16.11000,16.73000,15.51000,15.61000,1699500
1661866200,15.85000,15.87000,14.10000,14.58000,1773400
1661952600,14.79000,14.79000,14.10000,14.54000,898200
1662039000,14.00000,14.38000,13.08000,13.52000,1255900
1662125400,13.86000,14.05000,13.29000,13.48000,974300
1662471000,13.55000,13.61000,13.03000,13.13000,529400
1662557400,13.00000,14.18000,13.00000,14.00000,1130500
1662643800,13.70000,14.28000,13.42000,14.22000,1005000
1662730200,14.58000,15.10000,14.45000,14.51000,783700
1662989400,14.69000,14.73000,13.52000,14.09000,888400
1663075800,14.10000,16.87000,14.00000,15.99000,3911700
1663162200,16.06000,16.72000,15.41000,16.54000,1248600
1663248600,16.29000,17.70000,16.14000,16.91000,1612200
1663335000,16.37000,16.47000,15.42000,15.55000,1006400
1663594200,15.32000,15.51000,14.59000,14.87000,759500
1663680600,14.70000,15.83000,14.66000,15.29000,850100
1663767000,15.22000,16.57000,14.84000,15.36000,1223800
1663853400,15.66000,15.77000,14.82000,15.41000,1163100
1663939800,14.95000,15.09000,13.40000,13.83000,1401300
1664199000,13.57000,14.70000,13.08000,13.11000,1103100
1664285400,13.53000,13.90000,13.13000,13.65000,811500
1664371800,13.58000,14.33000,13.41000,14.17000,606700
1664458200,13.96000,14.20000,13.38000,14.20000,514500
1664544600,13.87000,14.73000,13.61000,14.10000,624500
1664803800,14.32000,14.90000,14.01000,14.70000,805600
1664890200,15.23000,15.83000,14.50000,14.80000,1095500
1664976600,14.46000,14.80000,13.70000,14.32000,670500
1665063000,14.14000,14.89000,13.87000,13.87000,1110200
1665149400,14.81000,17.30000,14.74000,17.19000,8778500
1665408600,17.05000,17.61000,15.26000,16.59000,3703600
1665495000,16.25000,16.87000,15.40000,15.74000,2083600
1665581400,15.62000,15.97000,14.16000,14.73000,2041200
1665667800,14.19000,16.56000,13.88000,16.40000,3324200
1665754200,16.49000,16.65000,14.71000,14.77000,1871400
1666013400,15.34000,16.85000,15.23000,16.80000,1876400
1666099800,17.54000,18.79000,17.54000,18.50000,4235300
1666186200,18.48000,19.49000,18.38000,19.21000,2831700
1666272600,19.18000,20.40000,18.58000,18.73000,2466300
1666359000,18.77000,20.92000,18.51000,20.82000,2812300
1666618200,20.83000,22.00000,20.37000,22.00000,2875100
1666704600,22.00000,23.17000,21.42000,21.67000,2654900
1666791000,21.19000,23.23000,21.17000,21.67000,1504000
1666877400,20.70000,20.95000,19.43000,20.39000,2651300
1666963800,20.15000,21.93000,20.15000,21.85000,1439600
1667223000,21.26000,22.96000,20.52000,20.57000,1883800
1667309400,21.04000,21.45000,19.06000,19.24000,2005200
1667395800,19.17000,19.60000,17.68000,17.84000,2296500
1667482200,17.65000,19.24000,17.60000,19.00000,1262900
1667568600,19.50000,19.85000,18.24000,19.48000,1483900
1667831400,19.00000,21.41000,18.80000,21.32000,1398700
1667917800,21.71000,22.04000,21.04000,21.66000,1275200
1668004200,21.12000,21.74000,20.53000,20.74000,772500
1668090600,22.00000,23.50000,21.11000,23.46000,2637400
1668177000,23.45000,25.07000,23.35000,24.59000,2441900
1668436200,24.50000,25.50000,24.16000,24.83000,1194400
1668522600,25.50000,26.67000,25.00000,25.65000,1828900
1668609000,24.86000,25.24000,22.14000,22.57000,2262500
1668695400,21.82000,24.20000,21.67000,23.61000,1447700
1668781800,24.22000,24.25000,22.84000,23.50000,709600
1669041000,23.18000,24.86000,22.63000,24.10000,978200
1669127400,24.35000,25.87000,23.33000,25.67000,1288200
1669213800,25.80000,27.00000,25.57000,26.42000,986400
1669386600,26.17000,27.00000,25.49000,26.79000,436500
1669645800,26.66000,26.94000,25.15000,25.87000,938600
1669732200,25.84000,26.84000,25.26000,25.93000,686800
1669818600,26.05000,26.72000,25.01000,26.07000,1387800
1669905000,26.56000,28.00000,26.13000,27.10000,2139000
1669991400,26.41000,27.08000,25.31000,26.72000,1109400
1670250600,26.63000,27.68000,25.36000,25.62000,998300
1670337000,25.70000,25.70000,22.03000,22.66000,2063200
1670423400,22.39000,24.90000,22.27000,24.18000,1617500
1670509800,24.46000,26.29000,24.26000,25.59000,1111300
1670596200,25.49000,26.00000,24.10000,24.39000,769600
1670855400,24.60000,25.17000,23.83000,23.93000,746100
1670941800,25.27000,26.73000,23.96000,23.99000,1218500
1671028200,23.96000,24.10000,21.76000,22.60000,1393600
1671114600,22.15000,23.30000,21.73000,23.21000,1017600
1671201000,22.82000,23.84000,22.26000,23.42000,955900
1671460200,23.29000,23.66000,21.86000,22.59000,1048000
1671546600,22.50000,23.21000,22.02000,22.50000,600600
1671633000,22.63000,23.43000,22.10000,22.80000,658600
1671719400,22.37000,22.60000,19.67000,20.86000,2013900
1671805800,20.77000,21.75000,20.53000,20.98000,1031300
1672151400,20.80000,20.81000,19.93000,20.22000,861000
1672237800,20.00000,20.50000,19.54000,19.90000,1146300
1672324200,20.34000,20.81000,19.94000,20.63000,519900
1672410600,20.29000,20.62000,19.57000,20.10000,653400
1672756200,20.54000,20.78000,18.32000,18.39000,1215600
1672842600,18.69000,18.85000,17.61000,17.91000,1394500
1672929000,17.39000,17.79000,17.05000,17.27000,1645800
1673015400,21.00000,24.99000,21.00000,22.81000,9178200
1673274600,23.53000,27.46000,23.40000,26.45000,4197200
1673361000,26.25000,29.04000,26.25000,28.94000,2853200
1673447400,28.95000,29.99000,28.12000,28.27000,2138400
1673533800,28.52000,28.70000,26.69000,27.67000,1658400
1673620200,27.50000,30.34000,27.30000,29.24000,2002800
1673965800,29.20000,29.70000,28.10000,28.43000,745400
1674052200,28.99000,30.79000,28.66000,28.83000,1824600
1674138600,28.22000,28.39000,26.78000,27.78000,1455400
1674225000,28.29000,32.04000,27.69000,31.90000,2495600
1674484200,32.26000,34.98000,31.50000,34.46000,2931100
1674570600,33.83000,35.25000,32.95000,34.00000,1514100
1674657000,33.65000,36.63000,33.33000,36.19000,1759800
1674743400,36.92000,36.92000,35.25000,36.50000,1030000
1674829800,36.00000,36.61000,34.91000,35.34000,933900
1675089000,34.91000,35.40000,33.51000,33.96000,1194000
1675175400,33.89000,34.96000,33.07000,34.96000,1354400
1675261800,34.49000,35.74000,31.76000,34.49000,2018700
1675348200,35.06000,37.06000,34.70000,36.67000,1783700
1675434600,35.40000,37.30000,35.20000,35.82000,1161900
1675693800,35.43000,36.75000,34.56000,35.81000,888800
1675780200,35.66000,37.57000,34.77000,36.46000,1406600
1675866600,36.06000,36.19000,32.71000,34.34000,2405000
1675953000,34.99000,35.52000,32.68000,33.13000,1308400
1676039400,32.41000,32.76000,30.29000,30.56000,1573000
1676298600,30.56000,32.06000,29.82000,31.80000,953700
1676385000,31.57000,35.05000,31.03000,33.63000,1552900
1676471400,33.24000,35.12000,33.06000,35.10000,695500
1676557800,34.07000,36.85000,34.02000,35.68000,1415200
1676644200,35.01000,35.52000,33.67000,34.75000,834900
1676989800,34.61000,34.89000,32.44000,32.61000,908300
1677076200,32.67000,32.87000,31.21000,32.03000,710300
1677162600,33.36000,33.76000,30.91000,32.23000,767900
1677249000,31.26000,32.75000,31.00000,31.73000,489800
1677508200,32.39000,32.72000,31.40000,32.10000,452800
1677594600,32.28000,34.92000,32.15000,33.35000,967700
1677681000,33.20000,36.38000,33.20000,35.99000,1841700
1677767400,28.69000,32.35000,23.50000,30.50000,10686000
1677853800,31.31000,32.44000,29.32000,32.22000,1640800
1678113000,32.32000,33.60000,31.17000,31.61000,1173500
1678199400,31.61000,32.57000,30.89000,31.47000,699900
1678285800,31.52000,34.18000,31.49000,33.75000,1568700
1678372200,33.60000,34.12000,31.86000,31.93000,1081200
1678458600,31.80000,32.40000,28.74000,29.23000,1731600
1678714200,28.60000,30.92000,28.08000,29.56000,900500
1678800600,30.95000,32.83000,30.41000,31.64000,1136300
1678887000,30.63000,31.30000,29.52000,30.02000,1124700
1678973400,29.73000,33.06000,29.61000,32.85000,889300
1679059800,32.95000,33.84000,31.40000,32.25000,784000
1679319000,32.36000,32.79000,31.51000,32.01000,726100
1679405400,33.99000,37.30000,33.41000,36.93000,1935300
1679491800,36.91000,38.50000,35.82000,36.54000,2041600
1679578200,37.47000,40.69000,37.03000,39.68000,2661800
1679664600,39.26000,39.87000,37.62000,38.13000,1270300
1679923800,38.55000,38.56000,36.46000,37.78000,945500
1680010200,38.00000,38.08000,34.25000,35.38000,1179200
1680096600,36.58000,38.05000,36.05000,37.85000,1208100
1680183000,38.58000,38.72000,36.12000,37.22000,1956300
1680269400,33.27000,34.17000,30.25000,31.02000,7107300
1680528600,30.65000,32.98000,29.10000,32.55000,2763200
1680615000,32.67000,33.00000,29.77000,30.01000,1508900
1680701400,29.57000,30.37000,27.15000,27.57000,2780100
1680787800,27.13000,28.42000,27.00000,27.53000,1224200
1681133400,27.10000,29.97000,26.55000,29.78000,1193400
1681219800,29.97000,30.74000,29.12000,29.62000,1124500
1681306200,30.07000,30.61000,28.16000,28.27000,936200
1681392600,28.50000,30.49000,28.06000,29.81000,1024200
1681479000,29.87000,30.49000,28.75000,28.92000,732000
1681738200,28.83000,29.50000,28.55000,29.22000,749400
1681824600,29.01000,30.66000,29.01000,30.43000,981700
1681911000,30.10000,30.32000,28.73000,28.81000,708700
1681997400,28.00000,28.81000,27.01000,27.25000,1181700
1682083800,27.15000,27.15000,26.39000,26.88000,855300
1682343000,26.79000,27.36000,25.80000,26.35000,887900
1682429400,25.85000,26.05000,23.17000,24.13000,2283500
1682515800,24.88000,25.31000,23.47000,23.90000,882500
1682602200,23.62000,24.53000,23.11000,24.17000,1221300
1682688600,24.20000,24.89000,23.90000,24.75000,810900
1682947800,25.06000,26.27000,25.06000,25.95000,1008200
1683034200,25.84000,26.23000,24.74000,25.00000,914400
1683120600,25.11000,27.12000,24.92000,26.26000,1040600
1683207000,25.90000,25.98000,25.00000,25.59000,607100
1683293400,26.06000,27.98000,26.06000,27.13000,935900
1683552600,27.01000,27.35000,26.46000,26.66000,526500
1683639000,27.05000,28.37000,26.91000,27.98000,710100
1683725400,28.50000,29.28000,27.90000,28.15000,626600
1683811800,28.01000,28.34000,27.35000,28.17000,501500
1683898200,28.51000,28.80000,27.16000,27.67000,588300
1684157400,27.83000,29.26000,27.62000,29.16000,448200
1684243800,28.80000,29.65000,28.64000,29.02000,473200
1684330200,29.46000,30.08000,28.29000,29.96000,825900
1684416600,30.12000,32.00000,30.00000,31.89000,1405800
1684503000,31.97000,33.27000,31.30000,32.96000,1212000
1684762200,32.77000,33.29000,31.54000,32.17000,778200
1684848600,32.04000,33.30000,30.85000,31.07000,694700
1684935000,30.48000,30.52000,29.01000,30.28000,842200
1685021400,32.26000,32.55000,30.86000,31.27000,752400
1685107800,31.48000,33.22000,31.48000,32.76000,795500
1685453400,33.81000,34.90000,32.98000,34.21000,910100
1685539800,33.50000,34.46000,32.41000,33.02000,724200
1685626200,34.02000,38.99000,33.73000,38.53000,2373700
1685712600,39.19000,41.60000,38.08000,41.36000,2122200
1685971800,41.36000,42.53000,40.39000,40.94000,1444700
1686058200,40.53000,43.45000,39.52000,42.53000,1277200
1686144600,42.87000,43.98000,41.41000,41.63000,1031500
1686231000,41.65000,42.05000,40.25000,41.13000,801400
1686317400,43.40000,44.25000,41.74000,42.54000,1032300
1686576600,43.09000,43.23000,41.39000,42.89000,789400
1686663000,43.47000,43.72000,41.86000,42.59000,783000
1686749400,42.52000,43.20000,41.44000,43.02000,767600
1686835800,42.26000,42.96000,41.27000,42.21000,676200
1686922200,42.36000,42.55000,39.31000,39.40000,1096000
1687267800,38.69000,40.69000,38.10000,39.45000,952500
1687354200,39.38000,40.47000,38.51000,39.86000,660100
1687440600,39.24000,41.83000,38.94000,41.46000,758600
1687527000,40.31000,41.10000,39.19000,39.95000,4228500
1687786200,40.18000,41.41000,36.53000,37.88000,1195600
1687872600,38.30000,40.10000,37.63000,39.69000,651000
1687959000,39.00000,40.67000,38.52000,39.57000,534100
1688045400,39.91000,40.79000,39.50000,40.04000,617600
1688131800,40.60000,43.89000,40.50000,41.25000,1617500
1688391000,41.67000,44.24000,41.11000,44.24000,852400
1688563800,43.70000,44.18000,39.20000,39.36000,1465500
1688650200,38.53000,39.48000,37.85000,38.19000,1352400
1688736600,38.29000,40.09000,38.08000,39.11000,748000
1688995800,39.50000,39.91000,38.41000,39.78000,751200
1689082200,39.99000,40.05000,37.93000,38.71000,992500
1689168600,40.30000,40.83000,39.12000,39.89000,1403900
1689255000,40.32000,41.76000,40.20000,41.43000,2127700
1689341400,44.53000,49.80000,44.42000,48.96000,6738500
1689600600,49.68000,52.72000,48.18000,52.17000,3547600
1689687000,51.79000,53.00000,50.00000,50.57000,2012900
1689773400,51.00000,52.85000,48.80000,49.49000,1226500
1689859800,48.27000,48.59000,46.20000,47.92000,1587300
1689946200,48.45000,50.43000,46.95000,48.34000,1170200
1690205400,48.51000,49.48000,47.29000,48.89000,636200
1690291800,49.84000,54.00000,49.73000,51.88000,1587800
1690378200,51.00000,51.77000,49.88000,51.33000,666500
1690464600,52.82000,52.98000,48.71000,48.99000,1076300
1690551000,49.88000,50.75000,48.19000,50.24000,862000
1690810200,50.85000,52.39000,50.81000,52.16000,714100
1690896600,50.58000,54.10000,50.05000,53.69000,1145400
1690983000,52.50000,52.98000,49.42000,50.05000,999100
1691069400,49.33000,50.84000,48.76000,48.89000,588500
1691155800,48.73000,51.35000,47.02000,49.66000,886500
1691415000,49.78000,50.46000,45.79000,47.95000,994300
1691501400,47.75000,48.67000,46.60000,48.05000,588200
1691587800,48.00000,48.57000,45.81000,47.72000,770200
1691674200,48.50000,51.20000,48.22000,48.71000,1160400
1691760600,48.00000,48.29000,45.53000,45.69000,777300
1692019800,45.19000,45.86000,44.50000,45.77000,1034900
1692106200,45.57000,45.76000,42.43000,43.63000,962000
1692192600,43.50000,44.21000,41.80000,42.10000,768200
1692279000,41.94000,42.41000,39.60000,39.89000,1250300
1692365400,39.13000,40.82000,38.88000,40.43000,706300
1692624600,41.00000,41.30000,39.83000,40.89000,606400
1692711000,42.55000,43.06000,40.01000,40.27000,669300
1692797400,40.38000,43.52000,40.30000,42.68000,806400
1692883800,44.16000,44.86000,40.76000,40.82000,647500
1692970200,40.83000,41.97000,38.86000,41.50000,648400
1693229400,44.15000,45.97000,43.52000,44.62000,1125800
1693315800,44.00000,48.59000,43.05000,48.18000,1549000
1693402200,48.00000,51.33000,47.64000,49.99000,1250100
1693488600,50.20000,51.49000,49.95000,51.01000,914300
1693575000,51.70000,52.45000,49.80000,51.64000,738300
1693920600,51.33000,52.14000,49.59000,51.42000,772800
1694007000,50.70000,53.06000,50.27000,52.81000,733500
1694093400,51.30000,51.66000,48.20000,49.90000,945400
1694179800,49.77000,50.85000,49.10000,49.45000,525100
1694439000,50.35000,50.68000,47.56000,48.22000,511300
1694525400,48.00000,49.66000,47.38000,47.44000,395500
1694611800,47.15000,48.30000,46.39000,46.75000,501300
1694698200,47.23000,48.90000,46.62000,48.46000,444200
1694784600,48.11000,48.20000,46.14000,47.07000,741500
1695043800,47.99000,51.08000,47.08000,49.15000,963600
1695130200,48.99000,49.63000,47.65000,48.65000,428600
1695216600,49.00000,49.84000,45.28000,45.38000,599700
1695303000,44.08000,44.25000,41.17000,42.56000,1190500
1695389400,43.10000,43.81000,42.14000,42.66000,482100
1695648600,42.63000,45.30000,42.63000,44.37000,531900
1695735000,43.24000,44.45000,43.01000,43.34000,520600
1695821400,43.90000,45.91000,43.90000,45.43000,549000
1695907800,45.60000,47.74000,44.95000,46.23000,442700
1695994200,47.27000,47.71000,45.28000,45.70000,691100
1696253400,45.95000,48.28000,45.88000,46.76000,948900
1696339800,46.05000,46.17000,42.77000,43.18000,1066900
1696426200,43.38000,45.45000,43.38000,45.14000,654500
1696512600,45.01000,45.99000,44.03000,44.21000,1266000
1696599000,38.75000,39.88000,35.36000,38.64000,6647800
1696858200,37.73000,38.16000,35.02000,37.16000,1825200
1696944600,37.45000,42.74000,37.22000,40.19000,1770500
1697031000,40.20000,41.64000,38.73000,40.17000,1403500
1697117400,41.18000,41.67000,39.19000,40.06000,894300
1697203800,40.05000,40.21000,38.21000,38.74000,1084500
1697463000,38.80000,39.08000,37.05000,37.31000,1413000
1697549400,36.38000,37.35000,35.15000,36.66000,1558300
1697635800,35.92000,36.40000,32.33000,33.01000,2454900
1697722200,33.05000,33.08000,31.14000,31.69000,1719000
1697808600,31.70000,32.97000,31.31000,31.60000,1225100
1698067800,31.00000,32.20000,30.54000,31.39000,842700
1698154200,31.93000,33.20000,31.42000,32.98000,622800
1698240600,32.75000,32.75000,31.02000,31.14000,645900
1698327000,31.40000,32.39000,30.73000,31.68000,549600
1698413400,31.68000,32.24000,29.36000,29.79000,857000
1698672600,28.07000,28.36000,21.57000,23.90000,6154800
1698759000,23.94000,24.35000,22.90000,23.56000,1461000
1698845400,23.56000,24.46000,23.10000,23.76000,1266200
1698931800,24.56000,25.63000,23.77000,24.73000,1296200
1699018200,24.78000,26.20000,24.40000,24.50000,1138400
1699281000,24.97000,25.00000,22.77000,23.07000,1112000
1699367400,23.06000,24.32000,22.64000,23.95000,745100
1699453800,23.88000,24.53000,23.13000,23.74000,576300
1699540200,24.12000,25.02000,23.14000,23.18000,567300
1699626600,23.40000,24.87000,23.23000,24.50000,839200
1699885800,24.11000,24.20000,23.26000,23.40000,717100
1699972200,24.50000,26.53000,24.12000,25.92000,1327500
1700058600,26.60000,27.36000,25.14000,26.07000,1825400
1700145000,25.95000,26.30000,24.85000,25.41000,690500
1700231400,25.75000,26.00000,24.96000,25.22000,669600
1700490600,25.34000,26.38000,25.15000,25.98000,818800
1700577000,25.52000,25.72000,24.73000,25.41000,563600
1700663400,25.60000,26.70000,25.31000,25.48000,482700
1700836200,25.43000,25.53000,24.61000,24.86000,360400
1701095400,24.65000,24.69000,23.82000,23.84000,644600
1701181800,23.76000,23.76000,22.73000,23.16000,1370100
1701268200,23.84000,24.66000,22.88000,22.99000,1162000
1701354600,23.13000,23.24000,22.31000,22.96000,1151700
1701441000,22.67000,24.70000,22.15000,24.08000,1071600
1701700200,23.80000,25.75000,23.54000,24.69000,1074400
1701786600,24.59000,25.37000,23.94000,24.84000,901800
1701873000,25.38000,25.94000,24.18000,24.23000,750000
1701959400,24.36000,24.76000,23.85000,24.72000,521900
1702045800,24.73000,26.02000,24.60000,25.89000,796700
1702305000,25.62000,26.58000,25.10000,25.76000,1069000
1702391400,25.76000,25.76000,24.51000,25.24000,732700
1702477800,25.28000,27.30000,24.89000,26.87000,887100
1702564200,28.90000,30.50000,28.10000,29.89000,2196600
1702650600,30.05000,30.11000,27.45000,27.64000,1640900
1702909800,27.64000,28.91000,27.45000,27.93000,1079900
1702996200,28.16000,29.09000,27.88000,28.33000,711500
1703082600,28.13000,29.36000,27.12000,27.28000,1105500
1703169000,28.50000,29.10000,27.46000,28.33000,698600
1703255400,28.70000,28.70000,27.75000,28.20000,448700
1703601000,28.27000,29.46000,27.86000,29.31000,607200
1703687400,29.72000,30.00000,28.40000,28.90000,607100
1703773800,28.90000,28.95000,27.73000,27.88000,617500
1703860200,27.91000,27.91000,25.94000,26.53000,1235100
1704205800,26.30000,26.30000,24.60000,24.95000,1264000
1704292200,24.20000,24.20000,22.54000,23.07000,2504800
1704378600,22.69000,23.45000,22.22000,22.57000,1101300
1704465000,22.36000,23.07000,22.19000,22.49000,930500
1704724200,22.70000,23.00000,21.47000,22.01000,2091200
1704810600,21.84000,23.09000,21.15000,22.35000,3951000
1704897000,18.77000,20.29000,18.27000,18.59000,9469500
1704983400,18.74000,19.25000,17.60000,18.23000,3966600
1705069800,18.19000,18.60000,17.28000,17.47000,2528100
1705415400,17.30000,18.32000,17.05000,17.29000,1855500
1705501800,16.98000,17.39000,16.71000,17.14000,1348100
1705588200,17.70000,17.94000,16.97000,17.12000,1411600
1705674600,17.14000,17.16000,16.59000,16.60000,2979600
1705933800,16.79000,17.29000,16.21000,16.39000,2056200
1706020200,16.64000,17.38000,16.31000,16.75000,1692300
1706106600,17.11000,17.80000,16.38000,16.93000,3159200
1706193000,17.25000,17.40000,16.06000,16.35000,1755000
1706279400,16.34000,16.44000,15.62000,15.76000,1623300
1706538600,15.83000,16.22000,15.53000,16.19000,1112700
1706625000,16.00000,16.05000,15.23000,15.80000,1508700
1706711400,15.60000,15.70000,14.85000,14.85000,1920000
1706797800,15.10000,15.15000,14.63000,15.10000,1468400
1706884200,14.93000,15.44000,14.78000,15.06000,1142900
1707143400,15.06000,15.21000,14.54000,14.70000,1010300
1707229800,14.86000,15.05000,14.56000,15.04000,866700
1707316200,15.13000,15.65000,14.77000,15.36000,1235600
1707402600,15.40000,17.28000,15.27000,16.83000,2201100
1707489000,16.97000,17.49000,16.78000,17.21000,1693600
1707748200,17.40000,18.33000,17.39000,18.11000,1659000
1707834600,16.90000,17.63000,16.65000,17.02000,1432900
1707921000,17.50000,18.80000,17.40000,18.78000,1575100
1708007400,18.95000,19.06000,17.82000,18.15000,1384900
1708093800,18.14000,18.54000,17.55000,17.69000,1100500
1708439400,17.50000,17.77000,16.58000,16.95000,1211900
1708525800,18.00000,18.41000,16.99000,17.10000,1842800
1708612200,17.37000,17.54000,15.94000,16.10000,2296800
1708698600,16.07000,16.32000,15.83000,15.86000,847000
1708957800,15.85000,16.45000,15.81000,16.18000,677400
1709044200,16.43000,16.74000,16.02000,16.54000,762300
1709130600,16.28000,16.48000,15.90000,15.93000,608000
1709217000,16.29000,16.65000,16.08000,16.27000,1519200
1709303400,16.54000,18.63000,16.29000,17.66000,1990300
1709562600,17.74000,17.83000,16.60000,16.73000,1049500
1709649000,16.40000,16.88000,16.19000,16.58000,734500
1709735400,16.95000,17.03000,16.29000,16.75000,706500
1709821800,16.88000,17.38000,16.54000,17.21000,888500
1709908200,17.53000,17.61000,16.24000,16.25000,887900
1710163800,16.20000,16.60000,16.00000,16.22000,665800
1710250200,16.40000,16.45000,15.17000,15.69000,1051600
1710336600,15.50000,15.82000,15.07000,15.14000,600900
1710423000,15.27000,15.27000,14.32000,14.50000,1057700
1710509400,14.30000,14.51000,14.15000,14.22000,1031900
1710768600,14.43000,14.58000,14.17000,14.52000,1714800
1710855000,14.32000,14.62000,13.87000,14.36000,998100
1710941400,14.39000,15.20000,14.24000,14.98000,777600
1711027800,15.33000,15.45000,14.87000,14.87000,1100800
1711114200,14.80000,14.81000,14.52000,14.66000,1064300
1711373400,11.67000,13.17000,10.54000,11.37000,8393000
1711459800,11.12000,12.07000,11.04000,11.17000,1934700
1711546200,11.21000,12.59000,11.20000,12.46000,1951900
1711632600,12.36000,12.41000,11.99000,12.40000,997600
1711978200,12.40000,12.64000,12.14000,12.35000,802500
1712064600,12.27000,12.27000,11.78000,11.89000,968800
1712151000,11.70000,11.95000,11.53000,11.60000,762500
1712237400,11.80000,12.05000,11.43000,11.51000,863300
1712323800,11.53000,11.62000,11.29000,11.34000,674900
1712583000,11.50000,11.72000,11.38000,11.63000,696600
1712669400,11.78000,12.07000,11.55000,11.78000,1373700
1712755800,11.40000,12.74000,11.32000,11.53000,2237300
1712842200,11.67000,12.32000,11.55000,11.83000,1118100
1712928600,11.65000,11.90000,11.32000,11.70000,845100
1713187800,11.66000,11.74000,11.25000,11.55000,1191900
1713274200,11.50000,11.77000,11.21000,11.59000,828000
1713360600,11.50000,11.62000,11.14000,11.15000,807400
1713447000,11.11000,11.19000,10.73000,10.82000,920300
1713533400,10.81000,10.86000,10.27000,10.36000,1159400
1713792600,10.44000,10.75000,10.19000,10.59000,914200
1713879000,10.60000,10.89000,10.51000,10.56000,634200
1713965400,10.72000,11.17000,10.72000,11.14000,820300
1714051800,11.13000,11.36000,10.82000,11.30000,682300
1714138200,11.37000,11.83000,11.28000,11.47000,936300
1714397400,11.50000,12.15000,11.40000,12.10000,672300
1714483800,11.92000,12.46000,11.87000,11.98000,881000
1714570200,11.79000,12.28000,11.56000,11.73000,881600
1714656600,12.03000,12.05000,11.53000,11.76000,602300
1714743000,11.97000,12.29000,11.60000,11.64000,522800
1715002200,11.80000,11.94000,11.63000,11.65000,595400
1715088600,11.65000,11.81000,11.41000,11.48000,1124800
1715175000,11.23000,11.80000,11.05000,11.25000,1254600
1715261400,11.27000,11.44000,11.07000,11.44000,473000
1715347800,11.57000,11.59000,11.05000,11.14000,555600
1715607000,11.22000,11.88000,11.22000,11.62000,548300
1715693400,11.77000,12.14000,11.60000,11.62000,877500
1715779800,11.88000,11.94000,11.15000,11.35000,944900
1715866200,11.45000,11.82000,11.35000,11.54000,501300
1715952600,11.54000,11.59000,11.19000,11.37000,378900
1716211800,11.45000,11.83000,11.40000,11.61000,611300
1716298200,11.36000,11.55000,11.26000,11.49000,448200
1716384600,11.51000,12.42000,11.48000,12.14000,872200
1716471000,12.23000,12.25000,11.41000,11.42000,553500
1716557400,11.52000,11.77000,11.41000,11.64000,388400
1716903000,11.79000,12.01000,11.52000,11.56000,508600
1716989400,11.35000,11.44000,11.04000,11.05000,497200
1717075800,11.12000,11.69000,11.06000,11.58000,572000
1717162200,11.56000,11.70000,11.26000,11.51000,1074000
1717421400,11.70000,11.74000,11.10000,11.17000,536800
1717507800,11.22000,11.43000,11.05000,11.36000,534500
1717594200,11.44000,12.84000,11.44000,12.75000,1380200
1717680600,12.78000,13.58000,12.70000,13.39000,1917000
1717767000,13.15000,13.29000,12.52000,13.02000,940900
1718026200,12.84000,13.37000,12.76000,13.29000,540600
1718112600,13.28000,13.55000,12.81000,13.39000,629300
1718199000,13.79000,14.15000,13.63000,13.85000,864500
1718285400,13.94000,14.27000,13.28000,13.69000,679300
1718371800,13.41000,13.53000,13.11000,13.21000,400300
1718631000,13.18000,13.23000,12.24000,12.31000,904800
1718717400,12.24000,12.70000,12.21000,12.44000,599800
1718890200,12.25000,12.25000,10.61000,10.67000,1692200
1718976600,10.69000,10.93000,10.35000,10.80000,1057700
1719235800,10.78000,10.99000,10.31000,10.35000,824200
1719322200,10.33000,10.56000,10.15000,10.48000,1030100
1719408600,10.42000,10.44000,9.83000,10.17000,1010200
1719495000,10.17000,11.12000,10.10000,11.11000,882700
1719581400,11.25000,11.38000,10.80000,11.17000,1412700
1719840600,11.22000,11.34000,10.91000,11.10000,655100
1719927000,11.11000,11.31000,10.55000,10.71000,627000
1720013400,10.73000,11.14000,10.68000,11.00000,379500
1720186200,11.18000,11.41000,10.99000,11.29000,728800
1720445400,11.35000,12.90000,11.34000,12.80000,1601200
1720531800,12.68000,12.69000,12.18000,12.41000,1473800
1720618200,14.77000,16.43000,13.82000,15.39000,7180800
1720704600,15.94000,16.41000,14.94000,15.11000,2245200
1720791000,15.22000,16.40000,14.95000,15.75000,2007300
1721050200,15.85000,16.74000,15.81000,16.43000,2552800
1721136600,16.52000,17.23000,16.11000,16.84000,3982700
1721223000,19.26000,21.44000,18.44000,20.61000,12180100
1721309400,20.78000,20.99000,18.16000,18.83000,4497300
1721395800,18.64000,19.36000,18.36000,19.03000,2004300
1721655000,19.78000,20.25000,17.67000,18.60000,2730400
1721741400,18.16000,18.49000,17.62000,18.06000,1843900
1721827800,17.57000,18.12000,16.97000,17.04000,1759200
1721914200,16.88000,17.93000,16.60000,17.66000,1583100
1722000600,18.19000,18.53000,17.20000,17.88000,1283400
1722259800,18.47000,19.43000,17.94000,18.54000,1991800
1722346200,18.55000,18.93000,18.07000,18.66000,1312600
1722432600,18.85000,19.96000,18.12000,18.87000,1706900
1722519000,18.71000,18.71000,16.15000,16.55000,1842200
1722605400,15.50000,15.87000,14.20000,14.39000,2108000
1722864600,13.55000,15.11000,13.26000,15.01000,1375200
1722951000,15.28000,15.30000,13.94000,13.98000,1499700
1723037400,14.25000,14.87000,13.04000,13.04000,1073100
1723123800,13.30000,13.94000,13.27000,13.93000,835000
1723210200,13.81000,13.97000,13.29000,13.29000,625600
1723469400,13.25000,13.30000,12.85000,13.15000,589000
1723555800,13.34000,13.87000,13.20000,13.76000,642100
1723642200,13.90000,13.91000,13.20000,13.56000,826500
1723728600,14.13000,14.99000,13.65000,14.74000,995200
1723815000,14.60000,14.88000,14.33000,14.68000,666700
1724074200,14.65000,14.68000,14.01000,14.30000,658300
1724160600,14.34000,14.56000,14.09000,14.14000,611300
1724247000,14.34000,14.66000,14.14000,14.47000,505300
1724333400,14.53000,14.65000,13.30000,13.46000,987800
1724419800,13.68000,14.60000,13.62000,14.59000,823800
1724679000,14.68000,15.43000,14.27000,14.91000,1023600
1724765400,14.77000,14.94000,14.25000,14.74000,627900
1724851800,14.58000,14.61000,14.11000,14.42000,582900
1724938200,14.68000,15.44000,14.46000,14.95000,765000
1725024600,15.22000,15.69000,14.90000,15.21000,685900
1725370200,14.81000,14.95000,13.33000,13.51000,1125500
1725456600,13.34000,13.82000,12.97000,13.11000,755200
1725543000,13.86000,14.80000,13.75000,14.00000,1252000
1725629400,14.00000,14.07000,13.40000,13.52000,695400
1725888600,13.59000,13.98000,13.27000,13.28000,585700
1725975000,13.35000,13.53000,13.12000,13.24000,429400
1726061400,13.22000,13.67000,12.88000,12.98000,992900
1726147800,12.90000,13.10000,12.43000,12.75000,853700
1726234200,12.97000,13.25000,12.85000,12.94000,684700
1726493400,12.86000,12.86000,12.12000,12.46000,950500
1726579800,12.67000,12.85000,12.37000,12.47000,620100
1726666200,12.61000,12.92000,11.82000,12.10000,1170500
1726752600,12.69000,13.23000,12.18000,12.98000,1046800
1726839000,12.81000,12.90000,12.15000,12.31000,821500
1727098200,12.32000,12.40000,12.06000,12.26000,530200
1727184600,12.40000,12.78000,12.20000,12.32000,545500
1727271000,12.25000,12.39000,11.97000,12.02000,618800
1727357400,12.51000,13.28000,12.32000,13.13000,908000
1727443800,13.34000,13.57000,12.97000,13.23000,694300
1727703000,12.98000,13.55000,12.78000,12.85000,656800
1727789400,12.85000,12.86000,12.16000,12.26000,730500
1727875800,12.44000,12.75000,12.14000,12.30000,630600
1727962200,12.20000,12.42000,11.95000,12.19000,750600
1728048600,12.50000,12.52000,12.11000,12.26000,549200
1728307800,12.37000,12.93000,12.28000,12.71000,801200
1728394200,12.61000,12.93000,12.33000,12.55000,961800
1728480600,12.55000,13.26000,12.49000,13.23000,1056800
1728567000,13.08000,13.35000,12.45000,13.32000,3315200
1728653400,15.11000,16.65000,13.55000,16.02000,9397200
1728912600,16.00000,16.74000,15.18000,15.66000,2925600
1728999000,15.67000,16.23000,14.42000,14.57000,2122800
1729085400,14.36000,14.76000,13.95000,14.22000,1672100
1729171800,14.52000,15.43000,14.12000,14.79000,1812800
1729258200,14.98000,15.72000,14.83000,15.68000,1371700
1729517400,15.57000,15.78000,14.93000,15.73000,1093000
1729603800,15.75000,16.31000,15.25000,16.10000,1328000
1729690200,15.91000,16.24000,14.81000,15.29000,1008600
1729776600,15.56000,15.84000,15.30000,15.57000,725900
1729863000,15.70000,17.41000,15.70000,16.96000,1933400
1730122200,16.59000,16.70000,15.42000,15.84000,1669300
1730208600,15.86000,16.22000,15.52000,15.95000,774900
1730295000,15.48000,15.54000,14.77000,14.79000,962800
1730381400,14.73000,14.87000,13.86000,14.08000,1117800
1730467800,13.41000,14.03000,12.02000,12.07000,3000700
1730730600,12.06000,12.31000,11.67000,11.71000,1205700
1730817000,11.73000,12.27000,11.55000,12.11000,801600
1730903400,12.68000,13.05000,11.95000,12.11000,1456400
1730989800,12.29000,12.90000,11.90000,12.02000,1113800
1731076200,11.98000,12.05000,11.54000,12.00000,1151600
1731335400,12.20000,12.60000,11.88000,12.55000,863700
1731421800,12.21000,12.35000,11.73000,12.00000,830300
1731508200,11.94000,12.10000,11.56000,11.73000,1123200
1731594600,11.80000,11.87000,11.15000,11.23000,1175600
1731681000,11.08000,11.34000,10.68000,10.78000,1068200
1731940200,10.75000,11.40000,10.64000,11.26000,682000
1732026600,11.17000,11.41000,11.07000,11.16000,576000
1732113000,11.12000,11.30000,10.97000,11.27000,540300
1732199400,11.42000,11.91000,11.22000,11.70000,732800
1732285800,11.73000,12.30000,11.69000,12.16000,596300
1732545000,12.45000,12.93000,12.40000,12.67000,772400
1732631400,12.59000,12.60000,11.77000,11.90000,771200
1732717800,12.00000,12.23000,11.71000,11.73000,557100
1732890600,11.81000,12.22000,11.78000,11.89000,362000
1733149800,11.87000,12.83000,11.78000,12.70000,1048900
1733236200,12.58000,12.59000,12.19000,12.22000,645000
1733322600,12.39000,12.55000,12.10000,12.12000,527500
1733409000,12.02000,12.14000,11.17000,11.18000,1159300
1733495400,11.30000,11.73000,11.15000,11.70000,674900
1733754600,11.80000,12.92000,11.80000,12.34000,1195900
1733841000,12.40000,12.55000,11.87000,12.11000,721000
1733927400,12.33000,12.55000,11.89000,11.89000,824400
1734013800,11.66000,11.79000,11.32000,11.58000,756300
1734100200,11.51000,11.85000,11.39000,11.53000,521300
1734359400,14.05000,15.05000,12.62000,14.49000,7045200
1734445800,14.57000,15.65000,13.96000,14.54000,2886600
1734532200,14.59000,15.58000,13.32000,13.66000,2149500
1734618600,14.49000,14.64000,13.14000,13.32000,1221300
1734705000,13.06000,14.63000,13.02000,14.25000,1161400
1734964200,14.09000,14.70000,13.67000,14.05000,822000
1735050600,14.05000,15.17000,13.90000,15.13000,686600
1735223400,14.92000,16.56000,14.90000,16.29000,1679200
1735309800,16.30000,16.54000,15.46000,16.51000,1032500
1735569000,16.20000,17.31000,15.77000,16.98000,1401900
1735655400,17.08000,17.40000,16.42000,16.63000,1298600
1735828200,16.86000,18.25000,16.10000,16.55000,1555900
1735914600,16.59000,17.45000,16.10000,17.27000,934300
1736173800,17.78000,18.15000,16.65000,16.85000,1166900
1736260200,17.50000,18.76000,17.43000,17.78000,1974400
1736346600,17.10000,17.19000,15.59000,16.46000,1478600
1736519400,16.19000,16.48000,15.76000,16.39000,808200
1736778600,15.79000,16.10000,15.04000,15.99000,3258400
1736865000,12.40000,13.10000,11.30000,11.66000,5684600
1736951400,11.97000,13.83000,11.81000,12.94000,3028000
1737037800,13.22000,13.38000,12.13000,12.17000,1245100
1737124200,12.45000,12.88000,12.11000,12.46000,1032300
1737469800,12.55000,13.71000,12.30000,13.22000,1316200
1737556200,13.27000,13.47000,12.35000,12.59000,1234600
1737642600,12.21000,12.68000,12.06000,12.48000,821700
1737729000,12.50000,12.92000,12.31000,12.41000,626700
1737988200,12.01000,12.10000,11.53000,11.88000,1214000
1738074600,11.82000,11.89000,11.09000,11.17000,1493300
1738161000,11.30000,11.37000,10.74000,10.82000,1956400
1738247400,10.99000,11.45000,10.85000,11.34000,1213500
1738333800,11.36000,11.90000,11.21000,11.33000,611900
1738593000,10.79000,11.06000,10.65000,10.77000,750300
1738679400,10.80000,11.34000,10.78000,11.09000,716900
1738765800,11.09000,11.28000,10.93000,11.06000,450700
1738852200,11.00000,11.37000,10.86000,10.97000,664300
1738938600,10.93000,11.15000,10.60000,10.78000,610000
1739197800,10.84000,10.97000,10.68000,10.70000,427600
1739284200,10.55000,10.87000,10.29000,10.29000,701700
1739370600,10.15000,10.55000,10.06000,10.23000,733800
1739457000,10.25000,10.52000,10.06000,10.50000,754100
1739543400,10.50000,10.76000,10.41000,10.72000,695200
1739889000,10.89000,11.80000,10.82000,11.61000,885500
1739975400,11.76000,12.81000,11.75000,12.47000,1347900
1740061800,12.50000,12.66000,12.04000,12.10000,845600
1740148200,12.28000,12.44000,11.41000,11.43000,881700
1740407400,11.31000,11.47000,10.50000,10.50000,955700
1740493800,10.34000,10.50000,9.84000,9.93000,1171400
1740580200,10.10000,10.55000,9.96000,10.03000,890700
1740666600,10.10000,10.21000,9.67000,9.69000,807000
1740753000,9.59000,9.70000,9.30000,9.64000,744600
1741012200,9.83000,10.00000,8.83000,8.85000,1125700
1741098600,8.60000,9.32000,8.57000,8.98000,1027500
1741185000,9.10000,9.53000,9.00000,9.48000,496800
1741271400,9.23000,9.56000,8.70000,8.83000,1629300
1741357800,8.78000,9.06000,8.35000,8.85000,885900
1741613400,8.61000,8.80000,8.02000,8.15000,962100
1741699800,8.15000,8.38000,7.92000,8.32000,1010500
1741786200,8.53000,8.88000,8.18000,8.88000,937800
1741872600,8.98000,9.57000,8.55000,8.78000,1248700
1741959000,8.97000,9.67000,8.83000,9.34000,1412700
1742218200,9.29000,9.82000,9.18000,9.77000,595600
1742304600,9.66000,9.68000,9.07000,9.36000,956700
1742391000,9.36000,9.40000,9.07000,9.12000,594900
1742477400,9.00000,9.27000,8.92000,8.96000,463800
1742563800,8.70000,8.99000,8.69000,8.90000,671600
1742823000,9.18000,9.37000,9.02000,9.06000,511600
1742909400,9.02000,9.17000,8.85000,9.03000,446400
1742995800,9.03000,9.11000,8.73000,8.89000,541000
1743082200,8.80000,8.94000,8.57000,8.60000,417800
1743168600,8.50000,8.51000,7.82000,7.88000,724500
1743427800,7.65000,7.67000,7.08000,7.29000,1372900
1743514200,7.31000,7.85000,7.25000,7.85000,709900
1743600600,7.60000,8.09000,7.59000,7.84000,867700
1743687000,7.23000,7.45000,6.84000,6.85000,954500
1743773400,6.62000,7.36000,6.27000,7.26000,1234500
1744032600,6.80000,7.75000,6.61000,7.22000,1516100
1744119000,7.52000,7.64000,6.58000,6.78000,1517700
1744205400,7.01000,8.85000,6.90000,8.76000,3682100
1744291800,8.24000,8.43000,7.88000,8.13000,1566200
1744378200,8.13000,8.59000,7.80000,8.52000,604700
1744637400,8.77000,8.84000,8.13000,8.30000,622800
1744723800,8.25000,8.56000,8.21000,8.54000,486200
1744810200,8.29000,8.45000,7.94000,8.16000,543900
1744896600,8.20000,8.36000,7.92000,8.09000,271300
1745242200,8.00000,8.05000,7.71000,7.96000,300000
1745328600,8.02000,8.37000,8.02000,8.30000,358900
1745415000,8.53000,8.87000,8.10000,8.12000,790200
1745501400,8.28000,8.75000,8.24000,8.69000,416800
1745587800,8.62000,8.89000,8.51000,8.76000,301400
1745847000,8.80000,8.88000,8.44000,8.70000,338500
1745933400,8.65000,8.74000,8.34000,8.34000,281900
1746019800,8.20000,8.57000,8.06000,8.53000,428800
1746106200,8.67000,8.75000,8.34000,8.36000,342500
1746192600,8.49000,8.98000,8.42000,8.71000,393400
1746451800,8.69000,8.82000,8.21000,8.26000,402700
1746538200,8.10000,8.25000,8.02000,8.19000,222000
1746624600,8.17000,8.36000,8.06000,8.36000,220200
1746711000,8.45000,8.64000,8.27000,8.43000,309000
1746797400,8.43000,8.62000,8.17000,8.45000,238900
1747056600,8.97000,9.33000,8.83000,9.11000,581700
1747143000,9.16000,9.34000,8.95000,9.25000,501200
1747229400,9.39000,9.59000,9.25000,9.39000,603500
1747315800,9.24000,9.35000,9.06000,9.29000,301500
1747402200,9.28000,9.55000,9.13000,9.29000,493400
1747661400,9.08000,9.15000,8.92000,9.04000,371600
1747747800,9.04000,9.14000,8.83000,8.94000,273300
1747834200,8.80000,8.96000,8.31000,8.47000,460100
1747920600,8.49000,9.00000,8.43000,8.83000,467700
1748007000,8.56000,9.02000,8.53000,8.85000,371200
1748352600,9.16000,10.14000,9.14000,9.90000,1391400
1748439000,9.95000,10.45000,9.86000,10.06000,1013800
1748525400,10.41000,10.45000,9.83000,9.96000,531300
1748611800,9.80000,9.82000,9.38000,9.54000,444500
1748871000,9.52000,9.69000,9.38000,9.66000,296500
1748957400,9.76000,10.27000,9.45000,10.24000,444600
1749043800,10.35000,11.84000,10.27000,11.69000,1911500
1749130200,11.71000,11.86000,11.00000,11.06000,1069600
1749216600,11.39000,11.59000,11.08000,11.34000,649600
1749475800,11.60000,12.51000,11.58000,11.78000,1288400
1749562200,11.99000,12.61000,11.86000,12.21000,959500
1749648600,12.34000,12.41000,11.53000,11.64000,1704700
1749735000,11.52000,12.37000,11.39000,11.92000,1101600
1749821400,11.54000,11.70000,11.06000,11.32000,859700
1750080600,11.70000,12.15000,11.60000,11.78000,855600
1750167000,11.76000,12.12000,11.32000,11.35000,762300
1750253400,11.35000,11.87000,11.20000,11.51000,650300
1750426200,11.65000,11.66000,10.89000,11.15000,684100
1750685400,11.10000,11.41000,10.89000,11.25000,619100
1750771800,11.51000,12.07000,11.51000,11.97000,816100
1750858200,12.21000,12.26000,11.61000,11.67000,583000
1750944600,11.80000,13.04000,11.76000,12.75000,1759600
1751031000,13.21000,13.38000,11.99000,12.52000,1916300
1751290200,12.85000,13.47000,12.75000,12.93000,1633000
1751376600,12.66000,14.35000,12.45000,14.11000,2636100
1751463000,14.55000,15.13000,14.25000,15.13000,2852500
1751549400,15.60000,15.87000,15.08000,15.60000,1630100
1751895000,15.42000,15.55000,14.58000,14.82000,2219700
1751981400,15.22000,16.17000,14.76000,15.17000,4616300
1752067800,12.44000,13.99000,12.19000,13.29000,6628800
1752154200,13.30000,15.15000,13.16000,14.59000,2573100
1752240600,14.48000,14.76000,14.05000,14.11000,1301100
1752499800,13.68000,13.99000,12.93000,13.86000,1355800
1752586200,14.09000,14.64000,14.03000,14.05000,1211600
1752672600,14.05000,14.79000,14.01000,14.78000,887400
1752759000,14.78000,15.69000,14.72000,15.48000,1058600
1752845400,15.66000,15.82000,14.99000,15.07000,856200
1753104600,15.04000,16.77000,15.04000,16.45000,1614000
1753191000,19.25000,21.82000,19.06000,20.10000,6844100
1753277400,20.06000,23.00000,19.99000,22.18000,3237200
1753363800,22.18000,22.18000,20.88000,21.32000,1442100
1753450200,21.20000,21.96000,20.80000,21.74000,919100
1753709400,21.99000,22.49000,20.63000,20.91000,1052600
1753795800,21.00000,21.39000,18.61000,18.78000,1708000
1753882200,18.74000,18.90000,17.56000,17.84000,1136000
1753968600,17.62000,18.34000,16.82000,16.90000,1293300
1754055000,16.25000,17.25000,15.94000,16.84000,1166500
1754314200,17.58000,19.13000,17.45000,19.03000,1375400
1754400600,19.10000,19.51000,18.01000,18.48000,782100
1754487000,18.23000,18.33000,17.63000,18.18000,521700
1754573400,18.87000,19.49000,18.67000,18.81000,705200
1754659800,18.91000,19.25000,17.78000,18.20000,994600
1754919000,18.21000,18.48000,17.28000,17.48000,798200
1755005400,17.72000,19.59000,17.47000,19.45000,990800
1755091800,19.86000,20.75000,19.56000,20.16000,1225800
1755178200,19.40000,19.80000,18.23000,18.86000,1352900
1755264600,18.67000,18.91000,17.33000,18.31000,1198500
1755523800,18.29000,19.59000,18.20000,19.39000,1339500
1755610200,19.32000,19.83000,17.04000,17.59000,1850500
1755696600,17.43000,17.56000,16.38000,17.38000,1076000
1755783000,17.10000,17.98000,17.04000,17.66000,1146400
1755869400,17.69000,18.54000,17.33000,18.10000,1510600
1756128600,21.07000,25.77000,21.00000,24.59000,10612000
1756215000,26.00000,26.43000,24.80000,25.89000,4148500
1756301400,25.13000,25.26000,23.54000,24.30000,2129600
1756387800,24.04000,27.51000,24.04000,27.05000,3199700
1756474200,26.80000,26.85000,24.65000,24.95000,1763000
1756819800,23.55000,25.00000,22.88000,24.88000,1620200
1756906200,25.08000,25.49000,24.25000,24.52000,913500
1756992600,24.30000,26.50000,23.91000,26.29000,1381000
1757079000,26.85000,27.08000,25.31000,25.56000,968200
1757338200,26.06000,26.29000,24.64000,25.19000,923000
1757424600,25.23000,26.95000,24.28000,26.83000,1505600
1757511000,27.41000,27.74000,26.01000,26.40000,1065800
1757597400,26.52000,28.41000,26.42000,26.57000,1626000
1757683800,26.51000,27.23000,25.59000,26.47000,1026200
1757943000,26.94000,28.80000,26.23000,28.78000,1486400
1758029400,28.88000,29.00000,26.60000,28.51000,1431500
1758115800,28.27000,29.25000,27.21000,28.33000,1215300
1758202200,29.25000,31.65000,28.80000,30.57000,2301100
1758288600,30.42000,31.20000,29.91000,29.95000,1361700
1758547800,29.56000,32.63000,29.36000,32.53000,1881300
1758634200,32.91000,34.10000,32.22000,33.63000,1929100
1758720600,33.84000,33.87000,31.75000,32.24000,1527900
1758807000,30.94000,31.48000,30.14000,30.88000,1623000
1758893400,30.92000,31.45000,28.55000,30.19000,1936900
1759152600,31.00000,32.08000,29.62000,30.45000,1581500
1759239000,30.41000,30.94000,29.41000,30.11000,1740100
1759325400,30.02000,33.45000,30.02000,33.25000,1797100
1759411800,33.95000,34.35000,32.12000,32.25000,1406400
1759498200,32.32000,32.67000,30.81000,31.02000,1561000
1759757400,30.51000,32.55000,29.76000,31.65000,3273000
1759843800,25.55000,26.29000,22.92000,26.15000,8444200
1759930200,25.73000,26.85000,25.22000,25.85000,2367000
1760016600,25.20000,25.97000,24.40000,25.15000,1883700
1760103000,25.04000,25.76000,23.44000,23.49000,2053100
1760362200,24.61000,25.55000,23.49000,25.52000,1480500
1760448600,24.66000,27.98000,23.75000,27.29000,1840000
1760535000,27.93000,29.46000,27.70000,29.25000,1782100
1760621400,29.70000,29.71000,26.67000,26.71000,1446800
1760707800,26.21000,26.83000,24.57000,24.76000,1606000
1760967000,25.91000,28.87000,25.76000,28.80000,2638800
1761053400,28.22000,28.28000,25.77000,25.92000,1777500
1761139800,25.05000,25.66000,22.61000,23.68000,1902100
1761226200,23.51000,25.34000,23.05000,25.09000,1383600
1761312600,25.81000,26.00000,24.90000,24.97000,1155800
1761571800,25.42000,25.50000,24.27000,25.14000,1247400
1761658200,25.30000,26.31000,24.85000,25.09000,1097300
1761744600,25.75000,28.10000,25.11000,27.00000,1635600
1761831000,26.40000,26.54000,24.93000,25.10000,1173400
1761917400,25.38000,26.28000,25.31000,25.99000,1070600
1762180200,26.57000,27.00000,25.62000,26.00000,1317900
1762266600,24.61000,25.98000,23.80000,24.80000,1474400
1762353000,25.21000,26.06000,24.95000,25.73000,1130000
1762439400,25.35000,25.43000,23.13000,23.69000,992600
1762525800,23.01000,24.48000,22.66000,24.48000,803200
1762785000,25.09000,25.49000,24.06000,24.59000,844100
1762871400,24.04000,24.11000,22.76000,23.16000,788200
1762957800,23.83000,23.90000,22.26000,23.22000,881700
1763044200,22.87000,23.00000,20.68000,20.74000,945600
1763130600,19.28000,21.64000,19.27000,20.34000,1286500
1763389800,20.12000,20.67000,19.81000,20.07000,616000
1763476200,19.51000,20.37000,19.25000,19.74000,788300
1763562600,19.88000,20.56000,19.64000,19.86000,656500
1763649000,21.15000,21.43000,19.27000,19.40000,742800
1763735400,19.23000,20.56000,18.70000,20.27000,927800
1763994600,20.32000,21.10000,20.25000,20.87000,1027000
1764081000,20.59000,21.69000,20.12000,21.50000,645900
1764167400,21.67000,23.16000,21.23000,22.89000,724400
1764340200,23.30000,23.36000,22.80000,22.97000,336700
1764599400,22.32000,23.41000,21.96000,22.53000,606100
1764685800,22.77000,23.13000,22.20000,22.46000,506600
1764772200,22.60000,25.13000,22.22000,24.76000,759000
1764858600,24.45000,25.88000,24.33000,25.50000,586300
1764945000,25.61000,25.75000,24.68000,24.74000,398700
1765204200,25.05000,25.14000,22.60000,23.87000,771300
1765290600,23.49000,24.75000,23.12000,24.52000,346800
1765377000,24.38000,25.85000,24.16000,25.84000,633100
1765463400,25.53000,26.53000,24.66000,26.43000,531200
1765549800,26.14000,26.20000,24.26000,24.48000,476800
1765809000,24.66000,24.66000,22.65000,22.92000,686400
1765895400,22.45000,23.31000,21.62000,21.90000,656100
1765981800,22.71000,22.98000,21.34000,21.49000,562900
1766068200,22.48000,22.89000,21.45000,21.47000,427100
1766154600,21.48000,22.49000,21.48000,21.81000,571600
1766413800,22.49000,23.20000,21.96000,22.61000,493300
1766500200,22.16000,22.84000,21.90000,22.77000,318700
1766586600,22.32000,22.66000,21.72000,22.07000,317500
1766759400,22.14000,22.14000,21.01000,21.46000,347900
1767018600,21.06000,21.27000,20.24000,20.36000,523500
1767105000,20.60000,20.82000,20.30000,20.34000,497400
1767191400,20.45000,20.95000,19.90000,20.19000,880500
1767364200,21.02000,22.29000,20.99000,22.16000,645800
1767623400,22.70000,23.95000,22.59000,23.49000,726000
1767709800,24.32000,25.06000,24.06000,24.73000,802400
1767796200,24.23000,24.93000,23.75000,24.18000,643800
1767882600,23.87000,24.08000,22.41000,22.70000,1745800
1767969000,23.90000,26.42000,21.24000,26.32000,3387100
1768228200,26.02000,28.80000,25.91000,26.35000,1665700
1768314600,26.63000,28.41000,26.00000,26.81000,1839100
1768401000,26.76000,28.50000,25.53000,25.97000,1479500
1768487400,27.43000,28.20000,26.40000,26.53000,942700
1768573800,27.35000,29.41000,26.14000,28.81000,1566200
1768919400,27.35000,29.93000,27.01000,29.06000,1470000
1769005800,29.98000,30.40000,27.06000,29.20000,1241400
1769092200,30.45000,31.84000,29.71000,30.91000,1648700
1769178600,30.77000,30.87000,27.60000,28.04000,1227900
1769437800,27.82000,28.30000,26.52000,26.78000,823200
1769524200,27.04000,27.77000,26.11000,27.75000,1173300
1769610600,28.11000,30.60000,27.24000,27.98000,1206800
1769697000,27.95000,28.15000,25.71000,26.88000,993000
1769783400,26.36000,28.34000,25.04000,25.64000,965200
1770042600,25.02000,26.76000,24.63000,26.06000,841600
1770129000,27.00000,28.31000,25.56000,27.19000,967400
1770215400,27.15000,27.15000,23.15000,23.83000,1211600
1770301800,23.28000,25.40000,22.66000,23.00000,908200
1770388200,23.99000,26.63000,23.80000,26.39000,843200
1770647400,26.31000,27.98000,25.58000,27.59000,578200
1770733800,27.55000,27.75000,26.57000,26.83000,517100
1770820200,31.81000,37.49000,31.70000,33.85000,5020900
1770906600,33.15000,33.15000,27.63000,27.89000,3450900
1770993000,27.91000,30.30000,27.60000,28.84000,1380500
1771338600,28.50000,29.65000,26.00000,28.49000,1251400
1771425000,28.21000,30.11000,27.77000,29.01000,815300
1771511400,28.69000,30.39000,28.10000,30.27000,615300
1771597800,30.04000,33.67000,29.92000,33.60000,1384500
1771857000,33.47000,37.18000,33.19000,34.32000,1751700
1771943400,34.50000,40.00000,34.42000,39.23000,2580100
1772029800,39.67000,41.75000,39.41000,41.48000,1821900
1772116200,43.00000,43.13000,37.30000,39.80000,2511700
1772202600,38.25000,39.77000,36.52000,37.43000,1275900
1772461800,38.93000,44.54000,38.92000,44.03000,2723400
1772548200,40.90000,44.96000,38.75000,41.64000,3517000
1772634600,44.04000,46.95000,40.62000,42.66000,2590300
1772721000,41.34000,43.38000,38.88000,40.49000,1771900
1772807400,38.93000,40.78000,35.17000,35.61000,1562100
1773063000,35.00000,40.93000,34.80000,40.88000,1640400
1773149400,40.08000,45.75000,40.08000,41.96000,2265100
1773235800,42.00000,45.20000,41.01000,42.45000,1299100
1773322200,41.27000,41.47000,37.41000,37.65000,1478300
1773408600,38.39000,39.97000,34.63000,35.67000,1591800
1773667800,38.00000,39.32000,36.88000,37.48000,1273300
1773754200,36.92000,38.42000,36.40000,37.09000,944200
1773840600,37.66000,38.39000,35.53000,36.31000,1099900
1773927000,34.90000,37.99000,33.75000,37.76000,1473900
1774013400,37.72000,37.81000,33.40000,34.52000,1758700
1774272600,36.26000,37.80000,33.69000,37.15000,1757700
1774359000,36.23000,40.00000,36.01000,39.19000,1442100
1774445400,40.16000,41.09000,38.29000,39.03000,1152100
1774531800,37.25000,37.74000,34.56000,34.57000,1262100
1774618200,34.32000,35.18000,32.18000,32.52000,1460400
1774877400,33.79000,33.90000,29.13000,30.12000,1526700
1774963800,33.51000,37.52000,33.00000,37.08000,3326400
1775050200,38.20000,40.73000,37.73000,39.60000,3123600
1775136600,36.23000,44.50000,35.65000,44.32000,3642100
1775482200,45.30000,52.62000,44.81000,52.16000,7925100
1775568600,49.42000,53.10000,48.70000,50.25000,5751900
1775655000,57.35000,66.28000,54.89000,63.16000,10804600
1775741400,62.49000,70.26000,62.00000,68.86000,7251600
1775827800,70.18000,72.50000,65.60000,70.43000,5272900
1776087000,68.99000,74.53000,68.69000,71.66000,3390200
1776173400,73.11000,74.72000,68.50000,74.38000,2723300
1776259800,73.08000,75.88000,69.58000,73.22000,2668900
1776346200,84.66000,91.43000,80.61000,80.85000,8441000
1776432600,84.27000,85.01000,79.12000,83.86000,3903600
1776691800,84.34000,92.20000,82.55000,90.15000,3963800
1776778200,90.20000,99.67000,89.09000,93.72000,4837700
1776864600,96.40000,101.99000,91.60000,97.36000,3710300
1776951000,95.00000,98.88000,89.80000,95.51000,2461500
1777037400,98.50000,102.48000,94.53000,95.91000,2657900
1777296600,93.62000,94.43000,85.26000,88.48000,3748200
1777383000,81.36000,86.50000,76.71000,82.43000,4616200
1777469400,83.80000,85.38000,78.04000,81.81000,2304400
1777555800,87.35000,90.84000,82.65000,90.56000,3072900
1777642200,89.28000,94.88000,86.04000,93.07000,2143700
1777901400,95.68000,99.43000,84.12000,85.61000,4057600
1777987800,87.17000,93.14000,84.99000,91.19000,2270700
1778074200,91.19000,97.17000,86.32000,96.73000,2261000
1778160600,95.27000,98.37000,89.31000,91.26000,1960500
1778247000,94.00000,103.83000,90.19000,97.23000,3842800
1778506200,99.80000,107.00000,94.81000,104.56000,3005300
1778592600,99.50000,104.51000,91.22000,96.72000,3683100
1778679000,102.35000,106.40000,92.75000,103.25000,3249600
1778765400,102.86000,108.75000,99.15000,106.34000,2113000
1778851800,99.63000,103.47000,94.53000,99.50000,2183600
1779111000,98.98000,99.75000,81.30000,83.57000,3956600
1779197400,81.69000,85.49000,76.76000,81.14000,2763100
1779283800,86.19000,86.50000,80.55000,82.34000,1699000
1779370200,81.99000,92.60000,80.01000,91.30000,1986400
1779456600,92.65000,97.15000,90.14000,95.02000,1857300
1779802200,99.00000,111.57000,97.22000,109.92000,2689100
1779888600,108.44000,112.00000,101.41000,103.82000,2802800
1779975000,103.30000,104.92000,98.30000,99.99000,1577100
1780061400,101.37000,101.50000,90.77000,92.33000,1877300
1780320600,88.17000,93.74000,86.58000,93.62000,1527200
1780407000,99.65000,114.02000,97.75000,113.00000,2600900
1780493400,113.00000,121.80000,111.20000,114.59000,2769100
1780579800,105.34000,119.47000,103.18000,116.58000,1769400
1780666200,110.32000,111.79000,96.90000,98.45000,2352300
1780925400,105.00000,105.00000,93.65000,95.58000,1810200
1781011800,99.73000,106.54000,84.62000,94.31000,2369500
1781098200,93.00000,104.44000,90.70000,93.32000,2097900
1781184600,96.10000,103.45000,92.34000,103.03000,1489300
1781271000,103.22000,112.50000,101.20000,108.47000,1406800
1781530200,118.32000,126.62000,115.39000,115.88000,1624100
1781616600,113.66000,118.69000,104.46000,104.83000,1275300
1781703000,114.46000,123.48000,111.03000,112.62000,2030300
1781789400,119.45000,121.05000,111.59000,115.30000,1398700
1782135000,116.28000,117.33000,110.30000,113.33000,1091500
1782221400,103.49000,107.29000,101.00000,102.39000,1530600
1782307800,102.61000,103.76000,91.30000,95.20000,1478500
1782394200,102.60000,102.60000,91.48000,98.79000,1039200
1782480600,95.50000,95.99000,88.09000,91.81000,2358400
1782739800,91.70000,95.89000,86.15000,94.77000,1197800
1782826200,95.50000,100.70000,94.00000,96.06000,1189800
1782912600,90.27000,92.04000,84.23000,84.43000,1360200
1782999000,84.32000,85.00000,66.26000,69.96000,3462500
1783344600,72.42000,77.69000,69.27000,72.33000,2134000
1783431000,66.41000,70.89000,63.51000,66.94000,2433400
1783517400,65.38000,68.47000,63.32000,67.89000,1502300
1783603800,79.15000,79.49000,74.46000,76.21000,2628200
1783690200,73.04000,74.40000,70.76000,72.60000,1325100
1783949400,69.59000,71.49000,67.23000,68.02000,1441900
1784035800,73.31000,73.92000,68.23000,72.01000,5060800
1784122200,98.16000,110.20000,86.28000,87.79000,12957100
1784208600,84.94000,87.73000,79.69000,84.20000,4411300
1784295000,79.28000,88.30000,76.75000,81.05000,5083300
1784554200,84.18000,88.89000,75.20000,77.36000,3362400
1784640600,83.25000,99.17000,83.17000,98.91000,5221700
1784727000,96.62000,101.22000,93.33000,93.54000,2738300
1784813400,92.30000,97.15000,87.41000,88.51000,1942800
1784899800,87.03000,87.46000,75.51000,76.32000,2726800
1785159000,76.80000,77.77000,71.61000,77.48000,2292800
1785245400,72.09000,72.09000,65.28000,70.00000,2864400
1785331800,69.89000,72.34000,63.81000,65.40000,2477400
1785418200,71.65000,77.40000,68.92000,76.87000,2539300
1785504600,84.22000,86.00000,75.70000,79.98000,2126900
1785763800,75.61000,92.52000,75.20000,91.71000,2377800
1785850200,96.81000,111.00000,94.20000,109.89000,3498700
1785936600,107.40000,109.13000,98.50000,98.78000,1917900
1786023000,95.01000,106.49000,92.95000,99.74000,1535500
1786109400,101.30000,105.87000,95.70000,103.07000,1578000
1786368600,105.38000,112.61000,102.10000,106.20000,3091300
1786455000,106.45000,118.50000,104.32000,117.18000,2528400
1786541400,124.00000,133.35001,119.02000,129.23000,3149400
1786627800,123.01000,129.92000,116.50000,123.30000,3043400
1786714200,133.61000,147.39999,131.21001,134.06000,3315000
1786973400,132.78999,146.60001,130.11000,145.61000,2508400
1787059800,135.58000,141.38000,121.14000,123.25000,3238200
1787146200,123.64000,124.74000,107.41000,107.96000,2974800
1787232600,106.01000,108.50000,102.74000,105.97000,1851100
1787319000,108.50000,108.50000,98.04000,101.73000,1926400
1787578200,95.76000,98.29000,92.12000,96.43000,1804300
1787664600,101.84000,101.84000,95.30000,95.59000,1781300
1787751000,94.62000,95.60000,90.30000,91.12000,1740000
1787837400,95.00000,97.49000,90.09000,90.46000,1798300
1787923800,88.50000,88.77000,80.52000,80.81000,2282000
