time,open,high,low,close,tick_volume
1472477400,81.93000,82.95000,81.65000,82.75000,740900
1472563800,82.75000,83.50000,81.60000,81.73000,760400
1472650200,81.25000,81.25000,79.71000,79.97000,1308200
1472736600,79.95000,81.30000,79.56000,81.30000,1181500
1472823000,82.46000,82.49000,81.10000,81.96000,895200
1473168600,82.13000,83.04000,81.85000,83.04000,956200
1473255000,82.71000,83.07000,82.13000,82.95000,924700
1473341400,82.76000,83.04000,80.87000,80.92000,984300
1473427800,79.91000,80.50000,76.51000,76.82000,1849100
1473687000,75.60000,77.72000,75.11000,77.44000,1525900
1473773400,76.78000,77.53000,75.73000,76.09000,1372700
1473859800,76.05000,76.44000,75.13000,75.72000,1657700
1473946200,75.90000,77.31000,75.39000,77.25000,1789900
1474032600,76.83000,77.15000,75.78000,76.73000,2304900
1474291800,77.11000,77.98000,77.04000,77.64000,776700
1474378200,77.93000,78.56000,76.79000,76.79000,958300
1474464600,77.56000,80.23000,77.51000,80.19000,1483300
1474551000,81.02000,81.80000,80.91000,81.20000,1587400
1474637400,80.77000,81.08000,80.21000,80.75000,1194000
1474896600,80.86000,82.18000,80.78000,81.70000,1350700
1474983000,81.41000,82.86000,81.41000,82.75000,831400
1475069400,83.44000,84.99000,83.02000,84.87000,1027700
1475155800,84.87000,85.31000,83.07000,83.15000,1199900
1475242200,83.93000,85.84000,83.49000,85.49000,1380500
1475501400,85.20000,85.45000,84.09000,84.83000,966400
1475587800,84.97000,85.38000,82.54000,82.62000,1056200
1475674200,83.42000,83.93000,82.72000,83.44000,974600
1475760600,83.03000,83.87000,82.91000,83.64000,979600
1475847000,83.83000,83.83000,81.63000,82.37000,974000
1476106200,83.22000,84.48000,83.10000,83.48000,623000
1476192600,83.03000,83.20000,81.31000,81.72000,522600
1476279000,81.71000,81.71000,80.27000,81.15000,807800
1476365400,80.26000,80.95000,79.08000,80.44000,662900
1476451800,81.14000,81.78000,80.77000,80.86000,621200
1476711000,80.81000,81.51000,80.75000,81.26000,595900
1476797400,82.47000,82.71000,81.63000,81.66000,503400
1476883800,81.80000,82.65000,81.01000,82.59000,552900
1476970200,81.95000,83.44000,81.88000,83.02000,436700
1477056600,82.89000,82.89000,81.54000,82.20000,594400
1477315800,83.04000,83.49000,82.20000,83.36000,607800
1477402200,83.19000,83.19000,82.00000,82.10000,424600
1477488600,81.29000,82.00000,80.68000,81.09000,697200
1477575000,81.76000,82.41000,81.27000,82.05000,634700
1477661400,82.25000,84.04000,82.23000,82.91000,647900
1477920600,82.96000,84.17000,82.74000,83.55000,1104600
1478007000,83.57000,84.26000,82.22000,82.90000,1071200
1478093400,82.51000,82.93000,81.80000,82.25000,626800
1478179800,82.60000,84.48000,82.30000,83.80000,1009200
1478266200,83.60000,84.41000,82.70000,83.48000,845400
1478529000,85.02000,86.88000,84.69000,86.28000,1412300
1478615400,85.99000,86.88000,82.68000,82.75000,1818200
1478701800,81.91000,82.21000,79.21000,80.42000,2626400
1478788200,80.73000,82.00000,80.10000,81.52000,1302200
1478874600,81.00000,81.48000,80.14000,80.43000,1115400
1479133800,80.72000,81.00000,76.32000,77.08000,1933600
1479220200,77.25000,80.16000,77.25000,80.12000,1270800
1479306600,80.29000,81.82000,79.84000,81.55000,1076200
1479393000,81.93000,83.22000,81.78000,82.97000,899900
1479479400,82.95000,83.28000,82.18000,82.46000,529800
1479738600,82.81000,83.90000,82.58000,83.85000,743300
1479825000,84.01000,84.60000,83.52000,84.30000,653900
1479911400,83.90000,84.19000,83.04000,83.88000,536100
1480084200,83.93000,84.50000,83.71000,84.00000,200200
1480343400,84.10000,84.78000,83.91000,83.96000,547000
1480429800,83.58000,87.17000,83.10000,85.95000,1158600
1480516200,86.61000,88.73000,86.61000,87.78000,1720700
1480602600,88.29000,88.29000,85.40000,85.65000,1159000
1480689000,85.68000,85.98000,84.37000,84.86000,677900
1480948200,85.56000,86.45000,85.41000,86.28000,1173800
1481034600,85.74000,86.63000,85.60000,86.32000,1332600
1481121000,86.24000,88.87000,86.24000,88.80000,805200
1481207400,90.00000,92.24000,89.31000,91.80000,1564400
1481293800,91.68000,91.68000,90.13000,90.69000,869400
1481553000,90.90000,91.60000,90.66000,91.32000,710700
1481639400,91.47000,91.74000,90.29000,91.12000,974000
1481725800,91.15000,91.80000,89.88000,89.94000,1428600
1481812200,90.34000,90.79000,89.32000,89.82000,811200
1481898600,90.05000,90.51000,88.08000,89.23000,1634600
1482157800,89.46000,89.66000,88.38000,89.00000,811200
1482244200,89.10000,89.81000,88.67000,89.34000,460200
1482330600,89.34000,89.99000,89.08000,89.28000,396100
1482417000,89.00000,89.53000,88.21000,88.42000,379100
1482503400,88.48000,88.85000,87.72000,88.82000,226900
1482849000,88.89000,89.46000,88.60000,89.01000,228700
1482935400,89.05000,89.41000,86.50000,86.58000,604200
1483021800,86.73000,87.14000,86.31000,87.07000,355200
1483108200,87.34000,87.74000,85.60000,86.08000,470100
1483453800,87.15000,88.12000,86.98000,88.05000,975600
1483540200,88.72000,91.15000,88.69000,90.70000,1147600
1483626600,90.64000,91.39000,89.73000,90.39000,913200
1483713000,90.62000,91.00000,89.86000,90.81000,550900
1483972200,90.73000,90.98000,90.37000,90.48000,936100
1484058600,90.86000,91.17000,89.09000,89.88000,825000
1484145000,90.57000,94.13000,90.08000,93.30000,1807500
1484231400,93.53000,94.31000,92.20000,93.75000,1042200
1484317800,94.17000,94.94000,93.34000,94.00000,603400
1484663400,95.14000,95.79000,93.91000,94.35000,844600
1484749800,94.84000,95.01000,92.30000,92.60000,1104800
1484836200,92.75000,94.41000,92.54000,93.05000,609600
1484922600,93.56000,94.05000,92.84000,93.36000,701600
1485181800,93.38000,93.91000,92.85000,93.70000,349400
1485268200,93.94000,95.84000,93.71000,95.55000,921900
1485354600,95.82000,95.86000,93.25000,94.00000,1083700
1485441000,94.09000,95.89000,94.04000,95.48000,795800
1485527400,95.34000,95.87000,94.76000,95.42000,452800
1485786600,94.79000,94.85000,93.51000,94.57000,677400
1485873000,94.61000,94.68000,92.52000,92.64000,1453700
1485959400,93.19000,93.64000,91.66000,93.41000,855100
1486045800,93.40000,93.40000,91.50000,92.91000,588900
1486132200,93.38000,94.45000,93.00000,94.27000,446800
1486391400,94.04000,94.47000,93.77000,94.29000,478100
1486477800,94.00000,94.45000,92.26000,92.80000,756200
1486564200,92.91000,94.39000,92.20000,94.35000,661600
1486650600,94.35000,94.85000,93.65000,93.91000,498300
1486737000,94.45000,94.45000,93.27000,93.70000,637800
1486996200,94.33000,95.41000,93.65000,94.75000,660400
1487082600,94.37000,94.37000,90.35000,91.19000,1654700
1487169000,91.31000,93.01000,91.02000,92.76000,1510500
1487255400,92.88000,93.99000,92.07000,92.41000,593700
1487341800,92.44000,92.80000,91.57000,91.92000,1016700
1487687400,92.51000,93.83000,92.41000,93.78000,790200
1487773800,93.41000,93.65000,92.38000,92.44000,652200
1487860200,93.12000,93.24000,91.77000,92.41000,738600
1487946600,91.93000,93.14000,91.02000,92.93000,700000
1488205800,92.99000,93.40000,92.22000,92.46000,930600
1488292200,95.80000,102.56000,95.74000,101.51000,4246500
1488378600,102.90000,104.33000,102.00000,102.66000,2591800
1488465000,102.81000,104.78000,102.15000,103.06000,2040100
1488551400,103.40000,105.20000,103.08000,104.77000,1153200
1488810600,101.92000,102.67000,98.63000,102.11000,2329000
1488897000,102.11000,104.82000,101.57000,103.79000,1396700
1488983400,103.59000,103.89000,102.24000,102.74000,1285100
1489069800,102.96000,103.37000,102.03000,102.50000,1457100
1489156200,102.70000,104.01000,102.36000,103.05000,1422600
1489411800,102.58000,104.55000,102.15000,104.50000,1336600
1489498200,104.01000,104.39000,103.06000,103.95000,752600
1489584600,104.50000,105.51000,103.86000,105.22000,781700
1489671000,105.10000,105.73000,103.71000,104.01000,1017400
1489757400,104.49000,106.53000,104.40000,106.21000,1436900
1490016600,106.04000,106.19000,105.12000,106.07000,1032400
1490103000,106.07000,107.56000,104.07000,104.25000,1249500
1490189400,104.60000,105.47000,103.30000,105.22000,984800
1490275800,105.18000,106.39000,104.85000,105.15000,690000
1490362200,105.54000,106.18000,104.03000,104.45000,527400
1490621400,103.62000,104.95000,102.65000,104.60000,841100
1490707800,104.58000,105.46000,104.13000,104.88000,805000
1490794200,105.00000,105.95000,104.90000,105.04000,916300
1490880600,105.08000,106.09000,104.84000,105.14000,671400
1490967000,104.96000,106.49000,104.38000,105.64000,936800
1491226200,105.73000,106.30000,103.83000,105.03000,991500
1491312600,104.97000,105.92000,104.81000,105.50000,884000
1491399000,105.69000,106.70000,104.91000,105.21000,1168300
1491485400,105.33000,106.17000,104.90000,106.03000,705100
1491571800,106.02000,106.30000,105.51000,105.94000,1211600
1491831000,105.96000,106.21000,104.58000,104.86000,984200
1491917400,104.56000,105.70000,104.33000,105.61000,645700
1492003800,106.00000,106.08000,103.80000,104.12000,689600
1492090200,104.00000,104.81000,103.42000,103.62000,499300
1492435800,103.75000,104.63000,103.46000,104.63000,721100
1492522200,103.95000,105.81000,103.95000,105.77000,890800
1492608600,106.05000,106.93000,105.37000,105.84000,948500
1492695000,106.14000,106.25000,105.39000,105.52000,888800
1492781400,105.60000,106.02000,104.89000,105.10000,1106600
1493040600,106.02000,106.94000,105.88000,106.83000,934000
1493127000,107.44000,108.46000,107.37000,108.09000,706500
1493213400,108.11000,108.56000,107.24000,108.30000,671200
1493299800,108.28000,109.23000,107.78000,108.18000,759300
1493386200,108.24000,109.05000,108.20000,108.91000,1206100
1493645400,109.09000,110.13000,107.00000,109.39000,854800
1493731800,109.34000,109.34000,108.00000,108.38000,831000
1493818200,108.35000,108.63000,107.19000,107.65000,968600
1493904600,111.99000,112.73000,108.44000,108.71000,1977000
1493991000,109.36000,110.90000,108.85000,110.01000,1116500
1494250200,110.02000,110.31000,108.72000,109.56000,864000
1494336600,109.50000,109.92000,108.70000,109.33000,709800
1494423000,109.50000,110.60000,109.16000,110.57000,819200
1494509400,110.57000,110.94000,110.08000,110.74000,549000
1494595800,110.44000,110.74000,110.09000,110.38000,601900
1494855000,111.09000,112.82000,110.72000,112.05000,654200
1494941400,112.45000,112.88000,111.70000,112.37000,759900
1495027800,112.37000,112.37000,110.49000,110.54000,981300
1495114200,109.98000,110.67000,108.87000,110.00000,921000
1495200600,110.45000,111.80000,110.16000,110.32000,897000
1495459800,110.91000,111.06000,109.74000,110.58000,797800
1495546200,110.91000,112.00000,110.59000,111.71000,592100
1495632600,111.71000,112.55000,111.55000,112.05000,548600
1495719000,112.53000,113.70000,112.26000,112.59000,635900
1495805400,112.50000,113.06000,112.20000,112.86000,601000
1496151000,112.79000,112.89000,111.44000,112.46000,772000
1496237400,112.28000,113.73000,111.89000,113.60000,1136200
1496323800,113.68000,114.29000,112.89000,113.36000,813600
1496410200,113.40000,114.40000,113.06000,114.09000,605100
1496669400,113.80000,114.49000,113.16000,113.61000,689500
1496755800,113.50000,113.96000,112.62000,112.68000,754600
1496842200,112.68000,113.17000,112.38000,112.80000,1068500
1496928600,112.80000,114.76000,112.37000,114.27000,1440700
1497015000,114.75000,116.64000,114.09000,115.40000,1131500
1497274200,115.22000,115.40000,110.97000,111.19000,1804700
1497360600,112.33000,112.91000,110.98000,112.66000,1111600
1497447000,112.61000,112.66000,108.56000,109.27000,1710400
1497533400,107.96000,108.00000,103.63000,106.05000,2579100
1497619800,106.20000,108.12000,105.85000,108.09000,1704100
1497879000,108.50000,109.23000,106.90000,108.33000,1114700
1497965400,107.85000,109.14000,107.00000,107.74000,804900
1498051800,107.57000,107.62000,105.87000,106.19000,1274100
1498138200,106.47000,106.70000,105.11000,105.20000,1180000
1498224600,105.31000,105.91000,104.42000,104.85000,3099700
1498483800,105.11000,106.56000,104.25000,105.02000,1826300
1498570200,105.39000,105.69000,104.30000,104.47000,1313000
1498656600,105.13000,107.33000,104.63000,106.92000,1201500
1498743000,107.18000,107.26000,103.77000,104.67000,985700
1498829400,105.22000,106.53000,105.12000,105.54000,807200
1499088600,106.34000,106.53000,105.34000,106.03000,555400
1499261400,106.00000,108.66000,106.00000,108.02000,1356400
1499347800,107.86000,109.08000,107.30000,108.05000,1173700
1499434200,108.32000,110.45000,108.15000,109.99000,1567300
1499693400,110.21000,111.90000,110.00000,111.34000,1443600
1499779800,111.68000,113.08000,110.85000,112.95000,1321700
1499866200,113.50000,117.13000,113.38000,116.54000,2115100
1499952600,116.60000,119.00000,116.60000,117.68000,2336800
1500039000,118.37000,118.99000,117.01000,117.57000,1723100
1500298200,117.66000,117.77000,116.46000,116.86000,863700
1500384600,116.82000,118.18000,116.17000,117.73000,688900
1500471000,117.97000,119.59000,116.66000,119.16000,1215400
1500557400,119.00000,119.16000,117.64000,117.91000,928700
1500643800,117.99000,118.88000,117.59000,118.34000,1017200
1500903000,118.53000,119.39000,117.84000,118.60000,1596600
1500989400,119.50000,119.50000,118.40000,118.80000,1128000
1501075800,119.16000,119.28000,117.00000,117.20000,870700
1501162200,117.81000,118.31000,115.20000,116.37000,955900
1501248600,116.36000,116.98000,115.90000,116.50000,1388000
1501507800,116.80000,117.01000,115.73000,115.80000,925200
1501594200,116.06000,117.68000,115.30000,117.43000,916200
1501680600,117.50000,119.96000,117.05000,119.45000,1527100
1501767000,119.79000,119.96000,118.48000,118.80000,1321400
1501853400,118.97000,119.99000,118.75000,119.60000,1077200
1502112600,120.62000,123.48000,120.00000,123.08000,3815400
1502199000,119.13000,119.17000,113.68000,115.41000,5311600
1502285400,114.66000,115.71000,111.23000,113.16000,2603600
1502371800,112.50000,112.51000,110.25000,110.95000,2603500
1502458200,110.00000,110.28000,108.60000,109.36000,2137700
1502717400,110.14000,111.48000,110.05000,110.83000,1620100
1502803800,111.00000,112.43000,110.01000,111.88000,1179300
1502890200,112.00000,113.84000,111.26000,113.42000,1289000
1502976600,113.94000,113.94000,112.00000,112.11000,1046000
1503063000,112.04000,113.32000,111.56000,112.59000,872700
1503322200,112.65000,113.59000,112.23000,113.48000,686000
1503408600,113.89000,116.19000,113.77000,115.82000,974200
1503495000,115.57000,116.41000,115.11000,115.39000,609300
1503581400,115.63000,116.27000,114.72000,114.86000,948100
1503667800,115.13000,115.46000,114.26000,114.95000,605600
1503927000,115.93000,116.00000,114.46000,115.43000,594800
1504013400,114.80000,114.80000,113.47000,114.46000,627300
1504099800,114.55000,115.54000,113.86000,115.17000,717600
1504186200,116.22000,117.15000,115.96000,116.26000,909200
1504272600,117.06000,118.86000,116.63000,118.63000,909300
1504618200,119.00000,120.03000,116.16000,116.67000,1177800
1504704600,116.95000,119.65000,116.22000,118.66000,1263000
1504791000,118.75000,119.73000,117.89000,118.09000,891800
1504877400,118.08000,119.00000,117.79000,118.28000,688600
1505136600,120.12000,124.32000,119.52000,123.85000,1724200
1505223000,124.50000,126.32000,124.27000,124.64000,1402000
1505309400,124.66000,126.15000,124.44000,125.60000,1284400
1505395800,125.28000,126.20000,124.75000,126.00000,1220500
1505482200,126.30000,127.83000,125.30000,127.29000,1617800
1505741400,128.50000,131.66000,128.16000,131.02000,1694500
1505827800,131.50000,135.25999,131.22000,134.64999,1990900
1505914200,135.28999,136.95000,134.08000,136.08000,2917300
1506000600,136.50000,136.50000,134.08000,134.89000,2017900
1506087000,134.39999,134.88000,133.25999,134.28999,1324200
1506346200,132.28000,132.64999,127.31000,128.89000,2642500
1506432600,129.00000,129.91000,127.41000,128.42000,1422100
1506519000,129.16000,131.12000,128.89000,130.02000,1235600
1506605400,130.57001,132.55000,130.20000,132.32001,1299900
1506691800,132.80000,137.48000,132.50000,136.31000,2103600
1506951000,136.25000,136.88000,133.84000,136.62000,1180300
1507037400,137.22000,137.83000,136.32001,137.42000,889400
1507123800,137.89999,138.59000,137.09000,138.22000,1113100
1507210200,138.67999,140.10001,138.23000,139.66000,820000
1507296600,135.69000,137.22000,134.53999,137.19000,1988400
1507555800,137.55000,138.10001,135.23000,136.55000,893400
1507642200,137.24001,138.14999,135.83000,137.77000,832400
1507728600,138.00000,138.22000,136.37000,137.42000,1205400
1507815000,137.00000,138.33000,136.96001,137.30000,932000
1507901400,138.75000,139.48000,137.53000,138.94000,906400
1508160600,139.84000,141.31000,138.61000,140.16000,1332600
1508247000,140.67000,140.70000,138.89000,139.41000,1049200
1508333400,140.06000,140.28000,139.30000,139.66000,719900
1508419800,138.22000,139.52000,137.14999,139.49001,798300
1508506200,140.70000,141.28999,140.06000,140.78000,925000
1508765400,141.00000,141.39999,137.77000,138.53000,1535500
1508851800,138.89999,139.48000,137.86000,138.72000,1332800
1508938200,139.50000,140.44000,136.88000,138.53000,1778700
1509024600,139.39999,139.75999,137.60001,139.03999,1375900
1509111000,139.64000,139.97000,137.87000,139.08000,1204800
1509370200,139.08000,140.17000,138.53000,139.50999,834800
1509456600,139.02000,140.89000,139.02000,140.89000,1576300
1509543000,142.00000,142.42000,140.85001,142.33000,906700
1509629400,142.50000,143.69000,135.61000,136.91000,2364000
1509715800,136.55000,140.35001,135.25000,140.03999,1395300
1509978600,140.24001,142.00000,140.14000,141.97000,950800
1510065000,142.00000,143.57001,141.86000,143.13000,1560600
1510151400,143.53000,144.99001,142.50000,144.58000,1750000
1510237800,142.11000,142.44000,136.39000,140.84000,2589200
1510324200,141.02000,142.69000,140.42000,140.62000,1056300
1510583400,139.53999,143.66000,139.52000,143.37000,948500
1510669800,139.52000,139.62000,136.81000,137.64999,1715600
1510756200,136.00000,136.20000,131.14999,134.53999,1987100
1510842600,135.50000,136.75000,134.67999,135.33000,1915200
1510929000,135.92000,136.32001,134.64000,136.21001,1441700
1511188200,135.48000,136.20000,135.00999,135.39999,1009300
1511274600,136.28999,137.72000,136.05000,136.70000,958500
1511361000,137.75000,137.84000,135.17000,135.25000,715400
1511533800,135.61000,137.50999,135.50000,137.06000,415500
1511793000,137.06000,137.35001,136.19000,136.23000,773900
1511879400,136.75999,137.53999,135.89999,136.89000,690700
1511965800,137.14999,137.14999,130.63000,131.95000,1529700
1512052200,132.03000,134.81000,131.75999,134.32001,1291000
1512138600,134.86000,135.39999,130.00999,132.14999,1240100
1512397800,133.42999,133.89999,129.17000,129.35001,1595600
1512484200,128.50000,130.25000,127.18000,127.99000,1414300
1512570600,127.53000,128.20000,126.31000,127.48000,1675300
1512657000,127.06000,130.53999,127.00000,129.08000,979500
1512743400,129.92999,131.85001,129.89000,130.60001,1557300
1513002600,130.92000,132.14999,130.17000,131.14000,970900
1513089000,131.00000,131.12000,130.12000,130.36000,1025700
1513175400,130.37000,131.10001,129.78000,130.10001,960800
1513261800,130.00000,130.06000,127.52000,127.58000,1015000
1513348200,129.19000,132.03999,128.99001,129.57001,2133700
1513607400,131.63000,132.81000,131.13000,132.08000,1387600
1513693800,132.12000,132.99001,131.60001,132.02000,1047100
1513780200,132.50000,132.81000,131.30000,131.33000,832300
1513866600,131.69000,131.97000,128.47000,128.64999,1102100
1513953000,128.37000,129.46001,128.00000,129.28999,781100
1514298600,129.24001,129.39999,128.06000,129.03999,326200
1514385000,129.00000,129.60001,128.17999,128.42999,667800
1514471400,128.55000,128.81000,127.37000,128.45000,998200
1514557800,128.77000,129.20000,127.52000,127.89000,714600
1514903400,128.92999,131.91000,128.49001,131.53000,1118600
1514989800,132.03999,133.94000,130.62000,131.78999,1042100
1515076200,132.25000,132.96001,130.11000,130.22000,820600
1515162600,131.03999,132.78999,130.50999,131.72000,806500
1515421800,134.30000,138.67000,133.58000,137.45000,1945200
1515508200,137.52000,137.98000,135.00999,135.44000,1198100
1515594600,135.11000,135.25000,132.28999,132.96001,884600
1515681000,133.30000,134.75999,132.60001,134.69000,838400
1515767400,135.33000,135.81000,133.09000,133.52000,990100
1516113000,134.11000,134.87000,125.70000,128.00000,2879600
1516199400,129.20000,129.45000,126.00000,126.95000,2017000
1516285800,115.20000,118.75000,112.54000,117.91000,8622300
1516372200,118.90000,119.40000,115.50000,116.01000,4275100
1516631400,115.78000,115.93000,113.06000,113.53000,3648000
1516717800,114.31000,115.00000,112.12000,113.00000,2972100
1516804200,114.00000,114.16000,112.04000,112.40000,2727500
1516890600,112.66000,116.94000,112.66000,116.90000,2499800
1516977000,117.00000,117.82000,114.01000,114.41000,1916700
1517236200,114.23000,114.46000,111.31000,111.68000,2250800
1517322600,112.38000,113.74000,111.05000,111.37000,2146000
1517409000,111.85000,112.08000,110.25000,111.59000,2606200
1517495400,110.92000,111.57000,108.96000,109.20000,1961800
1517581800,108.52000,109.12000,104.92000,105.51000,2738600
1517841000,104.28000,109.90000,102.85000,105.15000,3838000
1517927400,103.51000,108.52000,103.31000,107.54000,2903900
1518013800,107.46000,109.48000,106.56000,106.63000,1668300
1518100200,106.94000,108.70000,105.14000,105.18000,2377500
1518186600,106.00000,108.71000,103.75000,107.72000,2573800
1518445800,109.28000,112.15000,109.01000,111.59000,2637100
1518532200,111.60000,112.60000,108.08000,108.45000,2763500
1518618600,107.18000,112.16000,106.63000,111.72000,2051700
1518705000,112.43000,114.65000,111.38000,114.61000,1760200
1518791400,114.36000,114.59000,111.96000,112.24000,1668900
1519137000,112.00000,115.39000,112.00000,114.58000,1431700
1519223400,115.35000,116.50000,112.87000,113.01000,1775000
1519309800,113.88000,114.75000,113.16000,113.68000,1021900
1519396200,115.84000,118.83000,115.61000,118.75000,2142300
1519655400,114.35000,114.90000,107.12000,110.10000,7152000
1519741800,110.56000,113.10000,110.56000,111.57000,2665700
1519828200,112.60000,112.90000,98.93000,100.43000,6717200
1519914600,101.27000,101.31000,94.70000,96.01000,7170800
1520001000,95.69000,95.85000,90.49000,95.02000,5718000
1520260200,94.22000,97.66000,93.50000,96.44000,2503300
1520346600,98.40000,100.89000,97.79000,100.14000,3587400
1520433000,99.00000,100.62000,98.58000,100.05000,1567900
1520519400,100.16000,101.35000,98.65000,99.28000,1274400
1520605800,99.71000,102.42000,99.08000,101.76000,1510000
1520861400,101.99000,103.97000,101.60000,102.99000,1509000
1520947800,103.00000,104.39000,102.55000,103.13000,1373100
1521034200,103.13000,104.31000,100.10000,100.33000,1965700
1521120600,100.53000,100.93000,97.85000,98.07000,1506900
1521207000,97.91000,98.81000,96.50000,98.37000,2101800
1521466200,97.57000,98.00000,95.81000,96.91000,1186300
1521552600,96.96000,96.96000,94.00000,95.32000,3660000
1521639000,95.68000,98.77000,94.61000,97.47000,1780300
1521725400,96.31000,97.70000,94.05000,94.11000,1536200
1521811800,94.00000,95.58000,93.03000,93.24000,1356700
1522071000,94.57000,95.33000,93.14000,94.36000,1691600
1522157400,94.78000,95.75000,92.81000,93.43000,1644700
1522243800,93.43000,93.84000,89.28000,89.56000,2906300
1522330200,90.46000,93.69000,90.05000,92.74000,2275700
1522675800,92.05000,92.45000,88.63000,88.96000,1919800
1522762200,89.58000,90.65000,87.56000,90.42000,1883800
1522848600,87.78000,91.64000,86.75000,91.60000,2280800
1522935000,92.28000,98.49000,91.86000,95.77000,2884300
1523021400,94.51000,95.62000,91.23000,91.80000,2707900
1523280600,92.77000,92.77000,90.78000,91.22000,1161400
1523367000,92.87000,93.63000,91.68000,92.33000,1453300
1523453400,91.84000,93.99000,91.21000,93.31000,1072800
1523539800,93.65000,94.09000,92.32000,93.39000,1185400
1523626200,96.14000,96.44000,94.44000,95.50000,1999300
1523885400,96.45000,97.57000,94.54000,96.87000,1415800
1523971800,97.64000,97.96000,95.84000,96.63000,1164200
1524058200,97.26000,99.78000,97.05000,98.79000,1145700
1524144600,99.00000,99.70000,96.92000,98.59000,1526400
1524231000,98.23000,98.32000,97.11000,97.75000,912300
1524490200,97.67000,98.50000,97.03000,97.34000,804900
1524576600,97.85000,98.50000,94.11000,95.78000,1328600
1524663000,95.80000,96.22000,94.48000,95.46000,870800
1524749400,95.84000,97.31000,94.56000,96.55000,1030400
1524835800,96.41000,97.66000,96.14000,96.95000,857100
1525095000,96.96000,98.84000,96.71000,96.96000,1441900
1525181400,96.27000,97.62000,95.66000,97.62000,1221600
1525267800,97.60000,99.77000,97.56000,97.84000,1398300
1525354200,97.85000,99.24000,96.51000,97.89000,1384000
1525440600,97.61000,100.78000,97.52000,100.06000,1294300
1525699800,100.11000,102.38000,99.69000,100.11000,1388200
1525786200,100.00000,101.39000,99.50000,100.72000,1680600
1525872600,101.72000,102.77000,100.17000,101.75000,1934900
1525959000,101.46000,101.89000,96.64000,98.39000,3860700
1526045400,98.00000,99.03000,97.76000,98.54000,1683200
1526304600,99.30000,101.13000,98.98000,99.24000,1525200
1526391000,99.08000,101.75000,98.03000,100.81000,1728400
1526477400,101.15000,102.90000,101.07000,102.35000,1545800
1526563800,102.62000,105.87000,102.50000,104.80000,2770400
1526650200,105.00000,106.30000,104.15000,104.92000,2305800
1526909400,105.50000,106.40000,103.51000,104.07000,1853900
1526995800,104.54000,105.14000,102.13000,102.34000,1034200
1527082200,101.34000,102.25000,100.80000,101.84000,907200
1527168600,99.58000,99.97000,94.95000,95.02000,3516900
1527255000,94.40000,95.31000,93.37000,94.82000,1741900
1527600600,94.58000,94.79000,92.61000,93.03000,1612200
1527687000,93.59000,94.45000,93.00000,93.59000,1241000
1527773400,93.56000,94.32000,93.25000,93.47000,1430000
1527859800,93.50000,95.08000,93.50000,94.26000,1242800
1528119000,94.57000,95.00000,93.83000,94.44000,962300
1528205400,94.50000,95.34000,94.29000,94.65000,973300
1528291800,94.80000,95.68000,93.95000,95.67000,1738000
1528378200,95.64000,96.43000,94.69000,95.22000,887500
1528464600,95.20000,95.80000,94.64000,95.37000,1044200
1528723800,95.45000,96.38000,94.63000,95.37000,815800
1528810200,97.11000,97.75000,95.36000,95.74000,1584600
1528896600,95.83000,96.03000,94.10000,94.18000,1598200
1528983000,94.19000,94.97000,93.35000,93.66000,1148200
1529069400,93.13000,93.62000,92.20000,93.33000,1698900
1529328600,93.11000,93.14000,92.28000,92.87000,1675600
1529415000,91.81000,91.87000,90.24000,91.40000,1841100
1529501400,92.08000,92.63000,91.31000,91.61000,1333700
1529587800,91.41000,92.56000,91.25000,91.97000,1319600
1529674200,92.38000,93.62000,92.16000,93.46000,1380200
1529933400,93.65000,94.97000,91.29000,91.96000,1414900
1530019800,92.33000,93.10000,91.89000,92.52000,1070700
1530106200,93.74000,96.33000,93.27000,93.41000,1967800
1530192600,93.25000,93.76000,92.50000,93.64000,943700
1530279000,94.13000,96.95000,93.80000,94.33000,1768400
1530538200,93.94000,94.79000,92.98000,93.48000,1182400
1530624600,96.66000,97.82000,95.88000,96.62000,1726500
1530797400,96.88000,97.37000,93.30000,94.78000,1850900
1530883800,94.38000,96.27000,93.84000,95.54000,1171900
1531143000,95.75000,96.52000,95.48000,95.98000,1003600
1531229400,95.98000,96.84000,95.04000,95.81000,1124600
1531315800,95.00000,95.21000,94.10000,94.68000,1173300
1531402200,95.97000,96.29000,94.87000,95.35000,996500
1531488600,95.50000,96.00000,94.86000,95.57000,847300
1531747800,95.49000,95.71000,94.67000,94.96000,2343000
1531834200,94.85000,97.29000,94.50000,96.97000,1103900
1531920600,96.91000,97.86000,96.06000,96.74000,1394600
1532007000,95.99000,96.55000,95.04000,96.21000,976000
1532093400,95.66000,95.71000,93.56000,93.90000,1803800
1532352600,93.74000,93.74000,90.02000,90.92000,2490600
1532439000,91.84000,92.43000,90.66000,90.90000,1318400
1532525400,90.54000,91.93000,90.31000,91.79000,1115600
1532611800,91.90000,93.43000,91.13000,93.06000,1209000
1532698200,93.27000,94.14000,92.01000,93.26000,889900
1532957400,93.26000,93.26000,91.62000,92.42000,1272200
1533043800,92.63000,94.53000,92.31000,94.20000,989500
1533130200,94.00000,94.16000,90.09000,91.01000,1763100
1533216600,90.65000,92.36000,90.08000,92.02000,1494900
1533303000,92.26000,92.91000,91.81000,92.61000,786700
1533562200,92.30000,92.93000,91.88000,92.66000,1110100
1533648600,93.00000,93.73000,92.60000,92.81000,1603600
1533735000,97.41000,100.49000,96.52000,98.77000,5215100
1533821400,99.15000,103.11000,98.62000,100.76000,3463900
1533907800,100.05000,100.80000,98.21000,98.50000,1340100
1534167000,98.13000,98.42000,95.55000,95.63000,2108700
1534253400,95.75000,97.42000,95.60000,97.33000,1152900
1534339800,96.17000,96.70000,93.54000,95.54000,1930600
1534426200,96.49000,98.15000,96.49000,97.06000,1116900
1534512600,96.61000,96.72000,94.28000,95.44000,1334900
1534771800,95.60000,96.33000,95.32000,95.54000,1129700
1534858200,95.47000,95.61000,94.44000,94.84000,1384300
1534944600,95.00000,95.35000,94.30000,94.53000,1236100
1535031000,94.50000,94.60000,92.41000,93.77000,3337400
1535117400,94.26000,96.98000,94.00000,96.00000,1612700
1535376600,96.30000,97.99000,96.10000,96.89000,883900
1535463000,96.94000,98.11000,96.38000,96.94000,1058300
1535549400,96.80000,97.22000,95.58000,96.72000,753800
1535635800,96.19000,96.46000,94.56000,95.05000,985200
1535722200,94.71000,96.43000,94.45000,95.52000,762900
1536067800,97.00000,97.58000,95.01000,96.57000,1488400
1536154200,96.57000,96.86000,95.06000,96.45000,1333800
1536240600,96.69000,98.49000,96.64000,97.66000,1355700
1536327000,96.90000,97.97000,95.78000,97.19000,1280100
1536586200,97.42000,97.92000,96.83000,97.39000,1227000
1536672600,97.08000,99.46000,96.39000,98.84000,1536400
1536759000,98.82000,100.08000,98.15000,99.46000,1221000
1536845400,99.86000,101.24000,99.60000,100.61000,1415100
1536931800,100.87000,101.55000,99.47000,100.90000,1250400
1537191000,100.90000,103.49000,100.63000,102.45000,1769500
1537277400,102.45000,103.18000,101.23000,103.06000,1301500
1537363800,103.35000,106.35000,103.34000,105.49000,1644800
1537450200,105.60000,107.00000,105.41000,106.60000,1523400
1537536600,106.97000,107.42000,104.54000,105.42000,2066900
1537795800,105.14000,106.10000,104.46000,104.94000,1230600
1537882200,105.30000,105.45000,102.32000,102.53000,1454700
1537968600,102.08000,102.58000,101.13000,101.32000,1491500
1538055000,101.41000,101.76000,99.73000,100.95000,1079100
1538141400,100.74000,101.16000,99.72000,99.78000,1421000
1538400600,100.67000,101.13000,100.10000,100.84000,758200
1538487000,101.14000,102.01000,100.57000,101.85000,1035500
1538573400,102.03000,105.00000,101.77000,104.04000,1352400
1538659800,104.00000,104.71000,102.61000,104.22000,1168100
1538746200,104.16000,105.25000,101.97000,103.06000,1521000
1539005400,102.13000,102.52000,100.53000,102.25000,2145400
1539091800,101.20000,101.20000,96.97000,97.28000,2716200
1539178200,97.24000,97.35000,95.48000,95.67000,1833300
1539264600,94.60000,96.40000,94.03000,94.36000,1614000
1539351000,95.58000,96.12000,94.11000,95.09000,1048200
1539610200,95.16000,96.71000,95.10000,96.05000,759200
1539696600,96.47000,97.42000,95.40000,97.14000,993400
1539783000,96.48000,97.36000,96.09000,96.32000,1183100
1539869400,96.24000,96.85000,94.55000,95.67000,1202400
1539955800,95.56000,96.29000,95.07000,95.63000,880100
1540215000,96.27000,98.02000,95.38000,97.26000,1317800
1540301400,95.63000,96.78000,93.76000,96.16000,1497800
1540387800,96.27000,96.41000,93.48000,93.64000,1538100
1540474200,94.37000,95.57000,93.68000,95.41000,1135900
1540560600,94.01000,95.77000,92.65000,95.24000,1621200
1540819800,96.50000,97.90000,93.96000,95.16000,1448600
1540906200,95.00000,97.37000,93.68000,97.12000,1305700
1540992600,98.09000,100.25000,97.88000,99.22000,2166800
1541079000,100.38000,105.84000,100.00000,105.42000,2981900
1541165400,105.81000,108.47000,105.59000,106.44000,1710800
1541428200,106.12000,106.85000,104.99000,106.21000,829800
1541514600,106.25000,107.89000,106.10000,107.79000,1222100
1541601000,108.00000,108.74000,106.66000,107.99000,1751800
1541687400,104.30000,107.00000,101.60000,105.87000,2643900
1541773800,104.00000,104.50000,100.49000,102.38000,1455000
1542033000,102.26000,102.28000,97.95000,98.07000,1241600
1542119400,98.38000,100.93000,98.33000,99.20000,1453900
1542205800,100.00000,101.02000,99.47000,99.94000,785700
1542292200,99.73000,103.37000,99.07000,102.70000,1139600
1542378600,102.10000,102.79000,99.86000,100.98000,1379700
1542637800,100.64000,102.20000,99.31000,99.61000,981100
1542724200,97.86000,98.14000,95.04000,95.74000,1643800
1542810600,96.01000,96.67000,93.29000,95.52000,1202700
1542983400,94.95000,98.08000,94.62000,96.77000,482900
1543242600,97.34000,98.01000,95.89000,96.61000,977600
1543329000,95.66000,96.95000,94.62000,95.43000,1014200
1543415400,95.15000,96.69000,94.03000,96.62000,1093400
1543501800,96.70000,96.87000,94.39000,96.42000,894300
1543588200,96.00000,97.29000,95.22000,96.32000,1037800
1543847400,98.59000,100.36000,97.60000,98.46000,1698000
1543933800,98.18000,99.82000,93.01000,93.19000,2421500
1544106600,92.04000,92.04000,88.02000,91.19000,2034900
1544193000,91.32000,92.23000,88.08000,88.65000,1523500
1544452200,88.98000,89.81000,87.25000,89.04000,1088000
1544538600,91.03000,92.09000,88.71000,89.08000,1060200
1544625000,90.27000,90.54000,88.71000,88.78000,973000
1544711400,88.60000,89.10000,87.22000,87.94000,955700
1544797800,87.07000,87.64000,84.01000,84.97000,1719900
1545057000,84.53000,84.61000,79.70000,80.51000,2762400
1545143400,81.22000,82.67000,80.64000,81.03000,1690000
1545229800,81.33000,82.64000,79.07000,79.80000,1764700
1545316200,77.56000,78.14000,73.67000,76.16000,4684500
1545402600,76.33000,77.66000,74.60000,74.84000,2776000
1545661800,73.96000,74.83000,72.44000,73.13000,870200
1545834600,73.43000,76.31000,71.89000,76.28000,1500300
1545921000,75.28000,77.31000,74.00000,77.22000,1657000
1546007400,77.58000,78.39000,76.11000,76.74000,1202500
1546266600,77.00000,77.75000,76.03000,77.07000,1040100
1546439400,75.80000,79.03000,75.13000,78.11000,1052300
1546525800,76.85000,76.88000,72.58000,72.69000,1968100
1546612200,74.57000,77.28000,74.37000,76.24000,2089500
1546871400,76.29000,77.14000,75.35000,76.58000,1413300
1546957800,77.28000,77.71000,76.60000,77.33000,1622800
1547044200,77.78000,78.08000,75.93000,76.84000,1113900
1547130600,76.23000,77.98000,75.54000,77.27000,1929400
1547217000,76.72000,77.85000,75.37000,77.41000,1526200
1547476200,76.60000,77.48000,76.09000,76.97000,1374900
1547562600,74.97000,76.02000,73.13000,73.64000,2128200
1547649000,73.92000,74.93000,73.50000,73.93000,2634300
1547735400,73.84000,75.73000,73.55000,75.29000,2020800
1547821800,75.83000,77.25000,75.77000,76.63000,1457300
1548167400,75.49000,75.71000,74.10000,75.37000,1435800
1548253800,75.64000,75.84000,73.48000,73.92000,1271100
1548340200,73.97000,75.19000,73.65000,74.02000,1660300
1548426600,75.78000,77.36000,75.59000,76.58000,2234900
1548685800,76.23000,77.54000,76.02000,77.09000,1273500
1548772200,77.49000,78.78000,77.49000,78.32000,1815100
1548858600,79.09000,80.47000,78.35000,80.21000,1592500
1548945000,80.74000,81.55000,79.60000,80.73000,1971400
1549031400,80.89000,81.89000,80.51000,81.30000,969200
1549290600,81.30000,82.00000,80.97000,81.94000,885100
1549377000,81.25000,81.94000,80.14000,81.32000,1410600
1549463400,80.93000,82.88000,80.85000,82.19000,1154500
1549549800,81.37000,81.78000,79.29000,80.64000,1222800
1549636200,79.83000,81.03000,79.52000,81.01000,712500
1549895400,81.57000,81.89000,80.31000,80.86000,659900
1549981800,80.34000,80.89000,78.42000,80.45000,1947500
1550068200,81.02000,82.16000,80.96000,81.73000,886600
1550154600,81.41000,81.86000,80.40000,80.42000,1362500
1550241000,81.80000,81.80000,80.33000,81.37000,1549800
1550586600,81.05000,83.47000,80.42000,83.13000,1616100
1550673000,83.32000,84.17000,82.74000,82.81000,1770900
1550759400,88.59000,92.00000,85.83000,89.26000,5503500
1550845800,89.83000,89.90000,88.01000,89.18000,1511000
1551105000,89.99000,92.00000,89.94000,91.57000,1607600
1551191400,91.22000,92.29000,90.86000,91.00000,1265400
1551277800,91.01000,93.14000,90.65000,92.28000,1128300
1551364200,92.18000,92.18000,90.91000,91.29000,1338800
1551450600,92.00000,92.48000,90.61000,90.79000,1320900
1551709800,91.00000,91.00000,87.10000,88.49000,1691500
1551796200,88.35000,88.66000,87.37000,87.93000,960800
1551882600,87.95000,88.23000,86.16000,86.37000,754600
1551969000,85.73000,86.00000,83.96000,84.60000,1296800
1552055400,83.14000,83.24000,80.80000,82.97000,1779500
1552311000,83.37000,85.52000,83.10000,85.51000,1016000
1552397400,85.86000,86.13000,85.04000,85.47000,850400
1552483800,86.03000,86.86000,85.62000,86.21000,1013400
1552570200,85.83000,86.20000,84.58000,84.73000,787300
1552656600,85.07000,86.00000,85.07000,85.42000,1498800
1552915800,85.59000,86.44000,85.00000,86.43000,759800
1553002200,87.35000,87.35000,84.88000,85.23000,891600
1553088600,85.25000,85.34000,83.91000,84.44000,734500
1553175000,84.44000,86.11000,84.26000,85.51000,916900
1553261400,85.00000,85.39000,82.51000,82.72000,890500
1553520600,82.14000,82.25000,80.85000,81.58000,1013400
1553607000,81.82000,82.87000,80.39000,81.04000,1568200
1553693400,81.05000,81.35000,79.80000,80.15000,1091900
1553779800,80.00000,81.42000,79.80000,81.17000,975000
1553866200,81.32000,82.37000,80.81000,81.98000,1794400
1554125400,82.43000,84.56000,82.43000,84.20000,1439100
1554211800,84.37000,84.50000,82.02000,82.90000,1782900
1554298200,83.72000,84.55000,83.39000,84.21000,1976500
1554384600,84.45000,85.98000,84.12000,85.55000,1544500
1554471000,85.86000,86.63000,85.42000,86.14000,1424500
1554730200,86.20000,86.95000,85.78000,86.94000,964300
1554816600,86.71000,86.89000,84.67000,84.78000,1484000
1554903000,84.88000,85.80000,84.14000,85.55000,821500
1554989400,85.20000,85.30000,82.63000,82.71000,1404700
1555075800,83.08000,84.25000,82.74000,83.66000,1090200
1555335000,83.58000,83.63000,81.99000,82.26000,1352400
1555421400,82.53000,83.45000,82.11000,83.21000,1399300
1555507800,83.86000,85.21000,82.10000,82.10000,1357500
1555594200,82.18000,82.65000,81.19000,82.57000,790800
1555939800,82.46000,82.57000,81.56000,82.17000,576400
1556026200,81.64000,81.64000,77.64000,79.05000,2307300
1556112600,79.10000,79.68000,76.68000,76.80000,1653900
1556199000,76.60000,76.75000,74.80000,74.87000,1545300
1556285400,74.70000,75.86000,73.57000,75.56000,1622300
1556544600,75.50000,76.11000,74.71000,75.71000,1191800
1556631000,75.85000,76.31000,74.93000,75.06000,1239900
1556717400,75.00000,75.40000,73.96000,74.07000,1045500
1556803800,73.88000,76.17000,73.25000,76.09000,2306400
1556890200,76.77000,77.40000,76.31000,77.05000,1515800
1557149400,75.66000,77.22000,75.09000,77.05000,1968300
1557235800,76.52000,76.85000,75.10000,75.85000,2447500
1557322200,72.03000,73.48000,71.23000,72.58000,3919100
1557408600,71.54000,73.11000,69.01000,72.61000,3164500
1557495000,72.73000,73.06000,70.20000,72.63000,2037100
1557754200,71.28000,71.49000,68.45000,68.55000,3315500
1557840600,68.86000,70.56000,68.76000,70.22000,1605800
1557927000,69.28000,70.67000,69.04000,69.58000,2012600
1558013400,70.10000,70.41000,69.22000,69.41000,1497200
1558099800,68.74000,68.99000,67.60000,67.76000,1406300
1558359000,67.55000,68.17000,67.06000,67.78000,1206300
1558445400,68.09000,69.41000,67.90000,68.50000,1100100
1558531800,68.08000,68.61000,67.86000,67.96000,734100
1558618200,66.50000,67.22000,65.98000,66.34000,2144900
1558704600,66.97000,67.43000,66.08000,66.80000,1544400
1559050200,67.07000,67.80000,66.60000,67.43000,1514500
1559136600,66.50000,66.92000,65.46000,65.80000,1783800
1559223000,65.60000,66.50000,65.30000,65.57000,1167400
1559309400,65.00000,65.00000,63.13000,63.30000,1593200
1559568600,63.21000,65.13000,63.10000,65.05000,2087900
1559655000,65.43000,67.57000,65.43000,67.54000,1452700
1559741400,68.31000,68.31000,66.14000,67.37000,1044400
1559827800,67.14000,68.54000,67.04000,68.46000,1177000
1559914200,68.97000,69.64000,68.25000,69.08000,1311800
1560173400,69.83000,71.16000,69.65000,70.93000,1278800
1560259800,72.24000,73.85000,71.73000,73.43000,2485400
1560346200,73.37000,73.94000,72.01000,72.18000,1366300
1560432600,72.10000,72.78000,71.52000,72.76000,920600
1560519000,72.73000,72.85000,70.54000,70.88000,966800
1560778200,70.69000,71.86000,69.77000,71.24000,1008100
1560864600,71.84000,72.47000,70.73000,70.77000,1230200
1560951000,71.12000,71.17000,68.17000,68.94000,1805400
1561037400,69.92000,70.18000,68.20000,69.49000,1999900
1561123800,69.01000,69.13000,67.25000,68.34000,1889800
1561383000,68.27000,68.86000,67.58000,68.01000,988000
1561469400,68.15000,68.43000,67.52000,67.79000,1372700
1561555800,68.22000,69.40000,68.01000,69.16000,1252100
1561642200,69.61000,70.97000,69.44000,69.52000,778900
1561728600,70.00000,70.93000,68.37000,70.41000,2059500
1561987800,71.20000,71.79000,69.74000,70.33000,932000
1562074200,70.68000,70.68000,69.40000,69.87000,682500
1562160600,70.19000,71.60000,69.87000,71.54000,626300
1562333400,71.25000,71.33000,69.97000,70.51000,732900
1562592600,70.43000,71.12000,69.55000,70.19000,787900
1562679000,69.75000,70.64000,69.53000,70.62000,926300
1562765400,70.93000,70.93000,69.81000,70.49000,1376500
1562851800,70.35000,70.92000,70.12000,70.58000,813300
1562938200,70.80000,72.81000,70.56000,72.63000,1272600
1563197400,72.84000,73.01000,71.06000,72.42000,975400
1563283800,72.00000,73.23000,71.47000,73.05000,1188200
1563370200,73.02000,73.05000,71.73000,72.64000,1101700
1563456600,72.48000,73.40000,72.38000,73.00000,736700
1563543000,73.26000,75.17000,73.01000,74.47000,1455300
1563802200,74.55000,75.33000,73.08000,73.18000,1548900
1563888600,73.76000,74.79000,73.26000,74.58000,818700
1563975000,74.35000,75.92000,74.07000,75.53000,856800
1564061400,74.92000,75.06000,73.94000,74.61000,781300
1564147800,74.61000,75.03000,73.37000,74.58000,930600
1564407000,74.37000,74.66000,72.98000,73.09000,1074900
1564493400,72.67000,73.80000,72.06000,73.60000,1056200
1564579800,73.48000,74.35000,72.38000,72.96000,1361500
1564666200,72.55000,73.39000,69.17000,69.59000,1568800
1564752600,68.99000,70.05000,67.44000,68.68000,1457500
1565011800,67.20000,67.20000,64.35000,65.41000,2421400
1565098200,65.80000,66.00000,64.10000,65.45000,1731500
1565184600,64.60000,68.01000,64.51000,67.59000,2620800
1565271000,74.71000,74.93000,69.69000,73.49000,4385400
1565357400,71.90000,72.33000,69.40000,70.25000,2188000
1565616600,69.80000,70.02000,67.06000,67.38000,1516600
1565703000,67.40000,71.18000,66.80000,68.45000,1597200
1565789400,66.46000,66.95000,64.01000,64.29000,2087400
1565875800,64.34000,64.34000,61.24000,61.66000,2688300
1565962200,62.28000,64.34000,61.24000,63.09000,1666700
1566221400,64.21000,65.33000,63.94000,64.92000,1388200
1566307800,64.45000,64.68000,63.71000,64.17000,1091500
1566394200,65.32000,66.29000,64.70000,65.91000,1003800
1566480600,64.71000,65.12000,62.69000,63.22000,1850400
1566567000,62.57000,62.69000,59.71000,59.95000,1778100
1566826200,60.85000,61.46000,60.16000,60.81000,805200
1566912600,61.43000,61.44000,59.13000,59.30000,1066600
1566999000,59.06000,59.74000,58.63000,59.32000,2283800
1567085400,60.58000,61.41000,60.10000,60.49000,2307100
1567171800,61.29000,63.27000,61.29000,61.73000,1403500
1567517400,61.00000,61.00000,59.51000,60.23000,1372100
1567603800,61.60000,61.98000,60.86000,61.31000,898800
1567690200,62.33000,63.41000,62.33000,62.97000,1854400
1567776600,63.04000,63.78000,61.93000,63.23000,1023700
1568035800,63.49000,65.44000,63.28000,65.36000,1216400
1568122200,65.49000,68.50000,65.49000,68.28000,2358000
1568208600,68.80000,69.38000,67.20000,69.25000,1839300
1568295000,69.20000,69.96000,67.82000,69.28000,986700
1568381400,69.89000,70.41000,68.20000,69.28000,1169900
1568640600,68.92000,69.79000,68.64000,68.84000,1003000
1568727000,68.19000,68.66000,67.21000,67.76000,1120500
1568813400,67.35000,68.28000,66.53000,67.40000,1131000
1568899800,67.40000,68.47000,66.71000,68.29000,1238600
1568986200,68.67000,70.42000,68.53000,68.86000,2741900
1569245400,67.97000,69.41000,67.65000,68.22000,990400
1569331800,68.50000,68.71000,66.97000,67.89000,1382700
1569418200,67.82000,68.51000,67.39000,68.30000,999500
1569504600,68.10000,68.13000,66.76000,67.19000,989000
1569591000,67.37000,68.22000,66.77000,68.14000,1667600
1569850200,68.25000,69.87000,67.99000,69.52000,1387800
1569936600,69.95000,70.84000,67.91000,68.31000,1721400
1570023000,67.38000,67.47000,66.10000,66.57000,1202800
1570109400,66.05000,67.23000,64.90000,67.23000,1122100
1570195800,67.05000,67.34000,65.94000,66.32000,974100
1570455000,65.88000,66.50000,64.67000,65.68000,1073600
1570541400,65.00000,65.00000,63.46000,63.70000,1148000
1570627800,64.36000,64.73000,62.77000,63.60000,1144100
1570714200,64.01000,65.79000,63.79000,65.46000,1093100
1570800600,66.53000,69.30000,66.25000,68.91000,1318400
1571059800,68.23000,68.58000,67.37000,67.56000,1194500
1571146200,67.90000,68.73000,67.13000,67.87000,803200
1571232600,67.86000,68.93000,67.46000,67.58000,721600
1571319000,68.35000,69.09000,67.75000,68.22000,1062800
1571405400,68.23000,68.74000,67.11000,67.13000,908400
1571664600,67.91000,68.18000,66.81000,67.24000,1153100
1571751000,67.24000,67.87000,64.88000,66.79000,1271000
1571837400,67.39000,68.16000,66.94000,67.46000,766400
1571923800,68.17000,69.68000,68.06000,69.45000,1374200
1572010200,63.79000,65.49000,62.50000,63.59000,5988000
1572269400,62.75000,64.58000,62.59000,63.74000,2780700
1572355800,63.45000,64.48000,62.75000,63.03000,2192200
1572442200,62.86000,63.44000,61.82000,62.67000,2227400
1572528600,62.31000,62.50000,60.20000,60.74000,2912300
1572615000,61.46000,64.50000,61.12000,64.49000,2339900
1572877800,65.16000,67.76000,65.10000,67.70000,2246900
1572964200,68.37000,68.66000,66.74000,67.37000,2004600
1573050600,66.79000,67.83000,66.22000,66.72000,2319200
1573137000,67.64000,72.28000,67.00000,71.39000,3003500
1573223400,69.48000,69.58000,66.21000,67.98000,3410000
1573482600,67.49000,67.89000,66.62000,67.73000,1164300
1573569000,67.00000,67.85000,64.98000,65.31000,1820100
1573655400,63.72000,65.47000,63.37000,65.18000,1554000
1573741800,64.37000,65.59000,64.03000,65.54000,1079200
1573828200,66.10000,67.37000,65.62000,66.14000,1028800
1574087400,66.12000,67.36000,65.24000,67.10000,1190100
1574173800,67.76000,67.76000,65.46000,66.46000,926100
1574260200,65.71000,66.54000,64.74000,65.05000,1496800
1574346600,65.29000,66.24000,64.53000,65.13000,1386700
1574433000,64.11000,65.46000,63.75000,64.90000,1147000
1574692200,65.11000,65.90000,64.66000,65.14000,1086300
1574778600,65.15000,65.78000,64.32000,65.59000,1417100
1574865000,65.73000,65.94000,64.74000,65.50000,930000
1575037800,65.32000,65.85000,64.92000,65.38000,440500
1575297000,65.67000,66.82000,64.97000,65.04000,1128200
1575383400,63.66000,63.87000,62.11000,63.65000,1559200
1575469800,64.20000,65.19000,62.89000,62.92000,1550100
1575556200,63.27000,63.97000,62.61000,63.68000,1379600
1575642600,64.29000,64.90000,63.62000,64.30000,1195900
1575901800,64.25000,65.50000,64.00000,64.72000,908900
1575988200,64.61000,65.52000,64.11000,65.30000,1020600
1576074600,65.34000,66.06000,65.01000,65.67000,1034600
1576161000,65.70000,68.20000,65.60000,68.02000,1771700
1576247400,68.27000,68.44000,66.32000,66.63000,1536000
1576506600,67.56000,67.89000,66.00000,66.20000,1431800
1576593000,66.30000,68.96000,66.00000,68.77000,1525600
1576679400,68.90000,69.54000,68.58000,68.90000,1382100
1576765800,69.00000,70.44000,68.28000,69.45000,1945900
1576852200,70.37000,70.99000,69.57000,70.36000,2492200
1577111400,70.36000,72.66000,69.67000,72.43000,2011200
1577197800,72.41000,72.96000,72.03000,72.32000,640700
1577370600,72.33000,72.50000,71.70000,72.49000,730300
1577457000,72.56000,72.93000,71.82000,72.01000,741600
1577716200,72.10000,72.85000,71.70000,71.93000,802200
1577802600,71.61000,73.36000,71.50000,73.04000,1016000
1577975400,73.50000,73.88000,72.19000,72.61000,1620800
1578061800,71.41000,72.39000,71.22000,71.57000,1337600
1578321000,71.00000,72.17000,70.19000,71.49000,1330000
1578407400,71.65000,73.49000,71.13000,72.43000,1574400
1578493800,70.60000,71.50000,69.61000,71.18000,2029500
1578580200,71.32000,73.07000,70.73000,72.74000,1301100
1578666600,73.01000,73.83000,71.85000,72.10000,1493300
1578925800,72.95000,76.00000,72.89000,75.86000,2668000
1579012200,76.22000,78.87000,75.60000,78.18000,3835800
1579098600,78.90000,80.93000,78.00000,80.12000,3101800
1579185000,80.36000,81.50000,78.51000,80.42000,2178700
1579271400,80.98000,81.30000,79.78000,80.90000,2151400
1579617000,80.79000,81.42000,80.58000,81.32000,2312700
1579703400,81.18000,81.96000,80.77000,81.38000,2138400
1579789800,80.33000,82.10000,79.51000,81.90000,1654700
1579876200,82.00000,82.13000,80.38000,81.18000,1409600
1580135400,78.63000,79.66000,78.01000,78.94000,2060800
1580221800,79.70000,81.22000,79.51000,80.20000,1130900
1580308200,80.83000,81.61000,79.74000,80.73000,1084500
1580394600,80.09000,80.98000,79.38000,80.78000,1261400
1580481000,79.80000,80.36000,78.72000,80.28000,5676000
1580740200,80.79000,81.28000,79.72000,80.79000,2220200
1580826600,82.50000,91.93000,82.42000,90.43000,4739800
1580913000,88.76000,89.00000,85.55000,87.58000,3418600
1580999400,87.57000,87.99000,85.54000,86.95000,1849600
1581085800,85.52000,85.72000,82.10000,82.54000,2337700
1581345000,83.11000,84.70000,83.11000,83.25000,1553700
1581431400,83.77000,85.39000,83.26000,84.71000,1311100
1581517800,87.02000,88.09000,86.10000,86.83000,1311800
1581604200,85.94000,88.67000,85.10000,87.93000,1725100
1581690600,88.54000,90.54000,88.49000,89.64000,2105500
1582036200,88.79000,89.58000,86.69000,88.70000,1448800
1582122600,89.00000,90.70000,88.69000,89.34000,2041200
1582209000,89.00000,99.40000,88.35000,94.31000,4973600
1582295400,92.15000,93.32000,90.46000,92.43000,2263400
1582554600,87.87000,90.53000,87.21000,89.61000,1682200
1582641000,90.39000,91.17000,85.68000,85.83000,2195600
1582727400,85.19000,87.78000,84.31000,85.65000,1583900
1582813800,83.11000,84.94000,80.74000,80.80000,2530000
1582900200,78.11000,82.00000,76.67000,81.85000,2580200
1583159400,82.49000,84.30000,80.15000,84.30000,1661200
1583245800,83.71000,85.24000,80.88000,82.79000,1932300
1583332200,85.06000,86.37000,83.27000,86.27000,1198000
1583418600,83.83000,86.78000,83.51000,84.77000,1490200
1583505000,82.36000,83.96000,80.64000,82.60000,1490700
1583760600,75.50000,76.35000,69.59000,72.96000,2627400
1583847000,77.11000,77.63000,72.22000,75.19000,2771400
1583933400,73.38000,73.38000,69.06000,70.07000,2059300
1584019800,63.97000,68.56000,60.57000,64.79000,2619400
1584106200,69.46000,69.78000,62.12000,68.01000,2067800
1584365400,61.34000,63.02000,58.93000,58.96000,2388300
1584451800,60.29000,68.26000,57.31000,67.06000,3062400
1584538200,62.41000,69.11000,58.62000,68.64000,2762300
1584624600,66.55000,67.83000,60.25000,61.94000,2016200
1584711000,62.68000,63.41000,53.02000,53.45000,2963600
1584970200,52.38000,54.38000,48.89000,50.90000,2507500
1585056600,53.89000,57.87000,53.05000,56.03000,1839500
1585143000,56.39000,63.86000,55.38000,60.02000,2295600
1585229400,60.00000,60.72000,57.20000,60.46000,2245100
1585315800,58.00000,58.00000,54.75000,55.02000,2439600
1585575000,55.61000,56.49000,54.51000,55.60000,2045800
1585661400,55.52000,57.73000,55.11000,56.37000,2585900
1585747800,54.26000,57.04000,53.62000,54.84000,2253900
1585834200,54.88000,59.01000,52.95000,53.66000,1911400
1585920600,53.63000,55.38000,52.69000,52.70000,1749700
1586179800,55.13000,57.68000,54.48000,56.93000,1725800
1586266200,58.31000,60.35000,56.49000,57.00000,1952000
1586352600,57.61000,62.43000,57.32000,61.82000,1706000
1586439000,62.35000,67.24000,62.17000,67.02000,1775400
1586784600,66.78000,67.35000,61.67000,63.31000,1678600
1586871000,64.75000,65.84000,63.25000,63.68000,1068400
1586957400,61.44000,61.72000,57.86000,58.25000,1335900
1587043800,58.26000,58.92000,56.70000,58.57000,1618100
1587130200,60.58000,62.79000,60.50000,61.47000,1011000
1587389400,60.00000,61.68000,59.50000,60.00000,1270600
1587475800,58.50000,59.24000,57.71000,57.86000,1381600
1587562200,58.96000,60.08000,58.60000,59.45000,684800
1587648600,60.67000,62.25000,60.26000,60.66000,816500
1587735000,61.11000,61.96000,59.68000,61.53000,1027100
1587994200,61.82000,62.83000,61.65000,62.25000,736800
1588080600,64.00000,65.70000,63.25000,64.31000,1087700
1588167000,64.06000,66.37000,64.06000,64.67000,1447900
1588253400,63.80000,64.15000,61.11000,61.43000,2007200
1588339800,60.50000,60.50000,56.94000,57.44000,1924900
1588599000,56.82000,57.82000,55.75000,57.26000,1275400
1588685400,58.37000,60.34000,58.31000,58.47000,1109000
1588771800,59.17000,60.24000,57.80000,57.93000,1885300
1588858200,59.90000,61.86000,57.39000,59.74000,2206600
1588944600,60.63000,64.50000,60.20000,64.25000,1514500
1589203800,63.16000,65.72000,62.88000,64.41000,1471300
1589290200,63.00000,63.71000,59.01000,59.26000,1881900
1589376600,59.02000,60.30000,57.77000,59.92000,1770000
1589463000,59.00000,59.78000,56.17000,59.71000,1333300
1589549400,59.50000,61.62000,59.42000,61.35000,1428000
1589808600,64.00000,65.32000,63.25000,63.93000,1288900
1589895000,63.82000,65.29000,63.00000,63.51000,1329900
1589981400,65.19000,68.61000,65.01000,68.14000,1641500
1590067800,67.82000,69.79000,67.41000,67.97000,1428300
1590154200,67.80000,68.42000,66.87000,68.11000,825400
1590499800,70.66000,75.75000,70.51000,74.93000,2391600
1590586200,76.39000,79.13000,74.04000,75.04000,1592500
1590672600,76.48000,78.43000,75.55000,75.93000,1408600
1590759000,75.45000,77.32000,74.35000,76.52000,1589800
1591018200,76.66000,78.60000,76.52000,77.42000,1061900
1591104600,78.32000,79.44000,77.03000,78.59000,1268300
1591191000,79.63000,80.96000,78.85000,78.94000,1685100
1591277400,78.00000,80.00000,77.73000,79.97000,1493700
1591363800,81.72000,84.97000,80.78000,84.31000,1950000
1591623000,84.62000,86.91000,84.25000,86.74000,1304100
1591709400,85.00000,86.00000,84.07000,85.00000,962300
1591795800,85.32000,85.60000,83.70000,83.86000,957900
1591882200,78.95000,80.04000,74.02000,74.52000,1656600
1591968600,78.00000,78.67000,75.36000,77.32000,1219900
1592227800,74.18000,77.72000,74.00000,76.41000,1134900
1592314200,79.77000,80.31000,77.26000,79.23000,1060000
1592400600,79.25000,80.30000,78.82000,79.17000,727000
1592487000,78.25000,79.55000,77.54000,78.81000,863700
1592573400,80.22000,80.97000,77.63000,78.35000,1243100
1592832600,75.51000,76.93000,74.66000,75.78000,1023200
1592919000,76.84000,77.21000,76.01000,76.12000,781700
1593005400,75.41000,75.42000,72.39000,73.32000,965600
1593091800,73.26000,74.22000,72.59000,73.95000,727200
1593178200,74.93000,75.83000,73.20000,74.64000,1652200
1593437400,75.97000,77.37000,75.03000,76.33000,843100
1593523800,75.81000,77.56000,75.74000,77.21000,1033100
1593610200,76.95000,77.67000,75.27000,76.06000,891600
1593696600,77.67000,79.64000,77.64000,78.56000,886000
1594042200,80.00000,81.30000,79.39000,81.22000,1045200
1594128600,80.26000,80.44000,77.62000,78.00000,1281300
1594215000,77.93000,79.74000,76.45000,77.95000,1351200
1594301400,78.19000,78.19000,74.78000,75.75000,1154300
1594387800,76.00000,79.04000,75.34000,78.89000,1071800
1594647000,80.30000,84.46000,80.15000,81.56000,2213100
1594733400,81.56000,84.36000,80.92000,84.15000,1353700
1594819800,85.88000,86.83000,85.15000,86.60000,1385100
1594906200,86.31000,86.77000,85.44000,86.45000,852600
1594992600,87.00000,89.62000,86.93000,88.46000,1360300
1595251800,88.75000,89.17000,86.65000,87.04000,816800
1595338200,87.57000,88.13000,87.03000,87.18000,821300
1595424600,87.20000,88.39000,86.67000,87.69000,726100
1595511000,87.76000,89.41000,86.97000,87.93000,756600
1595597400,87.00000,87.92000,86.20000,87.04000,586000
1595856600,85.52000,86.11000,83.85000,85.78000,1164900
1595943000,85.30000,85.79000,83.61000,83.70000,883600
1596029400,84.59000,84.59000,81.96000,83.83000,1161800
1596115800,82.47000,83.89000,81.05000,83.00000,900600
1596202200,82.61000,82.96000,80.50000,82.46000,2397900
1596461400,82.98000,83.90000,82.09000,83.33000,1124700
1596547800,83.11000,87.04000,82.39000,85.33000,1634100
1596634200,86.79000,89.23000,86.24000,88.60000,2177700
1596720600,86.64000,87.81000,82.32000,83.34000,2453400
1596807000,83.00000,86.42000,82.65000,84.44000,1236300
1597066200,85.45000,87.28000,85.17000,87.22000,810900
1597152600,88.63000,92.78000,88.50000,92.45000,1931300
1597239000,93.22000,93.90000,90.21000,91.02000,1070700
1597325400,90.41000,92.14000,89.60000,91.60000,1008000
1597411800,91.32000,92.60000,90.97000,92.39000,838200
1597671000,92.72000,93.28000,91.36000,91.77000,604500
1597757400,91.99000,93.02000,91.35000,92.20000,557400
1597843800,92.50000,93.56000,91.76000,92.25000,760800
1597930200,91.07000,91.73000,89.60000,91.05000,940900
1598016600,90.49000,91.28000,89.12000,89.74000,885200
1598275800,90.75000,92.00000,89.61000,91.98000,668900
1598362200,92.05000,92.74000,90.69000,91.09000,420500
1598448600,92.13000,92.38000,91.32000,91.90000,653200
1598535000,92.17000,92.84000,90.03000,91.13000,474500
1598621400,91.13000,92.37000,90.47000,92.32000,412000
1598880600,92.30000,93.41000,90.91000,91.01000,718500
1598967000,91.10000,97.43000,90.04000,97.39000,1561100
1599053400,97.00000,99.81000,96.75000,99.65000,1311100
1599139800,98.85000,99.61000,91.74000,93.18000,1731400
1599226200,93.04000,95.54000,90.77000,94.72000,1100800
1599571800,93.00000,95.00000,92.12000,93.14000,835700
1599658200,94.35000,96.75000,94.03000,95.42000,643900
1599744600,95.61000,96.46000,93.49000,93.50000,667800
1599831000,94.64000,96.08000,93.80000,94.96000,650900
1600090200,95.87000,98.71000,95.15000,98.17000,671800
1600176600,99.00000,100.31000,98.33000,98.39000,1192300
1600263000,99.00000,99.59000,97.70000,97.80000,998300
1600349400,96.28000,100.97000,95.52000,100.45000,937100
1600435800,100.38000,101.00000,97.13000,97.96000,1337200
1600695000,96.39000,96.39000,90.52000,95.13000,1406500
1600781400,94.71000,95.54000,92.93000,95.24000,656600
1600867800,88.98000,89.35000,80.15000,80.42000,5194900
1600954200,80.07000,85.60000,79.06000,83.31000,2368200
1601040600,82.98000,85.25000,82.54000,84.52000,1197800
1601299800,86.15000,87.40000,83.88000,84.84000,1433100
1601386200,84.95000,87.63000,84.78000,86.86000,1252900
1601472600,87.41000,90.13000,87.22000,89.28000,1369100
1601559000,90.01000,90.97000,86.47000,86.73000,1371800
1601645400,85.44000,91.08000,84.57000,89.29000,1204200
1601904600,91.26000,95.89000,91.14000,94.76000,1598300
1601991000,96.28000,96.97000,93.52000,93.74000,1381400
1602077400,96.00000,97.99000,95.60000,96.69000,1129100
1602163800,98.12000,98.37000,95.96000,96.95000,1133500
1602250200,98.10000,99.13000,95.66000,96.03000,767800
1602509400,96.73000,96.73000,94.65000,94.94000,798100
1602595800,94.35000,95.59000,93.91000,95.14000,863900
1602682200,92.76000,95.34000,91.85000,94.59000,1070500
1602768600,92.99000,94.75000,91.80000,94.35000,923200
1602855000,95.13000,95.83000,93.40000,93.42000,655600
1603114200,93.34000,94.51000,92.22000,92.57000,641400
1603200600,93.49000,95.22000,92.79000,93.56000,740600
1603287000,95.27000,97.29000,94.60000,95.87000,793400
1603373400,95.58000,96.11000,93.75000,94.96000,669300
1603459800,95.87000,97.45000,95.35000,96.48000,669200
1603719000,94.78000,94.78000,92.84000,94.48000,952300
1603805400,95.34000,96.87000,94.75000,95.18000,987800
1603891800,92.31000,93.84000,90.07000,90.78000,982100
1603978200,90.50000,94.57000,90.23000,93.77000,819600
1604064600,92.94000,94.06000,90.86000,93.21000,1275000
1604327400,94.74000,97.85000,93.79000,96.84000,924900
1604413800,96.75000,98.28000,96.34000,97.62000,971900
1604500200,97.52000,97.52000,93.10000,93.43000,1656900
1604586600,96.05000,106.33000,93.00000,105.50000,3231500
1604673000,104.83000,113.33000,102.80000,112.22000,2609200
1604932200,114.95000,120.81000,114.80000,116.73000,2138400
1605018600,116.00000,118.30000,113.07000,117.93000,1244200
1605105000,117.49000,119.98000,116.50000,118.57000,881900
1605191400,117.50000,120.69000,116.64000,118.64000,839200
1605277800,118.92000,122.97000,117.69000,122.48000,1014700
1605537000,123.00000,129.14999,123.00000,128.92000,1526100
1605623400,127.53000,128.60001,124.40000,127.95000,1904500
1605709800,127.95000,130.21001,126.53000,126.54000,870800
1605796200,126.01000,126.49000,122.45000,125.80000,1138500
1605882600,126.00000,128.50000,125.50000,127.89000,748700
1606141800,129.30000,134.75999,129.03000,134.06000,1400100
1606228200,135.67000,137.71001,134.28999,137.25999,1428200
1606314600,135.20000,136.42000,133.24001,134.73000,1126200
1606487400,136.42000,138.19000,136.25999,137.66000,531400
1606746600,137.25000,137.50000,134.16000,135.97000,1096100
1606833000,137.50000,138.19000,134.82001,135.88000,1719800
1606919400,134.82001,136.00000,132.16000,135.25000,1576100
1607005800,135.32001,136.23000,130.75999,131.72000,1969300
1607092200,132.50999,139.23000,132.21001,139.22000,1157900
1607351400,139.44000,141.03999,138.10001,140.00000,1122100
1607437800,139.21001,144.12000,138.20000,143.95000,892700
1607524200,144.09000,146.11000,140.63000,142.55000,1444400
1607610600,141.00000,143.70000,140.21001,141.42999,1102900
1607697000,140.14999,141.94000,136.61000,138.64999,962400
1607956200,140.56000,141.00000,134.25000,134.57001,1387300
1608042600,136.77000,138.22000,135.00999,137.94000,1211900
1608129000,138.69000,139.99001,135.53000,135.78000,908800
1608215400,137.24001,137.97000,134.14999,137.48000,1127700
1608301800,137.50000,139.28999,137.05000,138.89999,2447400
1608561000,135.78000,142.17999,135.41000,142.02000,1180900
1608647400,143.44000,147.99001,142.64999,146.27000,1294200
1608733800,147.85001,152.82001,147.25999,149.91000,1718100
1608820200,149.89999,150.37000,148.28999,149.64000,487400
1609165800,151.39000,153.48000,149.60001,149.72000,1228600
1609252200,149.48000,149.91000,144.74001,146.22000,1112800
1609338600,148.17000,151.63000,147.75999,149.28999,1041100
1609425000,148.75999,149.37000,146.81000,147.52000,779200
1609770600,152.89999,156.75999,150.28999,152.63000,2898700
1609857000,152.67000,166.78000,152.67000,162.92999,2628000
1609943400,165.50000,178.59000,165.50000,175.10001,3335500
1610029800,183.48000,187.25000,180.55000,184.00000,2947800
1610116200,184.49001,186.92999,178.66000,184.10001,1659400
1610375400,178.80000,180.00000,173.42000,177.28999,2940000
1610461800,177.28999,183.14000,176.50000,182.50000,1655200
1610548200,182.89999,182.99001,178.00999,179.92000,1481400
1610634600,180.50000,184.09000,180.50000,182.37000,1037800
1610721000,180.00000,183.78000,177.74001,180.14000,1196600
1611066600,181.00000,185.63000,178.39000,185.25000,1520700
1611153000,187.50999,188.35001,179.38000,180.19000,1404400
1611239400,181.50000,181.99001,174.42000,176.41000,1321300
1611325800,173.24001,174.87000,171.17000,173.71001,2034500
1611585000,174.00000,179.50000,172.08000,176.92000,1372300
1611671400,177.82001,178.83000,172.63000,175.38000,1406100
1611757800,170.25999,170.60001,161.36000,168.85001,2907700
1611844200,170.62000,171.14999,163.88000,166.37000,1706500
1611930600,165.08000,169.46001,160.42000,162.66000,3133400
1612189800,165.78000,167.89999,163.31000,166.37000,1233900
1612276200,169.45000,171.64999,167.72000,169.25000,1177200
1612362600,166.50000,171.12000,160.41000,161.88000,2278800
1612449000,152.94000,156.50000,151.64000,154.89999,8388900
1612535400,157.00000,159.10001,154.34000,157.17000,4970300
1612794600,160.00000,163.86000,158.82001,161.56000,2523900
1612881000,160.36000,161.28000,155.81000,158.69000,1537600
1612967400,161.25999,161.80000,155.11000,156.05000,1485500
1613053800,156.09000,160.45000,154.52000,159.85001,1455000
1613140200,164.47000,165.95000,161.07001,164.64000,1590000
1613485800,170.50000,171.35001,161.67000,162.20000,1869300
1613572200,162.63000,162.75999,154.34000,157.47000,2300400
1613658600,150.48000,151.25000,140.73000,141.46001,4075000
1613745000,144.75999,156.98000,144.50000,156.17000,3729900
1614004200,154.14000,159.88000,153.60001,156.49001,2317400
1614090600,150.21001,155.25999,141.14000,154.62000,2314500
1614177000,155.00000,162.13000,152.78999,160.89999,1816500
1614263400,161.48000,162.89999,151.91000,153.48000,1326300
1614349800,152.98000,158.91000,151.82001,157.21001,1718100
1614609000,160.05000,161.28000,151.50000,152.95000,2385400
1614695400,153.89000,158.63000,153.37000,153.72000,1321400
1614781800,153.91000,154.69000,146.73000,147.00000,1523100
1614868200,145.94000,146.64999,137.12000,141.50999,2915300
1614954600,144.27000,144.58000,133.82001,143.88000,1416700
1615213800,144.97000,146.70000,140.25000,140.69000,1322900
1615300200,143.92000,148.33000,142.30000,145.77000,1218900
1615386600,150.00000,156.31000,149.14000,152.30000,1937200
1615473000,156.30000,162.00000,154.24001,161.27000,1589700
1615559400,160.06000,161.92999,155.85001,157.28000,984800
1615815000,156.08000,159.74001,156.08000,158.83000,704300
1615901400,159.92999,159.92999,154.31000,155.36000,957600
1615987800,153.27000,156.84000,151.58000,155.91000,1014400
1616074200,155.47000,158.55000,152.41000,152.52000,1326800
1616160600,152.69000,153.41000,148.64000,151.50000,1670700
1616419800,151.60001,153.00000,148.75000,152.14999,740300
1616506200,150.82001,152.03999,145.42999,146.47000,765200
1616592600,148.03000,151.10001,146.56000,146.63000,1039800
1616679000,145.42999,149.30000,141.94000,148.92999,964200
1616765400,151.00000,151.00000,146.64000,150.39999,722500
1617024600,149.62000,149.62000,145.39999,146.41000,758800
1617111000,146.20000,146.57001,143.82001,145.39000,1348000
1617197400,147.13000,148.47000,145.70000,146.11000,1990000
1617283800,148.19000,151.82001,147.53999,150.74001,1126200
1617629400,153.47000,153.84000,149.00000,150.22000,776000
1617715800,149.50999,153.70000,149.05000,152.89000,888000
1617802200,152.59000,152.89000,143.25999,143.70000,1292200
1617888600,144.94000,146.85001,144.27000,146.17000,852600
1617975000,146.20000,147.50000,144.82001,147.32001,638900
1618234200,147.35001,148.33000,145.64000,147.71001,793000
1618320600,148.03000,149.27000,145.94000,148.58000,1061900
1618407000,148.73000,154.48000,148.23000,152.92999,1104600
1618493400,154.03000,154.32001,149.11000,150.50999,1036700
1618579800,151.84000,153.00000,150.89999,152.03000,727900
1618839000,155.44000,159.75999,154.78999,157.50000,1259300
1618925400,156.05000,156.33000,146.78000,148.52000,1072200
1619011800,147.86000,153.14000,146.52000,153.05000,690300
1619098200,156.00000,159.87000,153.63000,155.80000,1417900
1619184600,156.05000,167.86000,154.67000,161.23000,1576800
1619443800,162.75000,171.96001,162.00000,170.57001,1351300
1619530200,169.00000,171.60001,167.46001,169.75000,948800
1619616600,168.75000,170.64999,167.17999,169.39999,594000
1619703000,171.03000,171.87000,164.37000,167.62000,771700
1619789400,165.39999,169.05000,165.20000,168.17000,1372300
1620048600,169.50999,169.99001,165.47000,165.99001,652000
1620135000,163.50999,163.92000,158.53999,162.11000,949100
1620221400,165.98000,168.58000,163.59000,167.14999,991400
1620307800,157.74001,159.13000,150.00000,152.85001,2553600
1620394200,154.46001,163.13000,154.00000,162.72000,1115900
1620653400,163.39000,165.14000,159.19000,159.48000,1127000
1620739800,155.64999,160.89999,153.67999,160.50000,600900
1620826200,158.50000,159.50000,154.09000,154.60001,1022300
1620912600,158.05000,160.72000,155.25000,157.69000,681900
1620999000,159.13000,164.99001,158.86000,163.81000,820200
1621258200,162.50000,163.81000,155.49001,157.78999,1032500
1621344600,158.95000,161.89999,156.92000,159.35001,904900
1621431000,155.00000,157.75000,152.58000,156.98000,735800
1621517400,156.66000,158.30000,154.44000,157.99001,721700
1621603800,159.44000,162.27000,158.85001,159.58000,1082800
1621863000,160.55000,160.80000,154.23000,159.59000,553500
1621949400,160.44000,161.77000,157.48000,158.02000,801200
1622035800,158.02000,162.24001,157.98000,162.20000,573900
1622122200,164.02000,169.70000,162.37000,168.56000,2357400
1622208600,168.49001,169.16000,165.22000,167.08000,749800
1622554200,170.00000,173.78999,169.50000,171.42999,1281300
1622640600,171.03999,172.24001,168.74001,170.36000,649900
1622727000,168.95000,170.00000,165.78000,168.17000,537600
1622813400,169.06000,173.84000,168.89999,173.53999,634100
1623072600,174.00000,174.21001,168.53000,170.78000,758600
1623159000,171.30000,177.58000,170.64999,176.00999,819800
1623245400,175.37000,176.07001,173.47000,174.37000,914300
1623331800,174.28999,174.28999,167.34000,167.78000,786300
1623418200,168.92000,170.39000,167.56000,170.17999,680800
1623677400,169.63000,170.39000,167.21001,168.34000,473600
1623763800,168.50000,168.73000,162.95000,166.03000,998100
1623850200,165.09000,166.41000,162.75999,165.28000,706100
1623936600,164.14999,164.91000,159.17000,163.87000,1231700
1624023000,160.46001,162.64999,157.82001,157.97000,1348200
1624282200,159.92999,162.52000,159.45000,161.41000,1026900
1624368600,161.39999,162.42000,158.92000,161.58000,803500
1624455000,162.67999,165.85001,162.67999,163.67000,701100
1624541400,166.28999,166.28999,163.00999,165.97000,840600
1624627800,167.94000,169.86000,166.10001,166.77000,1648700
1624887000,167.83000,170.95000,165.97000,169.05000,670700
1624973400,170.00000,170.53000,166.85001,167.53999,606000
1625059800,166.66000,168.60001,166.37000,168.46001,589300
1625146200,170.00000,172.24001,169.37000,172.03000,677000
1625232600,172.14000,172.52000,169.89000,170.64999,501300
1625578200,171.00000,171.16000,166.57001,168.56000,665800
1625664600,168.00000,171.60001,166.78999,170.03999,741100
1625751000,165.69000,168.45000,163.20000,167.91000,731500
1625837400,170.50000,176.32001,169.50000,175.50999,1314100
1626096600,176.71001,192.77000,176.00999,187.49001,3652500
1626183000,185.89999,188.99001,184.05000,184.86000,1098900
1626269400,185.50000,190.53000,181.34000,182.52000,1126600
1626355800,182.64999,190.32001,182.64999,185.83000,1478700
1626442200,187.00000,188.94000,179.46001,180.66000,978100
1626701400,174.20000,179.64999,170.24001,178.08000,1756500
1626787800,179.00000,188.71001,178.57001,187.25000,1268200
1626874200,194.00000,198.33000,189.23000,190.22000,1826100
1626960600,191.94000,194.33000,189.28999,192.75999,811300
1627047000,192.07001,193.67999,186.25000,190.35001,905500
1627306200,191.00000,194.92000,190.52000,194.84000,1038200
1627392600,191.57001,191.99001,184.95000,188.99001,1197000
1627479000,190.00999,195.50000,189.38000,194.53999,774900
1627565400,197.19000,211.00000,195.81000,202.82001,2550000
1627651800,202.82001,207.59000,201.50999,206.03999,1556400
1627911000,208.36000,208.96001,204.63000,206.89999,1109900
1627997400,204.78999,207.81000,201.55000,206.98000,1046900
1628083800,209.10001,212.03999,206.07001,206.84000,1153700
1628170200,209.86000,226.22000,208.31000,218.62000,2505200
1628256600,221.00000,227.39000,215.02000,226.71001,1651300
1628515800,224.71001,232.53000,220.08000,231.38000,1425200
1628602200,232.30000,242.00999,232.30000,239.03000,1977900
1628688600,240.00000,242.07001,227.74001,235.99001,1916300
1628775000,235.61000,237.56000,230.42000,236.53999,1089600
1628861400,237.96001,239.96001,233.14999,235.22000,849200
1629120600,232.45000,232.45000,221.35001,225.89999,2147800
1629207000,221.38000,223.75000,210.75999,216.45000,2133000
1629293400,217.31000,221.67999,215.14999,217.73000,946100
1629379800,211.10001,217.07001,210.52000,213.35001,1361800
1629466200,213.82001,220.50999,213.73000,219.67999,1116800
1629725400,225.13000,230.24001,222.57001,227.94000,1550100
1629811800,228.13000,229.30000,222.05000,229.20000,1208600
1629898200,229.55000,240.53999,227.50000,234.17000,1834600
1629984600,232.89999,236.39999,230.45000,230.70000,908400
1630071000,232.69000,237.85001,232.69000,236.64999,985000
1630330200,240.71001,244.42999,236.88000,236.98000,1119600
1630416600,237.00999,237.10001,230.58000,236.74001,833100
1630503000,236.74001,241.30000,233.66000,239.20000,924000
1630589400,240.00000,248.71001,240.00000,244.03000,1092800
1630675800,243.46001,245.53999,239.66000,241.86000,860500
1631021400,241.00000,241.87000,238.14000,238.78000,1042300
1631107800,243.75000,243.75000,235.34000,239.28000,1203200
1631194200,238.00000,247.92999,237.73000,243.41000,1172100
1631280600,249.84000,253.10001,240.97000,241.17000,1536200
1631539800,242.92999,243.25000,222.45000,229.13000,2522900
1631626200,232.20000,235.00000,228.74001,230.47000,1322400
1631712600,230.56000,236.60001,230.41000,233.98000,1469300
1631799000,232.30000,232.56000,225.35001,231.25000,1323100
1631885400,228.44000,230.00000,223.75000,226.85001,2097300
1632144600,216.64999,218.00000,210.24001,215.48000,2246600
1632231000,218.64000,220.35001,213.53000,216.49001,1008900
1632317400,219.70000,226.64000,217.02000,223.28000,904500
1632403800,226.89000,232.24001,226.89000,229.14999,1055100
1632490200,227.89000,229.67000,224.72000,226.39999,704200
1632749400,225.99001,226.67999,220.03000,222.25000,843700
1632835800,219.00999,219.94000,215.06000,216.45000,984200
1632922200,218.81000,220.92000,216.39999,218.97000,740400
1633008600,223.64000,228.85001,218.84000,218.97000,1019700
1633095000,219.47000,221.63000,210.49001,218.89000,1116200
1633354200,219.00000,220.05000,212.61000,215.21001,1015800
1633440600,217.02000,223.82001,215.14999,222.39000,1049600
1633527000,220.00000,222.77000,214.56000,222.37000,1005800
1633613400,226.00000,226.94000,221.89999,222.30000,641000
1633699800,221.98000,222.75999,213.56000,215.06000,1260600
1633959000,215.10001,219.17999,213.89999,214.16000,743100
1634045400,217.96001,218.95000,214.87000,216.87000,707300
1634131800,218.50000,226.22000,217.89999,223.66000,1016400
1634218200,225.05000,232.38000,225.03999,231.33000,1127900
1634304600,233.59000,234.53999,228.62000,228.77000,908300
1634563800,227.84000,237.87000,227.53999,236.91000,1223100
1634650200,243.77000,244.36000,233.07001,235.95000,1069900
1634736600,238.39000,238.99001,232.63000,235.17000,911700
1634823000,233.92000,235.80000,230.39999,234.16000,656500
1634909400,235.48000,237.69000,230.92999,231.50999,761800
1635168600,234.89999,243.00000,232.14000,239.44000,1600500
1635255000,239.44000,242.14999,234.00000,236.16000,1121200
1635341400,236.70000,238.64000,230.63000,231.75000,1140400
1635427800,233.25999,246.21001,232.75000,246.21001,1569900
1635514200,239.75000,251.80000,236.09000,250.47000,4261200
1635773400,256.00000,259.17999,249.59000,255.87000,1638100
1635859800,256.00000,260.98999,251.55000,260.01999,1631500
1635946200,258.48999,263.50000,255.49001,261.95001,1172500
1636032600,273.76999,276.00000,264.04999,272.66000,1841800
1636119000,273.79001,274.98999,267.48001,272.51001,990800
1636381800,275.79999,279.95001,272.62000,278.51999,1234600
1636468200,280.00000,282.87000,271.07001,274.57001,1051000
1636554600,269.89001,274.07999,263.57001,265.75000,1331100
1636641000,266.57001,273.38000,263.95999,272.31000,785700
1636727400,272.48999,276.62000,270.10001,276.39999,767700
1636986600,275.82999,276.53000,265.32001,271.29001,946100
1637073000,269.56000,273.48999,267.03000,272.47000,674400
1637159400,273.20001,275.89999,270.25000,273.39001,603300
1637245800,277.00000,278.23999,269.59000,274.66000,823400
1637332200,274.04999,282.54999,272.88000,281.42999,1028800
1637591400,287.26001,291.48001,281.10001,283.79999,2346100
1637677800,282.00000,286.48999,271.04001,275.16000,1329500
1637764200,272.28000,275.00000,267.10999,274.48001,974400
1637937000,265.00000,269.67999,262.84000,266.85001,884300
1638196200,271.29001,277.47000,268.20001,275.89001,1004800
1638282600,275.00000,277.59000,264.29999,266.48999,1377500
1638369000,270.01001,276.00000,259.79999,259.85001,1247400
1638455400,261.00000,264.89999,255.35001,261.39001,1204300
1638541800,262.26001,267.81000,247.12000,251.47000,1623500
1638801000,251.95000,252.69000,239.11000,248.53999,1036000
1638887400,253.25999,263.19000,253.25999,259.53000,888200
1638973800,261.00000,265.85999,258.69000,264.64001,832600
1639060200,261.44000,266.48999,257.29999,257.47000,682200
1639146600,260.51001,263.56000,257.22000,262.87000,667500
1639405800,263.00000,263.07999,247.95000,248.80000,1101600
1639492200,245.94000,247.64999,239.71001,243.83000,1207700
1639578600,229.32001,240.48000,226.94000,239.78999,1854800
1639665000,242.69000,243.00000,228.39999,230.92000,1470100
1639751400,227.07001,232.52000,222.25999,229.87000,2350400
1640010600,220.11000,223.17000,215.67999,218.13000,1703200
1640097000,222.42000,225.00000,219.77000,224.14999,805800
1640183400,224.00000,228.92999,223.42000,225.23000,779100
1640269800,225.69000,229.48000,223.17000,227.89999,810000
1640615400,229.53999,233.34000,227.50000,233.10001,593400
1640701800,236.11000,236.71001,231.02000,232.80000,704600
1640788200,231.50000,232.91000,227.07001,232.53000,573800
1640874600,231.00000,237.22000,231.00000,234.35001,610200
1640961000,234.00999,237.13000,233.47000,233.77000,380300
1641220200,236.73000,239.05000,229.39999,236.67000,1130500
1641306600,239.02000,247.95000,238.47000,242.58000,1142500
1641393000,240.00000,247.42999,235.38000,235.64000,1072100
1641479400,234.00000,235.67000,227.17000,233.38000,1002400
1641565800,234.00999,238.87000,231.73000,236.02000,795700
1641825000,231.00000,233.00000,220.08000,226.97000,1105400
1641911400,227.66000,240.89999,227.14999,240.17000,987000
1641997800,245.00000,248.00000,239.57001,241.07001,1143300
1642084200,242.96001,246.78999,234.52000,235.23000,610700
1642170600,232.00000,235.88000,228.92999,233.67000,557100
1642516200,230.97000,232.27000,224.32001,226.30000,773900
1642602600,227.82001,229.19000,219.58000,219.69000,705600
1642689000,220.69000,227.27000,214.80000,217.14999,1190800
1642775400,214.03999,219.49001,207.74001,212.75000,1345200
1643034600,205.96001,212.78000,197.14000,211.92000,1994700
1643121000,208.11000,210.84000,204.14000,206.00999,1231900
1643207400,211.55000,214.64999,202.56000,205.62000,1082600
1643293800,212.83000,214.89000,203.22000,205.42999,942500
1643380200,204.83000,206.45000,197.00000,206.23000,819500
1643639400,207.00000,220.96001,207.00000,220.74001,1137000
1643725800,227.56000,229.41000,219.85001,225.20000,916700
1643812200,225.91000,226.96001,220.97000,221.49001,818600
1643898600,218.00000,220.99001,214.58000,215.06000,654300
1643985000,214.50000,219.00000,213.45000,216.02000,720600
1644244200,217.46001,223.88000,217.22000,219.78000,780100
1644330600,218.92999,227.41000,218.28999,226.69000,1128400
1644417000,231.08000,237.82001,231.08000,236.42999,972400
1644503400,233.45000,244.31000,232.14999,236.03999,795700
1644589800,233.47000,239.09000,228.61000,230.89000,1009800
1644849000,230.17999,233.88000,224.91000,227.67999,875100
1644935400,232.12000,242.87000,232.12000,241.39000,1042100
1645021800,241.00999,247.98000,236.20000,246.00000,1394800
1645108200,218.49001,221.00000,194.83000,197.02000,6180600
1645194600,200.02000,201.41000,187.00999,190.75999,3060900
1645540200,189.10001,199.63000,188.60001,191.85001,1635500
1645626600,193.00000,196.12000,180.82001,182.00000,1644000
1645713000,172.25999,184.96001,169.92999,184.20000,1979800
1645799400,184.39999,192.00000,180.17999,191.95000,1135300
1646058600,192.60001,200.88000,190.53000,195.89000,1583600
1646145000,194.48000,196.94000,184.24001,186.44000,992000
1646231400,189.14999,192.11000,183.77000,191.12000,840600
1646317800,193.50000,194.83000,184.50999,186.33000,1071900
1646404200,182.99001,184.75999,174.72000,179.07001,1313900
1646663400,180.58000,181.81000,171.14000,172.09000,1051400
1646749800,171.53000,184.62000,170.00999,180.74001,1463500
1646836200,188.53999,189.92999,182.23000,187.13000,1332400
1646922600,184.62000,189.31000,183.50999,188.37000,785600
1647009000,188.77000,191.45000,184.64000,184.75999,769600
1647264600,184.87000,186.17000,175.25999,176.28999,973200
1647351000,175.36000,182.70000,172.78000,181.95000,834400
1647437400,185.87000,193.98000,185.75999,191.25000,890700
1647523800,187.84000,196.60001,187.84000,196.37000,706600
1647610200,196.64999,199.07001,194.64999,198.24001,1347100
1647869400,199.02000,200.63000,193.00000,198.67999,818500
1647955800,198.98000,206.35001,197.91000,205.60001,990600
1648042200,203.21001,212.22000,202.66000,208.21001,903500
1648128600,208.00000,214.67999,206.48000,214.14999,753000
1648215000,214.11000,218.02000,212.42000,217.58000,836300
1648474200,217.41000,218.97000,210.33000,214.34000,832800
1648560600,218.00000,223.89000,214.13000,222.48000,859500
1648647000,220.88000,226.60001,219.42000,223.14999,934100
1648733400,222.33000,230.00000,221.07001,221.14999,1141500
1648819800,224.00000,228.38000,222.38000,224.92000,864500
1649079000,224.14000,226.36000,220.14000,226.03999,744000
1649165400,226.99001,228.25999,217.08000,217.30000,1136100
1649251800,215.95000,215.95000,205.50999,211.47000,1381700
1649338200,212.00000,215.00000,205.82001,211.85001,847200
1649424600,212.66000,214.69000,206.20000,211.00000,736900
1649683800,207.34000,209.14999,201.46001,206.00000,1054000
1649770200,208.70000,212.99001,202.48000,205.02000,710100
1649856600,206.77000,212.70000,206.02000,212.50000,517400
1649943000,212.97000,215.22000,210.22000,210.89000,572600
1650288600,210.85001,213.44000,208.44000,209.67000,565900
1650375000,210.14000,218.73000,207.17000,218.14999,718300
1650461400,221.67000,222.21001,215.58000,217.19000,774000
1650547800,220.98000,222.70000,206.10001,207.24001,1190600
1650634200,207.52000,210.70000,200.37000,200.64000,877300
1650893400,198.10001,200.19000,191.10001,198.46001,1530000
1650979800,197.03999,198.50000,187.63000,187.75999,1013000
1651066200,187.36000,196.38000,187.36000,192.23000,1006900
1651152600,194.19000,196.28999,187.78000,195.25999,942300
1651239000,195.36000,202.06000,191.80000,192.83000,986900
1651498200,191.92999,194.35001,185.14999,191.42000,1020600
1651584600,190.57001,198.44000,190.37000,197.12000,928300
1651671000,210.89999,215.47000,204.30000,215.47000,2090100
1651757400,238.00000,243.17999,221.34000,236.50000,3740500
1651843800,235.50000,242.91000,228.00000,242.41000,2321100
1652103000,238.00000,239.39999,220.77000,221.64000,2422200
1652189400,227.17999,229.50000,213.50000,221.42999,1907400
1652275800,221.00000,227.95000,212.63000,213.03000,1203900
1652362200,212.05000,218.00000,204.50999,213.45000,1387900
1652448600,217.30000,231.21001,215.50000,228.82001,1078500
1652707800,226.08000,233.96001,223.67000,226.32001,974500
1652794200,232.49001,239.33000,231.23000,239.23000,1141400
1652880600,237.12000,244.89999,234.09000,235.98000,1109200
1652967000,234.67999,243.12000,233.88000,239.08000,1067900
1653053400,241.66000,243.12000,228.10001,236.44000,1120100
1653312600,240.00000,243.63000,235.48000,242.94000,1003400
1653399000,243.28000,249.89999,237.42000,243.14999,2202500
1653485400,243.99001,247.19000,232.39000,237.50999,1532600
1653571800,239.14000,258.29001,237.31000,255.05000,2265500
1653658200,259.00000,273.67999,257.57001,270.92001,1952600
1654003800,265.09000,265.76001,254.25999,260.42001,2705900
1654090200,252.50000,253.59000,232.75000,240.12000,3401900
1654176600,233.59000,251.48000,233.00000,251.28999,1657700
1654263000,246.07001,251.83000,245.28000,250.75999,927500
1654522200,254.23000,259.76001,253.00000,257.79001,1281000
1654608600,254.41000,258.82001,252.50000,257.89001,986000
1654695000,256.82001,259.87000,251.30000,253.62000,864200
1654781400,251.17999,252.14999,241.48000,241.78000,1211000
1654867800,238.89000,241.14999,234.89999,236.87000,1096100
1655127000,228.22000,229.09000,219.10001,222.22000,1652500
1655213400,223.46001,228.16000,221.03000,223.33000,1033100
1655299800,225.80000,225.98000,210.88000,215.08000,1951800
1655386200,209.20000,209.57001,198.67000,202.17000,2158500
1655472600,203.10001,213.53999,200.35001,212.03999,2401400
1655818200,217.14999,218.96001,213.38000,216.33000,1347800
1655904600,209.45000,220.70000,208.37000,216.24001,1243200
1655991000,217.03000,219.60001,209.31000,213.62000,1163100
1656077400,216.75000,226.59000,214.41000,224.78999,2392000
1656336600,221.64000,228.59000,221.00999,226.62000,1238400
1656423000,226.00000,232.78000,222.22000,223.19000,1586100
1656509400,222.16000,223.13000,208.64000,211.89000,1405600
1656595800,207.96001,211.95000,203.86000,208.98000,1250700
1656682200,205.67999,208.78000,200.45000,205.14999,1003000
1657027800,201.22000,201.22000,195.08000,200.42999,1203300
1657114200,200.14000,202.16000,193.70000,198.30000,1486500
1657200600,203.67999,206.50999,202.34000,203.00000,1594100
1657287000,203.55000,208.55000,200.28000,205.92999,907900
1657546200,201.67999,202.25999,197.19000,199.82001,897700
1657632600,197.74001,199.59000,193.16000,195.82001,938500
1657719000,191.60001,198.11000,189.25000,196.00000,881900
1657805400,192.67000,196.75999,190.17999,196.66000,992300
1657891800,200.35001,201.50999,195.33000,200.70000,912500
1658151000,206.25000,208.21001,202.55000,203.88000,940300
1658237400,207.86000,212.31000,207.00999,211.52000,780900
1658323800,213.78000,220.52000,210.63000,219.50999,933400
1658410200,219.50000,226.07001,219.25000,225.60001,865200
1658496600,228.00000,228.27000,220.24001,221.46001,707700
1658755800,221.58000,227.78999,217.16000,227.57001,720600
1658842200,228.27000,229.12000,224.44000,225.10001,881500
1658928600,228.34000,235.67000,225.03999,234.28999,786900
1659015000,237.09000,239.06000,232.59000,236.32001,1084000
1659101400,238.50000,245.71001,237.00000,244.31000,1506600
1659360600,242.50000,243.95000,237.47000,239.96001,957300
1659447000,239.00000,246.62000,238.64000,243.89000,1025400
1659533400,246.00000,246.00000,234.17000,239.53999,1407700
1659619800,246.20000,250.14999,230.02000,234.89000,2192000
1659706200,232.23000,243.80000,231.77000,237.99001,1428000
1659965400,243.53999,253.57001,242.96001,244.84000,1468800
1660051800,244.63000,247.97000,241.07001,244.66000,762000
1660138200,249.99001,259.39999,248.67999,259.29999,1359900
1660224600,263.09000,272.45001,263.09000,265.70001,1983300
1660311000,267.00000,281.64999,266.45001,281.57001,1995700
1660570200,276.57999,289.09000,276.20999,284.07999,1793900
1660656600,283.47000,284.54999,276.88000,280.81000,1297800
1660743000,275.50000,283.60999,273.89999,277.62000,987700
1660829400,278.89999,282.01001,275.92001,279.51001,1070700
1660915800,275.92001,276.00000,266.29999,270.01999,1223700
1661175000,265.00000,277.10001,263.35001,275.70001,1454300
1661261400,277.59000,283.91000,276.20001,281.03000,1038700
1661347800,282.00000,288.60001,280.01001,287.88000,795200
1661434200,290.59000,298.17001,290.14999,295.67999,1370000
1661520600,296.10999,296.54001,286.51999,288.16000,920700
1661779800,282.87000,290.34000,280.35001,284.97000,744300
1661866200,286.81000,288.00000,271.60999,272.76999,1913400
1661952600,272.76001,273.09000,267.37000,267.95999,1558200
1662039000,264.26999,264.26999,249.58000,256.95999,1725600
1662125400,262.84000,265.95999,257.76999,259.88000,1194600
1662471000,268.98999,270.50000,258.72000,266.70001,1411900
1662557400,265.06000,279.67999,264.47000,279.20001,1386900
1662643800,277.69000,292.29001,276.98001,291.42999,1635200
1662730200,295.00000,302.54001,295.00000,300.37000,1580700
1662989400,300.39001,300.41000,291.79999,296.97000,1060900
1663075800,286.56000,307.12000,285.54999,298.09000,1957100
1663162200,296.48001,308.23999,295.10001,307.04999,1590600
1663248600,302.14999,303.85001,286.47000,286.75000,1618900
1663335000,281.26001,288.04999,277.03000,287.32001,1925100
1663594200,281.85001,297.70999,281.82001,296.95001,1134700
1663680600,293.39001,294.00000,284.31000,287.64999,903700
1663767000,290.81000,297.53000,284.85001,285.03000,995100
1663853400,289.12000,289.87000,270.73999,272.14999,1576200
1663939800,265.00000,269.85001,260.31000,269.45001,1485300
1664199000,266.79001,274.60999,264.42999,265.03000,1256300
1664285400,271.19000,276.32999,265.07999,269.67999,1160400
1664371800,267.00000,279.00000,264.54999,277.95001,1179200
1664458200,273.82001,274.07999,262.10001,265.44000,1014400
1664544600,263.20001,270.53000,261.73001,264.44000,1078000
1664803800,270.75000,275.73001,262.37000,273.73001,1524700
1664890200,284.91000,289.04999,278.70001,283.78000,1266500
1664976600,280.42001,281.17001,268.69000,276.79999,1118800
1665063000,274.39001,285.29999,274.39001,280.94000,1359600
1665149400,276.48001,276.97000,266.26999,272.53000,1031600
1665408600,273.54001,278.45001,269.73001,278.10001,1030000
1665495000,274.10999,275.87000,267.54999,272.98999,1412400
1665581400,272.00000,272.82999,245.44000,251.45000,3589500
1665667800,237.50000,257.94000,231.67000,256.00000,2691200
1665754200,258.98999,261.03000,236.88000,237.47000,1985700
1666013400,245.02000,251.41000,243.70000,248.03000,1327600
1666099800,255.50999,257.94000,249.64999,251.67000,973900
1666186200,250.00000,256.82999,247.86000,256.51001,1151200
1666272600,258.32999,261.22000,252.61000,255.39000,1067800
1666359000,255.97000,271.37000,254.50999,270.01001,1318400
1666618200,269.00000,270.88000,258.88000,270.57001,991600
1666704600,270.04999,282.20999,268.87000,281.42999,1103500
1666791000,283.42001,287.07001,279.39001,282.14999,1051200
1666877400,284.00000,284.50000,274.29999,282.17001,1000200
1666963800,281.20001,285.82999,276.12000,280.16000,940600
1667223000,277.88000,281.53000,273.73001,279.87000,2300800
1667309400,285.66000,287.88000,278.89001,279.00000,1276200
1667395800,276.17999,279.50000,265.50000,266.51999,1594800
1667482200,253.00000,278.50000,250.50000,274.56000,2240900
1667568600,283.89001,286.73999,275.44000,284.98999,1480500
1667831400,286.82001,288.28000,281.67999,286.48999,871800
1667917800,290.34000,311.53000,288.51999,306.01001,2023100
1668004200,304.51001,310.50000,297.59000,300.13000,1428100
1668090600,311.12000,320.81000,304.28000,320.76999,1473300
1668177000,323.00000,334.54999,319.23001,325.38000,1421500
1668436200,322.75000,323.72000,309.66000,316.35001,1628600
1668522600,300.67001,301.32999,280.60001,295.85999,3161100
1668609000,295.35999,296.73999,285.32001,286.76999,1486600
1668695400,283.64001,284.00000,275.01999,277.45001,1683400
1668781800,281.00000,281.00000,274.35999,276.98001,1266200
1669041000,275.16000,286.53000,269.57001,282.88000,1363100
1669127400,283.66000,285.76999,277.44000,283.09000,1239300
1669213800,282.09000,289.04001,279.82001,283.89999,994300
1669386600,276.79999,277.67999,266.70999,272.82001,1341900
1669645800,267.17001,268.39001,263.50000,266.10999,1662900
1669732200,269.10001,274.42001,266.39001,270.01999,1219000
1669818600,270.20001,278.32001,268.35001,277.98999,1604800
1669905000,280.25000,280.51999,268.76001,275.29001,1086100
1669991400,273.69000,285.39999,272.69000,284.28000,1178200
1670250600,281.35999,282.35999,265.12000,265.23001,1872000
1670337000,267.38000,267.38000,255.39000,257.98999,1775700
1670423400,260.73001,265.38000,256.57001,257.60999,1240400
1670509800,263.66000,263.66000,254.35001,256.03000,1412600
1670596200,256.97000,257.72000,252.37000,253.25000,1186400
1670855400,252.37000,261.10001,250.59000,259.35999,1243500
1670941800,268.85001,269.00000,259.54999,261.91000,940800
1671028200,260.47000,263.07999,246.66000,247.86000,1988600
1671114600,240.73000,246.59000,237.77000,240.50000,1955800
1671201000,238.72000,244.59000,236.91000,242.86000,2508600
1671460200,242.75000,243.13000,231.28999,233.34000,1271400
1671546600,230.12000,236.28999,229.07001,233.50000,1033700
1671633000,234.28999,237.70000,227.05000,232.63000,1381400
1671719400,229.14000,229.38000,222.14000,225.98000,1228600
1671805800,224.48000,227.16000,221.24001,226.96001,678700
1672151400,225.28999,226.17000,213.52000,214.16000,1871700
1672237800,213.44000,217.02000,210.42000,214.03999,1754800
1672324200,217.87000,221.85001,216.87000,217.47000,1285600
1672410600,215.14000,218.48000,213.60001,216.86000,951800
1672756200,219.14999,219.48000,208.57001,214.50000,2293400
1672842600,219.10001,224.86000,215.67000,223.57001,1734700
1672929000,222.28000,224.82001,217.05000,218.61000,1549000
1673015400,220.00000,223.00000,215.28999,221.64000,1618100
1673274600,224.67999,230.44000,224.00000,224.00000,1467700
1673361000,225.35001,227.39000,220.67000,223.89999,896500
1673447400,228.31000,238.05000,227.45000,236.56000,1931400
1673533800,238.06000,244.77000,235.66000,243.21001,1462200
1673620200,236.00000,242.32001,233.34000,242.23000,1262900
1673965800,243.52000,245.42999,241.75999,243.07001,1354300
1674052200,245.61000,251.88000,243.55000,243.80000,1181600
1674138600,242.19000,244.00000,235.83000,239.11000,1452500
1674225000,241.37000,248.86000,239.71001,248.49001,1266600
1674484200,249.50000,261.10001,248.91000,260.64001,1977000
1674570600,257.00000,267.00000,252.64999,264.53000,1740700
1674657000,264.23001,271.29999,260.73001,270.98001,1272900
1674743400,277.67001,285.44000,275.76001,279.45001,1849400
1674829800,281.23999,285.32999,278.17001,281.72000,1234100
1675089000,276.85999,280.79999,271.73001,271.98001,1129000
1675175400,272.35001,282.44000,271.09000,281.45001,1554400
1675261800,280.14001,289.26999,279.47000,285.89999,1329400
1675348200,288.70001,291.09000,285.50000,290.14999,1209300
1675434600,288.42001,291.98001,285.12000,287.23001,1166900
1675693800,286.35999,290.17999,276.59000,276.81000,1415700
1675780200,277.39999,280.28000,273.26001,279.34000,1068000
1675866600,277.98999,281.34000,267.79001,268.14999,1523600
1675953000,271.00000,276.51999,266.10001,267.39001,1202900
1676039400,264.98001,268.84000,259.31000,268.29001,1391300
1676298600,268.39999,271.60001,267.89001,269.92999,843500
1676385000,267.23999,273.84000,266.42001,270.70001,1168500
1676471400,268.19000,273.09000,268.10999,272.79001,1542100
1676557800,276.50000,293.01001,263.03000,285.62000,3076300
1676644200,278.87000,279.04001,252.52000,258.01001,5758300
1676989800,256.47000,256.91000,241.38000,241.96001,3003300
1677076200,243.00000,247.61000,242.17000,246.45000,1993500
1677162600,250.00000,254.64999,245.64000,253.85001,2271300
1677249000,248.84000,251.00000,244.56000,249.52000,1301700
1677508200,253.25999,260.20001,252.16000,257.01999,1907600
1677594600,257.45999,260.98999,254.25999,254.31000,1630900
1677681000,255.49001,256.32999,249.81000,252.64000,1311500
1677767400,246.37000,252.08000,242.50000,250.38000,1801000
1677853800,251.39999,259.53000,249.71001,259.37000,1186100
1678113000,260.23001,263.25000,255.14999,256.89001,971800
1678199400,254.46001,257.04999,247.03000,248.89999,1331500
1678285800,248.92999,254.35001,248.23000,253.25000,921800
1678372200,252.91000,255.32001,236.24001,236.75000,1708800
1678458600,235.00000,235.03000,223.91000,225.13000,2619300
1678714200,220.12000,230.06000,215.82001,222.99001,1838300
1678800600,228.64999,229.61000,222.16000,225.36000,2037900
1678887000,218.00999,219.28000,210.10001,214.39999,3029300
1678973400,212.67999,215.46001,207.27000,214.61000,1928100
1679059800,213.19000,213.19000,206.64000,208.49001,2300300
1679319000,208.75000,215.39999,204.66000,213.20000,1795300
1679405400,218.58000,223.91000,216.77000,222.92999,1905100
1679491800,223.39000,225.84000,216.07001,216.11000,1515900
1679578200,218.58000,224.56000,213.07001,215.64000,1422800
1679664600,212.41000,217.94000,208.67000,217.78999,1588200
1679923800,220.95000,221.96001,216.60001,218.88000,2045000
1680010200,222.30000,224.71001,216.47000,218.16000,1817500
1680096600,223.00000,224.71001,218.56000,224.46001,1373900
1680183000,228.66000,229.32001,222.42999,222.44000,1294000
1680269400,223.23000,224.57001,219.22000,221.03999,1835400
1680528600,221.22000,223.28999,217.31000,218.42999,1507600
1680615000,216.94000,216.94000,207.20000,209.57001,2212500
1680701400,200.96001,201.12000,193.25999,196.71001,4657500
1680787800,195.17999,195.99001,193.02000,194.67999,2014400
1681133400,194.47000,199.89999,193.59000,199.82001,2008200
1681219800,201.31000,202.35001,197.05000,201.71001,1736700
1681306200,205.85001,206.75999,201.44000,201.70000,1320100
1681392600,203.19000,205.34000,199.96001,203.00999,1280100
1681479000,204.59000,212.47000,203.53000,204.00000,2266800
1681738200,205.02000,208.37000,204.53000,205.89999,3497800
1681824600,209.64999,212.22000,203.94000,205.27000,2059800
1681911000,202.44000,205.00000,201.50999,203.78000,1092600
1681997400,198.36000,200.35001,193.05000,193.05000,2432500
1682083800,188.50000,188.56000,171.82001,173.75000,8800100
1682343000,178.56000,184.80000,177.71001,183.96001,5918200
1682429400,179.94000,180.63000,176.34000,176.66000,2720700
1682515800,177.53000,182.99001,177.53000,181.20000,3286500
1682602200,181.85001,188.92999,180.50000,186.00000,2417800
1682688600,185.30000,186.00000,182.71001,185.46001,2521100
1682947800,187.53000,187.78999,177.08000,177.27000,1906200
1683034200,175.35001,176.21001,172.25999,173.39999,2315100
1683120600,180.45000,182.38000,172.69000,172.91000,3640800
1683207000,173.00000,184.92999,172.62000,175.64999,4558400
1683293400,179.42999,185.00000,179.42999,179.70000,2363500
1683552600,184.00000,186.89000,183.06000,185.88000,2718600
1683639000,187.50000,197.39000,187.50000,195.17000,3323700
1683725400,198.83000,199.80000,192.24001,194.50999,2329100
1683811800,199.44000,201.67999,197.30000,198.52000,2400600
1683898200,198.58000,200.75999,194.37000,195.78999,1429400
1684157400,200.66000,208.17000,200.66000,203.75000,2564300
1684243800,202.27000,207.78000,201.60001,205.67000,2260200
1684330200,205.11000,209.63000,203.32001,207.99001,1581100
1684416600,212.07001,212.67999,208.28999,210.14000,2021800
1684503000,208.50000,209.42999,203.45000,204.14999,1577900
1684762200,209.50000,210.57001,205.22000,206.50000,1882300
1684848600,206.42000,220.10001,206.00999,216.07001,4014300
1684935000,214.28999,214.81000,209.49001,212.23000,1787200
1685021400,211.50000,211.86000,202.80000,204.97000,2912500
1685107800,208.30000,208.63000,201.02000,203.99001,1743500
1685453400,204.75000,206.03000,199.10001,201.86000,1690100
1685539800,199.92999,200.97000,192.42999,193.53000,2551600
1685626200,193.32001,197.63000,191.64999,195.53999,1614900
1685712600,203.22000,210.17000,202.46001,208.36000,2113100
1685971800,209.36000,209.53999,204.71001,206.17000,1242500
1686058200,204.00000,215.35001,203.53000,213.11000,1607600
1686144600,213.91000,219.14000,213.27000,218.82001,1918500
1686231000,218.80000,220.55000,216.34000,219.62000,1609700
1686317400,220.05000,222.83000,218.36000,220.50000,1492600
1686576600,220.17000,220.57001,217.10001,218.55000,1478700
1686663000,220.85001,229.58000,219.53999,228.85001,2178500
1686749400,231.30000,233.74001,225.00999,226.80000,1942700
1686835800,225.25000,232.36000,224.66000,230.91000,1367900
1686922200,231.36000,231.89999,227.20000,228.17000,2348800
1687267800,228.57001,233.60001,225.09000,232.22000,2286600
1687354200,230.00000,233.03000,229.17999,230.38000,1553500
1687440600,228.77000,228.77000,222.41000,226.00000,1594700
1687527000,221.69000,221.96001,218.20000,220.17999,3467300
1687786200,221.85001,228.03000,221.37000,225.22000,1688700
1687872600,224.80000,227.99001,221.39999,227.07001,1174900
1687959000,225.48000,225.64999,216.70000,217.00000,1901300
1688045400,217.13000,219.62000,215.62000,218.98000,1604900
1688131800,219.28999,223.83000,216.60001,223.09000,1348400
1688391000,224.25999,232.16000,224.25999,229.25999,1496100
1688563800,228.20000,232.19000,226.42999,229.02000,1485200
1688650200,225.48000,227.96001,219.87000,227.57001,1690400
1688736600,227.00000,240.25999,227.00000,237.52000,2141200
1688995800,237.50000,241.19000,236.81000,239.86000,1281700
1689082200,244.49001,247.44000,238.00999,239.09000,1525100
1689168600,240.00000,246.71001,240.00000,243.44000,1181900
1689255000,246.00000,246.00000,240.12000,241.67000,994800
1689341400,241.49001,241.74001,234.50000,235.27000,1080400
1689600600,234.12000,239.45000,234.00000,237.66000,880100
1689687000,238.00999,239.13000,235.08000,237.03000,1071000
1689773400,237.00000,237.55000,231.53999,232.52000,1242500
1689859800,230.00000,231.53000,221.57001,223.11000,2255800
1689946200,220.75000,221.12000,211.57001,215.99001,2833300
1690205400,213.92000,214.39000,208.35001,210.80000,2291700
1690291800,212.64000,217.77000,211.41000,212.50999,2097700
1690378200,211.47000,213.11000,208.14000,210.02000,1626900
1690464600,210.92999,210.95000,205.11000,205.95000,2250200
1690551000,210.33000,211.96001,205.62000,208.05000,1828100
1690810200,208.07001,215.82001,206.81000,212.28000,3307800
1690896600,210.00000,211.03999,205.92999,207.99001,1944300
1690983000,205.49001,205.72000,201.00000,202.89000,2041500
1691069400,214.53999,214.99001,198.82001,199.35001,3202400
1691155800,200.89999,205.86000,199.25999,200.09000,2148800
1691415000,200.14999,200.44000,194.72000,196.75000,1723500
1691501400,193.91000,195.70000,191.53000,195.64999,1505900
1691587800,196.50000,197.53999,194.11000,194.22000,1077800
1691674200,195.55000,195.82001,191.16000,191.67000,1954200
1691760600,190.33000,190.50999,186.75999,187.49001,1783100
1692019800,184.78000,185.98000,182.08000,185.53999,2802500
1692106200,182.88000,184.96001,179.28000,184.03999,2676500
1692192600,182.20000,186.78999,179.85001,181.53000,1851200
1692279000,181.28000,184.69000,180.03999,182.67999,2091300
1692365400,180.78999,183.67000,180.32001,183.39000,1775100
1692624600,185.98000,188.53999,185.70000,188.07001,1787100
1692711000,189.75999,190.47000,185.88000,188.16000,1869900
1692797400,188.52000,192.35001,186.75999,191.78000,1189200
1692883800,192.03999,192.92999,189.35001,190.74001,1281300
1692970200,190.00000,190.87000,185.66000,189.74001,1761100
1693229400,189.47000,192.98000,189.00999,189.64000,1176300
1693315800,190.63000,198.78999,189.46001,197.75000,1713000
1693402200,197.21001,199.22000,195.71001,198.59000,1081400
1693488600,199.59000,199.97000,197.89999,198.71001,1001100
1693575000,200.66000,202.03999,198.60001,200.25999,1158100
1693920600,200.24001,203.62000,197.33000,200.80000,2580900
1694007000,200.45000,201.75999,187.89000,189.83000,2544100
1694093400,186.69000,188.36000,184.03000,187.57001,1766700
1694179800,187.05000,187.50999,182.31000,184.42999,1531400
1694439000,186.30000,189.19000,185.64999,186.32001,1297900
1694525400,186.00000,188.39999,183.61000,184.35001,1480700
1694611800,185.31000,186.82001,182.98000,184.58000,1437600
1694698200,186.14999,186.63000,183.81000,184.97000,1552600
1694784600,184.33000,188.47000,182.92999,183.84000,1980400
1695043800,183.38000,183.50000,179.47000,181.62000,1419800
1695130200,181.30000,182.25000,178.41000,179.99001,1397000
1695216600,180.09000,181.48000,174.21001,174.44000,1729600
1695303000,172.50000,172.72000,167.67000,168.94000,2246100
1695389400,172.14999,173.50999,167.67999,168.21001,1288100
1695648600,166.39000,167.89999,164.23000,166.89000,1788700
1695735000,164.50999,166.16000,162.00000,163.64999,2295000
1695821400,165.11000,165.58000,162.07001,162.63000,2245600
1695907800,163.98000,173.28000,163.52000,172.39999,2547500
1695994200,175.00000,176.83000,169.69000,170.03999,1969600
1696253400,169.19000,169.59000,161.37000,162.41000,1949900
1696339800,160.00000,161.30000,155.14999,156.77000,2514900
1696426200,157.56000,158.88000,152.13000,158.39999,2304300
1696512600,157.21001,157.67000,152.00000,155.03000,1948500
1696599000,154.66000,161.17000,153.66000,159.84000,1834200
1696858200,157.19000,158.50000,153.20000,155.75000,2607400
1696944600,158.75999,164.00000,158.00999,162.08000,2484900
1697031000,162.08000,166.34000,162.08000,164.80000,1777300
1697117400,174.80000,177.52000,165.94000,170.80000,3322900
1697203800,171.84000,175.20000,162.80000,163.38000,2288900
1697463000,165.97000,169.84000,165.58000,167.73000,1884300
1697549400,166.22000,172.09000,165.50999,169.48000,1594500
1697635800,163.64999,164.06000,152.06000,152.89000,5773400
1697722200,150.57001,151.60001,142.67000,144.56000,4207900
1697808600,142.94000,144.62000,138.55000,138.67999,3656400
1698067800,136.56000,138.85001,134.34000,136.28000,3210900
1698154200,137.00000,141.80000,136.94000,139.24001,2326400
1698240600,136.00000,138.11000,133.22000,135.32001,2988400
1698327000,136.39000,138.95000,134.67999,135.21001,2272300
1698413400,136.78999,138.35001,133.81000,134.44000,1508000
1698672600,136.00000,137.48000,126.77000,127.41000,3854400
1698759000,126.67000,127.35000,123.17000,126.78000,6601200
1698845400,125.78000,126.00000,119.61000,122.96000,4793400
1698931800,119.00000,127.00000,116.35000,124.62000,7173500
1699018200,127.81000,134.22000,126.51000,127.98000,4236900
1699281000,125.09000,125.74000,118.50000,119.46000,4014100
1699367400,119.00000,123.12000,118.60000,122.11000,2695000
1699453800,121.61000,123.40000,117.86000,119.01000,2398500
1699540200,119.98000,120.60000,113.64000,114.60000,2744600
1699626600,114.75000,117.76000,113.18000,116.98000,2647000
1699885800,114.61000,116.88000,112.00000,114.19000,4332900
1699972200,118.75000,126.32000,118.75000,125.32000,4044100
1700058600,127.17000,134.46001,127.16000,127.72000,3351300
1700145000,124.80000,127.04000,120.48000,122.60000,3561700
1700231400,125.00000,127.43000,123.04000,127.39000,2016300
1700490600,127.57000,131.50999,126.25000,130.36000,2915700
1700577000,128.70000,130.72000,125.41000,126.13000,2553500
1700663400,126.13000,126.63000,121.00000,126.59000,2590700
1700836200,125.24000,130.28000,125.20000,128.87000,1429500
1701095400,125.40000,125.79000,118.32000,120.78000,4314700
1701181800,121.50000,125.95000,120.17000,123.91000,2438800
1701268200,126.46000,128.45000,121.63000,123.38000,2546400
1701354600,124.21000,124.21000,118.80000,121.27000,4047900
1701441000,119.72000,126.22000,119.20000,126.16000,2803800
1701700200,123.90000,125.96000,119.21000,119.98000,3416700
1701786600,116.22000,116.95000,112.12000,113.26000,4357500
1701873000,117.50000,122.17000,116.71000,118.30000,5036100
1701959400,121.23000,126.08000,120.95000,125.35000,3971300
1702045800,129.00000,133.25000,127.73000,127.99000,4844900
1702305000,124.00000,127.04000,120.75000,126.54000,2798200
1702391400,126.54000,128.63000,123.45000,127.94000,3062200
1702477800,129.36000,140.81000,129.34000,140.06000,4955100
1702564200,143.50000,148.77000,143.35001,145.89000,5668500
1702650600,147.16000,151.23000,145.50999,147.06000,5938800
1702909800,147.14000,147.42000,143.92000,145.91000,2652800
1702996200,148.42000,151.28999,147.53000,148.92999,2276800
1703082600,148.62000,150.07001,141.77000,142.53000,2627600
1703169000,146.12000,147.33000,143.48000,145.45000,1799800
1703255400,145.94000,153.53999,145.45000,150.09000,2601800
1703601000,152.09000,153.09000,149.10001,152.39000,1958100
1703687400,153.19000,153.21001,147.23000,149.32001,2027600
1703773800,149.30000,151.78999,149.00000,149.42999,1378400
1703860200,149.03000,149.03000,142.14999,144.48000,2834600
1704205800,143.00000,149.61000,141.25999,146.89000,1962300
1704292200,142.59000,142.89999,136.70000,140.17999,2731000
1704378600,141.08000,141.08000,135.03000,135.92999,3208000
1704465000,135.42000,138.22000,133.95000,135.83000,2284900
1704724200,134.20000,136.99001,132.75000,136.58000,1879300
1704810600,133.99001,135.12000,131.10001,133.67000,1832400
1704897000,131.78999,134.09000,130.12000,132.94000,2145700
1704983400,132.74001,133.17999,127.93000,128.64999,2976800
1705069800,128.78999,130.12000,125.65000,126.05000,1637700
1705415400,125.50000,127.05000,123.84000,125.95000,2256600
1705501800,123.02000,124.61000,120.24000,120.70000,2818600
1705588200,121.09000,121.37000,115.12000,117.99000,3418700
1705674600,118.08000,118.09000,112.29000,115.13000,4170300
1705933800,113.78000,122.79000,113.00000,120.75000,4026800
1706020200,123.92000,127.24000,120.82000,122.59000,2877400
1706106600,125.35000,126.08000,120.02000,121.69000,2026500
1706193000,122.00000,123.37000,115.96000,118.45000,2810400
1706279400,120.07000,122.13000,119.00000,119.84000,1525000
1706538600,118.65000,123.28000,117.38000,123.20000,1996400
1706625000,121.27000,122.99000,118.80000,120.31000,1948700
1706711400,119.25000,120.10000,114.48000,114.74000,3653300
1706797800,117.00000,118.10000,113.29000,116.78000,3398400
1706884200,114.34000,115.58000,112.50000,114.25000,2853800
1707143400,111.78000,112.70000,108.39000,108.73000,3891700
1707229800,109.80000,114.03000,109.60000,113.02000,3042900
1707316200,114.13000,115.99000,111.50000,115.05000,2427500
1707402600,114.07000,115.34000,112.28000,114.33000,2473800
1707489000,113.50000,116.19000,113.13000,115.78000,2491700
1707748200,115.75000,122.65000,115.66000,120.09000,2865800
1707834600,114.00000,114.82000,111.17000,112.20000,3997300
1707921000,113.73000,114.50000,111.68000,114.39000,3134200
1708007400,112.00000,124.18000,112.00000,117.50000,6739200
1708093800,118.87000,125.85000,118.77000,122.59000,4406200
1708439400,122.10000,122.10000,113.40000,114.82000,3840200
1708525800,115.20000,120.57000,114.06000,118.55000,3681100
1708612200,117.95000,120.40000,116.76000,118.18000,2018300
1708698600,118.48000,122.05000,115.92000,120.65000,2762300
1708957800,120.00000,124.25000,118.75000,121.52000,2081000
1709044200,127.44000,130.32001,126.50000,128.59000,3540300
1709130600,130.66000,133.75000,129.98000,132.06000,2733100
1709217000,136.53999,140.64000,135.75999,137.85001,4563000
1709303400,138.38000,143.19000,137.88000,142.80000,3286300
1709562600,140.14999,140.22000,133.12000,133.20000,4216900
1709649000,122.06000,122.44000,106.69000,109.40000,19347700
1709735400,110.28000,119.83000,110.28000,119.59000,15606700
1709821800,119.05000,123.29000,118.29000,122.66000,4235500
1709908200,123.31000,124.25000,118.00000,118.33000,3479000
1710163800,119.37000,125.84000,119.37000,124.75000,4130100
1710250200,127.07000,128.50000,121.34000,123.93000,3443100
1710336600,122.88000,126.90000,122.22000,125.79000,2176900
1710423000,122.50000,123.25000,119.13000,119.89000,3010000
1710509400,119.00000,123.00000,116.77000,122.14000,3203700
1710768600,123.73000,125.74000,120.50000,124.58000,1886200
1710855000,121.50000,123.36000,120.25000,120.54000,2326600
1710941400,120.27000,126.73000,119.50000,124.45000,2529000
1711027800,125.85000,127.57000,124.12000,124.86000,2350900
1711114200,121.99000,125.13000,120.79000,120.86000,2454800
1711373400,120.58000,122.23000,118.25000,118.35000,2129300
1711459800,119.25000,120.54000,117.28000,119.01000,2506100
1711546200,119.65000,129.02000,119.64000,128.80000,4722600
1711632600,128.98000,132.42000,127.27000,131.74001,3988800
1711978200,132.00000,132.80000,126.88000,129.17999,2088100
1712064600,127.05000,127.79000,124.90000,126.48000,2335400
1712151000,127.29000,129.99001,125.40000,128.87000,1946300
1712237400,130.41000,131.00999,120.92000,121.12000,3032900
1712323800,120.24000,123.74000,119.64000,123.45000,1901100
1712583000,125.19000,133.09000,124.51000,131.69000,3560800
1712669400,132.92000,133.72000,127.38000,129.16000,3003100
1712755800,129.35001,131.74001,125.41000,127.65000,3605200
1712842200,129.28999,130.83000,125.10000,130.31000,3169600
1712928600,129.88000,130.86000,122.11000,122.58000,2805200
1713187800,123.66000,124.74000,119.90000,120.50000,1943500
1713274200,116.88000,119.05000,113.89000,114.11000,3493100
1713360600,115.35000,117.91000,114.33000,114.39000,2080400
1713447000,114.62000,114.93000,110.51000,111.80000,2208200
1713533400,111.68000,114.75000,111.27000,112.15000,1976100
1713792600,111.77000,113.78000,108.30000,112.29000,2281900
1713879000,111.25000,115.93000,110.28000,114.21000,1782700
1713965400,114.30000,115.73000,112.18000,115.27000,2235300
1714051800,113.53000,115.53000,111.05000,114.98000,1421100
1714138200,116.01000,118.07000,114.83000,116.88000,1723600
1714397400,122.50000,125.89000,122.19000,125.73000,3866300
1714483800,122.99000,124.43000,119.62000,120.31000,3574600
1714570200,120.52000,123.06000,117.74000,119.00000,2700200
1714656600,117.50000,127.48000,117.35000,125.30000,4490000
1714743000,128.10001,130.92999,127.38000,128.10001,2600100
1715002200,130.48000,131.50000,127.65000,130.78000,1959500
1715088600,130.35001,135.75000,130.00999,131.55000,2429600
1715175000,128.11000,130.88000,126.80000,130.46001,1810400
1715261400,131.21001,133.89000,129.50000,133.55000,1963900
1715347800,133.89999,133.89999,129.06000,129.62000,1920500
1715607000,131.11000,134.28999,130.47000,131.50999,1562500
1715693400,133.00000,137.00000,132.87000,135.46001,2161800
1715779800,137.25999,137.50000,126.65000,127.57000,3929700
1715866200,128.61000,130.44000,126.75000,129.19000,1743400
1715952600,129.67000,134.75000,129.25000,131.12000,2283300
1716211800,131.00000,131.00000,126.30000,130.14999,2202900
1716298200,128.83000,130.80000,126.64000,126.64000,1655300
1716384600,124.00000,128.35001,122.80000,126.48000,2423500
1716471000,126.76000,126.76000,122.67000,122.95000,1754400
1716557400,123.96000,127.70000,123.64000,127.59000,1445700
1716903000,128.28000,129.50000,125.90000,127.76000,2105200
1716989400,124.71000,126.36000,123.41000,123.44000,1765900
1717075800,123.57000,125.94000,123.32000,123.78000,1557400
1717162200,124.19000,125.30000,120.21000,122.59000,3525200
1717421400,124.84000,124.84000,119.79000,120.89000,2123800
1717507800,119.75000,120.63000,118.04000,118.31000,2119400
1717594200,119.06000,120.28000,117.48000,118.65000,1645800
1717680600,117.00000,118.52000,114.43000,118.18000,3002600
1717767000,116.78000,117.56000,114.23000,114.94000,2056800
1718026200,114.00000,114.89000,112.42000,114.06000,1701200
1718112600,113.54000,114.16000,112.14000,113.97000,1957100
1718199000,117.00000,118.80000,111.78000,112.65000,2723600
1718285400,111.60000,113.29000,107.67000,108.23000,4262400
1718371800,107.10000,108.59000,103.32000,103.51000,3910600
1718631000,102.74000,104.16000,98.95000,100.63000,4291400
1718717400,100.36000,102.50000,98.70000,99.54000,3526900
1718890200,97.70000,97.99000,93.73000,93.79000,5663800
1718976600,93.00000,96.00000,92.29000,94.66000,5565300
1719235800,93.55000,96.53000,93.19000,96.40000,3280600
1719322200,95.20000,96.11000,92.61000,92.77000,3217500
1719408600,95.52000,100.63000,95.03000,100.28000,4847600
1719495000,98.48000,99.10000,94.88000,96.27000,4049900
1719581400,96.50000,96.60000,93.54000,95.52000,4489200
1719840600,95.25000,97.44000,94.82000,97.41000,2451700
1719927000,98.81000,102.56000,96.00000,97.06000,4115200
1720013400,98.10000,101.38000,97.00000,100.09000,2309100
1720186200,98.78000,100.34000,97.11000,98.35000,2229800
1720445400,99.15000,101.65000,99.11000,99.15000,2194000
1720531800,96.85000,98.02000,90.32000,90.47000,6421000
1720618200,91.04000,97.30000,90.75000,96.90000,4153900
1720704600,98.36000,100.20000,96.91000,97.95000,2705800
1720791000,98.98000,99.70000,96.83000,97.87000,1968400
1721050200,93.60000,96.95000,93.12000,95.49000,2640000
1721136600,95.36000,98.09000,94.27000,97.71000,2586700
1721223000,97.31000,99.26000,92.65000,95.08000,2469000
1721309400,94.61000,98.22000,93.45000,93.81000,2324900
1721395800,92.74000,92.93000,90.02000,92.09000,2235700
1721655000,93.13000,93.99000,91.40000,93.57000,2075700
1721741400,92.38000,93.04000,91.06000,91.48000,1896500
1721827800,91.00000,93.17000,90.75000,90.88000,2100600
1721914200,90.55000,94.72000,90.20000,91.00000,2776600
1722000600,92.54000,93.16000,90.60000,92.80000,1868500
1722259800,91.41000,92.45000,90.28000,91.67000,1915100
1722346200,91.03000,93.16000,90.48000,92.51000,2449400
1722432600,91.92000,95.95000,91.77000,93.67000,5757000
1722519000,94.00000,99.47000,91.88000,93.17000,4807500
1722605400,88.79000,88.79000,82.25000,86.99000,5807200
1722864600,80.30000,85.44000,79.90000,83.52000,5285400
1722951000,84.05000,84.11000,79.46000,79.53000,3707800
1723037400,82.24000,84.47000,79.00000,79.06000,3367700
1723123800,80.00000,83.31000,79.09000,81.83000,3296800
1723210200,82.27000,82.61000,80.00000,81.65000,2165700
1723469400,81.58000,81.66000,74.82000,76.00000,4590200
1723555800,76.90000,77.93000,75.46000,77.22000,3969300
1723642200,77.00000,77.00000,71.97000,72.85000,4528400
1723728600,74.15000,79.31000,73.59000,79.14000,6098800
1723815000,78.95000,79.88000,77.49000,79.37000,2921300
1724074200,79.75000,83.37000,79.24000,82.78000,2947300
1724160600,82.80000,85.85000,82.60000,84.22000,3463400
1724247000,85.60000,88.85000,84.91000,88.60000,3287700
1724333400,87.89000,87.89000,85.59000,86.88000,2588100
1724419800,87.83000,90.83000,87.00000,90.50000,2203800
1724679000,91.26000,91.68000,88.38000,88.94000,2020000
1724765400,88.98000,89.74000,88.54000,88.98000,1165700
1724851800,88.05000,88.67000,87.55000,88.00000,1802100
1724938200,88.96000,93.00000,86.79000,91.65000,1875000
1725024600,93.00000,94.69000,89.53000,90.25000,2063100
1725370200,87.30000,88.00000,82.73000,84.12000,2748100
1725456600,83.13000,87.19000,83.13000,84.75000,2158200
1725543000,84.82000,85.21000,82.51000,82.60000,1421600
1725629400,81.24000,81.46000,75.36000,76.90000,3495900
1725888600,78.00000,79.76000,76.77000,78.41000,2238700
1725975000,78.01000,78.69000,75.44000,78.62000,2058300
1726061400,90.21000,91.81000,84.75000,89.30000,6391800
1726147800,89.30000,89.87000,86.74000,88.50000,2865000
1726234200,88.90000,89.81000,85.87000,87.44000,2181700
1726493400,87.99000,90.12000,86.97000,89.35000,1566200
1726579800,90.51000,91.90000,89.76000,89.82000,1925600
1726666200,90.56000,90.74000,86.10000,86.59000,3200600
1726752600,90.20000,90.37000,87.84000,89.33000,1976000
1726839000,88.47000,88.97000,85.45000,86.03000,4531400
1727098200,87.33000,90.27000,85.93000,88.71000,2005300
1727184600,92.70000,94.85000,90.46000,90.46000,3650500
1727271000,90.62000,90.84000,86.45000,86.58000,2170500
1727357400,92.00000,95.53000,90.51000,95.17000,4339600
1727443800,97.20000,98.25000,94.82000,96.05000,2592800
1727703000,96.19000,98.10000,94.20000,94.71000,1743200
1727789400,94.16000,94.95000,92.71000,94.32000,1269900
1727875800,94.39000,95.63000,92.56000,94.07000,1271200
1727962200,92.05000,95.00000,91.90000,94.31000,1785600
1728048600,99.20000,102.10000,98.40000,102.09000,4783300
1728307800,99.88000,105.24000,99.59000,104.47000,4527200
1728394200,99.85000,101.50000,98.95000,100.26000,4295000
1728480600,102.19000,103.38000,99.76000,101.92000,3759100
1728567000,101.31000,104.68000,101.11000,102.96000,1840700
1728653400,100.65000,103.42000,100.33000,102.02000,2426000
1728912600,101.17000,102.00000,98.00000,99.60000,2352800
1728999000,97.60000,100.08000,95.57000,95.74000,2645400
1729085400,97.84000,99.67000,96.63000,98.25000,1875900
1729171800,97.49000,97.81000,93.20000,94.67000,2992300
1729258200,96.71000,97.64000,94.45000,95.14000,2082000
1729517400,94.50000,94.95000,92.99000,93.84000,2276700
1729603800,93.67000,96.88000,92.94000,96.46000,2363600
1729690200,95.04000,96.31000,93.44000,93.96000,1958700
1729776600,95.45000,96.10000,93.14000,95.15000,1422100
1729863000,95.24000,96.20000,93.07000,93.51000,2046400
1730122200,93.90000,99.50000,93.67000,98.14000,2383300
1730208600,97.35000,99.38000,96.62000,96.65000,1409500
1730295000,96.41000,99.00000,95.40000,95.52000,1318200
1730381400,95.52000,96.69000,94.16000,94.73000,2197600
1730467800,95.00000,99.40000,94.38000,98.24000,2431100
1730730600,99.50000,102.60000,98.82000,100.57000,2339600
1730817000,100.04000,100.44000,98.30000,99.78000,1548500
1730903400,96.00000,97.37000,93.30000,96.58000,3228300
1730989800,97.40000,103.86000,94.39000,99.93000,3377400
1731076200,98.78000,100.92000,97.07000,100.84000,2287100
1731335400,104.68000,111.59000,103.91000,110.49000,4581900
1731421800,106.59000,108.13000,102.71000,102.80000,2359400
1731508200,108.26000,111.39000,107.40000,108.19000,3822200
1731594600,108.39000,109.16000,101.22000,102.10000,2458300
1731681000,102.00000,103.63000,99.58000,103.53000,2498100
1731940200,103.13000,104.92000,102.23000,104.03000,1698700
1732026600,107.00000,107.75000,103.79000,106.45000,2168900
1732113000,105.95000,110.18000,105.95000,109.55000,2033500
1732199400,107.01000,110.07000,106.47000,108.98000,1598000
1732285800,106.89000,109.48000,104.55000,108.38000,1820200
1732545000,110.18000,111.70000,108.70000,109.98000,2087000
1732631400,108.51000,109.65000,106.37000,106.79000,1973300
1732717800,107.70000,109.73000,106.25000,107.98000,1071900
1732890600,107.02000,108.60000,106.63000,107.70000,748200
1733149800,107.70000,111.46000,106.94000,111.30000,1990000
1733236200,111.00000,111.00000,108.54000,109.07000,1477900
1733322600,108.95000,109.14000,101.11000,102.61000,2526900
1733409000,102.00000,103.33000,100.80000,101.10000,2322100
1733495400,102.00000,105.20000,101.82000,104.96000,1557000
1733754600,106.36000,113.91000,106.08000,109.66000,2663200
1733841000,108.50000,109.17000,103.50000,103.98000,1535800
1733927400,104.45000,104.45000,101.58000,103.84000,1502100
1734013800,103.61000,104.53000,102.20000,103.30000,1136800
1734100200,102.00000,102.01000,98.04000,99.38000,1643700
1734359400,98.59000,100.91000,97.56000,99.54000,1634300
1734445800,98.79000,100.31000,96.42000,97.55000,1757300
1734532200,97.00000,97.61000,90.10000,90.54000,2536300
1734618600,91.50000,93.84000,88.74000,88.92000,2360700
1734705000,87.87000,90.54000,87.52000,88.65000,3685400
1734964200,89.03000,89.86000,88.11000,89.20000,2003000
1735050600,89.44000,90.14000,87.98000,89.99000,595100
1735223400,89.51000,90.43000,88.46000,89.15000,1194900
1735309800,88.64000,90.85000,87.30000,88.29000,1397000
1735569000,87.00000,87.19000,85.14000,86.14000,1729000
1735655400,86.80000,88.19000,85.29000,86.08000,1609500
1735828200,86.44000,87.99000,84.41000,85.23000,1866100
1735914600,86.00000,88.26000,85.19000,87.79000,2626700
1736173800,89.99000,93.06000,89.50000,90.19000,2319600
1736260200,91.00000,91.73000,89.00000,89.98000,1653500
1736346600,88.81000,88.81000,86.65000,87.38000,1553800
1736519400,85.70000,87.38000,84.88000,86.53000,1691100
1736778600,86.04000,91.51000,85.74000,91.51000,2824600
1736865000,92.65000,94.70000,91.54000,92.63000,1890700
1736951400,94.66000,96.75000,94.09000,95.15000,2289000
1737037800,94.68000,94.85000,92.88000,94.32000,2082700
1737124200,95.41000,99.07000,95.21000,97.49000,2049500
1737469800,97.10000,97.10000,93.89000,94.05000,1921600
1737556200,93.41000,93.50000,90.21000,90.25000,2427200
1737642600,90.00000,90.90000,88.90000,89.80000,2775600
1737729000,90.84000,91.41000,88.47000,88.76000,2297500
1737988200,88.22000,88.83000,87.17000,88.78000,3132200
1738074600,88.21000,88.36000,85.13000,85.90000,1888400
1738161000,86.33000,87.30000,85.45000,86.28000,1678800
1738247400,87.11000,87.19000,84.90000,85.65000,1929700
1738333800,85.67000,86.03000,83.08000,84.19000,2785900
1738593000,81.51000,82.28000,79.66000,80.45000,3322000
1738679400,81.10000,83.45000,80.67000,82.48000,2446900
1738765800,80.01000,81.75000,79.06000,79.88000,2619500
1738852200,81.00000,81.45000,78.51000,79.00000,2240900
1738938600,79.00000,79.21000,76.70000,77.37000,2649700
1739197800,77.75000,78.25000,74.84000,75.14000,3077500
1739284200,73.41000,75.80000,72.88000,75.70000,3349100
1739370600,75.72000,77.16000,74.58000,76.60000,3431100
1739457000,79.90000,83.03000,74.95000,79.25000,5153700
1739543400,80.16000,82.39000,79.59000,81.21000,2744400
1739889000,80.50000,84.11000,79.36000,83.58000,2654800
1739975400,82.15000,84.00000,81.20000,83.67000,3143000
1740061800,83.30000,84.73000,81.98000,82.51000,1500900
1740148200,82.81000,84.04000,80.77000,81.20000,1677800
1740407400,80.86000,82.25000,79.69000,81.03000,1785600
1740493800,80.90000,81.03000,76.69000,78.42000,3200000
1740580200,78.90000,79.15000,77.01000,77.53000,2747500
1740666600,77.47000,79.53000,76.92000,78.97000,3499800
1740753000,77.37000,78.00000,75.71000,77.03000,2821800
1741012200,78.77000,78.77000,69.81000,69.95000,5055400
1741098600,69.00000,74.17000,67.23000,72.16000,3852200
1741185000,73.14000,74.85000,72.35000,74.21000,3400400
1741271400,72.73000,76.90000,72.73000,76.48000,3772900
1741357800,74.28000,78.38000,74.28000,75.51000,3451100
1741613400,75.60000,79.63000,75.54000,76.39000,2849100
1741699800,77.05000,77.42000,71.88000,72.67000,2582400
1741786200,72.16000,73.83000,71.05000,72.81000,2199300
1741872600,72.63000,74.11000,71.10000,72.40000,1658300
1741959000,74.19000,75.58000,72.40000,75.23000,2761500
1742218200,76.17000,79.75000,76.17000,79.34000,2763700
1742304600,79.00000,79.37000,77.41000,78.50000,1934500
1742391000,78.62000,80.15000,78.30000,79.49000,1984400
1742477400,77.41000,78.52000,76.30000,77.03000,2009500
1742563800,75.76000,77.74000,75.13000,77.56000,4483700
1742823000,78.22000,79.37000,77.22000,77.55000,1748300
1742909400,77.86000,79.93000,77.15000,77.67000,1492400
1742995800,77.68000,78.31000,74.26000,75.72000,1313300
1743082200,74.58000,75.34000,73.12000,74.75000,1886500
1743168600,74.16000,74.96000,71.46000,72.19000,1987800
1743427800,70.51000,72.80000,69.90000,72.02000,1898400
1743514200,71.73000,72.54000,69.95000,71.82000,2010600
1743600600,70.70000,73.64000,70.33000,72.25000,1831600
1743687000,69.23000,69.76000,66.15000,66.50000,3725000
1743773400,63.24000,64.98000,57.53000,58.51000,6136900
1744032600,56.91000,64.30000,55.50000,58.10000,7447600
1744119000,60.12000,60.28000,49.43000,50.76000,7919000
1744205400,50.67000,62.09000,50.24000,60.47000,9383400
1744291800,57.11000,57.50000,53.55000,54.71000,5661900
1744378200,54.55000,56.95000,52.78000,56.67000,3362600
1744637400,57.95000,59.24000,56.07000,57.39000,2745500
1744723800,56.00000,57.64000,53.65000,54.01000,4050800
1744810200,53.05000,54.84000,51.46000,52.57000,4277300
1744896600,53.29000,53.87000,51.92000,52.91000,3117400
1745242200,52.50000,53.21000,50.85000,53.02000,3122800
1745328600,53.71000,56.00000,53.34000,54.77000,2805000
1745415000,57.37000,59.93000,55.37000,55.64000,3699000
1745501400,55.95000,58.46000,55.95000,58.17000,2274100
1745587800,57.39000,58.25000,56.65000,57.73000,3065800
1745847000,57.88000,60.31000,57.43000,58.55000,2699000
1745933400,58.84000,59.96000,58.66000,59.46000,2826000
1746019800,57.00000,58.68000,56.21000,58.55000,6029800
1746106200,61.37000,63.46000,58.38000,59.32000,5229800
1746192600,60.47000,62.06000,58.63000,60.30000,3471800
1746451800,59.59000,60.20000,57.64000,57.94000,2589600
1746538200,56.77000,58.67000,56.77000,57.49000,2475500
1746624600,58.00000,58.00000,55.64000,56.06000,2895100
1746711000,57.01000,58.75000,56.50000,57.44000,3404200
1746797400,57.71000,58.62000,57.07000,57.93000,2163100
1747056600,62.60000,63.64000,60.80000,61.57000,3994400
1747143000,61.58000,62.35000,60.97000,61.86000,3563900
1747229400,62.49000,62.79000,60.46000,61.08000,3093900
1747315800,60.02000,60.35000,58.57000,60.32000,3244000
1747402200,59.91000,60.78000,57.83000,60.21000,3821700
1747661400,58.48000,59.86000,57.36000,59.24000,4076800
1747747800,59.12000,60.49000,58.63000,59.32000,2416600
1747834200,58.55000,58.97000,56.39000,56.44000,2506000
1747920600,56.47000,58.14000,55.48000,57.94000,2905700
1748007000,56.61000,57.90000,56.31000,57.61000,2710500
1748352600,58.38000,58.89000,56.67000,58.79000,3263800
1748439000,58.60000,59.17000,57.34000,58.05000,2430500
1748525400,58.50000,59.03000,56.75000,57.49000,2866100
1748611800,56.65000,56.69000,54.81000,55.76000,11048700
1748871000,56.40000,56.40000,54.28000,55.09000,3667100
1748957400,55.04000,57.22000,53.70000,57.01000,2977000
1749043800,57.77000,60.16000,57.49000,59.70000,4078200
1749130200,61.00000,62.18000,57.83000,58.64000,3632100
1749216600,60.04000,60.77000,59.29000,59.83000,2175800
1749475800,60.61000,63.35000,60.47000,62.30000,3391900
1749562200,63.21000,64.55000,62.72000,64.20000,3023200
1749648600,65.61000,65.75000,63.84000,65.08000,3823600
1749735000,64.02000,64.23000,62.22000,62.48000,3002900
1749821400,61.20000,62.99000,60.28000,60.72000,2500800
1750080600,62.00000,62.23000,60.70000,60.96000,2333200
1750167000,60.65000,60.68000,58.80000,59.69000,2560200
1750253400,59.15000,60.52000,59.04000,59.40000,2872900
1750426200,59.49000,59.83000,56.65000,56.66000,5545500
1750685400,56.65000,57.97000,55.90000,57.82000,3791400
1750771800,58.65000,61.23000,58.60000,60.18000,3124700
1750858200,60.16000,61.15000,58.85000,60.38000,2724800
1750944600,62.37000,65.12000,62.09000,63.75000,4054000
1751031000,65.28000,66.67000,64.04000,64.95000,4137300
1751290200,64.81000,64.81000,62.05000,62.67000,3077700
1751376600,62.25000,64.02000,60.64000,62.90000,3242600
1751463000,65.52000,68.93000,64.41000,67.99000,4458000
1751549400,68.61000,69.49000,66.84000,67.21000,2322300
1751895000,66.55000,67.28000,64.24000,65.50000,2956600
1751981400,66.03000,72.17000,65.95000,70.22000,7275300
1752067800,70.28000,71.21000,68.61000,70.79000,4021400
1752154200,71.76000,76.28000,71.50000,74.27000,5717900
1752240600,70.30000,71.93000,70.22000,70.98000,4092000
1752499800,70.79000,73.48000,70.23000,71.87000,2711900
1752586200,72.77000,72.88000,69.89000,70.02000,4674000
1752672600,70.14000,71.00000,69.08000,70.41000,2880100
1752759000,72.45000,76.66000,72.24000,75.74000,7862000
1752845400,77.31000,79.62000,76.15000,77.07000,6224400
1753104600,79.85000,81.10000,76.82000,77.15000,3690800
1753191000,78.70000,83.57000,78.50000,83.24000,6714200
1753277400,81.40000,82.18000,77.94000,78.79000,5139000
1753363800,82.51000,86.19000,81.78000,84.18000,7765000
1753450200,84.67000,84.82000,82.00000,83.74000,5379500
1753709400,79.00000,80.88000,74.19000,74.77000,10165500
1753795800,73.81000,74.44000,71.00000,71.60000,6543200
1753882200,71.77000,71.84000,68.44000,68.89000,4953500
1753968600,70.05000,70.08000,65.29000,67.85000,8469100
1754055000,66.81000,68.57000,64.95000,67.90000,4282600
1754314200,68.23000,69.31000,67.90000,68.56000,3261300
1754400600,69.31000,69.45000,66.67000,68.25000,2210100
1754487000,68.77000,69.15000,66.89000,67.30000,2106200
1754573400,69.86000,73.84000,69.81000,70.06000,5435400
1754659800,72.20000,76.89000,71.48000,75.48000,7616700
1754919000,84.77000,87.45000,79.92000,80.76000,12471500
1755005400,78.24000,80.59000,75.44000,77.98000,5413100
1755091800,81.10000,82.20000,79.25000,81.67000,3990400
1755178200,79.99000,81.68000,79.36000,81.43000,3495700
1755264600,81.27000,82.71000,81.10000,82.19000,2842300
1755523800,81.67000,84.79000,81.67000,83.09000,4375900
1755610200,82.30000,83.00000,80.31000,80.55000,3810800
1755696600,77.05000,79.49000,75.88000,78.12000,3456400
1755783000,77.38000,79.74000,76.88000,78.94000,2887800
1755869400,77.33000,82.63000,77.15000,81.34000,2876200
1756128600,80.73000,82.29000,80.03000,81.29000,2412000
1756215000,82.07000,83.45000,81.01000,81.53000,2495900
1756301400,81.48000,87.97000,81.40000,87.68000,5504600
1756387800,86.70000,86.98000,83.72000,84.92000,3539500
1756474200,85.63000,87.08000,84.63000,84.92000,1738900
1756819800,81.99000,82.19000,79.14000,79.54000,4041600
1756906200,79.17000,80.85000,78.61000,80.11000,1926000
1756992600,79.53000,79.75000,78.15000,79.27000,3900500
1757079000,82.21000,84.89000,80.86000,81.54000,4805500
1757338200,82.15000,82.66000,80.07000,82.00000,2332700
1757424600,75.22000,76.00000,71.39000,72.58000,13545200
1757511000,73.29000,74.73000,72.11000,73.32000,5511300
1757597400,71.84000,76.14000,71.25000,75.05000,3595600
1757683800,74.24000,76.34000,73.09000,75.98000,2508600
1757943000,78.09000,81.66000,77.50000,81.04000,5011900
1758029400,80.77000,82.00000,79.92000,80.94000,2255700
1758115800,80.89000,82.45000,78.91000,80.16000,2616700
1758202200,80.95000,81.60000,79.33000,80.93000,2217900
1758288600,82.10000,83.93000,81.31000,81.84000,3672600
1758547800,80.44000,82.49000,79.88000,80.38000,2537400
1758634200,80.86000,83.39000,79.59000,80.12000,2249000
1758720600,83.50000,85.61000,81.14000,81.58000,3532700
1758807000,81.71000,87.30000,80.29000,84.83000,4456000
1758893400,83.91000,89.35000,83.40000,88.10000,4186600
1759152600,90.58000,91.31000,86.03000,86.88000,3344100
1759239000,85.50000,85.56000,79.30000,81.08000,5385600
1759325400,81.97000,85.58000,81.97000,84.47000,3616400
1759411800,85.00000,90.09000,84.72000,87.61000,3121700
1759498200,87.12000,89.20000,85.85000,88.22000,2570400
1759757400,89.60000,93.73000,88.50000,92.03000,3402600
1759843800,91.90000,93.13000,89.01000,90.53000,2238900
1759930200,91.96000,92.85000,89.69000,91.69000,2518900
1760016600,95.62000,99.86000,94.45000,96.50000,5594900
1760103000,95.40000,96.16000,89.75000,89.86000,4302600
1760362200,92.03000,99.13000,92.00000,96.34000,4161000
1760448600,92.65000,97.67000,91.00000,96.24000,3624800
1760535000,98.04000,99.49000,95.57000,98.16000,3313200
1760621400,98.54000,99.15000,94.29000,95.29000,2606700
1760707800,93.43000,96.00000,91.50000,92.74000,3547300
1760967000,94.00000,97.69000,94.00000,96.14000,2927100
1761053400,94.50000,94.86000,90.92000,91.34000,2486900
1761139800,90.80000,91.99000,88.76000,91.27000,1984300
1761226200,94.50000,98.06000,93.96000,97.36000,3455700
1761312600,100.17000,106.96000,99.65000,105.64000,5109700
1761571800,103.77000,105.47000,95.69000,96.23000,4094700
1761658200,97.00000,97.15000,94.77000,96.68000,2509900
1761744600,96.80000,101.04000,96.45000,97.80000,2278700
1761831000,99.00000,100.62000,96.58000,97.89000,2366900
1761917400,96.90000,99.97000,96.50000,98.23000,4021800
1762180200,97.54000,99.40000,95.08000,96.53000,2737500
1762266600,91.71000,92.50000,88.01000,88.45000,5264300
1762353000,90.39000,92.87000,89.10000,91.96000,3369800
1762439400,94.00000,97.10000,91.00000,91.26000,3772800
1762525800,90.17000,98.42000,90.01000,97.18000,4482800
1762785000,101.42000,104.60000,100.00000,103.58000,3390200
1762871400,102.50000,103.89000,101.18000,103.88000,2655400
1762957800,105.41000,110.63000,104.94000,110.32000,4399100
1763044200,112.35000,119.28000,112.02000,114.57000,7195900
1763130600,108.90000,117.35000,107.63000,115.14000,4691600
1763389800,120.01000,125.85000,117.66000,117.70000,7466600
1763476200,116.37000,122.42000,114.91000,121.39000,4524100
1763562600,123.39000,127.07000,122.66000,125.68000,3631700
1763649000,121.08000,125.85000,115.68000,116.42000,5683200
1763735400,113.07000,119.32000,110.58000,116.82000,4858600
1763994600,114.48000,116.76000,113.51000,115.88000,2844300
1764081000,119.71000,125.78000,117.92000,125.26000,3548500
1764167400,124.08000,127.70000,122.13000,126.91000,3060200
1764340200,127.79000,130.56000,126.50000,129.99001,1285300
1764599400,128.47000,132.89999,128.11000,128.33000,4017000
1764685800,130.25999,130.25999,127.14000,128.14000,2037100
1764772200,124.50000,127.05000,123.43000,126.49000,4145000
1764858600,125.32000,126.49000,117.61000,119.14000,4241900
1764945000,123.81000,129.88000,122.70000,125.19000,5265000
1765204200,128.28000,128.39000,124.72000,127.20000,3602800
1765290600,126.94000,131.89999,126.55000,129.28999,2362900
1765377000,131.00000,134.37000,129.73000,133.21001,2764400
1765463400,133.17999,135.13000,132.00999,134.59000,2291600
1765549800,136.10001,136.10001,129.89000,132.74001,2775300
1765809000,132.96001,134.35001,130.67999,132.22000,2080600
1765895400,131.92000,134.48000,130.39999,131.07001,2349300
1765981800,135.20000,138.69000,134.42999,134.71001,3105300
1766068200,135.39999,140.78000,133.88000,140.48000,3387600
1766154600,142.50999,149.82001,142.00000,145.88000,6845000
1766413800,146.89999,150.72000,143.84000,145.38000,3573600
1766500200,147.98000,149.88000,146.21001,146.70000,1736700
1766586600,144.00000,148.50999,143.52000,148.50999,1181700
1766759400,150.28000,152.08000,147.74001,150.00999,1442200
1767018600,144.72000,146.45000,141.25000,144.58000,2822000
1767105000,145.06000,145.42000,141.66000,142.00999,1660200
1767191400,141.27000,142.75000,140.70000,141.44000,1742100
1767364200,143.77000,144.75000,141.42999,143.92999,2992500
1767623400,146.28000,148.67000,145.06000,146.13000,3112900
1767709800,150.85001,164.98000,150.28999,158.14999,5627800
1767796200,160.00000,164.80000,157.21001,161.57001,4198800
1767882600,159.30000,162.59000,155.34000,158.31000,3332800
1767969000,158.07001,162.98000,157.00000,161.28999,2824400
1768228200,167.94000,169.62000,164.50000,169.33000,3422600
1768314600,175.00000,177.67000,172.75000,176.88000,3411500
1768401000,175.38000,179.14000,171.67999,177.55000,2538500
1768487400,177.55000,179.10001,170.80000,173.78000,3143900
1768573800,166.20000,166.48000,161.75999,163.03999,4817600
1768919400,161.39999,172.62000,160.02000,172.53999,4535300
1769005800,175.78000,181.06000,175.78000,180.06000,4493700
1769092200,179.30000,189.17999,178.48000,188.32001,4220400
1769178600,188.67999,191.97000,185.21001,189.50999,3022600
1769437800,189.64000,192.46001,187.32001,189.75000,3002700
1769524200,188.00000,195.69000,187.00000,194.17999,2605600
1769610600,195.21001,195.22000,179.25000,184.33000,4444800
1769697000,184.06000,187.10001,177.14000,180.70000,2694400
1769783400,167.41000,173.38000,166.00999,170.63000,6911300
1770042600,168.50000,173.00000,164.14999,164.92999,3666600
1770129000,173.22000,174.70000,167.85001,170.64000,2655400
1770215400,171.50000,175.57001,162.88000,168.66000,3049000
1770301800,160.06000,165.12000,156.03999,156.48000,3638200
1770388200,159.89999,163.91000,158.48000,163.37000,2120400
1770647400,162.50000,166.30000,159.20000,165.75999,2341600
1770733800,165.00000,168.69000,162.75999,168.56000,2196400
1770820200,172.27000,176.66000,169.98000,175.42999,3762600
1770906600,173.00999,182.80000,157.50000,158.92999,4254200
1770993000,160.57001,167.88000,156.72000,166.35001,2594200
1771338600,166.27000,170.99001,165.05000,168.92000,1809400
1771425000,171.80000,175.21001,170.81000,171.22000,2196900
1771511400,165.45000,169.61000,164.20000,168.41000,1559600
1771597800,166.50000,172.20000,165.30000,168.42000,1861000
1771857000,168.42000,177.97000,168.42000,177.52000,2323500
1771943400,180.77000,188.97000,180.77000,186.83000,2628900
1772029800,202.00000,206.00000,195.28999,195.87000,4503400
1772116200,191.89000,193.34000,181.95000,184.92999,2576400
1772202600,183.53999,184.52000,177.28000,178.67000,2405600
1772461800,173.52000,181.00999,171.73000,178.17999,1626300
1772548200,165.39000,168.20000,157.27000,164.73000,3369500
1772634600,170.30000,173.00000,167.81000,168.35001,2535500
1772721000,165.81000,169.21001,161.13000,163.92999,2110100
1772807400,158.62000,165.05000,158.00000,162.28999,2175500
1773063000,158.75999,169.81000,157.50999,169.57001,2420700
1773149400,171.46001,173.64000,166.38000,166.53999,2028300
1773235800,164.94000,170.30000,163.53999,168.00000,1704600
1773322200,165.78000,165.78000,159.78999,163.89000,1479700
1773408600,164.07001,166.50000,156.34000,158.22000,1897100
1773667800,162.96001,165.78000,161.22000,162.44000,1215200
1773754200,163.67000,166.92999,163.00000,166.32001,1697400
1773840600,164.25999,170.06000,162.00999,165.83000,1585800
1773927000,158.57001,164.64999,155.08000,163.25999,1873700
1774013400,163.50000,164.20000,154.69000,156.70000,2936900
1774272600,159.75000,171.00000,159.10001,167.56000,2899000
1774359000,165.92999,177.17000,164.53000,177.06000,2267000
1774445400,179.89000,184.25000,178.19000,181.39000,2248300
1774531800,178.00000,182.00000,174.21001,174.50000,1261400
1774618200,174.67999,183.00999,174.46001,179.45000,1572200
1774877400,184.60001,186.96001,175.77000,177.22000,2104500
1774963800,177.92999,184.78000,177.17999,179.53000,2225900
1775050200,182.72000,185.69000,176.08000,178.47000,1842700
1775136600,174.62000,183.60001,172.96001,178.09000,1145800
1775482200,177.00000,179.60001,170.28999,173.03000,1394200
1775568600,172.94000,175.80000,171.00000,173.53000,1303500
1775655000,179.44000,180.71001,174.14000,177.44000,1617400
1775741400,176.48000,181.57001,170.85001,172.35001,1538900
1775827800,173.50000,178.78999,172.57001,173.64000,1208700
1776087000,175.25000,189.35001,175.25000,185.42999,2960200
1776173400,190.00000,190.98000,184.74001,189.86000,1810000
1776259800,189.85001,189.85001,183.89000,185.38000,1291100
1776346200,191.00000,215.71001,189.36000,215.62000,5639600
1776432600,207.56000,208.05000,195.32001,197.75000,4160700
1776691800,196.00000,199.46001,193.50000,194.83000,2216300
1776778200,195.12000,199.48000,193.70000,198.42000,1491600
1776864600,200.00000,201.67000,188.53999,194.22000,1799300
1776951000,193.45000,196.32001,188.00999,193.14000,1548800
1777037400,191.00000,192.24001,184.50999,188.33000,1854200
1777296600,190.00000,200.32001,184.64999,199.53000,2188300
1777383000,194.66000,195.52000,184.78999,186.89999,1835600
1777469400,191.98000,191.98000,186.75999,190.88000,1453600
1777555800,194.46001,197.88000,190.20000,196.70000,2215100
1777642200,197.96001,197.96001,189.50000,193.88000,1278100
1777901400,196.13000,198.85001,187.33000,190.69000,1392200
1777987800,195.00000,197.36000,193.50000,194.82001,1269700
1778074200,201.06000,201.06000,192.10001,192.61000,2224900
1778160600,207.00999,221.00000,198.17999,198.35001,4291200
1778247000,201.33000,209.53999,194.30000,203.52000,3130000
1778506200,210.20000,219.08000,209.00000,209.99001,2811300
1778592600,205.94000,208.95000,201.64999,205.52000,1805200
1778679000,205.99001,208.75999,196.47000,200.94000,1863700
1778765400,198.00000,198.10001,188.30000,191.10001,2168600
1778851800,185.06000,185.06000,179.57001,180.38000,2582700
1779111000,181.31000,182.28000,174.02000,175.74001,1944300
1779197400,172.50999,173.38000,165.67000,169.00000,2097400
1779283800,170.00000,171.19000,167.14000,170.21001,2321500
1779370200,171.53000,171.53000,167.53999,169.89999,1396200
1779456600,171.59000,175.21001,169.32001,171.58000,1676100
1779802200,175.02000,179.70000,173.84000,174.69000,2278200
1779888600,172.00999,180.25999,171.00000,177.47000,1920700
1779975000,177.30000,178.19000,175.60001,176.32001,1714900
1780061400,177.14000,180.00000,173.50999,176.42000,2542100
1780320600,176.38000,176.38000,170.00999,171.13000,2177500
1780407000,170.23000,173.84000,163.59000,171.77000,2636000
1780493400,170.24001,172.25999,166.78000,168.34000,1711200
1780579800,165.14999,168.24001,163.67999,165.64999,1761100
1780666200,162.28999,163.38000,155.13000,155.44000,1790600
1780925400,158.02000,158.09000,149.03000,149.84000,3057500
1781011800,155.44000,156.67999,147.70000,152.78999,2583100
1781098200,151.16000,151.41000,146.75999,147.22000,2153200
1781184600,151.32001,159.74001,151.32001,159.06000,2233900
1781271000,161.58000,174.33000,161.58000,170.42000,3265100
1781530200,171.75999,173.25999,165.50000,168.89999,2843400
1781616600,167.66000,170.49001,165.34000,166.11000,1497900
1781703000,167.85001,171.00000,165.81000,166.56000,2682200
1781789400,167.60001,168.82001,154.50999,160.35001,4385400
1782135000,160.36000,160.36000,152.50000,156.69000,2043500
1782221400,150.23000,152.94000,149.00000,149.98000,1950900
1782307800,148.00000,150.50000,146.39999,147.84000,1926400
1782394200,143.39999,144.77000,138.50999,141.05000,3055400
1782480600,137.16000,137.67000,132.33000,133.70000,4692400
1782739800,133.00000,134.39999,127.51000,129.72000,3363400
1782826200,136.00000,139.28000,133.14000,135.03000,3559600
1782912600,133.63000,139.25000,133.63000,136.08000,2413500
1782999000,134.60001,139.88000,133.02000,135.56000,2572400
1783344600,135.86000,137.42999,132.66000,133.80000,1531500
1783431000,128.84000,131.97000,127.27000,129.02000,2184300
1783517400,126.20000,129.64999,124.58000,129.38000,2075800
1783603800,129.09000,131.14999,126.45000,128.42000,1361800
1783690200,128.99001,129.11000,125.92000,126.05000,1465600
1783949400,126.11000,128.48000,124.65000,125.79000,1215100
1784035800,129.00000,130.61000,127.72000,128.75000,2234100
1784122200,126.82000,127.87000,122.09000,124.74000,1617800
1784208600,121.69000,122.50000,117.59000,119.46000,2263300
1784295000,116.41000,122.26000,116.41000,120.78000,2286300
1784554200,121.00000,121.50000,116.86000,118.20000,2216400
1784640600,119.36000,119.55000,115.60000,118.62000,2746800
1784727000,119.40000,123.31000,116.90000,117.45000,2610100
1784813400,119.21000,120.80000,115.97000,116.91000,1822400
1784899800,116.62000,119.60000,114.75000,114.85000,1637900
1785159000,114.92000,117.19000,113.75000,116.18000,2392300
1785245400,115.06000,115.79000,111.55000,113.16000,2304300
1785331800,115.29000,117.00000,112.22000,113.88000,2294800
1785418200,116.47000,118.56000,115.94000,117.76000,2179600
1785504600,116.80000,118.79000,116.00000,117.64000,3649500
1785763800,116.20000,120.37000,115.59000,118.71000,2150200
1785850200,120.43000,121.81000,119.23000,120.82000,2293100
1785936600,122.05000,122.98000,118.41000,118.84000,2690400
1786023000,127.73000,129.98000,123.54000,125.42000,4201400
1786109400,129.25000,132.99001,125.64000,131.11000,2632600
1786368600,131.38000,133.22000,129.00000,131.21001,2424800
1786455000,130.45000,132.47000,128.62000,129.36000,1482500
1786541400,131.77000,132.33000,127.56000,128.34000,1921600
1786627800,128.00000,133.67000,127.12000,130.48000,2106100
1786714200,132.03000,137.32001,131.64999,136.14999,2340800
1786973400,135.14000,135.45000,132.19000,133.99001,1976800
1787059800,131.00000,132.92999,129.85001,132.71001,1277800
1787146200,134.41000,135.95000,131.19000,134.28000,1545200
1787232600,132.89999,136.06000,132.80000,134.19000,1618800
1787319000,139.85001,143.94000,139.22000,143.25000,3302100
1787578200,143.25000,144.06000,140.00000,141.50999,2174500
1787664600,136.30000,137.20000,132.13000,133.17999,2271000
1787751000,132.57001,135.49001,131.00000,134.50999,1538500
1787837400,134.91000,136.89000,132.44000,135.77000,1109200
1787923800,138.75000,141.22000,135.73000,137.36000,1446000
