time,open,high,low,close,tick_volume
1472477400,4.92562,4.99250,4.91375,4.98562,11129600
1472563800,4.96000,5.03000,4.93250,4.98063,11492800
1472650200,4.98187,4.98875,4.93188,4.98000,7828800
1472736600,4.99563,5.02437,4.95563,4.97937,10764800
1472823000,5.00500,5.06812,4.95625,5.05937,11529600
1473168600,5.05875,5.10563,5.00875,5.07438,7808000
1473255000,5.05500,5.11500,5.04475,5.08437,6896000
1473341400,5.07813,5.10938,5.06125,5.08437,5433600
1473427800,5.05625,5.11188,4.98375,4.98500,8604800
1473687000,4.94750,5.07875,4.88500,5.05625,8457600
1473773400,5.03125,5.07750,5.00812,5.04563,9566400
1473859800,5.04625,5.26687,5.04563,5.19562,28867200
1473946200,5.15812,5.29313,5.13688,5.27688,10870400
1474032600,5.25437,5.31875,5.23125,5.31437,18784000
1474291800,5.21750,5.24875,5.08125,5.12687,16424000
1474378200,5.14375,5.20563,5.10063,5.11375,10150400
1474464600,5.14125,5.24125,5.14125,5.23562,6956800
1474551000,5.27500,5.34937,5.26713,5.33313,11374400
1474637400,5.30625,5.37125,5.26500,5.35750,11281600
1474896600,5.31063,5.33500,5.27381,5.31812,5276800
1474983000,5.29000,5.39500,5.29000,5.39500,7561600
1475069400,5.36750,5.39687,5.32125,5.36000,12672000
1475155800,5.36188,5.39125,5.27531,5.32625,8654400
1475242200,5.35250,5.36625,5.27313,5.31750,11376000
1475501400,5.30688,5.34500,5.28625,5.31563,9950400
1475587800,5.34937,5.36156,5.29750,5.32813,6496000
1475674200,5.36312,5.37437,5.30500,5.31063,8387200
1475760600,5.31938,5.34375,5.28500,5.34188,5446400
1475847000,5.35563,5.35938,5.30131,5.32125,5448000
1476106200,5.35625,5.47625,5.31187,5.40812,16926400
1476192600,5.40625,5.40625,5.15063,5.18813,10230400
1476279000,5.17500,5.18687,5.10875,5.13062,5859200
1476365400,5.03438,5.06812,4.92625,5.04750,11099200
1476451800,5.12500,5.16813,4.98438,5.02812,7934400
1476711000,5.03062,5.07000,4.98250,5.04500,7140800
1476797400,5.10437,5.11375,5.05125,5.05375,3772800
1476883800,5.04750,5.13250,5.01062,5.11875,5692800
1476970200,5.12000,5.13250,5.08125,5.11625,3763200
1477056600,5.10313,5.23938,5.05500,5.22375,5862400
1477315800,5.28000,5.29063,5.24375,5.25187,4134400
1477402200,5.28875,5.32000,5.26312,5.27000,4776000
1477488600,5.25000,5.30594,5.24125,5.26375,5412800
1477575000,5.27938,5.29375,5.22250,5.28813,8523200
1477661400,5.27875,5.39375,5.23625,5.31875,14891200
1477920600,5.31875,5.36250,5.28750,5.29688,10963200
1478007000,5.27313,5.34250,5.19500,5.26062,11934400
1478093400,5.27000,5.30250,5.15875,5.18188,9099200
1478179800,5.21250,5.24500,5.09375,5.13000,16529600
1478266200,5.05625,5.26438,4.94063,5.20687,29430400
1478529000,5.28875,5.36875,5.24687,5.36500,20396800
1478615400,5.37500,5.41125,5.27313,5.37937,13500800
1478701800,5.23938,5.35813,5.15625,5.33750,13392000
1478788200,5.39000,5.44906,5.29313,5.36938,17264000
1478874600,5.36438,5.41125,5.29563,5.38438,11652800
1479133800,5.42312,5.51625,5.41125,5.48938,19153600
1479220200,5.48688,5.55500,5.37500,5.48688,16145600
1479306600,5.48562,5.53188,5.41500,5.50437,7384000
1479393000,5.50063,5.53281,5.48375,5.50250,4409600
1479479400,5.53312,5.58500,5.48875,5.49875,8592000
1479738600,5.57875,5.92250,5.57875,5.90500,38435200
1479825000,5.90500,5.93375,5.87937,5.92375,13678400
1479911400,5.92188,5.96688,5.90625,5.94938,7820800
1480084200,5.92188,5.93750,5.84937,5.91625,5844800
1480343400,5.94125,6.00375,5.88188,5.99813,9921600
1480429800,6.00000,6.05250,5.95563,5.97062,9504000
1480516200,6.00500,6.04250,5.90875,5.92562,10664000
1480602600,5.92125,6.01563,5.75631,5.83125,12539200
1480689000,5.80062,5.93313,5.75375,5.82312,13537600
1480948200,5.78562,5.85437,5.74563,5.79688,12294400
1481034600,5.81563,5.92063,5.77063,5.86625,10910400
1481121000,5.91313,6.13875,5.84750,6.11688,20456000
1481207400,6.15688,6.17438,5.96250,5.98500,10625600
1481293800,6.00000,6.03875,5.87313,5.90063,8201600
1481553000,5.84500,5.87500,5.69000,5.82125,14536000
1481639400,5.82750,5.97625,5.82750,5.93937,9788800
1481725800,5.93375,6.18125,5.86188,6.11750,22883200
1481812200,6.12875,6.14594,6.01150,6.04938,15822400
1481898600,6.04812,6.17562,6.02313,6.04250,14219200
1482157800,6.08375,6.17375,6.08375,6.12125,14830400
1482244200,6.11438,6.17306,6.10938,6.12500,8873600
1482330600,6.12875,6.16875,6.11625,6.12187,5220800
1482417000,6.12187,6.15938,6.03188,6.05375,7673600
1482503400,6.05250,6.08750,6.03500,6.05813,2219200
1482849000,6.07500,6.17137,6.07500,6.11375,7169600
1482935400,6.12813,6.15562,6.03562,6.07813,6958400
1483021800,6.07750,6.11688,6.01375,6.04563,3840000
1483108200,6.07375,6.09562,6.02875,6.04812,4003200
1483453800,6.09625,6.14313,6.04219,6.06625,8771200
1483540200,6.09312,6.39250,6.09062,6.35813,33945600
1483626600,6.37437,6.43750,6.32688,6.37125,15624000
1483713000,6.38188,6.41313,6.29187,6.33000,7580800
1483972200,6.30438,6.30844,6.16375,6.22000,12043200
1484058600,6.24625,6.33125,6.22250,6.27625,6729600
1484145000,6.30813,6.30813,6.13250,6.21688,7755200
1484231400,6.24937,6.24937,6.02750,6.18750,9446400
1484317800,6.21438,6.31500,6.21438,6.26687,5884800
1484663400,5.87500,5.89625,5.45813,5.51438,73332800
1484749800,5.49375,5.68750,5.47937,5.54437,19854400
1484836200,5.58625,5.62000,5.54187,5.60750,10116800
1484922600,5.66375,5.68125,5.58813,5.61250,11713600
1485181800,5.61312,5.61750,5.47131,5.60437,11896000
1485268200,5.63750,5.78750,5.63438,5.77938,11118400
1485354600,5.87000,5.92188,5.75437,5.81750,7955200
1485441000,5.81625,5.84937,5.72750,5.80688,5107200
1485527400,5.78625,5.87125,5.77187,5.86125,5593600
1485786600,5.85125,5.87875,5.77656,5.85437,5880000
1485873000,5.86500,5.88750,5.79875,5.87500,6513600
1485959400,5.88562,5.92500,5.80500,5.89250,7284800
1486045800,5.89250,5.97750,5.85313,5.93000,9422400
1486132200,5.93937,5.98781,5.85563,5.97000,7064000
1486391400,5.95375,6.00750,5.93313,5.96938,5737600
1486477800,5.97563,6.03062,5.93813,5.99937,4475200
1486564200,5.99937,6.14937,5.94938,6.09125,8312000
1486650600,6.09125,6.18625,6.09062,6.11312,7377600
1486737000,6.14063,6.20000,6.07937,6.17375,6516800
1486996200,6.17375,6.27812,6.16375,6.24375,13496000
1487082600,6.24312,6.30000,6.20937,6.29500,8420800
1487169000,6.25562,6.33250,6.22437,6.29187,11448000
1487255400,6.29187,6.38688,6.21969,6.26062,28212800
1487341800,6.93750,7.46562,6.89437,7.44125,94566400
1487687400,7.43437,7.69500,7.41000,7.66375,26633600
1487773800,7.58125,7.68625,7.54688,7.61250,13752000
1487860200,7.62500,7.65562,7.35313,7.36562,18272000
1487946600,7.31250,7.54063,7.24094,7.53687,14372800
1488205800,7.59188,7.60500,7.49250,7.52437,9942400
1488292200,7.49750,7.55937,7.42188,7.43687,10385600
1488378600,7.50000,7.56938,7.42375,7.54000,12446400
1488465000,7.53188,7.60938,7.45875,7.46812,7520000
1488551400,7.46938,7.51625,7.41250,7.49813,8019200
1488810600,7.43563,7.54563,7.37194,7.46438,11747200
1488897000,7.48688,7.66250,7.41906,7.56750,14902400
1488983400,7.59438,7.81250,7.53062,7.72062,22932800
1489069800,7.70125,7.78125,7.61188,7.69312,8835200
1489156200,7.78000,7.78062,7.71000,7.76062,9310400
1489411800,7.81250,7.97750,7.80062,7.96688,17952000
1489498200,7.97062,7.98981,7.87563,7.93750,11670400
1489584600,8.00000,8.03063,7.89187,8.01750,18081600
1489671000,8.05250,8.05812,7.93687,7.94625,14334400
1489757400,7.97000,8.03500,7.92487,8.00625,16408000
1490016600,8.10563,8.21437,8.09125,8.14563,11443200
1490103000,8.20500,8.20750,7.97687,7.99813,17740800
1490189400,8.02812,8.17188,8.01612,8.15875,14115200
1490275800,8.14875,8.19500,8.08750,8.13000,8974400
1490362200,8.19125,8.24875,8.12694,8.23563,10136000
1490621400,8.20938,8.28438,8.13437,8.26125,8745600
1490707800,8.26625,8.38625,8.25625,8.37313,12272000
1490794200,8.37750,8.41562,8.26688,8.33125,8278400
1490880600,8.35688,8.39063,8.29125,8.30062,6528000
1490967000,8.31188,8.32187,8.22812,8.26688,11803200
1491226200,8.23312,8.27875,8.04125,8.23125,16627200
1491312600,8.17188,8.35688,8.13750,8.32500,16340800
1491399000,8.36875,8.40687,8.32875,8.37500,25136000
1491485400,8.34562,8.45438,8.28406,8.40000,14675200
1491571800,8.30437,8.35625,8.26437,8.27812,9779200
1491831000,8.27812,8.38125,8.25313,8.32938,6713600
1491917400,8.31125,8.39063,8.21688,8.33313,7956800
1492003800,8.35938,8.35938,8.13062,8.21688,11625600
1492090200,8.24063,8.35075,8.19750,8.21000,5225600
1492435800,8.21313,8.32500,8.19500,8.29688,7691200
1492522200,8.29688,8.35312,8.25500,8.31000,5158400
1492608600,8.33875,8.42500,8.31938,8.36438,7208000
1492695000,8.44687,8.56812,8.37750,8.52938,11555200
1492781400,8.52938,8.54688,8.43875,8.54125,6745600
1493040600,8.63125,8.71187,8.55688,8.68750,10718400
1493127000,8.70000,8.77000,8.66625,8.71375,9518400
1493213400,8.72500,8.74875,8.61687,8.71000,11265600
1493299800,8.56250,8.74000,8.56250,8.72812,10080000
1493386200,8.70063,8.74750,8.64750,8.72750,14784000
1493645400,8.71937,8.86987,8.66319,8.81875,11291200
1493731800,8.84625,8.86938,8.68437,8.82438,15192000
1493818200,8.81188,8.86563,8.73188,8.79250,10862400
1493904600,8.85938,8.93125,8.64875,8.76250,25768000
1493991000,8.68437,9.05875,8.45063,9.04500,36128000
1494250200,9.06250,9.22188,8.83250,8.92188,14244800
1494336600,8.96937,9.09875,8.91375,9.05812,11083200
1494423000,9.10375,9.12687,8.98625,9.08937,11411200
1494509400,9.06312,9.15312,9.01625,9.12625,9017600
1494595800,9.10500,9.19687,9.04781,9.17625,7630400
1494855000,9.21187,9.25806,9.15687,9.21375,9313600
1494941400,9.25750,9.28750,9.13125,9.21562,18894400
1495027800,9.12438,9.17937,8.88937,8.89750,14515200
1495114200,8.80812,8.99063,8.67500,8.96750,12862400
1495200600,9.05125,9.08750,8.97750,9.00438,9950400
1495459800,8.96375,9.01875,8.89038,8.94687,11329600
1495546200,8.91750,9.00187,8.81563,8.95000,13030400
1495632600,8.97437,9.02063,8.95063,9.01750,6366400
1495719000,9.06250,9.26437,9.05375,9.25375,15873600
1495805400,9.25375,9.27500,9.06688,9.15312,9905600
1496151000,9.15312,9.21625,9.09375,9.20125,10452800
1496237400,9.23750,9.25250,9.08313,9.21125,41748800
1496323800,9.21937,9.30937,9.01937,9.28250,25180800
1496410200,9.28938,9.53375,9.25813,9.51625,20499200
1496669400,9.51625,9.68062,9.51625,9.64563,14856000
1496755800,9.59750,9.82925,9.57875,9.70938,10374400
1496842200,9.76500,9.79813,9.67813,9.75313,9998400
1496928600,9.72125,9.83250,9.67031,9.82938,9366400
1497015000,9.84750,9.91050,9.18812,9.34125,16251200
1497274200,9.21750,9.36000,8.93750,9.36000,18459200
1497360600,9.43437,9.58562,9.33687,9.48625,10086400
1497447000,9.49063,9.58625,9.30781,9.44063,8809600
1497533400,9.33562,9.45813,9.24406,9.45187,8632000
1497619800,9.52312,9.57187,9.44063,9.47375,24929600
1497879000,9.59062,9.85375,9.59062,9.79125,13105600
1497965400,9.75438,9.86875,9.67500,9.68937,9374400
1498051800,9.71000,9.92750,9.70281,9.88500,13345600
1498138200,9.87500,9.96750,9.75000,9.92375,8644800
1498224600,9.94250,10.18563,9.93125,10.10125,24441600
1498483800,10.10875,10.14250,9.75000,9.86125,14619200
1498570200,9.83625,9.91131,9.53250,9.55125,12094400
1498656600,9.62313,9.73875,9.48569,9.70438,11819200
1498743000,9.67375,9.69875,9.23188,9.37187,11691200
1498829400,9.40187,9.45063,9.29813,9.36187,8753600
1499088600,9.44125,9.44375,9.14688,9.18062,5724800
1499261400,9.19375,9.34500,9.19375,9.28875,14728000
1499347800,9.15625,9.23000,9.01188,9.08937,10153600
1499434200,9.12813,9.32250,9.12813,9.29813,11561600
1499693400,9.30375,9.42375,9.24500,9.33438,10764800
1499779800,9.34813,9.57869,9.34813,9.57250,8806400
1499866200,9.68750,9.75375,9.64188,9.71125,9803200
1499952600,9.74187,9.79000,9.60312,9.67313,6004800
1500039000,9.68875,9.73063,9.63250,9.69438,4816000
1500298200,9.70687,9.73000,9.55000,9.70125,5956800
1500384600,9.67813,9.75788,9.62562,9.74938,6710400
1500471000,9.80000,9.93750,9.79562,9.85188,7064000
1500557400,9.89437,9.91313,9.70438,9.80000,5990400
1500643800,9.43750,9.62500,9.31250,9.55750,18900800
1500903000,9.53125,9.76125,9.50125,9.70125,8297600
1500989400,9.69125,9.87938,9.61187,9.87500,6481600
1501075800,9.89688,9.93750,9.81250,9.82500,9209600
1501162200,9.88062,9.92437,9.37875,9.50250,11920000
1501248600,9.44063,9.59813,9.33813,9.40000,15870400
1501507800,9.45000,9.48525,9.28063,9.33062,16158400
1501594200,9.40187,9.40187,9.20875,9.23750,11476800
1501680600,9.31000,9.31063,8.91625,8.96625,18598400
1501767000,8.98875,9.06469,8.86125,9.00313,30819200
1501853400,10.47500,10.96250,10.40625,10.75313,79963200
1502112600,10.62813,11.03125,10.59500,10.85938,26414400
1502199000,10.85563,10.93125,10.62062,10.62125,18750400
1502285400,10.56188,10.61750,10.44438,10.46625,17907200
1502371800,10.43812,10.43937,10.05875,10.29375,23864000
1502458200,10.28312,10.55062,10.21313,10.35563,10020800
1502717400,10.50500,10.66813,10.47138,10.61250,10235200
1502803800,10.68750,10.74938,10.58125,10.66187,9086400
1502890200,10.66250,10.93000,10.63775,10.85437,13624000
1502976600,10.84375,10.90875,10.63875,10.69125,12596800
1503063000,10.68750,10.88181,10.62125,10.75062,10430400
1503322200,10.75000,10.86812,10.61563,10.75062,10633600
1503408600,10.75438,10.99938,10.74469,10.95313,13446400
1503495000,10.90250,10.94438,10.77125,10.84437,14268800
1503581400,10.89500,11.02375,10.84719,10.94438,10129600
1503667800,10.97750,11.05500,10.84937,10.85812,6694400
1503927000,10.88937,10.98500,10.70938,10.88188,8376000
1504013400,10.77687,10.91625,10.72188,10.83000,6721600
1504099800,10.89125,11.14688,10.89125,11.12187,9196800
1504186200,11.16813,11.23188,10.95938,11.00937,12483200
1504272600,11.04813,11.10188,10.94312,11.09313,6985600
1504618200,11.04625,11.09750,10.85375,10.95187,12940800
1504704600,10.97188,11.02812,10.60063,10.79562,13372800
1504791000,10.81250,10.87813,10.73625,10.85312,7712000
1504877400,10.83313,10.90312,10.75375,10.79250,5088000
1505136600,10.87062,11.00594,10.82938,10.95687,6268800
1505223000,10.97750,11.05019,10.80125,10.86375,6771200
1505309400,10.86375,10.94563,10.75875,10.93062,10496000
1505395800,10.87187,11.02375,10.85875,10.93375,9720000
1505482200,10.94563,11.11812,10.85437,11.06000,22088000
1505741400,11.18750,11.58813,11.18062,11.41750,18156800
1505827800,11.49562,11.49938,11.31563,11.35750,12336000
1505914200,11.64000,11.79500,11.50438,11.78063,15572800
1506000600,11.76062,11.80313,11.53000,11.70187,9692800
1506087000,11.70000,12.00500,11.68937,11.94063,14504000
1506346200,12.00000,12.07750,11.28563,11.30188,20417600
1506432600,11.42813,11.68625,11.25062,11.41625,10406400
1506519000,11.54750,11.93500,11.54750,11.65938,9702400
1506605400,11.62562,11.76437,11.47563,11.72188,9364800
1506691800,11.76563,11.86875,11.73750,11.85063,7139200
1506951000,11.87500,11.99063,11.78938,11.90187,7449600
1507037400,11.93250,11.99219,11.77563,11.83875,5036800
1507123800,11.83875,11.93937,11.72250,11.91750,6249600
1507210200,11.94625,11.99750,11.80625,11.89750,5768000
1507296600,11.88188,12.08750,11.86250,12.05812,11548800
1507555800,12.09500,12.26688,12.04250,12.08562,7835200
1507642200,12.17250,12.20875,11.94312,12.05125,6648000
1507728600,12.01937,12.09469,11.97563,12.05937,5374400
1507815000,12.00000,12.06938,11.90312,11.95063,8155200
1507901400,12.05500,12.05500,11.87500,11.94625,9929600
1508160600,12.00875,12.03125,11.77687,11.79937,8348800
1508247000,11.80375,11.93494,11.80375,11.91313,5681600
1508333400,11.93375,11.95063,11.78500,11.87125,4619200
1508419800,11.77625,11.88313,11.57813,11.88313,8387200
1508506200,11.94063,12.05937,11.94063,11.98000,5193600
1508765400,12.00000,12.14000,11.94987,11.97313,7438400
1508851800,12.04062,12.10750,11.89812,12.06875,5494400
1508938200,12.00125,12.08375,11.79937,11.85063,7318400
1509024600,11.93375,12.11875,11.92156,11.98938,6878400
1509111000,12.11812,12.29219,12.05688,12.22812,8900800
1509370200,12.26563,12.55125,12.21500,12.26000,13371200
1509456600,12.33313,12.62187,12.30625,12.49312,13094400
1509543000,12.58813,12.58813,12.19812,12.32875,15899200
1509629400,12.34375,12.34375,11.12000,11.32312,44132800
1509715800,12.61469,12.63437,12.04688,12.59313,51281600
1509978600,12.68688,12.95938,12.53063,12.91750,18337600
1510065000,12.91250,13.43688,12.91250,13.09750,23012800
1510151400,13.28687,13.50000,13.18875,13.38688,19436800
1510237800,13.33438,13.62000,13.20000,13.34688,16169600
1510324200,13.35000,13.85437,13.33125,13.81563,18563200
1510583400,13.85812,14.19556,13.85812,14.07187,15412800
1510669800,14.06875,14.30375,14.02500,14.19375,10112000
1510756200,14.12500,14.25000,13.82250,14.05625,9854400
1510842600,14.18000,14.58344,14.14625,14.48563,13598400
1510929000,14.52875,14.66438,14.34175,14.61375,9300800
1511188200,14.68750,15.12187,14.68188,15.11438,11536000
1511274600,15.14375,15.35312,15.04850,15.08937,15275200
1511361000,15.09062,15.20969,14.88500,14.93812,9876800
1511533800,15.06750,15.21431,15.03625,15.12875,4769600
1511793000,15.10625,15.22437,14.90312,14.91500,8681600
1511879400,14.93750,15.22937,14.88750,15.22188,8638400
1511965800,15.30125,15.30625,14.15812,14.63813,19377600
1512052200,14.84500,14.87706,14.44938,14.57000,13414400
1512138600,14.53125,14.57625,13.90187,14.29062,18217600
1512397800,14.51688,14.61094,13.03875,13.09250,41387200
1512484200,13.02500,13.66500,12.92875,13.19063,20353600
1512570600,13.07187,13.37250,12.96062,13.30375,10105600
1512657000,13.38125,13.82813,13.38125,13.74125,14427200
1512743400,13.96000,14.31031,13.87875,13.92437,12408000
1513002600,13.93750,14.06188,13.71062,13.98063,9228800
1513089000,13.88688,13.95625,13.56938,13.64063,11300800
1513175400,13.65250,14.14000,13.65187,14.07063,12659200
1513261800,14.17375,14.32375,14.07813,14.17000,12523200
1513348200,14.26875,14.50937,14.20625,14.43937,17025600
1513607400,14.68750,14.72906,14.46250,14.71187,10587200
1513693800,14.70313,14.89625,14.68750,14.75000,13286400
1513780200,14.84375,14.89731,14.46813,14.63437,9220800
1513866600,14.71187,14.90000,14.69450,14.74750,9723200
1513953000,14.80375,14.80375,14.58562,14.78438,10435200
1514298600,14.76375,14.79375,14.56250,14.72875,6840000
1514385000,14.72875,15.03063,14.72875,14.96875,6248000
1514471400,14.99375,15.09375,14.94938,15.04000,6662400
1514557800,15.04062,15.08125,14.71437,14.72375,6651200
1514903400,14.72375,14.91438,14.17250,14.43937,13955200
1514989800,14.50000,14.73438,14.47250,14.72500,8937600
1515076200,14.76563,14.86438,14.46313,14.54313,13392000
1515162600,14.65312,14.90375,14.65125,14.79813,8086400
1515421800,14.95250,15.74687,14.90687,15.69125,22315200
1515508200,15.69125,15.77063,15.40625,15.62375,11308800
1515594600,15.63375,15.99531,15.58750,15.76750,10113600
1515681000,15.84125,16.36312,15.84125,16.29938,17352000
1515767400,16.31688,16.42750,16.06875,16.18937,13185600
1516113000,16.35312,16.42750,15.63531,15.79813,14476800
1516199400,15.99438,16.53812,15.96813,16.42562,14707200
1516285800,16.46750,16.75750,16.43750,16.57438,10280000
1516372200,16.74187,16.99187,16.69375,16.92750,10907200
1516631400,16.93750,17.24063,16.79313,17.23000,11961600
1516717800,16.93250,17.26319,16.76250,17.07125,15075200
1516804200,17.17562,17.30437,16.82937,17.07125,11393600
1516890600,17.22500,17.47500,17.15688,17.29750,8436800
1516977000,17.46625,17.71875,17.30375,17.71875,7940800
1517236200,17.71875,17.79750,17.33481,17.37437,11758400
1517322600,17.06750,17.28625,15.75062,17.20188,21755200
1517409000,17.28188,17.31244,16.81500,17.23875,14969600
1517495400,17.07500,17.31063,17.06937,17.18750,13350400
1517581800,17.00937,17.46563,16.69500,17.09250,12169600
1517841000,16.59438,17.49313,16.40688,16.58562,19465600
1517927400,15.83313,17.14437,15.65063,17.02375,16067200
1518013800,17.37437,18.06681,17.19000,17.60125,18504000
1518100200,17.81313,17.82094,16.52375,16.53250,18446400
1518186600,16.84813,17.18381,16.12856,17.03437,18396800
1518445800,17.38437,17.94825,17.35131,17.78375,20326400
1518532200,17.81250,18.29538,17.75500,18.28625,16272000
1518618600,18.18750,19.09000,18.18500,18.88250,23550400
1518705000,19.12500,19.47938,18.45963,19.24750,46332800
1518791400,16.12500,16.81250,15.47000,15.59313,141675200
1519137000,15.50000,15.83000,15.38188,15.60312,36081600
1519223400,15.56250,15.66000,14.73875,14.87687,47864000
1519309800,15.00000,15.33937,14.95250,15.29125,25600000
1519396200,15.39688,15.59313,15.02125,15.37000,20835200
1519655400,15.47313,16.25000,15.42344,16.24063,27041600
1519741800,16.25000,16.49750,15.98438,16.19625,22606400
1519828200,16.25000,17.09875,16.25000,16.85875,34257600
1519914600,16.91500,17.02500,16.14437,16.48750,25833600
1520001000,16.11625,16.99688,15.88813,16.96875,22643200
1520260200,16.87500,17.87125,16.70625,17.61625,32868800
1520346600,17.68750,18.28125,17.68750,18.03750,29001600
1520433000,17.84375,18.34500,17.81250,18.22375,19875200
1520519400,18.28250,18.55369,18.00000,18.36062,17769600
1520605800,18.44437,18.62500,18.36325,18.44687,14760000
1520861400,18.54313,18.83187,18.44750,18.58750,19315200
1520947800,18.61750,18.72000,18.02000,18.10500,19187200
1521034200,18.12500,18.71750,18.04938,18.65625,22254400
1521120600,18.62500,18.67063,18.31375,18.49375,14211200
1521207000,18.52438,18.55906,18.24875,18.35750,12259200
1521466200,17.26937,17.71875,17.01563,17.33688,30291200
1521552600,17.47125,18.04062,17.43188,17.83875,18379200
1521639000,17.82500,17.90063,17.57313,17.66875,9849600
1521725400,17.38125,17.61875,17.06250,17.10875,14956800
1521811800,17.13187,17.23619,16.38187,16.51312,19616000
1522071000,16.93813,17.06375,16.39506,16.93625,16686400
1522157400,17.05875,17.18438,15.78444,15.85625,22411200
1522243800,15.75688,15.82431,15.19812,15.32125,28564800
1522330200,15.50062,16.15625,15.27938,15.95625,20001600
1522675800,15.84125,16.19750,15.54494,15.84437,16964800
1522762200,16.03125,16.08750,15.62750,15.84437,15588800
1522848600,15.39250,16.23063,15.31875,16.18500,13544000
1522935000,16.42937,16.96500,16.31875,16.42125,18691200
1523021400,16.10563,16.37437,16.00438,16.17000,13233600
1523280600,16.40937,16.63125,16.21875,16.21875,8824000
1523367000,16.57937,16.80313,16.46125,16.69938,11763200
1523453400,16.58000,16.84562,16.58000,16.66125,8057600
1523539800,16.75000,17.00625,16.74937,16.80563,10118400
1523626200,16.12625,16.14619,15.08250,15.26250,44880000
1523885400,15.41562,15.48081,14.91875,14.96500,24425600
1523971800,15.06250,16.16250,15.03438,16.05000,32619200
1524058200,16.01500,16.19938,15.60188,16.15625,11683200
1524144600,15.97937,16.09125,15.66938,16.02312,11678400
1524231000,16.08000,16.46250,15.96688,16.29062,10532800
1524490200,16.37375,16.37375,15.75062,15.88625,11131200
1524576600,16.12437,16.50000,15.53750,15.75375,15441600
1524663000,15.71813,16.01375,15.45050,15.81375,10340800
1524749400,15.97313,16.23625,15.94000,16.21938,8947200
1524835800,16.41375,16.66562,16.24937,16.42188,11550400
1525095000,16.51125,16.71750,16.33187,16.53437,13353600
1525181400,16.53437,16.58500,16.28312,16.57937,10868800
1525267800,16.71750,17.03375,16.58813,16.59125,14257600
1525354200,16.39562,16.92188,16.26375,16.74063,19004800
1525440600,15.24375,15.56188,14.70250,15.31563,54185600
1525699800,15.44375,15.92625,15.33937,15.77250,26188800
1525786200,15.69812,16.28312,15.69563,16.20563,18251200
1525872600,16.27625,16.31875,16.03500,16.21375,13928000
1525959000,16.23750,16.38688,16.18750,16.29125,19576000
1526045400,16.25000,16.30000,16.00063,16.24438,9387200
1526304600,16.15063,16.28125,15.79250,15.84500,16912000
1526391000,15.70875,15.84000,15.51563,15.59688,11763200
1526477400,15.57750,15.67587,15.41250,15.57063,10065600
1526563800,15.50000,15.57063,15.22625,15.46688,21411200
1526650200,15.50000,15.63000,15.45844,15.50562,7700800
1526909400,15.60875,15.98750,15.60875,15.89063,14952000
1526995800,15.81875,16.06875,15.59375,15.60125,12867200
1527082200,15.54500,16.00844,15.50000,15.99875,10800000
1527168600,15.98625,15.98625,15.62813,15.78813,8201600
1527255000,15.84000,16.05625,15.78756,15.98438,8499200
1527600600,15.87500,16.21875,15.82750,15.99125,17100800
1527687000,16.02500,16.09375,15.71569,15.72812,14272000
1527773400,15.84250,16.00813,15.70000,15.72250,14160000
1527859800,15.79125,16.43687,15.78250,16.32625,17054400
1528119000,16.40625,16.81250,16.33688,16.76750,15035200
1528205400,16.76875,17.28687,16.70375,17.17188,20846400
1528291800,17.21125,17.53625,17.21062,17.39125,20044800
1528378200,17.40625,17.45313,16.83937,16.93125,12387200
1528464600,16.91750,17.16937,16.78756,17.10938,8238400
1528723800,17.10938,17.29219,16.90750,16.98000,16364800
1528810200,17.05062,17.27938,17.02563,17.16500,8880000
1528896600,17.28687,17.63137,17.21125,17.57125,13566400
1528983000,17.55062,17.78437,17.46938,17.57000,12192000
1529069400,17.46437,17.93750,17.36563,17.91375,21832000
1529328600,17.66000,17.72812,17.12687,17.45125,16033600
1529415000,17.10312,17.37062,16.96188,17.11250,11964800
1529501400,17.28875,17.94500,17.28875,17.73375,16438400
1529587800,17.77438,17.85938,17.40250,17.45750,7755200
1529674200,17.56125,17.56125,16.83187,17.04062,17787200
1529933400,16.79188,16.87500,16.08813,16.24250,21561600
1530019800,16.25813,16.57844,16.19375,16.39875,11491200
1530106200,16.42188,16.53000,15.85750,15.89312,14630400
1530192600,15.81250,16.28500,15.80363,16.14187,8830400
1530279000,16.24375,16.29469,16.04750,16.09312,6604800
1530538200,15.93625,16.34063,15.81812,16.33500,7056000
1530624600,16.38750,16.39562,15.96562,15.99187,6292800
1530797400,16.12437,16.16781,15.76563,16.11938,8270400
1530883800,16.18188,16.49562,16.12000,16.39938,5033600
1531143000,16.86687,17.18563,16.60062,16.90375,12017600
1531229400,17.00000,17.00000,16.73313,16.78437,6044800
1531315800,16.56250,16.93494,16.47313,16.83250,6184000
1531402200,16.99313,17.44875,16.91719,17.39750,8334400
1531488600,17.39375,17.39750,16.32250,16.65562,22782400
1531747800,16.65625,17.17188,16.65625,16.92750,11334400
1531834200,16.91813,17.17250,16.68125,17.11750,4608000
1531920600,17.11750,17.24063,17.06750,17.16813,5089600
1532007000,17.33562,17.57500,17.21144,17.26563,9385600
1532093400,17.31250,17.36312,16.78437,16.80250,9099200
1532352600,16.84312,16.92937,16.46875,16.77438,9187200
1532439000,16.89938,17.01250,16.43625,16.64375,9398400
1532525400,16.62687,17.24875,16.62687,17.14437,8323200
1532611800,17.03875,17.45750,16.82875,17.26750,8051200
1532698200,17.22187,17.30563,16.68113,16.95500,11758400
1532957400,16.88437,16.92312,15.94250,16.11625,14636800
1533043800,16.11000,16.42937,15.84437,15.98312,15846400
1533130200,16.03125,16.46750,16.00006,16.41250,10328000
1533216600,16.35312,16.99063,16.28225,16.99063,22068800
1533303000,16.83875,16.83875,16.03375,16.09625,30883200
1533562200,16.15625,17.01188,16.15625,16.95812,19588800
1533648600,16.97187,17.10938,16.71938,16.80062,10961600
1533735000,16.86437,16.86437,16.44375,16.53500,11614400
1533821400,16.50500,17.04750,16.48438,16.83375,10995200
1533907800,16.77875,16.91438,16.67312,16.80313,7035200
1534167000,16.80375,17.08438,16.71750,16.83000,7196800
1534253400,16.97875,17.14087,16.79375,16.96625,11211200
1534339800,16.85500,17.03750,16.40750,16.59875,10059200
1534426200,16.80187,17.21844,16.71781,16.74562,11304000
1534512600,16.61062,16.90469,16.61062,16.81500,7318400
1534771800,16.84687,17.15625,16.75844,17.10750,7982400
1534858200,17.03125,17.32187,16.95775,16.98937,9004800
1534944600,17.00625,17.43469,16.85406,17.33500,9353600
1535031000,17.30688,17.71375,17.18813,17.66312,13035200
1535117400,18.49000,19.58544,18.43250,19.28625,65318400
1535376600,19.28625,19.53125,18.78750,19.04938,178592000
1535463000,19.06250,19.17125,18.88344,19.01250,27184000
1535549400,18.95938,19.12875,18.80850,18.88688,20091200
1535635800,18.79500,18.92131,18.40313,18.61687,16195200
1535722200,18.50000,18.89562,18.46500,18.68625,12932800
1536067800,18.05625,18.37500,17.89063,18.11375,32416000
1536154200,18.02875,18.06812,16.94625,17.01813,28960000
1536240600,17.12500,17.31000,16.57625,16.73562,20846400
1536327000,16.73688,17.01937,16.50000,16.69062,17785600
1536586200,16.79625,16.87375,16.55688,16.81313,18860800
1536672600,16.72437,16.95313,16.60250,16.70062,13390400
1536759000,16.67875,16.76312,16.36188,16.74063,13806400
1536845400,16.81187,17.00000,16.74750,16.87875,13252800
1536931800,16.93750,17.10563,16.83625,16.95313,16104000
1537191000,16.99187,17.01750,16.53500,16.56750,10811200
1537277400,16.58125,16.83438,16.58125,16.69750,11715200
1537363800,16.75312,16.96125,16.70006,16.88750,13598400
1537450200,17.04000,17.12812,16.88750,17.06562,11924800
1537536600,17.12500,17.18750,16.77750,16.83063,29049600
1537795800,16.76750,17.20188,16.56375,17.13812,11385600
1537882200,17.19875,17.25000,17.03125,17.16000,8300800
1537968600,17.06375,17.11875,16.46062,16.49187,19771200
1538055000,16.55563,16.77563,16.48125,16.58312,13326400
1538141400,16.58125,16.81250,16.54469,16.61625,7616000
1538400600,16.70062,16.80125,16.15438,16.22750,17945600
1538487000,16.13000,16.24000,15.95750,16.00937,11736000
1538573400,16.06250,16.41000,15.98375,16.33937,9564800
1538659800,16.29750,16.33844,15.96813,16.10875,9716800
1538746200,16.03437,16.37437,15.44812,15.70438,16382400
1539005400,15.65250,15.72563,14.95088,15.20063,19054400
1539091800,15.14250,15.31188,14.72062,14.91562,18518400
1539178200,14.82375,14.87438,14.07906,14.11187,25828800
1539264600,13.62187,14.01250,13.38125,13.46625,35393600
1539351000,13.86312,14.10500,13.62219,13.89812,23270400
1539610200,14.39750,14.54813,13.78125,13.80188,20819200
1539696600,13.96562,14.64844,13.96562,14.59875,19937600
1539783000,15.24938,15.46750,14.61063,14.93437,18924800
1539869400,14.80062,14.87375,14.38500,14.56812,12726400
1539955800,14.67750,14.76313,14.20625,14.36000,14619200
1540215000,14.46000,14.64812,14.20562,14.51125,13025600
1540301400,14.17313,14.68750,13.85312,14.55188,15312000
1540387800,14.47188,14.81312,13.97437,13.98875,15937600
1540474200,14.17000,14.54688,14.04500,14.41813,12913600
1540560600,14.06250,14.11125,13.56437,13.72062,20344000
1540819800,14.00688,14.13437,13.31938,13.61625,15252800
1540906200,13.63313,14.28938,13.47500,14.27875,14643200
1540992600,14.59375,14.91750,14.39375,14.39688,18435200
1541079000,14.54813,15.14500,14.44500,15.06000,21539200
1541165400,16.30688,16.84294,15.34000,16.11062,49444800
1541428200,16.04188,16.09250,15.50625,15.56000,15259200
1541514600,15.50000,15.76844,15.09000,15.31938,14411200
1541601000,15.43625,15.89881,15.39125,15.84688,12200000
1541687400,15.75500,15.95687,15.54375,15.76250,8379200
1541773800,15.68312,15.69938,15.06250,15.27687,12452800
1542033000,15.21187,15.31250,14.66625,14.78875,13356800
1542119400,14.88000,15.05281,14.52312,14.77250,11617600
1542205800,14.91000,15.00000,14.31181,14.34313,14102400
1542292200,14.35563,15.30812,14.35469,15.26250,20539200
1542378600,15.11563,15.18750,14.87187,14.96062,11457600
1542637800,14.94438,14.94875,13.84437,13.93750,14345600
1542724200,13.31250,13.97719,13.15956,13.71125,15972800
1542810600,13.91750,14.29062,13.64406,13.68875,11225600
1542983400,13.56250,13.92906,13.49813,13.70250,3763200
1543242600,13.95625,14.18750,13.71125,14.14812,8056000
1543329000,14.05812,14.16562,13.95156,14.04625,6796800
1543415400,14.28000,14.75000,14.19812,14.71250,10998400
1543501800,14.68688,14.88125,14.43812,14.76937,9257600
1543588200,14.77563,14.95031,14.59500,14.90500,12088000
1543847400,15.46875,15.56125,15.13437,15.24312,14281600
1543933800,15.12625,15.26719,14.35125,14.35812,12905600
1544106600,14.28875,14.91562,14.06250,14.90187,20971200
1544193000,14.88625,15.06188,13.98188,14.06812,13280000
1544452200,14.03687,14.49844,13.94394,14.36063,11220800
1544538600,14.46875,14.74312,14.23375,14.32000,11216000
1544625000,14.63500,14.77125,14.46937,14.49938,8468800
1544711400,14.59375,14.70063,14.24438,14.29438,7195200
1544797800,14.05125,14.12825,13.73169,13.77563,10068800
1545057000,13.68750,13.75000,13.02250,13.13562,20771200
1545143400,13.18688,13.36063,12.98875,13.25562,17600000
1545229800,13.31688,13.51937,12.52500,12.62813,15465600
1545316200,12.56500,12.72437,12.01688,12.32563,20411200
1545402600,12.38125,12.67813,11.98500,12.07312,23038400
1545661800,11.77125,12.13594,11.69250,11.80625,7148800
1545834600,11.89375,12.56000,11.86250,12.53250,11830400
1545921000,12.37500,12.80750,12.23563,12.80188,12408000
1546007400,12.95063,13.11069,12.67500,12.86000,12035200
1546266600,12.98625,13.16875,12.87375,13.16875,11876800
1546439400,12.81250,13.33875,12.64688,13.15938,10433600
1546525800,12.83687,12.99813,12.45031,12.47500,12809600
1546612200,12.76812,12.80250,12.54250,12.65438,18960000
1546871400,13.07187,13.34000,12.85125,13.12000,21132800
1546957800,13.35437,13.44500,13.14875,13.39250,12222400
1547044200,13.45063,13.68437,13.37687,13.55937,9145600
1547130600,13.45750,13.69588,13.38125,13.62250,6532800
1547217000,13.49750,13.68375,13.37562,13.63125,6496000
1547476200,13.50562,13.61875,13.40563,13.47375,6755200
1547562600,13.52750,13.96875,13.52750,13.92813,11307200
1547649000,13.93000,14.20313,13.80812,13.82750,8432000
1547735400,13.73687,13.88437,13.72750,13.81437,10988800
1547821800,14.32438,14.57250,14.06250,14.50500,23451200
1548167400,14.37500,14.39000,13.85437,13.93688,13180800
1548253800,14.06125,14.20169,13.75062,13.89312,7195200
1548340200,13.90812,14.18125,13.90812,14.15312,6510400
1548426600,14.24875,14.30000,14.12562,14.20375,11948800
1548685800,13.96875,13.96937,13.20875,13.45750,18585600
1548772200,13.44687,13.50062,12.83750,12.90125,16270400
1548858600,13.06250,13.17062,12.80844,13.14000,13344000
1548945000,13.15625,13.50438,13.14063,13.42375,9824000
1549031400,13.45813,13.92562,13.45438,13.78125,13652800
1549290600,13.75500,13.86981,13.57250,13.65187,8028800
1549377000,13.68062,14.12500,13.68062,14.00187,10568000
1549463400,14.02875,14.18750,13.92313,14.04187,8476800
1549549800,13.92750,14.00000,13.65000,13.76750,6404800
1549636200,13.65250,14.14937,13.65250,14.14625,11323200
1549895400,14.23312,14.42500,14.20250,14.32375,11636800
1549981800,14.45750,14.96250,14.41438,14.90312,21617600
1550068200,15.00000,15.03125,14.61031,14.77500,15635200
1550154600,14.79813,15.14625,14.75331,15.04875,25380800
1550241000,16.23438,16.78831,15.92500,16.49688,65441600
1550586600,16.53687,17.04500,16.48000,16.84875,30577600
1550673000,16.88563,17.17594,16.70125,16.92000,18057600
1550759400,16.76188,16.99187,16.65912,16.90625,11035200
1550845800,16.99250,17.20938,16.92625,17.18563,11942400
1551105000,17.40625,17.68813,17.40625,17.45625,13988800
1551191400,17.39063,17.61625,17.39063,17.53312,10476800
1551277800,17.53125,17.81250,17.50625,17.74937,11049600
1551364200,17.74937,17.90937,17.62281,17.82813,10566400
1551450600,17.97500,18.03062,17.73937,17.90875,13406400
1551709800,18.00000,18.11062,17.46638,17.77500,12598400
1551796200,17.79875,17.82625,17.25250,17.36125,17403200
1551882600,17.31937,17.43750,16.79563,17.19375,14339200
1551969000,17.22125,17.37500,16.96375,17.26438,8814400
1552055400,16.84500,17.20812,16.66438,17.15937,8889600
1552311000,17.20188,17.72062,17.20188,17.61250,9100800
1552397400,17.69000,17.95500,17.57625,17.81812,11440000
1552483800,18.05375,18.50000,17.94375,18.28188,18328000
1552570200,18.23812,18.37281,18.11387,18.28812,8155200
1552656600,18.42500,18.72437,18.33312,18.54750,16424000
1552915800,18.54750,19.06063,18.42637,18.70000,16673600
1553002200,18.78062,18.79688,18.41250,18.44875,14472000
1553088600,18.59687,18.75125,18.43375,18.65313,9475200
1553175000,19.03812,19.79188,18.94750,19.68875,26641600
1553261400,19.52062,19.68125,18.72437,18.76000,18156800
1553520600,18.63250,18.90000,18.44875,18.82688,9987200
1553607000,19.10000,19.64238,19.09750,19.36250,15344000
1553693400,19.43625,19.63000,19.09562,19.45812,12572800
1553779800,19.51500,19.69875,19.37062,19.51875,10120000
1553866200,19.68438,19.76469,19.48125,19.65375,10720000
1554125400,19.92125,19.96313,19.66875,19.89750,12713600
1554211800,19.93500,20.05500,19.81562,19.90187,10329600
1554298200,20.17312,20.31250,19.97812,20.10938,12329600
1554384600,20.12500,20.24875,19.40438,19.57187,15372800
1554471000,19.64500,19.74625,19.43531,19.44125,14032000
1554730200,19.38812,19.81688,19.15394,19.80625,9419200
1554816600,19.73750,19.95687,19.64050,19.82438,7081600
1554903000,19.85312,20.18813,19.84969,20.14063,10196800
1554989400,20.25000,20.25000,19.95000,20.13938,8812800
1555075800,20.31250,20.40594,20.19500,20.29812,7438400
1555335000,20.30688,20.57813,20.26813,20.45875,8699200
1555421400,20.59438,20.65812,20.42250,20.53375,9566400
1555507800,20.68750,20.70437,20.38931,20.50250,8483200
1555594200,20.52875,20.58375,20.00750,20.21125,12316800
1555939800,20.18750,20.53125,20.13938,20.47500,8248000
1556026200,20.17063,20.37556,19.72750,20.06625,17656000
1556112600,20.07187,20.51606,20.07187,20.32688,12545600
1556199000,20.22313,20.28812,19.65000,19.88187,11262400
1556285400,19.81812,20.14063,19.76438,20.02500,10072000
1556544600,20.08937,20.17687,19.78437,19.80500,11384000
1556631000,19.72625,19.75406,19.18438,19.51813,20316800
1556717400,19.68000,19.76375,19.40063,19.40375,13654400
1556803800,19.32875,19.72900,19.27250,19.42813,22776000
1556890200,16.36875,17.40250,15.68750,17.40063,93257600
1557149400,16.75000,17.08750,16.37500,17.08187,37404800
1557235800,16.91063,16.94644,16.32419,16.60438,26312000
1557322200,16.60500,16.85906,16.36250,16.64063,21316800
1557408600,16.45812,16.79313,16.21875,16.71437,17584000
1557495000,16.61312,16.74250,16.14000,16.51375,18456000
1557754200,16.02750,16.13375,15.21206,15.24375,27542400
1557840600,15.47000,15.79562,15.40625,15.55500,23739200
1557927000,15.43188,15.62813,15.37500,15.54375,14097600
1558013400,15.69938,15.95313,15.65000,15.85125,12608000
1558099800,15.61375,15.87156,15.53687,15.63250,20955200
1558359000,15.46875,15.51625,15.16500,15.30937,12723200
1558445400,15.39250,15.87187,15.39250,15.80937,18158400
1558531800,15.75000,15.95862,15.70250,15.82125,13576000
1558618200,15.56688,15.95500,15.50937,15.89875,18601600
1558704600,16.05437,16.21731,15.92375,15.99625,14000000
1559050200,16.03250,16.19750,15.80656,15.83375,9075200
1559136600,15.67250,15.73188,15.36063,15.46875,9968000
1559223000,15.61375,15.70813,15.41687,15.49813,6553600
1559309400,15.25750,15.43062,15.20938,15.28687,11075200
1559568600,15.23375,15.43312,15.04250,15.08500,17025600
1559655000,15.31500,15.92875,15.26669,15.91938,13361600
1559741400,16.11188,16.48313,15.93188,16.47688,23833600
1559827800,16.50625,16.61938,15.84937,16.07375,17744000
1559914200,15.66625,15.68750,14.78375,15.40250,33387200
1560173400,15.49000,15.98312,15.49000,15.62938,17913600
1560259800,15.75000,15.87938,15.06969,15.18750,13516800
1560346200,15.16750,15.43444,15.15312,15.24250,10867200
1560432600,15.35750,15.35750,14.99312,15.12562,19939200
1560519000,15.03125,15.09375,14.51875,14.75500,15139200
1560778200,14.80562,15.07375,14.80562,14.91250,14436800
1560864600,15.08125,15.45313,15.08125,15.12875,10976000
1560951000,15.25125,15.36938,15.12875,15.19750,10126400
1561037400,15.50000,15.65625,15.25187,15.54562,11283200
1561123800,15.55812,15.91313,15.50500,15.83687,23640000
1561383000,15.83000,15.95313,15.68244,15.75562,13912000
1561469400,15.73188,15.74375,15.33813,15.39875,9195200
1561555800,15.67375,16.12313,15.56250,15.95687,22993600
1561642200,16.04938,16.41125,16.04000,16.12437,18392000
1561728600,16.18750,16.27750,15.93000,16.22625,13022400
1561987800,16.59188,16.68469,16.33438,16.42750,10636800
1562074200,16.42687,16.62188,16.33625,16.58125,9121600
1562160600,16.61750,16.80875,16.54062,16.80375,13291200
1562333400,16.75625,16.94563,16.62188,16.92125,9145600
1562592600,16.84125,16.86000,16.63437,16.75000,9840000
1562679000,16.62437,16.94625,16.58125,16.90937,8409600
1562765400,17.01063,17.14925,16.84937,16.89938,7417600
1562851800,16.96000,17.03375,16.77312,16.99375,8574400
1562938200,17.00000,17.25750,17.00000,17.14125,7307200
1563197400,17.26937,17.38750,17.15531,17.35250,10251200
1563283800,17.25000,17.37437,17.03969,17.21938,10238400
1563370200,17.22625,17.53906,17.19394,17.33937,9553600
1563456600,17.33000,17.40594,17.08813,17.21812,11798400
1563543000,17.63250,17.97562,17.40875,17.67125,16536000
1563802200,17.73875,18.09063,17.67125,17.96000,10755200
1563888600,18.02813,18.05000,17.11938,17.27188,20486400
1563975000,17.31437,17.49063,17.27938,17.44938,12096000
1564061400,17.41562,17.43687,16.41875,16.71313,20220800
1564147800,16.79875,17.11375,16.65875,17.06125,10840000
1564407000,17.03125,17.04188,16.64263,17.01438,10744000
1564493400,17.01500,17.24187,16.84750,17.14250,10286400
1564579800,17.14375,17.45250,16.94656,17.09063,10998400
1564666200,17.07625,17.40438,16.77312,17.01375,18860800
1564752600,15.92188,15.93750,15.01437,15.25750,47862400
1565011800,14.81188,14.87500,14.31563,14.43437,24062400
1565098200,14.71937,14.80625,14.38750,14.73875,15177600
1565184600,14.43563,14.70750,14.38625,14.68750,12240000
1565271000,14.85875,15.04750,14.63375,14.65563,15187200
1565357400,14.54688,14.54688,14.13688,14.29562,19556800
1565616600,14.18937,14.21113,13.93756,14.02938,10800000
1565703000,14.03000,14.62438,13.93750,14.42625,12918400
1565789400,14.12938,14.18563,13.64688,13.71437,18227200
1565875800,13.69563,13.75000,13.37813,13.54313,17867200
1565962200,13.68750,13.91063,13.68375,13.82375,12310400
1566221400,14.12500,14.18125,13.93250,13.96688,10606400
1566307800,13.89437,13.95625,13.68750,13.69938,8824000
1566394200,13.89563,14.18750,13.81312,14.15875,11792000
1566480600,14.24125,14.31250,14.11687,14.20500,10518400
1566567000,14.14125,14.33650,13.91000,13.96250,12499200
1566826200,14.12375,14.17625,13.79562,13.95000,6868800
1566912600,14.02312,14.05937,13.79500,13.98625,8329600
1566999000,13.84688,14.01563,13.71313,13.90500,7942400
1567085400,14.11000,14.36812,14.03312,14.21313,7424000
1567171800,14.18750,14.25750,13.98637,14.16375,8720000
1567517400,14.11875,14.28125,13.88169,14.01812,7134400
1567603800,14.10563,14.24625,14.06938,14.13937,9504000
1567690200,14.33813,14.77625,14.30769,14.71125,11806400
1567776600,14.75000,14.82900,14.62562,14.73125,8937600
1568035800,14.83500,14.90669,14.23938,14.44563,11528000
1568122200,14.36187,14.87500,14.21625,14.87125,11260800
1568208600,14.93750,15.44125,14.87500,15.42562,14344000
1568295000,15.47500,15.71187,15.47000,15.62125,16024000
1568381400,15.57813,15.62500,15.20500,15.23500,9712000
1568640600,15.09937,15.38081,15.05125,15.26188,5441600
1568727000,15.17250,15.37375,15.12562,15.27812,9928000
1568813400,15.36875,15.46313,15.22125,15.41250,11350400
1568899800,15.42000,15.74094,15.21562,15.25813,9766400
1568986200,15.34250,15.36563,14.96562,15.00375,12432000
1569245400,15.00500,15.19687,14.90875,15.04688,9427200
1569331800,15.20250,15.20500,14.73244,14.87750,9715200
1569418200,14.83250,15.14312,14.56437,15.09750,7057600
1569504600,15.02125,15.29500,14.86438,15.25062,6046400
1569591000,15.31250,15.48250,15.04562,15.17375,6675200
1569850200,15.17375,15.19000,14.89875,14.93250,11920000
1569936600,15.01688,15.09313,14.34375,14.39688,11572800
1570023000,14.21750,14.29313,13.89719,14.27063,9427200
1570109400,13.80750,14.02125,13.45375,14.02125,14772800
1570195800,14.02437,14.30688,14.01125,14.28563,5284800
1570455000,14.37813,14.53438,14.34188,14.43375,5688000
1570541400,14.38000,14.46313,14.06919,14.31875,7096000
1570627800,14.43812,14.49500,14.21937,14.37687,7406400
1570714200,14.28500,14.30437,14.09375,14.23250,11000000
1570800600,14.54500,14.92125,14.42225,14.77750,8913600
1571059800,14.77312,14.80900,14.58187,14.67313,5142400
1571146200,14.74438,15.22375,14.71375,15.06063,7889600
1571232600,14.92313,14.99938,14.72437,14.94250,7131200
1571319000,15.01313,15.11063,14.88250,15.09437,6315200
1571405400,14.97625,15.07019,14.81875,14.96437,5736000
1571664600,15.14188,15.38562,15.07687,15.24000,7416000
1571751000,15.34750,15.38250,14.99625,15.09375,7550400
1571837400,15.11625,15.42387,15.00000,15.41313,5963200
1571923800,15.37562,15.40000,14.66844,14.95750,13000000
1572010200,15.16250,15.32875,15.00062,15.27250,11348800
1572269400,15.40625,15.73375,15.36969,15.55625,10756800
1572355800,15.50000,15.59562,15.33937,15.37250,5745600
1572442200,15.37500,15.49375,15.19438,15.39188,7833600
1572528600,15.48750,15.48750,15.14762,15.28563,23708800
1572615000,10.85375,11.83375,10.83187,11.58125,167657600
1572877800,11.72563,12.03544,11.68750,11.95438,41548800
1572964200,12.01000,12.03063,11.51563,11.79875,29678400
1573050600,11.86875,12.04875,11.77500,11.90187,20912000
1573137000,12.00000,12.31188,11.99125,12.15250,20841600
1573223400,12.17875,12.18312,12.00019,12.03813,12940800
1573482600,11.96688,12.05562,11.82656,11.94812,10532800
1573569000,11.91625,12.15500,11.91625,12.12313,14803200
1573655400,12.11875,12.24075,11.89063,11.91562,9459200
1573741800,11.84937,11.94563,11.73750,11.91000,18283200
1573828200,12.03000,12.11938,11.88813,12.03875,13356800
1574087400,12.00562,12.21813,11.97000,12.06375,13446400
1574173800,12.21813,12.27150,12.08000,12.12500,9313600
1574260200,12.12481,12.24500,12.03125,12.12750,12046400
1574346600,12.12500,12.14937,11.98125,12.00000,13614400
1574433000,12.07875,12.17125,12.01125,12.15563,14625600
1574692200,12.18750,12.41000,12.18688,12.36938,8892800
1574778600,12.37500,12.45000,12.18125,12.26688,10724800
1574865000,12.28063,12.30313,12.14581,12.22500,8968000
1575037800,12.20250,12.26375,12.14563,12.19563,4235200
1575297000,12.21187,12.21187,11.93062,12.07063,10172800
1575383400,11.87500,12.01125,11.76062,11.99938,9993600
1575469800,12.06688,12.19000,11.96081,12.10625,8400000
1575556200,12.07187,12.11312,11.92313,11.97812,9948800
1575642600,12.02625,12.07281,11.86687,11.88813,10019200
1575901800,11.89125,11.92594,11.77250,11.89500,12065600
1575988200,11.94125,12.17875,11.85188,12.00875,12355200
1576074600,12.00875,12.09437,11.87500,11.95187,14046400
1576161000,11.97563,12.18125,11.89612,12.04375,14752000
1576247400,12.06250,12.18688,11.99094,12.05750,14198400
1576506600,12.13562,12.55375,12.12500,12.41500,18110400
1576593000,12.41250,12.49125,12.35063,12.43750,9508800
1576679400,12.43750,12.51450,12.42188,12.50125,11006400
1576765800,12.46562,12.84500,12.39875,12.73438,15744000
1576852200,12.78938,12.93250,12.65875,12.88437,27388800
1577111400,12.90625,13.03687,12.75325,12.80437,14483200
1577197800,12.80437,12.80437,12.73619,12.79000,4224000
1577370600,12.79000,12.86250,12.76313,12.85063,6315200
1577457000,12.85688,12.87000,12.74687,12.77687,8873600
1577716200,12.77188,12.79313,12.60250,12.69563,11328000
1577802600,12.66750,12.78625,12.63125,12.71250,8761600
1577975400,12.85500,12.95219,12.69375,12.79500,9992000
1578061800,12.50000,12.73938,12.40500,12.55313,12270400
1578321000,12.42437,12.69812,12.37500,12.67875,8256000
1578407400,12.67875,12.83937,12.58125,12.80313,8526400
1578493800,12.80313,12.98687,12.78938,12.93625,10780800
1578580200,13.03125,13.05625,12.87062,12.92500,7606400
1578666600,12.95000,13.10375,12.88375,12.96625,7304000
1578925800,13.00313,13.21875,12.99375,13.19687,9716800
1579012200,13.24438,13.39688,13.19438,13.31563,10352000
1579098600,13.18875,13.51188,13.17000,13.33687,9297600
1579185000,13.49938,13.71313,13.41063,13.70313,10230400
1579271400,13.75000,13.92000,13.69844,13.86687,15939200
1579617000,13.83187,14.00000,13.70625,13.82750,9916800
1579703400,13.87500,14.11938,13.85437,13.92000,7236800
1579789800,14.00875,14.43625,13.84250,14.37875,13553600
1579876200,14.67188,15.11812,14.64625,14.87813,25740800
1580135400,14.38125,14.79438,14.21394,14.68563,19211200
1580221800,14.71500,14.86500,14.67188,14.79500,9859200
1580308200,14.86500,14.93875,14.65750,14.69063,7233600
1580394600,14.31938,14.60188,14.25937,14.48375,11059200
1580481000,14.40875,14.40875,13.92750,13.95875,16012800
1580740200,14.10312,14.21125,13.97750,14.07938,9030400
1580826600,14.28438,14.47937,14.24500,14.45750,7896000
1580913000,14.61250,14.66438,14.34719,14.36938,10528000
1580999400,14.42250,14.58375,14.31437,14.53250,7438400
1581085800,14.41125,14.58813,14.40531,14.48563,7526400
1581345000,14.38125,14.65969,14.34437,14.52563,12961600
1581431400,14.61312,14.66375,14.39125,14.46875,11355200
1581517800,14.48938,14.69875,14.43937,14.65375,13379200
1581604200,14.53125,15.08438,14.52500,14.85125,24499200
1581690600,13.59375,14.18750,13.56250,13.96688,33832000
1582036200,13.94875,14.14375,13.77437,14.11187,13776000
1582122600,14.12313,14.21500,13.93937,14.06375,11504000
1582209000,14.02500,14.29750,13.97750,14.26750,11952000
1582295400,13.96813,14.03563,13.76688,13.96625,15432000
1582554600,13.12438,13.52250,13.08438,13.35938,16489600
1582641000,13.52375,13.59313,12.65687,12.87438,20457600
1582727400,12.94375,13.07063,12.67562,12.69625,13156800
1582813800,12.44063,12.71688,12.06563,12.07375,17584000
1582900200,11.68812,12.25688,11.61125,12.07000,19475200
1583159400,12.16750,12.32375,11.88437,12.28687,14659200
1583245800,12.28063,12.42813,11.78875,11.98438,11180800
1583332200,12.35812,12.61625,12.08000,12.60188,11427200
1583418600,12.30812,12.62250,12.24375,12.28500,8960000
1583505000,11.97250,12.20687,11.67437,11.92375,15444800
1583760600,11.08687,11.85125,11.08687,11.60563,18836800
1583847000,11.84437,12.52719,11.52938,12.49750,21753600
1583933400,12.16750,12.25562,11.32219,11.38750,23360000
1584019800,10.54125,10.88688,10.16125,10.18062,33078400
1584106200,10.71688,11.06563,9.83937,11.04750,17172800
1584365400,10.07250,10.70187,9.80562,9.81500,16475200
1584451800,10.05688,10.76625,9.85338,10.51250,23912000
1584538200,9.85812,11.58250,9.85812,11.06250,31808000
1584624600,10.98312,11.85750,10.79062,11.11750,14928000
1584711000,11.28312,11.73544,10.21937,10.28000,18297600
1584970200,10.24687,10.47812,9.78938,10.11750,15707200
1585056600,10.73250,11.84562,10.68719,11.66000,23580800
1585143000,11.71875,12.29300,11.56437,11.77063,24233600
1585229400,11.79187,12.66625,11.65844,12.53563,18998400
1585315800,12.07625,12.26000,11.86156,11.95562,14644800
1585575000,11.93812,12.93375,11.81750,12.85812,16641600
1585661400,12.77375,13.03862,12.45125,12.65938,18113600
1585747800,12.16187,12.47250,11.81188,12.04813,13763200
1585834200,11.89063,12.38313,11.81625,12.13125,10616000
1585920600,12.10563,12.35688,12.01125,12.16500,13510400
1586179800,12.51875,13.03563,12.42000,12.97500,15972800
1586266200,13.31250,13.46500,12.96062,13.07125,13625600
1586352600,13.25813,13.49187,13.14437,13.41187,12708800
1586439000,13.20125,13.28125,12.89688,13.11938,22150400
1586784600,13.06250,13.18750,12.54187,12.63000,14004800
1586871000,12.92562,13.16438,12.81250,12.95687,11702400
1586957400,12.76563,12.90938,12.59500,12.76188,7635200
1587043800,12.81250,13.17250,12.68750,12.82563,12382400
1587130200,13.12313,13.23875,12.84062,13.12625,11428800
1587389400,13.07438,13.37750,13.00125,13.24938,9662400
1587475800,13.13000,13.17000,12.50000,12.50313,11518400
1587562200,12.93000,13.30062,12.81437,13.21062,9272000
1587648600,13.20375,13.35375,13.01563,13.07687,6240000
1587735000,13.20875,13.55750,13.16319,13.55062,10068800
1587994200,13.68750,13.78813,13.48406,13.61938,10158400
1588080600,13.75000,13.85563,13.57187,13.62687,10420800
1588167000,13.86438,14.00000,13.78187,13.87750,17291200
1588253400,13.80000,13.83375,13.56812,13.70625,11910400
1588339800,13.49125,13.50187,12.85750,12.97750,12187200
1588599000,12.92500,13.18750,12.84437,13.18750,9796800
1588685400,13.35312,13.84688,13.28187,13.77750,20096000
1588771800,12.90625,13.26563,12.57813,13.00062,39841600
1588858200,13.26375,13.40875,13.10250,13.15187,17667200
1588944600,13.33000,13.67313,13.24562,13.62562,17355200
1589203800,13.57063,14.09750,13.45750,14.03625,12926400
1589290200,14.25688,14.34437,13.79313,13.81875,14924800
1589376600,13.80125,13.99125,13.06812,13.35750,16662400
1589463000,13.11500,13.28438,12.66250,12.84937,12595200
1589549400,12.72062,13.18625,12.68531,13.15312,13160000
1589808600,13.45438,13.69938,13.37500,13.47625,8745600
1589895000,13.46750,13.82438,13.41500,13.73500,7857600
1589981400,13.90500,14.09875,13.87125,14.04375,11620800
1590067800,13.93750,14.16313,13.89812,13.94250,8904000
1590154200,14.05875,14.11250,13.64688,13.76062,7657600
1590499800,14.00000,14.21094,13.87687,13.89688,6704000
1590586200,13.95500,14.21500,13.67313,14.20687,7441600
1590672600,14.21250,14.33187,13.89937,13.93250,9806400
1590759000,13.98063,14.65250,13.90625,14.59125,15401600
1591018200,14.56188,14.75000,14.39000,14.66500,8654400
1591104600,14.66875,14.66875,14.12500,14.40312,14142400
1591191000,14.40000,14.56000,14.25519,14.45438,9864000
1591277400,14.31750,14.55781,14.14937,14.29125,7201600
1591363800,14.62500,14.82438,14.55625,14.69812,8814400
1591623000,14.69125,14.81250,14.40312,14.48687,6904000
1591709400,14.45000,14.65500,14.34688,14.46250,6859200
1591795800,14.51625,14.68500,14.35125,14.54813,5555200
1591882200,14.25000,14.25000,13.60312,13.67500,14094400
1591968600,14.12562,14.21250,13.61312,13.92375,9857600
1592227800,13.62438,14.16875,13.49000,14.11563,6924800
1592314200,14.63000,14.70500,14.24687,14.34750,8307200
1592400600,14.40812,14.46206,14.13406,14.15875,9164800
1592487000,13.94875,14.03244,13.50062,13.71562,18339200
1592573400,13.93750,13.95500,13.36063,13.62562,19073600
1592832600,13.59875,13.73125,13.48812,13.55437,8632000
1592919000,13.71250,13.71250,13.27875,13.47625,13355200
1593005400,13.43062,13.52750,12.94750,13.07813,15251200
1593091800,13.02625,13.27812,12.88313,13.24875,8393600
1593178200,13.24187,13.29631,12.98125,13.16438,16289600
1593437400,13.20875,13.20875,12.79500,12.93188,12249600
1593523800,12.96875,13.27563,12.95000,13.12687,12758400
1593610200,13.16187,13.18625,12.95562,13.09000,10508800
1593696600,13.21562,13.31250,13.04638,13.15687,7782400
1594042200,13.42313,13.51875,13.31875,13.40312,7281600
1594128600,13.24625,13.46125,13.14125,13.17375,6662400
1594215000,13.19063,13.43812,13.19063,13.38125,6195200
1594301400,13.46125,13.71375,13.32563,13.67437,7353600
1594387800,13.62187,13.62187,13.27500,13.50688,6139200
1594647000,13.67813,13.72750,13.18500,13.20625,7020800
1594733400,13.18750,13.50313,13.04125,13.48312,6913600
1594819800,13.67562,13.76563,13.37875,13.44625,7172800
1594906200,13.32063,13.45500,13.08187,13.44500,6726400
1594992600,13.53625,13.79562,13.49938,13.72313,6033600
1595251800,13.72062,14.14937,13.68750,14.09000,7331200
1595338200,14.15938,14.35125,14.03869,14.29937,11635200
1595424600,14.29313,14.79688,14.20000,14.61438,10328000
1595511000,14.56875,15.14487,14.54688,14.95625,13675200
1595597400,14.51875,14.91187,14.42188,14.80062,8102400
1595856600,14.88937,15.52312,14.88062,15.36438,12720000
1595943000,15.27875,15.30375,15.03187,15.05250,5564800
1596029400,15.13000,15.47313,15.10750,15.43250,7222400
1596115800,15.20687,15.63125,15.13000,15.58687,7518400
1596202200,15.83687,16.23750,15.62562,16.23562,14628800
1596461400,16.25000,16.37500,16.08000,16.28188,12190400
1596547800,16.20625,16.70625,16.20625,16.49937,18192000
1596634200,15.50000,15.50062,14.63188,14.69563,40004800
1596720600,14.86312,15.04331,14.59344,14.77375,13976000
1596807000,14.68875,14.72062,14.27625,14.42500,17280000
1597066200,14.39750,14.45344,13.87062,13.90438,20115200
1597152600,14.04125,14.04781,13.70187,13.74875,17776000
1597239000,13.78000,13.90694,13.48938,13.51500,12633600
1597325400,13.33875,13.59875,13.25313,13.51937,20422400
1597411800,13.51500,13.54562,13.29000,13.29187,17588800
1597671000,13.37313,13.62438,13.30875,13.43812,9672000
1597757400,13.45500,13.72750,13.34500,13.71625,12691200
1597843800,13.75000,13.96000,13.72856,13.79062,11211200
1597930200,13.71937,13.96313,13.65187,13.83625,9331200
1598016600,13.73375,13.93750,13.66187,13.91063,8414400
1598275800,13.99312,14.13313,13.56875,13.67688,9412800
1598362200,13.63875,13.78813,13.60125,13.71437,6312000
1598448600,13.81250,13.88313,13.63919,13.87813,5945600
1598535000,13.93750,14.01750,13.76688,13.88625,11371200
1598621400,13.87562,14.08500,13.75813,13.87750,8779200
1598880600,13.84250,14.01313,13.71125,13.96562,8723200
1598967000,14.00875,14.01062,13.78500,14.00625,8448000
1599053400,14.02500,14.35063,13.96000,14.28250,7753600
1599139800,14.04125,14.06000,13.28125,13.55125,15720000
1599226200,13.53563,13.61875,12.89250,13.19375,13048000
1599571800,12.86812,13.12813,12.83313,12.94938,14124800
1599658200,13.17000,13.31875,13.00750,13.23812,11888000
1599744600,13.26812,13.45000,12.87187,12.88313,11700800
1599831000,12.98500,13.07563,12.65156,12.73812,11376000
1600090200,12.92750,13.02594,12.81250,12.84562,7625600
1600176600,12.81875,12.96062,12.73000,12.89875,9427200
1600263000,12.94500,13.05688,12.86187,12.86312,8683200
1600349400,12.68625,12.79000,12.59250,12.65375,13600000
1600435800,12.66750,12.73125,12.34062,12.56125,26563200
1600695000,12.37687,12.40063,12.08313,12.19375,14358400
1600781400,12.25062,12.55188,12.06000,12.49562,11086400
1600867800,12.65000,12.70500,12.34750,12.40500,11712000
1600954200,12.29937,12.57875,12.27000,12.40375,7001600
1601040600,12.43750,12.60063,12.32125,12.54000,6897600
1601299800,12.67750,12.96156,12.58187,12.81563,12659200
1601386200,12.81750,13.25000,12.80937,13.15375,10822400
1601472600,13.15375,13.22188,12.81969,12.93312,14268800
1601559000,13.03125,13.07813,12.81750,12.94063,10681600
1601645400,12.71875,13.19938,12.67562,12.74375,7891200
1601904600,12.85938,12.98500,12.76250,12.87500,7665600
1601991000,12.83813,13.17569,12.83813,12.92500,8196800
1602077400,13.07687,13.34062,12.99406,13.24938,6260800
1602163800,13.81250,14.29625,13.71750,13.90563,18484800
1602250200,14.03938,14.25000,13.90625,14.22563,8611200
1602509400,14.03125,14.31406,13.78625,14.26563,15313600
1602595800,14.21875,14.29594,14.05906,14.11500,7492800
1602682200,14.25625,14.58000,14.13750,14.25187,9704000
1602768600,13.96000,14.13937,13.88375,14.13937,7444800
1602855000,14.15250,14.17281,13.92188,14.09062,6782400
1603114200,14.18437,14.19094,13.83438,13.85188,7201600
1603200600,13.95750,14.08000,13.76313,13.87375,7673600
1603287000,13.63688,13.86069,13.31938,13.39437,14161600
1603373400,13.42625,13.55188,13.16500,13.37313,8523200
1603459800,13.37500,13.68000,13.16187,13.38188,8294400
1603719000,13.26625,13.37375,12.78813,13.05437,10657600
1603805400,13.14063,13.29125,13.03312,13.15938,7692800
1603891800,12.91187,12.97375,12.68937,12.77375,12371200
1603978200,12.77063,12.85688,12.58250,12.69750,9748800
1604064600,13.12500,13.29313,12.52188,13.05625,26580800
1604327400,13.12500,13.67562,12.98175,13.50750,27214400
1604413800,15.19500,16.18813,14.95281,15.59313,61275200
1604500200,15.53125,16.15375,15.50062,15.90250,17848000
1604586600,16.01500,16.17875,15.81437,16.06250,15670400
1604673000,15.99000,16.47250,15.91187,16.43750,14107200
1604932200,16.61250,16.90688,16.34125,16.35500,14550400
1605018600,16.11875,16.30775,15.97937,16.08750,11833600
1605105000,16.18750,16.65438,16.10938,16.57562,8886400
1605191400,16.48313,16.82750,16.41344,16.69312,7870400
1605277800,16.94500,17.14500,16.69687,17.11625,9660800
1605537000,17.18750,17.26188,16.88437,17.07875,10344000
1605623400,17.00625,17.37750,16.98438,17.36125,10531200
1605709800,17.42937,17.52188,16.98812,17.00187,9441600
1605796200,16.99250,17.06688,16.81625,17.05437,6268800
1605882600,17.06250,17.13125,16.76438,16.78125,8280000
1606141800,16.68563,16.93438,16.56313,16.77875,7688000
1606228200,16.90375,17.07438,16.77750,17.01937,8424000
1606314600,17.07500,17.17000,16.87563,16.90937,5084800
1606487400,17.00625,17.10781,16.77375,17.03500,4404800
1606746600,17.03000,17.18063,16.71125,16.91875,11948800
1606833000,16.87500,17.10750,16.78062,17.06250,7420800
1606919400,16.93750,17.05313,16.85062,16.97375,6619200
1607005800,16.90688,17.02875,16.81313,16.85563,6064000
1607092200,16.86500,16.99438,16.78250,16.88187,6540800
1607351400,16.93063,17.23313,16.84063,17.22562,9904000
1607437800,17.37188,18.06250,17.34813,17.73125,18232000
1607524200,17.70563,17.78375,17.28687,17.34937,7054400
1607610600,17.26687,17.39437,17.12625,17.27312,7536000
1607697000,17.26750,17.56250,17.19750,17.33375,9768000
1607956200,17.35875,17.71688,17.13875,17.15500,8208000
1608042600,17.32688,17.51875,17.29469,17.47437,9827200
1608129000,17.84687,18.34375,17.76687,17.85625,16217600
1608215400,17.86188,17.96250,17.62500,17.83562,9184000
1608301800,17.97437,18.18625,17.79313,17.98250,20131200
1608561000,17.71000,17.96500,17.46313,17.95375,8064000
1608647400,17.94437,18.25750,17.93594,18.17625,10481600
1608733800,18.13187,18.27563,17.89938,17.90562,5376000
1608820200,18.04313,18.08625,17.87313,18.05250,1628800
1609165800,18.26375,18.36125,18.16312,18.18375,7307200
1609252200,18.23688,18.28125,17.91875,17.96875,4182400
1609338600,18.08125,18.29875,18.00312,18.06000,5334400
1609425000,18.12500,18.17813,17.97625,18.16063,4966400
1609770600,18.17250,18.22500,17.52687,17.69750,13027200
1609857000,17.73937,17.99500,17.73937,17.87563,8944000
1609943400,18.21812,18.26563,17.75562,17.86687,11672000
1610029800,18.30938,18.51125,18.12781,18.49813,14132800
1610116200,18.61000,19.20125,18.58312,19.13250,17667200
1610375400,18.89812,19.01375,18.78437,18.93500,8337600
1610461800,18.93500,19.80563,18.91750,19.76750,14856000
1610548200,19.57250,19.63406,19.26844,19.35188,7124800
1610634600,19.50063,20.01594,19.42500,19.56875,9076800
1610721000,19.59375,19.97125,19.35175,19.81688,11798400
1611066600,19.92750,19.93750,19.51625,19.87250,7620800
1611153000,20.02125,20.02125,19.57594,19.65313,6363200
1611239400,19.71000,19.81187,19.30350,19.47875,6785600
1611325800,19.44312,19.53094,19.24187,19.45062,7576000
1611585000,19.73500,19.75625,19.14181,19.23063,7947200
1611671400,19.31063,19.32688,19.07562,19.18750,9342400
1611757800,19.05875,19.30000,18.80187,19.10563,20612800
1611844200,19.05250,19.42750,18.94938,19.33562,10208000
1611930600,19.29875,19.71250,19.13531,19.22250,11091200
1612189800,19.37500,19.97125,19.37000,19.76250,9641600
1612276200,19.87500,20.02312,19.67312,19.77687,7219200
1612362600,19.82813,19.92813,19.60625,19.79750,6299200
1612449000,19.81250,20.00875,19.63875,19.99875,5996800
1612535400,20.08750,20.23969,19.95000,20.11938,8251200
1612794600,20.20563,20.29206,19.91187,20.00562,5281600
1612881000,20.01500,20.06925,19.87375,19.99937,5230400
1612967400,20.10625,20.10625,19.66000,19.90937,8380800
1613053800,19.95375,19.99750,19.64250,19.87812,6390400
1613140200,19.90313,20.22000,19.70938,20.20687,7265600
1613485800,20.31250,20.38750,19.88062,19.91625,6641600
1613572200,19.72250,19.77938,19.19000,19.51312,7812800
1613658600,19.26125,19.47344,19.08438,19.30313,9918400
1613745000,20.31250,20.41250,19.10687,19.43438,22678400
1614004200,19.22437,19.24688,18.21781,18.26000,22371200
1614090600,17.43125,18.05250,16.89125,17.94250,22545600
1614177000,17.73125,18.07688,17.50000,17.89750,8483200
1614263400,17.92813,18.01937,17.44250,17.51625,9382400
1614349800,17.62938,17.79437,17.33813,17.49000,10300800
1614609000,17.65625,18.06625,17.64500,17.99625,8139200
1614695400,18.01375,18.01813,17.65875,17.76875,9987200
1614781800,17.80125,17.80125,17.33125,17.43375,8340800
1614868200,17.34188,17.47938,16.57937,16.95375,13662400
1614954600,16.99438,17.16000,16.38000,17.06625,12665600
1615213800,17.04250,17.31937,16.73375,16.73937,8012800
1615300200,16.92312,17.42687,16.91000,17.25187,7324800
1615386600,17.47688,17.50000,17.00000,17.00562,8716800
1615473000,17.37687,17.47500,17.18750,17.22375,7632000
1615559400,17.23875,17.54125,17.12563,17.47562,8347200
1615815000,17.55563,18.04812,17.55563,17.91438,7700800
1615901400,17.97625,18.04750,17.78625,17.93937,6838400
1615987800,17.71250,18.21313,17.59312,18.08312,9905600
1616074200,17.83000,18.06250,17.72625,17.73750,8409600
1616160600,17.80812,18.03750,17.63313,17.82625,15070400
1616419800,17.82063,18.28812,17.75000,18.14063,9323200
1616506200,18.14000,18.24562,17.77438,17.87563,6459200
1616592600,17.90688,18.10750,17.77594,17.77875,6280000
1616679000,17.74937,18.25625,17.63688,18.25000,9268800
1616765400,18.38313,19.46250,18.28906,19.45437,14278400
1617024600,19.40937,19.70625,19.02938,19.23063,8592000
1617111000,19.05812,19.05938,18.60938,18.67875,11840000
1617197400,18.77188,19.07250,18.57500,18.86813,7931200
1617283800,19.00375,19.50000,18.96375,19.25250,6313600
1617629400,19.45375,19.58750,19.25312,19.47625,6334400
1617715800,19.37563,19.40375,19.21000,19.24187,6608000
1617802200,19.27125,19.33375,19.07562,19.23875,4363200
1617888600,19.43000,19.47313,19.11625,19.45313,4280000
1617975000,19.50687,19.72750,19.42594,19.72187,4892800
1618234200,19.68750,19.77875,19.46031,19.62563,5129600
1618320600,19.79000,20.06187,19.60563,19.64562,5782400
1618407000,19.61813,19.75875,19.46594,19.52938,3630400
1618493400,19.63938,19.68500,19.40500,19.67750,4560000
1618579800,19.74000,19.86000,19.63938,19.79188,3380800
1618839000,19.80313,19.87812,19.64906,19.67562,4059200
1618925400,19.56063,19.59500,19.26063,19.34562,5316800
1619011800,19.46125,19.77938,19.35062,19.77625,3283200
1619098200,19.73250,19.77062,19.45000,19.55187,6931200
1619184600,19.68750,19.97625,19.65219,19.91500,4140800
1619443800,19.91312,20.17169,19.88812,20.06688,5400000
1619530200,20.14187,20.14187,19.83125,19.93875,4811200
1619616600,19.99875,20.05437,19.83125,20.04750,4212800
1619703000,20.00312,20.21188,19.79125,20.15688,6614400
1619789400,20.01750,20.07000,19.65750,19.69813,8614400
1620048600,19.73875,19.90500,19.46250,19.66937,5942400
1620135000,19.39437,19.46750,18.91250,19.09625,9344000
1620221400,19.77563,20.15375,19.32500,19.79625,12262400
1620307800,19.75000,20.47000,19.75000,20.45375,11180800
1620394200,20.59312,20.68750,20.34687,20.53250,7524800
1620653400,20.62500,20.74063,20.26250,20.38750,7502400
1620739800,20.02500,20.54750,19.95188,20.42125,9836800
1620826200,20.17125,20.22906,19.66500,19.73562,6017600
1620912600,19.91063,20.06562,19.58312,19.86750,6643200
1620999000,20.10312,20.54688,19.98375,20.39875,5990400
1621258200,20.28563,20.45125,20.21313,20.36188,3401600
1621344600,20.45188,20.58250,20.30344,20.35500,4273600
1621431000,20.08000,20.34937,19.90625,20.22313,4979200
1621517400,20.28000,21.16250,20.10750,20.99562,8560000
1621603800,20.80062,21.06812,20.47750,20.75813,7056000
1621863000,20.93750,21.22437,20.88500,21.02875,4192000
1621949400,21.05563,21.27500,21.04313,21.14375,4569600
1622035800,21.12500,21.28687,20.99063,21.15375,4206400
1622122200,21.20500,21.26438,21.05437,21.07000,6499200
1622208600,21.25000,21.34937,21.16063,21.21125,4526400
1622554200,21.16438,21.22031,20.91813,20.92937,4801600
1622640600,21.00438,21.00438,20.73500,20.88563,7907200
1622727000,20.88125,21.59312,20.85375,21.49187,10200000
1622813400,21.56250,22.01250,21.56250,21.89500,7761600
1623072600,21.89500,22.03500,21.78812,22.03188,5441600
1623159000,22.05000,22.33250,21.95500,22.17000,6185600
1623245400,22.24625,22.52938,22.21031,22.48313,7697600
1623331800,22.48187,23.08813,22.34375,23.07250,10019200
1623418200,23.12500,23.12812,22.58375,22.74937,8355200
1623677400,22.68563,22.81812,22.57375,22.80625,5832000
1623763800,22.85250,22.86375,22.53563,22.60875,4707200
1623850200,22.67188,23.03000,22.52625,22.99125,6705600
1623936600,23.01312,23.40562,22.98187,23.12750,11195200
1624023000,22.98250,23.10375,22.60375,22.68188,18536000
1624282200,22.86000,23.34375,22.68188,23.09375,6832000
1624368600,23.03750,23.07219,22.65750,22.77188,9112000
1624455000,22.80000,22.91375,22.54375,22.78812,8760000
1624541400,23.00000,23.02563,22.57438,22.71875,5134400
1624627800,22.71062,22.76000,22.58688,22.63875,9678400
1624887000,22.65688,22.74875,22.54462,22.67625,7280000
1624973400,22.67625,22.76406,22.59438,22.73500,5649600
1625059800,22.69563,22.71250,22.33937,22.64437,6016000
1625146200,22.71188,22.92625,22.56937,22.71188,5232000
1625232600,22.79000,22.96062,22.58438,22.84937,4657600
1625578200,23.07313,23.43750,22.98875,23.43312,8904000
1625664600,23.43813,23.51406,22.77938,23.40937,9817600
1625751000,23.11875,23.31625,22.89063,23.13500,9208000
1625837400,23.26750,23.66875,23.18750,23.62687,8267200
1626096600,23.59063,23.60025,23.10594,23.18125,4006400
1626183000,23.32313,23.42719,23.05625,23.12375,5816000
1626269400,23.23875,23.27563,22.84406,23.07813,4460800
1626355800,22.98531,23.15562,22.84375,23.00312,3998400
1626442200,23.00312,23.14063,22.69062,22.71563,5048000
1626701400,22.43625,22.82813,22.33187,22.63250,7481600
1626787800,22.81125,22.81125,22.61000,22.73063,10112000
1626874200,22.81313,22.96188,22.59000,22.94813,6900800
1626960600,23.14938,23.42500,23.10813,23.33562,9025600
1627047000,23.48125,23.81625,23.42656,23.81125,6358400
1627306200,23.81625,23.81625,23.36875,23.58562,3436800
1627392600,23.53750,23.55750,23.08187,23.41438,4588800
1627479000,23.43750,23.60062,23.33325,23.56562,3587200
1627565400,23.64437,23.96313,23.63437,23.81313,3766400
1627651800,23.62500,23.97156,23.61125,23.77438,5752000
1627911000,23.81250,23.87437,23.47625,23.57375,10294400
1627997400,22.78000,23.86188,22.37500,23.69813,11856000
1628083800,23.72500,24.00000,23.27250,23.88250,7564800
1628170200,23.84375,23.93687,23.66625,23.78750,5217600
1628256600,23.77563,23.77563,23.54625,23.60000,5038400
1628515800,23.55875,23.63688,23.35625,23.46875,5401600
1628602200,23.40250,23.48937,23.11500,23.23125,3945600
1628688600,23.23250,23.23250,22.93750,23.06875,5603200
1628775000,23.03188,23.03188,22.79375,22.93687,5649600
1628861400,22.92125,22.92125,22.59931,22.75438,5323200
1629120600,22.72500,22.89625,22.55500,22.84438,3368000
1629207000,22.65125,22.83250,22.52062,22.78938,3396800
1629293400,22.77813,22.89437,22.59813,22.62938,3241600
1629379800,22.45687,23.03844,22.37500,22.92750,5374400
1629466200,22.95375,23.15937,22.91000,23.11625,4643200
1629725400,23.02000,23.21500,22.97313,23.14063,6612800
1629811800,23.23250,23.54062,23.16063,23.52813,6459200
1629898200,23.48438,23.69750,23.29500,23.38250,5870400
1629984600,23.43750,23.43750,23.02188,23.07688,3862400
1630071000,23.13688,23.43125,22.89187,23.30375,5737600
1630330200,23.34687,23.39562,23.09063,23.25625,8788800
1630416600,23.33625,23.33625,22.94563,23.09562,6976000
1630503000,23.09625,23.09625,22.39313,22.47375,12425600
1630589400,22.61437,22.86813,22.40125,22.74438,8356800
1630675800,22.64812,22.80875,22.54500,22.69500,7267200
1631021400,22.65438,22.65438,22.30938,22.46625,8563200
1631107800,22.42312,22.63125,22.32562,22.47250,5676800
1631194200,22.57250,22.66063,22.37250,22.38313,5283200
1631280600,22.56875,22.62000,21.91875,21.93250,7113600
1631539800,21.85062,22.40000,21.64812,22.39375,11259200
1631626200,22.50000,22.55000,22.14063,22.36000,6470400
1631712600,22.36125,22.51750,22.06812,22.43000,6854400
1631799000,22.50687,22.97625,22.47187,22.80812,7473600
1631885400,22.62500,22.69531,22.21062,22.44563,21648000
1632144600,22.22313,22.37313,21.80000,22.12313,6227200
1632231000,22.26063,22.26438,21.90875,21.97125,4835200
1632317400,22.11563,22.16500,21.85625,21.88500,7126400
1632403800,22.04625,22.44875,22.02062,22.36938,5294400
1632490200,22.25438,22.58000,22.25438,22.50937,3353600
1632749400,22.40625,22.42344,22.09406,22.29938,4388800
1632835800,22.10375,22.12750,21.63250,21.66125,5166400
1632922200,21.74438,21.83625,21.60625,21.62375,6190400
1633008600,21.76312,21.80688,21.46188,21.47750,6286400
1633095000,21.56250,21.99500,21.29500,21.90500,5484800
1633354200,21.82313,21.82313,21.34587,21.48250,7566400
1633440600,21.69938,22.22437,21.65875,22.05938,5497600
1633527000,21.86563,22.12306,21.57250,22.09500,4384000
1633613400,22.35875,22.79062,22.32063,22.75750,8123200
1633699800,23.04938,23.49750,22.90375,23.24500,9395200
1633959000,23.31250,23.69813,23.23875,23.59937,5614400
1634045400,23.65375,23.71563,23.38500,23.43438,4328000
1634131800,23.55625,24.01687,23.42813,23.99313,6134400
1634218200,24.06250,24.70687,24.04719,24.70188,7587200
1634304600,24.68000,24.78188,24.34500,24.36125,6936000
1634563800,24.37500,24.67875,23.94375,23.98250,8668800
1634650200,24.02375,24.36000,23.95875,24.35250,5505600
1634736600,24.43500,24.71875,24.28662,24.66937,5024000
1634823000,24.59375,24.76469,24.42781,24.71750,3945600
1634909400,24.66688,24.80313,24.32750,24.40750,3728000
1635168600,24.39812,24.60062,24.11250,24.12750,4470400
1635255000,24.82313,25.48750,24.72719,25.22437,11512000
1635341400,25.01500,25.69875,25.01500,25.17438,7062400
1635427800,25.21812,25.53250,25.04188,25.44000,7929600
1635514200,25.27750,25.69687,25.09750,25.60563,7849600
1635773400,25.53625,25.86125,25.53312,25.53563,11328000
1635859800,30.59875,32.81250,30.19000,30.74187,52094400
1635946200,30.68937,32.33062,30.40688,32.11250,21843200
1636032600,31.00187,33.37437,30.91681,32.74125,15910400
1636119000,32.56250,33.31375,32.52063,33.15875,10161600
1636381800,33.15625,33.49506,32.37500,32.90125,8080000
1636468200,32.96563,33.53394,32.79000,33.21000,8382400
1636554600,32.74250,33.47606,32.40625,32.63500,8313600
1636641000,32.72875,33.07563,32.46062,32.58812,6707200
1636727400,32.43750,33.07312,32.43750,32.86250,7584000
1636986600,32.81250,33.27687,32.59619,33.01062,5684800
1637073000,32.37500,33.19812,32.18750,32.95438,10038400
1637159400,32.56250,33.41813,32.56250,33.02000,6596800
1637245800,32.50000,33.31250,32.25000,33.13750,8506000
1637332200,32.37750,32.82500,32.03300,32.24000,8121200
1637591400,32.47250,33.03750,32.00000,32.04000,8246000
1637677800,31.47000,31.77000,30.43750,31.62750,10392400
1637764200,31.75250,32.03000,31.44750,31.94500,5400400
1637937000,31.41750,31.81750,31.04750,31.24250,4903200
1638196200,31.87000,32.08250,31.37500,31.65000,7191600
1638282600,31.49750,31.54000,30.88000,31.01500,10814800
1638369000,31.40750,31.55500,30.32500,30.34750,8917600
1638455400,30.35500,30.88000,29.85000,30.82000,9863600
1638541800,31.06250,31.24625,29.90750,30.30000,7726000
1638801000,30.62500,30.72250,29.76000,30.41250,4812400
1638887400,30.94500,31.67375,30.87250,31.57750,7116000
1638973800,31.60000,31.75875,31.24500,31.37000,6197600
1639060200,31.64000,32.69000,31.51000,32.16500,9729600
1639146600,32.37500,32.80000,32.20750,32.67250,7390000
1639405800,32.80750,33.48000,32.68500,33.04500,10708400
1639492200,32.62250,33.00000,32.41000,32.78000,9210800
1639578600,32.92500,34.82250,32.68750,34.66500,14980400
1639665000,34.90750,35.13175,32.43500,32.53500,15025200
1639751400,32.75000,34.04750,32.32250,33.75750,22887600
1640010600,33.14000,33.80750,33.00000,33.58250,7094000
1640097000,33.78500,34.48500,33.40900,34.47750,10894400
1640183400,34.23250,35.08250,34.09725,34.88250,6585600
1640269800,35.00000,36.13500,34.99000,35.46250,9278800
1640615400,35.71750,37.14250,35.70250,36.71000,8426400
1640701800,36.48750,36.84000,35.90750,36.22250,6271600
1640788200,36.38500,36.57500,36.03750,36.42750,4598400
1640874600,36.44500,36.56750,35.75750,35.78750,5357600
1640961000,36.00000,36.35250,35.78150,35.93750,4335200
1641220200,36.02250,36.12500,35.16750,35.56000,9186400
1641306600,35.56250,35.56250,34.30500,34.66500,8997600
1641393000,34.59000,34.74000,33.26350,33.28750,8955200
1641479400,32.94250,33.65250,32.90625,33.16750,5950400
1641565800,33.34250,33.75500,32.35500,32.37000,9308400
1641825000,32.17000,32.92750,31.47250,32.88500,9632000
1641911400,32.91750,33.35500,32.52250,33.29500,4464000
1641997800,33.44250,34.14500,33.10750,33.26250,4855200
1642084200,33.25000,33.40200,32.76750,32.80000,6226000
1642170600,32.61000,32.81250,31.89000,32.43500,7825200
1642516200,31.91750,32.19000,31.55000,31.77250,7104800
1642602600,31.87250,32.26250,31.28500,31.32750,8817200
1642689000,31.64000,31.77750,30.41750,30.48500,7412000
1642775400,30.56250,30.79500,29.49625,29.65750,10247200
1643034600,29.35250,30.46250,28.71250,30.38000,18511200
1643121000,29.89750,29.99000,28.78875,29.23750,8747200
1643207400,29.66750,30.49500,29.11500,29.48750,8144400
1643293800,30.33750,30.60750,29.06250,29.48000,9303600
1643380200,29.50250,30.09750,29.03000,30.04750,8095200
1643639400,30.23750,31.09000,30.13750,31.07750,6705600
1643725800,31.05500,31.10500,30.21500,31.07500,6891600
1643812200,31.50000,31.99000,31.09250,31.40250,8327200
1643898600,30.67000,30.99750,30.36750,30.55500,6383600
1643985000,30.28000,31.04225,30.07500,30.58000,6838000
1644244200,30.57000,30.84750,30.38000,30.54250,4325600
1644330600,30.56750,31.02000,30.31000,30.84000,5349200
1644417000,31.12500,32.37000,31.06750,32.36000,8606800
1644503400,31.64250,32.68750,31.35250,31.76750,8265600
1644589800,31.72000,31.92750,30.02500,30.23000,9787200
1644849000,30.00000,30.92500,29.91250,30.70500,16792400
1644935400,33.21250,33.21250,31.14250,32.48500,26996400
1645021800,32.10750,33.24000,31.51000,33.11000,11399600
1645108200,33.00500,33.46750,32.15500,32.30750,8053200
1645194600,32.18500,32.28750,31.38250,31.48000,9002400
1645540200,31.00000,31.42250,30.07750,30.45750,8068000
1645626600,30.72500,30.91250,29.38000,29.54250,8970400
1645713000,27.30625,30.35250,27.05750,30.21500,11578400
1645799400,30.21500,30.98250,29.88000,30.87500,8560000
1646058600,30.59750,30.98250,30.03000,30.68250,7883600
1646145000,30.52250,30.53875,29.32750,29.47000,7748400
1646231400,29.64750,30.89750,29.50000,30.76000,6338800
1646317800,30.99750,31.02750,29.79250,30.08500,6632400
1646404200,29.88500,30.24000,29.31750,29.63750,6258000
1646663400,29.70750,29.71000,28.57750,28.61250,11110400
1646749800,28.61250,29.61000,27.84000,28.65000,7235600
1646836200,29.73000,30.41125,29.38750,30.15250,7629600
1646922600,30.11500,30.43875,29.47000,30.22750,6480000
1647009000,30.44750,31.18500,29.93000,29.97750,5749600
1647264600,30.01500,30.43250,28.54250,28.82000,7019200
1647351000,29.20000,30.29750,29.03750,30.29000,7037200
1647437400,30.54250,31.18050,29.99750,31.04750,6054400
1647523800,30.68750,31.74250,30.68750,31.50000,9699600
1647610200,31.62250,32.92250,31.14250,32.81250,19216000
1647869400,32.69750,33.19750,32.32750,32.98750,6361600
1647955800,33.07000,34.09000,32.84500,34.00500,8939200
1648042200,33.69500,34.20000,32.81500,33.28750,8141600
1648128600,34.00750,34.98750,33.27500,34.91750,9593600
1648215000,35.00000,35.00250,33.78700,34.60000,6451600
1648474200,34.50250,35.05500,34.02800,34.84750,4076800
1648560600,35.28750,35.53750,34.63750,35.20000,5483200
1648647000,35.11250,35.34000,34.22750,34.54750,6964000
1648733400,34.54750,35.19500,34.47000,34.74500,6721600
1648819800,35.08250,35.22000,34.40750,34.87000,4997200
1649079000,34.87000,35.86550,34.79750,35.68750,6330000
1649165400,35.50000,35.89250,34.88000,35.26750,6911600
1649251800,34.64750,34.69750,32.19500,33.00250,12996400
1649338200,33.02500,33.59000,32.73375,33.20500,6186000
1649424600,33.04500,33.20375,32.51000,32.75750,4657200
1649683800,32.25000,32.51000,31.73500,31.79000,5548400
1649770200,32.15750,33.06000,31.74000,31.85500,6405600
1649856600,31.98500,32.99000,31.81750,32.84250,4532000
1649943000,32.85250,33.21250,31.62500,31.64500,6296400
1650288600,31.52000,32.15375,31.28250,31.55000,5640800
1650375000,31.52500,32.29625,31.12500,32.21000,5211200
1650461400,31.37500,32.29000,30.91375,31.79000,8182800
1650547800,32.26500,32.46000,30.00750,30.04750,8438800
1650634200,30.15000,30.25000,29.37000,29.42500,8434400
1650893400,29.24250,29.77500,28.71750,29.73500,7032000
1650979800,29.58750,29.62000,28.69750,28.81000,7280400
1651066200,28.87000,29.27750,28.34750,28.79500,8140800
1651152600,29.30000,30.45500,29.03750,30.22750,8382400
1651239000,29.87500,30.31000,28.82500,28.89250,7794000
1651498200,28.92750,29.71500,28.79000,29.56500,11936800
1651584600,28.22250,29.62500,28.08750,28.50750,12529200
1651671000,28.58500,29.48000,27.89125,29.44750,8849200
1651757400,29.13500,29.22500,27.37500,27.74500,11959600
1651843800,27.42750,28.36750,27.29500,27.74500,6698400
1652103000,27.18500,27.29400,25.44750,25.62000,11482000
1652189400,26.19250,26.66750,25.57750,26.27750,8880400
1652275800,25.93250,26.81000,25.39000,25.72750,6088400
1652362200,25.38000,26.14250,24.80625,25.41750,11578000
1652448600,25.91250,27.34250,25.91250,27.16250,9163200
1652707800,26.92000,27.06775,26.16500,26.25000,5328400
1652794200,26.84250,26.96000,26.23500,26.84250,5062800
1652880600,26.35250,26.59500,25.21500,25.64250,9691600
1652967000,25.25500,25.72500,24.63000,25.27500,7832400
1653053400,25.75000,25.90750,24.66750,25.66000,10829600
1653312600,25.49500,25.76750,25.14750,25.57500,8199200
1653399000,25.29000,25.31500,24.30500,24.92250,7920800
1653485400,24.75000,25.45000,24.66000,25.23750,8012000
1653571800,25.29000,26.09250,25.05750,25.92750,8006800
1653658200,26.33250,26.53000,26.00000,26.46750,6560800
1654003800,26.20000,26.32000,25.49750,25.57000,16090000
1654090200,25.87500,26.21250,25.10500,25.41750,7649200
1654176600,25.33000,26.54775,25.25000,26.53500,7827600
1654263000,26.28000,26.30500,25.64625,25.79250,4296800
1654522200,26.30500,26.50500,25.71000,25.87750,4159600
1654608600,25.59250,26.11750,25.56125,26.07500,4828000
1654695000,25.76500,26.17500,25.66250,25.76250,3651200
1654781400,25.62500,25.74000,24.45000,24.60250,8524000
1654867800,24.17500,24.32250,23.64500,23.74000,11502400
1655127000,22.80750,23.46000,22.70750,23.02250,11939600
1655213400,22.93250,23.29375,22.64500,22.98250,10707600
1655299800,23.37500,23.62750,22.81250,23.21750,6016000
1655386200,22.59750,22.96500,22.27875,22.60500,7040400
1655472600,22.75500,23.15000,22.55250,22.73500,10749600
1655818200,23.09750,23.66250,23.03175,23.45750,6376000
1655904600,23.10250,23.69750,23.10250,23.26000,5426400
1655991000,23.56250,24.11000,23.48250,23.84000,9006000
1656077400,24.23250,24.97250,24.23250,24.95500,9580800
1656336600,25.07750,25.17750,24.38250,24.71750,5361600
1656423000,24.72250,25.01250,23.77750,23.81500,5872000
1656509400,23.86750,24.09250,23.39250,23.73250,4384800
1656595800,23.33250,23.75000,23.02750,23.43500,6088000
1656682200,23.28500,23.40000,22.93500,23.35250,6034800
1657027800,22.82750,24.11750,22.82750,24.03750,8260000
1657114200,24.21500,24.89250,24.10750,24.65750,8221200
1657200600,24.99250,25.62500,24.86250,25.49250,6466400
1657287000,25.27000,26.01000,25.15500,25.75000,7185600
1657546200,25.53000,25.78750,25.37000,25.42500,4624000
1657632600,25.58500,25.87250,24.43625,24.56500,7118800
1657719000,24.04750,24.84250,23.99250,24.57500,5993600
1657805400,24.16250,24.83250,23.72500,24.77500,5766800
1657891800,25.09500,25.44250,24.68625,25.41750,5034800
1658151000,25.51250,25.51250,25.03000,25.14500,5500000
1658237400,26.02750,26.26000,25.57500,26.18750,7309600
1658323800,25.50250,26.34750,25.44825,26.22250,9024800
1658410200,26.31500,26.50000,25.86500,26.48750,7733600
1658496600,26.25250,26.34000,25.39500,25.59500,7196800
1658755800,25.60250,26.03125,25.46500,25.86500,7748400
1658842200,26.02000,26.51500,25.64500,25.83500,9024000
1658928600,26.13000,27.39500,26.13000,27.27500,9391200
1659015000,28.00000,29.10750,27.86750,28.83250,15828800
1659101400,28.78500,29.33250,28.49250,29.15750,7899600
1659360600,28.80500,29.53250,28.52750,29.40250,10364400
1659447000,30.72750,30.76750,29.20500,29.28500,17637600
1659533400,29.56000,30.60250,29.49750,30.42500,10842400
1659619800,30.55000,31.04750,30.50000,30.76500,8594000
1659706200,30.47000,31.71000,30.41775,31.67000,9990000
1659965400,31.51750,31.51750,30.86750,31.17750,10299600
1660051800,30.87500,31.15000,30.21500,30.24250,8875600
1660138200,30.98000,31.93750,30.72500,31.86750,8998400
1660224600,31.95000,32.00000,31.45000,31.50750,6286000
1660311000,31.85000,32.01500,31.60000,31.71500,4502800
1660570200,31.59250,32.23750,31.57250,32.18500,4614800
1660656600,32.14250,32.56250,31.94000,32.47750,5382800
1660743000,32.25000,32.67750,32.01750,32.36500,5190000
1660829400,32.64250,33.21750,32.55125,33.18500,6928400
1660915800,32.80000,32.81750,32.25875,32.50000,6004000
1661175000,31.87500,31.88000,31.38250,31.78500,5703600
1661261400,31.35000,32.30500,31.28000,31.74000,6697600
1661347800,31.74000,31.78250,31.30500,31.40750,6209600
1661434200,31.50000,31.78500,31.41250,31.62250,7527200
1661520600,31.63750,31.75750,30.74250,30.75750,5240000
1661779800,30.32500,30.75500,30.30000,30.39500,4753200
1661866200,30.80250,30.86750,29.93000,30.27500,4374800
1661952600,30.25000,30.71250,29.82750,29.97000,8630000
1662039000,29.70500,29.70500,28.55750,29.32000,8159600
1662125400,29.60500,30.12750,29.22000,29.32500,5008800
1662471000,29.42750,29.71000,28.95600,29.38750,5686000
1662557400,29.48000,30.08250,29.28500,30.06750,5636400
1662643800,29.77250,30.72000,29.72250,30.69500,7344800
1662730200,31.00000,31.32250,30.86000,31.10250,6674400
1662989400,31.40000,31.67500,30.98500,31.18750,5406400
1663075800,30.50500,30.58250,29.86550,29.98000,7251200
1663162200,29.99500,30.75500,29.99500,30.56500,7906000
1663248600,30.51000,30.56000,29.07500,29.23500,8521200
1663335000,28.90250,28.98750,28.22000,28.93250,28912800
1663594200,28.51750,28.97875,28.43000,28.73500,8262000
1663680600,28.50500,28.62750,28.11750,28.51750,5068800
1663767000,29.26750,29.70250,28.44250,28.45500,7376400
1663853400,28.20750,28.42000,27.79750,28.13750,5921600
1663939800,27.77000,27.86750,27.10750,27.49250,9527600
1664199000,27.55500,27.91125,27.19250,27.27500,5262800
1664285400,27.89000,28.21500,27.32500,27.73000,4740800
1664371800,27.94250,29.32500,27.82750,29.17250,8472400
1664458200,28.97500,29.25625,28.15000,28.68750,8028000
1664544600,28.52750,29.08250,28.18500,28.22250,5876000
1664803800,28.71750,29.27125,28.39250,28.95750,5007200
1664890200,29.74750,30.23250,29.58750,30.20250,6338000
1664976600,29.70750,30.53000,29.59500,30.33750,4993200
1665063000,30.25000,30.82750,30.16250,30.47500,6798400
1665149400,29.92500,29.98250,28.92250,29.10250,6787600
1665408600,29.23250,29.23250,26.56500,27.37000,12425600
1665495000,27.12250,27.24250,26.54000,26.76250,7869600
1665581400,26.96500,27.09500,25.81125,25.91250,11608800
1665667800,24.77500,26.30000,24.55125,25.97750,15800400
1665754200,26.15000,26.32000,25.08250,25.09250,8473200
1666013400,25.84750,26.49250,25.68000,26.14000,8793600
1666099800,27.00000,27.20500,26.15000,26.57000,9424000
1666186200,26.26000,26.87250,26.01500,26.27750,9288800
1666272600,26.20750,27.23750,26.20750,26.41000,6243200
1666359000,26.41250,27.75000,26.34625,27.63000,8714400
1666618200,27.68750,28.03500,27.26125,27.68500,5509600
1666704600,26.75000,28.27500,26.62500,28.15750,12796400
1666791000,27.61750,27.97375,27.00750,27.24250,15498800
1666877400,30.30250,31.63250,29.55250,29.78250,21060000
1666963800,29.85750,30.43750,29.27875,30.36750,12880400
1667223000,30.11250,30.84250,29.97500,30.21500,13500400
1667309400,30.09500,32.01500,29.52750,31.92750,21069200
1667395800,31.96750,32.53125,31.18850,31.26000,13444800
1667482200,30.93250,31.49200,30.49125,30.56250,8249600
1667568600,32.91000,33.42500,32.22000,32.76750,15840000
1667831400,32.89750,32.99750,32.39500,32.64500,7578000
1667917800,32.68250,32.77250,32.05375,32.27750,12930800
1668004200,31.22250,31.33750,30.60750,30.73000,12337600
1668090600,32.55000,32.57250,31.41750,31.74500,14522800
1668177000,31.87000,32.44250,31.41750,32.13750,11499200
1668436200,32.12500,33.65250,32.08750,32.80000,13107600
1668522600,33.35000,33.55125,32.64000,33.16250,9685600
1668609000,32.82250,32.93000,32.14000,32.67250,5824000
1668695400,32.35250,33.39500,32.25000,33.01500,7471200
1668781800,33.54250,33.92500,33.27300,33.87000,7818400
1669041000,33.74000,34.23750,33.50000,33.65250,5042000
1669127400,33.25500,34.06375,33.01250,34.01000,6710000
1669213800,34.03500,34.34750,33.73125,34.29750,6086400
1669386600,34.30750,34.33750,33.90750,33.94000,2579600
1669645800,33.85000,33.98250,33.19500,33.42500,5498400
1669732200,33.51250,33.61750,33.10775,33.42750,4440400
1669818600,33.42750,34.83000,33.20750,34.82500,11393200
1669905000,35.01250,35.20250,34.42375,34.94500,6571600
1669991400,34.12500,34.32500,33.30500,33.76000,8066800
1670250600,33.29000,33.57250,33.01750,33.20750,5273200
1670337000,33.42250,33.44000,31.94625,32.26000,8334000
1670423400,32.10250,32.19000,31.18500,31.69000,11263600
1670509800,32.01500,32.17000,31.54000,32.03250,10896800
1670596200,32.13250,32.93250,31.95250,31.97500,7669200
1670855400,31.96750,32.74750,31.59750,32.74000,7929600
1670941800,34.17750,34.46250,33.00250,33.25500,10816000
1671028200,33.32000,33.82125,32.44750,32.74750,8597600
1671114600,32.29000,32.38250,31.18750,31.39500,10186400
1671201000,30.96000,31.13000,30.54000,30.91500,13683200
1671460200,31.06250,31.06250,30.36250,30.63750,6730400
1671546600,30.45250,30.73750,30.13750,30.44250,6849200
1671633000,30.62500,31.14500,30.54250,30.83250,4728400
1671719400,30.55500,30.55500,29.64750,30.09250,6910800
1671805800,30.02250,30.10000,29.57000,29.94250,3981600
1672151400,29.97250,29.97925,29.50500,29.71500,2807600
1672237800,29.63750,29.97250,29.46750,29.79250,4346000
1672324200,30.23750,30.59250,30.20250,30.47000,4895200
1672410600,30.15000,30.35500,29.88875,30.33750,3355600
1672756200,30.72750,30.94500,29.72500,30.22750,6774800
1672842600,30.15000,30.27500,28.28750,28.46000,18456400
1672929000,28.09250,28.09250,27.29250,27.37250,14831600
1673015400,27.55000,28.25000,27.22750,28.11250,9314000
1673274600,28.44250,29.33250,28.42500,28.71750,7245200
1673361000,28.65750,29.05250,28.48500,28.80750,5217200
1673447400,28.80000,29.09500,28.50250,29.08250,5926400
1673533800,29.18750,29.42250,28.63750,29.29500,6387200
1673620200,28.82000,29.22750,28.74500,28.75000,7999600
1673965800,28.73250,29.23500,28.62750,29.07500,10824800
1674052200,29.40500,29.59250,28.69750,28.75000,9951200
1674138600,28.63750,28.76750,27.75000,27.87750,6972000
1674225000,27.97250,28.83000,27.92000,28.78250,8554800
1674484200,28.90750,30.02500,28.87250,29.79000,7890400
1674570600,29.64750,30.49000,29.40250,30.44250,7675600
1674657000,29.83500,30.47500,29.41250,30.38500,8468800
1674743400,30.89500,31.25750,30.73000,30.99750,6474800
1674829800,30.91000,31.76750,30.87500,31.51500,8716000
1675089000,31.25250,31.39750,30.83000,30.96000,7096400
1675175400,30.92500,31.59500,30.85625,31.50500,6803200
1675261800,31.37250,32.75000,30.93500,32.63000,15002000
1675348200,32.88750,33.61250,32.62500,33.36000,18964800
1675434600,32.71750,33.44750,32.57375,32.99000,8339600
1675693800,32.68500,33.18500,32.27250,32.42250,8419200
1675780200,32.38000,33.93500,32.25250,33.72750,9198800
1675866600,33.83500,34.52500,33.63750,34.11500,11512000
1675953000,34.50000,34.70375,33.93500,34.13000,8660400
1676039400,33.86250,33.97750,33.07250,33.31750,7745200
1676298600,33.62500,34.22125,33.50000,34.00000,12510000
1676385000,33.63250,36.09250,32.52000,35.36500,29936000
1676471400,35.73500,36.29250,35.18750,35.38250,11473200
1676557800,35.08250,35.96500,34.82500,35.42000,9157200
1676644200,35.09250,35.25000,34.17275,34.55750,7675600
1676989800,34.23250,34.49750,33.61250,33.63250,5539600
1677076200,33.28000,34.00000,33.13000,33.80250,8826000
1677162600,34.46500,35.08750,33.54875,34.21000,6332400
1677249000,33.77750,34.00750,33.30000,33.88250,5308800
1677508200,34.44250,34.81000,34.27500,34.50000,6678000
1677594600,34.48750,34.96250,34.48750,34.67500,8226800
1677681000,34.70000,34.78750,34.33000,34.64000,7070800
1677767400,34.50000,34.50000,33.61650,34.14500,7820400
1677853800,34.47000,35.20750,34.40250,35.17000,7320000
1678113000,35.59000,36.18250,35.34000,35.64500,9174800
1678199400,36.00000,36.11500,35.37500,35.71750,5931200
1678285800,35.75000,37.22500,35.75000,37.10000,15441600
1678372200,37.19750,38.01750,36.94500,37.16250,16618800
1678458600,37.10500,37.68250,36.30250,36.61500,11646400
1678714200,36.29250,37.14750,35.61250,36.71750,9258800
1678800600,37.45750,38.31250,37.04000,38.28750,12854400
1678887000,37.77750,38.50500,37.65500,38.45000,12148400
1678973400,38.49875,41.06500,38.26250,40.67000,20572000
1679059800,40.63125,41.06000,40.02000,40.81500,18563600
1679319000,40.56500,41.31250,40.26250,41.05000,11242400
1679405400,41.48750,42.29250,41.13000,42.02000,14372800
1679491800,41.89000,42.53375,41.49750,41.51500,12150800
1679578200,42.08000,42.86000,41.82250,42.34750,11962400
1679664600,42.21500,42.48750,41.76250,42.23500,10000800
1679923800,42.34500,42.78250,41.89375,41.99000,7770800
1680010200,41.49750,41.59000,40.26000,40.75000,15169600
1680096600,41.21250,41.25750,40.33500,40.62500,14022400
1680183000,40.87500,40.97500,40.45250,40.62250,11673200
1680269400,40.63625,42.01500,40.18250,41.96500,12121600
1680528600,41.41250,42.08000,41.25750,41.93500,12870800
1680615000,41.93750,42.16500,41.39875,41.68500,6091600
1680701400,41.36250,41.43750,40.56000,40.71500,8589600
1680787800,39.67250,40.26125,39.28750,39.96250,10709200
1681133400,39.64750,40.85750,39.57500,40.78250,5932000
1681219800,40.50000,40.62500,39.79000,39.90250,7226800
1681306200,40.43000,40.74625,40.00750,40.35250,7584800
1681392600,40.66000,41.30750,40.44375,41.19750,6674800
1681479000,41.03000,41.71000,40.66000,40.90000,5595600
1681738200,41.13000,41.15500,40.56000,40.85500,4230000
1681824600,41.30500,41.43750,40.44000,40.67250,6544800
1681911000,40.28000,40.31125,39.06500,39.52250,11825600
1681997400,38.77000,39.35750,38.62750,38.84750,9182400
1682083800,38.85750,39.10250,38.43500,38.96750,6270800
1682343000,38.96750,39.21250,38.65750,39.14000,9402800
1682429400,39.14000,39.41000,38.25525,38.39500,11003200
1682515800,39.36500,39.89500,38.79500,38.99000,13028400
1682602200,39.25250,39.36375,38.08750,39.19000,9014400
1682688600,39.00000,40.07000,38.83250,40.04000,9546800
1682947800,40.13750,40.52250,39.85750,40.04000,17197200
1683034200,36.32750,36.50000,33.68250,33.74500,65663200
1683120600,33.77500,34.02750,33.06250,33.18250,20181600
1683207000,33.00500,34.20250,32.92000,33.83500,16893200
1683293400,33.84750,34.84500,33.61500,34.49500,12140000
1683552600,34.52500,34.99500,34.46750,34.51750,8765200
1683639000,34.22750,34.84000,34.18500,34.63000,8847600
1683725400,35.10250,35.47475,34.67000,35.31000,8802400
1683811800,35.35750,35.48500,34.60750,34.75250,7244800
1683898200,34.78500,35.11000,34.23250,34.65750,7116000
1684157400,34.62500,34.91500,34.46750,34.49500,6594800
1684243800,34.37500,34.60000,33.96750,34.03500,8424000
1684330200,34.14750,34.28250,33.65750,33.95750,9409600
1684416600,33.64000,35.45000,33.35500,35.36500,13197600
1684503000,35.70250,36.44250,35.50500,35.97750,13318800
1684762200,36.31000,36.91500,36.18000,36.34250,10478800
1684848600,35.99250,36.22250,35.10250,35.11750,10950800
1684935000,35.57500,35.72000,34.79500,35.30500,12674400
1685021400,38.30500,39.19000,37.65825,39.05000,32553600
1685107800,39.25250,42.67250,39.25000,42.58750,34800000
1685453400,42.75500,44.59000,42.52750,43.60500,25407600
1685539800,42.50250,42.65000,41.45750,41.58500,24697600
1685626200,41.45000,41.94250,41.18250,41.67000,14539200
1685712600,41.81250,42.49500,40.61000,40.62500,13508000
1685971800,40.74250,40.88250,40.00250,40.65750,8705200
1686058200,40.25000,40.35125,39.45750,39.92000,12061200
1686144600,39.91750,40.61500,38.86500,38.89750,13351600
1686231000,39.00000,40.77750,38.94000,40.58000,11422000
1686317400,41.03750,41.79500,40.33250,40.63000,11912800
1686576600,40.86250,42.50500,40.71000,42.50000,12934800
1686663000,42.78000,43.15875,41.40250,42.15000,13179200
1686749400,41.66000,42.29000,41.10250,42.27000,10488800
1686835800,40.28500,41.08000,39.59750,40.86750,25975200
1686922200,41.42250,41.55500,39.34250,39.44750,17998800
1687267800,39.32500,39.85500,38.43000,38.62500,17501200
1687354200,38.39750,38.56750,37.46750,37.87750,13289600
1687440600,37.74500,38.34750,37.43000,38.31000,13264000
1687527000,37.68750,37.73750,37.07975,37.20500,33677200
1687786200,37.40250,38.30750,37.27250,37.70500,10996400
1687872600,38.07500,39.32250,38.05000,39.03250,12628800
1687959000,38.73000,39.51250,38.49875,38.96500,9360800
1688045400,39.27750,39.99000,38.79875,39.82250,9024400
1688131800,40.34250,41.05000,39.95250,40.51500,12004800
1688391000,40.33500,40.46450,39.48500,39.97500,3686800
1688563800,39.55500,40.06000,39.41750,39.92000,6179200
1688650200,39.40750,39.91250,39.18125,39.72500,5550400
1688736600,39.66250,40.17250,39.35500,39.50000,7140400
1688995800,39.39750,39.90750,38.95000,39.88750,5835200
1689082200,40.12250,40.44000,39.60000,40.04250,6460000
1689168600,40.50000,41.15375,40.40000,41.01000,10754800
1689255000,41.30000,42.19500,41.22125,42.15250,11157600
1689341400,41.73000,42.37500,40.72625,41.39500,8140400
1689600600,41.38500,42.61500,41.38500,42.60500,7499600
1689687000,42.60500,43.71000,42.20625,43.37750,11921200
1689773400,43.61500,44.16500,43.42000,44.06500,9626400
1689859800,43.82500,44.21125,42.47250,42.85250,10467200
1689946200,43.33000,43.44500,42.85200,42.91000,6565200
1690205400,42.96500,43.08000,42.18750,42.93000,8346000
1690291800,43.32250,43.89000,43.13775,43.52250,10618000
1690378200,43.41000,43.41000,40.57875,41.11250,15090400
1690464600,41.07500,41.22000,39.89000,40.24750,15479600
1690551000,39.25000,39.29500,37.27500,37.77250,29140000
1690810200,38.25000,38.85500,37.68000,38.77250,28504000
1690896600,44.37500,47.66250,42.57500,46.40250,64125200
1690983000,45.77750,45.96000,44.20500,44.32000,17000400
1691069400,44.50000,45.23250,43.50000,44.44000,11149600
1691155800,44.72000,45.62750,44.25000,44.90000,10311600
1691415000,45.03250,45.27500,43.59750,44.81750,9074800
1691501400,44.75000,45.36500,44.34500,45.11250,8652000
1691587800,45.13000,45.58500,44.13500,44.36500,6640400
1691674200,44.73250,45.15750,43.85500,44.07500,5088000
1691760600,44.08500,44.35000,43.61250,43.73500,4929600
1692019800,43.57750,44.66500,43.50250,44.53000,6647200
1692106200,44.52250,45.47000,44.41000,44.91250,6409200
1692192600,45.40500,45.70250,45.03500,45.34250,17086400
1692279000,45.54500,46.20500,45.26750,45.69000,11352800
1692365400,44.84000,45.52500,44.30750,45.13500,9462000
1692624600,45.38250,46.66250,45.33250,46.16750,8606800
1692711000,46.15000,47.29500,45.84125,46.88000,14522000
1692797400,47.00500,47.73750,46.51325,47.45750,10072800
1692883800,48.05500,48.47750,44.78500,44.79750,13534400
1692970200,44.98500,45.81375,44.55500,45.22500,6566800
1693229400,45.25000,45.67000,44.32250,45.49000,4766400
1693315800,45.29000,46.77750,45.29000,46.36250,4915200
1693402200,46.25000,47.07500,46.18750,46.77500,4922000
1693488600,48.00000,49.19000,47.61000,48.80750,19036800
1693575000,49.44500,49.67500,48.66250,49.34000,8224000
1693920600,49.41750,49.55000,48.88975,49.36500,6325600
1694007000,49.13250,49.57000,48.79750,49.38500,4841600
1694093400,48.49750,49.21700,47.86250,48.88500,6701600
1694179800,48.57250,49.35750,48.37000,49.11750,5989200
1694439000,49.60000,49.65500,47.54750,48.29750,7478400
1694525400,47.66000,48.18750,47.24000,47.25750,6111200
1694611800,46.81500,48.09000,46.42575,47.02250,6460000
1694698200,47.67000,47.74750,46.76500,46.89000,6193200
1694784600,46.52500,46.60250,45.88750,46.18000,8418400
1695043800,45.75000,46.97500,45.60000,46.50500,5998400
1695130200,46.36000,46.38750,45.55500,46.20750,4142400
1695216600,46.36000,46.69000,45.67125,45.68750,5091600
1695303000,45.09250,45.18625,44.25500,44.46500,7297200
1695389400,44.65000,45.38000,44.59750,45.08500,5640400
1695648600,44.78250,45.95750,44.57450,45.29500,6032800
1695735000,44.85750,44.93375,44.27750,44.48000,5951600
1695821400,44.93250,45.75000,44.75250,45.40000,8677600
1695907800,45.37750,46.22875,45.11500,46.10750,6858400
1695994200,46.51000,47.13750,45.74000,45.98250,6912800
1696253400,46.13000,47.47500,46.00750,46.95250,6685600
1696339800,46.78500,47.07875,45.79000,46.22250,5250400
1696426200,46.22500,46.89000,45.91350,46.50750,7835200
1696512600,46.40250,47.23750,45.81500,47.00750,6706800
1696599000,47.10750,48.86600,46.40750,48.50500,8164800
1696858200,48.14000,49.21750,47.76525,49.10000,5825600
1696944600,49.10000,49.61500,48.60500,48.68250,6499600
1697031000,48.18750,48.61000,46.52250,47.96500,12098000
1697117400,48.33750,49.36875,47.89100,48.25250,7574000
1697203800,48.38250,48.50500,47.33500,47.46250,5094400
1697463000,47.71250,49.58000,47.71250,49.21000,8604400
1697549400,48.43750,49.56750,47.95000,48.85250,7319200
1697635800,48.66750,49.43250,48.19500,48.55000,7547600
1697722200,48.75000,49.32750,47.66750,47.87000,6584000
1697808600,48.16250,48.19125,46.03500,46.52750,6350400
1698067800,46.17750,47.16875,45.10500,46.63000,6722000
1698154200,47.29000,47.85750,46.97625,47.62250,6438800
1698240600,47.95500,48.10250,46.47000,46.52250,7516800
1698327000,45.00000,45.89250,42.06250,42.45500,21616400
1698413400,42.86750,44.25000,42.71750,44.04750,11157600
1698672600,44.11250,44.67500,43.64750,43.93000,14786800
1698759000,48.57500,50.36250,46.92000,50.09250,35794800
1698845400,50.73250,52.93750,50.00250,52.71000,24259600
1698931800,53.06500,53.56500,52.13250,52.92000,12801600
1699018200,53.10500,53.41500,52.39725,53.12250,8634400
1699281000,53.50000,54.07250,52.56000,53.20250,7943600
1699367400,53.16000,54.03750,53.04375,53.15000,7508000
1699453800,53.49500,53.74750,52.31750,52.40000,8654400
1699540200,52.40000,53.33375,51.39250,52.91000,8340400
1699626600,52.16000,52.24750,50.79750,51.71000,13687600
1699885800,51.83750,53.24500,51.70750,52.57000,7945600
1699972200,53.45000,54.22250,53.23750,53.80000,6964400
1700058600,54.25000,54.58950,53.27250,53.43500,7564400
1700145000,52.37250,53.71000,52.00000,53.32500,7980000
1700231400,53.39750,54.04250,53.20500,53.65750,4434400
1700490600,53.75000,54.11500,53.38000,53.83500,4397600
1700577000,53.19250,54.13250,53.03750,53.83000,5851200
1700663400,54.10000,55.35250,53.65250,54.42250,6957200
1700836200,54.22500,54.62250,54.00000,54.59750,3053200
1701095400,54.56750,55.31750,54.26250,54.66750,5656000
1701181800,54.52500,55.12000,54.14500,54.31250,6282000
1701268200,55.03250,55.88000,54.66625,54.82500,6760400
1701354600,54.66500,55.20500,54.25750,54.92750,8793200
1701441000,54.75250,54.75250,53.81500,54.16000,6580000
1701700200,53.29000,54.09750,52.67250,53.77500,6966400
1701786600,53.48250,54.02625,53.22250,53.92750,4046800
1701873000,54.35250,54.76500,53.28000,53.35000,8064400
1701959400,53.37500,53.93500,53.11750,53.82250,5946000
1702045800,54.10750,56.05750,54.10750,56.00750,8846800
1702305000,56.00000,56.88500,55.66650,56.64250,8054000
1702391400,56.58500,57.75950,56.34000,57.46500,7202400
1702477800,57.50000,57.98675,57.10500,57.38750,6439600
1702564200,57.63000,58.60000,56.80750,57.75750,9078800
1702650600,57.87500,59.30250,57.87500,58.90000,11476400
1702909800,59.13250,60.00250,58.74500,59.70250,7231600
1702996200,59.77750,59.84000,59.00000,59.17500,8747600
1703082600,58.92500,59.43000,58.00750,58.29000,6189600
1703169000,58.46750,59.16250,58.46750,58.83500,7652000
1703255400,59.57250,59.99000,59.04500,59.56500,4086400
1703601000,59.75000,60.16875,58.75250,59.38250,5167200
1703687400,59.61500,59.75000,59.15750,59.43250,2425200
1703773800,59.39000,59.46250,59.08750,59.24250,2869600
1703860200,59.38250,59.47500,58.73000,58.87750,3604800
1704205800,58.50000,58.56250,57.07250,57.89000,5636800
1704292200,57.36000,58.22550,57.05500,57.35000,4807200
1704378600,57.31250,58.07625,56.65000,57.64000,5306400
1704465000,57.89500,58.00750,57.43750,57.73000,4916000
1704724200,58.75000,61.47250,58.75000,61.46250,8921600
1704810600,61.25000,61.88500,60.39225,61.30000,5413200
1704897000,61.87500,62.81250,61.51975,62.30750,6708800
1704983400,62.48750,63.03750,61.91925,62.93500,5027200
1705069800,63.00000,63.68250,62.81000,63.00750,4929200
1705415400,63.11000,64.30250,62.83750,63.31500,7755600
1705501800,62.72500,62.72500,61.30500,62.24750,5674000
1705588200,63.74750,64.65500,63.04400,64.39000,7445600
1705674600,65.15250,66.25000,64.99875,65.87750,7606800
1705933800,66.91750,67.65750,66.25000,66.65000,5882400
1706020200,66.42750,66.50000,65.17000,65.51000,7108000
1706106600,65.83750,66.53250,65.36550,65.61750,9588800
1706193000,66.43750,67.50500,65.75000,66.10500,6463200
1706279400,65.48500,66.65750,65.44875,66.10000,5436400
1706538600,66.27750,67.44500,66.27750,67.39500,7680400
1706625000,67.57500,68.22500,67.40000,67.99000,6818000
1706711400,66.13250,66.87250,64.32750,64.67000,12233600
1706797800,65.50000,65.93250,65.16000,65.74500,8947600
1706884200,68.66000,69.24750,67.28000,68.27500,13006800
1707143400,68.75000,69.10000,67.25750,68.24250,7920000
1707229800,68.24500,68.31750,65.53250,66.22250,10025600
1707316200,66.52000,67.53875,66.18950,66.76250,9433600
1707402600,67.50000,69.72000,67.25000,68.97250,9785200
1707489000,70.50000,71.20500,69.64750,70.61250,12730400
1707748200,73.16500,73.16500,70.04500,70.22000,37805600
1707834600,64.47250,67.68500,63.98500,66.37750,28086400
1707921000,67.50000,67.85000,65.95250,66.41750,13368400
1708007400,66.55500,66.93250,65.08250,66.62500,10257600
1708093800,66.33250,67.09750,65.41500,65.43750,9732800
1708439400,64.51750,65.10250,63.59775,64.90250,10870000
1708525800,64.22750,64.70000,63.27000,63.62250,10290000
1708612200,65.34000,67.54500,65.34000,67.19000,14540400
1708698600,67.38250,68.43600,66.00000,66.91500,7154400
1708957800,67.50000,69.30375,67.15000,68.43500,9346000
1709044200,68.52000,69.07500,67.80000,67.97750,5404400
1709130600,67.65000,68.88500,67.53500,68.29250,4759600
1709217000,68.75000,69.54250,68.56500,69.38500,9420800
1709303400,70.40000,72.10000,70.25000,71.93500,10619600
1709562600,72.00000,72.82250,71.62400,71.98500,8012800
1709649000,71.00750,71.02000,68.77500,70.11750,9510000
1709735400,71.07750,71.69500,70.12500,71.12500,7885200
1709821800,71.50000,72.21500,70.55000,71.62000,9354800
1709908200,71.62000,71.82750,68.06750,68.27750,12940000
1710163800,67.33000,67.94500,65.90000,67.75500,8112400
1710250200,68.25000,70.48750,67.67300,70.46500,9380800
1710336600,69.99250,70.56250,69.20750,70.17750,12094800
1710423000,70.40250,71.43750,70.04250,71.00500,12551600
1710509400,69.79500,70.45250,69.02000,69.43250,15279600
1710768600,70.60250,72.42500,70.26125,72.33000,15491600
1710855000,71.00000,72.06000,68.15250,71.73000,21082800
1710941400,72.25750,74.19000,71.43750,74.14500,13208000
1711027800,74.75000,76.40750,73.75250,76.15000,11697200
1711114200,75.75000,76.93500,75.50000,76.60500,9522000
1711373400,75.61750,76.84250,75.11500,76.37500,8049200
1711459800,75.12000,76.37500,74.29750,74.45750,9850400
1711546200,74.06000,74.33750,71.01750,72.10250,12813200
1711632600,71.94750,73.23500,71.50250,72.49500,7357200
1711978200,73.07000,74.94750,72.83250,74.93750,6356800
1712064600,72.92500,73.43500,71.12250,72.71250,8902400
1712151000,72.78000,75.37250,72.50000,74.69750,7161600
1712237400,75.24000,75.87500,72.14250,72.19250,7510000
1712323800,72.75500,74.56250,72.50000,74.40000,5810400
1712583000,74.25250,74.79375,73.33000,74.34500,5347200
1712669400,74.99750,74.99750,71.63250,73.68750,5243600
1712755800,72.50000,73.64500,71.82125,72.05500,7642400
1712842200,72.65750,74.41750,72.33250,74.14500,6054400
1712928600,70.06750,70.67500,67.08250,67.80500,23002000
1713187800,68.82500,69.21750,65.47500,65.80000,16291600
1713274200,66.00000,66.80000,65.50000,65.69000,8905600
1713360600,65.71750,66.16000,64.25500,64.81750,10104000
1713447000,64.41250,65.01500,63.13250,64.29750,7808400
1713533400,64.06500,64.19250,61.39750,61.52250,11828800
1713792600,61.63500,62.11000,60.08000,61.36750,13648800
1713879000,61.59250,62.92750,61.02250,62.79500,9192000
1713965400,64.19750,65.22500,62.64500,63.69250,10381600
1714051800,64.16000,67.17750,62.85500,66.19000,14204800
1714138200,66.69000,67.56250,66.07500,66.17500,10087600
1714397400,66.93250,67.85500,65.25500,65.91750,5746400
1714483800,65.49000,66.41250,64.09000,64.14000,8160400
1714570200,63.63500,65.34250,63.06500,63.80250,9037200
1714656600,64.56750,65.51500,63.42575,65.46500,5591600
1714743000,67.97500,69.58750,67.92525,68.60000,11534800
1715002200,68.34750,69.94000,68.27500,69.70500,8221600
1715088600,69.02750,69.46750,67.96750,68.49750,16250800
1715175000,70.78750,74.25000,69.08250,72.91750,30594400
1715261400,73.01750,74.11500,72.34750,74.01750,10370400
1715347800,74.88250,79.05500,74.75000,78.50750,22072400
1715607000,78.01750,78.64500,76.63000,77.46750,11009200
1715693400,77.27250,78.49750,76.75000,78.41500,7515600
1715779800,78.75000,81.57000,78.67250,81.50750,10414800
1715866200,81.75000,82.25875,80.00750,80.02250,7828400
1715952600,81.04250,81.51375,79.45750,79.97250,7009200
1716211800,80.12000,81.00250,79.75500,79.84750,5550800
1716298200,78.84500,79.60500,77.91750,79.24750,7182000
1716384600,80.01250,80.31000,79.10000,79.12500,6666000
1716471000,76.34000,76.51750,72.35250,75.35500,26610800
1716557400,76.10750,77.18750,75.35125,76.63750,8544800
1716903000,78.00000,78.20700,76.40250,76.87250,7166000
1716989400,76.62500,77.57250,76.33125,77.07750,9458000
1717075800,76.75000,77.24750,75.11625,75.91500,6476000
1717162200,75.77250,76.02750,72.99500,74.41250,13950000
1717421400,75.10000,75.31000,72.57750,74.09750,8906400
1717507800,73.63750,74.75000,72.79000,73.29500,6860400
1717594200,74.66750,75.47500,73.99000,74.39000,6903600
1717680600,73.75000,74.51625,73.38000,74.14250,6394800
1717767000,74.20000,75.34775,73.79250,74.19750,5877600
1718026200,73.65000,74.66975,72.80500,74.39500,7364000
1718112600,74.58250,76.28500,73.80250,76.19250,7977600
1718199000,76.79250,78.10250,75.66000,77.83250,8806800
1718285400,80.00000,82.93750,79.79500,82.91750,15586400
1718371800,82.75000,82.86000,81.32750,82.12500,8592000
1718631000,83.17000,85.46850,81.51500,85.02000,13177200
1718717400,85.00000,86.03250,84.43000,85.08500,11568000
1718890200,85.99500,86.47250,84.20750,85.04750,13982400
1718976600,84.62000,84.63750,81.75000,84.34000,16381600
1719235800,83.66250,83.91250,81.75750,82.30250,9646400
1719322200,82.83500,83.92250,82.25250,83.63250,7610800
1719408600,83.63250,84.32250,83.00500,83.67500,6970400
1719495000,84.50000,87.74500,84.49750,86.98250,9985600
1719581400,87.00000,88.80500,87.00000,87.62000,11519200
1719840600,88.67750,89.39250,86.18750,89.17500,6548400
1719927000,89.33750,90.82000,88.73125,89.25250,6315200
1720013400,89.50000,91.35500,89.12250,91.35500,4840800
1720186200,91.62000,91.81250,90.27250,91.53500,5431600
1720445400,91.53750,93.49500,91.51750,92.76750,6250400
1720531800,92.98250,94.12500,91.41000,91.43750,8006400
1720618200,91.74000,92.04500,88.96750,90.93750,9182000
1720704600,91.02250,91.25000,88.84000,89.89750,7805600
1720791000,89.53250,91.60000,89.32250,90.47500,5007600
1721050200,91.26750,91.77500,89.72250,90.10500,4856800
1721136600,90.45250,90.91700,89.07000,89.55750,6463200
1721223000,87.67750,88.12500,83.98000,84.17000,12541600
1721309400,84.66500,84.99000,81.67250,83.15750,9872800
1721395800,83.16000,84.06875,82.50750,82.64000,5417600
1721655000,83.91500,85.87500,83.60000,85.56000,8183200
1721741400,85.55750,87.22000,85.05000,86.66250,4880000
1721827800,85.21250,86.15000,81.02625,81.46750,10583200
1721914200,81.75000,81.75250,77.22500,78.53000,17858400
1722000600,79.61000,80.70500,79.29500,79.80250,9407600
1722259800,80.27500,82.00250,79.99250,80.13750,11292800
1722346200,80.41250,81.17000,76.78000,77.85500,17064800
1722432600,84.50000,87.42500,82.75000,86.63750,22240000
1722519000,87.62500,91.03750,83.03500,84.66000,17044400
1722605400,80.00000,81.25000,77.85000,79.83500,10799600
1722864600,75.00000,79.41500,72.98850,78.73250,10569200
1722951000,80.03750,82.29750,78.26750,80.88500,6599600
1723037400,82.84250,84.01750,78.92750,79.33250,8118000
1723123800,81.09750,83.67500,79.99100,83.62500,5698800
1723210200,83.00000,85.12250,83.00000,83.95250,6379200
1723469400,84.25000,85.78000,83.84500,84.58250,3670400
1723555800,84.85500,86.66000,84.85500,86.54750,5592800
1723642200,87.15000,88.47250,86.30250,87.16250,6732400
1723728600,88.75000,89.67000,88.33775,89.15000,5163600
1723815000,88.71250,89.25000,88.05000,88.47250,5050400
1724074200,88.00000,88.29250,85.69000,88.01500,5576000
1724160600,88.40000,89.50000,88.02750,88.44750,4335200
1724247000,87.90750,89.26250,87.76750,88.97250,4780400
1724333400,88.99750,89.60000,87.86750,88.04250,4440800
1724419800,88.75000,89.56000,87.57150,88.78250,3903600
1724679000,89.32500,89.50000,85.55250,86.17250,5517200
1724765400,85.33750,87.02000,84.45025,86.40500,4694000
1724851800,86.35500,87.00000,84.17000,85.29000,4414000
1724938200,85.15500,88.46750,85.09000,86.64750,6899600
1725024600,87.75000,88.41750,86.25000,88.34500,6195200
1725370200,87.77250,88.25000,81.15000,81.68000,10127600
1725456600,81.00000,82.62250,80.39725,81.51250,5460000
1725543000,80.33000,82.53750,80.02500,82.11000,6453200
1725629400,80.76250,82.02750,78.25500,78.57750,8753200
1725888600,79.98000,81.44500,79.74500,81.19250,5156800
1725975000,81.25000,82.29250,80.56750,81.68750,4598400
1726061400,81.87250,86.00500,81.04625,85.73250,9778000
1726147800,85.70000,89.44000,84.93750,88.84000,7056800
1726234200,89.98750,91.00725,89.26250,89.94000,5909600
1726493400,88.78250,90.03000,87.86750,89.79000,3432800
1726579800,91.25000,92.03500,90.12500,90.23750,4205600
1726666200,90.51500,92.04000,89.36250,90.42750,4146800
1726752600,93.19500,95.13500,92.85500,94.83000,7828400
1726839000,94.37000,96.37500,94.26700,96.11500,10938000
1727098200,96.95250,97.50000,95.64500,96.39250,5226800
1727184600,97.07250,97.07250,94.85000,96.26750,6010800
1727271000,96.18250,97.45250,95.99250,97.05250,4564400
1727357400,98.42500,98.95500,95.53500,96.57500,5248800
1727443800,96.37250,96.56125,94.08750,95.06500,7616000
1727703000,94.50500,96.09375,94.12500,95.95500,4460800
1727789400,97.09250,97.70750,94.61500,95.46250,4213200
1727875800,95.36250,97.60500,94.82875,97.40500,4405600
1727962200,97.18750,98.95500,96.89750,97.52750,4528800
1728048600,99.00000,99.20000,97.08250,98.99250,4253600
1728307800,98.50000,99.87000,97.55750,98.13500,4865200
1728394200,99.56500,100.50000,98.62500,100.05500,6247600
1728480600,99.67500,102.29875,99.03000,101.73250,7662800
1728567000,100.89000,102.67750,100.64750,102.44000,5674800
1728653400,102.60000,104.42750,102.48750,104.23250,6737200
1728912600,104.79250,105.68250,103.33500,103.36750,4991600
1728999000,103.50000,103.65000,95.57750,98.07750,16107600
1729085400,98.79500,101.58750,98.70500,101.52000,6859200
1729171800,103.00000,104.00000,101.83000,101.84750,5274800
1729258200,102.09000,102.09000,99.89250,100.50000,6157600
1729517400,100.81000,102.06750,100.38000,101.50250,6289600
1729603800,99.50250,100.57300,98.28000,99.14000,9460000
1729690200,98.83500,100.34750,97.87500,98.51000,4680400
1729776600,99.12750,99.59500,98.57500,98.92500,4452800
1729863000,99.97500,100.19250,98.35025,98.52250,4672400
1730122200,99.96500,100.12500,97.69500,98.09500,4125600
1730208600,98.32000,101.06750,98.25625,100.39250,4650400
1730295000,100.11000,100.31750,98.47750,99.00000,4227200
1730381400,97.61750,97.71750,95.47000,96.61000,9374000
1730467800,96.83250,99.22500,96.17000,98.54250,5255600
1730730600,99.51000,100.14750,98.28500,98.72000,4616400
1730817000,99.39000,101.34000,99.23500,101.28000,4590400
1730903400,104.99500,106.00250,103.29250,105.78000,7345600
1730989800,106.75500,107.99250,106.15750,107.75500,13025200
1731076200,101.61500,104.48250,99.37500,100.11250,25313600
1731335400,101.33000,102.07000,97.55500,99.32750,11624800
1731421800,99.77500,100.48750,98.43000,98.88750,12885600
1731508200,99.31000,100.94250,98.04250,98.79000,12063600
1731594600,98.25000,98.83750,96.12250,96.48750,11496800
1731681000,95.97250,95.97250,93.06000,93.59750,12047200
1731940200,94.97500,94.97500,92.31500,92.61750,10448400
1732026600,92.67500,95.06425,92.10000,94.42500,12958800
1732113000,95.00000,95.66000,93.75000,95.42750,7866400
1732199400,98.00000,101.33500,97.75750,101.24250,13185600
1732285800,101.25000,101.95000,99.93125,101.62000,7649600
1732545000,102.54500,103.18750,98.88000,99.93000,9612000
1732631400,100.87000,103.47500,100.62000,102.08250,8479200
1732717800,101.62750,101.73250,98.54500,100.57250,6823600
1732890600,101.74750,102.24500,100.95250,101.45500,5131600
1733149800,101.45750,104.18500,101.45500,102.52500,5328000
1733236200,101.98500,104.05000,101.60000,103.61500,7181200
1733322600,106.01000,108.96600,104.01000,105.43000,5845900
1733409000,103.41000,108.14000,102.44000,106.83000,6967000
1733495400,106.83000,110.74000,105.10000,108.25000,10017900
1733754600,108.50000,109.00000,103.66000,105.92000,6800700
1733841000,105.92000,107.74000,104.19000,104.78000,4595200
1733927400,105.43000,108.20000,104.73600,107.23000,4790500
1734013800,106.20000,108.15000,105.48000,106.88000,4411800
1734100200,111.37000,112.77000,109.88000,112.37000,9338600
1734359400,113.38000,116.94000,113.19000,116.53000,10455700
1734445800,114.99000,115.43000,112.02000,112.95000,7868400
1734532200,113.28000,114.40000,107.68000,108.07000,6427300
1734618600,110.31000,112.12000,108.13000,109.07000,6365100
1734705000,107.82000,114.40000,107.00000,112.81000,10434400
1734964200,112.81000,113.69000,111.51000,113.09000,3854300
1735050600,113.00000,114.77000,112.85000,114.65000,2044600
1735223400,114.00000,115.07000,113.66000,114.86000,3082200
1735309800,113.67000,114.10000,111.65000,113.03000,3178100
1735569000,110.69000,112.11000,109.57000,111.45000,3527800
1735655400,111.45000,111.84000,109.88000,110.53000,3422200
1735828200,111.32000,114.15000,109.80000,111.79000,4687300
1735914600,112.48000,115.48000,112.20000,115.20000,5051100
1736173800,117.70000,119.53000,117.17000,118.98000,10098200
1736260200,119.69000,120.28000,114.62000,115.29000,6768700
1736346600,115.15000,116.27000,113.45000,115.51000,5374300
1736519400,115.25000,116.08000,112.65000,114.34000,5374900
1736778600,110.11000,113.06000,109.09200,112.64000,5380300
1736865000,114.61000,115.20000,112.78000,114.91000,6419500
1736951400,116.47000,117.25000,115.07000,116.10000,7187900
1737037800,117.32000,119.89000,116.38000,118.13000,6224700
1737124200,119.90000,120.98000,118.69000,119.95000,5812900
1737469800,121.56000,121.92000,119.50000,121.50000,6366600
1737556200,126.18000,131.17900,125.20000,129.82001,9751400
1737642600,128.34000,129.25999,126.72000,129.12000,5866800
1737729000,133.31000,133.57500,128.39999,129.17000,7969100
1737988200,109.62000,112.27000,97.68000,100.30000,33282600
1738074600,105.02000,106.70000,99.68000,106.54000,20683600
1738161000,107.38000,110.45000,106.62000,107.84000,13131700
1738247400,114.77000,116.99000,112.35000,113.86000,12583800
1738333800,115.40000,118.34000,113.31100,115.23000,10350700
1738593000,109.67000,113.70000,108.80000,111.50000,10210900
1738679400,113.00000,113.10000,109.04000,112.32000,6112800
1738765800,114.72500,115.89000,112.93000,115.49000,6427400
1738852200,116.88000,117.22000,113.97000,115.27000,5434100
1738938600,116.85000,120.32000,116.51000,118.47000,8744100
1739197800,120.00000,121.01000,118.67300,120.23000,5122500
1739284200,117.90000,119.29000,115.67000,116.84000,5748800
1739370600,111.84000,114.04000,108.90000,109.64000,13595100
1739457000,109.72000,111.47000,108.65000,109.75000,9614200
1739543400,109.05000,109.05000,106.32000,106.87000,12230800
1739889000,109.10000,112.12000,108.25000,111.06000,20867700
1739975400,104.50000,105.87000,101.62000,103.92000,24011900
1740061800,104.70000,104.91000,99.82000,103.40000,11659600
1740148200,104.18000,104.60000,98.17000,98.30000,13999600
1740407400,94.05000,98.10700,91.65000,92.69000,23489800
1740493800,90.06000,93.60000,89.35000,92.88000,17287300
1740580200,95.75500,97.74000,94.53000,96.38000,11252900
1740666600,97.93000,98.09000,91.39000,91.57000,11570000
1740753000,90.97000,93.18000,90.35000,93.05000,12439400
1741012200,93.07000,93.07000,84.85000,86.01000,14681200
1741098600,82.72000,86.95000,81.45000,85.52000,17937700
1741185000,87.19000,88.39000,85.37000,87.82000,10270900
1741271400,83.64000,86.53000,83.30000,84.34000,9461900
1741357800,85.81000,86.43000,80.21000,83.36000,12894400
1741613400,80.00000,80.58000,76.00000,77.56000,15811700
1741699800,77.81000,81.14000,76.71000,79.13000,11291100
1741786200,82.44000,83.00000,79.34000,80.25000,11498000
1741872600,79.65000,80.76000,78.47000,80.14000,6973800
1741959000,82.00000,84.25000,81.80000,83.51000,8580100
1742218200,83.88000,85.74000,83.77000,85.09000,6639600
1742304600,83.51000,84.84000,83.23000,83.99000,9528700
1742391000,84.43000,85.00000,82.35000,84.42000,10323000
1742477400,83.14000,84.58000,82.81000,82.97000,7534400
1742563800,81.64000,83.84000,80.75000,83.13000,10786500
1742823000,85.67000,87.64000,85.31000,87.51000,10403100
1742909400,87.51000,88.36900,86.66000,86.94000,7780200
1742995800,85.74000,86.03500,80.01000,81.66000,14156000
1743082200,80.25000,81.05000,78.00000,78.96000,12678600
1743168600,79.44000,80.23000,77.07000,77.94000,9783800
1743427800,75.22000,77.68000,74.53000,77.48000,10768100
1743514200,77.15000,78.55000,75.90700,78.49000,6956400
1743600600,75.72500,81.21000,75.50000,80.16000,7163700
1743687000,73.22000,75.55000,71.14000,71.27000,19579700
1743773400,67.52000,68.80000,62.42000,64.37000,21792400
1744032600,59.80000,70.69000,59.43000,68.17000,20012600
1744119000,72.64000,74.46000,67.78500,69.50000,21129700
1744205400,68.91000,77.65000,68.59000,76.00000,22451400
1744291800,74.00000,74.50000,69.89000,72.65000,12227000
1744378200,72.99000,73.80000,70.62000,72.67000,11227300
1744637400,76.50000,76.78000,73.18000,73.59000,10648400
1744723800,73.17000,74.01000,72.41000,73.20000,9119500
1744810200,69.12500,73.13400,69.12500,71.87000,8003100
1744896600,72.51000,72.51000,70.41000,71.20000,8567100
1745242200,68.68000,69.30000,66.59000,67.67000,9472800
1745328600,67.67000,69.26000,67.16000,68.67000,8795200
1745415000,73.21000,73.64000,70.36000,70.76000,11589100
1745501400,71.56000,75.98000,71.56000,75.29000,11772000
1745587800,76.41000,79.00000,76.01000,77.91000,12462700
1745847000,76.95000,79.25000,76.88000,78.31000,7531800
1745933400,79.40500,81.11000,78.85000,80.73000,11766700
1746019800,78.07000,82.55500,77.72000,82.27000,12433000
1746106200,87.77000,89.34000,86.37000,87.84000,16458000
1746192600,89.10000,92.02000,89.09000,91.02000,11102200
1746451800,89.70000,91.57000,89.44000,90.38000,7358600
1746538200,87.42000,92.12000,87.04000,90.77000,14475300
1746624600,85.88000,87.38000,82.80000,86.45000,17846700
1746711000,87.52000,88.69000,86.62000,87.27000,9722100
1746797400,88.10000,88.49000,85.37000,86.52000,8270900
1747056600,92.71000,92.87000,90.36000,92.32000,9793600
1747143000,92.53000,97.85000,92.26000,97.25000,12100800
1747229400,99.15000,99.47000,96.42100,98.22000,11725400
1747315800,95.34000,96.42000,94.54000,96.07000,8292100
1747402200,96.62000,96.78000,95.36000,96.42000,5900000
1747661400,94.43000,96.90000,93.61400,96.70000,6161700
1747747800,95.58000,95.97000,94.68000,95.67000,5882800
1747834200,92.77000,95.41000,92.19500,92.43000,8339500
1747920600,92.43000,93.44000,91.40000,92.56000,5523400
1748007000,90.00000,91.63000,89.54000,91.20000,7452500
1748352600,92.90000,93.11200,91.89000,92.49000,7884100
1748439000,93.09000,93.54500,92.32500,92.79000,5570900
1748525400,90.70000,90.70000,86.26000,86.37000,17909400
1748611800,85.94000,86.70000,83.85800,86.64000,16492800
1748871000,86.31000,89.82000,86.27500,89.78000,9415000
1748957400,90.46000,94.91000,90.02000,94.50000,12112700
1749043800,94.77000,96.36000,94.67000,94.94000,9528000
1749130200,95.65000,96.55500,94.29000,95.18000,7932600
1749216600,96.11000,97.63000,95.26000,97.25000,6622800
1749475800,97.98000,98.82500,96.77000,96.80000,8000700
1749562200,97.00000,97.47100,92.25000,93.70000,8785700
1749648600,92.72500,94.38000,91.25000,94.21000,9307500
1749735000,94.30000,97.43000,94.22000,95.77000,8765700
1749821400,94.50000,94.94000,92.12000,92.35000,6217300
1750080600,92.70000,95.34000,92.52500,95.09000,7734700
1750167000,94.30000,94.69800,89.54000,89.68000,11797600
1750253400,89.88000,91.47400,89.00000,90.24000,9164100
1750426200,90.84000,91.23000,85.77500,86.25000,18552800
1750685400,86.44000,92.38000,85.58000,91.95000,16234000
1750771800,94.65000,95.12000,92.70000,94.97000,11279800
1750858200,95.64000,96.66000,94.50000,96.31000,7883500
1750944600,97.33000,102.12000,97.33000,101.59000,15262400
1751031000,101.65000,102.25000,98.88000,99.39000,10396100
1751290200,102.00000,103.13200,101.00000,102.31000,12519500
1751376600,102.31000,102.72000,97.35000,98.91000,8685500
1751463000,98.12000,101.21000,97.14000,101.13000,8326300
1751549400,101.33000,103.50000,101.30000,102.52000,5296700
1751895000,101.80000,102.21000,100.33000,101.47000,6245100
1751981400,103.04000,103.67000,100.94500,103.39000,7297000
1752067800,103.85000,107.32000,103.63700,106.28000,14511700
1752154200,106.10000,106.55000,102.67800,106.29000,9371000
1752240600,106.23000,109.45000,105.68000,108.57000,12954500
1752499800,108.22500,109.89000,106.25000,108.37000,8871000
1752586200,108.50000,109.20000,106.35000,107.37000,7456400
1752672600,107.35000,108.57000,104.68100,108.30000,6384000
1752759000,108.22000,112.55000,108.22000,111.98000,8587100
1752845400,112.61000,112.69000,110.88000,111.78000,6007600
1753104600,111.75000,113.04000,110.62000,111.61000,6686800
1753191000,111.61000,111.61000,106.98700,109.78000,7779700
1753277400,111.13000,113.39000,111.00000,113.04000,7428900
1753363800,114.00000,114.60000,112.80000,114.04000,5370200
1753450200,113.75000,115.10000,113.55400,114.28000,4868100
1753709400,115.00000,117.87000,114.83000,117.55000,9431500
1753795800,118.00000,119.86000,117.31000,118.62000,9916700
1753882200,119.62500,123.10000,119.60000,122.09000,9861700
1753968600,124.54000,125.81000,121.34600,123.22000,16040900
1754055000,117.83000,118.77500,115.41000,117.57000,11560600
1754314200,117.57000,120.69000,117.55000,120.35000,9524100
1754400600,121.50000,121.50000,116.66000,118.12000,14691100
1754487000,133.78999,139.53000,133.56500,138.78000,25997100
1754573400,139.08000,141.00999,135.53999,139.28000,11165800
1754659800,139.60001,140.55000,136.92999,139.17999,9767700
1754919000,137.75000,141.74500,137.01401,137.64999,7837900
1755005400,138.54500,141.45000,138.20000,141.25000,7457400
1755091800,141.27000,141.99001,136.00999,138.00999,9178100
1755178200,136.63000,137.67000,132.45000,136.48000,7285500
1755264600,136.34000,138.54500,134.83000,137.30000,6056300
1755523800,136.42000,138.16499,134.75999,138.03999,5098200
1755610200,137.00000,137.62000,131.91000,132.78000,9630300
1755696600,131.30000,132.11900,127.58000,131.47000,9449800
1755783000,130.67000,132.16000,129.33000,132.03000,5873700
1755869400,130.70000,135.00000,129.36000,133.25000,7362100
1756128600,133.58000,133.77000,130.33000,133.03999,5341200
1756215000,132.78999,134.94000,132.21001,134.27000,7242100
1756301400,134.24001,134.96001,132.68800,133.27000,6271600
1756387800,131.50000,136.83501,130.35001,136.23000,8372500
1756474200,135.50999,137.67101,134.48000,136.55000,7959600
1756819800,132.41000,136.60500,131.00000,135.87000,7415200
1756906200,135.67999,137.91000,134.85699,137.38000,6840100
1756992600,138.92999,142.50000,138.73000,141.17000,8365000
1757079000,144.13000,145.46001,140.25000,142.85001,9567500
1757338200,143.80000,144.10001,139.84000,140.00999,7925500
1757424600,140.97000,142.88100,139.50999,141.91000,6158500
1757511000,145.56000,151.71001,144.89999,150.72000,19772500
1757597400,151.99001,156.32001,150.36000,153.03999,13666200
1757683800,149.17999,149.47000,139.02000,139.39000,17920400
1757943000,139.60001,146.89999,139.17000,145.42999,12140800
1758029400,145.25999,147.37000,141.00000,142.16000,9382400
1758115800,142.63499,143.42500,138.50000,142.84000,8295400
1758202200,144.00000,146.72000,143.42500,146.66000,6939000
1758288600,148.89999,150.25000,146.67000,149.61000,17810900
1758547800,148.78000,149.71001,145.05499,145.39999,8675200
1758634200,144.86000,147.46001,143.02000,144.09000,8215500
1758720600,144.67999,144.67999,141.28999,142.64000,7035700
1758807000,141.69000,143.24001,139.23000,143.06000,6325300
1758893400,144.09000,144.39999,140.75999,142.50000,4867700
1759152600,144.92000,147.80000,142.62000,143.37000,6183600
1759239000,143.42999,145.84000,143.16000,145.71001,5828900
1759325400,144.64999,149.95000,143.02000,149.27000,7820700
1759411800,150.00000,150.53999,141.25000,144.46001,9473800
1759498200,146.00999,149.09000,144.10001,145.50000,7178600
1759757400,151.60001,153.73000,149.50000,149.50000,7277600
1759843800,150.48000,151.55000,143.28000,145.28999,7348700
1759930200,147.99001,158.50999,147.40500,157.36000,11283400
1760016600,157.00000,159.80000,154.60100,158.23000,8459900
1760103000,159.86000,162.67999,153.74001,154.10001,10459300
1760362200,160.75999,162.00000,145.09000,147.45000,14233900
1760448600,142.98500,143.02000,136.78999,138.78999,13672400
1760535000,140.42000,145.39000,140.11000,143.38000,8687000
1760621400,144.89999,147.64999,143.86000,146.00999,6909500
1760707800,143.00999,144.50000,139.24001,143.10001,6533900
1760967000,146.32500,149.88000,146.19000,146.48000,6120700
1761053400,145.45000,147.61000,144.14000,145.94000,3648900
1761139800,145.86501,147.49001,141.67999,146.59000,7349200
1761226200,146.78000,153.95000,146.64000,152.75999,7327400
1761312600,155.00000,155.83000,152.29700,153.82001,5170800
1761571800,157.41000,157.70000,155.00999,156.81000,5509100
1761658200,156.62000,158.66000,152.33000,156.77000,5037400
1761744600,157.21001,162.39999,156.78000,162.03000,6901400
1761831000,162.47000,164.94000,158.39999,158.44000,6911300
1761917400,161.09000,162.11501,155.74001,157.69000,6209300
1762180200,160.50000,160.89999,155.42000,157.59000,6422600
1762266600,152.86000,157.02499,150.99001,153.55000,9026400
1762353000,142.67000,148.00000,140.02000,140.42000,15901000
1762439400,140.64999,141.99001,132.59000,134.02000,13296100
1762525800,134.41000,136.61000,132.45000,134.64999,11341600
1762785000,137.50000,138.98000,134.58701,137.25999,6974300
1762871400,134.87000,136.37500,132.41000,134.92999,7189300
1762957800,136.22000,136.59801,133.77800,134.98000,6471400
1763044200,134.42999,135.58000,129.17000,130.30000,10471400
1763130600,127.06000,135.37000,125.36000,131.37000,10672500
1763389800,131.35001,133.32001,125.40000,127.26000,12455900
1763476200,125.75000,127.55000,122.08000,123.45000,12561100
1763562600,123.05000,126.57000,122.90000,124.81000,7703500
1763649000,129.89000,131.78999,118.90000,119.59000,12642000
1763735400,118.42000,120.00500,114.52000,117.43000,16704100
1763994600,118.91500,122.42000,118.20000,122.17000,12758600
1764081000,122.40000,125.91000,122.32000,125.04000,7143400
1764167400,127.47500,128.47501,125.24600,127.65000,5995000
1764340200,130.00000,131.40500,128.11501,130.67999,3895000
1764599400,128.98000,129.50400,126.14000,128.11000,4690600
1764685800,129.75000,131.03999,126.27000,127.22000,5619000
1764772200,126.16000,128.50000,123.75000,127.80000,5286300
1764858600,127.08000,130.78000,126.74000,128.55000,4516400
1764945000,128.50000,129.66000,126.84000,128.59000,5166300
1765204200,129.73000,133.57001,128.21001,129.11000,7813800
1765290600,128.70000,130.80000,127.32000,130.03999,5227900
1765377000,131.05000,134.44000,130.25000,132.36000,5921300
1765463400,135.53000,136.39999,128.95000,134.39000,6679500
1765549800,132.48000,134.05000,124.30000,124.76000,8508700
1765809000,125.50000,127.36000,123.61000,125.89000,6441900
1765895400,126.14000,127.84000,124.20000,126.13000,6656100
1765981800,125.94000,126.83000,121.63000,122.36000,8589200
1766068200,125.00000,127.16000,123.88000,124.62000,5515200
1766154600,125.01000,132.52000,125.01000,131.12000,12713100
1766413800,133.42999,134.00000,130.22000,130.73000,5547300
1766500200,129.32001,131.72000,129.25000,131.32001,2884300
1766586600,131.13000,131.50000,130.11000,130.77000,1642400
1766759400,131.00000,132.12500,130.45000,131.84000,2308400
1767018600,131.14999,135.29900,131.03999,134.14999,6199700
1767105000,134.25000,134.45000,132.37000,132.44000,4081100
1767191400,132.50000,132.83000,130.88000,131.03000,3821600
1767364200,134.05000,136.09000,132.18500,133.60001,4707400
1767623400,138.34000,141.41000,134.50999,137.19000,9691900
1767709800,137.89999,137.92999,132.50000,132.58000,8004000
1767796200,130.00999,131.65500,128.64000,130.08000,7550700
1767882600,129.37000,129.60001,122.81000,123.72000,8944200
1767969000,124.57000,124.83000,121.90000,122.89000,8989700
1768228200,121.60000,124.45500,120.00000,123.42000,8795900
1768314600,123.70000,130.69000,123.05000,129.92999,8638900
1768401000,128.75999,129.75999,123.34000,125.09000,7414600
1768487400,127.59000,133.34000,127.37000,130.59000,8562300
1768573800,132.17999,132.94000,129.33000,129.83000,5987000
1768919400,126.49000,130.38000,125.78000,127.52000,6371300
1769005800,127.86000,129.55000,125.04000,127.29000,5931000
1769092200,139.84000,146.39999,137.42000,138.41000,14906700
1769178600,138.37000,138.89999,134.86000,136.34000,8053900
1769437800,139.32001,146.40500,139.24001,143.72000,10658200
1769524200,144.86000,149.27000,143.80000,146.69000,8697000
1769610600,150.35001,151.80000,145.57001,150.14999,8568200
1769697000,150.14999,151.55000,145.33000,148.14999,8915300
1769783400,145.85001,148.06000,141.44000,141.74001,6364000
1770042600,141.32001,143.11000,138.22000,138.37000,7719200
1770129000,140.71500,143.27200,135.33000,139.39000,8202300
1770215400,138.00000,139.37000,129.24001,130.28000,13313800
1770301800,127.73000,130.31000,125.34000,128.67000,9640500
1770388200,131.39999,137.61000,130.32001,137.49001,8986800
1770647400,138.28000,142.27000,136.05499,141.74001,6801400
1770733800,144.32500,145.03500,141.80000,143.45000,6138100
1770820200,145.11000,145.24001,138.22000,140.66000,6942400
1770906600,138.00000,138.50000,132.00999,135.12000,16322100
1770993000,145.82001,148.77000,138.00000,141.59000,21823000
1771338600,140.64000,145.00000,140.00000,142.58000,8724200
1771425000,140.46001,142.50000,136.69000,139.53999,9955700
1771511400,138.61000,140.32001,135.37000,137.23000,5260600
1771597800,136.02000,138.33000,132.14999,132.78999,8309000
1771857000,131.22501,131.63499,126.26000,127.43000,9706800
1771943400,130.25000,130.73000,124.38000,128.77000,8120000
1772029800,129.37000,133.78000,128.64000,132.89000,7611600
1772116200,132.00000,132.22000,126.92000,130.25000,6360700
1772202600,127.52000,133.58000,127.50000,133.50000,9043300
1772461800,129.64999,130.69000,127.26000,129.30000,6875000
1772548200,125.33000,126.83000,122.37000,124.60000,6119700
1772634600,127.87000,135.56000,127.40000,134.83000,6897700
1772721000,135.11501,139.48000,134.00000,139.39999,8384600
1772807400,136.39000,139.05800,132.73000,132.89000,6282000
1773063000,130.40500,137.67500,129.78999,137.17000,6715200
1773149400,138.00000,141.77000,137.89000,139.62000,5435800
1773235800,139.16000,141.14000,137.65401,138.23000,4165100
1773322200,137.74001,137.78000,133.69000,134.03000,5494200
1773408600,134.82001,137.59500,130.50999,133.57001,5364800
1773667800,133.87000,136.28000,131.91000,135.35001,7884200
1773754200,135.00999,136.70000,132.31000,133.07001,5959000
1773840600,133.50000,137.56000,133.50000,136.07001,5264100
1773927000,133.74001,136.57001,132.35001,136.25999,4418900
1774013400,134.00000,135.30000,128.89999,131.22000,11351600
1774272600,133.48000,138.21001,132.20000,135.88000,6402200
1774359000,134.21001,135.70000,129.19000,130.80000,7858900
1774445400,133.21001,135.08000,131.14999,135.00999,5353300
1774531800,131.78999,132.50000,122.51000,122.55000,7553500
1774618200,121.34000,123.72000,120.34200,120.77000,5940200
1774877400,122.01000,123.34000,115.42000,116.13000,7540500
1774963800,118.62000,123.46000,117.42000,122.78000,7837700
1775050200,126.06000,127.25000,124.66000,124.85000,5037700
1775136600,121.10000,127.20000,119.79100,126.68000,5125100
1775482200,127.32000,128.16499,125.16500,126.25000,3033100
1775568600,127.85000,133.70000,127.55000,133.64000,5758000
1775655000,143.00000,146.16000,141.12000,145.07001,12136800
1775741400,145.11000,146.19000,141.11000,146.05000,7266100
1775827800,147.53999,149.34000,145.39999,147.35001,7054100
1776087000,146.73000,152.14000,144.79601,152.02000,7217900
1776173400,153.99001,155.41000,150.98599,154.37000,7114000
1776259800,154.82001,155.22501,150.52000,154.33000,5835300
1776346200,155.92000,161.00999,153.36000,161.00999,7205600
1776432600,162.23500,165.28000,160.47000,164.23000,8216400
1776691800,165.00000,167.89999,164.49001,166.85001,6113300
1776778200,170.00000,173.85001,167.22000,172.86000,8918900
1776864600,174.39999,178.48000,171.14000,177.73000,8699400
1776951000,177.50000,177.75000,169.38000,172.55000,7428000
1777037400,174.53000,179.80000,173.52000,176.91000,7508000
1777296600,176.72000,176.75999,168.50999,172.47000,6782500
1777383000,166.48000,167.82001,162.25000,165.28999,7414100
1777469400,166.10001,168.73000,163.42000,168.67999,6270500
1777555800,172.00999,173.58000,167.75999,172.71001,6141700
1777642200,172.99001,177.17999,172.00000,172.70000,7652400
1777901400,175.67999,179.10001,172.28500,172.62000,7167900
1777987800,177.00000,177.22000,169.89000,170.22000,15684800
1778074200,153.00000,154.83000,140.58000,147.06000,35627200
1778160600,149.22000,149.44000,139.67999,141.75000,18255700
1778247000,142.64999,143.99001,138.60001,141.77000,20371600
1778506200,141.39999,142.62000,135.13000,136.42999,18520900
1778592600,136.78000,142.94000,135.37000,142.53999,12796100
1778679000,144.80000,147.31000,140.30000,140.69000,14164600
1778765400,142.50000,147.89000,141.00000,147.81000,15728200
1778851800,144.99001,145.89999,141.78000,141.97000,10833000
1779111000,143.02000,143.67000,138.64000,141.71001,8634500
1779197400,139.58000,142.50000,137.00000,141.58000,8800800
1779283800,142.00000,143.25999,137.50000,140.49001,9617000
1779370200,139.30000,148.99001,139.12500,148.59000,11620600
1779456600,152.25999,154.39000,149.00000,154.03000,10554600
1779802200,157.50500,160.14000,153.89000,158.00999,11835300
1779888600,157.85001,158.11000,153.57001,154.31000,6982200
1779975000,154.00000,156.38000,150.66000,155.27000,7194300
1780061400,157.39999,161.50000,155.80000,159.47000,15385900
1780320600,162.14000,172.33000,161.28000,170.67999,9991500
1780407000,170.70000,177.48000,170.69000,175.33000,9144300
1780493400,175.49001,177.48000,168.71001,174.37000,8069700
1780579800,163.08000,167.78999,157.39999,166.00999,10214000
1780666200,159.46001,161.19299,152.19000,154.27000,9094700
1780925400,157.95000,159.23000,153.25301,156.39999,6043100
1781011800,157.75000,158.99001,145.32001,152.16000,7334100
1781098200,151.00000,154.97000,149.00000,151.75999,6867400
1781184600,153.58000,157.07001,150.28000,156.39999,5326700
1781271000,160.11000,165.25000,159.13499,163.24001,6052500
1781530200,165.96001,169.28000,163.50999,169.09000,7240800
1781616600,169.30000,171.21001,166.78000,168.00999,8090900
1781703000,169.89000,171.28999,163.92999,164.92999,6229500
1781789400,171.20000,172.00000,167.58501,169.67000,11130400
1782135000,170.11000,175.20000,166.66000,174.56000,9494400
1782221400,165.42999,165.42999,159.36000,162.20000,7770100
1782307800,162.32500,165.67999,160.57001,161.74001,6350600
1782394200,167.75999,170.16000,159.46001,165.45000,8231200
1782480600,159.94000,161.23000,154.74001,157.60001,11865200
1782739800,158.86000,165.66000,155.22000,164.10001,8535700
1782826200,164.11000,172.54900,162.70000,169.88000,10281800
1782912600,165.55499,170.50000,159.20000,166.62000,9098200
1782999000,166.36000,167.73500,156.64999,159.99001,9764500
1783344600,162.86501,177.20000,161.36000,173.28000,8509300
1783431000,169.10001,169.23000,162.59000,166.46001,8969200
1783517400,166.17999,181.27000,165.99001,181.05000,11912800
1783603800,187.00000,189.81700,179.80000,184.69000,9932000
1783690200,185.29700,187.62000,182.50000,186.96001,5592500
1783949400,186.26500,189.56000,180.50000,181.14999,9149500
1784035800,183.89999,185.60001,175.69000,182.57001,7566300
1784122200,184.00000,186.21001,166.50000,171.92000,8095900
1784208600,169.21001,170.28101,163.67999,168.56000,8412300
1784295000,163.10500,171.42999,157.13000,168.61000,7560400
1784554200,168.94000,172.60001,168.32001,169.35001,6025900
1784640600,174.44000,177.88000,172.10001,174.58000,6357800
1784727000,171.13499,176.41000,170.00000,174.87000,3342900
1784813400,172.77000,179.48000,172.77000,176.61000,4338800
1784899800,174.00000,177.51300,170.90900,173.99001,4721500
1785159000,175.21001,176.73000,165.89999,170.75999,6023000
1785245400,165.57001,169.97000,159.27000,169.71001,8561600
1785331800,168.45000,169.33000,156.84000,157.97000,8189500
1785418200,164.56000,171.50999,164.48500,171.02000,7284700
1785504600,177.60001,183.52000,175.70000,180.35001,8472300
1785763800,174.42000,186.57001,173.45000,184.89000,8335700
1785850200,187.70000,194.35001,187.01100,190.50999,14097400
1785936600,210.19000,214.89000,191.00999,197.31000,20227000
1786023000,192.41000,197.11000,189.42999,192.32001,7774600
1786109400,198.00000,198.00000,187.50000,188.67000,7208500
1786368600,192.49001,195.70000,187.03000,191.52000,5434100
1786455000,194.56500,198.92000,190.48000,197.85001,6277300
1786541400,205.47000,211.45000,203.75999,210.50000,10008600
1786627800,209.78999,210.11000,203.55000,203.62000,7907800
1786714200,205.27000,205.27000,198.24500,198.82001,4707400
1786973400,201.16000,202.26500,198.34000,201.80000,5683900
1787059800,196.00000,197.99001,189.67000,193.17999,8886900
1787146200,195.03999,195.50000,184.50999,186.45000,5740500
1787232600,185.31000,187.28000,182.83000,183.75000,4207300
1787319000,183.77000,190.44000,183.59000,188.64999,8123600
1787578200,186.00000,190.25000,186.00000,188.14999,5306400
1787664600,192.34000,193.14999,188.06000,190.94000,4385100
1787751000,190.90500,203.36000,190.90500,202.25000,7664600
1787837400,205.89999,206.13000,199.21500,201.09000,4692700
1787923800,200.00000,200.10001,194.61000,195.38000,3063000
