time,open,high,low,close,tick_volume
1472477400,157.41000,159.39999,157.31000,159.31000,135900
1472563800,159.75000,159.98000,156.92999,157.85001,199300
1472650200,156.92999,157.75000,155.87000,156.67999,258400
1472736600,156.71001,161.99001,156.53999,160.75999,337600
1472823000,161.73000,162.41000,160.36000,162.14999,234800
1473168600,162.83000,166.25999,161.88000,163.77000,229700
1473255000,162.96001,164.14000,162.25999,162.98000,149700
1473341400,162.42999,163.66000,160.64999,161.22000,195700
1473427800,159.89999,159.89999,154.47000,154.53000,286500
1473687000,153.00000,156.12000,151.19000,155.71001,445300
1473773400,153.56000,153.58000,151.20000,151.91000,560300
1473859800,151.06000,153.36000,151.06000,152.67000,300500
1473946200,152.38000,154.61000,151.55000,154.00000,184100
1474032600,151.95000,152.42999,150.48000,151.16000,303400
1474291800,153.66000,155.91000,152.20000,152.41000,238200
1474378200,153.86000,154.37000,152.23000,153.89999,172600
1474464600,155.25999,157.12000,152.78000,157.03999,266100
1474551000,158.48000,161.03999,158.48000,159.72000,284700
1474637400,157.53999,159.56000,156.60001,156.87000,234100
1474896600,155.07001,155.23000,153.53999,153.63000,196000
1474983000,154.13000,154.48000,151.89999,152.97000,294000
1475069400,152.59000,153.88000,151.87000,153.33000,249700
1475155800,151.35001,153.70000,150.94000,150.94000,207200
1475242200,152.03000,153.87000,151.92000,152.22000,330900
1475501400,152.62000,152.98000,151.07001,151.78999,233300
1475587800,151.83000,152.92999,148.46001,148.47000,284100
1475674200,150.02000,150.88000,146.69000,147.00000,527300
1475760600,146.83000,147.34000,145.71001,146.30000,234700
1475847000,147.00000,148.57001,146.00999,146.53000,252500
1476106200,147.58000,150.28000,147.49001,148.57001,240900
1476192600,148.53000,149.60001,146.42999,147.03999,159900
1476279000,147.17999,148.84000,146.05000,147.55000,261200
1476365400,145.81000,146.71001,144.23000,145.98000,286800
1476451800,146.71001,148.87000,146.14000,146.64999,189500
1476711000,146.78000,147.17999,145.02000,145.23000,289900
1476797400,147.50000,148.94000,146.72000,148.67000,319700
1476883800,149.32001,151.52000,147.97000,151.06000,421300
1476970200,150.64999,153.09000,150.21001,151.67000,420300
1477056600,148.66000,152.20000,148.66000,151.00999,156800
1477315800,152.31000,152.35001,150.00000,150.52000,194700
1477402200,150.07001,151.50000,149.94000,150.08000,226400
1477488600,149.10001,151.55000,148.75999,150.64999,190400
1477575000,151.20000,152.25999,148.10001,148.16000,213800
1477661400,148.49001,148.99001,147.13000,148.31000,150600
1477920600,149.33000,149.36000,147.75999,148.67999,249100
1478007000,149.42000,150.69000,147.13000,149.16000,211800
1478093400,148.83000,148.99001,146.64000,147.14999,301700
1478179800,147.78999,149.85001,146.17999,146.96001,305100
1478266200,149.27000,157.69000,148.00000,155.82001,772300
1478529000,159.00000,163.56000,158.21001,163.10001,703800
1478615400,163.00000,165.00000,159.44000,162.64999,699300
1478701800,162.64000,163.95000,156.53999,162.70000,541600
1478788200,163.28999,164.50000,159.19000,159.45000,484000
1478874600,158.28999,159.53999,154.13000,155.05000,556000
1479133800,155.42999,156.64000,152.00999,152.64999,799500
1479220200,154.07001,154.07001,151.57001,153.46001,400600
1479306600,152.28999,153.78999,151.59000,151.75000,277900
1479393000,151.75000,151.92000,148.46001,149.09000,383000
1479479400,149.17000,153.84000,146.03000,152.70000,569000
1479738600,154.17000,154.55000,150.12000,150.35001,398500
1479825000,151.31000,153.07001,150.02000,151.25999,248900
1479911400,149.35001,151.72000,149.28999,149.66000,322300
1480084200,150.27000,153.21001,148.44000,152.69000,256700
1480343400,152.00000,154.41000,151.05000,151.11000,354100
1480429800,150.75000,154.84000,150.21001,153.41000,370000
1480516200,154.28999,157.56000,154.28999,156.69000,683800
1480602600,157.56000,161.07001,157.56000,159.13000,514800
1480689000,158.83000,159.39000,155.00999,155.08000,300100
1480948200,156.09000,158.39999,155.27000,157.85001,279200
1481034600,158.82001,159.49001,156.96001,157.71001,241300
1481121000,158.61000,159.19000,155.92999,158.41000,313800
1481207400,157.17000,159.49001,156.66000,157.35001,241800
1481293800,158.23000,160.30000,157.05000,159.91000,291600
1481553000,159.14000,159.74001,155.53000,155.74001,322000
1481639400,156.00000,158.39999,155.14000,158.07001,225500
1481725800,156.96001,159.72000,155.77000,156.08000,203800
1481812200,156.02000,157.60001,155.24001,156.83000,256200
1481898600,156.34000,158.02000,155.99001,156.80000,241400
1482157800,156.80000,157.67000,155.12000,155.77000,246300
1482244200,155.91000,157.49001,154.96001,157.17000,217800
1482330600,157.50999,158.69000,156.60001,158.32001,177700
1482417000,157.83000,158.61000,155.99001,156.71001,240400
1482503400,157.00000,158.20000,155.53999,155.78000,69700
1482849000,155.44000,156.46001,155.44000,156.11000,51000
1482935400,156.52000,158.33000,154.10001,158.11000,112400
1483021800,158.07001,159.73000,157.64999,157.64999,153000
1483108200,158.30000,159.17999,157.21001,157.86000,156000
1483453800,160.00000,164.00000,157.41000,161.49001,220600
1483540200,162.17999,163.88000,161.84000,163.78999,221800
1483626600,163.62000,164.28999,162.78000,164.17999,199700
1483713000,163.96001,164.94000,162.83000,164.69000,264600
1483972200,165.02000,165.37000,163.14000,163.20000,169900
1484058600,164.50000,165.78999,163.60001,165.00000,199800
1484145000,164.09000,164.53000,161.45000,163.58000,162900
1484231400,163.58000,164.24001,162.00000,163.33000,156300
1484317800,163.36000,163.56000,160.69000,161.25000,209400
1484663400,159.59000,161.27000,158.14000,160.72000,225500
1484749800,161.44000,162.64999,159.82001,161.69000,238100
1484836200,161.77000,162.34000,158.42999,159.00999,144700
1484922600,159.25999,160.16000,158.02000,160.12000,183600
1485181800,160.92000,164.19000,159.77000,164.12000,215800
1485268200,165.00000,166.58000,163.53999,165.75000,348100
1485354600,165.39000,168.88000,164.84000,168.10001,276900
1485441000,168.78999,168.80000,164.87000,164.99001,359800
1485527400,165.85001,166.92000,164.92999,166.13000,202000
1485786600,165.00999,166.82001,163.78999,164.07001,137800
1485873000,163.11000,164.39000,162.13000,163.67999,141000
1485959400,165.37000,165.69000,162.87000,163.30000,166200
1486045800,163.25999,163.27000,161.81000,162.28000,192200
1486132200,163.55000,164.55000,163.03999,163.96001,211900
1486391400,162.99001,164.37000,161.82001,162.46001,425500
1486477800,163.00000,169.95000,163.00000,166.85001,822900
1486564200,167.45000,168.50000,165.87000,168.25000,444000
1486650600,167.70000,170.11000,167.70000,169.99001,380500
1486737000,169.52000,172.48000,169.52000,172.11000,252700
1486996200,172.71001,173.80000,169.39999,169.52000,171500
1487082600,168.67999,169.67000,166.64999,166.81000,317500
1487169000,167.28999,168.50999,166.85001,167.92999,291100
1487255400,167.80000,169.11000,166.11000,166.66000,147800
1487341800,166.23000,167.28000,165.02000,166.24001,246300
1487687400,168.06000,171.07001,167.63000,170.70000,270700
1487773800,170.00000,171.21001,169.70000,170.89999,200800
1487860200,170.60001,171.36000,169.62000,170.12000,204500
1487946600,166.89999,168.46001,166.00000,167.69000,278100
1488205800,168.03000,168.61000,166.39000,166.47000,298500
1488292200,165.47000,166.91000,163.33000,164.62000,262800
1488378600,166.75999,168.22000,166.33000,167.44000,196400
1488465000,166.31000,166.78000,164.95000,165.16000,278200
1488551400,166.58000,168.03999,165.38000,167.53999,245700
1488810600,167.89000,168.39000,165.13000,165.77000,218700
1488897000,165.28999,165.82001,162.56000,162.85001,271800
1488983400,163.03999,163.03999,160.08000,160.48000,311700
1489069800,161.45000,161.71001,158.56000,159.28000,361900
1489156200,158.98000,160.03000,156.87000,158.22000,457400
1489411800,158.50999,159.05000,156.80000,158.35001,334200
1489498200,157.92999,158.34000,156.98000,157.58000,312100
1489584600,157.16000,160.21001,156.17000,160.16000,576800
1489671000,161.32001,164.05000,160.72000,163.62000,412200
1489757400,164.00000,165.10001,163.39000,164.00000,569600
1490016600,164.00000,164.50999,163.42999,163.95000,421100
1490103000,165.10001,165.10001,159.25000,160.31000,523400
1490189400,159.21001,161.59000,158.64000,161.35001,417200
1490275800,161.72000,165.17000,161.21001,164.07001,423300
1490362200,165.00000,166.82001,163.95000,164.21001,367800
1490621400,162.14999,164.45000,161.12000,163.86000,463500
1490707800,163.67999,167.98000,163.67999,166.12000,442600
1490794200,165.60001,166.53999,163.70000,165.41000,315700
1490880600,164.34000,165.67000,164.02000,165.23000,335000
1490967000,164.33000,165.53000,161.69000,163.30000,340500
1491226200,164.33000,164.33000,162.23000,163.39999,343300
1491312600,163.64000,165.67999,161.95000,165.13000,145000
1491399000,166.11000,166.60001,164.00000,164.37000,148700
1491485400,163.74001,164.33000,161.24001,161.72000,341400
1491571800,161.77000,161.77000,160.03000,160.17999,211300
1491831000,160.05000,160.74001,159.35001,160.03000,194400
1491917400,159.96001,162.13000,158.66000,160.06000,284200
1492003800,160.08000,161.62000,158.08000,158.84000,252800
1492090200,155.31000,155.82001,152.72000,152.86000,281600
1492435800,153.86000,156.05000,153.07001,155.11000,252300
1492522200,154.11000,154.50000,152.03000,153.36000,324800
1492608600,151.98000,153.64000,151.58000,152.31000,743000
1492695000,153.74001,155.97000,152.74001,155.56000,334000
1492781400,155.13000,155.95000,152.71001,153.06000,156000
1493040600,155.22000,156.14000,151.80000,152.42000,373800
1493127000,154.03000,154.03000,151.84000,152.53000,191500
1493213400,152.88000,153.71001,151.59000,152.69000,246700
1493299800,152.21001,152.35001,150.71001,151.96001,299300
1493386200,152.53000,153.72000,151.48000,153.66000,233800
1493645400,153.78000,156.25000,153.05000,155.88000,289300
1493731800,156.34000,157.42000,155.60001,157.33000,249900
1493818200,157.25000,157.85001,156.77000,157.28000,208000
1493904600,156.11000,158.00000,156.11000,157.06000,313400
1493991000,155.87000,157.41000,152.13000,157.34000,286400
1494250200,156.78999,158.10001,155.02000,157.31000,274300
1494336600,158.14999,159.64000,157.49001,159.60001,241400
1494423000,160.50000,163.74001,159.48000,162.75000,445400
1494509400,162.98000,165.45000,162.34000,163.67000,418000
1494595800,162.64000,168.28999,162.48000,167.25999,542300
1494855000,168.94000,171.59000,166.27000,171.32001,632100
1494941400,170.78000,171.75999,169.14999,170.70000,264900
1495027800,168.75999,172.11000,168.00999,171.81000,448700
1495114200,170.10001,171.97000,168.09000,170.35001,561700
1495200600,171.75999,173.62000,170.50000,172.52000,412400
1495459800,172.25999,174.82001,172.17999,173.94000,595900
1495546200,175.20000,176.24001,172.77000,173.16000,290000
1495632600,172.25000,173.85001,171.67999,172.00000,287800
1495719000,172.70000,172.70000,169.16000,169.87000,339900
1495805400,169.21001,170.38000,168.36000,169.00000,354800
1496151000,167.37000,168.85001,167.06000,167.75000,303500
1496237400,167.42000,170.00000,166.70000,167.52000,327900
1496323800,168.75999,169.64000,167.00000,168.58000,209200
1496410200,168.62000,168.78999,167.39000,167.75999,181400
1496669400,168.38000,169.23000,167.48000,169.20000,105800
1496755800,168.60001,172.05000,167.21001,172.00000,304700
1496842200,171.67999,173.53000,171.41000,173.41000,295500
1496928600,174.02000,175.07001,171.70000,172.42000,336000
1497015000,171.89000,174.02000,171.70000,173.63000,393500
1497274200,173.00000,174.69000,170.53000,172.86000,237200
1497360600,173.24001,177.88000,173.03000,177.87000,364000
1497447000,179.17000,180.92000,176.77000,179.96001,375300
1497533400,177.06000,179.66000,177.06000,178.80000,364400
1497619800,178.95000,179.63000,177.89999,178.57001,328800
1497879000,179.30000,182.50000,179.00000,181.55000,207700
1497965400,180.69000,183.02000,179.53000,182.00999,356100
1498051800,182.92999,184.88000,182.10001,182.96001,280800
1498138200,183.24001,185.10001,180.56000,180.89000,287300
1498224600,180.66000,181.61000,178.77000,180.35001,375300
1498483800,181.41000,183.00999,179.49001,180.28999,137200
1498570200,179.84000,180.78000,175.91000,179.92000,460100
1498656600,180.28999,181.66000,179.58000,180.08000,534100
1498743000,181.08000,181.08000,178.87000,180.53999,424300
1498829400,180.71001,181.87000,178.73000,179.39000,397500
1499088600,180.28999,182.94000,179.75999,182.78000,100600
1499261400,181.70000,182.63000,180.00000,182.37000,219500
1499347800,182.45000,182.91000,180.77000,180.96001,165800
1499434200,181.25999,182.88000,179.66000,182.03000,136900
1499693400,182.37000,182.99001,181.00000,182.34000,139000
1499779800,182.75999,184.94000,181.53000,184.52000,191600
1499866200,185.78000,188.30000,183.70000,185.92000,347100
1499952600,186.16000,186.59000,183.62000,185.39000,324000
1500039000,185.92000,187.17999,184.45000,186.50000,131200
1500298200,185.87000,186.58000,184.64000,185.46001,138900
1500384600,185.31000,186.49001,184.39999,186.28999,209900
1500471000,186.92000,187.00000,184.12000,185.56000,203100
1500557400,185.84000,187.06000,184.84000,185.16000,238100
1500643800,184.58000,186.03000,184.58000,185.60001,105400
1500903000,185.98000,187.91000,183.78999,183.99001,215800
1500989400,184.50999,185.52000,183.35001,185.35001,165000
1501075800,186.03000,187.85001,185.67000,187.38000,222200
1501162200,187.80000,188.14999,186.27000,188.05000,216100
1501248600,187.63000,188.95000,187.14000,188.91000,156500
1501507800,188.94000,189.83000,185.00000,185.14000,344600
1501594200,185.71001,189.84000,185.61000,189.70000,249000
1501680600,188.59000,189.61000,186.60001,187.98000,284400
1501767000,187.17000,189.98000,186.39999,189.45000,190700
1501853400,190.00000,190.50000,188.30000,189.11000,118500
1502112600,189.46001,190.64000,187.19000,187.97000,175000
1502199000,188.24001,195.64999,188.10001,195.48000,266100
1502285400,195.25000,202.66000,192.23000,200.72000,376900
1502371800,199.50000,199.50000,193.44000,193.56000,176300
1502458200,194.42999,195.05000,191.75999,194.77000,169400
1502717400,195.06000,197.42000,194.50999,197.37000,176300
1502803800,198.12000,199.28999,196.50000,199.19000,141500
1502890200,200.00000,200.77000,198.14999,200.63000,167300
1502976600,200.63000,201.31000,199.14999,199.25000,395800
1503063000,199.25999,203.10001,195.99001,201.98000,267500
1503322200,202.45000,204.67999,201.03000,204.37000,326100
1503408600,204.92999,205.87000,202.22000,203.07001,294300
1503495000,202.81000,203.50999,200.95000,201.78999,463500
1503581400,202.28999,203.87000,200.67000,203.21001,288300
1503667800,203.78999,206.25000,202.99001,206.02000,167800
1503927000,205.42999,206.00000,202.07001,202.77000,165200
1504013400,201.00000,203.89999,201.00000,202.38000,297800
1504099800,202.84000,202.92000,200.92999,201.53999,159100
1504186200,202.24001,203.11000,200.89999,202.84000,264100
1504272600,203.62000,206.55000,203.35001,204.78000,155600
1504618200,203.58000,204.38000,200.50000,200.98000,177400
1504704600,202.22000,208.05000,201.72000,206.75999,341200
1504791000,206.91000,206.91000,203.14000,203.22000,223700
1504877400,203.09000,204.99001,203.09000,203.56000,170400
1505136600,205.00000,208.61000,204.96001,208.35001,232900
1505223000,208.13000,209.82001,207.64000,208.14999,180000
1505309400,208.48000,211.49001,207.50000,211.21001,223600
1505395800,210.87000,212.31000,209.92000,211.09000,164100
1505482200,210.75000,212.97000,210.11000,212.85001,366600
1505741400,211.42999,213.83000,208.98000,211.64999,348300
1505827800,211.50000,211.50000,203.47000,203.72000,384900
1505914200,204.00000,205.24001,203.08000,203.92000,511300
1506000600,204.91000,205.99001,203.33000,204.49001,275300
1506087000,203.20000,203.92999,201.67999,202.38000,193500
1506346200,201.31000,202.92000,200.61000,202.50999,133900
1506432600,202.00999,204.50000,201.78999,203.66000,209400
1506519000,204.00000,205.03000,202.06000,204.16000,330200
1506605400,203.67999,205.52000,202.11000,203.96001,340500
1506691800,204.53999,207.00999,202.75999,205.02000,260100
1506951000,205.59000,211.11000,204.99001,210.95000,219000
1507037400,211.41000,211.80000,208.75000,211.70000,145800
1507123800,210.99001,211.42000,208.39999,208.85001,165900
1507210200,209.75000,210.56000,208.42000,209.32001,198500
1507296600,208.41000,208.99001,204.67000,206.17999,197000
1507555800,205.46001,206.00000,202.00999,203.50000,168500
1507642200,203.97000,204.28000,201.16000,202.06000,316400
1507728600,202.46001,203.59000,201.52000,203.58000,186100
1507815000,203.39999,205.30000,203.25000,205.00000,215100
1507901400,205.53999,208.75999,204.67000,208.66000,252800
1508160600,208.92000,209.24001,207.00999,208.34000,202200
1508247000,208.39999,209.36000,205.05000,207.14999,294600
1508333400,206.59000,208.98000,206.59000,207.86000,100800
1508419800,205.60001,207.87000,204.86000,206.63000,124400
1508506200,208.30000,209.22000,207.74001,208.62000,112800
1508765400,208.78000,208.78000,206.56000,207.35001,73200
1508851800,207.27000,208.72000,206.02000,208.19000,195100
1508938200,208.95000,209.39000,206.39999,206.41000,234100
1509024600,208.14999,208.75999,206.02000,207.00999,260300
1509111000,207.57001,211.03000,204.56000,210.66000,208800
1509370200,209.69000,210.28000,208.57001,209.69000,211000
1509456600,210.14999,212.00000,208.42000,209.44000,422900
1509543000,211.25999,213.10001,207.98000,208.60001,167400
1509629400,207.83000,209.58000,206.57001,207.03999,126700
1509715800,206.82001,207.80000,204.27000,207.32001,129000
1509978600,208.02000,211.99001,205.17000,211.67999,219800
1510065000,210.36000,210.47000,195.97000,207.45000,933200
1510151400,206.55000,210.00000,205.37000,206.42999,248500
1510237800,206.69000,209.32001,204.77000,208.80000,407600
1510324200,208.11000,209.64999,205.72000,206.56000,279000
1510583400,201.00000,201.86000,197.64999,201.09000,325900
1510669800,201.16000,203.78999,200.09000,203.00000,203500
1510756200,201.53000,203.50000,201.07001,202.97000,304000
1510842600,204.14999,205.35001,202.95000,203.89999,266500
1510929000,203.84000,209.07001,203.63000,208.62000,312400
1511188200,209.42000,210.11000,207.87000,209.96001,250400
1511274600,211.00999,212.20000,209.87000,212.07001,222800
1511361000,213.20000,214.28000,211.17999,212.31000,257500
1511533800,212.00000,214.14999,210.73000,213.78999,85400
1511793000,211.34000,214.38000,211.34000,213.24001,276900
1511879400,214.71001,215.69000,213.08000,214.13000,266300
1511965800,214.06000,215.25999,213.11000,213.61000,255400
1512052200,214.34000,214.58000,210.96001,211.03000,676900
1512138600,212.09000,213.11000,207.95000,211.22000,203200
1512397800,214.21001,214.32001,208.06000,209.11000,243100
1512484200,210.30000,210.30000,205.07001,207.33000,215700
1512570600,205.86000,206.98000,204.83000,205.30000,359000
1512657000,205.78000,207.64999,205.17000,206.92000,311500
1512743400,208.30000,210.99001,206.56000,209.07001,216900
1513002600,208.66000,210.09000,207.20000,208.83000,200000
1513089000,208.55000,211.17000,207.37000,210.61000,203600
1513175400,211.11000,211.48000,207.95000,208.13000,287300
1513261800,208.03000,208.03000,196.02000,196.74001,810500
1513348200,198.11000,199.48000,189.69000,192.00000,1127300
1513607400,193.75000,202.39999,192.32001,202.25000,490300
1513693800,202.42999,206.11000,201.12000,204.63000,447500
1513780200,206.00000,206.50000,203.05000,204.91000,395400
1513866600,204.00000,204.45000,199.91000,200.08000,404100
1513953000,208.75000,210.32001,206.00000,206.84000,213500
1514298600,205.78999,207.24001,203.78999,206.33000,133000
1514385000,205.57001,207.72000,204.44000,206.59000,112600
1514471400,206.99001,207.86000,205.91000,207.25000,82400
1514557800,206.75999,209.28000,206.38000,207.42999,117400
1514903400,209.50000,214.56000,208.25000,213.58000,150300
1514989800,213.62000,218.88000,211.67000,217.46001,368700
1515076200,217.45000,221.99001,216.89000,219.39999,201600
1515162600,220.14000,223.91000,220.14000,223.17000,195400
1515421800,223.11000,223.78000,219.49001,219.59000,171700
1515508200,220.20000,220.78000,219.74001,220.13000,133300
1515594600,220.39000,221.77000,218.70000,220.22000,133200
1515681000,220.95000,223.49001,217.73000,220.19000,197200
1515767400,219.57001,224.36000,217.84000,222.88000,188800
1516113000,223.00000,226.47000,219.03000,223.94000,163100
1516199400,223.81000,226.89000,223.81000,225.49001,102800
1516285800,225.95000,228.70000,223.63000,228.28999,254500
1516372200,228.24001,230.00000,227.14999,229.99001,213600
1516631400,230.00000,230.34000,227.05000,230.34000,229800
1516717800,230.44000,234.71001,229.46001,232.95000,200900
1516804200,233.91000,237.47000,232.00000,236.53000,223800
1516890600,237.30000,237.30000,233.41000,234.42000,182500
1516977000,235.89999,236.88000,231.47000,236.23000,341000
1517236200,234.42000,237.99001,234.42000,237.07001,518600
1517322600,234.80000,237.88000,233.98000,235.91000,265100
1517409000,235.91000,237.85001,231.39000,231.63000,300900
1517495400,232.21001,232.28999,228.49001,231.41000,334200
1517581800,228.70000,231.00000,220.78000,224.00000,272700
1517841000,222.67000,224.00999,215.03000,217.84000,217800
1517927400,213.92999,224.55000,208.98000,221.89999,383700
1518013800,221.17999,224.55000,219.62000,219.80000,242700
1518100200,220.25000,220.25000,208.97000,208.97000,279700
1518186600,210.80000,211.97000,207.03000,211.00000,409700
1518445800,212.70000,215.67999,211.20000,214.39000,137800
1518532200,213.55000,217.12000,212.89999,217.02000,112100
1518618600,216.48000,221.06000,215.96001,220.23000,137900
1518705000,222.03999,225.63000,221.13000,222.50000,142900
1518791400,220.50999,222.50000,218.12000,218.22000,183600
1519137000,217.12000,218.52000,214.09000,216.73000,150300
1519223400,217.60001,220.80000,215.58000,217.50999,517300
1519309800,218.61000,222.12000,218.12000,219.38000,228400
1519396200,220.08000,220.08000,217.05000,217.95000,94000
1519655400,218.60001,218.60001,215.99001,217.69000,198100
1519741800,217.12000,217.80000,215.19000,216.75999,425000
1519828200,216.75000,217.46001,215.19000,216.45000,758900
1519914600,217.00000,217.00000,214.02000,215.89999,576600
1520001000,214.59000,218.55000,212.87000,217.42999,453300
1520260200,216.53000,223.39000,213.52000,223.28000,285300
1520346600,224.17000,226.44000,223.03999,224.52000,332800
1520433000,223.57001,224.25999,221.67000,223.25000,128300
1520519400,224.63000,224.66000,219.80000,220.98000,218200
1520605800,222.89999,223.99001,220.64999,221.11000,160400
1520861400,221.75999,222.56000,219.78000,220.58000,160700
1520947800,220.17000,220.98000,218.88000,220.57001,283100
1521034200,222.53999,222.53999,214.96001,215.89000,150400
1521120600,216.38000,218.13000,214.33000,215.48000,166300
1521207000,216.39999,217.41000,214.89999,216.00000,349500
1521466200,215.13000,219.28000,214.52000,218.14000,201000
1521552600,219.73000,222.48000,218.73000,222.39000,173600
1521639000,216.23000,225.24001,216.23000,223.48000,443300
1521725400,220.70000,222.03000,215.50999,217.86000,231800
1521811800,218.57001,220.47000,217.00000,217.72000,223300
1522071000,220.70000,224.22000,220.63000,223.99001,161600
1522157400,223.84000,224.67000,221.14999,221.67999,303800
1522243800,223.20000,225.03000,220.28999,224.64999,224700
1522330200,227.20000,228.25000,224.38000,227.03999,199100
1522675800,226.28999,229.50000,226.28999,229.19000,331300
1522762200,230.82001,233.58000,229.03999,233.16000,338700
1522848600,229.80000,234.34000,228.00999,233.89999,252500
1522935000,236.48000,239.03999,235.23000,237.12000,254400
1523021400,234.85001,237.05000,232.74001,234.67999,226000
1523280600,236.97000,238.21001,233.05000,233.05000,460700
1523367000,234.21001,239.53999,232.69000,237.09000,559900
1523453400,236.10001,238.73000,233.59000,236.21001,344200
1523539800,236.45000,237.35001,228.42999,233.42999,445200
1523626200,234.22000,235.21001,229.75999,231.00000,252000
1523885400,231.50000,231.50000,227.62000,229.32001,221100
1523971800,220.86000,229.55000,220.86000,228.53999,258100
1524058200,228.28000,230.17000,226.14999,229.21001,265800
1524144600,229.92000,230.73000,228.42000,230.38000,201200
1524231000,230.75999,231.78999,229.99001,230.94000,193400
1524490200,230.19000,233.86000,229.99001,232.66000,253200
1524576600,233.00000,236.44000,232.37000,234.63000,283000
1524663000,234.64999,234.78000,229.73000,231.89000,203900
1524749400,232.80000,234.70000,232.73000,234.03999,144100
1524835800,233.67000,235.57001,232.81000,234.71001,211700
1525095000,234.89999,234.92000,230.69000,232.49001,154100
1525181400,231.45000,232.28000,228.81000,229.42000,200600
1525267800,229.98000,233.35001,228.24001,229.71001,182000
1525354200,229.39999,229.39999,220.05000,223.14999,215600
1525440600,223.75000,229.75000,222.39000,228.02000,258200
1525699800,228.74001,229.03000,224.74001,228.60001,256200
1525786200,230.00000,230.42999,227.03000,230.05000,336800
1525872600,231.00000,231.00000,225.75000,226.50000,296200
1525959000,227.50000,229.46001,226.77000,228.00000,137900
1526045400,228.91000,229.78999,227.00999,227.00999,110500
1526304600,227.28000,228.21001,225.44000,226.12000,117300
1526391000,223.64000,226.14000,220.91000,224.97000,270100
1526477400,224.75999,224.75999,220.91000,221.56000,176100
1526563800,220.89999,223.91000,216.88000,223.25999,231000
1526650200,222.27000,224.78999,220.81000,221.42999,409100
1526909400,222.20000,224.78999,222.20000,223.25000,158200
1526995800,223.50000,224.45000,222.89999,222.97000,209600
1527082200,222.34000,222.34000,217.21001,218.60001,219900
1527168600,218.00000,220.25000,216.72000,219.56000,260900
1527255000,219.16000,224.59000,217.92000,224.19000,305200
1527600600,222.72000,224.28000,216.98000,218.14000,258100
1527687000,219.34000,221.00000,216.41000,220.77000,188600
1527773400,220.82001,224.30000,219.95000,221.42000,462700
1527859800,223.30000,227.19000,221.88000,226.55000,214800
1528119000,227.11000,228.99001,226.36000,228.74001,146900
1528205400,227.41000,228.38000,227.14999,227.46001,155800
1528291800,227.95000,231.58000,225.75999,231.21001,313200
1528378200,231.21001,232.39999,226.99001,228.41000,142700
1528464600,229.59000,232.47000,227.48000,230.00000,145300
1528723800,231.53999,231.53999,228.20000,228.78000,132900
1528810200,229.80000,232.36000,228.75000,231.22000,587800
1528896600,232.30000,232.30000,229.81000,229.98000,138900
1528983000,230.59000,230.59000,225.61000,225.95000,163700
1529069400,224.89000,224.89000,221.35001,223.53999,494800
1529328600,221.27000,224.20000,219.83000,223.33000,332200
1529415000,221.33000,224.19000,218.42000,223.50000,259000
1529501400,224.39000,224.50000,220.49001,222.48000,253600
1529587800,220.70000,221.63000,218.38000,219.85001,421100
1529674200,221.32001,221.32001,218.00000,220.53000,305500
1529933400,220.71001,220.71001,216.42999,219.24001,143200
1530019800,220.27000,222.39000,218.67000,222.05000,171200
1530106200,220.89000,222.77000,219.17000,219.52000,243800
1530192600,219.25000,221.80000,217.63000,221.32001,228700
1530279000,224.44000,225.85001,221.02000,225.12000,251300
1530538200,224.42999,228.57001,223.24001,224.47000,224100
1530624600,230.14999,230.14999,225.86000,228.70000,166100
1530797400,228.88000,230.28000,226.33000,227.13000,263500
1530883800,226.27000,229.25000,226.13000,228.53999,144600
1531143000,230.14999,232.12000,229.35001,230.07001,149000
1531229400,230.28000,231.97000,228.39999,229.78000,171900
1531315800,228.72000,229.78999,227.16000,228.70000,148700
1531402200,230.30000,230.30000,228.25000,228.84000,249300
1531488600,228.42000,228.66000,226.37000,227.33000,151600
1531747800,227.32001,229.84000,227.14000,229.09000,172300
1531834200,229.00000,229.89999,227.38000,228.08000,197800
1531920600,227.42000,228.88000,227.24001,228.44000,142600
1532007000,227.09000,228.08000,226.11000,226.74001,83300
1532093400,228.78999,230.88000,226.83000,229.57001,175200
1532352600,229.38000,230.20000,227.71001,227.98000,112000
1532439000,229.82001,231.08000,228.03999,229.95000,187100
1532525400,231.00000,232.72000,230.09000,232.42000,133000
1532611800,231.75000,234.78999,229.50000,229.82001,155000
1532698200,231.09000,232.21001,227.19000,229.53999,137700
1532957400,230.53999,230.89999,228.00999,229.47000,215400
1533043800,229.47000,231.17000,227.53999,228.77000,210600
1533130200,228.73000,229.97000,226.55000,228.58000,184500
1533216600,226.89999,228.28000,223.44000,226.25000,342900
1533303000,228.52000,231.64000,228.35001,230.80000,216000
1533562200,229.86000,231.71001,229.03000,229.31000,77300
1533648600,231.20000,232.19000,229.67999,231.17000,430800
1533735000,231.98000,232.17999,229.73000,230.02000,103700
1533821400,230.05000,231.00000,224.24001,230.07001,183200
1533907800,225.50000,228.32001,221.61000,226.46001,404700
1534167000,223.42999,227.12000,223.42999,224.62000,206200
1534253400,225.84000,226.17999,223.77000,225.77000,227400
1534339800,223.62000,224.49001,220.03000,222.25000,299800
1534426200,222.89999,226.24001,221.30000,222.60001,178400
1534512600,221.87000,222.24001,219.06000,221.75999,114300
1534771800,222.95000,224.92000,221.22000,222.35001,169300
1534858200,223.00000,223.82001,219.84000,219.84000,158700
1534944600,220.00999,220.99001,218.39999,220.39999,160800
1535031000,220.21001,223.03999,220.21001,221.70000,246700
1535117400,222.69000,224.05000,220.71001,222.61000,107500
1535376600,230.67000,230.67000,222.92999,223.50000,208500
1535463000,223.27000,223.27000,221.49001,222.03999,119400
1535549400,221.61000,222.41000,219.45000,221.95000,190500
1535635800,221.57001,221.57001,215.82001,216.45000,197100
1535722200,216.50999,218.34000,213.42000,218.02000,254900
1536067800,216.05000,217.27000,211.42000,211.78999,205500
1536154200,210.78000,211.63000,209.25000,210.39000,284800
1536240600,210.86000,212.71001,208.72000,209.81000,352500
1536327000,210.03999,211.42999,208.61000,209.85001,203100
1536586200,209.64000,210.64999,208.64000,210.36000,169200
1536672600,209.22000,210.74001,207.96001,208.44000,203300
1536759000,208.27000,213.56000,207.41000,212.39999,263300
1536845400,214.28999,215.98000,212.10001,212.64999,253100
1536931800,212.82001,213.72000,210.75000,213.34000,160900
1537191000,213.25000,216.35001,213.25000,215.11000,106200
1537277400,218.00000,218.00000,213.78999,216.73000,191400
1537363800,216.74001,222.20000,215.16000,220.50000,157300
1537450200,221.42000,226.71001,221.42000,226.39000,185000
1537536600,227.10001,228.50000,225.39999,227.00000,385600
1537795800,226.50000,227.94000,223.44000,224.70000,152700
1537882200,225.42999,227.14000,223.28000,226.94000,135500
1537968600,227.24001,229.55000,226.42999,226.58000,253900
1538055000,226.39000,228.92000,226.08000,227.00000,174700
1538141400,226.00000,226.70000,222.42999,223.08000,162800
1538400600,224.20000,228.06000,224.20000,226.66000,127800
1538487000,226.82001,227.82001,224.38000,226.32001,121400
1538573400,227.55000,228.30000,225.31000,226.74001,106900
1538659800,227.14999,228.49001,221.05000,223.06000,150800
1538746200,224.74001,224.74001,220.17000,221.75999,99800
1539005400,221.39999,222.57001,219.28000,220.07001,86100
1539091800,219.05000,223.14999,217.03000,222.28000,134900
1539178200,221.10001,222.78000,216.97000,217.17000,170000
1539264600,216.84000,218.48000,213.62000,214.28999,176400
1539351000,217.57001,234.17999,215.32001,217.85001,111800
1539610200,216.46001,220.28000,216.16000,218.42999,124100
1539696600,220.88000,224.82001,220.50000,224.74001,119000
1539783000,224.73000,224.87000,222.75999,223.67999,157100
1539869400,219.78999,225.57001,219.78999,220.02000,103900
1539955800,221.92999,224.28000,219.14999,219.16000,123700
1540215000,220.06000,221.53000,216.88000,217.39999,86800
1540301400,213.59000,218.92999,212.80000,218.16000,120700
1540387800,217.24001,219.32001,213.89999,213.89999,87900
1540474200,214.89000,217.21001,214.46001,215.23000,88000
1540560600,212.34000,216.50000,212.08000,215.73000,148300
1540819800,218.48000,221.03000,214.38000,215.77000,229200
1540906200,217.44000,221.67000,217.14999,220.53000,220900
1540992600,222.46001,226.95000,221.67999,225.71001,230100
1541079000,226.86000,230.63000,224.87000,229.24001,227800
1541165400,231.80000,233.25999,226.45000,229.21001,147200
1541428200,228.06000,232.27000,227.69000,229.82001,202700
1541514600,229.75999,230.69000,227.20000,230.00000,144200
1541601000,231.86000,231.86000,228.59000,228.85001,221400
1541687400,228.09000,230.46001,223.66000,224.92999,109700
1541773800,224.24001,225.67999,220.97000,224.23000,219100
1542033000,224.06000,224.67000,220.60001,220.60001,77400
1542119400,221.77000,226.17999,219.78000,223.59000,172300
1542205800,224.10001,225.30000,218.82001,219.97000,168500
1542292200,218.50000,225.83000,217.44000,225.47000,158200
1542378600,222.50999,227.00999,219.00999,226.08000,156100
1542637800,226.53999,228.78000,224.92999,226.20000,95400
1542724200,224.73000,224.73000,216.00000,217.56000,185100
1542810600,220.39000,224.57001,218.33000,223.67000,127100
1542983400,220.46001,220.99001,215.92999,218.03999,104900
1543242600,219.08000,222.11000,217.82001,221.89999,121700
1543329000,221.89000,223.89999,220.38000,221.46001,175800
1543415400,222.75000,225.87000,221.66000,225.08000,228200
1543501800,222.61000,226.05000,221.38000,224.38000,138000
1543588200,222.20000,222.89000,217.55000,219.28999,263300
1543847400,226.78000,230.00000,221.28000,224.14000,228200
1543933800,223.10001,226.00000,219.30000,222.69000,309000
1544106600,217.99001,222.52000,215.22000,222.03999,234800
1544193000,222.95000,226.53000,220.64999,220.67999,200200
1544452200,220.45000,221.00999,214.61000,216.16000,164400
1544538600,219.98000,222.35001,219.74001,221.19000,175200
1544625000,224.27000,224.98000,217.36000,217.78000,236500
1544711400,218.27000,220.17000,216.25999,218.53999,232500
1544797800,216.30000,218.97000,215.00000,217.94000,144500
1545057000,216.70000,218.92000,215.36000,215.67999,194900
1545143400,216.28000,218.53000,215.02000,215.10001,200000
1545229800,215.75000,221.38000,214.02000,215.83000,202600
1545316200,215.75000,219.92999,215.42000,216.36000,228500
1545402600,216.30000,217.00000,213.11000,213.67000,621500
1545661800,211.44000,215.48000,210.78000,213.25999,118600
1545834600,213.60001,218.00999,210.53999,217.89999,127000
1545921000,215.11000,219.71001,214.10001,219.67999,210900
1546007400,220.64000,223.11000,219.28000,221.77000,144300
1546266600,221.50999,223.67999,220.59000,221.67000,82100
1546439400,220.19000,226.57001,220.05000,226.45000,157600
1546525800,225.88000,226.30000,221.03000,222.67000,217300
1546612200,224.10001,229.14999,224.10001,228.50000,293900
1546871400,228.97000,228.97000,226.59000,226.75000,222000
1546957800,226.77000,228.78000,226.12000,227.49001,232100
1547044200,229.13000,231.99001,225.96001,226.35001,375900
1547130600,226.38000,231.14999,224.64000,230.47000,314100
1547217000,230.00999,230.91000,228.16000,229.75999,139000
1547476200,227.37000,231.53999,223.64000,230.85001,256800
1547562600,231.38000,231.62000,229.57001,229.97000,282800
1547649000,231.00000,233.71001,229.36000,232.14000,253100
1547735400,231.47000,234.25999,230.94000,233.59000,196400
1547821800,234.00000,234.89000,229.50999,232.05000,400100
1548167400,230.33000,232.28999,227.27000,232.28999,250300
1548253800,233.50000,237.25000,232.17999,234.41000,236000
1548340200,234.96001,238.57001,232.98000,234.73000,199400
1548426600,235.25999,239.50999,233.78000,236.23000,161300
1548685800,234.66000,237.42999,227.77000,236.57001,207800
1548772200,237.50999,239.72000,236.14999,239.67999,234000
1548858600,240.07001,242.58000,235.94000,236.30000,317300
1548945000,236.19000,243.13000,235.19000,242.78000,248000
1549031400,242.00999,244.75000,241.82001,242.95000,139100
1549290600,243.48000,246.53999,241.56000,246.42000,153400
1549377000,246.60001,249.67000,245.85001,248.49001,184700
1549463400,247.32001,250.41000,246.38000,246.78999,178200
1549549800,242.97000,245.39000,233.53999,237.45000,260400
1549636200,237.78000,240.70000,236.17999,239.61000,175700
1549895400,237.30000,240.99001,228.94000,236.50000,609700
1549981800,238.50000,241.85001,238.50000,240.13000,353100
1550068200,240.17000,241.95000,238.07001,240.14000,323300
1550154600,238.59000,238.59000,234.16000,236.34000,214900
1550241000,236.75999,239.36000,236.35001,239.08000,155400
1550586600,237.64999,240.59000,236.32001,239.71001,170100
1550673000,241.00000,242.42000,239.61000,240.97000,174500
1550759400,240.96001,240.96001,237.45000,239.13000,195400
1550845800,240.49001,242.69000,238.88000,242.61000,169500
1551105000,244.53999,244.53999,240.42000,241.80000,185100
1551191400,241.52000,243.28000,238.60001,241.81000,161200
1551277800,242.42999,244.39999,240.12000,243.44000,271100
1551364200,242.81000,245.20000,237.81000,243.09000,223400
1551450600,242.92999,244.77000,238.92999,239.10001,218400
1551709800,239.00000,241.66000,238.86000,241.59000,121000
1551796200,242.00000,242.00000,237.73000,237.92999,132600
1551882600,238.87000,241.25999,237.85001,240.60001,157100
1551969000,239.91000,239.91000,235.14999,236.25000,133400
1552055400,234.96001,236.32001,232.85001,235.61000,123200
1552311000,236.96001,242.44000,236.96001,242.41000,158700
1552397400,243.09000,243.87000,239.96001,240.34000,166700
1552483800,241.28999,244.00999,240.00000,243.57001,99500
1552570200,242.07001,246.92000,241.75999,246.47000,181300
1552656600,246.47000,250.59000,245.88000,248.19000,451300
1552915800,248.48000,251.24001,248.48000,250.70000,204200
1553002200,251.67999,252.49001,248.33000,249.31000,187100
1553088600,248.32001,250.17999,247.00000,248.11000,203600
1553175000,247.06000,247.83000,243.49001,244.27000,197500
1553261400,241.92999,243.08000,239.62000,241.42999,136800
1553520600,241.91000,242.92999,239.64000,239.88000,121900
1553607000,241.48000,242.39000,239.61000,240.78000,96300
1553693400,241.11000,243.20000,237.31000,239.28999,168100
1553779800,239.20000,241.36000,236.36000,238.99001,140200
1553866200,240.37000,240.94000,236.77000,239.95000,217300
1554125400,243.17999,244.17999,241.06000,242.56000,152700
1554211800,242.00999,243.56000,240.72000,243.10001,224700
1554298200,244.17999,245.30000,242.23000,243.53999,162100
1554384600,243.07001,245.23000,242.39999,243.47000,144400
1554471000,244.58000,246.14999,242.71001,245.28000,187200
1554730200,244.61000,246.37000,243.14000,245.47000,374400
1554816600,243.00999,244.13000,240.00000,240.05000,221700
1554903000,239.75999,242.22000,239.16000,241.63000,195600
1554989400,241.80000,242.55000,240.41000,241.00000,127100
1555075800,242.64000,242.81000,239.00000,241.85001,167300
1555335000,235.00000,235.87000,233.03999,233.99001,203300
1555421400,234.70000,235.34000,232.69000,234.60001,202300
1555507800,234.72000,235.24001,231.70000,232.36000,241300
1555594200,232.69000,232.85001,228.03000,231.34000,198400
1555939800,229.81000,233.30000,229.27000,233.17999,215700
1556026200,233.55000,235.39000,231.96001,233.75999,225100
1556112600,232.96001,233.53000,230.05000,233.27000,323700
1556199000,233.00000,234.39999,231.57001,233.70000,147800
1556285400,232.84000,236.55000,231.67000,236.39000,198800
1556544600,236.94000,239.17000,235.81000,237.39000,168800
1556631000,237.34000,238.42999,235.75999,236.89999,250300
1556717400,238.06000,239.50999,236.42000,236.80000,104300
1556803800,236.16000,239.53000,235.82001,237.80000,198600
1556890200,239.36000,239.94000,235.94000,238.17000,203100
1557149400,237.53000,238.89000,234.00000,237.44000,174600
1557235800,235.73000,238.05000,233.42999,234.25999,436100
1557322200,234.06000,234.06000,226.39000,226.47000,439300
1557408600,223.92999,226.17999,220.59000,225.23000,204500
1557495000,225.28000,225.53000,220.25000,223.85001,259700
1557754200,220.03999,221.41000,215.67000,215.78000,251500
1557840600,217.94000,220.09000,214.66000,218.59000,399800
1557927000,217.78000,218.81000,215.75999,216.38000,264100
1558013400,216.60001,218.39000,216.38000,217.50999,247400
1558099800,217.05000,218.71001,216.02000,217.83000,440900
1558359000,217.45000,220.75999,215.77000,220.28999,530600
1558445400,220.30000,224.55000,219.98000,223.92999,1009500
1558531800,223.98000,226.24001,222.39000,225.53999,440800
1558618200,225.00000,226.30000,220.89999,223.75999,379100
1558704600,224.67999,225.00000,220.87000,221.08000,332600
1559050200,221.30000,222.45000,219.38000,219.60001,678800
1559136600,218.42000,220.39000,216.55000,219.71001,383200
1559223000,219.59000,223.37000,219.59000,221.78000,218200
1559309400,220.83000,224.38000,218.64000,223.80000,407000
1559568600,224.59000,225.38000,221.42000,222.33000,168500
1559655000,223.75999,224.64999,221.17000,223.84000,414900
1559741400,223.82001,224.53000,221.55000,222.39000,164800
1559827800,223.08000,225.14999,223.07001,224.74001,430500
1559914200,224.99001,229.41000,224.99001,228.97000,244300
1560173400,230.12000,230.57001,226.73000,228.88000,146900
1560259800,230.42999,232.39999,227.09000,227.92999,168800
1560346200,226.96001,227.72000,222.80000,223.60001,289800
1560432600,223.14999,224.09000,220.25000,220.58000,309800
1560519000,220.10001,221.05000,218.16000,220.92000,197500
1560778200,221.22000,221.32001,218.41000,218.50000,425600
1560864600,219.55000,221.22000,218.30000,220.25000,367800
1560951000,220.50000,222.03000,218.84000,219.55000,478000
1561037400,222.45000,225.48000,220.00999,222.66000,608000
1561123800,222.00000,227.61000,220.77000,225.87000,3298400
1561383000,224.37000,227.86000,224.37000,227.00000,264300
1561469400,226.66000,230.91000,226.30000,227.06000,804500
1561555800,227.27000,228.94000,226.19000,228.87000,874800
1561642200,229.57001,231.47000,227.94000,231.00000,403600
1561728600,231.87000,231.87000,227.36000,228.91000,558600
1561987800,231.03999,231.69000,228.50000,230.86000,179000
1562074200,230.98000,233.61000,229.70000,232.53000,333100
1562160600,232.11000,235.10001,231.75000,234.77000,183900
1562333400,235.10001,238.73000,235.07001,238.37000,434300
1562592600,237.97000,240.88000,236.47000,238.19000,390100
1562679000,237.23000,239.03999,235.82001,238.78999,398300
1562765400,239.57001,239.57001,235.50999,235.82001,216900
1562851800,235.50000,238.06000,234.58000,236.28000,205100
1562938200,237.03999,237.03999,234.78000,235.86000,232700
1563197400,236.09000,238.17999,233.16000,233.30000,379500
1563283800,233.00000,236.96001,231.19000,236.28000,374900
1563370200,236.34000,238.19000,235.00999,235.25999,204600
1563456600,234.62000,237.38000,233.89999,236.38000,366200
1563543000,236.60001,238.24001,230.05000,230.55000,260000
1563802200,230.86000,231.37000,227.82001,227.99001,607900
1563888600,227.94000,228.84000,225.61000,226.48000,438200
1563975000,226.00999,229.16000,226.00999,228.53000,172700
1564061400,228.60001,228.89000,226.74001,228.14000,152900
1564147800,228.50000,230.48000,228.06000,229.59000,164200
1564407000,228.97000,229.64000,222.64999,224.42000,308000
1564493400,222.83000,223.34000,218.50000,218.96001,188700
1564579800,218.84000,219.66000,217.30000,217.99001,491900
1564666200,218.16000,221.20000,216.00000,217.19000,220300
1564752600,216.24001,216.96001,212.73000,214.60001,209400
1565011800,211.83000,212.59000,208.03000,209.16000,277100
1565098200,210.57001,212.19000,208.36000,210.11000,337000
1565184600,207.42999,214.35001,206.25000,213.53999,238500
1565271000,213.63000,215.50000,212.52000,214.84000,271600
1565357400,216.99001,216.99001,206.77000,207.39999,561400
1565616600,205.78999,207.42000,201.97000,202.14999,399600
1565703000,203.41000,209.88000,202.07001,207.92999,525900
1565789400,204.64999,206.69000,201.19000,201.19000,300300
1565875800,202.39999,203.42999,200.34000,202.17999,450400
1565962200,204.17000,207.83000,204.02000,206.25000,568800
1566221400,207.97000,208.39999,205.36000,206.47000,323200
1566307800,205.75000,207.37000,204.89000,205.53000,357600
1566394200,206.57001,207.87000,205.23000,206.14999,328500
1566480600,206.64999,208.85001,203.59000,203.71001,236800
1566567000,203.53999,205.75999,201.11000,201.33000,350300
1566826200,202.33000,203.46001,199.83000,200.78000,142700
1566912600,200.23000,203.73000,200.20000,201.20000,481700
1566999000,200.14999,202.20000,200.14999,201.60001,239000
1567085400,202.91000,204.62000,202.59000,203.34000,207500
1567171800,204.11000,207.12000,203.16000,207.12000,224800
1567517400,206.06000,206.48000,204.38000,205.00999,252100
1567603800,206.80000,207.48000,204.14000,205.38000,277000
1567690200,208.75000,212.67000,207.24001,211.61000,389300
1567776600,212.55000,214.44000,210.67000,212.73000,247600
1568035800,213.67999,213.95000,209.36000,211.72000,405700
1568122200,211.47000,212.94000,210.47000,212.24001,201400
1568208600,213.42000,213.80000,211.83000,213.80000,187700
1568295000,213.53000,215.13000,211.82001,214.41000,138200
1568381400,215.74001,216.71001,213.45000,215.45000,175500
1568640600,215.14999,216.69000,214.17999,216.61000,170500
1568727000,215.78000,215.78000,211.88000,214.20000,228100
1568813400,213.67000,214.91000,212.80000,214.22000,175000
1568899800,213.99001,214.81000,210.17999,212.12000,210700
1568986200,212.28999,213.89000,209.17000,209.37000,559500
1569245400,209.95000,210.57001,206.32001,207.70000,309900
1569331800,206.28000,207.75999,203.39999,207.25999,978200
1569418200,207.25999,210.38000,206.23000,209.97000,400800
1569504600,209.80000,212.33000,208.72000,212.12000,236000
1569591000,213.81000,214.98000,211.22000,212.64999,636000
1569850200,212.57001,212.89999,208.44000,208.44000,364900
1569936600,205.37000,205.67000,200.78999,204.11000,601900
1570023000,204.14999,204.14999,200.22000,202.03999,438900
1570109400,202.10001,205.37000,200.47000,203.56000,176400
1570195800,203.99001,208.33000,203.99001,207.64999,284200
1570455000,206.71001,210.12000,206.23000,207.03000,248000
1570541400,205.78999,208.28000,204.85001,205.14000,329400
1570627800,206.41000,206.75000,203.96001,204.00000,239300
1570714200,203.64999,205.17000,203.00000,203.13000,380900
1570800600,204.60001,210.86000,204.23000,208.78000,144400
1571059800,207.62000,209.55000,207.22000,208.56000,152400
1571146200,209.39999,210.52000,208.28000,209.97000,443800
1571232600,209.88000,211.03999,206.50000,209.28000,213300
1571319000,210.35001,211.81000,209.14000,209.25000,161200
1571405400,209.21001,213.20000,209.21001,209.83000,174300
1571664600,211.21001,211.34000,207.94000,209.96001,170000
1571751000,208.14999,209.77000,206.38000,207.66000,180900
1571837400,207.44000,212.42000,207.21001,212.05000,244600
1571923800,213.00000,215.53999,211.73000,214.97000,561100
1572010200,215.14999,215.58000,211.52000,212.64000,168400
1572269400,212.75999,214.74001,212.23000,213.84000,164900
1572355800,213.86000,214.80000,212.27000,213.72000,182000
1572442200,213.55000,213.78000,209.35001,211.99001,229700
1572528600,211.34000,214.16000,209.38000,214.03999,298700
1572615000,215.00000,216.56000,213.19000,216.56000,200000
1572877800,218.69000,219.12000,213.88000,214.94000,203600
1572964200,214.42999,215.64000,210.22000,212.53999,284500
1573050600,211.61000,212.63000,210.23000,212.52000,171500
1573137000,213.89999,217.52000,213.33000,217.33000,314700
1573223400,217.57001,217.57001,204.41000,206.75000,351100
1573482600,205.25000,207.52000,204.67999,205.82001,406300
1573569000,206.52000,206.52000,203.53999,203.77000,349800
1573655400,203.05000,206.10001,202.50000,204.67000,239800
1573741800,204.75999,204.98000,202.96001,203.94000,166500
1573828200,204.41000,210.85001,204.41000,210.61000,231100
1574087400,210.66000,212.16000,209.37000,210.82001,173900
1574173800,210.86000,210.86000,205.60001,208.19000,200700
1574260200,207.70000,208.17999,205.74001,207.08000,155100
1574346600,208.17999,208.39999,205.28999,208.02000,160800
1574433000,208.81000,209.28999,206.11000,207.75999,159800
1574692200,208.48000,210.46001,207.80000,209.67000,149000
1574778600,208.98000,209.35001,206.63000,207.64000,433700
1574865000,208.08000,211.14000,206.42000,210.53000,259700
1575037800,209.55000,211.60001,207.99001,211.19000,129000
1575297000,211.53999,212.97000,208.87000,211.58000,211600
1575383400,209.66000,209.89000,206.17000,206.50999,195700
1575469800,206.28000,208.63000,205.45000,207.12000,160700
1575556200,207.25999,207.33000,203.64000,206.42999,276500
1575642600,207.21001,209.32001,206.80000,207.73000,195500
1575901800,207.70000,208.89999,206.89999,207.58000,135100
1575988200,207.02000,208.17000,203.28000,203.89000,486700
1576074600,204.32001,205.44000,203.25000,204.67000,459400
1576161000,204.81000,210.62000,204.81000,208.38000,169700
1576247400,208.41000,210.35001,206.56000,207.89999,289300
1576506600,208.81000,209.91000,207.08000,207.20000,209200
1576593000,207.98000,210.80000,206.78000,210.56000,276100
1576679400,211.07001,212.17000,210.59000,211.98000,316200
1576765800,211.84000,214.89999,211.21001,214.63000,195900
1576852200,213.50000,215.46001,212.85001,214.33000,440000
1577111400,214.35001,216.42000,212.72000,215.55000,149900
1577197800,215.50000,215.64000,213.25000,213.60001,45200
1577370600,213.75999,215.80000,213.61000,215.03000,73700
1577457000,215.21001,215.96001,214.34000,215.34000,72000
1577716200,215.38000,215.38000,213.46001,214.03000,104100
1577802600,213.56000,214.25999,212.24001,213.13000,107600
1577975400,213.69000,219.44000,213.69000,219.23000,173400
1578061800,216.64000,218.35001,215.50999,217.89999,142700
1578321000,216.63000,216.78000,214.61000,216.61000,189500
1578407400,215.24001,216.05000,209.49001,209.50000,309800
1578493800,208.85001,212.42999,208.85001,210.50999,193200
1578580200,211.69000,213.19000,209.78999,212.78000,326100
1578666600,213.34000,213.42999,209.83000,210.57001,193400
1578925800,211.03000,212.77000,208.63000,211.56000,236100
1579012200,211.20000,212.80000,208.84000,210.95000,228200
1579098600,211.35001,214.83000,209.97000,213.58000,313200
1579185000,214.59000,219.81000,213.89999,215.85001,274700
1579271400,215.88000,217.17999,212.41000,216.85001,262100
1579617000,216.32001,218.50000,214.74001,218.00000,187500
1579703400,218.80000,220.25000,218.44000,219.48000,265300
1579789800,218.85001,219.92999,217.50999,219.22000,122900
1579876200,219.75999,219.75999,216.32001,217.47000,147500
1580135400,214.32001,214.32001,211.13000,211.13000,166700
1580221800,212.37000,214.23000,211.95000,213.38000,167000
1580308200,214.03999,214.69000,212.48000,213.13000,238700
1580394600,211.74001,212.53999,207.24001,210.39000,295600
1580481000,208.89999,209.17000,205.16000,206.58000,328900
1580740200,207.89000,210.39999,206.89000,208.84000,151600
1580826600,211.17999,214.63000,210.64999,214.39000,170900
1580913000,216.34000,219.50000,215.09000,215.63000,233800
1580999400,215.57001,215.57001,198.92999,203.00999,989300
1581085800,203.00000,203.96001,199.53999,201.25000,280400
1581345000,200.88000,205.39000,200.60001,204.49001,242000
1581431400,205.61000,207.67999,204.35001,204.82001,274400
1581517800,204.06000,211.00999,204.00000,208.56000,348600
1581604200,208.57001,209.00999,206.69000,206.83000,221300
1581690600,207.00000,207.12000,203.00000,204.05000,250300
1582036200,202.58000,203.42000,201.23000,201.41000,395300
1582122600,202.75999,203.37000,200.75999,201.24001,216200
1582209000,201.09000,201.50999,198.88000,199.00999,294000
1582295400,198.99001,200.78999,198.35001,199.22000,313800
1582554600,195.53000,196.89000,192.87000,193.92000,359900
1582641000,194.47000,195.22000,187.55000,187.85001,249700
1582727400,189.62000,191.53000,188.30000,189.38000,350200
1582813800,187.85001,189.67000,182.80000,182.81000,221200
1582900200,180.14000,182.03000,175.03999,181.27000,570600
1583159400,181.96001,191.14000,180.94000,190.14000,356100
1583245800,190.35001,193.48000,184.89999,187.30000,306400
1583332200,189.86000,198.99001,188.63000,198.98000,314100
1583418600,194.39999,196.92000,190.00000,192.25999,397800
1583505000,188.37000,189.00999,181.96001,186.55000,455100
1583760600,175.00000,177.82001,172.71001,174.62000,318300
1583847000,180.50000,182.60001,173.21001,181.98000,488500
1583933400,177.67000,178.63000,170.72000,170.96001,407500
1584019800,147.50000,159.17999,147.10001,153.37000,507100
1584106200,165.00999,174.83000,156.42999,173.85001,481000
1584365400,155.88000,162.53000,148.56000,149.41000,442700
1584451800,151.89000,155.67999,145.78000,146.70000,332400
1584538200,138.72000,139.96001,126.91000,135.28999,374800
1584624600,134.19000,138.49001,128.09000,135.07001,395500
1584711000,137.95000,145.00000,131.37000,132.83000,760000
1584970200,131.60001,134.60001,121.24000,124.16000,430800
1585056600,129.70000,131.75000,125.18000,128.25000,596300
1585143000,128.75999,131.95000,126.75000,128.00000,1213700
1585229400,128.67000,134.74001,126.65000,129.62000,1710000
1585315800,125.27000,129.60001,118.00000,125.85000,830800
1585575000,126.62000,133.91000,123.23000,133.10001,434000
1585661400,131.48000,147.48000,131.11000,143.07001,727000
1585747800,138.28000,139.91000,131.35001,133.88000,479300
1585834200,133.88000,139.50000,132.89999,136.64000,619700
1585920600,135.44000,136.86000,129.41000,129.55000,322200
1586179800,134.58000,137.41000,132.56000,133.84000,678900
1586266200,138.99001,141.55000,132.07001,132.32001,409700
1586352600,133.21001,137.22000,130.98000,136.36000,365800
1586439000,131.67999,136.22000,129.75000,135.62000,439100
1586784600,136.03000,136.03000,129.17999,134.28999,179300
1586871000,138.44000,138.44000,132.72000,137.75000,995200
1586957400,133.72000,141.02000,131.86000,138.92999,690800
1587043800,138.92999,142.48000,138.50000,141.50999,583400
1587130200,145.39999,146.97000,140.78999,144.02000,622200
1587389400,141.74001,145.14999,141.03999,142.87000,562500
1587475800,138.95000,141.59000,136.06000,138.21001,456800
1587562200,140.64999,141.52000,136.34000,138.62000,427000
1587648600,138.66000,141.03000,135.75000,137.03999,384600
1587735000,136.77000,137.49001,133.62000,134.21001,339500
1587994200,135.03999,139.16000,134.20000,137.64999,298500
1588080600,141.00000,141.89999,139.32001,139.92999,272500
1588167000,143.03999,150.20000,142.84000,149.09000,543900
1588253400,147.34000,149.50000,147.13000,149.02000,525900
1588339800,146.25000,147.11000,138.67000,139.57001,184200
1588599000,137.67000,142.33000,135.27000,141.80000,214500
1588685400,142.89999,147.88000,141.64999,142.57001,498900
1588771800,143.09000,144.22000,140.39000,142.21001,155900
1588858200,144.39000,146.98000,141.37000,143.62000,362900
1588944600,147.86000,148.47000,145.00000,145.66000,366600
1589203800,143.63000,144.06000,140.10001,141.92000,318800
1589290200,143.11000,144.30000,140.73000,141.00999,469700
1589376600,141.28999,141.28999,134.92999,135.60001,346400
1589463000,134.16000,138.17999,131.89000,135.99001,418700
1589549400,135.02000,136.35001,132.55000,133.64999,224600
1589808600,137.16000,140.41000,133.95000,135.81000,436900
1589895000,135.59000,136.42000,132.64999,132.91000,605200
1589981400,134.89999,135.86000,132.50000,133.00999,343600
1590067800,133.42999,134.52000,132.89999,134.34000,294900
1590154200,133.35001,134.19000,131.37000,132.50999,252100
1590499800,136.57001,138.89000,134.53999,136.25999,360000
1590586200,140.57001,143.95000,139.07001,141.64000,480200
1590672600,142.63000,142.84000,139.53000,142.42999,457600
1590759000,140.77000,141.22000,134.50000,137.82001,809000
1591018200,138.92000,142.64999,138.67999,140.55000,391600
1591104600,142.50000,144.50000,141.60001,144.05000,303500
1591191000,146.91000,152.72000,145.97000,151.95000,457200
1591277400,151.11000,156.57001,149.84000,155.17000,449400
1591363800,161.31000,166.83000,159.89000,166.35001,1061000
1591623000,168.72000,172.12000,167.61000,169.64999,398900
1591709400,165.00000,166.67999,161.42000,165.98000,461800
1591795800,164.42000,165.89000,160.09000,160.34000,653500
1591882200,154.85001,158.09000,153.66000,154.00999,483800
1591968600,158.71001,158.95000,152.47000,156.38000,380400
1592227800,152.13000,159.74001,151.49001,157.72000,397200
1592314200,162.58000,163.53000,155.44000,156.33000,484700
1592400600,155.57001,157.95000,151.63000,154.47000,981600
1592487000,153.73000,155.39000,149.39999,149.92000,359900
1592573400,152.28999,152.28999,147.64999,147.92999,1102800
1592832600,147.49001,147.49001,144.83000,145.21001,361800
1592919000,146.32001,147.05000,141.63000,142.87000,622800
1593005400,140.88000,140.88000,137.09000,139.77000,508800
1593091800,138.74001,139.74001,136.17999,136.78999,592000
1593178200,135.60001,137.28999,134.75000,135.10001,301100
1593437400,135.30000,136.13000,133.49001,135.30000,253600
1593523800,134.28999,135.39999,132.94000,133.67000,270000
1593610200,133.44000,137.28000,133.21001,133.89000,270300
1593696600,135.39000,137.60001,131.53999,132.13000,426000
1594042200,135.00000,135.42000,132.25000,133.24001,881600
1594128600,132.23000,133.34000,130.47000,133.28999,809900
1594215000,133.83000,134.72000,129.41000,129.58000,700500
1594301400,129.08000,129.16000,125.00000,125.10000,358600
1594387800,125.41000,129.21001,124.72000,128.74001,421300
1594647000,129.82001,130.36000,125.59000,127.69000,599100
1594733400,127.53000,127.68000,124.30000,127.00000,444000
1594819800,129.17000,131.42999,127.98000,130.50999,335300
1594906200,129.69000,132.23000,128.53999,128.82001,240700
1594992600,129.00999,129.00999,126.29000,128.50999,249800
1595251800,127.40000,128.73000,126.24000,126.25000,201300
1595338200,127.34000,129.59000,126.71000,127.99000,739300
1595424600,126.90000,129.35001,125.41000,126.83000,372700
1595511000,126.67000,129.42000,126.50000,128.69000,460000
1595597400,128.41000,129.25000,126.75000,127.27000,117000
1595856600,126.33000,126.63000,123.88000,126.42000,200600
1595943000,126.50000,127.74000,124.90000,125.92000,305500
1596029400,126.33000,129.19000,125.99000,129.14000,572700
1596115800,127.85000,129.23000,126.02000,129.11000,328200
1596202200,128.94000,128.94000,124.95000,127.17000,352300
1596461400,126.93000,128.66000,125.25000,127.27000,358600
1596547800,127.74000,127.74000,124.56000,124.61000,305800
1596634200,125.83000,127.34000,124.82000,125.08000,459000
1596720600,123.48000,125.15000,122.36000,124.20000,372200
1596807000,124.24000,129.42000,122.63000,128.45000,551100
1597066200,128.28000,129.33000,126.39000,128.84000,280400
1597152600,130.85001,132.38000,129.14999,129.23000,269600
1597239000,130.81000,131.88000,128.66000,130.88000,248200
1597325400,130.64000,132.70000,127.70000,131.83000,264100
1597411800,130.62000,132.37000,130.55000,131.86000,232200
1597671000,131.59000,131.87000,128.69000,129.25000,841900
1597757400,128.80000,130.92999,128.80000,130.28000,255500
1597843800,130.07001,131.42999,129.35001,129.42999,305400
1597930200,128.35001,129.77000,127.00000,128.03000,538600
1598016600,127.03000,127.39000,125.32000,126.15000,271700
1598275800,126.42000,128.96001,126.42000,128.75000,192800
1598362200,129.78000,130.17000,128.64000,130.00000,160200
1598448600,130.21001,130.21001,128.21001,129.63000,224500
1598535000,129.47000,131.58000,129.03000,130.39000,192100
1598621400,130.33000,131.03999,128.70000,130.00000,260100
1598880600,130.25000,130.67999,128.56000,130.48000,239100
1598967000,130.11000,132.44000,129.03999,131.24001,207900
1599053400,131.75000,132.62000,131.00000,131.50999,246000
1599139800,131.39000,134.24001,131.39000,132.78000,196800
1599226200,133.75000,133.96001,129.53999,132.39000,188100
1599571800,130.99001,131.98000,129.00000,129.69000,414000
1599658200,130.50999,133.13000,129.30000,130.84000,262200
1599744600,130.98000,132.50999,128.64999,128.64999,218100
1599831000,128.80000,129.31000,126.58000,127.76000,186600
1600090200,128.61000,130.50999,127.68000,129.72000,239200
1600176600,130.12000,131.57001,129.08000,129.78999,277300
1600263000,129.77000,132.00000,129.77000,130.08000,394100
1600349400,129.13000,132.16000,129.13000,131.48000,213300
1600435800,131.08000,131.53999,128.42000,128.85001,577500
1600695000,126.78000,127.99000,125.54000,126.08000,237600
1600781400,126.07000,127.56000,124.64000,125.14000,239000
1600867800,125.14000,126.73000,123.15000,123.27000,256000
1600954200,123.30000,126.92000,121.13000,125.28000,388600
1601040600,124.22000,125.16000,122.09000,123.29000,145000
1601299800,124.55000,126.67000,123.28000,123.53000,211100
1601386200,123.15000,123.70000,121.64000,123.25000,328300
1601472600,124.16000,125.69000,123.41000,123.99000,198800
1601559000,123.84000,125.94000,122.16000,123.46000,290500
1601645400,122.98000,124.55000,122.42000,124.03000,212100
1601904600,125.23000,125.25000,123.64000,124.15000,215500
1601991000,125.00000,130.35001,124.62000,128.67000,475400
1602077400,129.00000,129.82001,125.13000,125.43000,356800
1602163800,125.99000,127.89000,125.40000,127.71000,1047600
1602250200,128.14999,129.71001,126.40000,126.51000,493800
1602509400,126.05000,126.29000,123.73000,124.21000,403700
1602595800,125.00000,125.00000,121.94000,121.99000,298000
1602682200,121.81000,123.01000,120.07000,120.78000,276200
1602768600,119.84000,121.05000,119.47000,120.71000,206200
1602855000,120.71000,121.13000,119.40000,120.04000,176300
1603114200,120.82000,122.20000,120.15000,120.46000,301100
1603200600,121.91000,122.38000,120.10000,120.48000,405600
1603287000,120.95000,124.98000,120.51000,123.47000,417600
1603373400,123.86000,126.41000,121.59000,121.77000,717500
1603459800,122.74000,123.37000,120.30000,121.43000,1108200
1603719000,120.91000,121.29000,118.86000,120.22000,300700
1603805400,121.57000,121.57000,119.36000,119.96000,465200
1603891800,118.72000,118.72000,113.64000,115.20000,479300
1603978200,114.36000,115.00000,111.40000,114.21000,378100
1604064600,114.16000,114.76000,112.32000,114.68000,493500
1604327400,115.76000,118.76000,114.10000,117.36000,311600
1604413800,119.02000,120.28000,118.49000,119.74000,404500
1604500200,117.99000,122.06000,117.99000,118.86000,663200
1604586600,120.00000,122.33000,119.02000,121.69000,486800
1604673000,122.76000,122.78000,117.80000,118.75000,398800
1604932200,125.14000,141.53999,123.89000,137.50000,1026300
1605018600,126.00000,126.00000,110.47000,112.92000,2112400
1605105000,114.04000,119.70000,114.00000,119.42000,1034400
1605191400,118.05000,122.92000,116.44000,119.90000,645600
1605277800,120.94000,126.43000,120.94000,125.18000,938300
1605537000,122.00000,128.49001,121.02000,127.53000,441400
1605623400,126.41000,134.39999,124.41000,134.08000,832400
1605709800,135.19000,137.39999,133.28999,135.00999,492200
1605796200,134.41000,134.89000,131.02000,133.59000,307400
1605882600,132.89000,134.58000,132.06000,133.23000,205500
1606141800,135.00000,136.52000,132.81000,136.36000,586300
1606228200,139.07001,146.98000,137.80000,146.39000,474000
1606314600,145.07001,151.91000,144.27000,151.63000,649400
1606487400,152.56000,155.10001,151.00000,155.05000,282500
1606746600,154.03000,154.96001,151.23000,153.91000,1235100
1606833000,156.57001,157.62000,153.32001,157.30000,548700
1606919400,157.52000,161.34000,155.73000,161.30000,479100
1607005800,162.33000,166.96001,161.32001,164.56000,635900
1607092200,166.11000,168.67999,163.67000,166.39999,450700
1607351400,165.16000,166.13000,161.95000,163.95000,343200
1607437800,162.74001,164.67000,161.60001,163.72000,264500
1607524200,164.91000,165.00000,160.75999,162.86000,263000
1607610600,162.03000,165.81000,161.17999,162.72000,412500
1607697000,161.07001,164.05000,160.14999,160.63000,222500
1607956200,162.71001,164.78999,161.09000,161.53999,419600
1608042600,162.14999,166.00000,161.39999,164.14000,365800
1608129000,163.53000,163.53000,158.49001,162.39999,241800
1608215400,163.53999,163.78999,160.72000,161.63000,231000
1608301800,161.41000,162.92999,159.80000,161.57001,456000
1608561000,160.95000,161.63000,156.89000,158.30000,267100
1608647400,159.02000,162.28999,158.39999,161.89999,436300
1608733800,163.00000,165.59000,162.75999,165.13000,285000
1608820200,166.00000,166.00000,163.30000,165.00000,72600
1609165800,165.12000,166.00000,163.71001,165.00000,166100
1609252200,165.97000,166.99001,164.35001,164.89999,159000
1609338600,166.00000,167.30000,163.00999,163.64999,204000
1609425000,164.24001,164.30000,159.55000,164.02000,242800
1609770600,164.47000,164.50000,156.55000,157.60001,309500
1609857000,157.75000,159.46001,156.02000,156.81000,368300
1609943400,158.81000,164.67000,158.81000,162.67000,274200
1610029800,164.39000,165.39999,161.94000,164.34000,288000
1610116200,164.34000,166.52000,162.50999,165.80000,336100
1610375400,164.61000,167.48000,164.00000,164.98000,232900
1610461800,166.00000,166.21001,163.72000,165.28000,170800
1610548200,164.50999,165.99001,158.49001,159.53000,580100
1610634600,159.94000,162.45000,158.50000,158.57001,308300
1610721000,157.05000,157.84000,151.86000,153.89999,509300
1611066600,154.10001,157.42999,154.10001,155.49001,271300
1611153000,155.67999,156.89999,154.89999,155.67000,205200
1611239400,154.75999,155.88000,151.83000,154.05000,260400
1611325800,152.48000,155.05000,151.91000,154.84000,461600
1611585000,154.02000,154.75999,153.19000,154.02000,321400
1611671400,154.74001,155.53999,151.75999,155.06000,266100
1611757800,153.37000,154.20000,150.78999,152.69000,810800
1611844200,152.67000,153.35001,150.00000,152.10001,533400
1611930600,152.12000,155.16000,150.13000,150.33000,630900
1612189800,152.06000,152.95000,151.02000,152.00000,385900
1612276200,154.17999,154.97000,152.63000,153.64000,173800
1612362600,153.94000,157.34000,153.64999,155.50000,299200
1612449000,156.56000,156.99001,155.13000,155.89999,222800
1612535400,156.99001,158.57001,156.11000,158.09000,138000
1612794600,158.34000,159.50999,157.78000,159.06000,204200
1612881000,157.92999,166.28000,156.61000,165.89000,361100
1612967400,165.75000,168.55000,165.75000,167.42000,506300
1613053800,166.66000,166.87000,161.87000,162.67000,269200
1613140200,163.34000,165.97000,161.71001,165.73000,125700
1613485800,167.41000,169.50000,164.91000,165.19000,202100
1613572200,165.70000,168.48000,164.19000,167.94000,303800
1613658600,167.31000,168.21001,162.00999,162.25000,724400
1613745000,162.44000,164.19000,161.06000,163.71001,396700
1614004200,163.62000,165.14999,161.64999,162.94000,335200
1614090600,163.82001,164.80000,162.27000,164.08000,236700
1614177000,164.46001,165.09000,163.64999,164.38000,330200
1614263400,165.28999,165.28999,160.98000,162.02000,369500
1614349800,162.12000,163.00999,158.59000,160.00999,397800
1614609000,162.47000,163.71001,158.71001,158.75999,316700
1614695400,158.39999,159.81000,157.50000,158.94000,239400
1614781800,159.48000,159.91000,157.25999,158.32001,475200
1614868200,159.46001,159.78000,154.91000,156.02000,287200
1614954600,158.31000,158.56000,152.35001,155.50999,574300
1615213800,155.82001,157.89000,152.34000,152.70000,407200
1615300200,152.23000,155.58000,150.39000,152.34000,536900
1615386600,152.57001,155.20000,151.92999,153.32001,325800
1615473000,153.47000,155.19000,152.39000,152.99001,354200
1615559400,153.56000,154.39000,150.72000,151.91000,347600
1615815000,151.89000,153.91000,151.62000,153.00999,450900
1615901400,152.58000,154.12000,151.39999,151.64000,200600
1615987800,151.86000,152.94000,147.91000,149.56000,637800
1616074200,149.94000,150.61000,147.34000,147.66000,357800
1616160600,146.72000,148.20000,145.25999,146.78999,535400
1616419800,146.67000,146.67000,143.50000,144.38000,431800
1616506200,143.35001,144.24001,140.10001,140.75000,263200
1616592600,138.14999,141.86000,138.10001,138.75000,479400
1616679000,138.12000,139.42000,135.46001,137.92000,390800
1616765400,138.99001,141.44000,136.85001,139.23000,345800
1617024600,137.53999,139.37000,136.10001,137.07001,196600
1617111000,137.27000,138.77000,136.64000,138.77000,224100
1617197400,138.00000,139.00000,136.42999,136.57001,414600
1617283800,136.47000,138.38000,136.47000,137.53999,281100
1617629400,139.08000,140.39999,136.95000,140.00999,260000
1617715800,139.67999,146.77000,138.96001,146.55000,547300
1617802200,146.53999,148.00000,143.99001,145.39000,616700
1617888600,145.67000,153.41000,145.35001,153.21001,474400
1617975000,152.77000,154.00000,148.53000,150.00000,730500
1618234200,145.00000,147.24001,140.75000,146.53000,976900
1618320600,143.71001,147.16000,142.47000,145.17000,624400
1618407000,145.82001,145.89999,142.67999,143.92999,302200
1618493400,144.74001,145.00000,140.08000,141.84000,517800
1618579800,142.44000,143.28000,138.64999,141.03999,706000
1618839000,141.31000,141.31000,133.69000,134.09000,753200
1618925400,131.42000,131.87000,126.55000,127.02000,1134800
1619011800,124.19000,126.64000,122.06000,125.18000,1219900
1619098200,124.91000,125.40000,122.50000,122.59000,642000
1619184600,122.09000,122.69000,118.51000,120.16000,966000
1619443800,121.28000,122.43000,118.01000,121.76000,1308900
1619530200,122.91000,123.55000,121.04000,121.35000,682400
1619616600,120.87000,121.91000,119.02000,120.68000,948400
1619703000,121.35000,121.40000,119.04000,120.42000,678500
1619789400,119.45000,121.61000,119.23000,119.40000,1066500
1620048600,119.99000,120.90000,118.95000,119.24000,966900
1620135000,119.45000,120.14000,116.59000,117.72000,429300
1620221400,118.25000,118.25000,115.52000,116.02000,423800
1620307800,115.49000,116.87000,113.31000,116.72000,876200
1620394200,118.32000,123.00000,117.41000,121.12000,1359900
1620653400,121.10000,133.95000,121.10000,133.50000,1401500
1620739800,131.53000,133.70000,130.07001,133.28999,767800
1620826200,134.39999,143.06000,134.39999,139.92999,1588300
1620912600,139.52000,144.47000,139.52000,141.92999,769200
1620999000,142.17999,145.87000,142.05000,145.78000,640400
1621258200,146.16000,146.77000,142.35001,144.27000,813100
1621344600,144.77000,145.03999,140.28000,141.02000,624800
1621431000,139.08000,140.20000,137.46001,139.75000,398100
1621517400,140.00000,140.11000,138.08000,138.28000,461200
1621603800,137.16000,137.16000,130.58000,135.00999,1182100
1621863000,134.47000,134.47000,130.85001,132.00999,773200
1621949400,132.52000,132.52000,130.17999,130.58000,417900
1622035800,130.39000,130.89999,128.11000,129.82001,610000
1622122200,131.53999,132.99001,130.10001,131.50000,1137300
1622208600,134.80000,144.32001,133.52000,137.47000,989100
1622554200,137.94000,142.34000,137.02000,138.56000,646700
1622640600,138.44000,142.20000,137.69000,141.34000,657400
1622727000,141.25999,142.39000,139.00000,141.84000,910500
1622813400,142.49001,150.30000,142.44000,149.50999,1111500
1623072600,139.28000,141.81000,131.52000,134.64000,1999500
1623159000,133.89000,134.85001,132.96001,134.03999,1032600
1623245400,129.50000,130.00000,123.80000,125.39000,1786500
1623331800,126.92000,131.00999,125.00000,125.35000,957300
1623418200,125.93000,126.38000,124.30000,125.00000,388100
1623677400,124.84000,125.52000,121.90000,122.01000,650500
1623763800,122.63000,123.49000,120.20000,120.34000,446900
1623850200,118.80000,119.84000,117.54000,117.95000,571600
1623936600,118.15000,121.33000,117.33000,119.99000,714600
1624023000,119.23000,119.86000,115.00000,116.33000,1017800
1624282200,117.36000,117.36000,114.96000,116.58000,378100
1624368600,115.95000,117.08000,114.60000,116.76000,295400
1624455000,117.14000,119.29000,116.26000,116.53000,299300
1624541400,116.63000,118.98000,115.93000,118.04000,509300
1624627800,118.10000,119.79000,117.75000,119.53000,261100
1624887000,117.90000,123.86000,117.62000,123.71000,779300
1624973400,123.48000,126.04000,121.72000,121.99000,418300
1625059800,122.58000,122.58000,119.30000,121.11000,504900
1625146200,121.46000,122.75000,120.46000,120.96000,359200
1625232600,121.14000,121.78000,118.79000,121.19000,532700
1625578200,120.56000,121.30000,119.26000,119.33000,357100
1625664600,118.81000,119.94000,117.89000,119.47000,266800
1625751000,117.38000,119.52000,117.13000,118.31000,341300
1625837400,120.56000,120.82000,118.61000,119.40000,286000
1626096600,118.55000,120.75000,118.20000,120.54000,172900
1626183000,120.98000,121.07000,119.35000,119.55000,313300
1626269400,120.38000,120.88000,118.04000,118.74000,213700
1626355800,118.19000,119.22000,117.49000,118.59000,277700
1626442200,119.61000,121.18000,117.51000,118.80000,429500
1626701400,116.91000,118.54000,115.84000,116.66000,401800
1626787800,116.75000,118.51000,116.75000,118.06000,360300
1626874200,118.96000,122.70000,118.12000,121.85000,301200
1626960600,121.85000,123.25000,121.06000,122.49000,515500
1627047000,122.50000,123.17000,118.25000,119.15000,397500
1627306200,119.79000,121.15000,118.75000,121.14000,223900
1627392600,120.88000,121.64000,119.93000,121.43000,404400
1627479000,122.28000,124.41000,121.40000,122.89000,301500
1627565400,122.91000,123.51000,119.61000,120.69000,716300
1627651800,118.82000,118.82000,99.42000,100.96000,2286300
1627911000,107.72000,110.77000,103.42000,103.99000,1391000
1627997400,104.13000,106.39000,101.00000,101.11000,688600
1628083800,101.19000,103.04000,99.56000,100.70000,816100
1628170200,99.81000,102.10000,99.70000,102.01000,481900
1628256600,102.20000,104.00000,101.17000,102.51000,729800
1628515800,103.13000,103.99000,101.74000,102.26000,607200
1628602200,104.00000,106.88000,104.00000,105.62000,403200
1628688600,106.73000,107.00000,104.11000,104.59000,715400
1628775000,104.50000,105.01000,102.55000,103.50000,710500
1628861400,103.42000,107.51000,99.89000,100.33000,2351800
1629120600,100.01000,102.20000,99.20000,100.58000,884600
1629207000,99.75000,100.94000,94.70000,96.80000,613200
1629293400,96.41000,97.64000,92.34000,92.43000,964700
1629379800,92.33000,93.67000,88.67000,92.30000,1048600
1629466200,92.94000,94.50000,92.57000,94.45000,457500
1629725400,94.61000,100.09000,93.77000,100.00000,675200
1629811800,100.53000,103.81000,99.78000,103.34000,823800
1629898200,103.97000,105.04000,102.13000,104.89000,333000
1629984600,104.44000,105.18000,101.66000,102.65000,326600
1630071000,104.09000,105.53000,102.55000,103.70000,222400
1630330200,103.02000,104.19000,102.22000,103.38000,181000
1630416600,104.06000,107.15000,103.34000,106.63000,550500
1630503000,107.39000,109.87000,104.94000,105.02000,340400
1630589400,104.18000,105.70000,104.16000,104.78000,262000
1630675800,104.41000,106.40000,103.55000,104.61000,275800
1631021400,104.98000,106.91000,104.93000,105.09000,305800
1631107800,105.33000,105.92000,103.15000,103.96000,281300
1631194200,103.50000,105.50000,103.31000,104.19000,376300
1631280600,104.82000,106.91000,104.57000,104.97000,323500
1631539800,105.56000,108.05000,105.29000,107.36000,287600
1631626200,104.74000,106.74000,104.06000,106.27000,255900
1631712600,106.62000,106.96000,105.30000,105.71000,345100
1631799000,106.04000,106.39000,104.63000,105.62000,304100
1631885400,105.73000,107.69000,105.20000,107.25000,594200
1632144600,104.58000,105.72000,103.01000,105.23000,489500
1632231000,106.30000,106.32000,104.41000,104.80000,193900
1632317400,105.19000,107.30000,105.19000,106.11000,199100
1632403800,106.83000,109.25000,105.66000,108.83000,359600
1632490200,108.64000,110.64000,108.08000,109.62000,413800
1632749400,111.22000,115.27000,110.10000,114.25000,1229900
1632835800,114.25000,114.78000,112.83000,113.99000,1163900
1632922200,114.31000,115.80000,111.35000,113.10000,469800
1633008600,114.07000,114.76000,110.78000,110.94000,479000
1633095000,110.75000,114.17000,109.81000,113.29000,292100
1633354200,112.98000,113.80000,110.34000,110.58000,214700
1633440600,111.24000,113.93000,111.20000,113.08000,324300
1633527000,112.39000,115.26000,111.37000,115.13000,255900
1633613400,119.15000,126.87000,118.37000,125.66000,1092400
1633699800,126.00000,127.88000,125.34000,126.94000,566600
1633959000,126.82000,128.85001,126.01000,128.78999,454400
1634045400,129.00000,130.28999,128.63000,129.84000,712800
1634131800,129.50999,130.46001,128.50000,129.84000,527400
1634218200,130.27000,130.27000,128.20000,129.25999,552100
1634304600,131.08000,134.64000,130.47000,134.25999,432000
1634563800,133.05000,134.50999,132.00000,132.50000,372800
1634650200,133.62000,134.67999,132.42000,132.73000,254000
1634736600,131.83000,132.50999,130.64000,131.61000,350300
1634823000,130.38000,132.95000,130.38000,132.75000,199600
1634909400,132.86000,133.13000,130.00000,130.49001,296400
1635168600,131.69000,131.69000,129.67999,131.48000,293000
1635255000,131.72000,131.86000,128.49001,128.92999,849200
1635341400,128.17999,131.03999,127.60000,130.03000,345900
1635427800,129.87000,132.32001,129.23000,130.42999,268500
1635514200,130.19000,130.64000,128.77000,129.66000,474400
1635773400,130.08000,134.82001,129.53000,134.28000,275200
1635859800,133.77000,134.44000,130.66000,132.25000,491900
1635946200,131.50000,133.35001,129.95000,130.23000,533700
1636032600,129.75000,132.39000,126.73000,127.70000,498600
1636119000,129.99001,131.06000,126.32000,127.69000,447600
1636381800,127.94000,128.61000,126.24000,127.11000,404000
1636468200,125.97000,127.88000,124.37000,124.75000,338500
1636554600,124.98000,126.59000,124.95000,125.80000,662300
1636641000,126.64000,128.17000,125.70000,127.61000,254500
1636727400,127.21000,128.27000,127.02000,128.23000,178400
1636986600,127.55000,129.16000,126.07000,126.32000,313300
1637073000,126.03000,127.96000,124.72000,124.90000,257200
1637159400,123.66000,123.66000,119.73000,120.92000,261400
1637245800,120.28000,122.09000,120.13000,120.40000,635000
1637332200,119.91000,121.20000,118.91000,120.35000,430300
1637591400,121.34000,121.34000,117.60000,118.03000,279900
1637677800,118.97000,121.10000,117.74000,120.46000,295800
1637764200,120.16000,122.24000,118.98000,121.86000,277700
1637937000,120.04000,120.05000,113.59000,116.78000,266700
1638196200,118.26000,119.55000,115.36000,118.48000,311700
1638282600,117.20000,119.94000,115.35000,118.00000,689400
1638369000,119.78000,120.00000,112.73000,113.12000,690500
1638455400,114.53000,116.26000,113.01000,115.19000,418000
1638541800,115.58000,118.14000,112.86000,113.69000,241100
1638801000,114.73000,116.47000,114.52000,115.11000,483900
1638887400,115.88000,117.61000,115.70000,116.26000,685400
1638973800,116.30000,117.87000,114.48000,114.99000,279600
1639060200,113.62000,116.09000,113.42000,114.57000,376600
1639146600,115.00000,115.00000,111.81000,112.37000,581400
1639405800,111.78000,113.50000,109.68000,110.31000,425900
1639492200,110.27000,111.07000,108.41000,109.28000,607100
1639578600,109.19000,109.94000,108.05000,108.98000,1420600
1639665000,109.95000,115.78000,109.49000,114.71000,805000
1639751400,114.29000,116.99000,113.44000,116.87000,469200
1640010600,114.46000,116.60000,113.97000,115.46000,314100
1640097000,116.77000,119.89000,116.60000,118.46000,197000
1640183400,118.14000,119.35000,116.66000,118.72000,168500
1640269800,119.17000,120.86000,119.17000,119.89000,143500
1640615400,119.92000,122.92000,119.54000,122.80000,186400
1640701800,122.33000,123.41000,121.13000,122.84000,289400
1640788200,122.85000,123.70000,121.32000,121.77000,181100
1640874600,122.55000,125.46000,122.35000,125.10000,231400
1640961000,124.99000,125.12000,121.96000,122.07000,114600
1641220200,121.93000,124.89000,121.17000,124.19000,183400
1641306600,124.86000,129.17999,124.86000,128.52000,269500
1641393000,129.50000,131.30000,128.85001,129.39999,425600
1641479400,130.55000,133.73000,129.47000,132.06000,229700
1641565800,132.62000,135.75000,132.13000,134.12000,505900
1641825000,134.82001,134.94000,131.14000,131.98000,255000
1641911400,132.00000,138.92000,132.00000,138.09000,316700
1641997800,138.81000,143.84000,138.35001,143.75000,412400
1642084200,143.96001,147.03000,142.47000,145.25000,518600
1642170600,143.94000,145.92999,143.62000,145.02000,247400
1642516200,144.70000,145.75999,142.24001,142.58000,311900
1642602600,143.00000,144.00000,141.89999,142.42000,403600
1642689000,142.36000,144.88000,140.50999,140.75000,374600
1642775400,140.07001,140.35001,136.49001,137.28999,378500
1643034600,134.50000,137.80000,131.73000,137.56000,326000
1643121000,135.13000,139.28000,133.44000,138.10001,280700
1643207400,139.35001,139.86000,134.00000,135.88000,205400
1643293800,137.95000,139.03999,134.75000,136.24001,348500
1643380200,136.14999,139.78999,135.00999,139.59000,196300
1643639400,139.44000,144.24001,139.00000,143.22000,298200
1643725800,142.00000,143.52000,136.70000,138.12000,603000
1643812200,138.10001,139.96001,133.44000,138.35001,617100
1643898600,136.92000,137.02000,133.45000,133.95000,478600
1643985000,133.95000,136.92999,132.80000,135.24001,692600
1644244200,135.28000,136.63000,134.75999,135.00000,242700
1644330600,135.00000,153.23000,132.73000,145.28999,1133800
1644417000,145.58000,153.75000,145.58000,150.80000,669900
1644503400,150.00000,157.66000,149.82001,154.67999,843600
1644589800,153.70000,158.53999,152.64000,153.82001,526000
1644849000,154.22000,156.62000,152.28999,152.95000,563300
1644935400,155.02000,160.36000,155.02000,159.19000,325800
1645021800,158.73000,160.80000,157.63000,158.09000,359900
1645108200,156.00999,156.97000,153.03000,154.80000,686800
1645194600,153.67000,156.39999,152.69000,153.92000,293800
1645540200,154.19000,155.78000,150.98000,151.56000,290500
1645626600,152.39000,153.92000,149.82001,150.13000,265500
1645713000,143.00000,145.63000,142.07001,145.19000,532700
1645799400,147.36000,151.28000,147.28999,150.98000,133800
1646058600,148.00999,151.46001,146.37000,151.25000,296100
1646145000,150.86000,152.97000,148.75999,150.14999,219500
1646231400,150.92000,153.50999,148.75999,152.50999,577500
1646317800,152.57001,156.49001,152.57001,156.00000,451600
1646404200,153.60001,157.62000,152.63000,154.84000,768200
1646663400,152.00999,153.19000,146.91000,147.91000,784500
1646749800,149.00000,156.44000,148.94000,153.09000,1405900
1646836200,156.45000,163.42000,154.84000,162.08000,656900
1646922600,159.50999,161.85001,158.67999,160.50999,617000
1647009000,162.14999,163.98000,160.34000,161.62000,292700
1647264600,163.17000,166.30000,161.23000,163.19000,542900
1647351000,163.39000,164.74001,160.10001,164.70000,383700
1647437400,165.00000,169.78999,163.97000,167.82001,338300
1647523800,167.99001,171.13000,167.02000,168.64999,574300
1647610200,168.63000,168.99001,165.60001,167.85001,1001000
1647869400,168.53000,171.60001,166.81000,168.92999,329300
1647955800,170.89000,175.70000,169.19000,174.94000,405800
1648042200,174.39000,179.07001,172.75999,177.92000,834500
1648128600,177.57001,178.38000,173.72000,174.66000,595000
1648215000,175.32001,179.38000,175.14000,176.60001,493600
1648474200,175.89000,177.83000,173.13000,177.63000,238700
1648560600,179.23000,179.98000,176.38000,177.00999,432200
1648647000,177.61000,182.11000,172.73000,173.00000,664700
1648733400,173.34000,175.32001,170.89999,171.87000,433400
1648819800,175.60001,176.61000,169.64999,170.50000,515100
1649079000,170.96001,172.34000,169.08000,169.39000,323800
1649165400,169.44000,170.69000,167.24001,167.64000,299700
1649251800,165.67999,165.89999,160.61000,162.12000,482900
1649338200,162.47000,162.53999,156.88000,159.03000,825900
1649424600,159.11000,159.53999,145.74001,146.28999,2212100
1649683800,146.84000,150.10001,144.77000,148.34000,774700
1649770200,148.80000,150.62000,144.50000,144.78999,701600
1649856600,144.50999,146.36000,142.82001,144.60001,286800
1649943000,144.45000,146.44000,144.14999,144.81000,187100
1650288600,143.38000,145.07001,140.91000,142.30000,272300
1650375000,143.60001,146.17999,143.14999,146.07001,983100
1650461400,147.28000,152.64999,146.83000,151.67000,1117800
1650547800,152.88000,155.50000,151.50999,153.84000,1778500
1650634200,154.06000,154.98000,147.12000,147.13000,391600
1650893400,145.35001,145.45000,137.71001,139.84000,515300
1650979800,137.71001,139.37000,134.24001,136.03000,549300
1651066200,136.03000,139.12000,134.67999,138.38000,459600
1651152600,139.38000,139.63000,134.75000,138.89000,244600
1651239000,139.52000,140.50000,138.41000,138.89000,567300
1651498200,139.24001,139.86000,136.22000,138.11000,212600
1651584600,138.48000,141.48000,138.07001,140.63000,729900
1651671000,141.17999,143.17000,138.49001,142.91000,466600
1651757400,141.44000,141.44000,132.03999,132.80000,838200
1651843800,130.00000,136.89999,128.71001,132.82001,556400
1652103000,131.53999,132.39000,125.62000,125.87000,286300
1652189400,126.34000,129.24001,123.62000,126.63000,282900
1652275800,126.14000,128.75999,124.44000,124.50000,344100
1652362200,122.00000,124.49000,118.81000,120.70000,734300
1652448600,122.55000,133.33000,122.40000,131.94000,606100
1652707800,132.81000,135.44000,132.11000,132.59000,439900
1652794200,134.50000,141.39000,134.19000,140.05000,785800
1652880600,138.19000,140.31000,131.59000,132.09000,336600
1652967000,126.68000,134.77000,126.00000,133.42000,364200
1653053400,135.42000,137.41000,131.78000,134.16000,506300
1653312600,135.73000,139.98000,133.95000,138.77000,360200
1653399000,137.39000,139.28000,135.21001,138.33000,338300
1653485400,137.37000,140.17000,137.37000,139.22000,405700
1653571800,140.74001,143.48000,139.97000,140.67999,576400
1653658200,140.25000,144.89000,140.25000,142.41000,339500
1654003800,142.57001,144.61000,140.00999,140.38000,1748100
1654090200,140.53000,142.14999,136.91000,137.63000,385600
1654176600,138.64000,143.28000,138.28000,143.24001,174300
1654263000,141.07001,141.41000,139.07001,140.13000,176800
1654522200,141.11000,141.11000,136.38000,136.78999,288000
1654608600,135.38000,137.12000,134.67000,135.95000,199700
1654695000,135.28999,136.59000,134.03999,135.07001,174800
1654781400,134.89999,134.89999,131.39999,131.46001,192400
1654867800,128.71001,129.89999,125.70000,125.78000,203900
1655127000,122.10000,125.55000,120.27000,123.88000,334800
1655213400,123.81000,124.48000,122.30000,123.14000,315100
1655299800,124.42000,129.60001,123.71000,127.31000,244800
1655386200,123.88000,126.05000,121.17000,122.53000,204800
1655472600,123.87000,125.94000,122.44000,124.90000,580500
1655818200,128.13000,132.27000,125.55000,126.54000,308500
1655904600,123.45000,125.76000,123.32000,124.63000,240500
1655991000,124.86000,125.05000,123.07000,123.87000,333900
1656077400,123.98000,126.94000,123.73000,124.91000,273100
1656336600,125.04000,125.78000,123.43000,124.55000,252400
1656423000,126.06000,128.99001,122.49000,123.73000,297600
1656509400,124.12000,124.40000,121.98000,122.70000,136700
1656595800,121.18000,121.63000,118.23000,119.91000,357900
1656682200,119.53000,122.49000,118.85000,122.49000,322700
1657027800,120.02000,121.02000,117.21000,120.61000,382700
1657114200,119.60000,121.46000,115.21000,116.97000,436500
1657200600,118.89000,125.35000,118.89000,122.93000,435600
1657287000,123.44000,126.50000,122.35000,122.88000,547400
1657546200,122.05000,123.04000,119.93000,120.39000,152900
1657632600,120.28000,122.25000,119.61000,119.74000,190700
1657719000,117.98000,118.72000,116.63000,118.11000,231900
1657805400,115.61000,117.21000,113.21000,115.03000,202000
1657891800,116.95000,117.11000,113.34000,115.95000,425300
1658151000,117.76000,121.30000,117.56000,119.58000,274000
1658237400,123.15000,126.77000,123.01000,126.71000,244700
1658323800,126.26000,127.79000,125.52000,125.74000,455600
1658410200,124.82000,126.07000,124.18000,125.54000,165200
1658496600,125.41000,126.97000,124.22000,125.35000,229000
1658755800,126.49000,130.80000,125.77000,130.50000,290000
1658842200,129.30000,130.88000,128.30000,129.50999,242500
1658928600,129.05000,129.89000,125.72000,127.82000,518500
1659015000,129.25000,131.33000,128.39000,131.09000,274200
1659101400,131.74001,132.59000,129.28000,129.39999,369800
1659360600,128.61000,131.55000,128.32001,129.97000,569400
1659447000,130.64000,132.06000,128.50000,129.06000,311900
1659533400,130.80000,130.92999,127.35000,130.50000,370000
1659619800,132.50000,133.34000,128.99001,129.92000,429400
1659706200,128.92000,132.14999,128.92000,131.64999,523800
1659965400,133.20000,138.85001,133.20000,138.08000,539300
1660051800,138.00999,139.20000,135.05000,136.53999,250000
1660138200,138.14000,142.46001,136.25000,141.80000,466600
1660224600,143.20000,143.80000,140.85001,141.85001,401700
1660311000,138.88000,139.52000,135.96001,138.63000,410700
1660570200,136.22000,138.17999,135.70000,136.30000,250700
1660656600,135.61000,138.60001,135.61000,138.28999,173100
1660743000,137.25999,138.32001,136.41000,137.09000,333800
1660829400,136.10001,136.80000,134.22000,135.06000,204200
1660915800,133.50000,133.50000,131.63000,132.37000,86600
1661175000,129.59000,132.64000,128.03000,131.77000,211100
1661261400,132.16000,133.39999,131.02000,132.03999,178000
1661347800,131.78000,132.92000,130.12000,130.35001,204700
1661434200,131.50999,133.59000,130.67999,133.46001,132900
1661520600,133.59000,134.42999,130.25999,130.88000,267500
1661779800,128.60001,130.42999,128.00999,129.44000,209100
1661866200,129.81000,130.28999,127.33000,128.17999,203400
1661952600,128.91000,131.28999,128.57001,128.89000,494900
1662039000,128.53999,128.72000,123.71000,126.46000,289700
1662125400,127.67000,129.56000,126.22000,126.85000,201500
1662471000,127.39000,128.64000,126.08000,126.42000,156400
1662557400,125.98000,127.81000,124.44000,127.54000,165200
1662643800,127.12000,129.50000,127.10000,129.38000,120200
1662730200,131.50999,132.70000,130.75000,130.85001,226000
1662989400,132.10001,132.83000,130.61000,131.58000,423600
1663075800,128.83000,129.70000,126.80000,127.23000,201200
1663162200,128.00999,128.77000,126.87000,127.58000,117600
1663248600,126.77000,130.42999,126.62000,127.60000,413500
1663335000,126.55000,129.78000,125.57000,129.23000,485500
1663594200,127.93000,130.71001,127.74000,130.11000,433700
1663680600,129.03999,131.75999,129.03999,131.03999,211200
1663767000,130.91000,133.00000,130.00000,131.23000,368900
1663853400,131.42000,131.42000,128.80000,129.00999,448900
1663939800,126.55000,126.98000,122.54000,122.93000,602600
1664199000,122.00000,123.24000,118.33000,118.40000,279600
1664285400,118.82000,120.95000,118.62000,119.91000,370000
1664371800,119.74000,126.63000,119.48000,125.54000,409200
1664458200,123.54000,123.92000,121.71000,122.55000,227500
1664544600,122.93000,125.25000,122.09000,122.80000,287400
1664803800,124.29000,127.30000,122.90000,126.40000,211200
1664890200,129.96001,133.57001,128.58000,133.50999,356600
1664976600,131.34000,132.28000,130.50000,130.61000,247800
1665063000,129.69000,130.88000,128.50999,129.71001,190000
1665149400,129.08000,132.49001,128.77000,130.67999,281500
1665408600,131.13000,131.59000,127.50000,127.85000,162000
1665495000,127.29000,129.39999,125.98000,127.85000,247200
1665581400,127.98000,130.53000,126.78000,129.38000,312800
1665667800,127.87000,131.63000,126.75000,130.42000,554200
1665754200,131.33000,132.27000,126.17000,127.91000,313300
1666013400,130.14999,132.03999,129.58000,130.28000,329100
1666099800,132.35001,133.52000,131.22000,133.30000,290700
1666186200,132.22000,132.89999,130.42999,132.08000,187100
1666272600,132.00000,133.33000,131.57001,132.08000,583900
1666359000,132.50000,134.10001,131.09000,133.14999,818000
1666618200,133.25000,134.70000,130.77000,134.49001,351800
1666704600,133.97000,139.66000,133.92999,137.78999,373000
1666791000,137.55000,140.86000,137.55000,140.07001,484200
1666877400,140.34000,143.24001,139.75999,143.08000,341700
1666963800,143.45000,144.42000,142.07001,143.94000,246400
1667223000,143.00000,146.77000,142.72000,146.36000,369600
1667309400,148.03999,152.38000,148.03999,152.27000,435200
1667395800,151.42999,151.62000,143.89000,144.14999,411900
1667482200,142.14999,145.39999,141.71001,144.50000,210900
1667568600,147.50999,154.99001,147.14000,152.64999,479100
1667831400,153.03999,155.25000,151.64000,153.56000,418000
1667917800,153.38000,155.30000,152.07001,154.05000,324600
1668004200,152.20000,152.20000,149.67999,152.00000,294700
1668090600,156.32001,156.46001,152.36000,154.98000,431700
1668177000,155.70000,157.46001,154.78999,156.98000,300900
1668436200,156.99001,158.21001,155.73000,156.38000,154300
1668522600,158.61000,158.95000,154.84000,157.00000,328400
1668609000,157.00000,157.50000,155.02000,155.83000,222700
1668695400,153.36000,155.46001,149.82001,151.71001,332800
1668781800,152.06000,153.14000,149.78999,151.14000,203300
1669041000,151.00999,151.00999,148.50999,150.16000,204500
1669127400,151.21001,154.03000,150.22000,153.32001,215600
1669213800,153.28999,155.48000,152.49001,153.92000,231300
1669386600,152.35001,154.99001,148.44000,153.48000,192300
1669645800,152.99001,152.99001,147.56000,147.64000,437200
1669732200,148.25000,150.10001,146.59000,146.92999,309700
1669818600,148.27000,153.58000,146.28999,153.55000,642900
1669905000,153.45000,154.25999,148.94000,151.22000,295000
1669991400,149.30000,151.23000,147.83000,150.03999,207100
1670250600,148.31000,149.12000,146.28999,149.07001,553100
1670337000,149.73000,149.97000,145.80000,148.28999,395500
1670423400,147.39000,147.71001,138.05000,144.60001,1489600
1670509800,147.05000,148.48000,144.25999,145.21001,414700
1670596200,145.00000,148.41000,143.64000,147.78000,392900
1670855400,146.80000,147.70000,138.67000,139.16000,415400
1670941800,143.59000,143.59000,138.07001,138.50999,341300
1671028200,138.35001,140.92999,135.64000,135.78000,491500
1671114600,135.00000,135.08000,132.25999,133.91000,546500
1671201000,133.09000,134.69000,132.07001,133.77000,866000
1671460200,133.69000,135.39999,132.75000,134.28999,358300
1671546600,135.83000,137.16000,134.67999,135.44000,392300
1671633000,136.39000,136.99001,135.14000,135.99001,344100
1671719400,134.75999,135.56000,131.64000,133.39999,357600
1671805800,133.39999,135.03999,131.85001,134.67000,629200
1672151400,134.62000,135.00000,133.28999,133.82001,320600
1672237800,133.82001,135.67999,133.67999,134.69000,342900
1672324200,135.84000,136.39000,133.35001,135.61000,354700
1672410600,134.32001,136.14999,133.71001,135.66000,364300
1672756200,137.00000,139.03000,136.36000,138.12000,334800
1672842600,140.00000,141.25000,139.42000,140.14000,344100
1672929000,140.50000,142.81000,139.44000,142.81000,583700
1673015400,143.49001,146.38000,142.88000,146.00000,303700
1673274600,147.25999,149.10001,147.20000,147.71001,379100
1673361000,146.53999,149.63000,146.53999,148.00000,391900
1673447400,147.99001,148.47000,144.25999,145.02000,472700
1673533800,145.16000,148.41000,143.59000,148.39999,347200
1673620200,148.28000,149.77000,147.45000,148.67999,378700
1673965800,148.75999,148.75999,143.35001,143.44000,398500
1674052200,144.37000,144.87000,142.83000,142.92999,274100
1674138600,141.86000,144.11000,140.81000,142.87000,365200
1674225000,143.64000,143.64000,139.75999,140.27000,347600
1674484200,140.61000,141.95000,139.92999,140.63000,236400
1674570600,141.41000,141.41000,138.50000,139.55000,189800
1674657000,138.99001,139.80000,138.19000,138.95000,456000
1674743400,139.72000,143.92000,139.25000,143.49001,177000
1674829800,142.88000,142.92000,139.67999,140.73000,238400
1675089000,139.70000,139.70000,131.73000,133.59000,1124100
1675175400,132.81000,135.22000,132.02000,134.30000,829500
1675261800,134.00000,134.80000,132.61000,134.72000,868700
1675348200,135.02000,135.50999,133.67000,135.20000,338000
1675434600,134.02000,136.22000,133.34000,135.73000,466800
1675693800,135.39999,136.35001,134.28000,135.46001,442900
1675780200,135.94000,137.94000,135.41000,137.33000,316000
1675866600,137.31000,138.55000,136.95000,137.97000,219400
1675953000,138.21001,139.24001,136.98000,137.10001,248000
1676039400,132.22000,134.17999,124.86000,127.10000,1517100
1676298600,127.27000,132.45000,127.07000,132.39999,857900
1676385000,132.00999,133.37000,129.61000,129.73000,298600
1676471400,127.00000,129.78999,125.01000,129.78000,427000
1676557800,129.25000,129.77000,127.32000,129.03000,374300
1676644200,128.89999,129.62000,127.45000,129.57001,302000
1676989800,129.14999,131.35001,128.62000,129.89999,377100
1677076200,129.53999,130.56000,128.27000,129.89999,547700
1677162600,131.06000,131.69000,129.05000,129.05000,358300
1677249000,128.60001,129.78999,126.42000,128.57001,226800
1677508200,130.00000,130.23000,126.64000,127.49000,292800
1677594600,127.89000,127.89000,125.86000,127.42000,462200
1677681000,128.17000,131.41000,127.43000,131.27000,457500
1677767400,130.28000,130.99001,129.78000,130.61000,386700
1677853800,130.72000,132.00000,129.81000,131.91000,229100
1678113000,131.94000,133.21001,131.50000,132.50000,204500
1678199400,131.92000,132.70000,130.39999,131.64999,558700
1678285800,131.85001,133.00999,131.02000,132.84000,412600
1678372200,132.46001,132.81000,129.88000,130.00000,1072700
1678458600,129.11000,131.25000,127.23000,128.77000,432400
1678714200,125.61000,127.15000,124.33000,126.57000,482100
1678800600,129.27000,131.45000,128.47000,129.85001,673500
1678887000,126.30000,127.38000,123.88000,127.34000,771800
1678973400,125.73000,128.57001,124.62000,127.04000,836200
1679059800,123.95000,125.68000,120.99000,124.61000,1382400
1679319000,125.11000,125.11000,120.80000,124.35000,469700
1679405400,127.64000,129.61000,126.73000,127.99000,471000
1679491800,128.42000,128.42000,124.58000,124.79000,336600
1679578200,125.91000,127.89000,124.24000,124.86000,587200
1679664600,123.19000,125.00000,121.71000,124.28000,308700
1679923800,125.85000,129.42000,124.70000,128.30000,240100
1680010200,128.35001,131.56000,128.25999,131.44000,252900
1680096600,131.75000,135.45000,130.98000,135.25000,322200
1680183000,136.30000,136.30000,131.91000,132.12000,472000
1680269400,133.30000,133.85001,131.67000,132.39000,587900
1680528600,132.74001,134.05000,130.59000,131.32001,237800
1680615000,130.85001,131.56000,129.11000,130.36000,269900
1680701400,129.72000,131.12000,128.46001,129.61000,187500
1680787800,129.39000,130.00999,128.74001,129.49001,113800
1681133400,129.14000,130.23000,128.30000,128.84000,307700
1681219800,129.25000,130.45000,127.78000,129.25999,282400
1681306200,130.47000,131.16000,129.07001,130.17000,286800
1681392600,130.39000,131.91000,129.44000,131.24001,202600
1681479000,132.41000,132.80000,130.53000,131.62000,234600
1681738200,131.25999,133.28000,129.67999,132.50000,225600
1681824600,132.39999,132.70000,131.55000,132.42999,314500
1681911000,131.60001,133.39000,130.21001,132.74001,254400
1681997400,132.67000,134.28999,131.50000,133.63000,201000
1682083800,133.08000,133.62000,131.69000,133.22000,196300
1682343000,133.49001,134.75999,132.61000,133.99001,148300
1682429400,132.85001,134.53999,131.94000,134.42999,187900
1682515800,134.58000,135.53999,133.19000,133.39999,235100
1682602200,132.59000,134.52000,132.49001,134.00000,174800
1682688600,133.07001,135.48000,133.07001,135.48000,207500
1682947800,135.64999,137.56000,135.53999,136.57001,177900
1683034200,135.87000,136.11000,131.45000,132.70000,515000
1683120600,133.50999,136.25000,133.09000,134.10001,261100
1683207000,134.03999,134.84000,131.34000,133.91000,282200
1683293400,135.53999,141.72000,135.35001,141.35001,298000
1683552600,139.64000,148.13000,137.34000,147.12000,579000
1683639000,146.67000,147.50999,144.39999,145.42000,445100
1683725400,146.44000,146.82001,141.75999,141.92999,581500
1683811800,140.57001,142.39000,139.71001,141.00000,302700
1683898200,140.60001,141.53000,136.58000,136.96001,215900
1684157400,137.61000,137.98000,135.71001,137.13000,536200
1684243800,137.50999,137.50999,134.78000,134.78999,406800
1684330200,136.19000,137.23000,135.14999,136.50999,272000
1684416600,129.49001,130.55000,126.64000,128.92999,249300
1684503000,129.67999,132.83000,129.10001,132.75000,430400
1684762200,133.70000,133.99001,132.00000,132.72000,227400
1684848600,133.81000,135.61000,132.73000,133.28000,373400
1684935000,132.25000,134.53999,131.92000,133.42999,241400
1685021400,133.28000,134.96001,132.74001,134.03999,357700
1685107800,134.92999,134.92999,131.98000,132.00000,352200
1685453400,131.44000,131.74001,128.33000,130.31000,502900
1685539800,129.02000,130.53000,127.22000,129.45000,1021600
1685626200,130.89000,132.89000,130.31000,132.24001,287800
1685712600,134.39000,138.03999,133.13000,136.97000,394700
1685971800,137.86000,138.35001,136.97000,137.96001,178200
1686058200,138.42000,140.75000,138.11000,140.49001,279700
1686144600,140.41000,141.35001,139.30000,140.02000,441200
1686231000,140.03000,140.91000,139.35001,140.73000,353200
1686317400,140.05000,140.63000,138.72000,140.50000,375900
1686576600,140.11000,142.48000,140.05000,141.70000,213000
1686663000,142.53999,143.85001,140.57001,143.64000,292500
1686749400,144.14999,147.10001,144.14999,146.07001,480200
1686835800,146.20000,148.75000,144.41000,148.39999,337900
1686922200,149.14000,149.73000,147.08000,149.28999,610300
1687267800,149.00000,149.58000,147.03000,149.05000,514100
1687354200,148.56000,149.92000,147.16000,148.25000,218500
1687440600,147.80000,147.92000,145.14000,146.24001,322100
1687527000,144.91000,145.25000,142.11000,144.30000,454500
1687786200,145.03999,145.92000,144.30000,144.63000,197700
1687872600,145.38000,146.09000,144.50000,145.00000,180700
1687959000,144.75000,145.70000,142.88000,144.94000,217600
1688045400,145.77000,146.64000,144.49001,146.00000,130800
1688131800,147.17999,148.89999,146.16000,147.64000,307700
1688391000,147.53999,149.05000,147.10001,147.88000,68200
1688563800,146.92999,150.61000,146.02000,150.48000,362900
1688650200,149.09000,150.56000,147.38000,147.50000,234200
1688736600,149.64999,153.38000,148.92000,151.71001,384900
1688995800,151.00000,152.98000,149.95000,150.59000,277700
1689082200,151.64999,152.25999,147.42999,149.73000,342200
1689168600,151.08000,151.64999,149.70000,150.02000,205900
1689255000,150.08000,153.35001,148.41000,152.10001,306300
1689341400,151.82001,152.67000,150.50000,151.63000,212500
1689600600,151.05000,155.96001,150.36000,155.44000,297300
1689687000,154.73000,157.23000,153.20000,156.25000,295700
1689773400,156.17000,157.07001,154.83000,156.28999,161200
1689859800,156.20000,156.85001,154.77000,156.81000,197000
1689946200,157.50000,157.78000,156.03000,156.73000,149700
1690205400,156.14999,157.34000,154.80000,154.91000,136700
1690291800,155.09000,156.31000,154.36000,155.50000,205300
1690378200,155.39000,157.80000,155.16000,157.20000,112900
1690464600,157.39999,157.39999,152.99001,154.96001,183600
1690551000,157.31000,158.37000,155.03000,158.03000,94200
1690810200,158.14999,158.53000,156.00999,157.05000,241600
1690896600,156.27000,159.11000,156.27000,158.47000,193900
1690983000,157.19000,158.33000,153.39999,154.21001,270200
1691069400,153.56000,155.25999,151.50000,153.38000,148500
1691155800,153.38000,154.84000,153.17000,153.88000,74200
1691415000,154.38000,156.50999,154.09000,155.57001,149000
1691501400,153.60001,156.89999,152.46001,156.42999,143500
1691587800,155.69000,158.33000,155.69000,158.08000,182600
1691674200,159.06000,160.14999,157.72000,157.72000,321100
1691760600,154.00999,156.59000,149.50000,149.92999,389500
1692019800,149.00999,150.61000,144.28000,145.32001,321500
1692106200,144.63000,145.83000,142.52000,142.53000,194100
1692192600,141.85001,143.00000,139.45000,139.99001,370500
1692279000,140.24001,140.66000,137.97000,138.92999,272500
1692365400,137.97000,139.22000,136.50000,138.80000,169900
1692624600,139.34000,140.57001,137.50000,139.80000,253900
1692711000,139.75999,141.77000,139.75999,140.28000,216300
1692797400,140.41000,143.58000,139.21001,143.42000,145200
1692883800,142.88000,144.21001,141.24001,141.27000,153100
1692970200,141.06000,141.86000,139.53999,141.52000,158900
1693229400,142.45000,143.53000,140.46001,142.36000,180400
1693315800,142.53000,146.14999,141.62000,145.50000,216300
1693402200,144.95000,146.27000,144.42999,144.70000,191600
1693488600,144.25999,145.12000,139.64000,141.42999,496700
1693575000,142.19000,143.81000,141.25999,142.94000,112900
1693920600,142.42999,143.81000,138.35001,138.39999,152600
1694007000,137.89000,139.21001,136.89000,137.56000,140400
1694093400,136.88000,136.89000,135.03000,135.23000,173000
1694179800,135.92000,137.60001,134.23000,134.52000,117600
1694439000,135.75999,137.14999,134.46001,136.24001,75600
1694525400,136.28000,137.89999,135.05000,137.28000,109200
1694611800,137.55000,138.61000,136.47000,136.88000,109600
1694698200,139.14000,139.14000,136.39000,137.86000,140100
1694784600,136.83000,137.89999,134.35001,136.39000,602700
1695043800,136.25000,137.83000,135.45000,136.89000,176600
1695130200,136.98000,137.23000,135.61000,136.14000,110700
1695216600,137.10001,138.38000,134.52000,135.00000,136300
1695303000,133.62000,135.39999,132.21001,132.39000,187900
1695389400,132.41000,135.25000,131.46001,131.71001,189000
1695648600,132.19000,134.41000,130.64999,132.16000,212800
1695735000,131.99001,133.39000,128.92000,129.37000,346100
1695821400,130.16000,130.56000,128.25000,129.64999,210600
1695907800,129.81000,130.42999,128.50000,128.95000,261900
1695994200,130.02000,131.05000,127.53000,127.97000,229300
1696253400,128.10001,129.02000,122.97000,123.69000,303600
1696339800,123.18000,125.15000,121.50000,124.71000,322300
1696426200,124.77000,125.29000,122.82000,123.62000,273300
1696512600,123.26000,125.01000,123.26000,123.85000,142900
1696599000,123.83000,127.36000,123.20000,126.90000,356000
1696858200,125.67000,127.71000,125.23000,127.01000,193400
1696944600,128.03999,128.23000,126.52000,126.81000,187400
1697031000,127.49000,130.09000,127.49000,128.31000,210100
1697117400,127.72000,129.49001,125.13000,125.44000,164400
1697203800,125.77000,127.44000,124.62000,124.67000,220200
1697463000,126.61000,127.66000,124.98000,127.11000,300000
1697549400,125.84000,127.44000,125.26000,126.18000,174500
1697635800,125.65000,127.54000,124.23000,125.99000,248700
1697722200,126.19000,127.52000,124.76000,125.96000,273100
1697808600,125.53000,126.40000,123.85000,123.89000,203300
1698067800,123.49000,124.63000,122.43000,123.34000,183000
1698154200,123.90000,126.23000,122.75000,125.48000,227500
1698240600,124.84000,128.28999,124.52000,127.53000,246800
1698327000,127.42000,129.86000,125.88000,128.02000,206300
1698413400,128.42000,128.42000,124.39000,125.12000,188300
1698672600,126.37000,126.44000,124.14000,125.15000,179600
1698759000,124.76000,126.14000,123.98000,124.96000,293000
1698845400,125.72000,126.66000,124.49000,126.55000,106500
1698931800,127.51000,128.72000,126.38000,128.50000,200300
1699018200,124.18000,126.60000,118.98000,121.57000,894600
1699281000,121.92000,123.57000,120.73000,121.36000,267000
1699367400,120.24000,122.50000,119.29000,120.85000,384200
1699453800,120.41000,121.07000,119.64000,120.59000,222700
1699540200,120.79000,122.33000,119.36000,119.36000,233000
1699626600,119.08000,122.72000,118.50000,122.53000,194700
1699885800,121.68000,122.80000,116.42000,116.42000,320200
1699972200,118.87000,121.73000,117.15000,121.53000,306200
1700058600,120.98000,123.69000,120.62000,123.61000,232500
1700145000,123.61000,126.15000,122.91000,124.87000,421300
1700231400,125.60000,128.42999,125.29000,127.76000,243700
1700490600,128.06000,131.82001,127.68000,131.05000,287200
1700577000,130.61000,131.75999,128.63000,129.25999,354400
1700663400,129.25999,130.14000,127.11000,127.71000,211900
1700836200,128.21001,130.08000,127.96000,128.62000,131500
1701095400,127.86000,128.06000,125.26000,125.56000,269900
1701181800,125.79000,128.22000,124.77000,125.72000,804200
1701268200,126.33000,127.91000,125.56000,125.93000,367400
1701354600,125.93000,126.73000,123.91000,125.53000,553200
1701441000,125.50000,129.62000,124.43000,128.35001,415800
1701700200,127.15000,128.63000,126.50000,126.82000,214500
1701786600,126.94000,129.03999,126.50000,128.61000,201900
1701873000,129.28999,130.41000,124.92000,124.92000,364500
1701959400,125.19000,126.22000,123.65000,124.93000,398300
1702045800,125.05000,125.05000,122.73000,124.67000,176500
1702305000,123.82000,126.11000,123.82000,124.53000,176900
1702391400,124.25000,125.62000,123.80000,125.30000,157600
1702477800,125.83000,130.66000,124.52000,130.28999,243100
1702564200,132.19000,140.45000,132.19000,140.33000,606300
1702650600,143.13000,150.59000,142.22000,150.36000,1107200
1702909800,149.53999,151.53999,146.38000,151.50999,797500
1702996200,152.06000,154.30000,150.03999,153.97000,670700
1703082600,154.14000,155.13000,151.25999,151.36000,622500
1703169000,152.17999,153.20000,149.05000,152.60001,314300
1703255400,152.60001,153.67999,151.24001,151.53999,155200
1703601000,151.75000,153.21001,151.44000,152.39000,90100
1703687400,152.49001,152.95000,151.62000,152.12000,97800
1703773800,152.53000,153.28999,150.03000,150.91000,91700
1703860200,150.42999,151.12000,147.85001,149.92999,206300
1704205800,147.95000,149.17999,146.85001,148.62000,155800
1704292200,147.28000,148.42000,145.62000,145.75000,160900
1704378600,145.08000,146.96001,144.48000,145.83000,152400
1704465000,145.50999,147.89000,144.22000,145.83000,125100
1704724200,145.95000,148.21001,144.25999,148.21001,172800
1704810600,147.41000,149.23000,146.27000,147.53999,168100
1704897000,146.60001,149.38000,145.31000,147.61000,203700
1704983400,147.02000,148.14000,145.00000,147.84000,126600
1705069800,148.57001,149.78999,147.45000,148.22000,106100
1705415400,146.47000,151.59000,145.49001,150.53000,326100
1705501800,148.03000,150.42999,147.22000,147.69000,234500
1705588200,148.78000,150.23000,148.11000,148.80000,190100
1705674600,148.67000,149.30000,146.05000,148.94000,146400
1705933800,149.46001,151.17000,148.24001,150.59000,199300
1706020200,150.28000,151.27000,147.75999,150.32001,196700
1706106600,151.35001,151.35001,147.12000,148.71001,340900
1706193000,149.53999,150.44000,147.53000,148.92999,241800
1706279400,148.34000,152.23000,147.74001,150.67999,110300
1706538600,150.25999,151.78000,148.97000,150.56000,110500
1706625000,150.14999,151.78999,149.14999,149.84000,146500
1706711400,148.81000,150.58000,147.84000,148.42999,150800
1706797800,148.28999,150.42999,147.00000,150.41000,190400
1706884200,149.66000,150.73000,148.70000,149.81000,370200
1707143400,148.50999,151.38000,147.28999,150.25000,178000
1707229800,151.19000,154.88000,150.17999,153.45000,212700
1707316200,152.73000,154.36000,151.21001,154.28000,204600
1707402600,153.00000,154.78999,151.19000,152.10001,229700
1707489000,152.00000,154.70000,149.28000,154.28000,425000
1707748200,155.00000,158.55000,153.34000,158.55000,305500
1707834600,156.82001,158.78999,153.89000,158.00000,204800
1707921000,160.00000,162.91000,158.94000,162.48000,347300
1708007400,162.07001,169.32001,162.07001,169.00999,370100
1708093800,169.50000,173.39000,168.13000,170.21001,393000
1708439400,170.21001,172.17000,166.88000,167.07001,369000
1708525800,165.98000,168.42000,165.49001,168.28999,318700
1708612200,169.00999,169.75000,167.87000,169.11000,247100
1708698600,169.00000,171.00000,167.81000,170.53000,132900
1708957800,169.67999,171.41000,168.37000,170.52000,119300
1709044200,171.10001,172.78999,169.52000,170.88000,208800
1709130600,170.00000,170.61000,167.83000,168.34000,182300
1709217000,170.06000,171.17000,168.61000,170.88000,349700
1709303400,172.08000,173.14999,170.50999,171.91000,218100
1709562600,171.70000,174.36000,170.33000,170.91000,110500
1709649000,170.58000,174.20000,169.20000,173.98000,190600
1709735400,174.88000,175.03000,172.80000,173.88000,307900
1709821800,174.50000,176.00999,173.89000,175.23000,324800
1709908200,175.34000,176.14000,172.91000,175.83000,157800
1710163800,175.57001,176.31000,172.75999,173.12000,171800
1710250200,173.03999,175.27000,171.70000,172.70000,167500
1710336600,173.14000,174.03999,171.77000,173.30000,257600
1710423000,171.74001,173.08000,171.12000,172.03000,282700
1710509400,172.61000,174.03999,171.42000,172.60001,545700
1710768600,172.84000,173.00999,171.21001,173.00999,198800
1710855000,172.02000,173.38000,169.50000,169.85001,154300
1710941400,169.05000,177.74001,169.05000,177.49001,203400
1711027800,177.92999,179.53000,176.05000,177.67000,180100
1711114200,177.39000,177.39000,173.12000,173.72000,182000
1711373400,172.92000,174.28000,170.41000,170.49001,190100
1711459800,171.25999,172.50999,168.98000,169.50000,227000
1711546200,170.75999,171.00000,166.87000,168.05000,377800
1711632600,169.00000,171.07001,168.03000,169.42999,350100
1711978200,169.25000,169.25000,166.37000,168.27000,282800
1712064600,167.07001,171.09000,165.47000,170.00000,377500
1712151000,169.31000,172.10001,168.67000,170.00000,273900
1712237400,170.88000,174.72000,168.59000,170.62000,415700
1712323800,170.69000,172.92999,170.10001,172.92000,194100
1712583000,173.53000,174.36000,172.53999,174.07001,200300
1712669400,175.08000,175.25999,170.53999,171.17999,203600
1712755800,167.77000,171.32001,167.38000,168.30000,301500
1712842200,169.22000,170.16000,167.25999,169.77000,298300
1712928600,168.21001,168.67999,164.61000,165.11000,466200
1713187800,166.64000,167.09000,159.89000,160.33000,290000
1713274200,159.85001,160.63000,158.35001,159.64000,153700
1713360600,160.50999,162.38000,159.39999,160.99001,244800
1713447000,161.50999,162.35001,159.91000,161.88000,193200
1713533400,162.75000,165.12000,162.75000,165.02000,190200
1713792600,165.73000,167.71001,164.16000,167.24001,134800
1713879000,167.77000,170.50000,167.62000,168.84000,199100
1713965400,167.96001,169.71001,166.63000,168.22000,392900
1714051800,167.02000,168.84000,166.69000,167.75000,183300
1714138200,170.96001,170.96001,166.03999,167.06000,390200
1714397400,167.10001,168.80000,165.59000,167.99001,175800
1714483800,167.52000,167.96001,165.42000,165.61000,291200
1714570200,166.48000,167.00000,163.80000,164.78999,71700
1714656600,166.25999,167.78999,164.72000,164.72000,199500
1714743000,165.87000,169.87000,165.66000,168.64000,212900
1715002200,169.94000,170.72000,168.28999,169.74001,120300
1715088600,169.92999,171.00999,168.50000,169.78000,365200
1715175000,169.22000,176.17000,168.56000,176.16000,189200
1715261400,174.53999,176.25999,171.91000,176.00000,349800
1715347800,180.21001,180.21001,172.00000,174.92000,712200
1715607000,174.60001,175.71001,169.83000,170.36000,335800
1715693400,170.50000,171.63000,169.36000,170.21001,162500
1715779800,171.88000,174.25000,170.60001,173.56000,185400
1715866200,173.98000,174.25999,172.00000,172.63000,160000
1715952600,163.47000,164.85001,162.74001,164.00000,214300
1716211800,163.45000,164.52000,162.66000,164.12000,130900
1716298200,163.39000,165.82001,162.44000,165.67000,223600
1716384600,164.19000,165.36000,162.70000,163.28999,332700
1716471000,163.31000,166.55000,162.30000,163.13000,301400
1716557400,163.60001,165.74001,162.85001,165.13000,107600
1716903000,165.31000,167.24001,164.32001,166.25999,152800
1716989400,164.03000,166.20000,160.30000,164.34000,248400
1717075800,165.00000,165.00000,161.71001,163.46001,251400
1717162200,163.17000,165.50999,163.02000,165.32001,430100
1717421400,166.53999,166.67999,162.86000,165.13000,198800
1717507800,163.25999,164.34000,160.81000,161.12000,131900
1717594200,161.50999,164.23000,161.50999,162.56000,246600
1717680600,162.91000,164.11000,162.02000,163.07001,160700
1717767000,160.81000,162.78999,158.75999,160.25000,209700
1718026200,159.39000,160.85001,158.73000,160.25999,288200
1718112600,159.10001,161.17000,157.25999,157.61000,221300
1718199000,160.39999,162.20000,158.50999,161.85001,248300
1718285400,161.74001,161.91000,158.39999,158.92000,282400
1718371800,156.69000,158.03999,153.46001,155.97000,401200
1718631000,156.17999,156.94000,153.38000,156.72000,199900
1718717400,157.98000,160.53000,156.72000,156.91000,154800
1718890200,158.25000,159.59000,156.92000,158.98000,273300
1718976600,157.38000,158.75999,155.75999,158.42000,465000
1719235800,159.35001,162.17000,159.00000,161.99001,257600
1719322200,162.10001,163.17000,159.84000,163.00000,296500
1719408600,162.69000,164.30000,160.03000,163.57001,342000
1719495000,163.78999,163.78999,157.25000,159.08000,429500
1719581400,160.36000,161.89000,157.42000,161.33000,220500
1719840600,162.22000,162.22000,156.52000,158.09000,401100
1719927000,157.97000,160.28000,156.50000,159.91000,193800
1720013400,160.59000,163.97000,160.17000,162.03000,155600
1720186200,162.57001,163.57001,161.00000,163.21001,176100
1720445400,163.12000,164.46001,160.19000,162.00000,181200
1720531800,161.78999,168.82001,161.78999,168.66000,305500
1720618200,168.39000,170.55000,167.89000,169.36000,277600
1720704600,170.05000,170.20000,166.83000,168.94000,250700
1720791000,169.75999,171.05000,169.03000,171.05000,205100
1721050200,171.42999,172.35001,168.00000,168.80000,147400
1721136600,168.47000,171.22000,168.47000,171.07001,203200
1721223000,170.42999,171.95000,169.33000,171.38000,169100
1721309400,171.85001,173.20000,170.47000,171.67000,263100
1721395800,171.88000,173.47000,170.94000,172.20000,248700
1721655000,170.53999,174.14999,169.05000,173.77000,190100
1721741400,174.00000,174.00000,171.57001,172.03000,156800
1721827800,170.83000,172.45000,169.61000,172.00000,215000
1721914200,171.45000,171.45000,169.20000,169.20000,221000
1722000600,170.35001,171.00000,167.92999,170.11000,196800
1722259800,170.77000,172.00000,169.19000,171.30000,90600
1722346200,171.28999,172.81000,170.94000,172.25000,141700
1722432600,174.42000,174.42000,170.48000,170.64000,346700
1722519000,171.67000,172.13000,164.75000,166.00000,358900
1722605400,164.78999,164.78999,158.70000,162.27000,288100
1722864600,158.00000,160.74001,153.27000,160.11000,294600
1722951000,161.33000,165.55000,160.42999,163.50999,212500
1723037400,165.28000,165.75000,161.32001,162.47000,185700
1723123800,162.84000,169.42000,162.50999,168.75999,240800
1723210200,162.71001,169.14000,160.35001,165.64999,237000
1723469400,166.11000,166.69000,164.14999,164.42000,219400
1723555800,165.50999,166.94000,164.36000,166.75999,165200
1723642200,167.22000,167.22000,165.85001,165.99001,102300
1723728600,168.17999,170.23000,167.50000,167.85001,97900
1723815000,168.32001,168.85001,165.17999,166.99001,165500
1724074200,167.97000,169.28000,167.52000,169.09000,178100
1724160600,168.58000,169.96001,166.99001,169.95000,124400
1724247000,170.21001,170.21001,167.98000,168.14999,146300
1724333400,168.35001,168.47000,165.48000,166.24001,164000
1724419800,167.66000,171.00000,167.66000,169.64999,208500
1724679000,170.10001,170.75000,168.50000,169.28000,163700
1724765400,168.97000,169.94000,167.80000,168.87000,71800
1724851800,170.03999,172.41000,168.86000,172.24001,177100
1724938200,172.50000,174.41000,171.77000,173.77000,112300
1725024600,174.75000,178.46001,174.75000,178.35001,378700
1725370200,177.14999,177.14999,170.88000,172.19000,195700
1725456600,172.19000,172.49001,168.96001,171.08000,268300
1725543000,171.67000,173.85001,170.71001,172.22000,205100
1725629400,171.39000,172.35001,169.62000,170.99001,372100
1725888600,172.73000,174.69000,172.38000,173.52000,142600
1725975000,174.03000,176.12000,169.00000,171.99001,259500
1726061400,172.00999,174.24001,169.74001,173.22000,224600
1726147800,173.20000,177.08000,172.78000,174.74001,170000
1726234200,176.44000,177.14000,174.67000,175.58000,132600
1726493400,176.49001,176.49001,173.82001,174.23000,196900
1726579800,175.03000,178.06000,173.63000,175.23000,132600
1726666200,175.37000,181.45000,175.19000,180.42000,247500
1726752600,182.75999,182.83000,179.24001,180.09000,193400
1726839000,179.53000,181.73000,175.50000,179.39999,437000
1727098200,176.08000,177.03999,173.36000,175.70000,124400
1727184600,178.00000,179.25000,175.97000,177.85001,202200
1727271000,178.10001,178.10001,174.82001,175.14000,199700
1727357400,176.72000,181.50000,174.41000,179.74001,301400
1727443800,180.50999,186.36000,180.50999,185.00000,341500
1727703000,184.07001,184.80000,180.22000,180.97000,297300
1727789400,180.70000,183.12000,178.44000,182.89999,253700
1727875800,184.32001,184.32001,180.05000,180.80000,190800
1727962200,179.56000,182.62000,178.14999,181.67000,319400
1728048600,183.32001,184.49001,181.45000,184.02000,291400
1728307800,184.02000,184.74001,181.13000,182.47000,129500
1728394200,182.57001,184.46001,182.57001,183.28000,390100
1728480600,181.42000,183.59000,180.27000,181.74001,108700
1728567000,181.58000,185.38000,180.64000,185.17999,153700
1728653400,184.86000,187.70000,184.50000,186.73000,253000
1728912600,187.20000,187.64999,185.49001,185.49001,123300
1728999000,185.02000,185.84000,182.35001,182.53999,198700
1729085400,183.39999,189.59000,182.22000,185.62000,359300
1729171800,185.42999,189.66000,185.36000,186.61000,148200
1729258200,187.78999,190.72000,186.34000,190.60001,279700
1729517400,189.45000,189.45000,186.10001,187.85001,166300
1729603800,186.50000,189.17000,185.47000,188.23000,135200
1729690200,187.49001,191.58000,186.98000,188.62000,137700
1729776600,188.91000,189.33000,187.53000,188.72000,113000
1729863000,188.44000,190.25000,187.19000,189.33000,149600
1730122200,189.53999,193.25000,188.46001,191.89000,193400
1730208600,191.53000,192.31000,187.46001,187.64999,202900
1730295000,187.55000,189.78000,185.61000,187.28999,181300
1730381400,185.81000,185.85001,183.11000,184.13000,254300
1730467800,183.80000,185.00000,181.75999,181.75999,224700
1730730600,182.66000,183.48000,181.00999,181.52000,188100
1730817000,181.11000,182.42000,180.58000,181.78999,123100
1730903400,185.89000,186.25000,180.87000,183.47000,307000
1730989800,183.23000,184.98000,181.11000,182.39999,219700
1731076200,179.78000,185.30000,175.80000,185.00000,279800
1731335400,185.00000,186.97000,184.46001,185.50000,140500
1731421800,187.36000,189.00999,185.16000,187.49001,161900
1731508200,186.89000,189.22000,182.34000,187.02000,242000
1731594600,186.25000,188.71001,184.42999,188.56000,198500
1731681000,189.00000,192.34000,186.50999,192.34000,189800
1731940200,191.63000,196.00000,190.75999,193.14999,293200
1732026600,191.32001,195.41000,191.32001,193.48000,133200
1732113000,193.45000,193.45000,190.81000,192.84000,260400
1732199400,193.27000,200.00000,193.11000,198.64999,362300
1732285800,198.00000,200.00000,196.24001,197.32001,317000
1732545000,197.17000,198.20000,191.87000,191.87000,344000
1732631400,191.28999,193.23000,188.42000,192.69000,168100
1732717800,192.49001,192.75999,189.39999,191.28999,183800
1732890600,190.42000,191.80000,185.00000,185.47000,399800
1733149800,187.49001,194.02000,187.49001,190.83000,426800
1733236200,190.14999,193.78000,189.49001,191.67000,308700
1733322600,195.14999,195.14999,189.30000,190.50000,400300
1733409000,191.88000,194.07001,190.67999,193.14999,253300
1733495400,193.72000,196.50999,188.59000,190.48000,224900
1733754600,191.33000,194.05000,189.50000,190.88000,281400
1733841000,191.33000,192.34000,189.75000,191.00000,356300
1733927400,192.00000,195.64000,189.39999,195.17000,301100
1734013800,195.38000,196.23000,190.71001,192.78000,329200
1734100200,192.88000,195.30000,189.24001,189.64000,211900
1734359400,188.62000,190.36000,184.48000,184.60001,439100
1734445800,185.49001,186.23000,184.13000,184.50000,504500
1734532200,185.91000,187.14999,180.06000,180.75999,270400
1734618600,182.82001,185.31000,179.67000,180.17000,264600
1734705000,180.36000,184.02000,180.35001,182.13000,415300
1734964200,181.84000,182.28999,179.84000,181.78999,163700
1735050600,182.80000,183.36000,181.67999,182.97000,93800
1735223400,182.61000,184.89999,182.12000,182.71001,130100
1735309800,180.16000,182.89999,179.50999,181.12000,199000
1735569000,180.82001,181.70000,177.98000,180.17999,259800
1735655400,182.67000,183.89999,179.89000,183.32001,284700
1735828200,182.84000,185.50000,182.69000,184.00000,164900
1735914600,184.67999,186.16000,182.00999,184.38000,187200
1736173800,185.21001,189.21001,185.21001,187.84000,200300
1736260200,189.22000,189.22000,184.22000,185.07001,181600
1736346600,183.92000,184.80000,182.75999,183.78000,168500
1736519400,181.50000,182.97000,177.85001,180.12000,395100
1736778600,180.13000,181.63000,178.81000,180.03999,434000
1736865000,181.57001,188.62000,179.33000,187.83000,436300
1736951400,191.35001,192.61000,189.36000,190.25999,248900
1737037800,190.05000,191.52000,186.75000,186.75000,131400
1737124200,186.85001,187.11000,180.71001,182.14000,374200
1737469800,183.72000,184.48000,180.87000,182.75000,376200
1737556200,182.55000,184.35001,180.92999,182.83000,248000
1737642600,182.75999,184.49001,181.03000,182.25000,169200
1737729000,183.30000,183.99001,180.67000,181.61000,296200
1737988200,182.05000,182.60001,180.14999,181.31000,258900
1738074600,180.89999,184.11000,180.28000,181.42999,126000
1738161000,182.16000,184.88000,181.50999,184.17000,207600
1738247400,185.66000,187.70000,183.83000,185.17999,308700
1738333800,185.38000,185.86000,182.31000,183.10001,384700
1738593000,179.98000,184.17999,179.35001,182.81000,239100
1738679400,182.96001,187.14000,182.67000,186.14999,188100
1738765800,186.85001,188.21001,186.03999,187.45000,159100
1738852200,188.00000,192.89999,188.00000,192.89999,274500
1738938600,192.96001,194.53000,188.45000,190.21001,247100
1739197800,190.30000,193.30000,188.89999,191.00999,279800
1739284200,192.20000,192.20000,180.87000,188.42000,421000
1739370600,187.11000,188.13000,184.50000,184.75999,285000
1739457000,184.09000,185.00000,180.82001,183.77000,295800
1739543400,183.95000,187.72000,181.87000,186.10001,234100
1739889000,184.92999,187.92000,183.37000,185.34000,269000
1739975400,184.05000,184.81000,182.09000,184.14999,298700
1740061800,184.53000,186.69000,183.06000,184.91000,365900
1740148200,186.55000,189.81000,177.47000,178.97000,440800
1740407400,179.34000,181.75000,178.52000,180.72000,306100
1740493800,181.13000,181.89000,178.10001,181.28999,295000
1740580200,182.08000,184.84000,180.84000,183.89000,276200
1740666600,183.96001,184.82001,181.20000,181.69000,353100
1740753000,181.78000,183.08000,178.50000,183.02000,436200
1741012200,184.12000,186.50000,182.21001,183.66000,350900
1741098600,182.46001,185.50999,180.12000,182.94000,237400
1741185000,184.09000,185.73000,182.62000,183.95000,297100
1741271400,183.16000,185.13000,180.56000,182.03999,150600
1741357800,181.86000,182.75999,179.64999,181.89000,152300
1741613400,179.78999,182.71001,178.67000,180.28999,213400
1741699800,180.58000,181.87000,179.14000,181.00000,244000
1741786200,182.61000,183.49001,179.21001,182.97000,342200
1741872600,183.67000,186.97000,180.46001,185.08000,386500
1741959000,186.33000,189.39000,184.00000,189.39000,237000
1742218200,189.50000,192.20000,188.78000,190.81000,234900
1742304600,191.00000,193.06000,189.89000,191.66000,231800
1742391000,191.24001,194.06000,187.63000,192.42000,310500
1742477400,192.05000,197.25999,189.94000,194.28000,320200
1742563800,194.27000,194.75999,191.06000,193.50999,402100
1742823000,194.16000,195.46001,192.16000,192.16000,172600
1742909400,192.81000,197.64999,191.21001,197.39999,368000
1742995800,196.83000,197.62000,190.20000,191.67999,543800
1743082200,190.57001,194.39999,189.56000,190.62000,481100
1743168600,190.84000,191.96001,186.47000,188.16000,244700
1743427800,185.45000,187.44000,184.70000,186.16000,421200
1743514200,186.89999,193.31000,186.63000,192.53999,237300
1743600600,190.67000,193.64999,190.48000,193.60001,208500
1743687000,188.48000,192.39000,187.28999,189.23000,269200
1743773400,185.17999,185.17999,174.42000,178.74001,646300
1744032600,173.21001,180.48000,165.50999,170.91000,912800
1744119000,175.75000,178.59000,169.10001,169.89000,760700
1744205400,168.64000,180.45000,166.11000,178.02000,634600
1744291800,176.20000,176.22000,168.06000,172.07001,244400
1744378200,173.49001,179.86000,169.64000,177.87000,258200
1744637400,180.12000,185.42000,180.12000,184.28000,244000
1744723800,183.39000,187.50000,182.75999,185.08000,285200
1744810200,184.75999,186.41000,183.25000,185.19000,317100
1744896600,185.63000,187.83000,183.59000,185.13000,180400
1745242200,185.23000,185.50000,183.50999,184.96001,88600
1745328600,187.03999,191.59000,185.49001,191.27000,225700
1745415000,193.25999,194.60001,191.30000,192.55000,249500
1745501400,192.61000,196.05000,191.66000,196.05000,314100
1745587800,194.20000,197.87000,191.70000,197.87000,164700
1745847000,196.85001,200.78999,196.85001,199.64999,211300
1745933400,200.00000,202.53999,198.28000,200.17000,342900
1746019800,199.00000,202.19000,196.00000,202.19000,292800
1746106200,201.06000,201.84000,197.10001,198.00000,120200
1746192600,200.72000,202.06000,198.46001,201.21001,459600
1746451800,201.82001,203.09000,200.08000,200.71001,201700
1746538200,199.88000,202.39999,199.25000,201.88000,253400
1746624600,201.39999,203.39999,198.73000,200.27000,331300
1746711000,201.98000,205.02000,199.77000,203.92000,223900
1746797400,204.75000,206.98000,204.11000,205.37000,176700
1747056600,206.98000,208.17999,201.92999,203.25000,172100
1747143000,204.39999,207.84000,202.00000,206.47000,290400
1747229400,205.08000,208.21001,204.72000,207.91000,293700
1747315800,207.05000,210.71001,206.22000,208.52000,292100
1747402200,207.28999,207.56000,202.12000,206.53999,379300
1747661400,195.17999,197.89000,193.13000,193.50000,294900
1747747800,195.14000,198.92999,193.88000,198.87000,279700
1747834200,200.25999,201.34000,197.16000,200.47000,365100
1747920600,199.87000,204.70000,199.78000,204.42000,440600
1748007000,201.92000,206.03000,201.33000,204.24001,294000
1748352600,204.27000,207.91000,202.09000,207.67999,323700
1748439000,207.94000,209.06000,206.33000,208.47000,289500
1748525400,208.58000,210.42999,206.60001,209.78999,539800
1748611800,208.66000,212.92999,207.81000,211.81000,637800
1748871000,212.94000,215.67000,212.00000,214.45000,597200
1748957400,214.00000,217.36000,213.00000,216.89999,558800
1749043800,217.85001,220.35001,212.87000,213.50999,796500
1749130200,214.41000,215.80000,209.46001,214.66000,365700
1749216600,217.27000,218.21001,215.06000,217.55000,204300
1749475800,216.42999,217.25000,212.88000,213.39999,310200
1749562200,212.75000,217.09000,212.31000,216.89999,318200
1749648600,217.41000,220.46001,216.58000,218.23000,321900
1749735000,219.06000,221.27000,217.63000,218.47000,261500
1749821400,216.16000,218.67000,214.98000,217.30000,203500
1750080600,217.41000,221.17999,217.41000,218.32001,198900
1750167000,216.53000,219.60001,215.42999,218.81000,319100
1750253400,219.11000,222.99001,216.95000,217.77000,186800
1750426200,220.00000,220.00000,217.02000,218.42999,360100
1750685400,218.02000,218.64000,213.75000,216.13000,370200
1750771800,217.25000,220.22000,217.17999,217.78999,225800
1750858200,217.08000,219.21001,216.50999,217.42999,165100
1750944600,217.44000,223.39000,216.89999,223.05000,318000
1751031000,222.22000,224.28000,221.69000,223.89999,330900
1751290200,223.42000,225.67999,222.50000,223.52000,239500
1751376600,224.39999,226.85001,218.59000,222.63000,405600
1751463000,221.77000,226.28999,220.09000,226.13000,584100
1751549400,227.89999,228.69000,226.08000,227.25000,228600
1751895000,226.19000,228.25999,223.53000,225.73000,293900
1751981400,226.10001,226.63000,223.23000,225.74001,233500
1752067800,226.58000,228.31000,222.05000,224.62000,210600
1752154200,226.38000,227.55000,220.81000,223.50999,312600
1752240600,222.28000,223.58000,221.36000,222.42000,403100
1752499800,222.64000,224.09000,221.27000,221.42000,177000
1752586200,221.28999,223.41000,218.21001,221.82001,221500
1752672600,221.42999,222.50000,216.87000,220.56000,338300
1752759000,220.98000,226.03999,220.81000,225.57001,341000
1752845400,224.94000,227.50000,224.94000,226.24001,298800
1753104600,227.13000,229.55000,225.50000,226.34000,201700
1753191000,227.35001,230.94000,226.50999,230.39999,470800
1753277400,230.96001,237.37000,230.96001,237.00000,624900
1753363800,238.31000,240.00000,233.06000,237.12000,446900
1753450200,236.24001,239.21001,230.25000,235.85001,144400
1753709400,234.59000,239.13000,232.20000,235.00000,222600
1753795800,235.13000,239.72000,234.57001,238.00000,271700
1753882200,236.08000,237.86000,231.55000,235.08000,336800
1753968600,235.89000,237.08000,233.59000,237.00000,372400
1754055000,236.89999,236.89999,231.74001,236.50000,388300
1754314200,237.24001,242.45000,236.24001,242.45000,399600
1754400600,242.67000,249.64000,240.21001,242.00000,328000
1754487000,242.99001,244.49001,240.17000,242.99001,327800
1754573400,243.86000,246.08000,242.89999,246.00000,318700
1754659800,246.73000,249.23000,241.21001,249.20000,220500
1754919000,249.39999,250.42000,248.17000,249.20000,255000
1755005400,249.85001,251.53999,249.42000,251.00999,338100
1755091800,251.00000,254.53000,249.32001,249.37000,467700
1755178200,250.19000,252.38000,247.73000,250.36000,276800
1755264600,247.84000,255.39000,247.84000,251.88000,559800
1755523800,251.33000,254.62000,249.42000,253.22000,345800
1755610200,252.92000,254.58000,249.44000,250.48000,494500
1755696600,249.32001,251.39999,247.13000,249.07001,974100
1755783000,249.98000,254.50000,247.06000,251.11000,394200
1755869400,250.78999,256.98999,250.42000,255.00999,409900
1756128600,254.60001,256.73999,251.63000,252.00999,136900
1756215000,251.00000,254.23000,250.57001,254.23000,273400
1756301400,252.06000,253.89999,249.59000,252.33000,208800
1756387800,253.21001,256.54001,251.69000,256.09000,257900
1756474200,254.71001,258.70001,254.23000,257.20001,442600
1756819800,255.36000,260.26999,255.06000,260.10999,360200
1756906200,260.23001,263.42001,258.45001,261.56000,446300
1756992600,262.54999,263.92001,259.72000,259.98001,232800
1757079000,259.97000,262.17999,251.97000,261.20001,586400
1757338200,261.01001,265.10001,261.01001,263.50000,380600
1757424600,263.89999,268.48999,263.89999,263.92001,257200
1757511000,265.29999,266.12000,262.72000,264.17999,321000
1757597400,264.73999,267.01999,262.31000,266.59000,457200
1757683800,266.60999,267.51999,264.32999,266.06000,318600
1757943000,267.76001,268.42001,265.39999,265.64001,189200
1758029400,266.07999,271.98999,264.25000,270.79001,322200
1758115800,274.56000,280.88000,272.54999,278.29001,569600
1758202200,276.42001,277.92001,260.39999,261.91000,769200
1758288600,262.28000,263.64001,258.82001,262.60999,512600
1758547800,262.73999,267.26999,262.35999,266.76999,222300
1758634200,267.20001,269.89001,264.39001,265.54999,196000
1758720600,266.72000,268.98001,264.39001,266.10999,277000
1758807000,267.00000,269.00000,261.87000,262.73999,181000
1758893400,265.25000,265.95001,262.67001,263.66000,177600
1759152600,264.84000,268.92001,263.57999,267.47000,516400
1759239000,268.54001,271.34000,262.73999,266.28000,461500
1759325400,267.94000,268.56000,260.00000,262.20001,525800
1759411800,261.89001,263.14001,256.63000,259.09000,279200
1759498200,259.67999,266.39001,257.39999,266.19000,353100
1759757400,265.26001,266.32999,261.57999,264.69000,142700
1759843800,265.16000,266.92001,262.31000,262.62000,141900
1759930200,263.35999,266.48999,261.94000,264.50000,156100
1760016600,264.54999,265.39999,261.12000,261.23999,228300
1760103000,260.51999,261.20001,253.39999,254.99001,465100
1760362200,257.62000,262.26001,255.10001,258.00000,361500
1760448600,258.20001,260.20999,253.67000,253.95000,442200
1760535000,256.17999,258.57999,253.66000,254.89999,280800
1760621400,254.89999,256.07001,249.91000,252.64999,368700
1760707800,251.57001,256.95001,249.55000,254.06000,402800
1760967000,255.59000,258.26001,252.92000,253.57001,249200
1761053400,252.46001,255.14000,252.17000,253.85001,223400
1761139800,255.00000,256.20001,250.50000,253.03999,134000
1761226200,256.23001,258.23001,254.37000,257.92999,269800
1761312600,258.42001,260.14999,256.79999,256.79999,131100
1761571800,258.26001,259.47000,255.45000,256.48999,221900
1761658200,257.73001,262.92999,256.60999,260.34000,273200
1761744600,260.00000,264.73999,259.37000,263.35999,313500
1761831000,262.20001,262.88000,259.47000,260.00000,255900
1761917400,258.76999,262.38000,258.76999,261.00000,201800
1762180200,261.66000,262.63000,259.44000,260.45001,148300
1762266600,258.13000,263.01001,254.10001,257.38000,178100
1762353000,257.72000,260.87000,257.66000,258.82001,188600
1762439400,260.32001,260.51999,256.03000,258.84000,169100
1762525800,258.09000,260.79001,255.00000,259.51999,298200
1762785000,261.17999,263.07999,256.92999,259.01001,136500
1762871400,259.95001,260.76001,258.04999,258.16000,235700
1762957800,259.01001,262.51999,258.28000,262.51999,335300
1763044200,262.17001,262.73001,251.30000,252.14999,224000
1763130600,236.00999,260.23999,230.45000,253.80000,357800
1763389800,252.03999,254.80000,248.85001,250.47000,176900
1763476200,249.37000,253.30000,248.49001,251.66000,176100
1763562600,251.73000,255.62000,251.73000,254.70000,189300
1763649000,258.10001,258.10001,247.74001,248.31000,313900
1763735400,240.30000,249.38000,240.00000,247.85001,453300
1763994600,251.64999,253.81000,247.71001,253.78000,610900
1764081000,255.69000,257.04999,251.22000,251.64999,256100
1764167400,253.63000,257.70999,252.05000,255.87000,352800
1764340200,256.95001,260.38000,254.16000,257.20999,241900
1764599400,257.69000,260.51999,254.42999,254.95000,297200
1764685800,257.81000,263.51001,256.54001,261.23001,454900
1764772200,261.85001,264.31000,258.89001,263.16000,302800
1764858600,265.09000,279.47000,264.39999,277.64999,701000
1764945000,278.50000,280.56000,270.42999,272.29999,323100
1765204200,273.23001,273.79999,265.26999,269.34000,200500
1765290600,268.81000,277.42999,268.01001,276.29001,264700
1765377000,275.88000,278.26999,275.00000,277.00000,306400
1765463400,277.14999,284.79001,277.01001,281.60999,440200
1765549800,282.51999,285.50000,281.20999,282.53000,285800
1765809000,283.97000,285.67999,281.29001,282.23999,189800
1765895400,281.28000,284.76001,277.20001,280.00000,290800
1765981800,275.60001,281.56000,272.00000,275.60001,488000
1766068200,276.20999,282.54999,275.67001,281.00000,241100
1766154600,281.63000,287.04999,281.63000,285.76999,567100
1766413800,286.84000,292.00000,285.25000,289.07999,297100
1766500200,291.10001,291.67001,286.70001,289.00000,195000
1766586600,288.35999,290.98001,288.35999,289.45001,83700
1766759400,290.07001,291.92999,289.09000,291.50000,194800
1767018600,291.50000,291.60999,287.42999,291.04999,179600
1767105000,291.98001,291.98001,288.22000,290.00000,239400
1767191400,289.32999,290.00000,284.70999,287.00000,294900
1767364200,288.75000,290.48001,284.76001,286.41000,267500
1767623400,287.76999,294.12000,287.00000,292.50000,350700
1767709800,295.07001,299.94000,294.48999,295.70999,383500
1767796200,294.00000,296.10001,291.00000,293.70001,369500
1767882600,294.04999,304.23999,294.04999,303.84000,371300
1767969000,303.78000,305.89999,301.00000,302.14999,380000
1768228200,302.14999,307.57001,302.14999,307.14999,217900
1768314600,308.34000,312.32999,304.78000,311.50000,460800
1768401000,313.00000,318.19000,312.31000,316.98999,323900
1768487400,318.89001,322.76999,317.85999,318.78000,628000
1768573800,316.98999,322.67999,316.01001,321.82999,353700
1768919400,318.98999,328.41000,318.75000,326.92999,369900
1769005800,327.19000,333.42999,326.25000,332.59000,397000
1769092200,333.60999,341.54999,332.64999,340.60999,563000
1769178600,341.50000,344.50000,335.89001,344.32999,424500
1769437800,342.92001,350.60001,342.29999,349.00000,825200
1769524200,352.82001,359.85999,351.34000,356.14999,1151600
1769610600,356.14999,359.22000,348.12000,358.17999,540300
1769697000,361.00000,365.42001,353.98999,365.42001,495200
1769783400,360.31000,362.41000,351.94000,356.82999,973300
1770042600,355.34000,368.78000,353.79001,367.91000,327100
1770129000,372.81000,380.20001,370.00000,375.25000,925800
1770215400,374.16000,377.04999,359.14001,363.63000,407000
1770301800,358.89999,362.48999,351.66000,356.39999,559400
1770388200,360.29999,364.57001,351.63000,353.29999,802800
1770647400,354.07999,358.41000,350.79001,356.73999,918000
1770733800,357.62000,360.00000,346.59000,348.54001,633800
1770820200,351.39001,352.50000,343.29999,343.67999,670300
1770906600,343.95999,346.23999,339.42001,341.04999,569900
1770993000,324.25000,333.82001,318.14999,329.81000,1122300
1771338600,332.29001,337.57999,325.64001,333.17999,912700
1771425000,337.29999,347.45001,335.89001,346.00000,515300
1771511400,344.51001,350.39001,340.89999,349.39999,714500
1771597800,350.34000,352.19000,340.35999,350.25000,478500
1771857000,352.20001,353.92999,343.56000,344.47000,218600
1771943400,347.20001,352.44000,341.14001,352.42999,488600
1772029800,352.31000,360.82999,352.31000,355.14001,488500
1772116200,353.26999,357.31000,347.84000,355.48001,374400
1772202600,354.23001,359.54999,345.95001,346.38000,802000
1772461800,342.44000,353.32999,338.92001,352.94000,252000
1772548200,343.82001,347.98001,329.41000,332.67999,890600
1772634600,335.26999,341.63000,333.16000,339.23001,352300
1772721000,334.54999,339.23001,325.39999,334.17999,351600
1772807400,332.42001,335.51999,324.07001,330.57001,616000
1773063000,326.17001,329.79999,319.70001,329.60001,251400
1773149400,332.82999,345.78000,329.29999,341.28000,387600
1773235800,337.85999,341.13000,332.44000,337.60999,172900
1773322200,327.64001,331.85999,324.54999,325.20001,422200
1773408600,329.48001,334.22000,324.04001,325.67999,432100
1773667800,330.48999,335.54999,323.45001,332.66000,229100
1773754200,337.60999,341.06000,332.85999,334.57999,342200
1773840600,334.57999,338.38000,323.35999,324.04001,289900
1773927000,317.35001,329.26999,315.01001,328.32001,313000
1774013400,326.26001,329.14001,319.42999,321.64001,526100
1774272600,330.88000,338.51001,326.98999,329.82999,325800
1774359000,323.01999,332.47000,323.01999,330.23999,269600
1774445400,335.12000,341.07001,332.29001,338.89999,342700
1774531800,335.19000,340.20001,328.44000,328.54001,239700
1774618200,328.45999,329.89001,319.76999,322.42999,384300
1774877400,323.91000,323.91000,316.70001,319.42999,285000
1774963800,326.51999,340.01001,320.13000,339.17999,469900
1775050200,345.89999,348.00000,340.97000,341.26001,295200
1775136600,333.56000,343.60999,330.42001,339.98001,175900
1775482200,339.48999,343.87000,337.26001,338.82999,180700
1775568600,336.92001,339.13000,332.45999,337.44000,196700
1775655000,347.73001,357.00000,347.73001,352.25000,337900
1775741400,350.10001,354.94000,346.10999,352.37000,435400
1775827800,353.13000,358.64999,346.82001,349.42001,291500
1776087000,351.50000,365.45999,347.38000,361.34000,644400
1776173400,362.47000,362.47000,354.04001,357.59000,347200
1776259800,358.20001,358.20001,314.51999,316.48999,1329300
1776346200,318.12000,340.97000,316.04999,340.22000,1045500
1776432600,341.22000,349.32001,328.42001,331.94000,718200
1776691800,329.92001,339.84000,327.51001,335.85001,333100
1776778200,337.70999,345.73001,330.97000,333.22000,255600
1776864600,337.31000,339.00000,329.92999,334.47000,388600
1776951000,334.00000,336.72000,321.51999,323.48999,385100
1777037400,323.00000,330.75000,320.37000,323.64999,314500
1777296600,323.64999,326.31000,316.42001,319.94000,288800
1777383000,318.89999,320.72000,316.26999,320.72000,310200
1777469400,321.07001,325.16000,315.25000,318.06000,192700
1777555800,320.76001,325.87000,317.22000,324.17001,188700
1777642200,323.25000,327.10001,321.23001,321.97000,143000
1777901400,321.78000,324.00000,317.82999,319.98001,194200
1777987800,322.20001,325.14001,317.29001,318.39999,331900
1778074200,325.00000,328.45999,317.94000,326.54999,303900
1778160600,325.20001,328.98999,319.17001,321.76999,285300
1778247000,326.60001,332.79999,323.75000,330.50000,452500
1778506200,330.59000,333.13000,321.53000,322.42001,318100
1778592600,319.50000,326.14999,317.57999,323.82001,302600
1778679000,323.32999,324.73999,312.00000,317.67999,503100
1778765400,317.89001,329.01999,316.00000,327.69000,576400
1778851800,321.89999,338.85999,313.75000,316.31000,668000
1779111000,302.09000,310.28000,300.00000,303.85999,337800
1779197400,306.42999,316.57001,303.87000,315.79001,648700
1779283800,313.37000,335.54999,313.37000,333.26999,668900
1779370200,331.42001,345.76999,328.91000,344.00000,531800
1779456600,344.48001,350.00000,332.54999,334.29999,454900
1779802200,337.29999,353.60999,336.10999,351.75000,309600
1779888600,351.23999,354.41000,343.07999,348.23999,345500
1779975000,345.76999,345.76999,336.82001,341.50000,684900
1780061400,340.79001,347.64001,337.67001,342.63000,792300
1780320600,339.54999,343.79999,335.75000,340.56000,307600
1780407000,340.57999,344.88000,337.17999,343.92999,256400
1780493400,339.57999,343.31000,327.42001,327.42001,822200
1780579800,330.50000,333.76001,325.00000,326.53000,679600
1780666200,322.37000,324.35999,310.75000,322.50000,1205100
1780925400,317.98999,320.98001,299.00000,319.89001,1578600
1781011800,341.70001,366.22000,339.09000,349.60999,1426900
1781098200,346.84000,355.88000,343.41000,351.66000,675100
1781184600,364.41000,374.84000,362.04999,368.38000,730200
1781271000,374.47000,376.76999,368.60999,369.54999,309100
1781530200,369.67001,374.51999,359.32999,362.32001,654100
1781616600,365.28000,368.45999,361.26001,364.28000,475200
1781703000,374.84000,396.03000,374.84000,386.94000,568800
1781789400,398.51999,398.51999,380.57001,382.76001,674500
1782135000,383.09000,390.00000,378.48001,380.57001,431700
1782221400,375.35001,378.45001,368.53000,368.76999,473000
1782307800,371.19000,385.64001,368.75000,376.48999,491500
1782394200,379.14999,390.19000,371.25000,380.41000,435400
1782480600,380.82001,391.20999,380.01001,384.10001,274600
1782739800,381.57001,389.70001,379.59000,384.73999,264100
1782826200,385.00000,394.26001,385.00000,389.57999,380800
1782912600,386.47000,399.38000,384.25000,387.00000,406200
1782999000,390.81000,396.38000,388.92999,391.20999,245200
1783344600,395.51999,398.57999,389.45999,392.32001,274000
1783431000,389.60001,394.00000,385.85999,386.47000,251100
1783517400,384.54001,389.09000,376.59000,381.47000,290800
1783603800,382.79999,394.75000,378.26001,391.92001,323700
1783690200,395.95999,402.19000,394.10999,400.81000,205200
1783949400,401.20999,403.29999,387.79999,389.22000,210000
1784035800,394.23999,397.14999,389.70001,392.23999,259800
1784122200,393.64001,399.89001,392.09000,398.20001,256700
1784208600,392.39999,396.51001,387.07999,387.44000,366800
1784295000,382.00000,393.38000,377.45001,390.57999,253400
1784554200,390.44000,397.67999,386.10999,386.85001,241400
1784640600,392.64999,396.14999,389.79001,391.10001,280500
1784727000,391.60999,394.26999,386.20001,393.67001,703900
1784813400,390.38000,393.01999,385.12000,387.63000,169800
1784899800,391.51999,394.26001,386.06000,388.42001,162700
1785159000,392.28000,395.59000,383.98999,390.98999,175600
1785245400,381.07001,393.19000,381.07001,388.95001,199500
1785331800,390.60999,391.88000,380.42999,383.92999,201200
1785418200,390.09000,402.84000,390.09000,402.26999,412200
1785504600,409.29999,413.25000,400.23999,400.57999,349100
1785763800,396.07001,401.92999,392.82999,395.79001,269800
1785850200,393.67001,400.60999,390.79001,392.12000,316400
1785936600,391.48999,400.97000,391.48999,394.88000,204700
1786023000,395.60001,399.26001,391.23999,392.57001,168000
1786109400,392.82001,396.01999,385.44000,386.92999,210300
1786368600,384.73999,392.51999,381.67001,382.20999,211000
1786455000,385.00000,389.00000,374.69000,377.00000,306100
1786541400,381.14001,384.42999,372.14999,372.22000,273500
1786627800,373.73001,379.44000,370.56000,375.14001,339200
1786714200,384.29999,392.16000,376.00000,386.35999,455400
1786973400,385.23001,392.39001,375.51001,378.28000,440300
1787059800,376.20999,389.70001,365.78000,368.44000,350400
1787146200,371.98001,380.37000,365.57999,368.98001,258200
1787232600,368.14001,377.91000,368.14001,370.20999,298500
1787319000,375.09000,379.82999,373.72000,378.97000,192800
1787578200,379.09000,381.54001,375.17999,379.73999,199300
1787664600,381.54001,383.69000,375.20999,383.29999,214600
1787751000,382.88000,385.97000,380.88000,382.54999,240600
1787837400,380.98999,383.01001,372.09000,373.20001,310600
1787923800,377.79001,377.79001,367.95999,368.39999,554800
