time,open,high,low,close,tick_volume
1472540400,165.00000,169.70000,165.00000,169.14999,53494393
1472626800,169.45000,175.00000,169.20000,172.25000,60135714
1472713200,173.25000,177.39999,169.75000,171.55000,52656119
1472799600,173.10001,175.50000,169.01900,174.30000,62995077
1473058800,174.39999,174.85400,171.64999,173.25000,29104327
1473145200,172.80000,173.64999,169.20200,169.70000,33395953
1473231600,166.95000,170.20000,164.75000,169.75000,39274536
1473318000,169.75000,176.10500,168.39999,173.20000,42105066
1473404400,172.95000,177.30299,172.05200,174.75000,46137147
1473663600,171.30000,172.45000,167.50000,170.05000,49005058
1473750000,170.50000,171.70000,168.25000,170.60001,68280242
1473836400,171.60001,171.89999,168.80000,170.30000,34615802
1473922800,169.25000,171.10001,167.96700,169.50000,43641176
1474009200,167.80000,167.85001,164.03300,164.70000,113454519
1474268400,167.00000,168.30000,165.20300,167.00000,35633192
1474354800,165.39999,167.45000,163.97301,166.45000,36240761
1474441200,172.60001,173.89999,170.50000,171.60001,47424096
1474527600,172.85001,174.41800,170.35001,173.20000,33596677
1474614000,172.45000,172.45000,170.53999,171.39999,34047150
1474873200,169.10001,171.00000,165.80000,168.10001,53209171
1474959600,169.25000,172.39999,164.45000,165.95000,74818005
1475046000,166.00000,168.50000,165.60001,166.10001,35145499
1475132400,168.25000,168.70000,166.64999,167.30000,26470038
1475218800,162.89999,167.80000,155.95000,167.80000,117264694
1475478000,167.75000,168.39999,165.45000,168.20000,33873563
1475564400,169.20000,171.55000,168.50000,169.25000,76371807
1475650800,169.00000,172.70000,168.45000,172.45000,47452833
1475737200,173.00000,175.35001,173.00000,174.25000,58204075
1475823600,173.64999,175.30000,170.45000,173.60001,57671030
1476082800,173.25000,173.80000,168.39999,172.30000,42151000
1476169200,171.75000,172.95000,170.30000,172.39999,69986691
1476255600,172.25000,173.14999,168.25000,168.45000,63645274
1476342000,167.05000,168.45000,164.39999,166.50000,48168546
1476428400,166.64999,173.14999,166.64999,170.14999,100571191
1476687600,168.85001,171.35001,168.45000,169.55000,30941725
1476774000,169.75000,174.35001,169.75000,174.00000,39387506
1476860400,175.00000,178.64999,174.39999,177.39999,48798830
1476946800,178.10001,183.80000,178.00000,183.10001,73323480
1477033200,183.10001,184.70000,182.07100,183.20000,52720691
1477292400,183.10001,185.45000,182.95000,183.50000,47684140
1477378800,183.45000,185.70000,181.64999,183.70000,31817041
1477465200,183.00000,183.80000,179.80000,181.80000,39926097
1477551600,184.80000,192.00000,179.25000,190.50000,86513948
1477638000,189.75000,193.00000,185.31300,191.30000,60128488
1477900800,190.20000,191.70000,188.89999,190.30000,40797797
1477987200,189.30000,190.05000,186.30000,186.70000,41313876
1478073600,184.70000,184.89999,181.50000,182.05000,44867745
1478160000,181.75000,190.10001,180.14999,185.30000,54937697
1478246400,183.20000,186.45500,179.73500,181.35001,52390506
1478505600,184.10001,185.45000,182.39999,185.20000,32737609
1478592000,184.05000,186.47501,182.70000,185.95000,27898948
1478678400,178.45000,193.05000,175.45900,192.89999,92034440
1478764800,197.00000,205.00000,186.31300,201.10001,121529803
1478851200,200.85001,205.00000,198.39999,201.75000,69174432
1479110400,205.00000,212.76801,204.20000,212.30000,81569337
1479196800,213.35001,214.10001,208.89999,211.89999,59272967
1479283200,211.00000,214.39999,208.49200,209.60001,47852029
1479369600,207.50000,212.85001,205.89999,212.70000,46020522
1479456000,213.55000,214.60001,209.60001,212.25000,48837663
1479715200,213.00000,213.14999,209.89999,210.60001,30536128
1479801600,212.35001,214.80000,211.30000,212.35001,38172982
1479888000,212.30000,214.85500,209.39999,213.35001,33555637
1479974400,214.05000,215.60001,211.75000,215.45000,29151308
1480060800,215.45000,216.50000,214.10001,215.50000,26393569
1480320000,214.05000,214.25000,210.35001,211.89999,37582077
1480406400,214.00000,216.50000,210.85001,214.25000,41605699
1480492800,213.45000,216.89999,211.85001,215.95000,47668673
1480579200,215.00000,219.25000,214.45000,219.05000,43643166
1480665600,217.70000,267.32001,211.10001,212.95000,60217443
1480924800,210.80000,220.45000,210.50000,216.80000,50466816
1481011200,215.75000,227.27000,212.63400,226.75000,64700826
1481097600,229.00000,235.72501,225.30800,234.85001,62594961
1481184000,235.50000,240.20000,233.67999,239.00000,59079687
1481270400,237.00000,238.35001,230.55000,233.10001,55294637
1481529600,232.50000,234.20000,227.02499,227.55000,56733341
1481616000,227.85001,231.35001,225.98900,230.10001,45813371
1481702400,227.89999,228.25000,221.75000,221.75000,66400017
1481788800,221.25000,230.25000,221.25000,229.45000,61953816
1481875200,229.89999,230.14999,226.79500,228.14999,54968261
1482134400,227.14999,227.30600,221.25000,222.05000,39900955
1482220800,222.55000,227.75000,221.61900,227.64999,29052053
1482307200,227.25000,229.30000,225.50000,228.75000,43712472
1482393600,227.95000,229.80000,225.60001,227.00000,20402149
1482480000,226.25000,227.39999,223.19600,224.95000,12081273
1482912000,225.50000,226.05000,223.50000,224.75000,24881132
1482998400,222.95000,223.64999,220.50000,222.35001,24654062
1483084800,221.35001,223.45000,220.08299,223.45000,15871501
1483430400,226.10001,234.55000,224.80000,231.89999,55552090
1483516800,233.45000,235.00000,231.17000,235.00000,31177764
1483603200,234.50000,236.89999,230.85001,232.55000,36901986
1483689600,231.75000,235.95000,231.50000,235.25000,28600450
1483948800,239.00000,240.00000,232.55000,234.05000,32589710
1484035200,233.64999,237.30000,230.05000,236.25000,31718216
1484121600,236.55000,237.50000,231.75000,234.20000,36655762
1484208000,232.80000,235.05000,231.70000,232.25000,28992021
1484294400,231.05000,236.14999,231.05000,235.25000,39301433
1484553600,233.50000,233.50000,229.20000,231.10001,28280597
1484640000,229.00000,235.55000,229.00000,231.60001,48407947
1484726400,231.35001,235.01700,226.25000,227.60001,43766069
1484812800,229.30000,235.01700,226.80000,228.30000,37558870
1484899200,228.00000,229.45000,226.39999,227.39999,54380881
1485158400,225.25000,225.30000,222.14999,224.50000,28342201
1485244800,225.80000,229.39999,225.75000,228.64999,36563063
1485331200,230.05000,233.00000,230.05000,230.85001,41402288
1485417600,232.00000,236.17999,231.60001,232.35001,52157732
1485504000,231.85001,234.57500,228.45000,230.60001,28619310
1485763200,227.60001,228.10001,222.80000,223.39999,68379387
1485849600,222.80000,226.05000,219.10001,219.45000,48441418
1485936000,221.75000,223.95000,219.95000,222.10001,32776938
1486022400,223.89999,224.70000,220.20000,221.35001,42923195
1486108800,222.50000,230.14999,221.30000,228.85001,43542033
1486368000,229.50000,233.35001,227.35500,227.39999,42267862
1486454400,226.60001,229.14999,225.45000,226.05000,33574738
1486540800,225.64999,227.80000,221.10001,224.95000,41800806
1486627200,226.00000,230.20000,225.64999,229.55000,35017596
1486713600,231.05000,231.35001,226.60001,228.64999,36606240
1486972800,228.70000,233.35001,228.25000,232.35001,43470017
1487059200,231.20000,236.60001,230.70000,235.25000,42280267
1487145600,236.00000,241.00000,234.73801,239.25000,56437420
1487232000,238.75000,240.70000,237.31200,238.00000,34933624
1487318400,237.10001,237.20799,233.55000,237.00000,39329071
1487577600,237.80000,240.01801,236.95500,237.50000,39921131
1487664000,235.85001,237.55000,233.50000,235.95000,27779089
1487750400,238.00000,240.20000,233.20000,235.14999,41900244
1487836800,240.00000,244.39999,224.75000,229.05000,101825857
1487923200,229.45000,238.82500,221.97501,225.89999,45639146
1488182400,225.00000,228.55000,224.10001,225.00000,141718211
1488268800,224.50000,227.45000,222.75000,226.50000,67908759
1488355200,228.10001,233.39999,224.58200,232.89999,56748348
1488441600,230.39999,235.14999,229.10001,229.50000,58832685
1488528000,225.75000,231.80000,225.25000,231.39999,45689044
1488787200,228.80000,229.95000,226.89999,226.95000,32187324
1488873600,227.30000,228.64999,226.10001,227.05000,35044891
1488960000,226.05000,233.70000,225.95000,232.30000,51738303
1489046400,231.00000,233.50000,230.00000,232.20000,40862590
1489132800,232.39999,234.14999,230.85001,231.85001,40321888
1489392000,232.00000,232.00000,229.00000,230.20000,31282402
1489478400,230.50000,230.50000,225.95000,226.55000,43785364
1489564800,226.64999,228.80000,225.64999,227.50000,43924854
1489651200,229.14999,230.20000,227.60001,229.45000,50162188
1489737600,235.00000,235.35001,229.08701,230.39999,73609268
1489996800,229.35001,230.75000,227.85001,228.30000,23214061
1490083200,229.50000,233.23700,227.45000,230.00000,43334005
1490169600,228.05000,229.44000,221.94000,224.55000,63753003
1490256000,225.20000,225.50000,222.95000,223.89999,34561906
1490342400,226.14999,227.75000,224.72501,226.95000,40143210
1490598000,224.00000,229.95000,220.89999,224.20000,41205128
1490684400,226.14999,228.39999,224.00000,228.10001,36878067
1490770800,228.55000,228.96300,224.95000,227.30000,25611188
1490857200,226.89999,228.45000,224.70000,228.05000,42483919
1490943600,227.80000,227.95000,225.08800,225.10001,47777985
1491202800,225.05000,225.25000,220.39999,221.45000,32265178
1491289200,221.14999,223.00000,216.70000,217.75000,48827684
1491375600,218.64999,219.92400,215.80000,218.60001,42916752
1491462000,216.64999,217.30000,213.60001,216.39999,46255713
1491548400,214.64999,215.64999,213.73199,215.30000,39411693
1491807600,215.50000,216.85001,212.75000,216.20000,30052090
1491894000,216.30000,217.61301,213.70000,215.00000,37315733
1491980400,215.80000,218.10800,213.50000,213.70000,31565816
1492066800,213.75000,213.75000,210.10001,212.64999,42248903
1492498800,213.00000,213.00000,205.60001,207.30000,56685240
1492585200,206.39999,209.89999,206.39999,208.50000,40331126
1492671600,207.64999,209.39999,206.10001,207.75000,39346696
1492758000,207.30000,209.39999,205.88699,207.95000,37576926
1493017200,215.64999,220.14999,213.62700,219.20000,65475250
1493103600,218.70000,223.39999,217.70000,222.80000,44227722
1493190000,222.80000,225.50000,220.10001,224.64999,42177568
1493276400,223.14999,225.14999,223.14999,223.95000,60183495
1493362800,213.00000,218.09100,207.75000,212.25000,99386155
1493708400,209.95000,211.70000,207.20000,209.85001,78983672
1493794800,206.00000,209.95000,205.80000,208.95000,40394551
1493881200,209.95000,212.10001,207.95000,211.85001,42576213
1493967600,207.75000,209.89999,205.75000,206.35001,61065156
1494226800,206.70000,209.35001,204.50000,204.89999,49673081
1494313200,205.80000,207.14700,204.82401,205.30000,31076614
1494399600,206.00000,210.39999,205.50000,209.95000,43534561
1494486000,210.89999,210.89999,205.64999,206.55000,36617684
1494572400,206.05000,206.45500,204.75000,205.89999,30616010
1494831600,206.70000,210.89999,205.50000,210.60001,55592453
1494918000,211.30000,213.25000,209.20000,211.60001,32886360
1495004400,213.00000,213.30000,208.60001,209.50000,41009680
1495090800,208.10001,213.14999,205.10001,212.25000,58947592
1495177200,213.55000,214.14999,210.13800,213.70000,53924313
1495436400,214.60001,216.10001,212.68100,213.64999,30438685
1495522800,213.95000,217.25000,213.64999,214.25000,41267517
1495609200,214.30000,216.72501,213.20000,216.45000,42715516
1495695600,216.70000,217.10001,212.95000,214.05000,21482505
1495782000,213.50000,213.75000,209.58701,211.64999,32508938
1496127600,210.50000,210.69800,208.30000,209.20000,36400400
1496214000,209.20000,215.40500,206.60001,210.00000,79506925
1496300400,211.10001,214.55701,208.09900,211.10001,48295008
1496386800,212.55000,214.45000,210.47400,210.89999,34571548
1496646000,211.14999,211.89999,209.54500,211.70000,22486743
1496732400,210.85001,211.60001,208.89999,209.50000,29144274
1496818800,209.89999,213.95000,208.05000,208.14999,45634186
1496905200,209.14999,209.14999,202.30000,205.39999,60463671
1496991600,203.50000,207.55000,202.10001,206.60001,68772462
1497250800,206.05000,207.63901,204.20000,205.25000,34223624
1497337200,206.64999,208.30000,205.64999,206.30000,37023332
1497423600,206.95000,208.20000,203.50000,203.50000,71255468
1497510000,203.60001,203.80000,200.80000,203.14999,37791049
1497596400,203.85001,206.30000,201.70000,203.25000,63714189
1497855600,204.50000,207.39999,204.14999,206.75000,3019939
1497942000,206.30000,207.05000,202.78900,202.80000,4038453
1498028400,201.89999,202.14999,199.70000,200.14999,5449453
1498201200,195.89999,198.89999,194.45000,197.55000,15458558
1498460400,198.35001,202.10001,197.47501,197.47501,51037539
1498546800,200.35001,203.85001,199.70000,202.61099,9336346
1498633200,201.95000,204.60001,200.89999,203.45000,10363102
1498719600,205.55000,210.26300,205.10001,205.50000,15823763
1498806000,205.95000,207.14999,202.00000,202.75000,5096293
1499065200,203.55000,207.60001,203.55000,207.05000,32201762
1499151600,206.00000,209.35001,205.30000,206.95000,28407424
1499238000,207.30000,207.30000,203.43600,204.20000,37017298
1499324400,205.64999,210.00000,203.64999,209.14999,36322682
1499410800,209.00000,209.55000,206.50000,208.14999,27769804
1499670000,209.35001,210.00000,206.36200,207.70000,24280854
1499756400,208.30000,208.95000,205.17599,205.75000,19801390
1499842800,206.55000,210.20000,206.00000,208.00000,29155254
1499929200,210.50000,213.14999,208.50000,211.30000,49329661
1500015600,212.00000,212.60001,207.35001,208.50000,47490398
1500274800,208.95000,209.80000,207.02600,209.05000,15960482
1500361200,208.50000,209.25000,204.55000,205.05000,32392948
1500447600,205.85001,206.64999,204.14999,206.30000,32844722
1500534000,206.80000,208.85001,205.05000,208.20000,26480344
1500620400,207.60001,207.85001,203.80000,205.05000,31192222
1500879600,204.45000,207.87700,203.37399,205.50000,45887652
1500966000,206.50000,211.05000,206.35001,209.70000,32927851
1501052400,209.70000,212.75000,208.39999,211.20000,34818852
1501138800,210.00000,211.30000,207.95000,208.60001,35748314
1501225200,207.35001,213.89999,202.45000,205.10001,46984715
1501484400,203.95000,206.39999,201.20000,203.00000,50907891
1501570800,204.30000,207.39999,203.64999,206.60001,58112789
1501657200,207.00000,208.00000,205.61501,207.70000,32057721
1501743600,206.80000,208.85001,205.20000,208.50000,54506181
1501830000,207.25000,210.75000,207.25000,210.35001,25077232
1502089200,210.00000,211.00000,209.17999,210.00000,40789337
1502175600,211.14999,211.20000,209.45000,210.35001,21010826
1502262000,209.14999,209.85001,206.30000,208.75000,44309770
1502348400,207.10001,210.00000,204.36501,204.80000,35019576
1502434800,203.25000,203.91299,198.95000,199.35001,38018819
1502694000,200.70000,202.50000,199.50000,199.80000,26733473
1502780400,200.64999,202.14999,199.20000,200.45000,25083848
1502866800,201.30000,201.95000,200.73900,200.75000,20662125
1502953200,199.70000,200.64999,196.89500,197.25000,32882767
1503039600,195.00000,196.20000,193.30000,195.64999,32289600
1503298800,194.05000,194.60001,192.25000,193.25000,27412481
1503385200,194.45000,194.95000,192.85001,193.30000,24295794
1503471600,192.30000,194.75000,192.10001,192.85001,26929957
1503558000,193.50000,195.70000,193.05000,194.50000,27528155
1503644400,195.14999,195.84000,194.20000,194.30000,21900389
1503990000,192.50000,192.50000,189.42999,190.35001,31951300
1504076400,191.89999,193.50000,190.68900,190.70000,24268026
1504162800,191.50000,192.25000,190.00000,191.10001,32271117
1504249200,193.85001,194.39999,190.30000,192.14999,23721351
1504508400,189.89999,191.39999,189.45000,190.20000,15619212
1504594800,190.35001,190.62500,187.50000,187.89999,22060310
1504681200,186.60001,187.60001,184.70000,185.85001,33111872
1504767600,186.20000,186.75000,183.85001,184.00000,29739440
1504854000,183.75000,188.39999,183.10001,187.60001,38784724
1505113200,189.00000,189.00000,183.90199,186.64999,86562472
1505199600,186.64999,192.50000,185.69299,191.35001,57524204
1505286000,190.55000,193.75000,189.70000,191.55000,66004703
1505372400,191.05000,192.60001,188.85001,189.80000,45577631
1505458800,188.75000,190.41400,186.05000,186.64999,69312959
1505718000,188.10001,190.41400,186.80000,187.45000,25217243
1505804400,186.89999,189.00000,185.89999,188.30000,43154941
1505890800,187.50000,188.20000,184.70000,185.89999,36404300
1505977200,186.50000,191.60001,186.00000,190.39999,51114905
1506063600,190.00000,191.95000,186.50000,191.55000,31308572
1506322800,190.35001,190.64999,188.80000,189.70000,25308345
1506409200,189.20000,189.95000,187.80000,188.30000,23629490
1506495600,189.35001,192.20000,188.30000,190.25000,31641716
1506582000,191.10001,195.35001,191.10001,192.20000,46470022
1506668400,192.75000,194.05000,191.50000,193.35001,28016234
1506927600,192.50000,194.14999,191.22501,192.70000,32128057
1507014000,193.10001,194.10001,192.51801,193.64999,30653839
1507100400,193.95000,194.05000,192.00000,192.35001,27410610
1507186800,190.00000,192.14999,189.00000,190.14999,43251720
1507273200,190.95000,191.60001,189.39999,190.20000,27738250
1507532400,190.00000,191.10001,187.60001,188.35001,26159584
1507618800,188.25000,191.20000,188.20000,190.00000,43914836
1507705200,191.30000,191.49600,189.44901,190.39999,38047429
1507791600,190.60001,193.39999,189.80000,193.05000,36146771
1507878000,192.45000,192.74899,189.64999,191.25000,28479219
1508137200,191.95000,192.00000,188.69901,189.25000,32884726
1508223600,189.89999,192.80000,189.30000,191.35001,35957387
1508310000,192.25000,192.89999,190.10001,192.64999,28717709
1508396400,192.14999,193.20000,191.05000,192.00000,40185076
1508482800,193.50000,195.72000,193.05000,195.70000,47803754
1508742000,195.39999,195.75000,193.14999,195.45000,25821543
1508828400,195.45000,198.16499,194.60300,198.00000,31883742
1508914800,198.00000,198.60001,195.70000,197.00000,40174169
1509001200,189.50000,190.93900,180.39999,182.39999,159880023
1509087600,182.70000,185.39999,182.30000,183.80000,88917554
1509350400,184.25000,185.95000,182.95000,183.50000,65752823
1509436800,184.39999,186.64999,183.69000,185.95000,58150594
1509523200,186.05000,186.91000,183.50000,184.10001,126480244
1509609600,184.00000,186.14999,183.55000,185.00000,78630013
1509696000,184.70000,185.00000,182.80000,183.25000,53617792
1509955200,182.00000,183.30000,179.85001,182.00000,44583068
1510041600,182.50000,183.25000,181.34000,181.35001,54328146
1510128000,181.14999,181.39999,179.25000,179.45000,49243369
1510214400,179.45000,180.55000,178.39999,179.45000,43230765
1510300800,179.35001,180.20000,178.45000,179.14999,56936029
1510560000,179.25000,179.45000,177.30000,178.89999,98992113
1510646400,179.14999,181.30000,178.75000,180.70000,52607264
1510732800,180.00000,182.64999,178.60001,182.39999,43864443
1510819200,182.64999,186.05000,182.45000,185.45000,64669126
1510905600,184.55000,186.10001,183.75000,185.00000,66355298
1511164800,186.20000,189.25000,186.14999,188.75000,43732596
1511251200,189.30000,190.30000,187.95000,189.20000,52269715
1511337600,189.80000,190.14999,188.50000,189.20000,36885505
1511424000,187.80000,189.85001,187.75000,188.75000,22932407
1511510400,189.00000,189.85001,187.80000,189.35001,69658322
1511769600,188.95000,189.50000,185.55000,187.50000,37415009
1511856000,187.14999,187.35001,184.05000,187.35001,41048278
1511942400,189.85001,194.45000,189.64999,194.25000,79538404
1512028800,193.70000,195.75000,191.70000,193.50000,72175125
1512115200,192.50000,193.00000,188.85001,189.39999,43627557
1512374400,192.60001,195.45000,191.95000,194.25000,54254951
1512460800,194.55000,194.89999,190.55000,191.70000,40010235
1512547200,190.00000,191.50000,189.05000,191.00000,31864442
1512633600,191.85001,192.50000,190.75000,191.64999,27722346
1512720000,192.10001,198.64999,192.10001,196.39999,59495467
1512979200,198.05000,199.85001,195.89999,198.60001,53208643
1513065600,199.05000,200.75000,197.55000,200.60001,40285470
1513152000,200.10001,204.00000,199.72600,202.67700,67221862
1513238400,201.60001,204.60001,201.35001,202.70000,58129231
1513324800,201.20000,202.25000,198.45000,202.25000,68863272
1513584000,203.30000,204.50000,202.70000,204.50000,35226775
1513670400,203.64999,205.14999,203.30000,204.20000,38070571
1513756800,204.05000,205.30000,203.39999,203.55000,51934903
1513843200,202.55000,205.30000,201.85001,204.55000,36042132
1513929600,202.89999,203.10001,201.64999,202.14999,17852431
1514361600,202.95000,203.45000,202.05000,202.64999,28131455
1514448000,203.00000,203.55000,201.89999,203.39999,20631269
1514534400,203.25000,203.85001,201.85001,203.10001,15181039
1514880000,203.95000,204.64999,202.64999,203.20000,23759135
1514966400,203.20000,204.30000,202.60001,203.70000,26003107
1515052800,203.75000,205.95000,203.05000,204.50000,41817624
1515139200,204.35001,205.10001,199.06000,199.17999,58768373
1515398400,199.00000,203.30000,198.75999,200.10001,55607013
1515484800,200.35001,202.50000,198.75999,201.80000,38643646
1515571200,197.00000,203.05000,197.00000,201.20000,85664577
1515657600,200.00000,200.80000,194.48000,196.10001,124866096
1515744000,197.17999,198.56000,193.64000,194.50000,62954316
1516003200,200.00000,200.00000,194.80000,195.53999,38161003
1516089600,195.50000,200.25000,194.56000,199.39999,75894038
1516176000,198.82001,201.45000,197.44000,198.52000,53204596
1516262400,199.67999,200.05000,197.89999,199.30000,36794397
1516348800,200.00000,202.10001,198.30000,200.50000,47896486
1516608000,201.75000,209.20000,201.45000,209.20000,92915773
1516694400,209.85001,210.39999,207.50000,209.20000,54340331
1516780800,209.00000,210.89999,208.50000,208.50000,36895346
1516867200,208.10001,210.50000,207.55000,210.30000,42719168
1516953600,210.00000,211.95000,209.64999,210.00000,68123589
1517212800,209.89999,210.30000,207.50000,207.64999,41036237
1517299200,206.14999,207.00000,200.10001,201.75000,54603987
1517385600,203.30000,204.20000,199.14000,199.94000,53613477
1517472000,201.85001,203.05000,197.10001,197.34000,46811134
1517558400,197.82001,198.32001,195.32001,195.56000,38872443
1517817600,193.80000,196.34000,192.89999,193.92000,45753135
1517904000,188.62000,192.16000,187.14000,189.06000,82124653
1517990400,191.10001,194.03999,190.12000,193.20000,93588729
1518076800,192.53999,197.89999,191.34000,194.10001,64720143
1518163200,192.89999,194.86000,191.62000,192.89999,144212087
1518422400,195.00000,196.25999,192.56000,193.32001,40766079
1518508800,193.72000,195.86000,192.82001,193.00000,30184717
1518595200,195.17999,196.32001,192.72000,195.70000,35424730
1518681600,197.30000,200.05000,196.98000,198.50000,48541201
1518768000,199.44000,200.20000,197.86000,200.05000,52709789
1519027200,200.70000,202.60001,200.30000,201.00000,30775951
1519113600,201.75000,202.70000,200.00000,201.05000,55803915
1519200000,201.00000,202.60001,199.89999,202.10001,73438598
1519286400,207.80000,215.00000,207.80000,211.00000,108366042
1519372800,208.50000,210.70000,208.50000,209.80000,46441488
1519632000,209.89999,211.39999,208.50000,208.50000,45828616
1519718400,209.70000,212.30000,209.20000,212.00000,75807825
1519804800,210.95000,215.80000,210.89999,213.50000,81046305
1519891200,211.25000,212.75000,210.35001,211.25000,55056984
1519977600,208.89999,210.50000,204.00000,205.30000,61214079
1520236800,204.35001,207.20000,204.10001,207.20000,86995443
1520323200,210.00000,212.85001,209.20000,211.35001,56515338
1520409600,211.35001,212.14999,210.25000,210.95000,72558950
1520496000,213.00000,213.25000,210.55000,212.30000,46362521
1520582400,212.70000,213.14999,210.00000,210.75000,40946591
1520841600,212.05000,214.14999,210.80000,211.50000,39289664
1520928000,211.80000,213.35001,209.64999,209.70000,47728134
1521014400,209.10001,209.39999,207.25000,207.39999,51810247
1521100800,207.39999,209.00000,205.50000,207.00000,72189652
1521187200,206.35001,210.60001,205.95000,209.50000,64316443
1521446400,215.00000,220.10001,213.80000,217.00000,100833219
1521532800,216.05000,217.39999,215.70000,215.95000,48334830
1521619200,215.55000,216.05000,210.00000,211.45000,47770479
1521705600,209.64999,210.85001,205.95000,207.00000,40465039
1521792000,205.10001,205.64999,202.39999,204.35001,51836215
1522047600,204.95000,207.70000,204.05000,205.89999,49037824
1522134000,208.10001,209.35001,205.60001,206.14999,43549367
1522220400,205.05000,206.00000,202.25000,206.00000,52744816
1522306800,207.10001,208.25000,204.14999,206.50000,64604049
1522738800,205.30000,210.00000,205.20000,206.85001,56800094
1522825200,207.00000,208.10001,202.55000,207.39999,40605934
1522911600,211.35001,212.20000,208.80000,212.20000,50014939
1522998000,211.89999,211.89999,209.55000,209.55000,39367016
1523257200,211.25000,211.39999,208.00000,211.20000,40824992
1523343600,212.70000,214.80000,211.64999,214.75000,47633985
1523430000,213.95000,215.60001,213.35001,214.60001,57975849
1523516400,214.55000,216.80000,214.50000,216.00000,35579006
1523602800,216.75000,219.10001,212.80000,213.35001,49698774
1523862000,215.00000,216.39999,213.39999,213.80000,124872788
1523948400,213.95000,213.95000,211.50000,211.75000,47065417
1524034800,212.45000,214.35001,211.10001,214.00000,57783345
1524121200,213.95000,215.75000,213.55000,214.20000,57974131
1524207600,215.30000,216.64999,214.35001,215.50000,41349994
1524466800,215.35001,216.64999,214.64999,216.35001,118217783
1524553200,216.75000,216.75000,214.60001,215.39999,32704204
1524639600,213.85001,215.45000,212.00000,213.00000,54388956
1524726000,208.50000,217.64999,207.20000,210.00000,87651927
1524812400,210.50000,210.64999,206.70000,208.95000,72486645
1525071600,208.80000,209.45000,206.95000,207.25000,57926034
1525158000,206.75000,208.30000,205.14999,205.50000,26414858
1525244400,205.89999,206.75000,204.05000,205.45000,55382600
1525330800,205.64999,206.55000,202.05000,202.70000,50081359
1525417200,202.00000,205.60001,200.85001,205.60001,79776275
1525762800,206.10001,207.20000,203.70000,206.89999,61290361
1525849200,207.20000,211.20000,207.20000,210.95000,47175088
1525935600,213.50000,214.60001,210.89999,213.80000,39586132
1526022000,213.70000,214.64999,212.20000,214.45000,24559430
1526281200,214.25000,216.80000,211.55000,211.89999,30761349
1526367600,212.25000,213.30000,210.60001,211.60001,33125052
1526454000,211.10001,211.95000,208.50000,208.50000,35591185
1526540400,209.10001,210.05000,207.85001,209.00000,52548787
1526626800,209.00000,209.80000,206.64999,207.50000,47992028
1526886000,208.64999,210.75000,208.20000,208.89999,31741219
1526972400,209.55000,211.55000,208.60001,211.10001,36993710
1527058800,212.14999,212.64999,207.50000,208.80000,48188515
1527145200,209.05000,209.80000,205.05000,205.30000,56732534
1527231600,206.64999,208.05000,203.05000,206.20000,42638275
1527577200,203.55000,203.70000,197.12000,198.75999,80551999
1527663600,198.50000,199.58000,196.25999,199.17999,63534542
1527750000,199.70000,201.05000,196.25999,197.24001,66922727
1527836400,198.62000,203.20000,198.62000,201.89999,44908763
1528095600,203.14999,204.70000,202.25000,204.55000,36941868
1528182000,203.45000,203.45000,197.80000,197.80000,52802094
1528268400,198.28000,201.64999,197.72000,201.25000,98506035
1528354800,201.25000,203.39999,200.25000,201.14999,40826403
1528441200,200.14999,200.60001,197.88000,199.00000,35815683
1528700400,200.75000,201.45000,199.50000,200.00000,39582247
1528786800,201.00000,201.45000,198.58000,198.82001,58642308
1528873200,199.20000,200.14999,197.72000,197.88000,52338989
1528959600,197.34000,201.25000,195.67999,200.60001,53958702
1529046000,199.96001,200.89999,194.00000,194.53999,76095469
1529305200,194.75999,197.16000,193.58000,194.96001,26562810
1529391600,192.16000,194.14000,190.48000,193.00000,52893403
1529478000,194.50000,196.38000,193.52000,193.70000,43594187
1529564400,193.67999,194.24001,189.30000,190.20000,45896670
1529650800,190.86000,194.50000,190.48000,194.02000,31857132
1529910000,192.58000,192.96001,190.30000,190.46001,30477268
1529996400,190.86000,192.06000,188.92000,189.06000,31013944
1530082800,189.48000,189.89999,186.02000,188.00000,81278782
1530169200,186.75999,190.22000,186.58000,189.92000,40182754
1530255600,191.84000,193.10001,188.88000,189.00000,40829966
1530514800,186.78000,187.58000,184.92000,185.39999,45534173
1530601200,186.02000,186.88000,184.42000,185.75999,112941066
1530687600,185.03999,186.84000,185.03999,185.75999,49836923
1530774000,186.02000,189.03999,186.02000,186.60001,29031826
1530860400,186.86000,187.30000,184.94000,186.50000,26715611
1531119600,186.50000,188.98000,186.08000,188.38000,48483437
1531206000,188.58000,191.38000,186.02000,186.48000,31844390
1531292400,186.00000,188.20000,183.53999,187.46001,55985713
1531378800,188.14000,190.46001,185.88000,189.50000,76077919
1531465200,190.48000,191.20000,189.16000,189.67999,35192127
1531724400,190.00000,193.75999,188.86000,189.69000,38742128
1531810800,191.24001,192.78000,188.36000,188.36000,48822488
1531897200,188.94000,190.00000,186.12000,188.89999,43510397
1531983600,188.64000,190.14000,185.44000,185.52000,49980327
1532070000,185.24001,187.08000,183.32001,186.78000,45066501
1532329200,186.50000,187.34000,184.96001,186.58000,42342468
1532415600,188.00000,191.06000,187.24001,189.34000,129353852
1532502000,189.22000,190.88000,187.25999,188.00000,40256331
1532588400,188.92000,190.34000,188.50000,189.17999,25851699
1532674800,191.06000,191.44000,190.10001,190.89999,43018685
1532934000,190.12000,193.84000,190.00000,192.96001,33163761
1533020400,192.74001,196.12000,192.42000,193.96001,35121549
1533106800,195.02000,195.75999,190.30000,191.70000,133232332
1533193200,197.50000,197.50000,185.17999,186.53999,195187405
1533279600,186.94000,190.94000,186.94000,188.70000,45961471
1533538800,188.89999,189.42000,186.84000,188.56000,181057065
1533625200,188.56000,190.24001,187.00000,189.36000,35712022
1533711600,189.25999,193.60001,189.10001,193.12000,45918718
1533798000,191.34000,191.72000,189.22000,191.50000,31744420
1533884400,190.38000,190.56000,186.08000,187.64000,41570399
1534143600,186.56000,187.44000,184.44000,184.50000,35928796
1534230000,184.82001,185.52000,183.30000,183.96001,65386513
1534316400,185.17999,185.25999,179.24001,179.80000,94325775
1534402800,180.60001,182.42000,180.00000,182.17999,37612805
1534489200,182.36000,184.17999,181.53999,182.60001,24124066
1534748400,183.17999,185.02000,182.84000,183.72000,28754161
1534834800,182.78000,185.34000,182.70000,184.39999,28271396
1534921200,183.88000,185.89999,183.75999,185.20000,31380373
1535007600,185.36000,185.66000,183.14000,183.14000,48603130
1535094000,182.36000,185.00000,182.36000,183.66000,27437058
1535439600,185.00000,185.53999,182.94000,183.70000,27523590
1535526000,183.53999,183.98000,180.03999,181.44000,38206958
1535612400,181.38000,181.38000,178.20000,178.30000,39664086
1535698800,178.80000,178.88000,175.17999,175.70000,55999433
1535958000,176.89999,177.80000,176.24001,177.52000,42328205
1536044400,178.72000,181.10001,178.00000,181.02000,46907935
1536130800,180.24001,180.56000,177.74001,178.00000,87522028
1536217200,177.74001,178.64000,175.94000,176.20000,56094829
1536303600,176.22000,176.28000,172.42000,174.50000,55377621
1536562800,174.64000,177.25999,173.50000,176.80000,108272589
1536649200,176.58000,176.80000,173.70000,174.74001,46928387
1536735600,174.50000,174.74001,171.74001,172.22000,44363997
1536822000,172.64000,174.32001,171.74001,172.20000,37694060
1536908400,172.00000,172.42000,171.00000,171.08000,52296269
1537167600,170.62000,171.78000,169.20000,171.14000,37770697
1537254000,170.80000,171.22000,169.10001,169.46001,37577249
1537340400,169.00000,173.39999,168.34000,173.12000,65874933
1537426800,174.10001,175.24001,173.42000,174.25999,53951833
1537513200,175.30000,177.75999,174.62000,176.50000,91188368
1537772400,175.80000,177.62000,175.52000,175.98000,27564081
1537858800,175.98000,176.38000,174.52000,175.12000,72762296
1537945200,175.17999,176.10001,173.98000,175.60001,35147625
1538031600,174.78000,177.25999,173.80000,176.67999,66701076
1538118000,175.00000,175.17999,170.88000,171.78000,59694245
1538377200,172.70000,174.14000,170.70000,172.39999,51310092
1538463600,171.39999,171.56000,169.39999,170.28000,54657741
1538550000,171.60001,172.89999,170.39999,172.52000,61715180
1538636400,172.10001,176.48000,171.66000,174.30000,53882628
1538722800,175.10001,175.82001,172.94000,172.94000,44503624
1538982000,172.48000,172.56000,168.56000,169.00000,34660360
1539068400,169.96001,169.96001,167.17999,167.75999,33198560
1539154800,168.00000,173.44000,167.50000,171.64000,108893129
1539241200,169.00000,170.86000,167.32001,168.00000,78297935
1539327600,167.70000,170.50000,164.94000,165.00000,66516750
1539586800,164.14000,165.06000,162.72000,163.36000,43756978
1539673200,163.39999,164.00000,161.24001,162.84000,40971219
1539759600,163.39999,165.14000,162.80000,164.96001,39514446
1539846000,165.22000,166.17999,164.12000,165.00000,54750514
1539932400,164.80000,164.98000,162.48000,163.42000,39041376
1540191600,164.86000,166.10001,164.28000,165.32001,65195405
1540278000,163.24001,166.22000,163.20000,165.75999,63482466
1540364400,169.00000,171.88000,164.12000,170.70000,78197132
1540450800,169.75999,174.10001,168.92000,172.06000,49989302
1540537200,170.00000,170.16000,166.46001,168.06000,53724595
1540800000,168.39999,174.24001,167.75999,173.00000,41751357
1540886400,173.02000,173.22000,169.16000,169.96001,36174619
1540972800,171.96001,173.70000,171.34000,172.50000,64958723
1541059200,172.46001,178.28000,171.78000,175.53999,52198345
1541145600,178.50000,181.00000,175.72000,175.72000,145881987
1541404800,176.38000,176.58000,174.80000,174.89999,23418021
1541491200,175.00000,175.62000,171.98000,172.96001,26906631
1541577600,173.10001,176.64000,173.10001,175.39999,45259728
1541664000,176.14000,180.00000,176.14000,178.89999,36094586
1541750400,176.80000,178.00000,173.34000,176.80000,41871763
1542009600,177.20000,177.22000,170.62000,170.74001,43030561
1542096000,171.70000,175.58000,170.86000,175.46001,43385986
1542182400,175.00000,176.75999,172.52000,173.58000,34710962
1542268800,173.02000,174.44000,160.48000,166.44000,98099954
1542355200,167.48000,168.94000,163.44000,164.98000,57852586
1542614400,165.00000,167.80000,165.00000,166.08000,23590867
1542700800,164.80000,165.92000,160.67999,161.53999,37539709
1542787200,163.03999,166.92000,162.02000,166.64000,40538141
1542873600,166.74001,167.58000,164.39999,165.52000,33473310
1542960000,165.39999,167.50000,163.06000,164.53999,36989462
1543219200,166.46001,169.30000,166.46001,168.70000,35798057
1543305600,167.02000,169.00000,165.12000,168.36000,35348177
1543392000,168.48000,170.08000,166.16000,166.80000,46528217
1543478400,167.39999,169.00000,166.38000,167.24001,48274071
1543564800,167.56000,167.56000,161.53999,162.88000,56930709
1543824000,165.03999,167.53999,162.78000,163.39999,39053819
1543910400,164.10001,165.52000,158.88000,159.12000,77755231
1543996800,155.08000,161.34000,153.44000,158.46001,69986594
1544083200,157.02000,157.17999,152.38000,153.32001,69360218
1544169600,154.22000,157.64000,153.32001,154.36000,52239594
1544428800,153.39999,155.38000,152.22000,153.36000,61971887
1544515200,152.20000,155.32001,151.16000,154.03999,53710603
1544601600,152.88000,159.48000,151.67999,159.00000,85761698
1544688000,160.03999,163.25999,158.75999,159.02000,55348886
1544774400,156.88000,159.00000,155.39999,158.44000,44436672
1545033600,156.39999,158.38000,152.02000,152.84000,60747200
1545120000,152.06000,155.10001,152.06000,152.20000,38879220
1545206400,152.20000,153.50000,151.02000,151.46001,33971431
1545292800,148.80000,150.30000,147.74001,147.84000,83225321
1545379200,148.08000,149.00000,146.16000,149.00000,104312937
1545638400,148.06000,149.42000,146.30000,146.36000,21661736
1545897600,148.72000,149.24001,145.00000,146.08000,28846377
1545984000,145.25999,150.39999,145.25999,150.14000,23548059
1546243200,148.10001,150.52000,147.75999,150.52000,11218424
1546416000,148.44000,151.20000,145.44000,150.67999,30140271
1546502400,149.42000,154.22000,148.64000,150.25999,43761563
1546588800,153.03999,156.58000,150.94000,155.10001,34380996
1546848000,155.16000,157.10001,152.78000,155.42000,41121106
1546934400,156.10001,159.24001,155.75999,157.32001,23750186
1547020800,159.00000,159.00000,156.17999,156.82001,29908109
1547107200,156.52000,159.46001,155.44000,159.34000,24283222
1547193600,158.52000,158.86000,155.53999,157.22000,29964836
1547452800,156.08000,159.30000,156.00000,159.12000,39430540
1547539200,161.00000,162.36000,157.74001,159.10001,31620615
1547625600,160.32001,161.86000,158.58000,161.39999,52890246
1547712000,159.75999,161.14000,157.80000,160.38000,25949153
1547798400,161.78000,166.02000,160.62000,165.86000,40871801
1548057600,165.86000,165.94000,163.17999,164.96001,19081195
1548144000,163.08000,164.10001,161.94000,163.25999,23556175
1548230400,162.44000,163.22000,160.82001,162.86000,16472115
1548316800,163.56000,164.56000,161.50000,162.66000,23991637
1548403200,163.50000,164.42000,163.00000,164.10001,29903977
1548662400,163.10001,163.10001,159.10001,160.08000,26265295
1548748800,160.00000,162.53999,159.32001,161.30000,64362766
1548835200,160.50000,162.46001,159.20000,161.84000,51379013
1548921600,160.70000,161.80000,156.66000,158.17999,49242728
1549008000,159.06000,159.53999,155.70000,158.62000,48364111
1549267200,158.50000,159.60001,157.56000,158.39999,35033974
1549353600,158.34000,161.53999,158.20000,160.52000,35828717
1549440000,159.82001,161.84000,158.58000,161.58000,42470095
1549526400,160.44000,161.36000,156.42000,156.42000,44383164
1549612800,156.94000,158.03999,154.94000,155.94000,33753322
1549872000,157.48000,157.92000,155.53999,156.84000,23954410
1549958400,157.84000,158.58000,157.28000,158.06000,18314982
1550044800,158.17999,159.06000,156.94000,158.02000,16834071
1550131200,158.39999,159.36000,156.38000,156.96001,16196805
1550217600,156.88000,159.94000,156.56000,159.50000,24137384
1550476800,160.00000,160.14000,158.00000,158.12000,21331507
1550563200,158.00000,159.06000,157.20000,159.00000,24078775
1550649600,158.60001,161.39999,157.98000,160.88000,46171558
1550736000,165.70000,168.64000,160.00000,160.78000,54673325
1550822400,158.74001,160.32001,155.96001,156.14000,64590604
1551081600,156.46001,159.72000,154.60001,159.22000,123302392
1551168000,158.60001,165.30000,157.98000,164.89999,94779694
1551254400,163.67999,168.36000,163.67999,166.89999,54904955
1551340800,162.86000,166.08000,162.02000,164.16000,48669408
1551427200,165.32001,165.38000,162.03999,162.50000,37978418
1551686400,163.38000,165.20000,163.06000,163.74001,56376661
1551772800,164.00000,165.62000,163.42000,164.56000,153922400
1551859200,164.98000,166.42000,163.98000,165.32001,82958305
1551945600,164.92000,165.48000,160.03999,162.28000,53376219
1552032000,160.02000,160.66000,157.84000,158.78000,48810878
1552291200,159.86000,161.00000,159.00000,161.00000,29078530
1552377600,162.84000,165.52000,162.08000,162.86000,51935288
1552464000,162.06000,164.70000,161.64000,163.89999,106573971
1552550400,164.92000,167.06000,164.16000,164.98000,45237564
1552636800,165.50000,165.94000,164.42000,165.94000,69892412
1552896000,166.00000,166.22000,165.20000,166.22000,41757822
1552982400,166.53999,169.44000,165.39999,168.60001,37292304
1553068800,168.44000,168.92000,164.34000,164.44000,50566922
1553155200,163.78000,164.20000,160.22000,160.58000,40966425
1553241600,160.46001,162.00000,155.00000,155.44000,54265702
1553500800,155.39999,156.53999,153.42000,155.53999,33837424
1553587200,155.56000,156.16000,152.80000,153.30000,39907078
1553673600,154.62000,157.82001,153.39999,155.53999,47161776
1553760000,155.53999,155.98000,152.92000,153.08000,29229204
1553846400,154.44000,155.39999,152.98000,154.67999,33607623
1554102000,155.20000,158.58000,155.00000,158.32001,33997748
1554188400,158.38000,161.14000,157.82001,160.00000,29387265
1554274800,161.89999,164.16000,160.98000,164.00000,108305713
1554361200,164.44000,165.25999,162.60001,164.66000,46618350
1554447600,165.44000,165.82001,162.12000,162.75999,46549562
1554706800,162.44000,163.32001,160.98000,162.12000,27047782
1554793200,161.60001,163.89999,160.67999,161.44000,22958172
1554879600,162.25999,162.89999,160.44000,161.14000,15023648
1554966000,162.06000,164.88000,161.56000,163.67999,25734878
1555052400,163.96001,167.72000,162.94000,165.96001,37877028
1555311600,168.00000,168.52000,166.06000,167.67999,35424658
1555398000,168.46001,169.36000,166.70000,167.39999,30302038
1555484400,168.75999,170.08000,167.86000,168.92000,37307158
1555570800,169.39999,170.00000,166.62000,169.39999,36191982
1556002800,169.82001,170.46001,164.24001,166.58000,38797261
1556089200,165.34000,167.10001,164.00000,166.38000,69575842
1556175600,165.50000,165.50000,159.08000,160.39999,39058951
1556262000,160.08000,161.67999,158.25999,161.03999,32612328
1556521200,161.75999,164.72000,161.42000,164.70000,31281940
1556607600,165.03999,165.39999,162.92000,164.28000,43942256
1556694000,164.56000,167.08000,163.53999,163.53999,15992214
1556780400,163.66000,166.14000,162.74001,164.53999,21953392
1556866800,164.10001,165.96001,163.17999,163.67999,30493616
1557212400,162.48000,162.89999,159.12000,159.42000,57021032
1557298800,159.00000,159.80000,156.80000,159.56000,36524855
1557385200,158.86000,159.00000,156.36000,156.86000,67875683
1557471600,157.94000,159.75999,156.82001,157.52000,32144009
1557730800,158.52000,158.98000,154.39999,155.10001,27545969
1557817200,155.14000,157.72000,155.06000,157.64000,22838968
1557903600,161.39999,161.39999,157.86000,160.00000,33142294
1557990000,159.30000,160.98000,158.17999,160.67999,21533907
1558076400,159.39999,160.12000,157.06000,158.74001,21583524
1558335600,159.14000,159.46001,154.94000,156.36000,25184744
1558422000,156.80000,158.80000,156.17999,157.00000,30334065
1558508400,156.89999,157.44000,152.36000,152.82001,69987679
1558594800,151.58000,151.82001,147.66000,149.50000,39043440
1558681200,150.78000,151.56000,148.88000,149.25999,29139281
1559026800,149.14000,150.86000,148.46001,150.66000,48841492
1559113200,148.86000,150.92000,148.00000,150.75999,29141132
1559199600,151.44000,153.78000,150.66000,150.89999,22478909
1559286000,149.34000,150.44000,148.44000,149.34000,46562842
1559545200,148.03999,150.32001,147.50000,149.48000,44774283
1559631600,149.28000,154.39999,149.08000,154.10001,49006117
1559718000,154.20000,154.20000,151.06000,152.50000,67049984
1559804400,153.34000,153.52000,149.60001,151.24001,31278842
1559890800,151.67999,152.56000,150.20000,151.06000,21154119
1560150000,151.98000,153.74001,150.70000,153.08000,21160315
1560236400,152.62000,154.06000,151.52000,152.22000,22900404
1560322800,150.78000,151.30000,149.62000,150.48000,24086085
1560409200,149.67999,150.12000,148.74001,149.52000,31869890
1560495600,148.75999,149.32001,147.82001,149.00000,24241710
1560754800,149.25999,151.64000,149.25999,150.74001,26511504
1560841200,150.50000,152.74001,149.30000,151.60001,30884820
1560927600,151.28000,153.86000,151.22000,153.22000,30129518
1561014000,152.75999,153.52000,150.46001,150.48000,27212037
1561100400,150.84000,152.64000,148.70000,148.70000,79909331
1561359600,149.00000,149.86000,147.80000,148.46001,58858446
1561446000,147.48000,147.64000,145.78000,146.89999,27052544
1561532400,146.66000,149.30000,146.64000,149.30000,40422872
1561618800,150.44000,151.88000,149.34000,150.00000,21677392
1561705200,150.00000,150.84000,148.80000,149.80000,27885051
1561964400,151.78000,153.08000,151.32001,152.52000,93933886
1562050800,154.08000,154.72000,152.10001,153.78000,26919563
1562137200,153.52000,154.98000,152.96001,154.98000,21486262
1562223600,154.96001,156.44000,154.36000,155.96001,19335461
1562310000,155.58000,158.46001,155.34000,157.22000,38847901
1562569200,157.12000,159.00000,155.60001,156.92000,84330908
1562655600,156.48000,157.22000,154.46001,156.44000,24010608
1562742000,156.84000,158.94000,156.30000,156.48000,34723823
1562828400,156.98000,158.14000,156.06000,157.94000,28734987
1562914800,159.08000,159.84000,157.17999,157.20000,23590936
1563174000,156.80000,157.32001,154.72000,156.78000,20102161
1563260400,156.34000,158.58000,156.34000,158.08000,28751304
1563346800,157.98000,158.00000,155.10001,155.78000,19276599
1563433200,154.88000,156.75999,154.50000,156.32001,27047530
1563519600,156.88000,157.32001,154.75999,155.62000,26541048
1563778800,156.28000,157.42000,155.38000,156.60001,23556379
1563865200,157.39999,161.02000,157.16000,160.10001,30747922
1563951600,160.00000,160.52000,158.20000,159.92000,20769565
1564038000,161.25999,161.50000,157.86000,159.53999,33082431
1564124400,159.16000,160.48000,158.38000,160.08000,19674229
1564383600,159.30000,161.30000,158.94000,160.82001,36762512
1564470000,160.28000,160.62000,157.30000,157.72000,36105583
1564556400,157.00000,160.28000,152.62000,154.08000,58800125
1564642800,155.50000,159.53000,154.38000,155.88000,49978955
1564729200,154.32001,154.64000,151.75999,153.16000,214718672
1564988400,150.98000,151.64000,146.53999,147.30000,282344614
1565074800,147.50000,149.50000,145.86000,147.24001,62402418
1565161200,148.36000,148.78000,145.98000,147.53999,29807601
1565247600,146.30000,147.08000,143.52000,145.92000,99598938
1565334000,144.32001,147.32001,143.32001,143.75999,27373127
1565593200,144.75999,145.00000,141.48000,141.48000,92185786
1565679600,141.48000,142.66000,140.22000,141.10001,35453739
1565766000,141.34000,141.98000,138.08000,138.75999,40414641
1565852400,138.75999,139.30000,136.46800,137.20000,46069480
1565938800,138.56000,140.00000,137.28000,139.82001,41389283
1566198000,140.30000,141.52000,140.12000,140.60001,40913390
1566284400,140.56000,141.36900,137.92000,138.48000,113580699
1566370800,138.50000,140.46001,138.50000,139.17999,87447577
1566457200,138.53999,140.30000,138.39999,139.32001,30987696
1566543600,140.56000,141.20000,138.03999,138.03999,28748111
1566889200,137.74001,138.03999,136.48000,136.67999,57867087
1566975600,136.98000,137.75999,134.70000,136.16000,65332813
1567062000,135.50000,137.82001,135.14101,137.53999,37868778
1567148400,138.24001,138.48000,135.80000,136.60001,30570424
1567407600,137.53999,138.96001,137.22099,137.53999,17558771
1567494000,137.39999,137.85899,136.06000,137.32001,23726386
1567580400,137.92000,138.53999,136.82001,137.36000,64499402
1567666800,138.00000,140.02000,137.34000,139.82001,38887890
1567753200,139.84000,141.12000,138.66000,140.10001,32240129
1568012400,139.80000,140.78000,138.38000,140.78000,70595248
1568098800,140.03999,149.00000,140.03999,147.67999,82448390
1568185200,148.88000,150.16000,147.77000,148.70000,67572371
1568271600,148.70000,149.30000,131.03600,148.70000,45365639
1568358000,149.00000,157.30000,148.39799,150.11301,55723247
1568617200,155.36000,156.67999,152.89999,153.48000,58826500
1568703600,152.75999,153.28900,149.06000,149.20000,77556704
1568790000,150.00000,150.23900,148.00000,148.00000,46776416
1568876400,148.39999,150.48000,147.67999,150.48000,27138898
1568962800,151.00000,153.14000,150.28000,151.53999,81170079
1569222000,150.60001,151.16000,147.28000,149.25999,21093444
1569308400,149.00000,150.02000,146.69901,147.03999,28001800
1569394800,145.78000,148.12000,144.38000,148.12000,45278202
1569481200,147.67999,149.74001,147.42000,149.14000,36969316
1569567600,149.53999,151.24001,148.89999,150.92000,28929397
1569826800,151.14000,151.98000,150.03999,150.39999,27681120
1569913200,150.28000,152.00000,149.60001,149.64000,34175644
1569999600,149.25999,149.25999,144.32001,144.32001,38770652
1570086000,143.46001,143.84000,139.96001,142.06000,31833504
1570172400,142.86000,143.10001,140.70000,142.94000,23361466
1570431600,142.98000,144.34000,141.17999,144.34000,26154335
1570518000,146.08000,146.08000,142.80000,143.94000,38081192
1570604400,143.66000,145.75999,143.00000,145.00000,98990874
1570690800,144.46001,149.60001,144.46001,149.20000,50756258
1570777200,149.96001,160.68500,149.54100,160.48000,123587863
1571036400,158.00000,160.68500,149.54100,157.60001,42147458
1571122800,159.17999,167.78000,156.78200,164.03999,112820443
1571209200,165.60001,166.08000,159.82001,164.25999,90129526
1571295600,162.75999,170.38000,161.22099,164.00000,106525171
1571382000,162.98000,167.82001,162.06000,165.00000,69390679
1571641200,165.92000,167.92000,165.32001,165.62000,48873819
1571727600,165.25999,166.82899,164.50000,165.30000,86428355
1571814000,163.66000,169.94000,162.64000,165.78000,33461611
1571900400,165.78000,167.25999,164.98000,166.39999,41665835
1571986800,167.50000,171.58000,167.16299,170.36000,56669699
1572249600,170.10001,171.50999,167.16299,170.50000,39259001
1572336000,170.50000,171.72000,167.36000,171.72000,52268451
1572422400,171.75999,172.22000,166.67999,168.42000,39146621
1572508800,167.64000,168.61099,165.99899,167.80000,72593355
1572595200,167.39999,167.39999,164.72000,167.17999,57642346
1572854400,167.00000,169.17999,166.74001,168.14000,42592916
1572940800,170.00000,170.25999,167.92000,169.16000,28883746
1573027200,168.98000,170.20000,166.92000,168.32001,33001550
1573113600,168.28000,170.60001,167.92000,170.03999,39115024
1573200000,169.70000,169.70000,166.44000,166.44000,32194960
1573459200,165.53999,172.03999,164.00101,171.64000,56510091
1573545600,172.00000,172.75999,169.82001,172.75999,51856991
1573632000,170.74001,171.08099,168.84000,170.88000,23291755
1573718400,170.48000,173.30000,169.36000,170.10001,37107435
1573804800,171.39999,172.28000,168.50000,170.74001,26795954
1574064000,171.25999,173.38600,170.02000,170.32001,31399697
1574150400,171.32001,173.39999,169.67999,170.42000,25796847
1574236800,169.16000,169.42000,167.25999,169.20000,43279995
1574323200,167.39999,168.44000,165.92000,168.17999,26167704
1574409600,168.00000,170.16000,167.02000,169.25999,24545024
1574668800,170.56000,172.52000,168.70000,172.00000,29112403
1574755200,172.16000,174.02000,170.86000,171.74001,42582224
1574841600,172.86000,175.04700,171.62000,174.42000,35393262
1574928000,175.80000,176.19000,173.75999,174.22000,30474291
1575014400,174.14000,174.22000,171.42000,171.53999,28532134
1575273600,171.50000,172.28000,169.03999,169.17999,47771495
1575360000,169.00000,170.48000,164.60001,166.34000,45455357
1575446400,165.00000,169.16000,164.94000,167.16000,29835743
1575532800,166.86000,168.67999,165.53999,167.16000,49974529
1575619200,168.22000,170.22000,167.50000,169.39999,20971015
1575878400,169.50000,172.10001,169.06000,171.67999,36216265
1575964800,171.67999,171.67999,167.16000,170.14000,51972517
1576051200,169.50000,170.52000,168.17999,168.67999,56576014
1576137600,170.00000,172.72000,169.62000,171.86000,44604235
1576224000,185.00000,187.67999,170.74001,182.48000,183046871
1576483200,183.78000,192.99001,183.32001,192.46001,109295227
1576569600,189.84000,191.74001,185.36000,187.36000,52622212
1576656000,185.20000,187.28000,184.46001,185.12000,41111821
1576742400,185.67999,185.71001,182.12000,183.38000,44095125
1576828800,183.32001,183.72301,178.34900,178.42000,90725761
1577088000,177.88000,180.64999,177.24001,179.46001,87793327
1577174400,180.00000,180.56000,179.38000,180.00000,26428457
1577433600,182.24001,182.35001,179.36000,181.50000,18054510
1577692800,181.36000,182.16000,180.14000,180.24001,36499610
1577779200,178.36000,180.38000,177.50000,179.64000,13247081
1577952000,180.08000,186.20000,179.25999,185.20000,34370855
1578038400,184.16000,184.95000,181.30000,183.30000,27868540
1578297600,181.92000,182.42999,178.64000,180.98000,26746306
1578384000,180.56000,183.45000,175.00000,183.14000,25508436
1578470400,181.12000,183.03999,180.22000,182.03999,28272528
1578556800,184.22000,184.80000,181.87000,182.86000,26927681
1578643200,182.14000,182.59000,180.39999,181.00000,18841487
1578902400,181.20000,182.59000,179.75999,181.67999,29073687
1578988800,181.88000,182.10001,179.20000,181.00000,29601850
1579075200,180.80000,181.70799,177.52000,178.50000,48507487
1579161600,178.00000,179.03999,174.44000,176.80000,40833263
1579248000,178.02000,178.52000,175.00000,175.24001,39232128
1579507200,175.64000,175.99001,174.71001,175.00000,40252357
1579593600,173.20000,175.24001,172.50000,174.39999,41543663
1579680000,175.36000,175.87500,173.69800,174.75999,37906829
1579766400,174.92000,175.63000,171.06000,171.50000,36096342
1579852800,173.52000,175.99001,173.38000,173.44000,30346248
1580112000,172.00000,172.42000,169.72000,170.67999,22028619
1580198400,171.00000,172.32001,169.20000,172.02000,23574278
1580284800,173.20000,173.60001,171.00000,172.02000,24723987
1580371200,169.84000,172.00000,169.28000,171.50000,31571302
1580457600,172.67999,172.89999,167.84000,168.00000,30957886
1580716800,168.75999,171.06000,168.14000,169.67999,20908923
1580803200,171.46001,172.84000,170.06200,172.00000,25943981
1580889600,171.48000,173.53999,170.64000,172.96001,45799552
1580976000,175.39999,177.96001,174.97501,176.72000,44900146
1581062400,176.16000,177.16000,174.44000,177.16000,28415827
1581321600,175.72000,178.46001,175.62000,176.89999,24270086
1581408000,179.17999,179.92000,177.58000,179.02000,53077341
1581494400,179.66000,181.30000,174.48000,179.34000,37065004
1581580800,173.03999,181.00000,172.50000,176.32001,66320954
1581667200,176.16000,177.36000,174.10001,175.92000,45491839
1581926400,176.42000,179.58000,175.92000,177.70000,44760510
1582012800,176.00000,180.32001,174.86000,175.08000,37375227
1582099200,175.67999,178.14000,175.56000,176.74001,23823522
1582185600,177.48000,184.00000,176.75999,181.32001,61331728
1582272000,180.34000,181.98000,177.98000,179.62000,55407380
1582531200,174.17999,174.64000,168.24001,170.02000,110455869
1582617600,171.20000,171.92000,165.46001,165.86000,58799289
1582704000,165.80000,166.58000,161.92000,165.94000,79663724
1582790400,157.84000,163.80000,151.38000,154.44000,86684922
1582876800,150.42000,153.80000,146.60001,148.74001,135279400
1583136000,152.17999,152.36000,141.02000,143.30000,121644563
1583222400,146.56000,147.08000,139.25999,139.56000,127613836
1583308800,140.32001,141.53999,137.42000,138.53999,111314954
1583395200,138.82001,139.75999,134.01801,134.67999,89049029
1583481600,132.30000,134.22000,129.34000,130.94000,75493609
1583740800,123.30000,124.64000,117.14000,118.10000,145382066
1583827200,120.20000,125.66000,115.78000,116.84000,93758905
1583913600,118.06000,121.82000,115.90000,117.94000,103760553
1584000000,110.00000,111.84400,97.00000,97.52000,180121998
1584086400,105.00000,111.02000,96.64000,102.38000,154975322
1584345600,96.06000,96.69000,83.04000,89.06000,137258666
1584432000,92.70000,94.82700,80.71000,87.76000,135397275
1584518400,83.79000,85.50200,80.32000,83.20000,122678276
1584604800,83.30000,83.97000,73.04000,83.74000,181813611
1584691200,90.00000,91.24000,83.98000,89.02000,234374785
1584950400,80.00000,88.74000,79.27000,84.70000,88162933
1585036800,88.87000,96.02000,86.69000,96.02000,93840271
1585123200,99.56000,115.79700,97.27000,105.78000,117817465
1585209600,101.04000,107.98000,97.00000,107.98000,93679670
1585296000,103.04000,104.55700,95.35000,97.37000,91655178
1585551600,96.07000,104.55700,89.01000,94.00000,68438334
1585638000,94.06000,104.55700,89.77400,94.11000,115570307
1585724400,87.00000,90.47000,82.86000,82.86000,128275526
1585810800,83.10000,86.92000,80.91000,81.62000,135087059
1585897200,81.66000,83.31000,80.00000,80.24000,94613738
1586156400,83.00000,87.52500,82.68400,86.56000,92998962
1586242800,90.00000,100.28000,89.56200,94.79000,116393334
1586329200,92.64000,94.51500,90.30800,92.65000,83803942
1586415600,94.46000,98.99000,92.92500,97.58000,99457766
1586847600,97.99000,99.90000,93.14000,93.55000,65998085
1586934000,92.83000,93.47500,87.00000,87.00000,215800815
1587020400,87.81000,91.02000,85.46500,87.08000,85796816
1587106800,91.17000,92.90000,89.05000,90.71000,75365406
1587366000,91.50000,92.19000,88.89000,91.01000,47458721
1587452400,88.75000,89.72000,86.44000,86.51000,71559831
1587538800,87.42000,88.02000,85.16000,87.70000,114702624
1587625200,88.00000,91.82000,87.41000,90.60000,122176124
1587711600,89.20000,90.80000,87.54000,88.61000,44627087
1587970800,91.98000,91.98000,88.84000,91.06000,49340336
1588057200,91.28000,99.24000,91.18000,97.76000,89985993
1588143600,99.00000,112.73000,97.80000,110.18000,165145769
1588230000,112.00000,114.62000,105.38000,105.90000,141310957
1588316400,103.00000,104.98000,101.74800,102.74000,48948301
1588575600,99.50000,102.00000,98.70000,99.68000,60557969
1588662000,102.00000,104.44000,100.24000,103.40000,55451254
1588748400,103.20000,104.22900,100.72000,100.86000,62793019
1588834800,101.28000,106.32000,100.40000,105.42000,50540060
1589180400,107.64000,108.70000,102.14000,102.60000,70014920
1589266800,103.36000,104.76000,101.42000,102.00000,43251895
1589353200,100.00000,101.08000,98.01000,98.01000,63054163
1589439600,95.48000,98.51000,91.86000,97.14000,61997276
1589526000,97.86000,101.10000,96.13000,97.45000,45747626
1589785200,99.23000,105.36000,99.06000,105.20000,49098546
1589871600,107.58000,108.24000,102.60900,104.72000,49855725
1589958000,103.88000,106.78000,101.40000,106.72000,39082367
1590044400,104.40000,105.85800,103.18000,103.92000,49566772
1590130800,102.30000,106.60000,100.60000,103.14000,46027977
1590476400,107.62000,110.82000,106.59100,110.78000,81042993
1590562800,112.74000,121.40000,111.09800,119.84000,110243263
1590649200,121.52000,124.93300,118.40000,122.62000,88919715
1590735600,119.44000,123.28000,114.92000,115.24000,128278561
1590994800,117.50000,120.80000,116.80000,120.78000,49810343
1591081200,121.52000,123.28000,119.24000,119.50000,67513905
1591167600,122.06000,125.32000,120.30000,125.32000,75304789
1591254000,124.74000,125.36400,120.60000,123.52000,82742905
1591340400,126.40000,132.72000,124.54000,131.39999,120165390
1591599600,130.50000,134.72000,129.03101,131.80000,76619331
1591686000,131.74001,132.46001,124.56000,125.28000,91790897
1591772400,126.28000,130.28000,123.36000,124.00000,61592626
1591858800,119.20000,120.76000,114.00000,115.00000,76691563
1591945200,112.50000,121.40000,112.00000,117.06000,69936980
1592290800,121.46000,126.48000,119.16000,122.68000,73561276
1592377200,122.90000,124.28000,118.36000,119.38000,52763860
1592463600,118.86000,121.00000,117.05000,118.64000,58057406
1592550000,120.12000,120.64000,116.56000,116.56000,95260381
1592809200,115.84000,118.50000,114.58000,115.30000,76213234
1592895600,116.06000,118.98000,115.20000,116.90000,41982797
1592982000,116.16000,117.90000,111.84000,111.86000,44141039
1593068400,111.00000,113.76000,109.70000,112.62000,68711572
1593154800,114.24000,115.40000,110.98000,110.98000,34718153
1593414000,111.00000,115.36000,110.10000,114.50000,49161840
1593500400,115.12000,115.94600,112.56000,114.42000,37348805
1593586800,115.22000,116.08000,112.37600,113.54000,28248870
1593673200,115.06000,119.54000,113.90000,117.90000,49917085
1593759600,117.90000,118.38000,114.24000,115.72000,32838722
1594018800,117.00000,128.00000,115.94000,117.30000,33569883
1594105200,116.10000,117.28900,114.66000,114.96000,30825878
1594191600,114.00000,115.70000,113.90000,114.40000,22682955
1594278000,115.70000,116.00000,111.66000,111.96000,30987302
1594364400,111.62000,118.06000,111.00000,117.76000,34170193
1594623600,121.22000,121.64400,116.70000,119.56000,50200490
1594710000,118.28000,120.20000,116.46000,119.36000,42241323
1594796400,119.50000,121.40000,118.02000,120.30000,60019172
1594882800,119.82000,121.30000,118.08000,118.58000,33585809
1594969200,117.76000,118.76000,115.22000,116.40000,39498898
1595228400,115.48000,117.32000,114.74000,116.22000,25627739
1595314800,117.34000,120.70500,115.52000,116.64000,37541275
1595401200,116.74000,118.28000,114.98000,117.42000,43476755
1595487600,118.00000,118.16000,116.42000,116.46000,28397331
1595574000,115.10000,116.04000,113.60000,113.60000,33818949
1595833200,113.82000,152.82001,110.88000,111.00000,30918441
1595919600,111.00000,112.66000,110.38000,111.86000,36861631
1596006000,112.88000,113.46700,104.00000,105.02000,84847529
1596092400,105.00000,105.36000,98.72000,100.78000,59871200
1596178800,101.68000,103.86000,100.24000,100.56000,70172778
1596438000,100.72000,104.08000,99.60000,103.82000,40276909
1596524400,104.52000,106.06000,103.64000,105.30000,102952484
1596610800,106.00000,107.60000,105.32000,107.34000,39314509
1596697200,106.42000,106.94000,104.36000,105.84000,26960922
1596783600,105.16000,105.58000,103.01000,104.60000,44275008
1597042800,106.26000,107.48000,105.34000,106.64000,25747440
1597129200,107.02000,112.24000,106.88000,111.76000,39001421
1597215600,112.30000,112.94000,111.16000,111.50000,29669867
1597302000,110.50000,111.68000,108.08000,108.08000,21609203
1597388400,108.32000,109.44000,105.54000,109.20000,31089405
1597647600,108.66000,110.86000,107.92000,107.94000,24990890
1597734000,107.30000,110.68000,106.52000,108.12000,25067936
1597820400,107.50000,110.20000,107.06000,110.20000,18545911
1597906800,107.98000,108.52000,106.54000,107.58000,24819348
1597993200,107.40000,108.40000,106.14000,108.00000,34233555
1598252400,108.74000,110.40000,106.18000,110.40000,26568183
1598338800,111.04000,112.46000,108.99800,109.14000,28228370
1598425200,109.38000,110.74000,108.26000,110.40000,27591235
1598511600,109.76000,111.82900,109.68000,110.54000,20808450
1598598000,111.28000,112.79500,110.60000,111.96000,37493134
1598943600,110.42000,111.16000,105.86000,105.90000,60998790
1599030000,106.04000,107.42000,103.18000,103.50000,47192541
1599116400,104.26000,108.30000,103.94600,105.56000,29996389
1599202800,105.04000,108.58000,104.94000,106.88000,30751373
1599462000,107.60000,108.70000,106.26000,106.94000,14729583
1599548400,106.98000,108.02000,103.60000,104.28000,36782017
1599634800,103.02000,104.88000,102.36000,104.88000,43584298
1599721200,103.80000,106.30000,102.56000,105.04000,29812789
1599807600,104.98000,104.98000,102.58400,102.62000,21647791
1600066800,103.40000,103.90000,102.20000,103.62000,17394692
1600153200,103.22000,103.58000,102.22000,102.64000,28600393
1600239600,102.40000,103.40000,100.54000,102.96000,27509156
1600326000,101.08000,101.32000,99.00000,100.54000,46856482
1600412400,99.66000,100.20000,97.42000,97.42000,73544325
1600671600,96.04000,96.67000,88.90000,92.16000,78895072
1600758000,92.75000,94.11000,91.40000,91.97000,40473692
1600844400,93.19000,96.20000,92.24600,92.90000,40643007
1600930800,90.77000,95.05000,90.74000,92.87000,43704705
1601017200,94.24000,94.63000,91.13000,91.55000,33180100
1601276400,93.50000,98.44000,92.91000,98.00000,48500179
1601362800,97.11000,98.28000,96.31000,97.25000,38484870
1601449200,96.58000,99.54000,95.84900,97.61000,41223431
1601535600,98.84000,99.91000,96.90000,98.00000,39991603
1601622000,97.48000,98.30000,96.49000,97.71000,35973115
1601881200,99.70000,100.68000,98.08000,99.45000,80935616
1601967600,100.88000,104.18000,99.82000,104.18000,61172964
1602054000,103.84000,107.46000,103.42000,104.50000,72284882
1602140400,105.44000,107.77900,104.42000,107.10000,36922959
1602226800,107.94000,109.00000,106.54000,107.28000,50394313
1602486000,107.28000,108.00000,105.42000,105.84000,29455602
1602572400,106.44000,106.44000,101.72000,102.10000,55347707
1602658800,101.84000,103.68000,100.82000,101.54000,32678409
1602745200,100.50000,100.77000,97.98000,100.12000,36727928
1602831600,101.20000,102.64000,99.00000,101.80000,37486411
1603090800,102.50000,104.08000,101.12000,103.36000,22865749
1603177200,102.34000,105.20000,102.34000,104.32000,28477306
1603263600,104.92000,106.00000,102.64000,102.72000,37940575
1603350000,101.38000,104.92000,100.66000,104.28000,31440511
1603436400,108.50000,113.30000,106.54000,111.54000,97495567
1603699200,110.54000,114.38000,106.54000,110.52000,52191345
1603785600,112.62000,113.00000,106.60000,106.60000,52849727
1603872000,104.46000,106.58000,101.16000,103.80000,62752208
1603958400,104.44000,106.80000,102.08000,104.66000,44813216
1604044800,104.22000,107.70000,104.00000,106.56000,37873402
1604304000,107.02000,107.14000,104.62200,107.04000,44537297
1604390400,108.22000,113.76000,108.22000,113.36000,57652142
1604476800,111.84000,113.04000,108.52000,110.38000,49682057
1604563200,110.68000,112.25300,106.76000,110.16000,53515927
1604649600,111.06000,113.40000,110.00000,110.94000,68836974
1604908800,112.04000,129.62000,111.66000,128.53999,138499150
1604995200,129.14000,136.00000,127.62000,134.39999,144498633
1605081600,134.08000,137.12000,131.46001,135.52000,92506383
1605168000,133.48000,133.96001,129.64000,132.36000,68867988
1605254400,131.22000,135.70000,129.67999,134.16000,45650523
1605513600,136.12000,138.88000,135.53999,138.78000,71349413
1605600000,139.88000,139.88000,134.99600,138.39999,79501678
1605686400,137.56000,142.17999,135.82001,141.60001,52441640
1605772800,136.10001,139.89999,136.10001,138.94000,37442579
1605859200,138.17999,139.60001,137.39999,137.75999,30600035
1606118400,139.28000,140.86000,138.24001,140.20000,63641880
1606204800,142.00000,150.25999,141.32001,150.20000,78845811
1606291200,152.50000,152.50000,141.72000,143.39999,72137852
1606377600,143.24001,143.62000,137.86000,141.10001,34544240
1606464000,139.00000,140.72000,137.72000,139.50000,77855252
1606723200,140.03999,140.03999,134.56000,134.56000,66657521
1606809600,134.89999,143.48000,133.60001,143.24001,51536659
1606896000,142.78000,146.94000,141.64000,146.94000,46385964
1606982400,146.00000,148.56000,144.60001,148.56000,42251461
1607068800,147.70000,150.20000,147.03999,148.62000,92767366
1607328000,149.00000,149.22000,143.03999,146.25999,201179938
1607414400,144.78000,147.25999,143.73599,146.36000,37242394
1607500800,147.39999,149.50000,145.78000,145.89999,31964551
1607587200,145.39999,145.80000,137.99600,141.75999,143650430
1607673600,141.75999,142.96001,134.30000,136.06000,82366916
1607932800,138.53999,145.06000,138.48000,142.36000,60342841
1608019200,141.67999,145.28000,140.62000,144.70000,48178265
1608105600,145.00000,149.56000,143.64000,144.20000,41004979
1608192000,144.98000,147.92000,143.50000,145.53999,39062373
1608278400,144.82001,145.78000,142.74001,145.00000,61091622
1608537600,140.00000,145.78000,135.46300,141.25999,62377629
1608624000,141.38000,146.67999,141.02000,145.98000,59502325
1608710400,145.56000,152.23100,144.92000,151.82001,82164262
1608796800,154.70000,158.24699,153.32800,154.60001,32838786
1609228800,155.00000,155.89400,148.80000,149.28000,54336596
1609315200,149.64000,153.08400,148.70000,148.88000,22973899
1609401600,145.32001,148.86800,144.61301,146.67999,16230212
1609747200,147.02000,149.06000,142.42000,143.52000,45934459
1609833600,140.66000,144.53999,138.91499,143.20000,36696545
1609920000,146.00000,156.06000,145.42000,155.03999,88207450
1610006400,157.08000,158.00000,151.00500,156.12000,60453467
1610092800,157.34000,158.20000,152.57500,152.92000,35279721
1610352000,152.39999,154.48000,150.03999,151.20000,97258483
1610438400,150.94000,154.86000,150.94000,154.24001,27671875
1610524800,155.00000,155.00000,151.82001,152.36000,45710699
1610611200,152.94000,154.80000,152.36000,152.86000,29064530
1610697600,151.88000,154.14000,146.80000,148.80000,44861784
1610956800,148.42000,151.46001,147.88000,151.32001,18232370
1611043200,153.17999,153.28000,145.64000,146.86000,39908739
1611129600,146.00000,153.00000,144.03500,146.32001,34274687
1611216000,146.30000,147.30000,143.96001,144.80000,20750000
1611302400,143.60001,144.34000,141.96001,143.06000,52565137
1611561600,144.00000,145.66000,136.58000,137.12000,41080426
1611648000,136.80000,140.74001,136.75999,139.44000,43534642
1611734400,137.44000,139.14000,133.00000,134.32001,71178352
1611820800,132.80000,137.14000,130.17999,136.58000,51994502
1611907200,135.08000,135.84000,132.66000,133.53999,35497911
1612166400,135.20000,137.24001,133.08000,134.84000,29645822
1612252800,136.30000,140.74001,135.67999,140.17999,34967416
1612339200,142.14000,145.39999,139.36000,141.80000,44305349
1612425600,142.36000,147.53999,140.10001,145.78000,55719232
1612512000,148.92000,149.10001,145.39999,147.22000,61896323
1612771200,147.44000,149.72000,146.67999,147.48000,43942144
1612857600,147.24001,148.58000,146.22000,147.70000,22036215
1612944000,147.00000,148.96001,146.25200,147.67999,30458652
1613030400,146.00000,147.82001,144.34000,145.96001,23145752
1613116800,144.32001,147.28000,143.98000,145.89999,29981925
1613376000,148.34000,154.89999,148.03999,153.96001,109807959
1613462400,154.74001,156.48000,152.57300,155.56000,38397229
1613548800,155.56000,156.74001,152.88000,154.36000,33211246
1613635200,151.52000,155.24001,145.08000,147.50000,91617217
1613721600,148.44000,154.48100,145.60001,153.64000,60807468
1613980800,152.12000,154.72501,149.15199,154.25999,30215704
1614067200,154.30000,160.00000,153.39999,159.17999,68232394
1614153600,158.58000,165.25999,157.58299,164.58000,83564176
1614240000,164.70000,165.80000,162.38000,162.53999,53517314
1614326400,159.14000,164.72000,157.75999,159.60001,81184844
1614585600,162.00000,164.28000,160.28000,161.34000,47114977
1614672000,160.67999,164.03999,159.74001,162.22000,31296043
1614758400,163.78000,170.34000,111.82700,170.34000,86451554
1614844800,170.94000,171.17999,165.62000,166.66000,43262872
1614931200,166.06000,176.17999,164.66000,171.58000,92300565
1615190400,173.48000,178.17999,173.11099,177.92000,84993372
1615276800,175.78000,177.00000,171.82001,175.78000,98181786
1615363200,173.20000,176.60001,172.50000,174.00000,42147591
1615449600,173.25999,174.34000,170.56000,174.25999,101975567
1615536000,176.02000,180.72000,174.64000,180.60001,83424067
1615795200,181.34000,182.53999,178.17999,180.28000,45420351
1615881600,182.00000,185.81400,181.38000,183.02000,74878061
1615968000,182.46001,184.78000,180.08000,181.32001,85698077
1616054400,182.62000,184.94000,180.03000,183.80000,47424759
1616140800,180.17999,210.45000,177.58000,182.60001,133130758
1616400000,179.89999,185.50000,178.30000,180.96001,102678713
1616486400,178.46001,183.10001,177.70000,181.08000,111007236
1616572800,179.28000,186.58000,177.94000,184.22000,93725377
1616659200,182.80000,184.12000,179.24001,182.03999,73354309
1616745600,184.28000,185.10001,182.70000,182.96001,73107263
1617001200,180.80000,185.05000,178.92000,180.38000,55454794
1617087600,182.96001,190.34000,182.36600,189.14000,69548927
1617174000,188.08000,189.62000,185.92000,185.92000,73896216
1617260400,186.08000,190.03999,183.86000,184.00000,97180484
1617692400,185.00000,189.64000,185.00000,185.58000,79645742
1617778800,186.75999,190.00000,186.03999,187.36000,58139462
1617865200,189.00000,190.22000,186.17999,187.98000,55098830
1617951600,189.14000,189.14000,183.90800,185.70000,69012903
1618210800,184.75999,190.16000,184.00000,188.08000,78525247
1618297200,187.16000,190.20000,186.62000,186.82001,66672523
1618383600,182.14000,189.48000,165.10001,187.58000,63661849
1618470000,188.88000,190.17999,184.62000,184.64000,58142184
1618556400,185.42000,190.10001,185.00000,189.17999,62082613
1618815600,188.06000,189.75999,182.00000,187.67999,41800957
1618902000,188.56000,189.31900,180.00000,181.80000,57315982
1618988400,181.22000,185.58000,179.08000,180.74001,62965545
1619074800,180.89999,183.25999,180.17999,182.32001,42056630
1619161200,180.74001,182.44000,178.36000,181.98000,83291209
1619420400,182.38000,186.56000,180.38000,186.08000,40721434
1619506800,185.62000,187.66000,184.30000,186.50000,52370374
1619593200,188.10001,190.10001,186.16000,188.96001,68836515
1619679600,189.78000,190.58000,187.25999,188.72000,54782804
1619766000,179.00000,180.48000,174.62000,175.50000,147740583
1620111600,177.50000,179.48000,169.66000,170.89999,89771624
1620198000,173.88000,176.89999,173.26601,176.75999,58059189
1620284400,177.02000,177.80000,175.24001,177.10001,73071388
1620370800,179.20000,182.89999,178.45300,181.53999,60271635
1620630000,183.16000,186.20000,182.88000,185.46001,62984368
1620716400,181.98000,184.44000,179.14999,180.00000,44109066
1620802800,180.20000,183.14000,178.75999,181.46001,36776980
1620889200,178.20000,179.30000,174.20000,178.20000,48908907
1620975600,182.32001,182.32001,179.17999,180.70000,35198377
1621234800,181.38000,182.34000,178.14000,179.22000,29206075
1621321200,181.66000,182.39999,178.34000,180.25999,33884356
1621407600,177.78000,180.99001,175.25999,178.08000,32876459
1621494000,180.74001,181.00000,177.42000,178.88000,28753461
1621580400,178.88000,180.00000,176.74001,179.02000,32681504
1621839600,180.10001,180.98000,178.16000,179.67999,18683315
1621926000,180.32001,181.62000,178.94000,179.64000,26189150
1622012400,178.84000,179.57300,175.12000,179.25999,40727970
1622098800,178.74001,184.12000,178.56000,183.70000,60136371
1622185200,185.00000,185.30000,182.70000,183.10001,33343363
1622530800,185.00000,186.80000,184.10001,185.58000,28035436
1622617200,186.16000,186.60001,184.20000,186.44000,24455974
1622703600,187.25999,187.25999,184.02000,186.34000,20995195
1622790000,185.89999,187.00000,183.53999,183.96001,17250609
1623049200,184.53999,188.03000,184.02000,186.98000,31081962
1623135600,186.25999,188.17999,184.39999,185.16000,49034615
1623222000,184.52000,184.75999,179.74001,180.50000,31636423
1623308400,180.84000,182.03999,178.94000,179.06000,30700316
1623394800,178.74001,181.00000,178.44000,180.39999,24749966
1623654000,181.60001,182.48000,179.16000,179.39999,21613049
1623740400,179.44000,179.50000,177.08000,179.22000,38862480
1623826800,179.86000,181.70000,175.38000,177.12000,32392516
1623913200,178.30000,181.89999,177.78000,178.82001,45179342
1623999600,177.10001,177.78000,171.73000,171.86000,104144773
1624258800,169.94000,173.46001,167.97000,172.94000,38740763
1624345200,173.84000,174.28000,171.42000,172.53999,22908500
1624431600,172.58000,174.39999,172.57001,172.80000,19772874
1624518000,173.20000,175.17999,172.38000,174.39999,23417109
1624604400,176.03999,176.62000,173.50000,174.84000,18840303
1624863600,174.84000,175.14000,171.52000,171.52000,20576150
1624950000,172.17999,177.00000,171.82001,173.20000,24909381
1625036400,173.67999,174.56000,169.32001,171.12000,30481846
1625122800,172.94000,176.20000,172.94000,175.30000,34588336
1625209200,176.34000,177.17999,172.10001,172.36000,21799362
1625468400,172.58000,178.28999,172.32001,177.70000,22592068
1625554800,177.86000,178.08000,170.39999,171.52000,40959552
1625641200,171.52000,173.93500,170.42000,172.50000,28770363
1625727600,170.88000,170.88000,165.22000,167.64000,41982501
1625814000,168.60001,217.63000,167.50000,173.36000,38170667
1626073200,173.06000,173.52000,168.56000,172.72000,26113468
1626159600,175.32001,176.54800,169.80000,170.00000,38505222
1626246000,169.53999,173.62000,169.02000,170.70000,38592489
1626332400,171.25999,171.25999,168.14000,169.12000,31990226
1626418800,170.50000,170.82001,164.24001,165.42000,35153358
1626678000,162.84000,164.03500,156.91000,159.32001,42659558
1626764400,160.39999,162.98000,157.16000,161.66000,44276931
1626850800,161.60001,167.88000,161.22000,167.20000,27027116
1626937200,168.42000,170.29900,164.84000,165.32001,25686515
1627023600,166.52000,168.56000,165.52000,167.12000,18625582
1627282800,165.20000,169.94000,163.20000,169.44000,22089394
1627369200,169.36000,170.14000,166.48000,169.38000,21220583
1627455600,175.36000,178.64000,172.48000,172.75999,53572257
1627542000,174.14000,177.74001,174.14000,176.22000,32079518
1627628400,175.42000,177.30000,174.14000,174.50000,27799937
1627887600,176.86000,179.22000,175.46001,175.89999,30112526
1627974000,176.50000,178.52000,174.42000,176.36000,25957326
1628060400,178.12000,179.20000,176.39999,178.84000,44421678
1628146800,177.14000,179.84000,176.36000,179.72000,29177262
1628233200,179.38000,183.39999,178.93600,182.66000,43064760
1628492400,183.20000,184.82001,182.14000,184.38000,24985030
1628578800,184.96001,185.80000,183.53999,185.38000,23847919
1628665200,185.70000,187.20000,184.15100,186.50000,21471281
1628751600,184.50000,186.36000,181.16000,184.25999,33481678
1628838000,184.56000,186.16000,184.50000,185.10001,22421190
1629097200,183.00000,184.80000,180.64000,182.92000,49644007
1629183600,181.98000,183.60001,180.36000,182.22000,43163979
1629270000,182.00000,182.89999,179.14000,182.39999,176161271
1629356400,178.82001,181.30000,177.84000,178.89999,40544150
1629442800,179.20000,180.12000,176.92000,179.32001,27386058
1629702000,181.67999,183.10001,179.52000,180.60001,18508495
1629788400,182.14000,182.14000,179.04300,181.82001,29212706
1629874800,182.39999,185.53000,180.86000,185.14000,24880568
1629961200,183.67999,186.03000,183.20000,184.53999,38524901
1630047600,183.89999,185.80000,183.38000,185.80000,29684420
1630393200,183.00000,185.64000,179.34000,184.89999,65512687
1630479600,185.82001,186.78000,183.34000,183.98000,38587321
1630566000,183.39999,185.75999,183.09700,185.48000,22671065
1630652400,185.48000,186.86000,184.32001,184.70000,24072521
1630911600,185.16000,186.82001,184.48000,185.60001,11792101
1630998000,184.58000,186.50000,183.98000,185.38000,18954116
1631084400,183.62000,184.24001,181.39999,182.42000,49061492
1631170800,179.38000,183.37199,178.30000,181.74001,35584853
1631257200,183.34000,183.71899,179.94000,180.25999,30709605
1631516400,182.56000,184.62000,181.32001,184.14000,1549882
1631602800,183.16000,184.30000,180.60001,180.94000,27875505
1631689200,180.25999,182.50000,179.14000,179.86000,49605732
1631775600,180.00000,183.60001,179.84500,182.70000,28606806
1631862000,183.00000,184.89999,181.20000,182.72000,74010939
1632121200,179.00000,179.71800,174.60001,174.92000,47433772
1632207600,176.48000,178.25999,174.25999,175.02000,39211822
1632294000,176.36000,181.66000,176.36000,181.22000,26876550
1632380400,182.86000,184.74001,181.84000,183.96001,39115752
1632466800,182.56000,185.39999,181.70000,183.74001,29868089
1632726000,184.96001,188.24001,184.62000,187.78000,43652049
1632812400,187.60001,188.50000,185.53999,186.32001,33952073
1632898800,186.00000,188.60001,185.75800,187.78000,26829823
1632985200,189.00000,191.38000,188.44000,189.60001,53202366
1633071600,186.75999,188.46001,184.56000,187.88000,33784479
1633330800,188.03999,190.72000,185.42000,187.28000,23906512
1633417200,187.75999,194.94000,187.17400,194.60001,42464706
1633503600,194.46001,194.78000,153.78000,191.89999,36957945
1633590000,194.70000,195.10001,191.88000,193.74001,40405972
1633676400,193.92000,195.75999,193.38000,195.16000,31711544
1633935600,195.44000,198.62000,194.53999,197.67999,30434461
1634022000,195.46001,197.88000,193.12000,197.46001,20730008
1634108400,196.78000,198.06000,191.39999,192.92000,51152842
1634194800,195.00000,196.43401,194.07500,194.39999,40912565
1634281200,195.50000,198.86000,195.30000,197.82001,41273237
1634540400,198.10001,200.30000,197.36000,199.46001,29625968
1634626800,199.42000,200.28000,198.63200,199.52000,22713720
1634713200,199.98000,200.35001,196.02000,198.44000,28212917
1634799600,199.98000,200.00000,196.00000,196.89999,35093906
1634886000,197.62000,201.10001,196.66000,198.86000,30111945
1635145200,199.98000,203.89500,199.13600,200.60001,58537731
1635231600,200.45000,203.42500,199.86000,202.80000,27625285
1635318000,201.70000,202.50000,198.88000,199.46001,28863498
1635404400,200.05000,202.39999,196.94000,199.28000,29834449
1635490800,198.48000,203.00000,197.03000,202.25000,36670928
1635753600,194.86000,203.00000,194.71800,200.85001,60270275
1635840000,200.45000,200.95000,195.49200,198.46001,38218272
1635926400,199.36000,200.16800,197.48000,199.52000,28919283
1636012800,200.95000,201.04401,191.24001,191.50000,52883516
1636099200,191.70000,194.60500,191.32001,192.38000,35517830
1636358400,192.20000,194.52000,190.19600,192.44000,38706089
1636444800,191.00000,192.98000,189.77000,190.00000,57571077
1636531200,191.12000,194.00000,190.38600,192.75999,50491006
1636617600,193.42000,197.30000,190.41400,196.60001,29006199
1636704000,196.60001,197.02000,194.52000,195.30000,35293599
1636963200,193.38000,197.66000,193.00000,196.00000,24569783
1637049600,197.24001,197.50000,194.70000,195.78000,32695415
1637136000,196.30000,197.73599,195.60001,195.70000,59331043
1637222400,195.89999,197.14000,194.66000,195.34000,22030156
1637308800,196.08000,196.96001,189.12000,190.96001,53317815
1637568000,191.53999,195.32001,191.22000,194.74001,25293180
1637654400,192.82001,195.72000,191.86000,193.78000,32836092
1637740800,193.00000,195.60001,192.44000,193.36000,44231692
1637827200,194.06000,195.88000,192.86000,195.50000,18554255
1637913600,187.38000,189.14000,181.66000,181.66000,62762131
1638172800,184.39999,187.32001,183.28000,183.28000,37433914
1638259200,181.30000,186.55299,180.50000,184.22000,66480343
1638345600,185.72000,190.06000,185.60001,189.67999,40928174
1638432000,186.30000,187.94000,184.56000,187.24001,29733935
1638518400,188.86000,189.80000,184.84000,186.66000,17798417
1638777600,187.00000,189.00000,186.14000,187.06000,29634799
1638864000,185.75999,187.86000,185.20000,186.72000,46886308
1638950400,186.72000,187.64000,183.24001,185.89999,72018078
1639036800,185.60001,187.62000,182.36000,182.84000,29267720
1639123200,182.20000,184.92000,182.00000,182.50000,30767048
1639382400,182.94000,183.58000,177.80000,178.14000,28555415
1639468800,179.60001,181.80000,179.38000,180.08000,34426348
1639555200,179.94000,180.88000,176.33000,176.48000,43247637
1639641600,178.70000,186.39999,176.48000,182.14000,56900237
1639728000,181.28000,183.20000,179.09000,180.84000,74707696
1639987200,176.88000,180.50000,176.88000,178.60001,36263625
1640073600,181.12000,184.25999,180.72000,184.25999,27005362
1640160000,184.24001,186.82001,184.17999,185.84000,34376929
1640246400,187.36000,188.28000,186.98100,187.39999,25626748
1640332800,187.89999,188.39999,186.24001,187.44000,5005050
1640764800,190.00000,190.30000,187.66000,188.50000,17383167
1640851200,187.86000,189.36000,187.74001,188.06000,8830898
1640937600,187.98000,188.53999,186.32001,187.00000,8016884
1641283200,192.94000,197.50000,190.30000,196.66000,40400336
1641369600,196.70000,199.20000,196.33501,197.92000,28170350
1641456000,196.28000,201.05200,195.22000,200.45000,29020547
1641542400,201.00000,205.25000,200.14999,205.25000,40109355
1641801600,206.45000,209.80000,205.05000,207.89999,38889136
1641888000,208.55000,209.00000,206.10001,207.00000,67439259
1641974400,209.30000,212.20000,209.00000,211.80000,42752702
1642060800,211.50000,217.20000,211.30000,217.10001,53562771
1642147200,217.30000,219.60001,213.47501,215.50000,46476960
1642406400,218.25000,219.10001,214.14999,214.80000,24158972
1642492800,214.70000,215.60001,209.80000,209.80000,60762210
1642579200,209.50000,210.95000,206.35001,206.95000,71653314
1642665600,206.14999,207.80000,202.95000,205.55000,36605898
1642752000,202.00000,203.44501,198.06000,199.24001,40878212
1643011200,197.60001,198.48000,189.16000,190.36000,55257456
1643097600,192.17999,197.42000,192.17999,196.70000,35195382
1643184000,199.16000,205.25999,198.75999,202.20000,42206968
1643270400,200.85001,207.80000,200.39999,203.55000,27601885
1643356800,199.88000,201.67000,195.06000,196.88000,82325034
1643616000,198.72000,199.46001,195.60001,197.22000,27261791
1643702400,200.10001,201.14999,198.50000,201.10001,37250421
1643788800,203.35001,206.12199,201.00000,203.05000,25198986
1643875200,203.80000,209.45000,200.90300,204.45000,53035673
1643961600,206.25000,207.70000,197.53999,200.60001,46999172
1644220800,204.05000,205.20000,200.80000,205.00000,37412438
1644307200,205.39999,207.39999,204.35001,206.20000,25800865
1644393600,207.45000,209.00000,203.80000,208.00000,30093834
1644480000,207.80000,209.16901,205.80000,208.64999,26138252
1644566400,205.45000,207.05000,201.75000,206.10001,42198884
1644825600,199.12000,199.90500,193.67999,195.56000,62142328
1644912000,193.17999,199.89999,192.58000,198.46001,34554049
1644998400,198.53999,199.30000,194.34000,196.00000,58329765
1645084800,194.56000,195.96001,190.94000,192.64000,27405293
1645171200,191.39999,193.14000,189.66000,191.16000,49093183
1645430400,192.56000,195.14000,190.03999,191.44000,37489573
1645516800,186.60001,192.08000,185.10001,190.16000,72591504
1645603200,193.00000,202.35001,191.74001,195.98000,83411502
1645689600,182.80000,191.06599,178.24001,179.39999,87307925
1645776000,184.28000,190.28000,179.75000,188.89999,77049862
1646035200,181.16000,183.88000,179.02000,182.88000,95541358
1646121600,180.48000,185.17999,173.03999,173.22000,97416901
1646208000,170.22000,178.56000,170.10001,176.96001,72847106
1646294400,174.50000,174.91200,168.28000,168.94000,75911976
1646380800,166.00000,168.16000,156.78000,156.80000,74942661
1646640000,150.00000,155.12000,142.03900,151.62000,77579763
1646812800,159.22000,161.88699,155.72000,161.80000,65108283
1646899200,162.70000,164.40900,156.50000,157.78000,45299911
1646985600,159.03999,165.64000,157.66000,161.10001,67505079
1647244800,164.56000,170.80099,163.22000,170.00000,46588292
1647331200,167.94000,170.24001,165.31000,168.16000,46163222
1647417600,172.03999,175.61000,170.17999,175.16000,54098114
1647504000,177.08000,178.02000,169.89999,171.72000,79041449
1647590400,172.36000,172.80000,169.53999,170.58000,100515607
1647849600,171.08000,172.17999,168.50000,168.50000,40472147
1647936000,170.20000,173.52000,169.84000,172.86000,54227594
1648022400,173.60001,174.20000,170.00000,170.00000,23109779
1648108800,170.08000,171.08000,167.49001,168.34000,34082638
1648195200,168.86000,168.86501,166.32001,167.30000,29250194
1648450800,164.02000,166.64000,159.77000,160.48000,55348037
1648537200,151.30000,157.39999,150.70000,156.44000,164239206
1648623600,153.86000,154.70000,151.39999,151.44000,91045185
1648710000,151.00000,152.66000,147.48000,148.30000,112418700
1648796400,150.00000,151.75999,146.44000,147.03999,86209995
1649055600,149.56000,150.03999,142.56000,146.30000,71652092
1649142000,145.80000,148.39999,145.42000,147.00000,144775164
1649228400,146.92000,148.15900,141.52600,143.34000,63265141
1649314800,143.44000,145.17000,140.06000,140.58000,83235307
1649401200,143.39999,144.96001,142.53000,144.60001,53486518
1649660400,145.42000,147.27000,144.25999,144.94000,50447161
1649746800,144.16000,146.16000,142.39900,143.25999,38599477
1649833200,142.44000,144.25999,141.82001,144.25999,38615655
1649919600,143.60001,146.28400,142.66000,145.86000,43283321
1650351600,146.10001,147.08000,144.23000,145.70000,36566254
1650438000,146.98000,150.06000,145.80000,148.88000,72095874
1650524400,148.88000,150.97400,147.96001,150.06000,54347891
1650610800,148.03999,150.32001,146.30000,146.70000,78958551
1650870000,144.42000,146.70000,143.14000,144.17999,41592916
1650956400,147.50000,148.12000,142.75999,142.98000,43814852
1651042800,145.14000,145.25999,140.96001,141.92000,111171869
1651129200,144.88000,148.32001,142.34000,146.30000,61052856
1651215600,149.46001,149.46001,147.32001,148.20000,73893935
1651561200,149.60001,152.58000,148.86000,151.00000,117982240
1651647600,153.10001,153.53200,150.06000,150.56000,44075562
1651734000,153.98000,154.44000,149.52000,149.82001,75893157
1651820400,150.22000,150.48000,147.28000,148.64000,51130102
1652079600,147.39999,148.48000,145.78000,145.98000,33883551
1652166000,149.20000,149.25999,143.64000,143.64000,38652634
1652252400,144.50000,148.25999,143.72000,147.30000,120851388
1652338800,142.66000,147.20000,142.20000,145.94000,40307444
1652425200,147.56000,150.54500,147.00000,150.36000,40300228
1652684400,150.60001,152.98300,148.94000,151.70000,48063820
1652770800,152.38000,157.08000,152.17999,155.86000,50124597
1652857200,157.02000,157.22000,154.32001,155.20000,30534183
1652943600,155.28000,155.68500,151.20000,153.28000,30700867
1653030000,155.66000,157.08000,152.72000,152.72000,56300727
1653289200,155.24001,157.74001,153.41000,157.74001,70822987
1653375600,157.44000,164.35001,157.21001,162.78000,74921425
1653462000,164.53999,164.78000,162.01801,163.88000,108468680
1653548400,163.82001,168.76401,163.32001,167.67999,51023672
1653634800,167.38000,171.08000,166.42999,170.38000,52394921
1653894000,170.53999,173.34000,170.12000,171.22000,105182657
1653980400,170.14000,171.62000,168.92000,169.06000,68320374
1654066800,171.17999,172.10100,167.48000,167.80000,37314104
1654498800,168.34000,172.69600,168.08000,171.36000,36572161
1654585200,169.17999,170.88000,167.62100,169.00000,44760521
1654671600,168.53999,169.65900,167.38000,168.56000,42131882
1654758000,167.22000,169.64000,165.42000,165.92000,41256650
1654844400,164.92000,165.75999,159.48000,159.80000,54031382
1655103600,158.02000,159.21500,155.16000,156.08000,59237518
1655190000,157.66000,159.34000,154.25999,156.75999,63205077
1655276400,157.84000,163.41000,157.16000,160.75999,52138059
1655362800,160.22000,160.30000,153.46001,153.64000,60187717
1655449200,155.08000,159.02000,153.75999,155.92000,62981976
1655708400,156.86000,161.25000,156.02000,160.12000,28154520
1655794800,160.50000,162.53999,158.66000,160.42000,40945612
1655881200,157.66000,162.80701,157.66000,161.34000,43468134
1655967600,159.36000,160.42000,154.03999,154.08000,42518920
1656054000,155.08000,159.60001,152.96001,158.94000,55663456
1656313200,158.58000,161.28000,157.34000,158.64000,46256489
1656399600,159.74001,162.64000,159.50000,160.02000,95098056
1656486000,157.88000,159.58000,156.75999,156.75999,48146770
1656572400,154.39999,154.92000,150.12000,153.12000,49777626
1656658800,151.86000,156.72000,151.64000,153.20000,39156126
1656918000,154.02000,157.03999,153.92000,155.52000,28079764
1657004400,156.50000,157.03900,147.17999,147.48000,67023196
1657090800,148.84000,150.62000,145.98000,146.86000,62994202
1657177200,149.06000,152.50000,149.00000,151.02000,56736408
1657263600,151.20000,153.32001,149.16000,151.96001,42802419
1657522800,149.86000,152.39999,149.52000,151.00000,27895710
1657609200,149.64000,152.22000,146.94000,152.14000,42389480
1657695600,150.36000,151.80000,148.02000,149.22000,42491244
1657782000,148.72000,151.14101,145.17999,145.53999,71086571
1657868400,145.60001,151.52000,145.16000,150.30000,53102595
1658127600,151.46001,156.34100,151.46001,154.22000,43856613
1658214000,153.06000,159.60001,153.06000,158.22000,38552890
1658300400,158.53999,159.72000,155.89999,157.64000,65043186
1658386800,157.86000,160.78000,156.72000,158.96001,77532446
1658473200,158.50000,159.87199,156.75999,157.84000,54866757
1658732400,156.88000,161.89000,156.22099,160.72000,55314543
1658818800,160.62000,161.12000,156.74001,156.88000,50305161
1658905200,157.46001,159.21500,155.70000,157.66000,118779130
1658991600,156.10001,157.56000,149.30000,150.34000,87466863
1659078000,153.39999,157.98000,152.53999,157.17999,72309405
1659337200,160.00000,162.08000,157.85400,159.80000,59578386
1659423600,159.24001,161.52000,158.62000,160.02000,76480735
1659510000,158.89999,163.67999,158.78000,163.32001,40177324
1659596400,163.12000,165.70000,161.12000,162.48000,63556077
1659682800,161.89999,165.42999,161.02000,164.00000,43242514
1659942000,165.50000,166.92000,164.74001,166.00000,57175243
1660028400,165.14000,167.70000,164.64000,165.86000,47518114
1660114800,166.00000,170.10001,165.42000,169.75999,82316178
1660201200,169.02000,170.14000,167.50000,168.98000,47289799
1660287600,169.89999,172.92200,169.10001,171.60001,50918564
1660546800,172.22000,172.30000,170.72000,171.56000,43128335
1660633200,172.06000,172.20000,169.88000,170.50000,26647334
1660719600,171.34000,173.36000,168.53999,168.67999,20688108
1660806000,168.60001,169.46001,167.46001,168.50000,25224763
1660892400,168.03999,169.22000,164.91100,165.28000,53335326
1661151600,164.00000,164.79401,161.78000,163.08000,36166208
1661238000,162.30000,165.14000,162.16600,163.60001,30777856
1661324400,162.80000,163.98000,160.64000,162.62000,31788791
1661410800,164.00000,165.16000,163.08000,164.16000,27147208
1661497200,165.39999,166.70000,162.03999,162.10001,30454502
1661842800,161.72000,168.08000,161.24001,164.70000,49358851
1661929200,165.66000,166.96001,164.14000,164.50000,52657111
1662015600,163.86000,164.06000,160.46001,161.39999,34587713
1662102000,161.96001,169.45200,161.43600,168.64000,51300909
1662361200,163.96001,167.12000,163.80000,166.50000,26400585
1662447600,167.38000,171.64999,166.58000,167.88000,37590573
1662534000,166.02000,166.70000,163.60001,164.10001,46181307
1662620400,164.28000,167.30000,162.86000,166.25999,44118012
1662706800,166.00000,170.00000,165.34000,168.84000,41608887
1662966000,173.04201,175.25999,170.53799,173.96001,49161895
1663052400,174.32001,175.82001,171.60001,171.94000,44341919
1663138800,170.42000,172.75999,169.08000,169.89999,42259194
1663225200,169.70000,172.64000,169.64000,172.24001,41696437
1663311600,171.72000,173.44000,170.60001,171.14000,127232166
1663657200,171.14000,174.38000,170.30000,170.92000,41957108
1663743600,169.12000,172.42000,165.02000,167.80000,59874890
1663830000,165.12000,170.70700,164.72000,166.25999,65411705
1663916400,165.38000,167.42000,160.62000,161.86000,51682595
1664175600,160.50000,161.98000,156.67999,157.59700,52779101
1664262000,161.02000,162.24001,155.52000,155.84000,55358565
1664348400,153.50000,154.34000,146.50000,151.08000,84832724
1664434800,150.25999,150.53999,142.72000,144.66000,68587663
1664521200,144.03999,147.61900,141.67999,144.30000,75103787
1664780400,143.46001,146.12000,141.25999,145.08000,52847044
1664866800,146.50000,151.06000,146.08000,150.74001,43680699
1664953200,149.82001,151.36700,145.60001,147.62000,36822485
1665039600,148.56000,149.20000,144.12000,144.80000,37789764
1665126000,144.80000,146.06000,142.60001,143.48000,32681532
1665385200,142.28000,145.16000,142.28000,143.24001,27915059
1665471600,142.03999,142.39500,139.56000,140.16000,52106881
1665558000,138.00000,138.38000,132.06000,135.67999,65690001
1665644400,135.32001,143.80000,134.46001,142.53999,65181658
1665730800,145.00000,148.88000,142.53999,142.82001,51791492
1665990000,142.78000,147.25999,142.62000,145.39999,30616486
1666076400,147.74001,150.16000,147.08000,147.50000,30635600
1666162800,145.60001,147.28000,143.22000,144.30000,28614081
1666249200,143.60001,148.50000,142.20000,145.34000,69905432
1666335600,143.74001,146.20000,141.89999,145.03999,25886257
1666594800,145.88000,150.84000,145.44000,148.94000,30167127
1666681200,149.60001,150.30000,146.03999,150.22000,24812022
1666767600,150.92000,152.22301,147.58000,149.82001,63447450
1666854000,150.02000,151.32001,148.14000,150.25999,24538170
1666940400,146.98000,148.35500,144.88000,146.44000,22647996
1667203200,147.08000,149.12000,146.64000,147.75999,24632742
1667289600,149.36000,151.88000,148.67999,150.34000,28844091
1667376000,150.58000,151.86000,148.08000,150.10001,19608289
1667462400,148.78000,150.16000,146.88000,149.52000,23393870
1667548800,151.02000,154.62000,150.30000,153.52000,34319023
1667808000,152.89999,155.53000,151.75999,152.60001,23685124
1667894400,153.12000,155.94000,152.82001,154.17999,56097569
1667980800,154.42000,155.39999,152.96001,154.39999,21699444
1668067200,153.72000,157.46001,153.00000,157.00000,59021509
1668153600,157.02000,159.83000,156.46001,158.22000,53765652
1668412800,156.78000,158.74001,155.20000,157.62000,27491978
1668499200,156.62000,157.36000,155.32001,157.22000,22762920
1668585600,155.84000,156.50000,153.94000,154.39999,27203752
1668672000,155.22000,157.02100,153.52000,156.66000,30779589
1668758400,156.88000,159.17999,156.06000,158.22000,22358632
1669017600,157.75999,158.48000,156.82001,157.94000,13670802
1669104000,159.12000,159.30000,157.12000,157.92000,16784247
1669190400,157.66000,158.66000,156.92000,158.28000,13194996
1669276800,158.08000,160.56000,158.08000,159.42000,14339660
1669363200,159.62000,160.22000,158.06000,159.06000,17701072
1669622400,158.36000,160.77600,157.88000,158.17999,25642764
1669708800,157.28000,161.78000,157.22000,161.00000,42340565
1669795200,161.78000,162.80000,160.35001,161.24001,84403402
1669881600,161.96001,162.32001,158.17999,158.28000,28956372
1669968000,159.06000,159.10001,155.86000,156.82001,28802164
1670227200,156.36000,158.86000,156.02000,156.28000,24394215
1670313600,157.25999,160.62000,155.64000,158.75999,80092367
1670400000,158.00000,159.52000,155.96001,157.44000,24905097
1670486400,157.39999,157.90601,156.58000,156.80000,21644000
1670572800,156.70000,159.48000,156.14000,159.48000,23399847
1670832000,159.88000,160.22000,156.94000,158.14000,33870358
1670918400,158.92000,161.82001,157.96001,161.78000,42888082
1671004800,162.84000,162.84000,160.03999,160.25999,42580381
1671091200,159.34000,159.68500,155.20000,155.20000,32662221
1671177600,154.34000,155.74001,152.10001,154.42000,109511197
1671436800,154.84000,156.56000,154.38000,155.38000,14673171
1671523200,154.00000,156.53999,153.62000,155.74001,20757044
1671609600,156.30000,158.38000,155.06000,158.08000,26030701
1671696000,158.08000,159.00101,157.14000,157.14000,18858465
1671782400,157.14000,158.36000,156.64000,157.74001,6137843
1672214400,158.24001,159.66000,157.44000,158.88000,15974901
1672300800,158.14000,159.34000,157.03999,159.34000,17312328
1672387200,158.56000,159.74001,158.20000,158.52000,9144860
1672732800,159.52000,164.31000,159.08000,163.60001,34940227
1672819200,164.10001,168.28999,164.10001,168.08000,31851649
1672905600,167.17999,173.74001,166.36000,172.42000,40113321
1672992000,171.82001,172.70000,171.34000,172.10001,23266356
1673251200,172.10001,174.16000,171.88000,172.62000,32930427
1673337600,170.17999,172.66000,170.02000,171.60001,50086285
1673424000,171.03999,174.39999,171.03999,173.53999,119855470
1673510400,174.24001,178.00000,174.24001,177.08000,31151382
1673596800,177.88000,180.98000,176.92000,180.74001,40855553
1673856000,178.84000,182.50000,178.72000,182.50000,20281691
1673942400,181.00000,182.86000,180.16000,180.94000,31207511
1674028800,180.34000,182.84000,179.88000,182.10001,55985902
1674115200,178.86000,179.72000,175.84000,177.38000,34438199
1674201600,177.94000,179.20200,176.71100,178.42000,27839430
1674460800,178.56000,180.24001,178.56000,179.88000,26445387
1674547200,180.92000,181.17999,178.86000,179.75999,41893275
1674633600,179.00000,181.72000,178.60001,181.72000,59311967
1674720000,182.52000,185.25999,182.18500,185.03999,109872375
1674806400,185.75999,185.98000,184.30000,185.78000,22327860
1675065600,184.70000,186.78000,183.14000,186.66000,33763580
1675152000,185.72000,186.48000,183.48000,185.84000,31947853
1675238400,185.84000,187.03000,183.24001,186.48000,28527540
1675324800,186.36000,188.72000,185.30000,188.39999,27188071
1675411200,187.36000,188.96001,185.80000,188.64000,21357380
1675670400,187.60001,188.75000,185.64000,186.53999,17931883
1675756800,187.64000,190.10001,186.58000,188.84000,27257436
1675843200,189.39999,190.38000,188.48000,189.72000,20120348
1675929600,189.56000,193.17999,189.39999,189.60001,158538872
1676016000,187.28000,188.85800,185.42000,185.72000,46689161
1676275200,186.60001,187.56000,185.44000,186.32001,21870906
1676361600,186.58000,188.96001,186.00000,187.32001,21599769
1676448000,175.00000,176.98000,167.58000,172.60001,144966337
1676534400,172.34000,175.36000,170.58000,174.66000,49374194
1676620800,173.32001,176.39999,172.28000,173.50000,64702066
1676880000,174.39999,176.70000,173.75999,175.88000,35128709
1676966400,176.03999,176.22000,171.42000,171.42000,114830121
1677052800,170.32001,173.17999,168.74001,172.82001,35163655
1677139200,168.42000,174.88000,168.08000,172.60001,40518994
1677225600,173.00000,174.48000,170.31000,170.58000,47280571
1677484800,171.39999,173.17999,171.39999,172.64000,65039485
1677571200,171.08000,175.42000,171.00000,174.64000,77677027
1677657600,175.50000,176.80000,173.67599,174.42000,66688362
1677744000,174.17999,175.10201,171.60001,171.75999,47614942
1677830400,171.96001,173.39999,170.56000,171.48000,28320132
1678089600,171.48000,172.46001,170.56000,172.34000,12810497
1678176000,171.92000,173.02000,168.70000,168.92000,40741359
1678262400,168.10001,198.86200,167.96001,168.88000,54618563
1678348800,167.30000,167.84700,162.36000,163.42000,49699846
1678435200,151.28000,159.00000,151.28000,157.42000,115174718
1678694400,157.00000,157.53999,146.06000,147.48000,137764902
1678780800,147.24001,155.48000,146.20000,152.06000,101874320
1678867200,151.00000,152.50000,138.06000,138.24001,149633932
1678953600,142.00000,143.80400,139.80000,142.38000,158923216
1679040000,142.42000,145.53999,137.74001,139.56000,144812125
1679299200,131.58000,138.03999,128.12000,136.36000,147930521
1679385600,139.17999,145.14101,138.75999,143.14000,101651780
1679472000,141.42000,148.01300,140.67999,142.66000,96414561
1679558400,141.10001,144.44000,139.64000,139.78000,75878807
1679644800,137.36000,138.00000,130.06000,133.89999,124849932
1679900400,137.30000,138.75999,135.03999,137.00000,88189227
1679986800,139.00000,140.42000,135.84000,137.17999,80446359
1680073200,137.80000,142.03999,137.60300,142.02000,136034186
1680159600,142.56000,146.48000,142.28900,144.82001,110866685
1680246000,143.94000,147.03999,143.93300,145.80000,70480092
1680505200,146.66000,149.96001,146.46001,148.25999,61316572
1680591600,148.53999,150.22000,146.50000,146.50000,85429670
1680678000,148.39999,150.22000,147.06000,147.72000,79983446
1680764400,148.56000,152.25999,148.44000,151.62000,77732100
1681196400,151.78000,154.17999,151.74001,152.53999,155427194
1681282800,153.38000,154.60001,152.70000,153.06000,75043727
1681369200,152.58000,154.59200,152.22000,152.94000,67937747
1681455600,153.70000,158.58000,153.03999,157.88000,102778899
1681714800,158.92000,159.08000,153.58000,154.28000,48532054
1681801200,155.60001,157.22000,154.96001,154.96001,34842720
1681887600,154.62000,156.06000,154.25999,155.39999,23709051
1681974000,156.25999,158.02000,154.10001,154.46001,51785070
1682060400,153.34000,154.52000,152.17999,153.24001,34635495
1682319600,152.30000,155.03000,152.07899,154.20000,36313960
1682406000,153.52000,154.24001,150.84000,151.46001,41514946
1682492400,151.46001,154.48000,149.67999,153.86000,49550436
1682578800,156.22000,162.47501,155.39999,162.03999,78793688
1682665200,160.38000,162.88000,156.94000,159.88000,41563257
1683010800,158.14000,162.03999,154.48000,154.94000,49769428
1683097200,156.38000,156.42000,151.74001,153.25999,73452404
1683183600,152.17999,153.78000,146.74001,148.24001,41318797
1683270000,149.42000,153.86000,149.42000,153.24001,35537126
1683615600,154.44000,156.06000,152.89999,153.58000,71557794
1683702000,154.03999,156.12000,152.67999,153.22000,100719834
1683788400,153.70000,154.94000,150.82001,153.48000,37699768
1683874800,154.96001,155.67999,153.66000,153.89999,22601842
1684134000,155.80000,155.98000,153.48000,155.02000,14615597
1684220400,155.22000,156.58000,154.06000,154.39999,65808944
1684306800,153.32001,156.24001,152.80000,155.96001,19770009
1684393200,157.75999,159.28000,157.58000,158.06000,24764647
1684479600,158.60001,160.38000,157.48000,159.42000,39076824
1684738800,158.32001,161.00999,157.82001,160.08000,48913521
1684825200,160.36000,163.75999,159.86000,163.44000,25118768
1684911600,161.34000,161.67999,157.75999,158.66000,26590965
1684998000,157.98000,158.67999,155.39999,156.98000,21692176
1685084400,157.89999,158.02000,154.30000,157.32001,35862972
1685430000,157.02000,157.96001,155.08000,155.80000,18218560
1685516400,154.80000,155.42000,150.53999,151.34000,87428261
1685602800,152.02000,154.24001,151.28000,152.62000,66415327
1685689200,154.00000,157.36000,153.98000,156.75999,46644665
1685948400,157.16000,158.58000,154.53999,155.78000,17458498
1686034800,154.98000,158.22000,153.34000,158.20000,24565612
1686121200,158.28000,158.62000,156.44000,158.24001,23106469
1686207600,158.78000,159.64000,156.94000,157.60001,17716412
1686294000,157.62000,158.36000,155.62000,156.34000,31345921
1686553200,157.08000,157.63000,155.17999,155.24001,26578620
1686639600,155.48000,157.44000,153.88000,156.75999,103425892
1686726000,157.03999,158.78000,156.70100,157.44000,20989017
1686812400,157.44000,157.75999,153.12000,153.80000,77609910
1686898800,154.08000,155.38000,153.00000,153.94000,101253358
1687158000,153.70000,155.86000,153.12199,153.46001,13924531
1687244400,153.56000,156.03999,153.25999,154.32001,19125932
1687330800,153.32001,154.14000,151.38000,151.46001,41614170
1687417200,149.66000,149.75999,146.88000,146.96001,52493524
1687503600,145.52000,146.17999,143.30000,145.22000,41598622
1687762800,144.62000,145.62000,141.25600,144.92000,33921705
1687849200,145.25999,147.32001,144.32001,146.32001,21529834
1687935600,147.02000,148.98000,146.67400,148.34000,28271599
1688022000,148.67999,152.56900,148.53000,151.32001,41115318
1688108400,152.82001,154.60001,152.44000,153.38000,39518151
1688367600,154.58000,156.75999,154.32001,155.62000,28280882
1688454000,155.03999,156.24001,151.98000,152.56000,17870487
1688540400,151.00000,152.65800,149.39999,150.03999,43163289
1688626800,147.89999,148.77499,145.92000,146.70000,38697741
1688713200,146.17999,149.44000,146.17999,148.72000,29450409
1688972400,147.75999,149.50000,147.46001,148.72000,23448396
1689058800,148.38000,150.02000,148.24001,149.86000,48047287
1689145200,150.78000,157.14000,150.48000,154.80000,47980417
1689231600,154.66000,156.56000,154.03999,155.70000,71642871
1689318000,155.70000,157.52000,154.94000,155.10001,41907830
1689577200,154.34000,156.96001,154.34000,156.06000,19453247
1689663600,155.50000,159.38000,154.86000,159.38000,39312111
1689750000,163.48000,164.60001,161.30000,164.28000,118509859
1689836400,164.50000,166.44000,164.36000,164.36000,29099236
1689922800,164.24001,165.10001,162.72000,163.25999,48356749
1690182000,161.16000,164.53999,161.06000,164.36000,17236701
1690268400,164.84000,165.15300,163.28000,163.52000,18551553
1690354800,162.00000,164.06000,160.28999,164.06000,27428782
1690441200,156.00000,158.84000,153.06000,155.39999,104746692
1690527600,153.12000,156.69600,153.04201,155.74001,37756906
1690786800,155.24001,156.70000,154.96001,154.96001,41439055
1690873200,154.00000,155.52000,151.42000,151.42000,41550164
1690959600,148.50000,150.17999,145.98000,146.46001,57040917
1691046000,145.96001,150.14000,144.96001,149.16000,57132976
1691132400,150.00000,152.08800,149.03999,150.74001,26360950
1691391600,151.12000,152.52000,149.92000,150.82001,40570055
1691478000,149.20000,150.53999,146.08000,147.08000,40910767
1691564400,149.56000,150.74001,148.75999,148.89999,86031726
1691650800,147.64000,149.28000,147.10001,148.00000,36325951
1691737200,147.32001,148.69000,146.12000,146.60001,31925648
1691996400,146.24001,146.94000,145.12000,145.88000,39239686
1692082800,146.00000,146.41000,143.00000,143.53999,28344045
1692169200,143.28000,145.80000,142.84000,145.00000,50752319
1692255600,144.84000,146.10001,144.60001,145.42000,29310433
1692342000,144.64000,145.67999,143.34000,144.24001,27512973
1692601200,143.86000,146.06000,143.66000,143.66000,22173472
1692687600,144.53999,145.32201,142.70000,142.70000,34256300
1692774000,142.80000,144.25000,142.70000,143.03999,86181183
1692860400,145.17999,146.03999,143.96001,144.53999,24601950
1692946800,145.66000,146.02000,143.64000,143.98000,20465367
1693292400,145.32001,149.96001,145.22000,149.96001,52760042
1693378800,150.62000,152.53999,148.98000,149.03999,29777075
1693465200,149.00000,149.89999,147.36000,147.36000,56729612
1693551600,148.10001,149.98000,147.97200,149.06000,27326603
1693810800,149.94000,152.14000,149.61501,150.80000,30146626
1693897200,149.98000,151.50000,148.38000,149.64000,64373046
1693983600,148.67999,150.36000,148.06000,149.22000,25186830
1694070000,148.50000,149.74001,147.82001,147.98000,24059524
1694156400,147.50000,148.72000,145.86000,148.24001,92559662
1694415600,147.94000,150.58000,147.94000,149.89999,28151720
1694502000,150.80000,153.75999,150.60001,153.58000,42675861
1694588400,154.12000,157.96001,153.74001,157.24001,45204574
1694674800,157.38000,160.46001,156.75999,160.08000,46592313
1694761200,161.02000,163.60001,160.32001,161.46001,95245108
1695020400,160.78000,162.10001,158.54100,158.80000,30159436
1695106800,158.00000,160.14000,157.66000,159.22000,35030804
1695193200,160.25999,162.14000,159.58000,159.58000,49443117
1695279600,156.20000,157.80000,153.75999,156.70000,101649512
1695366000,156.20000,158.52000,154.92000,155.32001,63665727
1695625200,154.24001,157.92000,153.00000,153.64000,31285690
1695711600,156.24001,161.02000,155.86000,159.67999,57010417
1695798000,158.24001,160.67999,157.47000,158.12000,44397025
1695884400,157.42000,159.12000,156.92000,159.08000,31913112
1695970800,159.00000,159.98000,158.42000,158.94000,47529159
1696230000,159.00000,160.35001,155.82001,155.82001,34149954
1696316400,155.02000,156.75999,154.09000,154.28000,49422328
1696402800,153.06000,155.38000,152.34000,153.88000,47005528
1696489200,153.64000,153.86000,151.58000,152.52000,40701456
1696575600,152.80000,155.17999,151.62000,154.75999,27501875
1696834800,152.75999,154.22000,151.58200,152.02000,65100536
1696921200,153.48000,157.67999,151.22000,156.78000,46151859
1697007600,155.52000,158.44000,154.53999,157.17999,31683307
1697094000,157.88000,158.67999,151.16000,152.28000,70870493
1697180400,151.82001,154.64000,150.70000,153.08000,48831138
1697439600,153.17999,154.39999,152.02000,153.25999,53256134
1697526000,152.84000,155.24001,152.06000,154.80000,49166082
1697612400,155.28000,155.92000,151.44000,151.64000,32855695
1697698800,150.50000,152.56000,147.64000,147.80000,60376953
1697785200,146.86000,147.86000,144.32001,144.86000,71027245
1698044400,145.28000,145.78000,143.48000,144.03999,43059578
1698130800,136.48000,139.86000,129.58000,134.64000,119659255
1698217200,132.28000,134.88000,131.42000,133.22000,76612630
1698303600,131.67999,133.89999,130.62000,132.24001,70540765
1698390000,131.28000,133.10001,128.64000,129.20000,98106787
1698652800,128.53999,131.08000,128.12000,130.66000,60102076
1698739200,130.75999,132.78000,129.46001,131.60001,55502586
1698825600,131.70000,133.00000,128.92000,129.34000,64118027
1698912000,129.89999,133.39999,129.64000,133.24001,35920598
1698998400,134.20000,137.33099,132.16000,136.34000,35763911
1699257600,136.50000,138.00000,135.24001,136.30000,34139210
1699344000,135.80000,137.32001,134.88000,136.22000,26541070
1699430400,134.56000,137.10001,132.84000,136.02000,29514626
1699516800,135.94000,137.61000,134.84000,136.98000,57710185
1699603200,136.46001,136.56000,134.10001,135.58000,25413757
1699862400,136.56000,137.30000,134.58000,136.74001,31803455
1699948800,136.48000,138.64000,135.14000,138.46001,26715991
1700035200,139.00000,142.20000,138.67999,139.88000,64647934
1700121600,138.92999,141.08000,137.80000,139.03999,40382923
1700208000,140.10001,143.20000,137.58000,142.80000,39566527
1700467200,142.80000,143.66000,141.80000,142.53999,39490867
1700553600,141.50000,143.38000,140.16000,141.72000,20885928
1700640000,141.52000,142.58000,139.64000,139.98000,33759659
1700726400,139.67999,141.24001,137.48000,140.24001,44680451
1700812800,140.67999,142.02000,139.28000,141.64000,21281303
1701072000,141.22000,142.72000,140.20000,140.20000,16277027
1701158400,139.60001,141.32001,138.78000,140.12000,37092272
1701244800,138.88000,140.84000,138.30000,140.30000,37260280
1701331200,140.52000,142.03999,139.16000,141.03999,88216617
1701417600,141.28000,143.34000,140.75999,142.36000,34100824
1701676800,142.80000,143.72000,141.38699,142.98000,58569218
1701763200,136.50000,140.50000,136.50000,139.46001,117463540
1701849600,140.46001,141.25999,138.34000,140.24001,309071142
1701936000,139.20000,141.10001,138.10001,140.14000,44771743
1702022400,140.72000,144.60001,139.28000,143.28000,58692654
1702281600,143.82001,144.64000,141.70000,142.50000,59341287
1702368000,143.03999,143.89999,141.60001,141.67999,36126207
1702454400,140.53999,142.53999,139.46001,141.08000,59678930
1702540800,143.89999,150.60001,143.41901,150.00000,176673102
1702627200,150.78000,151.75999,145.97099,146.64000,103975982
1702886400,145.20000,148.02000,144.17999,146.50000,22514276
1702972800,145.56000,148.48000,144.74001,147.66000,42444436
1703059200,151.22000,152.36000,146.75999,151.64000,75955329
1703145600,150.03999,152.56000,148.88000,151.42000,55268216
1703232000,149.89999,152.08000,149.88000,151.78000,13070297
1703664000,152.60001,154.72000,150.86000,153.66000,26184336
1703750400,153.46001,154.03999,152.80000,153.50000,21442794
1703836800,153.38000,153.82001,152.96001,153.78000,10578303
1704182400,154.10001,155.50000,153.39999,155.28000,94542523
1704268800,155.30000,156.39999,152.14700,153.12000,60606163
1704355200,153.00000,155.84000,152.58000,155.58000,108657862
1704441600,153.34000,156.38000,152.70000,155.60001,37399562
1704700800,154.14000,155.67999,153.96001,154.82001,103418887
1704787200,153.25999,154.96001,153.25999,154.28000,18430452
1704873600,152.88000,154.52000,152.32001,152.64000,69093738
1704960000,152.00000,152.64000,144.82001,145.58000,91243689
1705046400,146.38000,149.14999,145.53999,145.53999,50953321
1705305600,145.32001,147.03999,144.30000,144.98000,133986526
1705392000,143.94000,145.08000,141.19000,141.39999,35953235
1705478400,140.20000,141.85300,138.39999,140.67999,45080070
1705564800,140.84000,141.94000,139.42000,140.72000,42768637
1705651200,142.38000,143.03999,140.36000,141.03999,113629727
1705910400,143.66000,145.64000,143.12000,144.94000,36259223
1705996800,145.75999,147.89999,145.74001,146.78000,27395162
1706083200,148.32001,149.64000,146.44000,147.34000,84852530
1706169600,146.96001,147.58000,145.02000,145.38000,47524415
1706256000,146.75999,150.39999,146.48000,149.24001,29055466
1706515200,149.42000,150.66000,147.34700,147.53999,31299311
1706601600,148.60001,150.62000,147.94000,150.25999,21202090
1706688000,150.89999,151.22000,148.42000,148.42000,67089613
1706774400,146.44000,149.36000,145.14000,146.03999,30614570
1706860800,148.75999,152.00999,148.44000,150.72000,31830750
1707120000,150.66000,151.28000,145.34000,145.67999,66340122
1707206400,146.52000,147.88000,146.16000,146.30000,48838185
1707292800,146.36000,147.00000,143.03999,144.39999,77270341
1707379200,145.36000,146.02000,143.03999,143.16000,21760942
1707465600,143.84000,144.39999,141.10001,142.28000,28838646
1707724800,142.22000,143.62000,141.16000,142.88000,22934953
1707811200,142.86000,143.31000,139.53999,140.48000,91445142
1707897600,140.48000,143.20000,140.48000,142.02000,17014136
1707984000,143.00000,144.45000,141.67000,143.42000,55601953
1708070400,144.84000,147.88000,143.20000,146.72000,38348527
1708329600,146.56000,150.46001,146.50000,149.00000,38658012
1708416000,157.53999,162.98000,149.76300,161.80000,143877464
1708502400,162.80000,166.67999,159.39000,162.75999,163049918
1708588800,163.28000,164.32001,159.10001,163.67999,53761544
1708675200,162.86000,164.87601,162.38000,163.74001,55444497
1708934400,162.89999,167.14000,162.82001,165.84000,59511408
1709020800,164.60001,167.48000,164.60001,166.86000,38751376
1709107200,166.17999,169.89999,166.14000,168.89999,56183655
1709193600,163.66000,166.66000,162.17999,164.46001,110800848
1709280000,165.12000,172.08000,164.98000,169.52000,187325677
1709539200,168.32001,170.46001,167.28000,170.14000,73813990
1709625600,168.24001,170.32001,167.62000,169.46001,55762395
1709712000,169.00000,173.51199,168.86800,170.92000,87938434
1709798400,171.20000,173.44000,170.25999,173.06000,111717909
1709884800,172.64000,173.88000,168.03999,172.24001,59143288
1710144000,169.38000,174.38000,169.06000,173.80000,137094836
1710230400,174.66000,178.46001,174.00999,177.58000,63898102
1710316800,177.64000,179.32001,175.02000,177.06000,79857591
1710403200,176.56000,177.78000,173.82001,174.39999,42841599
1710489600,174.14000,178.64000,174.00000,176.92000,117586336
1710748800,176.62000,177.50000,175.70000,176.52000,43582971
1710835200,175.80000,176.80000,174.10100,175.06000,38894707
1710921600,174.06000,175.98000,173.80000,175.74001,88814638
1711008000,179.00000,184.11000,178.75999,181.84000,81665407
1711094400,181.62000,182.86200,179.84000,180.80000,34353481
1711353600,180.72000,182.67999,179.94000,181.48000,82797106
1711440000,181.00000,181.82001,179.96001,180.78000,128129984
1711526400,179.64000,183.28000,179.64000,181.52000,85794046
1711612800,183.32001,185.74001,182.82001,183.20000,54858025
1712041200,181.96001,185.52000,181.90100,184.12000,95958125
1712127600,183.53999,189.24001,183.52000,188.53999,73013964
1712214000,188.74001,194.80000,187.76700,193.16000,101520061
1712300400,190.06000,191.48000,188.56000,189.74001,45929447
1712559600,189.32001,193.67999,188.30000,193.17999,42259039
1712646000,192.44000,193.44000,188.89999,188.89999,50866409
1712732400,189.94000,190.96001,187.39999,189.48000,51917164
1712818800,186.92000,188.93300,182.56000,183.64000,80275550
1712905200,185.14000,186.71400,182.46001,182.86000,67912255
1713164400,183.80000,185.00000,182.20000,183.14000,41143593
1713250800,178.94000,180.48000,176.24001,178.48000,144230906
1713337200,177.78000,181.10001,177.41000,179.94000,58349174
1713423600,181.30000,183.98000,181.14000,183.98000,72982970
1713510000,182.28000,185.89999,181.50000,185.84000,59013824
1713769200,188.16000,190.03999,186.84000,189.17999,42043695
1713855600,191.24001,193.58000,190.48000,192.24001,81046062
1713942000,192.56000,193.46001,190.24001,191.14000,159914286
1714028400,195.96001,206.70000,194.00000,204.00000,174179117
1714114800,202.00000,205.00000,199.08000,204.35001,107959690
1714374000,204.00000,207.50000,202.70000,203.64999,41778612
1714460400,202.64999,206.05000,201.80000,202.70000,46614733
1714719600,202.50000,203.39999,199.53999,202.35001,47827113
1715065200,204.25000,210.66800,204.10001,210.35001,95337526
1715151600,210.89999,213.20000,209.60001,211.64999,54664931
1715238000,215.00000,215.00000,211.89999,213.25000,32434866
1715324400,213.30000,215.14999,211.95000,213.95000,44867099
1715583600,213.95000,216.20000,212.64999,214.55000,34622487
1715670000,214.10001,218.02499,212.64999,217.20000,36942402
1715756400,217.55000,218.85001,212.14999,213.10001,39563337
1715842800,213.30000,215.55000,211.80000,214.89999,45743448
1715929200,214.55000,217.89999,214.10001,216.75000,38843437
1716188400,217.35001,218.55000,216.30000,216.75000,24874213
1716274800,215.35001,218.10001,213.55000,217.55000,34485145
1716361200,217.10001,218.89999,211.45000,211.45000,76075814
1716447600,211.30000,216.02499,209.89999,215.00000,59978110
1716534000,212.55000,216.70000,210.70000,216.14999,42916160
1716879600,216.64999,220.20000,214.85001,219.10001,97926592
1716966000,218.25000,220.45000,213.60001,214.14999,81883936
1717052400,212.55000,219.85001,211.25000,218.55000,47795152
1717138800,219.20000,221.10001,217.20000,220.00000,82218581
1717398000,222.05000,224.30000,219.00000,219.20000,47887792
1717484400,218.64999,219.35001,215.00000,215.00000,96266689
1717570800,216.30000,216.64999,211.82300,212.64999,54732210
1717657200,212.75000,216.25000,211.35001,216.14999,78914345
1717743600,216.05000,218.25000,213.30000,217.25000,96238708
1718002800,214.70000,218.60001,212.50000,214.75000,41892783
1718089200,215.45000,216.60001,208.80000,209.05000,62590795
1718175600,210.50000,212.64999,206.25000,208.70000,130991228
1718262000,208.10001,208.39999,204.64999,205.14999,91990995
1718348400,205.75000,206.17599,197.66400,202.00000,77082657
1718607600,203.75000,205.70000,202.05000,204.89999,79510265
1718694000,207.20000,207.89999,205.14999,206.00000,58351028
1718780400,206.30000,208.30000,205.70000,206.70000,34889006
1718866800,206.45000,208.96500,205.39999,208.05000,78618616
1718953200,208.05000,210.85001,202.89999,204.85001,85228878
1719212400,204.95000,209.30000,203.85001,207.55000,50595956
1719298800,207.39999,208.80000,205.75000,206.14999,62344856
1719385200,207.10001,207.92200,204.64999,205.85001,86932141
1719471600,206.25000,211.55000,204.60001,209.75000,55243693
1719558000,210.14999,211.95000,208.78999,208.89999,40264979
1719817200,212.00000,214.45500,207.60001,213.20000,39103981
1719903600,212.00000,214.50000,210.14999,210.75000,42471582
1719990000,213.30000,218.14999,212.85001,218.14999,47996480
1720076400,219.00000,224.60001,216.80000,224.35001,70585662
1720162800,223.95000,226.20000,219.35001,220.55000,62764166
1720422000,219.55000,225.75000,218.25000,222.05000,42154602
1720508400,221.80000,223.45000,215.39999,216.75000,42282199
1720594800,217.14999,219.64999,215.39999,219.55000,37845061
1720681200,220.05000,222.60001,218.00000,222.60001,39455797
1720767600,224.20000,225.35001,221.25000,222.45000,32863299
1721026800,219.00000,225.75000,217.70000,225.75000,50879577
1721113200,224.55000,227.70000,222.55000,227.35001,39118646
1721199600,227.50000,233.04800,227.30000,230.70000,58691836
1721286000,232.60001,234.30000,228.39999,228.60001,30816784
1721372400,225.35001,232.10001,224.25000,228.64999,26127466
1721631600,229.64999,231.55000,228.00000,230.85001,26026695
1721718000,231.50000,232.00000,229.50000,230.50000,25145346
1721804400,229.14999,230.63100,227.60001,228.39999,41895286
1721890800,222.70000,228.10001,222.35001,227.89999,122205338
1721977200,231.00000,232.17999,229.39999,231.39999,34080525
1722236400,232.35001,236.89999,231.55000,232.75000,37775372
1722322800,232.45000,234.85001,232.10001,234.05000,27716677
1722409200,235.00000,236.35001,231.45000,233.80000,67449383
1722495600,237.00000,241.80000,222.25000,222.89999,70189217
1722582000,220.35001,221.30000,207.00000,209.10001,79681248
1722841200,201.05000,207.69000,196.44000,206.20000,132361965
1722927600,211.45000,213.00301,205.64999,208.20000,42550008
1723014000,212.39999,217.35001,211.14500,214.75000,34121303
1723100400,213.14999,216.64999,210.05000,214.00000,89969114
1723186800,215.35001,218.64999,214.29800,218.25000,55429932
1723446000,219.85001,222.14999,218.70000,220.10001,25894995
1723532400,220.35001,221.55000,218.35001,219.25000,49951914
1723618800,222.20000,223.00000,220.14999,221.60001,23166080
1723705200,220.30000,227.75000,219.05000,227.75000,37720588
1723791600,225.89999,229.25000,225.30000,228.30000,24567341
1724050800,227.30000,230.50000,226.50000,229.00000,19484792
1724137200,229.30000,229.85001,225.25000,226.00000,20957190
1724223600,226.39999,227.10001,224.07600,224.85001,48959784
1724310000,224.75000,227.10001,223.50000,225.39999,34155635
1724396400,226.10001,230.45000,225.60001,230.45000,25996351
1724742000,229.50000,230.45000,226.36400,230.20000,34832552
1724828400,230.89999,231.05000,221.70000,223.89999,27776677
1724914800,223.00000,228.25000,223.00000,226.05000,23203038
1725001200,226.75000,228.75000,226.45000,228.39999,33995001
1725260400,228.85001,229.80000,226.53000,227.14999,17872003
1725346800,226.30000,227.64301,221.80000,223.05000,27378608
1725433200,219.30000,224.45000,219.10001,223.70000,29048790
1725519600,222.25000,230.75000,221.10001,228.55000,30394843
1725606000,227.20000,227.70000,220.35001,220.85001,25949375
1725865200,220.85001,224.45000,220.64999,224.00000,23793597
1725951600,222.85001,224.89999,216.70000,216.70000,35297193
1726038000,218.64999,220.46500,213.89900,215.14999,66928057
1726124400,219.00000,220.85001,216.89999,218.60001,84571938
1726210800,218.50000,221.94299,218.20000,221.14999,26828833
1726470000,220.35001,222.10001,219.30000,221.00000,23352431
1726556400,222.30000,226.27400,222.14999,225.00000,41836456
1726642800,223.89999,225.09900,223.10001,223.50000,46038527
1726729200,227.00000,227.64999,224.70000,227.64999,47880775
1726815600,226.89999,229.14999,225.45000,226.75000,69402309
1727074800,227.30000,227.50000,221.85001,223.20000,28963678
1727161200,223.75000,229.89999,223.39000,226.39999,41617232
1727247600,224.05000,228.35001,222.39500,223.20000,25163698
1727334000,225.50000,228.35001,225.50000,227.05000,38928906
1727420400,225.20000,229.25000,224.28101,229.25000,38836293
1727679600,226.30000,228.70000,223.50000,224.55000,30475294
1727766000,224.70000,227.00000,218.39999,219.70000,35105841
1727852400,219.85001,222.60001,218.00000,220.20000,44979363
1727938800,219.45000,222.20000,216.20000,219.35001,40271438
1728025200,219.00000,228.29800,219.00000,226.25000,39320183
1728284400,226.80000,229.85001,224.95000,229.64999,28441204
1728370800,228.39999,230.14999,227.35001,228.45000,22265092
1728457200,228.89999,230.64999,227.20000,230.64999,21968348
1728543600,230.60001,233.80000,230.59801,231.14999,45453313
1728630000,231.05000,235.85001,230.10001,235.85001,31789043
1728889200,235.70000,235.89999,232.00000,232.89999,57673311
1728975600,233.30000,234.14999,231.60001,234.05000,38896576
1729062000,233.45000,237.20000,232.97600,237.05000,35189461
1729148400,237.95000,246.02400,237.70000,245.10001,52767389
1729234800,244.80000,245.14999,240.55000,242.25000,61009377
1729494000,241.85001,243.25000,239.75000,239.75000,25124465
1729580400,238.64999,242.20000,237.30000,242.20000,32138237
1729666800,242.80000,244.16000,237.85001,238.14999,30653807
1729753200,246.70000,251.30000,240.89999,248.05000,48850966
1729839600,248.80000,250.39999,241.39999,241.39999,99402220
1730102400,240.39999,242.14999,234.89999,241.80000,38999270
1730188800,242.70000,244.02400,237.50000,238.80000,83286742
1730275200,237.00000,247.30000,236.89999,242.10001,52249910
1730361600,239.14999,242.39999,236.20000,237.50000,54088115
1730448000,235.70000,242.14999,235.45000,240.60001,34968637
1730707200,239.35001,245.70000,239.20000,243.50000,133591019
1730793600,242.75000,245.50000,242.14999,244.89999,28591141
1730880000,250.95000,258.54999,250.86700,258.14999,109014314
1730966400,259.29999,259.70001,253.70000,253.85001,37077657
1731052800,251.89999,253.89999,248.35001,251.50000,29463841
1731312000,254.30000,262.00000,253.80000,260.64999,47158973
1731398400,257.50000,260.50000,256.50000,257.50000,35440090
1731484800,256.85001,263.17499,256.29999,258.85001,37127842
1731571200,258.25000,259.67001,255.55000,256.60001,25442875
1731657600,253.95000,259.35001,249.45000,259.35001,39728022
1731916800,259.45001,261.75000,258.64999,260.85001,62281442
1732003200,260.35001,261.45001,253.30000,255.85001,51889335
1732089600,256.85001,260.79999,256.85001,258.95001,31095842
1732176000,260.04999,262.64999,256.04999,262.64999,32355750
1732262400,262.39999,264.79999,250.35001,257.20001,75378934
1732521600,258.04999,265.50000,256.25000,263.64999,78251572
1732608000,263.89999,265.10001,259.64999,260.95001,60513917
1732694400,258.45001,260.54999,256.29999,258.95001,38376963
1732780800,259.39999,265.50000,259.04999,265.10001,27795051
1732867200,263.89999,265.50000,261.94501,263.79999,33732740
1733126400,262.50000,265.25000,260.54999,262.85001,37219828
1733212800,263.35001,268.32501,263.35001,264.60001,44720091
1733299200,264.35001,266.14999,261.98599,262.10001,29800816
1733385600,263.54999,267.64999,263.54999,267.54999,26092339
1733472000,267.85001,269.60001,264.25000,264.79999,34652434
1733731200,266.39999,269.10001,265.50000,267.54999,21226133
1733817600,265.70001,268.25000,263.54999,264.20001,23272737
1733904000,262.14999,269.00000,261.64999,266.64999,66367713
1733990400,268.95001,273.23001,267.54999,270.70001,30383450
1734076800,269.64999,272.00000,268.29999,269.39999,17943580
1734336000,269.54999,273.25000,268.75000,270.29999,31793460
1734422400,269.45001,271.04999,264.10001,264.54999,61963968
1734508800,264.10001,268.17801,263.73801,267.04999,25399661
1734595200,257.60001,260.85001,257.14999,260.25000,51575171
1734681600,256.79999,261.25000,254.70000,260.25000,68228161
1734940800,261.20001,262.04999,259.29999,261.60001,13605305
1735027200,262.95001,264.18100,262.27301,263.54999,8298189
1735286400,264.35001,265.89999,263.54001,264.89999,15970484
1735545600,262.60001,265.75000,261.39999,264.75000,14724719
1735632000,264.25000,268.14999,263.20001,268.14999,9253099
1735804800,266.14999,268.14999,260.59000,266.89999,16234904
1735891200,266.29999,268.50000,265.60501,266.45001,22674822
1736150400,268.89999,272.95001,267.35001,272.79999,33697063
1736236800,271.79999,272.50000,264.00000,265.70001,36053588
1736323200,267.85001,272.64999,260.14999,265.00000,42976306
1736409600,262.50000,266.10001,261.04999,265.85001,77895220
1736496000,264.54999,266.39999,256.60001,258.04999,58858463
1736755200,257.85001,261.64999,255.10001,260.70001,44675614
1736841600,262.14999,264.10001,258.45001,263.79999,29124701
1736928000,267.70001,282.45001,267.43201,280.95001,65565586
1737014400,285.00000,285.60001,281.25000,282.70001,37501667
1737100800,286.04999,291.75000,284.79999,289.35001,51385499
1737360000,292.35001,293.60001,290.00000,291.85001,28352078
1737446400,294.00000,298.14499,292.54999,295.95001,39436643
1737532800,298.00000,299.29999,292.85001,293.75000,119155572
1737619200,292.39999,299.10001,292.39999,298.64999,37652718
1737705600,297.00000,297.60001,292.39999,293.04999,22990549
1737964800,287.60001,292.07401,287.54999,288.39999,33626143
1738051200,286.00000,290.01401,285.10001,289.35001,39485551
1738137600,290.20001,298.45001,289.64999,296.29999,44836689
1738224000,295.70001,297.64999,294.35001,295.79999,32430324
1738310400,294.64999,298.75000,294.64999,297.00000,29162819
1738569600,288.10001,291.89099,286.15500,290.54999,109731938
1738656000,292.29999,294.25000,289.14999,294.25000,38513525
1738742400,292.60001,295.29999,291.35001,295.29999,28853413
1738828800,298.29999,308.00000,296.50000,307.50000,74428801
1738915200,306.00000,307.35001,302.89999,304.70001,31910538
1739174400,304.64999,308.94000,302.75000,302.75000,25448783
1739260800,302.50000,308.41501,301.79999,306.45001,27287744
1739347200,307.79999,312.39999,306.20001,307.75000,38726785
1739433600,295.60001,301.54999,287.85001,293.25000,95487410
1739520000,292.89999,295.79999,291.45001,294.60001,80572764
1739779200,298.60001,306.10001,298.50000,304.39999,48798577
1739865600,305.54999,310.45001,304.95001,308.20001,31610524
1739952000,309.14999,312.60001,305.39999,305.95001,38353533
1740038400,305.89999,309.39999,297.85001,298.39999,44965737
1740124800,299.95001,306.04999,299.54999,303.79999,41171276
1740384000,301.85001,304.00000,295.60001,298.75000,39817525
1740470400,297.89999,305.35001,296.85001,296.85001,58511638
1740556800,304.64999,309.95001,301.45001,308.95001,69455584
1740643200,301.70001,303.48499,296.10001,301.04999,136383465
1740729600,299.10001,311.30899,297.29999,311.29999,104348091
1740988800,310.50000,316.00000,305.64999,311.10001,47887027
1741075200,307.00000,309.00601,290.89999,292.39999,71125845
1741161600,307.00000,312.50000,301.33301,303.45001,109193473
1741248000,308.00000,311.00000,304.00000,308.39999,69237234
1741334400,302.35001,306.75000,298.50000,298.75000,39777130
1741593600,299.70001,300.64999,280.14999,284.54999,96013777
1741680000,283.45001,284.93500,277.54999,283.54999,64205536
1741766400,287.20001,294.25000,286.25000,292.10001,53815331
1741852800,292.04999,295.89999,286.75000,288.85001,35149260
1741939200,287.29999,295.35001,285.45001,294.75000,40187488
1742198400,296.29999,297.25000,291.64999,294.85001,47951738
1742284800,296.85001,304.70001,295.13501,303.64999,54934802
1742371200,301.64999,306.04999,299.64999,304.89999,40816410
1742457600,306.45001,308.47501,298.64999,302.04999,35080182
1742544000,299.54999,301.85001,293.10001,297.45001,72074784
1742803200,300.10001,305.79999,299.29999,303.60001,34814034
1742889600,303.20001,308.89999,303.04999,308.00000,73406373
1742976000,308.89999,311.60001,304.39999,309.25000,33447570
1743062400,303.00000,305.79999,298.85001,303.50000,49575169
1743148800,298.00000,302.04999,293.20001,293.50000,52813410
1743404400,289.14999,290.79999,284.64999,287.79999,79020262
1743490800,291.95001,296.00000,291.60001,293.89999,42981084
1743577200,292.39999,296.75000,289.25000,296.75000,33005123
1743663600,285.00000,286.60001,268.45001,270.89999,83298971
1743750000,264.35001,265.29999,240.14999,250.05000,148960169
1744009200,223.75000,255.76801,223.75000,241.85001,127396742
1744095600,245.50000,259.95001,243.14000,254.05000,91562896
1744182000,241.39999,249.05000,238.55000,241.64999,67187218
1744268400,309.00000,310.00000,260.25000,260.25000,103159497
1744354800,262.64999,264.29999,251.05000,257.95001,74749197
1744614000,263.54999,272.85001,262.04999,270.39999,30875395
1744700400,270.04999,279.60001,269.10001,279.20001,42882246
1744786800,275.00000,278.77100,273.50000,278.00000,82382137
1744873200,278.00000,279.70001,274.14999,277.29999,27299550
1745305200,276.79999,280.10001,275.35001,280.00000,49402964
1745391600,285.00000,297.83200,284.75000,293.75000,37152214
1745478000,293.20001,294.89999,287.79999,289.60001,85245595
1745564400,291.45001,293.00000,289.00000,292.85001,32894742
1745823600,291.25000,298.54999,291.25000,295.10001,27585988
1745910000,297.70001,301.75000,295.20001,298.00000,38025663
1745996400,310.00000,310.00000,287.91599,296.79999,95599721
1746082800,292.75000,299.29999,292.04999,294.79999,23323919
1746169200,298.35001,302.10001,293.75000,301.04999,37012296
1746514800,301.20001,303.50000,292.29999,298.10001,53053469
1746601200,298.14999,299.50000,293.79999,296.14999,57720572
1746687600,299.75000,305.35001,299.50000,305.04999,68823766
1746774000,307.20001,308.02301,305.00000,307.00000,30367934
1747033200,313.00000,320.50000,310.89999,313.29999,56096457
1747119600,310.25000,317.70001,310.25000,316.85001,34889792
1747206000,316.85001,320.85001,313.35001,320.29999,34788080
1747292400,320.29999,324.60001,319.04999,322.29999,43328424
1747378800,323.20001,326.70200,322.54999,325.50000,34896375
1747638000,322.95001,327.00000,321.54999,325.70001,30040938
1747724400,327.39999,330.75000,325.75000,329.60001,28093280
1747810800,328.25000,331.20001,327.04999,328.00000,27263394
1747897200,325.70001,328.50000,321.89999,326.64999,31204174
1747983600,326.60001,330.10001,312.07001,323.29999,39132476
1748329200,325.20001,328.70001,324.50000,328.10001,30892653
1748415600,326.35001,329.20999,323.79999,323.95001,20539081
1748502000,327.79999,329.29999,325.25000,326.04999,27844325
1748588400,326.10001,328.39999,323.00000,327.50000,52310756
1748847600,324.89999,328.00000,322.75000,327.04999,18595152
1748934000,327.20001,329.85001,321.97800,329.25000,27269277
1749020400,330.00000,331.95001,324.85001,325.95001,42342840
1749106800,324.20001,327.95001,324.20001,327.04999,23868229
1749193200,328.14999,334.25000,326.75000,333.20001,38557917
1749452400,333.20001,334.10001,329.79999,332.45001,17946358
1749538800,331.00000,332.60001,323.35001,323.35001,71278280
1749625200,323.64999,326.54999,322.75000,323.00000,48031211
1749711600,318.10001,325.35001,317.00000,323.95001,46385664
1749798000,317.95001,319.29999,315.50000,319.29999,61656560
1750057200,320.89999,326.00000,319.64999,325.60001,32419385
1750143600,323.85001,324.85001,320.39999,321.75000,33319731
1750230000,323.00000,326.39999,322.35001,325.14999,31743515
1750316400,325.00000,325.20001,319.75000,319.75000,15272321
1750402800,321.25000,327.29999,321.25000,324.00000,54976252
1750662000,322.20001,323.85001,317.85001,318.64999,24584331
1750748400,327.95001,333.50000,327.00000,333.50000,53443541
1750834800,333.50000,333.75000,328.54999,331.85001,28326349
1750921200,332.00000,335.70001,330.75000,331.20001,27767378
1751007600,334.14999,340.35001,334.14999,338.54999,35720599
1751266800,338.79999,339.39999,332.45001,337.29999,22865391
1751353200,335.79999,336.79999,329.45001,329.70001,24617583
1751439600,336.04999,338.02499,319.35001,325.75000,51318423
1751526000,327.00000,335.85001,325.04999,332.35001,33811657
1751612400,330.79999,333.45001,329.14999,330.50000,15476731
1751871600,331.64999,336.14999,331.54999,334.29999,19248214
1751958000,335.20001,338.05099,333.35001,334.64999,38120942
1752044400,336.29999,339.64999,336.04999,339.64999,33057727
1752130800,340.04999,344.89999,340.04999,343.64999,55679501
1752217200,344.45001,345.45001,337.64999,340.00000,26291575
1752476400,338.75000,344.04999,337.82700,344.00000,17404955
1752562800,346.29999,346.75000,341.00000,343.35001,37652535
1752649200,342.64999,348.29999,341.79999,342.60001,41093798
1752735600,346.50000,352.00000,343.70001,351.20001,21147896
1752822000,348.00000,349.64999,343.85001,349.64999,26646132
1753081200,347.79999,352.79999,346.29999,352.79999,43624091
1753167600,349.54999,350.95001,343.95001,348.75000,29163457
1753254000,350.14999,352.85001,346.60001,351.85001,54654264
1753340400,351.50000,360.89999,351.04001,358.39999,33393108
1753426800,359.25000,363.26901,354.89999,360.50000,73558090
1753686000,365.00000,366.30701,359.75000,361.20001,23321180
1753772400,359.60001,372.79999,355.14999,371.20001,54910973
1753858800,375.00000,375.14999,367.00000,375.00000,34619306
1753945200,374.64999,376.35001,370.75000,371.29999,52230372
1754031600,367.64999,370.13000,352.60001,356.64999,31946918
1754290800,361.25000,366.10001,360.00000,362.45001,46854272
1754377200,367.35001,367.35001,359.48499,360.85001,28505056
1754463600,366.10001,366.10001,362.79999,364.89999,64620801
1754550000,363.20001,365.54999,360.45001,362.00000,83644462
1754636400,363.14999,367.95001,361.70001,367.95001,71584352
1754895600,369.70001,372.06500,365.60001,371.00000,16640285
1754982000,371.89999,374.95001,370.29999,374.00000,26541665
1755068400,374.20001,375.50000,372.35001,373.50000,23288060
1755154800,374.89999,375.25000,372.29999,374.89999,20413339
1755241200,377.89999,379.32401,368.95001,371.14999,32981703
1755500400,370.64999,372.29999,366.75000,371.20001,20397846
1755586800,371.75000,375.50000,371.64999,372.10001,14132345
1755673200,370.35001,373.60001,368.04999,372.70001,20100018
1755759600,374.29999,375.64999,370.35001,373.95001,19805084
1755846000,374.45001,378.35001,373.54999,376.45001,23768320
1756191600,373.89999,375.20001,368.85001,373.79999,29403636
1756278000,375.70001,376.29999,367.25000,371.39999,34678914
1756364400,373.25000,373.79999,366.45001,368.64999,21372591
1756450800,364.95001,366.70001,352.85001,360.39999,43548289
1756710000,364.00000,367.35001,362.54999,367.29999,17417191
1756796400,369.04999,369.79999,358.39999,359.70001,28693331
1756882800,359.20001,362.45001,355.72501,362.25000,24744128
1756969200,362.85001,370.29999,361.50000,370.25000,23574721
1757055600,372.50000,372.50000,360.60001,361.04999,24020916
1757314800,364.00000,366.54999,363.25000,366.54999,19572415
1757401200,369.04999,373.54999,365.89999,373.54999,25656974
1757487600,374.35001,377.14999,372.25000,375.04999,30874965
1757574000,377.00000,380.75000,373.50000,379.54999,33834978
1757660400,380.39999,381.89999,378.50000,380.10001,14315611
1757919600,382.00000,386.54999,381.35001,384.64999,20158639
1758006000,385.00000,385.79999,373.95001,374.85001,51928207
1758092400,377.20001,381.00000,373.62500,378.39999,28082218
1758178800,379.75000,384.70001,377.00000,384.54999,24966437
1758265200,388.64999,388.64999,377.75000,381.64999,78944993
1758524400,382.25000,384.45001,379.25000,383.35001,27294342
1758610800,386.35001,389.89999,383.35001,389.29999,36179557
1758697200,384.45001,387.00000,379.75000,385.04999,23537903
1758783600,382.29999,384.10001,375.14999,376.35001,31719401
1758870000,377.00000,383.50000,377.00000,382.60001,28960805
1759129200,382.85001,386.20001,380.39999,380.79999,21435248
1759215600,382.25000,385.14999,379.39999,379.60001,35398710
1759302000,379.00000,381.95001,374.79999,380.20001,44205760
1759388400,381.25000,384.60001,379.39999,380.29999,37181357
1759474800,385.00000,388.67700,383.10001,385.35001,34745760
1759734000,385.00000,385.45001,377.87500,381.10001,28622908
1759820400,381.10001,385.00000,378.04999,378.75000,33197675
1759906800,380.04999,385.95001,379.45001,382.79999,45185809
1759993200,377.75000,381.29999,374.54999,374.54999,36965461
1760079600,373.29999,378.70001,371.95001,372.50000,29639365
1760338800,373.64999,376.04999,371.00000,374.70001,26450947
1760425200,372.64999,381.00000,369.62799,381.00000,25709451
1760511600,384.29999,384.29999,377.64999,379.25000,28507828
1760598000,379.39999,383.17700,375.20001,379.25000,23611230
1760684400,360.29999,365.45001,353.54999,357.79999,77116129
1760943600,361.20001,363.93701,357.60001,361.79999,34215853
1761030000,364.75000,367.89999,363.95001,364.25000,29867197
1761116400,372.50000,384.60001,371.21799,382.00000,114371754
1761202800,381.64999,388.64999,380.20001,386.70001,42702315
1761289200,386.64999,388.29999,380.00000,388.29999,33272193
1761638400,398.00000,404.47400,393.60001,404.45001,72950638
1761724800,408.25000,408.50000,403.39999,405.04999,32672661
1761811200,405.00000,407.35501,401.20001,405.85001,53875055
1761897600,404.95001,408.41299,404.25000,407.00000,29240730
1762156800,407.60001,408.79999,404.70001,406.60001,106413186
1762243200,404.60001,406.45001,396.64999,406.29999,30126221
1762329600,403.60001,406.70001,401.54999,405.75000,42372150
1762416000,408.50000,413.00000,407.39999,409.79999,65890100
1762502400,413.95001,414.54999,403.89999,404.70001,33549227
1762761600,412.00000,418.04999,410.54999,417.25000,35794947
1762848000,420.00000,426.20001,419.90100,422.85001,67493203
1762934400,420.79999,429.45001,420.79999,429.04999,39313072
1763020800,430.54999,430.89999,425.85001,427.25000,36632795
1763107200,418.35001,418.35001,409.60001,413.50000,34799102
1763366400,412.25000,413.00000,409.25000,410.79999,36053201
1763452800,396.00000,401.79999,395.12500,399.79999,34964137
1763539200,399.04999,403.45001,394.34100,399.60001,31094998
1763625600,405.79999,405.89999,397.75000,397.75000,21960599
1763712000,391.85001,395.10001,389.35001,392.20001,44762935
1763971200,399.10001,401.79999,397.35001,400.60001,47510313
1764057600,409.00000,413.54999,404.54999,410.00000,76904301
1764144000,412.20001,426.54999,409.45001,422.95001,55231292
1764230400,422.95001,430.89999,421.45001,429.95001,26966929
1764316800,430.29999,432.39999,428.79999,430.25000,23628366
1764576000,429.39999,431.87500,426.60001,429.60001,25230556
1764662400,432.14999,438.25101,429.50000,436.39999,29684291
1764748800,436.64999,436.64999,431.00000,433.35001,44068058
1764835200,441.45001,442.95401,435.95001,439.20001,48021624
1764921600,441.75000,443.88000,434.39999,434.39999,20292757
1765180800,434.45001,437.00000,429.79999,437.00000,68625536
1765267200,438.89999,441.35001,436.54999,440.00000,31546937
1765353600,439.20001,442.64999,435.54999,442.25000,67159116
1765440000,442.00000,448.89999,441.39999,446.89999,24388070
1765526400,451.64999,454.60001,444.35001,444.35001,40414755
1765785600,448.14999,456.97501,448.14999,454.25000,25991599
1765872000,453.00000,457.50000,449.04999,450.45001,32213422
1765958400,456.39999,464.10001,454.70001,458.14999,49808915
1766044800,457.25000,464.54999,457.25000,463.29999,23277854
1766131200,467.10001,470.25000,464.85001,468.95001,55651367
1766390400,469.10001,469.60001,465.70001,467.95001,19053174
1766476800,468.95001,473.14999,465.85001,471.60001,30256669
1766563200,471.54999,473.03900,469.45001,469.75000,4908878
1766995200,471.89999,474.19501,469.00000,469.25000,20672147
1767081600,470.25000,477.54999,468.95001,476.79999,19330769
1767168000,475.60001,476.00000,472.25000,475.95001,5418881
1767340800,477.25000,482.45001,475.70001,479.50000,20953437
1767600000,485.20001,489.00000,480.64999,486.64999,38715300
1767686400,486.25000,492.95001,485.14999,488.39999,43672809
1767772800,486.75000,488.00000,478.75000,479.54999,40250735
1767859200,478.89999,487.08499,476.50201,484.70001,33129578
1767945600,484.20001,486.89999,481.50000,484.89999,16503598
1768204800,470.00000,476.27499,461.04999,473.04999,32588967
1768291200,477.54999,481.79999,475.29999,477.35001,42317714
1768377600,475.54999,482.39999,473.00000,479.79999,33944846
1768464000,484.35001,487.35001,479.10001,484.29999,64030157
1768550400,485.35001,488.95001,483.04999,488.95001,27607986
1768809600,479.79999,484.35001,477.14999,483.00000,34834142
1768896000,479.00000,482.25000,475.35001,479.60001,108917905
1768982400,477.00000,479.64999,470.00000,475.60001,57152586
1769068800,485.25000,490.00000,482.00000,485.45001,28515315
1769155200,484.70001,486.75000,480.00000,480.29999,27617455
1769414400,482.89999,484.00000,480.23499,480.75000,18075592
1769500800,485.04999,491.50000,484.04999,489.79999,34286583
1769587200,490.10001,491.00000,479.79999,479.79999,33418557
1769673600,483.39999,488.39999,477.75000,479.60001,29788023
1769760000,483.35001,490.45001,481.35699,486.20001,37576953
1770019200,481.45001,499.66501,479.75000,499.54999,47130277
1770105600,501.60001,504.29999,498.00000,501.60001,40282690
1770192000,505.79999,506.39999,483.25000,483.25000,44992456
1770278400,480.85001,488.20001,466.04999,466.45001,39097422
1770364800,469.60001,482.07199,467.89999,479.10001,24556036
1770624000,480.75000,486.54999,468.14999,486.54999,46398586
1770710400,495.14999,499.29999,471.45001,474.39999,65869573
1770796800,476.75000,488.25000,474.00000,477.50000,45662962
1770883200,485.00000,488.10001,463.60001,463.60001,64979878
1770969600,465.00000,467.60001,444.85001,454.00000,62621593
1771228800,462.04999,466.79999,460.00000,461.04999,29724887
1771315200,462.04999,473.95001,459.60001,473.95001,34450657
1771401600,475.45001,489.70001,474.70001,486.04999,31841948
1771488000,483.14999,484.23801,466.25000,467.95001,83183935
1771574400,475.00000,478.45001,470.00000,473.79999,41771607
1771833600,476.50000,481.60001,461.20001,463.00000,52117956
1771920000,461.79999,462.04999,451.10001,459.95001,40643463
1772006400,462.10001,470.35001,462.10001,470.35001,62717186
1772092800,469.25000,475.04999,466.14999,472.64999,33176881
1772179200,454.60001,471.35001,447.85001,452.85001,97142602
1772438400,436.10001,437.37601,422.14999,437.35001,75561153
1772524800,425.00000,429.20999,412.98999,422.54999,103520985
1772611200,423.29999,436.25000,418.00000,430.60001,115491818
1772697600,431.95001,437.64999,417.00000,417.00000,57741583
1772784000,420.85001,422.09601,400.54999,404.14999,44439425
1773043200,389.70001,398.35001,382.79999,397.39999,66734984
1773129600,415.00000,419.60001,409.79999,417.79999,68568279
1773216000,411.95001,416.04999,408.45001,410.25000,75235209
1773302400,408.70001,409.04999,385.27499,389.35001,87205325
1773388800,383.50000,391.95001,379.75000,386.25000,74968667
1773648000,387.00000,393.35001,381.45001,388.14999,85716014
1773734400,389.54999,398.60001,386.87500,393.75000,66801654
1773820800,397.95001,409.60800,396.95001,399.04999,45737621
1773907200,390.00000,392.60001,375.35001,381.60001,95797421
1773993600,390.00000,391.35001,371.35001,373.89999,124507818
1774252800,364.64999,507.45001,361.35001,382.25000,219645217
1774339200,381.85001,385.85001,375.60001,384.04999,102635403
1774425600,390.95001,398.39999,389.14999,394.89999,74679798
1774512000,390.50000,391.95001,381.25000,385.45001,43024695
1774598400,387.64999,387.95001,378.10001,382.20001,120497634
1774854000,378.00000,385.79999,377.20001,384.89999,32853733
1774940400,384.14999,394.02301,384.00000,389.45001,58283900
1775026800,411.35001,413.04700,404.64999,409.10001,97007719
1775113200,400.25000,411.64999,397.29999,408.75000,81419503
1775545200,410.64999,416.66599,403.25000,405.79999,46624062
1775631600,440.20001,447.10001,434.10001,436.00000,62992465
1775718000,434.45001,437.00000,429.50000,433.45001,34096918
1775804400,438.39999,442.95001,434.50000,441.00000,66876587
1776063600,435.25000,438.70001,431.39999,435.00000,53330332
1776150000,439.00000,442.95001,434.20001,442.95001,45814381
1776236400,441.35001,443.00000,439.04999,440.85001,48623581
1776322800,442.39999,448.98099,437.42499,437.60001,38536500
1776409200,438.00000,455.14999,435.25000,452.85001,46508486
1776668400,443.75000,447.47400,439.95001,442.79999,118001488
1776754800,447.00000,447.60001,437.35001,437.85001,36628892
1776841200,439.95001,441.64999,432.27499,434.25000,61875232
1776927600,431.39999,431.69901,422.89999,427.79999,52526961
1777014000,422.95001,428.00000,419.45001,424.10001,61778014
1777273200,423.64999,430.35001,422.79999,427.39999,43658349
1777359600,418.00000,428.89999,409.10001,426.54999,58069934
1777446000,428.95001,431.00000,421.39999,431.00000,80951265
1777532400,429.10001,432.14999,422.00000,431.45001,57699966
1777618800,428.35001,435.50000,424.35001,433.75000,27779555
1777964400,429.85001,430.79999,414.89999,419.54999,100384663
1778050800,424.70001,454.75000,424.20001,442.64999,84940634
1778137200,444.00000,447.70001,435.35001,438.52499,45776782
1778223600,430.00000,441.60001,428.25000,434.20001,28064209
1778482800,433.75000,439.20001,428.64999,429.10001,63383850
1778569200,418.39999,418.39999,409.39999,414.89999,78666695
1778655600,422.39999,424.75000,414.10001,422.35001,33222521
1778742000,435.00000,437.75000,429.04999,434.70001,36672528
1778828400,420.54999,426.10001,417.00000,423.29999,59549672
1779087600,419.85001,429.95300,417.75000,426.29999,31744714
1779174000,428.20001,432.10001,424.64999,425.00000,32439554
1779260400,419.64999,443.45001,419.64999,440.60001,47865388
1779346800,438.89999,444.00000,434.70001,441.45001,40889028
1779433200,444.39999,447.50000,440.54999,445.79999,32891397
1779778800,454.85001,459.69000,449.95001,453.54999,38958474
1779865200,455.50000,460.39999,453.79999,456.25000,120267407
1779951600,452.10001,455.25000,447.89999,452.45001,69940534
1780038000,453.75000,463.10001,452.35001,457.95001,74917831
1780297200,461.50000,461.50000,449.79999,454.79999,36733639
1780383600,459.64999,523.00000,458.89999,470.20001,52243558
1780470000,468.20001,468.75000,458.45001,459.79999,31024015
1780556400,460.35001,466.95001,453.20001,463.89999,27698005
1780642800,463.10001,464.85001,456.50000,457.64999,30605114
1780902000,452.04999,461.54999,451.20001,456.85001,25879639
1780988400,456.75000,462.25000,447.92300,447.95001,41425146
1781074800,448.64999,450.70001,439.79999,445.79999,53881051
1781161200,444.39999,452.00000,444.39999,448.95001,35806483
1781247600,462.85001,473.05701,460.10001,472.85001,41469083
1781506800,486.14999,488.54999,476.64401,479.89999,36957050
1781593200,479.45001,490.89999,479.16800,486.95001,41796671
1781679600,492.89999,505.72000,414.00000,503.50000,47256526
1781766000,501.60001,504.00000,498.75000,500.60001,65649737
1781852400,493.50000,499.64999,491.89999,496.45001,80916692
1782111600,497.00000,516.59998,493.54999,516.00000,76410772
1782198000,509.89999,519.16302,507.39999,511.50000,67815800
1782284400,513.09998,515.50000,506.50000,507.20001,77830631
1782370800,510.50000,521.32599,507.70001,521.29999,36888398
1782457200,514.09998,520.00299,506.20001,510.70001,24461133
1782716400,509.89999,510.62201,504.39999,505.29999,33202632
1782802800,506.70001,512.50000,504.20001,506.60001,33071775
1782889200,506.60001,515.70001,503.79999,515.00000,47729679
1782975600,513.00000,524.09998,512.09998,522.09998,51755954
1783062000,523.70001,526.53497,517.69897,522.29999,13341776
1783321200,522.59998,530.00000,521.20001,529.50000,39662289
1783407600,531.09998,531.29999,516.09998,516.09998,28990821
1783494000,512.50000,513.59998,496.29999,512.50000,35418203
1783580400,503.79999,509.89999,501.79999,507.00000,21441024
1783666800,509.39999,514.00000,507.00000,512.59998,29755341
1783926000,509.39999,513.09998,506.29999,510.00000,23175441
1784012400,508.20001,525.29999,502.50000,519.90002,28490804
1784098800,517.90002,524.70001,514.95001,524.50000,44805585
1784185200,526.70001,528.20001,517.29999,524.79999,26094075
1784271600,519.20001,520.50000,505.00000,516.70001,27866781
1784530800,512.50000,519.29999,509.29999,512.40002,59535921
1784617200,512.59998,522.40002,508.29999,522.40002,48849522
1784703600,520.79999,530.00000,518.40002,527.00000,27169393
1784790000,526.09998,528.19501,511.20001,519.50000,49486885
1784876400,518.29999,525.70001,517.00000,525.40002,34304953
1785135600,530.00000,538.29999,528.79199,530.40002,51304166
1785222000,508.00000,512.40002,491.64999,505.00000,85105022
1785308400,505.00000,505.00000,491.54999,492.50000,62598231
1785394800,489.39999,513.70001,486.00000,510.89999,32319893
1785481200,514.40002,520.50000,504.50000,508.70001,32454284
1785740400,516.79999,518.90002,511.29999,515.00000,68176981
1785826800,518.59998,524.79999,512.09998,522.29999,66925791
1785913200,524.40002,530.75000,518.09998,527.50000,53713064
1785999600,526.50000,529.80402,520.00000,520.00000,21401502
1786086000,519.29999,525.29999,514.50000,516.00000,26833764
1786345200,516.00000,518.70001,512.79999,518.00000,28559111
1786431600,518.00000,521.00000,514.50000,516.00000,17532809
1786518000,518.00000,520.09998,516.00000,519.40002,16456343
1786604400,522.59998,525.09998,517.90002,519.00000,38819930
1786690800,520.59998,522.20001,515.29901,520.50000,27761436
1786950000,523.50000,523.59998,514.40002,515.40002,37399052
1787036400,514.00000,514.79999,503.20001,503.60001,42921240
1787122800,503.39999,507.39999,495.75000,496.10001,33346849
1787209200,495.14999,496.70001,489.00000,489.00000,33368597
1787295600,489.00000,495.73700,484.85001,492.60001,26642487
1787554800,491.70001,497.25000,488.95001,495.35001,38898650
1787641200,497.89999,500.00000,492.35001,496.25000,35624231
1787727600,498.14999,501.39999,494.25000,499.54999,33298087
1787814000,498.70001,502.60001,491.45001,492.60001,23155849
