time,open,high,low,close,tick_volume
1472540400,660.00000,666.00000,659.50000,660.00000,2424570
1472626800,662.00000,666.88599,658.50000,663.00000,3677472
1472713200,663.00000,682.50000,660.00000,673.50000,4716014
1472799600,676.00000,676.00000,662.50000,667.50000,6400667
1473058800,668.00000,669.33600,663.00000,667.50000,2627506
1473145200,667.00000,667.50000,661.50000,664.00000,2855221
1473231600,666.00000,667.00000,660.50000,663.00000,5774124
1473318000,662.50000,669.00000,659.50000,665.50000,2917533
1473404400,664.00000,666.74103,655.00000,656.00000,3099290
1473663600,646.00000,649.00000,634.50000,646.00000,2893492
1473750000,647.00000,648.00000,628.50000,628.50000,4941900
1473836400,630.00000,630.00000,622.00000,622.50000,3844179
1473922800,623.00000,623.00000,615.50000,618.50000,4865331
1474009200,618.50000,620.71198,615.00000,615.00000,6997882
1474268400,617.50000,624.00000,616.00000,619.50000,2405420
1474354800,620.50000,631.00000,619.00000,627.00000,3361564
1474441200,628.50000,634.50000,626.50000,627.00000,4357053
1474527600,632.00000,640.50000,627.00000,640.00000,2773583
1474614000,640.00000,644.42499,637.00000,638.00000,2721800
1474873200,635.00000,636.50000,625.00000,625.50000,2333692
1474959600,631.50000,631.50000,620.00000,627.00000,3152708
1475046000,628.00000,635.13702,628.00000,630.00000,1642636
1475132400,634.50000,635.24701,627.00000,629.50000,2067447
1475218800,625.50000,634.00000,618.00000,632.50000,3040057
1475478000,629.50000,632.50000,623.50000,629.00000,6692929
1475564400,632.00000,635.00000,623.00000,628.50000,5659990
1475650800,627.00000,630.50000,615.00000,615.50000,6201104
1475737200,610.50000,611.50000,595.94000,596.00000,5534550
1475823600,599.50000,599.50000,584.50000,587.00000,8919975
1476082800,592.00000,592.50000,582.00000,583.50000,3933035
1476169200,587.00000,599.00000,582.00000,589.50000,4818561
1476255600,589.00000,590.50000,580.67999,582.00000,3959559
1476342000,580.50000,595.50000,579.00000,595.50000,4463230
1476428400,597.00000,600.65399,592.00000,593.50000,2984748
1476687600,593.00000,596.00000,585.32397,585.50000,3204563
1476774000,586.50000,595.50000,586.50000,591.50000,3470266
1476860400,593.50000,603.50000,586.00000,602.00000,4465480
1476946800,600.00000,611.00000,599.00000,609.00000,2412270
1477033200,610.00000,611.00000,600.40698,602.50000,3674105
1477292400,605.00000,610.65698,597.75403,602.00000,2632321
1477378800,605.00000,607.82001,599.50000,601.50000,2183569
1477465200,603.00000,603.00000,587.17999,592.50000,2415838
1477551600,590.50000,590.50000,573.00000,578.00000,4328177
1477638000,576.50000,592.00000,566.41498,590.00000,5376315
1477900800,589.00000,589.00000,580.00000,585.50000,3623362
1477987200,589.00000,589.50000,579.50000,581.50000,2439332
1478073600,579.00000,588.50000,576.50000,585.00000,2812380
1478160000,583.00000,616.50000,582.29797,607.00000,8419910
1478246400,605.00000,606.00000,589.50000,590.50000,4369779
1478505600,601.00000,603.72699,590.50000,598.50000,2814211
1478592000,600.00000,604.76703,591.00000,596.50000,5172804
1478678400,580.00000,598.50000,577.50000,597.50000,4030724
1478764800,600.00000,610.64899,578.50000,581.00000,6082074
1478851200,583.00000,592.50000,582.00000,587.00000,2798863
1479110400,594.00000,594.50000,585.50000,587.50000,3354033
1479196800,597.00000,610.50000,596.50000,606.50000,4232845
1479283200,610.00000,610.00000,584.50000,592.50000,4540114
1479369600,592.50000,612.50000,587.00000,610.00000,4402433
1479456000,611.00000,615.50000,600.56201,603.50000,3425147
1479715200,604.00000,606.15002,590.50000,595.00000,3741527
1479801600,599.00000,604.00000,596.00000,598.50000,2588851
1479888000,600.00000,606.00000,591.50000,593.00000,2979027
1479974400,596.00000,596.62500,588.50000,591.50000,2150617
1480060800,594.00000,594.00000,589.00000,592.50000,1742623
1480320000,592.50000,600.00000,589.44000,597.50000,3111735
1480406400,594.00000,600.50000,593.50000,600.00000,3238208
1480492800,600.00000,608.00000,591.00000,591.50000,4700715
1480579200,588.00000,591.00000,576.50000,579.50000,3722486
1480665600,581.00000,593.50000,580.00000,587.00000,2351371
1480924800,585.50000,592.50000,583.50000,586.00000,2879744
1481011200,588.00000,600.25000,587.50000,597.00000,2278723
1481097600,600.00000,620.17999,599.50000,616.00000,5615821
1481184000,618.00000,624.50000,610.50000,617.00000,3882644
1481270400,617.00000,625.63300,616.60999,622.00000,2564289
1481529600,619.50000,620.50000,602.50000,608.50000,3965051
1481616000,608.50000,625.50000,606.00000,624.00000,3367308
1481702400,624.00000,625.81000,621.00000,624.00000,4901263
1481788800,623.00000,631.00000,617.50000,628.00000,4780989
1481875200,630.00000,634.50000,626.00000,629.00000,5075784
1482134400,634.00000,637.44501,631.00000,633.50000,2301980
1482220800,633.50000,637.00000,631.50000,634.50000,1790143
1482307200,634.50000,636.00000,628.00000,636.00000,3458912
1482393600,635.00000,636.00000,628.50000,636.00000,1704039
1482480000,634.50000,643.50000,634.50000,641.00000,1019636
1482912000,640.00000,640.00000,621.50000,622.50000,3384869
1482998400,621.50000,629.00000,619.50000,628.50000,2229353
1483084800,627.50000,633.71698,626.50000,629.50000,1386514
1483430400,631.00000,631.00000,622.75098,627.50000,3270922
1483516800,626.50000,630.50000,623.50000,626.50000,6841850
1483603200,626.50000,628.50000,621.00000,627.50000,3672420
1483689600,627.50000,639.00000,627.06097,636.50000,2968052
1483948800,639.00000,639.00000,622.66199,626.00000,3234993
1484035200,626.00000,629.50000,623.50000,628.00000,2677339
1484121600,628.50000,633.44897,626.50000,630.00000,3068015
1484208000,631.00000,631.00000,619.93500,622.00000,2725028
1484294400,624.50000,626.83502,616.00000,618.00000,4818811
1484553600,617.50000,622.00000,610.00000,614.50000,3209737
1484640000,612.50000,623.00000,609.60999,618.00000,4518416
1484726400,621.00000,621.50000,615.50000,618.00000,2733692
1484812800,618.00000,620.33502,594.00000,595.50000,8401052
1484899200,595.00000,603.00000,590.32300,590.50000,4679436
1485158400,589.50000,597.00000,586.00000,597.00000,4827740
1485244800,603.00000,603.50000,584.50000,586.00000,4688813
1485331200,592.00000,592.50000,582.00000,583.50000,5386927
1485417600,585.50000,588.50000,582.10999,585.50000,5115729
1485504000,585.00000,585.50000,581.00000,583.00000,4237405
1485763200,582.50000,585.13202,574.59601,579.00000,3989014
1485849600,580.50000,589.00000,578.50000,583.00000,5423612
1485936000,587.00000,590.00000,583.00000,585.00000,2574827
1486022400,588.00000,588.00000,578.50000,580.50000,3034666
1486108800,584.50000,590.50000,583.00000,586.00000,4226983
1486368000,585.00000,592.00000,584.00000,588.00000,4629848
1486454400,588.00000,597.50000,588.00000,595.00000,5471306
1486540800,595.00000,603.50000,593.00000,601.00000,5139265
1486627200,602.50000,611.50000,602.00000,608.00000,4933041
1486713600,612.00000,612.00000,604.00000,608.00000,2968347
1486972800,610.00000,610.10999,606.00000,606.50000,2456818
1487059200,607.50000,609.50000,600.39001,609.00000,2719733
1487145600,611.00000,613.50000,606.00000,610.00000,2894683
1487232000,610.00000,613.00000,604.00000,607.50000,2691175
1487318400,608.00000,610.50000,604.50000,610.00000,3226959
1487577600,613.00000,614.50000,610.50000,611.50000,2346880
1487664000,611.50000,614.00000,607.50000,608.50000,2908356
1487750400,610.50000,612.00000,603.00000,611.00000,3095421
1487836800,614.00000,618.50000,612.32501,615.00000,4242816
1487923200,616.00000,618.00000,612.60999,615.00000,3028599
1488182400,617.50000,617.66998,607.50000,610.00000,2314942
1488268800,613.50000,620.50000,613.31000,617.50000,9542292
1488355200,620.00000,626.00000,612.00000,622.00000,8559964
1488441600,619.50000,622.50000,618.39001,621.00000,3468020
1488528000,617.50000,624.50000,616.00000,623.50000,3546909
1488787200,624.00000,627.00000,621.00000,626.00000,3474233
1488873600,626.50000,628.00000,616.50000,617.50000,4822971
1488960000,615.50000,618.50000,612.50000,616.50000,2782654
1489046400,618.00000,623.50000,614.50000,622.00000,4011256
1489132800,623.00000,623.00000,611.50000,612.50000,3372784
1489392000,614.00000,615.16998,606.50000,611.00000,4002924
1489478400,613.50000,613.50000,603.00000,603.50000,4945398
1489564800,604.50000,605.50000,598.50000,604.50000,3385483
1489651200,611.50000,612.00000,604.50000,610.50000,5070679
1489737600,610.00000,614.00000,609.50000,612.00000,7213760
1489996800,611.50000,619.00000,610.50000,616.00000,4170137
1490083200,618.00000,619.00000,612.50000,616.00000,5078277
1490169600,614.50000,615.50000,604.00000,604.00000,4085179
1490256000,603.50000,609.50000,601.50000,607.00000,5298397
1490342400,605.50000,608.73297,602.16498,607.00000,2446658
1490598000,605.00000,605.00000,599.50000,602.50000,4246707
1490684400,603.00000,605.00000,598.16498,599.00000,4006702
1490770800,603.00000,605.00000,599.00000,602.00000,6188567
1490857200,596.50000,601.46100,587.00000,592.50000,5036234
1490943600,592.00000,611.50000,591.00000,610.00000,8359738
1491202800,610.00000,611.00000,602.50000,604.50000,3381302
1491289200,607.00000,610.50000,606.00000,609.00000,4471794
1491375600,611.00000,623.00000,608.16498,622.00000,4988645
1491462000,627.50000,638.00000,622.00000,636.00000,7494990
1491548400,632.00000,650.00000,632.00000,648.00000,6905641
1491807600,649.00000,649.00000,642.50000,646.00000,3563246
1491894000,643.50000,655.50000,643.50000,651.50000,5568544
1491980400,651.00000,655.00000,647.50000,653.00000,4769350
1492066800,653.50000,654.00000,648.50000,652.50000,3393854
1492498800,653.00000,658.00000,641.50000,655.00000,5714952
1492585200,657.50000,664.50000,652.00000,653.00000,6297442
1492671600,654.00000,654.50000,644.50000,648.00000,4483862
1492758000,650.00000,651.00000,642.50000,644.50000,4007339
1493017200,656.00000,657.66998,649.50000,652.50000,4957476
1493103600,654.00000,659.50000,650.50000,658.00000,4169438
1493190000,655.00000,660.50000,652.00000,658.50000,4926376
1493276400,658.50000,662.35999,655.50000,662.00000,3523706
1493362800,663.00000,663.00000,656.50000,656.50000,4908333
1493708400,655.00000,669.50000,653.00000,668.50000,4442740
1493794800,668.50000,673.00000,661.00000,670.50000,7465308
1493881200,671.00000,672.00000,660.50000,661.50000,6212067
1493967600,662.50000,665.00000,654.50000,663.00000,5518134
1494226800,666.50000,673.50000,665.00000,667.00000,6469373
1494313200,666.50000,669.50000,665.50000,669.50000,4709576
1494399600,666.50000,669.50000,665.00000,666.00000,4187475
1494486000,666.00000,670.15002,664.00000,667.00000,5321517
1494572400,667.50000,674.50000,667.00000,672.00000,4073700
1494831600,674.50000,675.50000,668.47998,671.50000,3171199
1494918000,671.00000,674.50000,668.50000,674.00000,5662475
1495004400,668.00000,672.50000,646.00000,651.50000,11598034
1495090800,655.50000,655.50000,631.50000,638.50000,9151513
1495177200,638.50000,638.50000,627.00000,629.00000,7524149
1495436400,628.50000,639.00000,627.50000,639.00000,5110925
1495522800,639.00000,640.84998,633.00000,635.00000,5153633
1495609200,637.50000,641.00000,634.97498,636.50000,3904590
1495695600,638.00000,640.00000,629.00000,631.00000,4055268
1495782000,632.50000,636.50000,629.50000,631.50000,4577610
1496127600,631.50000,637.84998,630.00000,636.50000,4934606
1496214000,638.50000,643.00000,633.50000,634.00000,5363090
1496300400,639.50000,650.88702,637.50000,640.50000,4122818
1496386800,646.50000,646.50000,628.50000,630.00000,5430646
1496646000,632.00000,646.50000,624.00000,627.00000,3895474
1496732400,630.00000,635.50000,626.50000,628.00000,4496332
1496818800,630.50000,636.00000,627.50000,634.00000,4053931
1496905200,635.50000,644.50000,632.00000,638.50000,4611754
1496991600,630.00000,633.00000,620.65997,632.50000,6865604
1497250800,631.50000,633.50000,629.00000,632.50000,3210676
1497337200,637.00000,643.50000,634.00000,637.00000,7793772
1497423600,637.00000,651.00000,637.00000,647.00000,4174061
1497510000,644.50000,645.00000,629.50000,630.50000,5137835
1497596400,633.00000,634.00000,627.50000,632.00000,9070416
1497855600,633.50000,635.00000,624.10999,628.50000,2706912
1497942000,629.00000,633.00000,622.50000,622.50000,1136346
1498028400,622.00000,624.50000,619.50000,620.50000,7331008
1498114800,620.00000,621.00000,616.50000,619.00000,670007
1498201200,620.50000,626.00000,617.50000,621.50000,534792
1498460400,622.00000,627.00000,619.03998,619.69299,1167096
1498546800,619.50000,620.14001,611.00000,611.78003,1078475
1498633200,611.50000,613.50000,604.00000,604.00000,840880
1498719600,600.00000,605.00000,596.50000,600.00000,1104646
1498806000,598.50000,605.50000,594.94501,605.50000,562421
1499065200,599.50000,606.50000,597.50000,603.50000,5268996
1499151600,603.50000,609.00000,602.50000,605.00000,3554901
1499238000,606.50000,606.50000,601.50000,605.50000,4513126
1499324400,605.50000,611.50000,601.50000,606.50000,4080241
1499410800,608.00000,609.00000,604.00000,608.00000,3140011
1499670000,611.00000,614.50000,609.00000,609.00000,3057031
1499756400,609.00000,609.00000,609.00000,609.00000,0
1499842800,599.00000,603.84998,594.50000,602.50000,5298942
1499929200,603.00000,604.50000,597.50000,602.50000,3069725
1500015600,605.50000,609.00000,599.60101,607.00000,2790625
1500274800,608.50000,609.50000,603.00000,604.00000,2063131
1500361200,617.00000,625.50000,617.00000,623.00000,6967328
1500447600,625.00000,627.50000,622.00000,624.50000,3534250
1500534000,625.00000,631.00000,624.00000,625.50000,3995398
1500620400,626.50000,626.50000,617.50000,621.50000,3466355
1500879600,621.00000,621.08002,610.50000,613.00000,4166049
1500966000,615.50000,615.50000,606.62097,607.00000,4269832
1501052400,606.00000,613.00000,606.00000,609.50000,3139224
1501138800,611.00000,620.00000,611.00000,617.00000,3328063
1501225200,617.50000,619.00000,604.00000,607.00000,3327122
1501484400,606.50000,612.50000,603.50000,610.50000,3780778
1501570800,615.00000,618.00000,610.00000,611.00000,2946479
1501657200,612.50000,614.50000,608.50000,613.00000,2284234
1501743600,615.00000,618.50000,610.00000,616.50000,2940112
1501830000,613.50000,617.87500,610.00000,612.50000,2391977
1502089200,615.50000,615.50000,609.50000,613.50000,5172383
1502175600,615.00000,617.50000,612.00000,617.00000,2223315
1502262000,616.00000,618.50000,611.00000,618.00000,2243589
1502348400,620.00000,620.00000,613.50000,614.00000,2965918
1502434800,613.50000,615.00000,604.69800,605.00000,3181729
1502694000,605.00000,618.50000,605.00000,616.00000,2517395
1502780400,620.00000,621.50000,614.00000,620.00000,3594430
1502866800,624.00000,628.50000,623.00000,624.50000,3109984
1502953200,625.50000,626.50000,622.00000,623.50000,2730280
1503039600,621.00000,621.28601,611.00000,611.00000,3934776
1503298800,605.50000,607.00000,602.00000,605.50000,4133692
1503385200,609.50000,612.50000,607.50000,610.50000,2594627
1503471600,612.00000,612.00000,604.25000,605.00000,2523593
1503558000,605.00000,611.60498,603.50000,608.00000,2350741
1503644400,608.50000,609.50000,601.50000,603.00000,3047738
1503990000,611.00000,611.00000,600.50000,602.50000,3222592
1504076400,606.50000,609.00000,604.00000,605.00000,2624673
1504162800,607.00000,613.00000,604.50000,611.50000,4190142
1504249200,614.00000,614.00000,604.41998,605.00000,2617533
1504508400,605.00000,610.00000,601.50000,607.00000,2026984
1504594800,605.50000,614.50000,599.75000,603.50000,4364256
1504681200,602.00000,602.00000,594.50000,599.00000,7878585
1504767600,600.00000,603.50000,595.89502,601.00000,4582823
1504854000,600.50000,602.00000,595.12500,599.00000,4630108
1505113200,609.00000,611.25000,607.00000,609.00000,4778546
1505199600,611.50000,611.50000,604.50000,609.00000,4657817
1505286000,609.00000,609.29797,602.00000,603.00000,4361901
1505372400,610.00000,611.00000,599.50000,600.00000,4527875
1505458800,601.50000,602.50000,594.50000,595.50000,7876327
1505718000,598.00000,600.20001,594.50000,595.00000,3135448
1505804400,595.00000,598.50000,593.50000,594.50000,2833109
1505890800,597.00000,599.94000,594.00000,595.50000,5978546
1505977200,595.50000,597.84998,594.50000,595.00000,2521665
1506063600,596.50000,600.50000,594.50000,599.00000,3268153
1506322800,599.00000,602.00000,596.00000,601.00000,2386291
1506409200,601.00000,608.50000,598.50000,604.50000,3882866
1506495600,606.50000,606.75800,600.50000,601.50000,3686325
1506582000,603.50000,604.00000,597.50000,598.00000,3357466
1506668400,600.00000,606.00000,599.00000,602.00000,4047034
1506927600,603.50000,604.52502,598.50000,604.50000,3186312
1507014000,606.00000,607.50000,603.00000,607.50000,3488219
1507100400,607.00000,612.50000,601.50000,607.00000,4610415
1507186800,600.50000,607.42102,599.50000,602.00000,3094443
1507273200,601.00000,604.50000,598.50000,600.50000,3734073
1507532400,600.50000,603.00000,597.50000,597.50000,2611538
1507618800,599.50000,602.00000,597.50000,601.00000,2903955
1507705200,602.50000,606.50000,601.00000,605.00000,2624993
1507791600,604.00000,611.50000,604.00000,609.50000,3303023
1507878000,610.00000,613.50000,608.00000,608.50000,4868774
1508137200,611.50000,611.50000,606.00000,608.00000,4888963
1508223600,610.00000,610.00000,605.50000,607.50000,2956557
1508310000,609.50000,616.50000,609.00000,616.50000,3417839
1508396400,615.50000,617.00000,609.00000,610.50000,5573488
1508482800,614.00000,619.12097,606.85999,610.50000,3908923
1508742000,611.50000,611.50000,601.50000,603.50000,3822935
1508828400,602.50000,608.00000,601.50000,606.00000,3132183
1508914800,607.50000,607.50000,603.00000,604.00000,2696991
1509001200,607.00000,607.00000,594.00000,594.50000,6111268
1509087600,597.00000,599.00000,589.00000,590.50000,6983826
1509350400,592.00000,594.68201,589.50000,591.00000,5366936
1509436800,600.00000,601.50000,590.50000,601.00000,10772000
1509523200,600.00000,601.50000,592.50000,593.00000,6114709
1509609600,593.00000,602.00000,589.50000,600.00000,5123078
1509696000,601.00000,603.71503,599.00000,600.50000,2949435
1509955200,599.50000,601.50000,596.50000,600.50000,3385408
1510041600,602.50000,602.50000,593.00000,595.00000,3330022
1510128000,596.50000,598.50000,594.48999,596.50000,3642815
1510214400,597.00000,601.00000,595.35999,598.00000,3863946
1510300800,601.00000,601.50000,591.00000,593.00000,4479616
1510560000,589.00000,594.00000,589.00000,593.00000,4389064
1510646400,595.00000,597.00000,589.50000,594.50000,8281199
1510732800,594.00000,598.00000,591.31500,596.50000,5069500
1510819200,610.00000,623.50000,604.00000,618.50000,6681225
1510905600,620.00000,627.25000,616.50000,624.00000,4713235
1511164800,622.50000,624.50000,618.50000,618.50000,2867852
1511251200,618.50000,622.50000,615.00000,615.50000,4812891
1511337600,615.50000,619.50000,614.00000,617.50000,2486211
1511424000,616.00000,619.50000,610.50000,618.00000,3351117
1511510400,617.00000,620.00000,615.50000,618.50000,3030048
1511769600,618.50000,620.50000,616.00000,620.00000,4285238
1511856000,617.00000,621.00000,612.00000,621.00000,4711812
1511942400,624.50000,628.00000,619.50000,624.00000,6519516
1512028800,622.00000,629.00000,619.50000,629.00000,8036028
1512115200,632.00000,638.00000,628.50000,629.50000,5546459
1512374400,633.00000,640.50000,629.50000,635.50000,5728633
1512460800,638.50000,639.50000,635.50000,638.00000,4399297
1512547200,638.50000,650.00000,636.50000,637.00000,6206565
1512633600,639.00000,646.00000,636.00000,642.50000,5721894
1512720000,643.00000,657.50000,643.00000,655.00000,6174440
1512979200,655.50000,657.50000,644.00000,649.00000,4777321
1513065600,650.50000,655.50000,648.00000,654.00000,4905330
1513152000,656.00000,665.66199,650.00000,661.18701,7388227
1513238400,658.50000,672.00000,658.50000,668.50000,7635282
1513324800,667.50000,671.00000,664.00000,671.00000,9852514
1513584000,673.00000,680.00000,672.50000,677.00000,4867481
1513670400,678.00000,681.50000,676.00000,679.00000,3916583
1513756800,680.50000,682.00000,673.50000,675.00000,4121683
1513843200,676.00000,679.00000,665.00000,675.00000,4010667
1513929600,674.00000,678.00000,673.00000,674.00000,3287369
1514361600,677.50000,684.50000,671.00000,683.00000,2535751
1514448000,682.50000,688.50000,682.50000,685.50000,2183757
1514534400,684.50000,695.00000,683.00000,691.50000,1789576
1514880000,681.00000,691.40002,681.00000,684.20001,3119191
1514966400,686.79999,688.20001,681.00000,686.00000,3584812
1515052800,678.59998,679.00000,662.20001,665.20001,5992264
1515139200,663.20001,675.40002,663.20001,674.79999,3876711
1515398400,675.59998,685.20001,675.59998,680.59998,4334152
1515484800,682.20001,687.59998,680.79999,685.59998,4395485
1515571200,684.00000,685.59998,673.79999,674.59998,4965201
1515657600,676.20001,676.20001,660.20001,666.40002,6445932
1515744000,666.20001,678.00000,665.40002,673.00000,12577310
1516003200,674.00000,674.59998,666.79999,672.20001,4403574
1516089600,673.59998,685.59998,672.00000,681.20001,5681331
1516176000,685.59998,689.00000,682.79999,685.40002,4667078
1516262400,685.40002,687.00000,671.20001,679.20001,7547214
1516348800,678.59998,681.79999,674.40002,680.00000,10807863
1516608000,680.79999,682.59998,674.59998,676.40002,3764516
1516694400,677.59998,684.00000,673.79999,682.40002,2973023
1516780800,680.00000,683.20001,675.79999,678.79999,3308683
1516867200,678.00000,686.20001,675.40002,680.00000,4449944
1516953600,684.00000,691.00000,681.00000,686.40002,3979287
1517212800,688.20001,688.20001,679.40002,679.40002,4361239
1517299200,677.20001,680.20001,670.00000,671.79999,6495173
1517385600,675.00000,675.79999,664.59998,668.59998,7352232
1517472000,670.79999,678.40002,657.40002,660.20001,5911395
1517558400,660.00000,661.00000,655.00000,658.20001,6430920
1517817600,655.00000,655.00000,642.40002,648.20001,5331988
1517904000,629.59998,641.00000,610.00000,631.00000,5611877
1517990400,634.20001,647.59998,628.20001,644.40002,5150562
1518076800,640.00000,642.20001,631.79999,632.20001,5720465
1518163200,630.59998,638.00000,628.40002,633.40002,4768267
1518422400,640.79999,645.20001,633.79999,635.59998,3802015
1518508800,637.40002,644.79999,636.00000,637.79999,3885005
1518595200,643.20001,647.20001,635.40002,635.40002,3602705
1518681600,640.40002,641.79999,635.59998,636.00000,7754625
1518768000,638.59998,650.20001,636.79999,649.00000,5682469
1519027200,650.00000,650.79999,642.79999,644.40002,2387503
1519113600,647.00000,651.00000,645.00000,647.59998,2041037
1519200000,645.59998,645.59998,635.79999,639.00000,4121380
1519286400,634.40002,638.20001,629.20001,637.79999,7093130
1519372800,638.79999,650.79999,638.40002,650.40002,4547314
1519632000,655.00000,655.00000,647.79999,650.20001,3606921
1519718400,650.79999,653.00000,635.00000,637.20001,3320359
1519804800,635.00000,636.00000,626.79999,628.00000,8113457
1519891200,628.00000,632.40002,625.59998,627.00000,3596662
1519977600,625.00000,634.59998,624.00000,627.59998,3325327
1520236800,629.40002,636.20001,626.79999,635.00000,3613600
1520323200,638.79999,641.40002,627.20001,629.40002,3484820
1520409600,629.20001,634.20001,627.20001,634.20001,3224306
1520496000,636.20001,644.00000,634.59998,642.59998,2961874
1520582400,643.00000,643.79999,635.20001,637.59998,2726877
1520841600,640.59998,643.40002,637.79999,642.59998,3527516
1520928000,641.59998,644.79999,636.00000,636.79999,3714058
1521014400,635.59998,642.00000,634.20001,637.20001,3062390
1521100800,636.20001,639.40002,628.40002,637.40002,3277740
1521187200,636.00000,638.79999,630.59998,632.00000,8750009
1521446400,632.79999,650.20001,631.79999,648.00000,5152314
1521532800,648.40002,662.40002,647.00000,652.59998,5397033
1521619200,653.79999,654.40002,644.00000,648.59998,3861857
1521705600,645.40002,650.59998,639.40002,642.00000,4320586
1521792000,638.00000,644.00000,634.79999,636.59998,4055024
1522047600,638.40002,640.79999,631.59998,635.00000,2817272
1522134000,641.20001,643.40002,636.20001,638.59998,3089079
1522220400,636.59998,644.59998,631.00000,644.59998,4944553
1522306800,639.00000,647.20001,637.79999,642.00000,4863593
1522738800,638.59998,644.20001,630.59998,641.20001,4143878
1522825200,639.00000,645.20001,635.20001,644.79999,2674631
1522911600,650.20001,653.59998,645.40002,653.20001,3572137
1522998000,651.59998,653.00000,647.79999,649.79999,3753366
1523257200,653.00000,655.79999,649.59998,652.79999,1858488
1523343600,654.00000,655.79999,650.00000,653.59998,2866528
1523430000,652.00000,653.40002,643.79999,645.79999,3748638
1523516400,645.00000,653.40002,644.79999,653.00000,3116023
1523602800,652.00000,653.79999,648.59998,653.79999,3344465
1523862000,654.00000,655.40002,648.59998,651.00000,3006060
1523948400,650.59998,658.00000,649.79999,657.40002,2726226
1524034800,659.20001,662.00000,654.40002,661.00000,3018113
1524121200,658.40002,662.20001,658.40002,661.00000,2346535
1524207600,662.00000,669.40002,660.20001,666.00000,3629575
1524466800,664.79999,667.79999,661.00000,664.00000,2659436
1524553200,665.59998,669.20001,662.79999,663.00000,2327964
1524639600,656.20001,664.40002,656.20001,660.79999,3387682
1524726000,663.00000,668.00000,659.20001,666.59998,2650752
1524812400,666.40002,672.59998,666.40002,672.00000,3196320
1525071600,673.40002,678.79999,671.40002,672.40002,3244106
1525158000,669.79999,680.40002,669.79999,673.00000,1563791
1525244400,672.79999,675.79999,665.59998,669.40002,3297199
1525330800,669.40002,673.00000,666.79999,671.79999,2977184
1525417200,675.40002,678.59998,671.20001,672.00000,4249889
1525762800,676.20001,687.59998,675.00000,680.40002,4460017
1525849200,682.79999,687.00000,675.79999,684.79999,3742312
1525935600,687.00000,693.79999,685.00000,689.40002,4293692
1526022000,690.00000,695.79999,689.59998,694.00000,4741479
1526281200,694.79999,697.59998,690.40002,690.40002,3851427
1526367600,688.00000,692.79999,684.20001,684.20001,5848178
1526454000,685.40002,687.40002,681.59998,681.59998,3928780
1526540400,689.59998,703.00000,688.20001,697.00000,5486602
1526626800,700.00000,701.79999,690.40002,693.00000,4439342
1526886000,695.00000,696.40002,689.59998,692.79999,4699086
1526972400,694.40002,698.00000,692.20001,693.79999,3787502
1527058800,694.40002,696.40002,683.59998,684.59998,5235135
1527145200,686.79999,690.40002,678.59998,678.59998,6802050
1527231600,684.79999,688.40002,682.79999,685.79999,3800298
1527577200,684.40002,684.59998,672.40002,674.40002,4553302
1527663600,678.00000,678.40002,672.20001,674.40002,2844095
1527750000,675.40002,679.79999,675.40002,678.00000,7186031
1527836400,684.40002,684.79999,678.00000,681.20001,6204881
1528095600,682.79999,692.79999,682.79999,690.20001,5585315
1528182000,690.00000,692.40002,687.00000,691.20001,4804138
1528268400,690.40002,690.59998,679.79999,686.00000,11920010
1528354800,689.79999,689.79999,681.00000,682.20001,5336855
1528441200,681.40002,687.79999,680.20001,684.00000,3526022
1528700400,682.40002,688.00000,681.59998,683.59998,2790425
1528786800,686.00000,686.00000,681.59998,684.79999,2727413
1528873200,685.79999,689.40002,683.59998,686.59998,3508387
1528959600,683.79999,694.20001,680.79999,692.00000,8058295
1529046000,691.59998,694.40002,688.00000,691.00000,10676273
1529305200,688.20001,691.00000,683.79999,685.59998,2979236
1529391600,683.40002,686.20001,680.00000,680.40002,3493225
1529478000,685.40002,690.59998,684.20001,685.59998,5500268
1529564400,686.40002,687.59998,676.79999,678.79999,2620076
1529650800,680.79999,689.20001,677.79999,687.59998,3251385
1529910000,686.40002,687.20001,675.59998,677.79999,2862621
1529996400,677.40002,679.79999,674.00000,679.00000,2783173
1530082800,678.40002,679.20001,673.79999,676.40002,3411813
1530169200,669.79999,671.40002,666.00000,670.00000,2742583
1530255600,674.59998,674.79999,669.40002,672.20001,3795106
1530514800,667.00000,669.00000,660.20001,660.59998,3383637
1530601200,661.20001,666.79999,660.59998,661.59998,3195444
1530687600,660.00000,669.20001,659.20001,666.20001,1766601
1530774000,665.79999,668.00000,663.59998,664.59998,2018985
1530860400,666.79999,670.40002,663.00000,664.20001,2765973
1531119600,666.59998,669.79999,662.40002,662.40002,2478637
1531206000,666.00000,666.20001,659.40002,660.00000,2750126
1531292400,658.00000,659.59998,652.59998,654.79999,3287166
1531378800,654.79999,658.20001,652.20001,656.00000,2285966
1531465200,661.00000,662.20001,656.00000,656.40002,2243009
1531724400,657.79999,657.79999,647.79999,650.48700,3019778
1531810800,651.59998,653.00000,640.59998,646.20001,3617903
1531897200,648.00000,649.40002,646.40002,648.00000,3663005
1531983600,645.59998,648.40002,637.40002,637.40002,3809296
1532070000,636.79999,638.79999,632.00000,638.59998,3695522
1532329200,633.59998,637.59998,629.59998,630.20001,3171638
1532415600,633.00000,646.00000,631.20001,643.40002,5460657
1532502000,645.59998,651.00000,643.79999,649.59998,4053271
1532588400,649.40002,650.59998,644.20001,645.20001,2640348
1532674800,646.59998,654.79999,646.40002,649.79999,2783640
1532934000,646.20001,654.00000,646.00000,653.00000,2437259
1533020400,652.40002,664.00000,652.40002,660.20001,5303409
1533106800,659.59998,659.79999,653.00000,656.00000,2627653
1533193200,655.79999,655.79999,646.79999,649.79999,2702254
1533279600,650.59998,657.00000,648.59998,656.00000,2676026
1533538800,659.00000,659.00000,643.00000,645.59998,3372596
1533625200,646.20001,652.20001,644.00000,649.79999,3522697
1533711600,649.79999,649.79999,643.00000,647.20001,2733580
1533798000,646.20001,646.20001,641.20001,644.79999,3353786
1533884400,643.59998,645.79999,642.20001,643.20001,2836178
1534143600,641.00000,642.79999,634.00000,634.00000,2290645
1534230000,634.40002,637.00000,629.00000,630.00000,2850209
1534316400,633.20001,633.20001,625.00000,627.59998,3441705
1534402800,627.79999,637.79999,627.79999,636.20001,2949820
1534489200,633.79999,639.59998,633.79999,639.20001,2406084
1534748400,639.40002,643.20001,638.40002,639.79999,2158919
1534834800,639.20001,641.79999,634.20001,638.20001,1793621
1534921200,637.40002,640.40002,633.79999,634.79999,2530946
1535007600,636.79999,636.79999,631.79999,632.20001,1802769
1535094000,633.20001,633.40002,629.20001,632.20001,1771983
1535439600,636.40002,639.40002,632.59998,637.20001,2127643
1535526000,639.00000,643.20001,634.79999,641.79999,3415522
1535612400,640.40002,640.40002,630.00000,634.20001,4990913
1535698800,635.59998,641.59998,631.79999,635.59998,4714838
1535958000,636.79999,641.40002,629.00000,629.00000,2442853
1536044400,631.40002,634.00000,623.20001,626.40002,3986747
1536130800,623.20001,627.40002,619.79999,622.79999,3590293
1536217200,623.59998,627.79999,613.59998,614.40002,5873611
1536303600,614.40002,618.00000,609.20001,613.40002,3532994
1536562800,615.79999,620.59998,611.59998,618.20001,4231699
1536649200,620.59998,622.79999,616.00000,621.20001,3271191
1536735600,620.40002,620.79999,615.00000,617.59998,2329279
1536822000,617.59998,622.40002,614.40002,615.40002,2430964
1536908400,618.79999,618.79999,612.79999,615.40002,2034910
1537167600,612.79999,621.20001,612.79999,615.79999,2949977
1537254000,613.59998,620.40002,613.20001,614.59998,3022100
1537340400,613.79999,616.59998,610.79999,614.20001,3433354
1537426800,612.00000,617.40002,612.00000,615.40002,3510734
1537513200,616.00000,626.59998,616.00000,625.59998,9054418
1537772400,621.79999,626.40002,620.20001,621.59998,2209907
1537858800,621.79999,622.40002,615.40002,617.00000,4346331
1537945200,617.40002,622.79999,617.00000,621.40002,2201005
1538031600,618.79999,620.40002,615.79999,620.40002,1849316
1538118000,619.40002,620.79999,614.59998,616.79999,3437149
1538377200,617.79999,621.59998,615.00000,617.79999,2783589
1538463600,616.59998,617.79999,611.00000,611.00000,6239056
1538550000,612.20001,613.00000,606.79999,608.20001,3886612
1538636400,599.20001,600.00000,576.00000,576.79999,6715215
1538722800,585.00000,604.20001,582.20001,585.20001,4825133
1538982000,586.20001,589.79999,582.59998,582.59998,3804485
1539068400,582.79999,594.40002,580.59998,588.20001,4040271
1539154800,587.00000,591.40002,583.40002,583.40002,3674138
1539241200,579.79999,581.00000,571.20001,575.00000,4618497
1539327600,577.00000,579.79999,569.40002,569.40002,4027418
1539586800,569.00000,570.00000,554.20001,561.00000,5288491
1539673200,559.20001,572.00000,554.79999,569.79999,4012077
1539759600,572.79999,573.20001,568.40002,572.00000,6560598
1539846000,572.40002,586.59998,571.59998,581.79999,4482748
1539932400,584.79999,590.59998,580.59998,585.40002,3221989
1540191600,585.20001,588.79999,580.79999,584.40002,2608150
1540278000,579.40002,580.59998,567.59998,571.79999,3765482
1540364400,575.00000,581.40002,574.40002,577.59998,3317722
1540450800,577.59998,585.59998,576.00000,585.40002,3910171
1540537200,580.59998,584.40002,576.00000,583.20001,2747327
1540800000,584.59998,597.20001,584.00000,592.79999,3193100
1540886400,595.59998,595.59998,586.59998,591.79999,2864283
1540972800,593.59998,595.40002,587.59998,592.00000,5430437
1541059200,595.00000,604.00000,589.79999,600.20001,6065217
1541145600,604.40002,606.20001,600.40002,603.59998,6075616
1541404800,601.59998,607.00000,599.79999,602.79999,3745623
1541491200,603.00000,607.40002,601.20001,606.00000,5644478
1541577600,602.00000,610.79999,599.79999,608.40002,5808024
1541664000,610.00000,621.20001,604.40002,621.20001,7287240
1541750400,619.79999,627.40002,617.40002,624.79999,6932680
1542009600,622.20001,624.40002,606.20001,614.59998,5952664
1542096000,617.59998,621.20001,614.59998,620.00000,4562957
1542182400,612.00000,645.00000,603.59998,622.79999,10093530
1542268800,623.20001,626.40002,582.20001,587.00000,8279107
1542355200,581.20001,596.00000,576.40002,594.59998,7958025
1542614400,595.59998,598.20001,585.20001,585.20001,7751058
1542700800,583.20001,584.40002,575.59998,577.00000,5339486
1542787200,586.79999,593.00000,583.00000,592.59998,4434667
1542873600,594.59998,596.00000,586.20001,588.59998,6741330
1542960000,588.20001,608.20001,588.20001,606.00000,4548714
1543219200,612.00000,618.40002,607.79999,612.00000,4148756
1543305600,611.20001,612.59998,602.59998,607.79999,3622927
1543392000,607.59998,612.59998,604.59998,605.00000,5669620
1543478400,595.00000,599.79999,567.00000,570.00000,11618084
1543564800,570.00000,576.20001,553.20001,564.59998,12582628
1543824000,571.79999,580.20001,554.79999,557.20001,4628714
1543910400,559.79999,564.20001,552.40002,560.79999,4582259
1543996800,556.79999,579.40002,555.79999,571.59998,5034933
1544083200,569.00000,570.20001,548.79999,551.40002,5607545
1544169600,556.79999,566.79999,553.00000,558.00000,5292828
1544428800,557.79999,558.59998,543.20001,543.20001,5363191
1544515200,546.59998,549.00000,535.79999,545.20001,4350090
1544601600,545.00000,563.00000,544.00000,560.59998,6969283
1544688000,561.40002,564.79999,556.00000,559.20001,3579987
1544774400,556.20001,560.20001,545.00000,558.20001,3446931
1545033600,557.40002,559.79999,544.20001,544.20001,4562840
1545120000,542.40002,551.20001,538.20001,545.79999,14754851
1545206400,544.00000,551.20001,542.20001,549.79999,3542891
1545292800,542.59998,545.79999,540.79999,543.59998,3835076
1545379200,537.00000,544.20001,534.00000,540.00000,8275910
1545638400,535.00000,542.40002,535.00000,535.00000,1355491
1545897600,536.00000,541.40002,524.20001,525.59998,3555075
1545984000,528.00000,534.59998,526.40002,532.40002,2401295
1546243200,535.59998,536.20001,528.79999,533.20001,851539
1546416000,530.40002,530.59998,520.79999,529.79999,2595597
1546502400,521.40002,530.40002,520.00000,523.00000,3147507
1546588800,527.79999,532.59998,524.40002,531.00000,2543910
1546848000,533.59998,535.79999,528.00000,532.59998,3020812
1546934400,534.00000,549.00000,533.20001,546.79999,3830775
1547020800,549.00000,549.00000,541.00000,543.00000,3386398
1547107200,541.20001,547.20001,541.00000,541.20001,2349427
1547193600,540.59998,553.20001,540.59998,544.59998,3378875
1547452800,542.00000,552.20001,540.59998,549.40002,3373347
1547539200,552.59998,554.79999,545.59998,554.79999,3552110
1547625600,554.59998,562.59998,553.40002,560.59998,5098664
1547712000,559.40002,565.20001,554.40002,563.40002,2781382
1547798400,565.59998,575.59998,564.00000,571.20001,4929482
1548057600,573.00000,573.00000,560.00000,562.00000,6854845
1548144000,562.00000,571.40002,557.00000,557.00000,4741406
1548230400,555.00000,564.00000,552.79999,562.59998,3207479
1548316800,564.59998,572.20001,564.00000,568.40002,3801878
1548403200,558.20001,572.40002,552.79999,572.20001,4869426
1548662400,571.00000,576.59998,570.20001,572.00000,3136666
1548748800,572.00000,580.40002,572.00000,580.20001,3198648
1548835200,578.79999,586.59998,572.79999,586.59998,2984486
1548921600,586.79999,588.40002,573.00000,573.40002,4629893
1549008000,572.59998,579.79999,567.00000,571.00000,3878473
1549267200,572.20001,577.59998,568.79999,570.79999,3905571
1549353600,569.79999,572.79999,567.40002,570.20001,3495287
1549440000,569.59998,574.79999,568.20001,574.00000,2979508
1549526400,571.00000,578.40002,570.20001,576.00000,3492305
1549612800,575.59998,581.20001,574.40002,575.20001,2771577
1549872000,578.20001,585.00000,575.00000,583.00000,3062103
1549958400,581.59998,588.79999,581.40002,586.40002,5470279
1550044800,584.40002,590.20001,582.00000,586.00000,4955145
1550131200,586.79999,588.79999,580.20001,584.00000,3441679
1550217600,581.59998,588.59998,581.00000,586.40002,3397881
1550476800,585.79999,590.20001,583.40002,586.40002,2417642
1550563200,584.59998,586.40002,580.79999,583.40002,3945627
1550649600,581.59998,582.00000,570.00000,573.79999,4945959
1550736000,575.40002,581.79999,574.20001,580.79999,2969366
1550822400,582.59998,582.59998,578.40002,581.00000,1899602
1551081600,582.00000,583.79999,579.79999,580.00000,3980074
1551168000,578.79999,594.00000,578.20001,592.00000,4701853
1551254400,590.79999,596.20001,588.20001,593.79999,5805557
1551340800,592.00000,606.20001,590.00000,604.20001,6545280
1551427200,610.00000,612.20001,600.79999,601.40002,3326081
1551686400,605.40002,606.40002,598.40002,601.00000,3939419
1551772800,600.20001,610.00000,600.20001,609.00000,7396130
1551859200,606.59998,609.00000,599.59998,599.59998,2552517
1551945600,600.40002,601.20001,595.20001,598.20001,2389224
1552032000,595.00000,596.59998,592.00000,594.20001,3944525
1552291200,597.00000,599.00000,590.40002,591.40002,2467123
1552377600,594.40002,603.59998,593.59998,595.59998,4288116
1552464000,592.20001,595.40002,590.59998,594.59998,2635863
1552550400,593.79999,603.00000,593.79999,600.40002,3041295
1552636800,602.40002,614.40002,601.79999,611.59998,8508600
1552896000,612.00000,615.40002,611.40002,613.59998,3314185
1552982400,612.79999,617.00000,611.59998,614.20001,2868585
1553068800,613.79999,616.79999,606.79999,606.79999,4685470
1553155200,605.20001,607.20001,598.79999,603.20001,4169065
1553241600,605.59998,607.79999,589.79999,590.20001,5768930
1553500800,591.79999,592.59998,585.59998,590.40002,2774348
1553587200,593.40002,597.20001,589.59998,593.79999,2506428
1553673600,591.20001,598.20001,586.59998,595.20001,3372888
1553760000,592.40002,593.59998,582.59998,583.79999,2273621
1553846400,588.40002,593.59998,583.20001,589.00000,3872393
1554102000,592.59998,597.00000,588.20001,595.40002,3467857
1554188400,599.00000,606.00000,598.00000,604.00000,4713856
1554274800,608.59998,612.00000,605.79999,606.00000,3687036
1554361200,604.20001,606.20001,600.20001,605.59998,2807252
1554447600,606.59998,606.59998,597.40002,598.40002,1993981
1554706800,600.20001,602.79999,595.79999,595.79999,2164518
1554793200,597.79999,600.79999,592.00000,592.00000,2117082
1554879600,594.79999,600.00000,593.79999,599.20001,4949634
1554966000,596.59998,609.40002,596.59998,605.20001,2149703
1555052400,607.79999,608.00000,600.40002,607.20001,5826185
1555311600,606.79999,610.59998,605.59998,606.79999,1822142
1555398000,608.59998,614.00000,606.40002,609.00000,2181847
1555484400,611.59998,611.59998,595.40002,597.59998,4266522
1555570800,598.40002,599.79999,592.59998,595.59998,1996301
1556002800,598.59998,598.59998,586.20001,592.59998,2570557
1556089200,593.59998,601.79999,591.20001,601.00000,2969848
1556175600,602.79999,606.20001,598.40002,602.40002,2261317
1556262000,605.00000,605.00000,598.59998,603.79999,1642001
1556521200,606.00000,606.40002,600.20001,601.20001,2553030
1556607600,600.40002,602.20001,594.00000,594.00000,5741822
1556694000,596.79999,597.79999,594.00000,597.59998,2007668
1556780400,593.40002,607.40002,593.20001,603.00000,2950569
1556866800,602.20001,602.20001,595.00000,595.20001,2812754
1557212400,596.20001,604.20001,595.40002,598.20001,2536422
1557298800,596.20001,597.40002,585.40002,585.40002,2471733
1557385200,584.20001,587.20001,579.00000,584.00000,2737359
1557471600,575.00000,579.20001,561.40002,570.00000,4382903
1557730800,567.40002,570.79999,561.79999,563.59998,3739546
1557817200,564.79999,565.59998,559.59998,560.40002,3273757
1557903600,568.40002,569.79999,552.40002,560.20001,3845854
1557990000,560.00000,564.59998,555.00000,564.40002,4653571
1558076400,561.00000,562.20001,554.59998,558.59998,4197878
1558335600,559.59998,562.79999,552.79999,555.00000,3412700
1558422000,556.59998,556.79999,549.40002,555.20001,7233232
1558508400,554.20001,554.79999,543.00000,543.20001,7865261
1558594800,543.00000,544.00000,528.00000,531.59998,6544571
1558681200,533.79999,536.20001,531.59998,534.40002,4654053
1559026800,536.00000,536.00000,528.40002,530.00000,6832563
1559113200,529.00000,534.79999,526.79999,532.59998,4301664
1559199600,531.79999,536.00000,529.59998,533.20001,3573429
1559286000,530.00000,535.59998,527.40002,534.00000,5454123
1559545200,533.00000,533.00000,525.00000,528.59998,3861536
1559631600,524.40002,535.59998,523.59998,527.00000,4465204
1559718000,530.00000,538.20001,527.20001,535.20001,3997101
1559804400,538.00000,538.59998,531.79999,531.79999,2730755
1559890800,533.40002,540.00000,530.00000,537.40002,2698120
1560150000,540.40002,542.79999,537.79999,540.79999,2008080
1560236400,542.40002,543.79999,536.00000,542.00000,2860340
1560322800,540.00000,543.40002,536.59998,538.40002,1909599
1560409200,537.00000,545.59998,537.00000,545.59998,3852646
1560495600,544.59998,546.20001,537.79999,539.20001,2914604
1560754800,540.00000,543.79999,535.79999,535.79999,3560218
1560841200,537.59998,544.59998,533.00000,539.59998,3329583
1560927600,539.20001,542.79999,537.79999,538.20001,3625137
1561014000,541.79999,544.20001,538.59998,540.00000,3747439
1561100400,540.59998,544.79999,538.40002,540.00000,9783513
1561359600,540.40002,543.20001,534.79999,535.59998,2805624
1561446000,534.20001,539.59998,532.20001,539.20001,4244552
1561532400,540.00000,540.20001,533.59998,537.40002,3165304
1561618800,529.59998,532.20001,524.59998,526.00000,5519480
1561705200,526.79999,538.40002,526.79999,538.40002,7191906
1561964400,541.59998,548.00000,540.00000,546.40002,3167781
1562050800,546.20001,550.40002,543.79999,547.40002,3599612
1562137200,547.20001,555.40002,546.79999,553.00000,4892451
1562223600,554.20001,559.59998,552.59998,558.40002,5780112
1562310000,560.20001,562.79999,557.40002,557.40002,2823397
1562569200,557.40002,560.59998,552.59998,555.40002,4490760
1562655600,556.40002,559.00000,550.59998,550.59998,5748142
1562742000,551.59998,551.59998,538.79999,540.00000,4829487
1562828400,542.40002,547.79999,536.79999,536.79999,4227144
1562914800,537.59998,539.79999,535.00000,539.79999,2877782
1563174000,541.20001,543.20001,537.20001,540.79999,2753570
1563260400,541.59998,542.00000,532.59998,536.59998,2900526
1563346800,536.59998,541.00000,533.00000,538.59998,2291893
1563433200,537.00000,541.79999,533.79999,537.20001,3034003
1563519600,538.59998,539.59998,532.40002,537.79999,2198000
1563778800,537.00000,538.40002,529.40002,531.79999,3383052
1563865200,531.40002,535.79999,530.59998,535.40002,4527633
1563951600,536.40002,548.00000,536.20001,542.20001,3743846
1564038000,542.20001,542.20001,534.00000,536.00000,3378641
1564124400,537.79999,540.00000,533.79999,535.59998,1764247
1564383600,534.40002,540.40002,534.00000,536.59998,3004324
1564470000,536.59998,537.00000,525.40002,525.79999,5028383
1564556400,526.20001,527.50299,508.00000,508.00000,6881911
1564642800,506.39999,513.09998,500.20001,502.39999,4623843
1564729200,501.79999,505.79999,495.70001,500.39999,4596942
1564988400,495.20001,498.29999,477.29999,479.29999,5578444
1565074800,479.10001,486.10001,475.60001,479.89999,4691730
1565161200,480.60001,483.20001,476.39999,481.50000,3618556
1565247600,485.20001,489.10001,480.20001,489.10001,3626990
1565334000,490.10001,491.39999,483.60001,484.50000,5166042
1565593200,487.79999,492.20001,471.70001,474.60001,4514106
1565679600,475.60001,481.70001,470.60001,477.50000,4189052
1565766000,477.70001,480.00000,472.50000,472.70001,10242738
1565852400,474.89999,476.10001,465.29999,468.29999,4569823
1565938800,470.29999,479.39999,466.50000,477.79999,2773323
1566198000,481.00000,485.89999,479.89999,485.20001,3141031
1566284400,486.60001,491.00000,477.87601,480.00000,4040185
1566370800,480.60001,491.25000,480.10001,490.29999,3937395
1566457200,488.10001,496.79999,485.00000,495.89999,3525943
1566543600,498.89999,509.20001,496.60001,496.79999,3539758
1566889200,501.00000,518.40002,495.70001,517.20001,6596907
1566975600,517.40002,517.79999,507.79999,509.79999,5233594
1567062000,510.60001,514.00000,505.60001,507.79999,5216329
1567148400,510.79999,514.68799,505.39999,509.79999,5113197
1567407600,511.00000,516.40002,508.39999,513.79999,3393614
1567494000,514.59998,515.47198,508.00000,511.00000,4133365
1567580400,513.40002,519.40002,512.79999,516.79999,3245274
1567666800,520.00000,522.00000,514.59998,521.79999,2933980
1567753200,522.20001,526.59998,513.40002,518.20001,5566579
1568012400,520.59998,522.20001,515.59998,517.40002,3098122
1568098800,518.59998,532.79999,516.40002,532.20001,3484370
1568185200,531.59998,554.59998,531.14001,553.59998,5203184
1568271600,555.20001,556.40002,539.00000,542.79999,3428085
1568358000,542.79999,563.59998,542.29797,559.59998,3325739
1568617200,554.00000,556.53302,549.40002,554.79999,3173921
1568703600,556.40002,565.20001,549.79999,562.20001,6158032
1568790000,565.40002,566.59998,558.70001,562.00000,3518252
1568876400,565.20001,567.59998,556.79999,558.40002,3801710
1568962800,558.79999,570.59998,558.79999,565.00000,11572771
1569222000,563.59998,566.79999,552.00000,564.59998,6615012
1569308400,567.00000,571.20001,562.79999,562.79999,2936075
1569394800,564.40002,568.40002,559.20001,568.40002,2576389
1569481200,567.20001,577.79999,564.00000,573.59998,2673237
1569567600,576.20001,581.59998,570.59998,581.59998,2863646
1569826800,583.79999,588.64203,580.20001,584.79999,3352299
1569913200,584.79999,588.21899,578.00000,581.40002,4075957
1569999600,580.00000,582.40900,560.20001,560.20001,4383978
1570086000,549.59998,556.00000,542.00000,554.40002,4768593
1570172400,559.00000,559.00000,548.59998,555.59998,3299254
1570431600,552.79999,556.59998,547.59998,556.59998,2311540
1570518000,559.40002,559.40002,540.20001,540.79999,4287321
1570604400,544.20001,545.40002,537.25500,541.40002,3252551
1570690800,543.00000,550.40002,536.49799,548.00000,3329888
1570777200,550.59998,592.00000,550.59998,591.00000,7283562
1571036400,583.79999,592.79999,551.59998,590.79999,4660735
1571122800,592.20001,649.00000,592.20001,623.00000,10501413
1571209200,622.79999,626.59998,597.20001,620.00000,8802496
1571295600,614.79999,649.00000,611.00000,630.20001,9134190
1571382000,626.79999,638.00000,625.79999,629.40002,5001703
1571641200,634.00000,642.40002,628.75800,638.20001,7546806
1571727600,636.79999,649.40002,636.79999,638.40002,4981326
1571814000,632.40002,639.06299,629.00000,630.40002,6007948
1571900400,635.20001,637.79999,624.20001,624.79999,3002373
1571986800,628.40002,631.20001,605.20001,614.00000,4036495
1572249600,611.79999,631.20001,605.59998,617.79999,2062035
1572336000,618.40002,623.79999,612.20001,620.40002,4102349
1572422400,621.40002,626.20001,617.20001,624.20001,6113918
1572508800,624.20001,630.00000,620.59998,620.59998,5044361
1572595200,623.59998,625.00000,609.20001,611.59998,4893491
1572854400,607.20001,613.40002,601.00000,602.79999,3490447
1572940800,604.00000,607.79999,599.00000,603.79999,3753263
1573027200,600.00000,601.40002,586.20001,592.59998,4848701
1573113600,594.59998,597.59998,579.20001,580.59998,4265214
1573200000,579.40002,585.59998,571.40002,573.00000,3874242
1573459200,570.00000,580.59998,563.20001,573.59998,4441974
1573545600,571.00000,579.59998,570.00000,575.20001,4016861
1573632000,573.79999,573.79999,549.79999,556.20001,5705857
1573718400,564.40002,568.00000,553.79999,553.79999,4304517
1573804800,554.00000,558.20001,549.73401,556.00000,9078083
1574064000,556.00000,566.79999,555.07397,562.00000,3702725
1574150400,565.79999,569.32001,560.40002,564.79999,3604665
1574236800,564.20001,565.20001,558.59998,560.40002,3282565
1574323200,557.40002,558.59998,549.79999,552.40002,3790867
1574409600,550.20001,555.20001,548.59998,553.40002,4282031
1574668800,552.79999,562.20001,552.79999,560.59998,5531801
1574755200,561.00000,565.40002,556.59998,561.00000,9413384
1574841600,565.20001,577.59998,564.00000,574.40002,5053107
1574928000,581.59998,588.79999,578.59998,582.20001,3199843
1575014400,576.40002,586.00000,575.59998,575.59998,4105378
1575273600,576.00000,579.79999,565.79999,566.40002,3586174
1575360000,566.00000,575.79999,566.00000,571.59998,4059324
1575446400,570.79999,585.59998,569.79999,585.59998,4649854
1575532800,592.00000,600.63800,589.59998,596.20001,4351956
1575619200,599.00000,607.79999,596.42102,607.00000,4060706
1575878400,608.20001,611.79999,605.04797,609.00000,2853192
1575964800,609.40002,612.59998,601.59998,604.20001,3452399
1576051200,604.20001,604.40002,592.00000,601.20001,4966941
1576137600,605.20001,605.79999,591.85999,598.20001,3573021
1576224000,644.00000,648.40002,616.40002,622.20001,11129009
1576483200,629.40002,637.00000,625.59998,631.00000,4964015
1576569600,627.40002,629.03003,597.40002,603.79999,5337800
1576656000,604.00000,606.00000,596.00000,602.79999,3386148
1576742400,607.20001,614.59998,603.18500,613.40002,6266793
1576828800,615.00000,615.03003,603.59998,604.00000,5257572
1577088000,607.00000,619.59998,606.59998,617.40002,3267677
1577174400,616.20001,620.20001,613.59998,620.00000,701030
1577433600,625.20001,630.20001,621.59998,630.00000,2301525
1577692800,631.00000,636.63000,626.62500,636.00000,5432218
1577779200,632.20001,638.79999,628.79999,638.79999,2403625
1577952000,635.59998,641.98297,628.20001,628.20001,2488823
1578038400,625.00000,630.00000,622.40002,629.79999,1756368
1578297600,627.00000,627.65698,610.20001,615.00000,3826432
1578384000,615.40002,622.40002,614.59998,618.59998,2083309
1578470400,614.79999,617.03003,596.40002,602.79999,7294549
1578556800,604.59998,606.79999,592.40002,592.59998,5023925
1578643200,596.00000,597.36200,585.20001,585.20001,3525983
1578902400,590.59998,597.36200,585.40002,587.40002,2728511
1578988800,588.00000,594.59998,582.28400,585.20001,3402357
1579075200,584.00000,588.79999,580.20001,588.79999,2334665
1579161600,590.20001,592.59998,582.50000,584.00000,3125208
1579248000,592.59998,596.20001,587.40002,588.00000,3570286
1579507200,588.00000,590.20001,581.40002,581.40002,2123132
1579593600,580.20001,583.59998,574.79999,578.79999,2184938
1579680000,576.59998,582.00000,574.40002,578.40002,2931662
1579766400,581.00000,586.40002,578.00000,578.00000,2821937
1579852800,585.00000,594.20001,583.38501,590.20001,2784491
1580112000,584.59998,584.59998,571.79999,574.79999,2959795
1580198400,577.59998,582.00000,574.66400,579.59998,1650126
1580284800,580.00000,585.59998,576.59998,580.40002,2682029
1580371200,578.59998,580.00000,565.20001,570.59998,4867216
1580457600,569.20001,572.00000,554.59998,554.59998,3620218
1580716800,553.40002,561.40002,552.73401,559.00000,3749410
1580803200,562.20001,574.20001,562.20001,571.40002,3306842
1580889600,575.40002,578.00000,571.79999,573.79999,2881658
1580976000,579.40002,580.59998,566.79999,566.79999,2469147
1581062400,567.79999,570.59998,555.00000,559.20001,3826098
1581321600,556.40002,570.40002,555.00000,570.00000,2184967
1581408000,570.00000,585.00000,569.59998,578.40002,2996679
1581494400,582.79999,587.79999,555.20001,581.40002,3452001
1581580800,576.79999,582.20001,568.79999,575.40002,2469161
1581667200,576.20001,591.59998,575.79999,587.79999,3309952
1581926400,589.20001,591.40002,575.79999,580.59998,2248647
1582012800,575.79999,584.79999,567.20001,567.20001,2688994
1582099200,571.20001,573.00000,565.40002,567.00000,2914946
1582185600,569.20001,571.00000,564.00000,567.40002,2165452
1582272000,567.59998,568.20001,554.00000,556.20001,5264932
1582531200,550.00000,554.40002,545.40002,551.20001,3781449
1582617600,551.00000,558.00000,533.79999,535.79999,6053868
1582704000,534.79999,536.26501,523.79999,531.59998,4446938
1582790400,526.00000,527.79999,496.39999,505.60001,7264319
1582876800,492.70001,502.20001,480.10001,501.00000,11680618
1583136000,508.79999,511.39999,482.79999,494.00000,6942737
1583222400,504.20001,513.79999,501.39999,504.20001,8465139
1583308800,509.20001,511.52399,494.79999,503.79999,6019679
1583395200,505.60001,506.20001,484.10001,486.10001,8167489
1583481600,479.89999,479.89999,455.29999,471.39999,8016057
1583740800,450.00000,467.29999,433.70001,441.10001,9678080
1583827200,447.89999,457.89999,433.60001,438.39999,6954130
1583913600,446.00000,455.39999,435.89999,436.79999,8213059
1584000000,421.00000,426.83701,381.29999,383.89999,9507498
1584086400,400.89999,410.79999,380.20001,389.89999,8801079
1584345600,371.10001,378.20001,339.10001,375.60001,10037173
1584432000,381.20001,382.50601,337.89999,362.39999,10902590
1584518400,351.50000,370.10001,330.10001,353.00000,12017164
1584604800,346.70001,374.88101,330.10001,359.29999,10208902
1584691200,373.20001,383.50000,350.89999,361.00000,8901109
1584950400,343.70001,361.29999,337.00000,337.00000,10900759
1585036800,348.79999,369.00000,341.53900,369.00000,7206979
1585123200,385.10001,393.79999,348.60001,368.50000,5972169
1585209600,356.29999,357.50000,339.20001,354.60001,8127280
1585296000,344.10001,348.70001,333.60001,342.00000,5703455
1585551600,342.00000,348.70001,316.60001,325.20001,5819101
1585638000,328.70001,348.70001,316.89700,336.20001,8388670
1585724400,321.10001,328.70001,311.60001,313.79999,5788940
1585810800,320.10001,327.70001,309.67899,322.89999,6589220
1585897200,316.60001,318.79999,309.39999,314.50000,5917744
1586156400,321.10001,342.57501,317.50000,335.10001,5506322
1586242800,345.29999,377.89999,340.85901,370.00000,10438515
1586329200,363.20001,386.39999,360.20001,386.39999,5810262
1586415600,391.70001,413.20001,390.29999,410.20001,9086876
1586847600,410.39999,415.18701,391.77399,399.29999,6983427
1586934000,397.10001,398.60001,375.60001,379.10001,6347016
1587020400,380.89999,385.89999,368.10001,375.00000,7302554
1587106800,385.29999,397.00000,382.00000,389.50000,9346503
1587366000,391.10001,398.20001,379.39999,393.50000,6520723
1587452400,388.60001,400.39999,378.29999,390.50000,7879588
1587538800,396.50000,402.79999,378.79999,382.50000,5895539
1587625200,383.89999,390.29999,379.00000,385.00000,8851236
1587711600,378.39999,390.00000,376.20001,380.89999,4278462
1587970800,385.00000,400.39999,382.79999,386.79999,3123919
1588057200,391.29999,402.89999,387.89999,400.79999,2768542
1588143600,399.39999,420.89999,398.89999,420.89999,3584190
1588230000,418.39999,423.33899,398.79999,404.60001,6952678
1588316400,399.20001,404.29999,393.05200,395.29999,4911330
1588575600,394.20001,398.39999,378.39999,383.89999,4985962
1588662000,390.00000,392.29999,377.82999,382.79999,3656776
1588748400,385.00000,390.20001,373.60001,376.00000,6820240
1588834800,376.20001,389.10001,371.50000,389.00000,6342884
1589180400,394.29999,398.39999,376.89999,383.50000,5918585
1589266800,379.00000,379.00000,340.10001,343.89999,15170807
1589353200,346.70001,349.50000,329.60001,335.20001,8738843
1589439600,329.39999,333.60001,310.70001,330.29999,8850382
1589526000,332.50000,341.79999,330.50000,334.20001,4948174
1589785200,343.10001,349.89999,333.29999,347.60001,5564950
1589871600,350.79999,360.00000,348.60001,355.29999,4686694
1589958000,354.00000,355.79999,338.79999,346.89999,3659906
1590044400,345.60001,355.79999,341.70001,351.39999,5061064
1590130800,349.39999,356.39999,344.26501,348.00000,6792104
1590476400,360.29999,381.29999,360.18900,380.00000,5082703
1590562800,384.00000,418.79999,378.89999,408.00000,7978052
1590649200,410.70001,413.57501,385.89999,397.20001,22553477
1590735600,394.89999,412.79999,386.20001,407.29999,11683427
1590994800,402.29999,407.60001,394.29999,407.00000,5594016
1591081200,410.00000,447.00000,406.10001,441.00000,7355304
1591167600,444.29999,457.10001,435.89999,450.89999,6512921
1591254000,443.50000,455.00000,433.70001,451.70001,7267279
1591340400,456.60001,465.39999,451.00000,461.39999,4330582
1591599600,458.89999,476.70001,456.79999,463.50000,5266849
1591686000,465.00000,467.39999,432.60001,437.89999,5878186
1591772400,439.20001,450.00000,416.39999,418.00000,6602445
1591858800,408.00000,410.29999,399.29999,401.70001,4289656
1591945200,396.70001,421.89999,392.10001,412.89999,5824790
1592204400,402.20001,440.09000,401.86700,413.29999,4713812
1592290800,424.00000,431.39999,415.60001,421.50000,4096996
1592377200,422.89999,433.20001,416.70001,419.29999,3294765
1592463600,417.39999,420.00000,408.39999,412.70001,2561379
1592550000,414.50000,416.50000,402.20001,405.20001,7872394
1592809200,402.10001,413.39999,399.29999,408.79999,3913836
1592895600,412.60001,417.60001,398.60001,402.20001,4314830
1592982000,399.89999,405.60001,384.10001,384.29999,5830968
1593068400,383.29999,393.20001,375.70001,389.10001,2989538
1593154800,393.10001,394.79999,381.39999,383.50000,3684874
1593414000,381.50000,391.29999,379.00000,387.29999,3585958
1593500400,385.39999,389.89999,380.20001,386.39999,4683464
1593586800,385.20001,391.00000,376.39999,385.39999,4295799
1593673200,389.50000,396.29999,385.16199,393.10001,3048192
1593759600,393.10001,395.70001,382.60001,389.00000,3931664
1594018800,397.50000,407.50000,397.50000,402.50000,4127532
1594105200,403.00000,404.89999,386.89999,388.00000,4783639
1594191600,383.00000,387.20001,376.44901,386.20001,2288755
1594278000,389.39999,391.89999,375.00000,375.29999,2365185
1594364400,373.79999,379.60001,372.18500,378.29999,2527401
1594623600,383.70001,386.89999,377.60001,381.60001,1770443
1594710000,381.60001,382.89999,372.96899,377.50000,1867192
1594796400,377.10001,380.39999,369.37000,373.70001,2543337
1594882800,378.89999,381.39999,367.60001,368.89999,3010726
1594969200,365.89999,373.29999,361.29999,372.70001,2305327
1595228400,372.20001,375.20001,366.50000,369.60001,1639174
1595314800,373.89999,379.60001,368.39999,370.89999,1755215
1595401200,371.39999,384.20001,371.39999,375.50000,3991894
1595487600,377.20001,378.79999,365.29999,366.39999,2027807
1595574000,365.00000,366.29999,356.10001,358.50000,2019098
1595833200,361.79999,362.79999,346.10001,350.00000,3626506
1595919600,351.29999,356.60001,350.00000,355.29999,2689854
1596006000,353.70001,366.10001,353.70001,362.39999,2144171
1596092400,363.39999,364.10001,350.50000,357.50000,2878311
1596178800,358.89999,375.00000,356.39999,366.10001,4660227
1596438000,366.50000,366.50000,350.79999,365.50000,2714037
1596524400,366.10001,375.00000,366.00000,375.00000,2653607
1596610800,377.79999,383.50000,370.60999,380.20001,3456723
1596697200,379.00000,384.39999,363.29999,370.00000,2824032
1596783600,368.60001,372.10001,360.39999,369.20001,2319088
1597042800,367.79999,376.50000,364.10001,370.60001,1737539
1597129200,372.70001,383.29999,372.10001,379.29999,3547660
1597215600,378.79999,381.70001,373.39999,373.70001,2447643
1597302000,372.70001,380.89999,369.70001,371.00000,1972569
1597388400,372.00000,372.00000,358.10001,366.29999,2197624
1597647600,364.10001,366.50000,356.29999,359.20001,2370159
1597734000,357.00000,364.00000,351.60001,351.89999,2701617
1597820400,354.00000,356.50000,345.50000,350.00000,2900251
1597906800,349.00000,356.00000,346.60001,356.00000,2171040
1597993200,355.00000,365.20001,352.89999,360.60001,3401893
1598252400,362.60001,364.76901,353.89999,362.39999,1664953
1598338800,365.50000,368.89999,357.70001,358.50000,2143591
1598425200,360.20001,366.10001,357.42801,363.10001,2069639
1598511600,362.50000,365.10001,358.89999,363.50000,2251334
1598598000,366.60001,368.00000,362.84399,365.70001,2166351
1598943600,367.39999,367.39999,348.29999,350.60001,5959273
1599030000,351.39999,357.39999,349.70001,350.60001,5044138
1599116400,353.00000,370.70001,349.10001,358.79999,4216295
1599202800,358.20001,366.70001,349.79999,352.79999,3042586
1599462000,353.00000,360.10001,351.00000,351.79999,1131752
1599548400,354.79999,357.70001,348.50699,354.29999,2580178
1599634800,353.89999,359.29999,348.29999,353.89999,2838616
1599721200,351.39999,358.32101,341.29999,342.39999,4312126
1599807600,343.79999,346.89999,337.39999,338.70001,3229309
1600066800,340.60001,347.60001,338.79999,347.29999,3694359
1600153200,348.00000,351.50000,345.60001,351.50000,3353395
1600239600,348.70001,361.10001,347.89999,358.50000,5891696
1600326000,355.60001,369.60001,350.70001,365.79999,4541668
1600412400,366.10001,367.79999,346.50000,350.00000,7666818
1600671600,347.00000,347.00000,328.08600,332.70001,7135305
1600758000,332.60001,337.00000,324.60001,330.70001,3613827
1600844400,333.39999,340.00000,328.79999,330.20001,4273844
1600930800,328.10001,334.50000,322.60001,324.50000,7967520
1601017200,326.10001,326.50000,316.10001,322.00000,4499586
1601276400,328.00000,347.00000,325.79999,345.70001,3829426
1601362800,344.29999,346.89999,330.29999,331.10001,8977837
1601449200,330.60001,340.00000,325.89999,337.39999,2991817
1601535600,341.10001,342.29999,332.89999,340.39999,4088403
1601622000,337.70001,349.20001,334.89999,349.20001,2709935
1601881200,347.89999,356.79999,347.79999,352.50000,2736639
1601967600,352.00000,369.20001,351.79999,369.00000,3651546
1602054000,366.10001,371.60001,360.10001,360.10001,2788291
1602140400,361.39999,375.43600,360.20001,367.29999,2178952
1602226800,376.70001,390.91901,376.60001,378.60001,4258551
1602486000,378.29999,381.60001,372.89999,372.89999,3117976
1602572400,371.10001,375.50000,354.39999,355.60001,3277171
1602658800,356.89999,362.60001,346.78400,361.00000,2597599
1602745200,361.00000,362.89999,349.70001,362.50000,2736337
1602831600,363.79999,369.60001,354.89999,357.00000,2760605
1603090800,358.89999,367.79999,358.89999,364.50000,2620509
1603177200,363.20001,375.10001,356.00000,370.89999,3142385
1603263600,374.00000,376.60300,360.39999,368.20001,2701628
1603350000,367.20001,369.79999,354.70001,365.79999,2894262
1603436400,366.10001,382.00000,366.10001,380.20001,4386228
1603699200,374.79999,390.79999,367.00000,377.00000,3981740
1603785600,377.89999,381.39999,360.89999,365.00000,4516296
1603872000,356.89999,357.20001,336.29999,349.79999,4366436
1603958400,349.60001,355.20001,342.00000,346.79999,3532477
1604044800,342.10001,349.60001,339.00000,348.60001,2625101
1604304000,347.79999,351.66699,342.35999,351.20001,2634673
1604390400,354.89999,372.10001,353.29001,370.79999,3597370
1604476800,364.29999,376.29999,362.20001,374.60001,2342885
1604563200,375.20001,387.39999,372.89999,386.00000,2506958
1604649600,383.89999,390.30600,371.70001,372.39999,4298926
1604908800,375.70001,476.50000,375.70001,454.00000,13567733
1604995200,454.00000,490.39999,452.79999,464.89999,15771678
1605081600,465.39999,474.20001,457.10001,465.60001,3886200
1605168000,459.89999,473.70001,456.50000,463.29999,3993819
1605254400,457.20001,477.70001,457.20001,474.60001,2997135
1605513600,475.00000,510.00000,470.10001,504.39999,4601894
1605600000,503.60001,512.59998,487.20001,511.00000,4682395
1605686400,506.39999,506.39999,487.00000,498.60001,4112047
1605772800,495.00000,498.29999,472.79999,480.10001,2974382
1605859200,473.29999,477.79999,468.50000,474.60001,3013600
1606118400,479.89999,485.10001,471.60999,474.20001,2241613
1606204800,473.70001,489.29999,470.07199,489.29999,3177334
1606291200,489.89999,489.89999,470.39999,485.79999,2544959
1606377600,484.79999,484.79999,472.60001,476.20001,2449801
1606464000,475.20001,479.10001,462.50000,470.10001,4999539
1606723200,467.29999,477.50000,462.89999,471.70001,6037344
1606809600,471.29999,490.00000,469.39999,486.50000,3103374
1606896000,480.00000,490.39999,478.60001,490.39999,2994541
1606982400,486.39999,496.00000,483.00000,496.00000,2958753
1607068800,495.29999,516.20001,491.00000,510.00000,5562284
1607328000,502.60001,508.60001,489.00000,496.60001,5020465
1607414400,493.20001,496.89999,488.39999,494.10001,2537120
1607500800,492.60001,506.39999,491.29999,504.00000,2853987
1607587200,505.00000,507.79999,492.39999,492.50000,2698762
1607673600,496.60001,498.89999,472.60001,475.60001,3828915
1607932800,480.00000,498.70001,477.50000,482.20001,6503794
1608019200,482.60001,495.70001,477.20001,495.00000,2366972
1608105600,498.10001,505.39999,495.50000,496.60001,4936738
1608192000,501.60001,508.20001,495.70001,500.60001,1497303
1608278400,493.20001,499.60001,477.60001,478.50000,6209621
1608537600,465.89999,499.00000,439.89999,475.00000,4009158
1608624000,475.79999,485.79999,471.20001,483.60001,3745093
1608710400,490.00000,501.79999,479.89999,497.70001,2765095
1608796800,502.79999,506.00000,495.00000,504.00000,639125
1609228800,513.00000,524.20001,503.60001,508.20001,2501777
1609315200,509.60001,512.40002,501.00000,501.20001,1419225
1609401600,493.50000,494.70001,483.00000,489.00000,1055584
1609747200,497.39999,500.00000,471.60001,475.79999,15594036
1609833600,461.70001,477.79999,459.10001,468.70001,3331197
1609920000,472.20001,493.70001,467.39999,488.79999,3991598
1610006400,484.70001,484.79999,465.39999,466.89999,3055116
1610092800,468.29999,474.00000,462.29999,465.10001,21273885
1610352000,465.00000,466.50000,450.10001,452.00000,3007622
1610438400,452.89999,460.70001,450.20001,452.50000,3049463
1610524800,451.20001,456.29999,450.26099,453.00000,3605687
1610611200,445.10001,461.20001,445.10001,455.10001,15755586
1610697600,452.10001,457.00000,445.50000,449.79999,2327791
1610956800,448.60001,462.29999,448.00000,454.10001,1951246
1611043200,455.89999,460.00000,445.20001,448.00000,2507364
1611129600,449.29999,453.00000,441.89999,448.10001,2545046
1611216000,450.70001,453.60001,433.89999,436.60001,6938464
1611302400,440.39999,440.89999,432.60001,440.00000,3760022
1611561600,442.79999,444.39999,426.00000,429.79999,3212257
1611648000,429.20001,441.79999,424.42001,441.20001,3466597
1611734400,441.20001,472.10001,438.00000,464.00000,7198345
1611820800,458.70001,468.00000,443.39999,464.39999,5237050
1611907200,459.29999,462.29999,446.39999,448.70001,4375463
1612166400,449.29999,454.29999,438.89999,440.00000,2591773
1612252800,441.70001,447.10001,435.10001,441.00000,3119579
1612339200,447.60001,448.12399,439.50000,441.10001,2489670
1612425600,440.10001,445.60001,434.96600,442.70001,2463021
1612512000,443.89999,461.60001,442.39999,458.89999,5130844
1612771200,461.29999,464.10001,451.29999,459.29999,5148733
1612857600,456.70001,461.60001,450.79999,460.39999,2215326
1612944000,464.29999,473.10001,461.60001,468.10001,4255495
1613030400,466.29999,468.00000,457.79999,461.79999,1567638
1613116800,459.50000,464.00000,455.79999,460.00000,1755374
1613376000,462.39999,478.70001,460.79999,473.70001,1750438
1613462400,474.29999,478.39999,463.60001,466.89999,1768364
1613548800,467.79999,472.29999,463.10001,469.79999,1653664
1613635200,463.89999,468.69501,456.79999,459.79999,2672135
1613721600,461.29999,467.87100,457.29999,467.00000,4194649
1613980800,458.50000,477.20001,454.10001,475.39999,2247725
1614067200,475.39999,503.60001,475.39999,501.20001,4773475
1614153600,495.00000,522.00000,493.20001,520.00000,5332645
1614240000,517.20001,530.40002,516.20001,519.59998,4241961
1614326400,509.00000,514.20001,483.70001,489.60001,6492060
1614585600,494.70001,504.60001,492.50000,501.00000,2560727
1614672000,496.39999,504.39999,490.29999,490.89999,3314251
1614758400,496.00000,504.20001,491.50000,502.39999,3158398
1614844800,497.20001,515.79999,495.79999,514.59998,3357271
1614931200,510.00000,517.19800,505.79999,507.00000,2359171
1615190400,506.39999,514.59998,501.00000,508.39999,2523832
1615276800,507.00000,522.00000,507.00000,515.20001,4406149
1615363200,511.79999,515.59998,494.10001,496.50000,2641694
1615449600,499.29999,506.60001,494.20099,505.00000,2039247
1615536000,502.00000,513.59998,501.00000,510.00000,1425246
1615795200,514.79999,520.20001,506.39999,508.60001,2014160
1615881600,513.00000,532.00000,511.18600,532.00000,2837462
1615968000,532.79999,533.59998,519.20001,525.79999,2309602
1616054400,527.00000,533.00000,518.00000,518.00000,2558254
1616140800,515.40002,520.00598,506.39999,518.00000,5326110
1616400000,514.00000,516.32397,502.80600,506.20001,1529263
1616486400,501.60001,509.79999,495.50000,501.00000,2538478
1616572800,497.29999,514.20001,493.79999,514.20001,1907272
1616659200,510.00000,512.79999,493.79999,505.39999,1691560
1616745600,505.00000,514.73798,503.00000,510.60001,1555181
1617001200,512.59998,514.73798,503.00000,511.60001,1667289
1617087600,515.59998,527.00000,514.40002,522.00000,5201487
1617174000,518.59998,523.40002,504.60001,504.79999,2840433
1617260400,507.60001,517.20001,504.39999,509.60001,1359194
1617692400,514.40002,520.59998,512.40002,514.40002,1648784
1617778800,518.00000,527.79999,511.95999,518.20001,2615183
1617865200,515.00000,522.77197,509.79999,519.59998,2050796
1617951600,522.00000,524.40002,506.20001,512.40002,1827175
1618210800,512.79999,513.59998,502.60001,508.20001,1318424
1618297200,509.20001,513.79999,506.60001,509.39999,1537102
1618383600,511.60001,514.40002,507.79999,511.60001,1845654
1618470000,513.40002,515.03998,506.39999,511.20001,1645983
1618556400,511.39999,516.59998,508.39999,515.59998,2850767
1618815600,515.59998,522.00000,514.20001,521.40002,2104324
1618902000,521.20001,526.09998,509.39999,510.00000,2516549
1618988400,510.00000,514.79999,501.20001,502.00000,1586975
1619074800,505.79999,514.20001,500.00000,511.39999,2072575
1619161200,509.00000,512.59998,503.79999,510.00000,1698801
1619420400,511.39999,529.40002,508.98401,527.20001,1761946
1619506800,526.00000,531.40002,517.79999,529.20001,2147759
1619593200,532.59998,537.00000,519.00000,523.40002,2319730
1619679600,524.59998,529.59998,514.00000,518.59998,2127536
1619766000,516.59998,522.00000,513.20001,518.40002,2428513
1620111600,523.79999,537.79999,523.40002,523.79999,2230657
1620198000,525.79999,529.40002,518.59998,520.79999,1747421
1620284400,518.20001,529.79999,516.20001,528.59998,2059740
1620370800,530.00000,537.00000,523.79999,535.79999,1829194
1620630000,540.00000,548.00000,538.40002,544.79999,2375469
1620716400,543.40002,544.00000,528.40002,529.59998,2338412
1620802800,528.59998,531.40002,522.79999,523.20001,1239973
1620889200,516.59998,518.40002,504.52600,515.79999,2266714
1620975600,519.59998,526.40002,513.40002,526.20001,2284133
1621234800,528.59998,537.00000,517.00000,518.40002,2045894
1621321200,526.59998,526.59998,514.79999,522.40002,1755078
1621407600,516.40002,523.79999,514.00000,518.59998,1684580
1621494000,524.40002,531.40002,514.40002,530.20001,2610298
1621580400,531.00000,531.65503,509.60001,512.59998,3719754
1621839600,514.79999,521.00000,511.79999,520.20001,1401468
1621926000,523.20001,527.00000,515.40002,519.59998,4468790
1622012400,519.20001,520.00000,493.20001,500.60001,4028309
1622098800,497.60001,515.02802,495.10001,507.20001,5139831
1622185200,509.39999,515.20001,499.60001,510.00000,2811306
1622530800,510.00000,519.59998,510.00000,512.79999,2090882
1622617200,514.00000,524.79999,514.00000,524.79999,2032209
1622703600,526.79999,527.40002,514.00000,516.00000,1760908
1622790000,514.00000,518.79999,512.79999,514.00000,1091019
1623049200,511.79999,519.40002,507.00000,519.00000,1488646
1623135600,519.59998,528.45898,518.20001,525.79999,1708645
1623222000,524.00000,526.40002,514.79999,518.00000,2892684
1623308400,518.59998,519.00000,504.79999,507.20001,2658313
1623394800,507.79999,513.59998,504.20001,510.20001,1473855
1623654000,509.00000,518.59998,507.79999,514.79999,3444479
1623740400,516.20001,517.19299,503.00000,505.39999,1965249
1623826800,505.00000,508.39999,497.00000,502.20001,2054262
1623913200,498.29999,508.00000,498.29999,507.00000,1791512
1623999600,507.60001,507.60001,487.45801,488.89999,6686637
1624258800,486.70001,493.50000,484.60001,493.50000,1793379
1624345200,506.79999,523.20001,502.60001,516.79999,3678403
1624431600,518.59998,525.79999,514.59998,518.79999,3140544
1624518000,513.40002,515.00000,502.20001,513.79999,3986660
1624604400,516.20001,521.40002,505.79999,518.79999,2221697
1624863600,517.59998,523.40002,498.20001,498.20001,1840994
1624950000,498.10001,507.20001,493.29999,493.39999,1164559
1625036400,491.79999,500.39999,485.39999,494.89999,1932856
1625122800,497.70001,507.00000,496.60001,505.79999,1923567
1625209200,510.00000,517.79999,507.39999,514.59998,1768677
1625468400,517.00000,523.79999,515.20001,522.20001,995517
1625554800,508.20001,513.40002,497.29999,501.20001,3023598
1625641200,502.60001,514.00000,501.65201,505.00000,2005833
1625727600,500.39999,505.00000,494.85001,500.00000,2281963
1625814000,501.00000,516.79999,500.79999,515.20001,2473418
1626073200,516.79999,523.25000,505.39999,519.79999,1474723
1626159600,523.79999,526.79999,511.60001,511.60001,2043001
1626246000,508.79999,508.79999,501.39999,503.79999,1333405
1626332400,503.00000,504.00000,495.00000,496.89999,1467332
1626418800,500.79999,505.00000,493.89999,498.50000,1627437
1626678000,489.79999,492.12399,476.25000,482.50000,2903887
1626764400,485.10001,494.20001,482.00000,489.50000,2725433
1626850800,493.20001,511.79999,492.50000,509.00000,3294541
1626937200,511.79999,517.79999,502.00000,506.00000,2881561
1627023600,508.39999,515.40002,501.00000,504.20001,1716857
1627282800,500.79999,509.79999,497.20001,508.79999,1267940
1627369200,506.79999,508.79999,499.20001,506.79999,2876339
1627455600,506.60001,517.00000,506.60001,512.00000,1448606
1627542000,513.59998,517.59998,504.60001,515.40002,3134741
1627628400,509.79999,522.59998,508.79999,510.60001,5515601
1627887600,514.00000,523.59998,512.00000,519.59998,1458405
1627974000,519.79999,521.20001,508.60001,510.60001,1280759
1628060400,512.20001,518.79999,511.20001,513.59998,1082587
1628146800,512.00000,526.20001,510.91599,526.20001,3425434
1628233200,526.20001,527.20001,517.00000,527.20001,1150104
1628492400,524.20001,525.00000,515.79999,515.79999,1343406
1628578800,515.40002,519.40002,509.79999,517.79999,1390053
1628665200,517.20001,532.59998,517.20001,528.79999,3321251
1628751600,529.79999,534.79999,525.20001,526.40002,1927450
1628838000,525.79999,535.40002,524.20001,532.40002,996996
1629097200,532.00000,536.79999,528.59998,532.00000,1431942
1629183600,527.40002,529.59998,520.59998,521.20001,2828997
1629270000,522.20001,526.79999,515.00000,522.79999,1852154
1629356400,516.59998,521.40002,509.60001,514.59998,1543422
1629442800,516.59998,525.20001,512.40002,521.59998,1134988
1629702000,526.59998,528.40002,516.59998,520.00000,1654032
1629788400,523.79999,525.20001,514.20001,520.40002,1286152
1629874800,523.20001,532.20001,520.79999,528.79999,1712574
1629961200,525.79999,533.40002,524.59998,528.59998,1448169
1630047600,527.59998,532.20001,525.20001,530.40002,1470828
1630393200,531.59998,535.40002,523.79999,530.20001,3353315
1630479600,536.00000,546.00000,535.20001,542.00000,2007684
1630566000,541.00000,543.79999,538.20001,543.00000,1389379
1630652400,544.59998,551.20001,541.20001,541.79999,1686260
1630911600,544.59998,544.79999,534.94897,537.00000,877886
1630998000,535.20001,541.40002,533.40002,536.59998,1059578
1631084400,535.00000,535.00000,521.79999,523.00000,1576310
1631170800,519.40002,525.20001,517.99597,523.20001,1805179
1631257200,526.00000,526.20001,513.20001,515.79999,1071008
1631516400,519.35400,523.40002,515.59998,519.59998,1381304
1631602800,519.40002,524.59998,514.79999,517.59998,827732
1631689200,517.59998,519.40002,505.39999,507.20001,1283439
1631775600,510.00000,515.79999,507.79999,513.79999,1459765
1631862000,517.59998,520.79999,510.20001,510.20001,5022952
1632121200,504.39999,508.00000,496.00000,502.00000,1574085
1632207600,503.00000,512.59998,501.00000,506.39999,2457574
1632294000,511.00000,512.79999,507.79999,510.39999,1332675
1632380400,514.00000,516.59998,508.20001,511.60001,1311546
1632466800,510.39999,510.95001,499.70001,501.20001,1749518
1632726000,503.60001,521.79999,496.00000,521.59998,3009533
1632812400,521.00000,521.79999,506.39999,506.39999,2161575
1632898800,507.60001,512.79999,506.20001,508.20001,2623335
1632985200,512.20001,514.40002,491.50000,495.20001,4532371
1633071600,491.00000,500.60001,484.29999,494.20001,2241842
1633330800,493.00000,495.39999,485.89999,486.50000,2641232
1633417200,490.00000,493.79999,487.10001,492.79999,1824056
1633503600,486.89999,488.00000,479.29999,482.89999,1898381
1633590000,490.39999,491.89999,486.29999,489.89999,1821808
1633676400,489.50000,493.50000,486.89999,492.60001,1951305
1633935600,488.79999,490.74600,482.70001,488.70001,2238339
1634022000,480.79999,493.20001,480.20001,493.20001,6082767
1634108400,492.70001,498.79999,489.37201,491.29999,2256215
1634194800,495.29999,495.29999,490.79999,492.29999,1781250
1634281200,494.20001,503.60001,494.02802,503.39999,2901094
1634540400,500.20001,502.10001,494.50000,496.70001,1473922
1634626800,499.20001,502.39999,495.10001,501.79999,1671379
1634713200,500.60001,501.20001,482.20001,485.20001,2828749
1634799600,483.60001,490.29999,481.76901,485.79999,3254455
1634886000,489.29999,489.79999,483.89999,487.29999,2025052
1635145200,487.00000,487.77499,483.68701,484.89999,1535316
1635231600,484.60001,497.10001,482.50000,491.39999,2692305
1635318000,491.39999,496.79999,489.20001,495.79999,1628182
1635404400,493.79999,495.29999,486.92499,492.39999,1201562
1635490800,489.20001,500.20001,486.89999,494.29999,2898186
1635753600,495.89999,501.60001,488.60001,495.10001,1796869
1635840000,495.00000,496.10001,488.58099,491.00000,1183060
1635926400,488.10001,493.50000,485.50000,493.50000,3274238
1636012800,495.29999,513.40002,494.96899,509.60001,4967479
1636099200,508.60001,518.20001,502.82300,517.79999,2122299
1636358400,517.00000,519.79999,505.14099,505.39999,2190682
1636444800,504.00000,511.00000,502.79999,506.00000,1470498
1636531200,505.39999,510.79999,503.20001,510.79999,1852653
1636617600,508.20001,518.00000,508.20001,515.79999,4396911
1636704000,514.79999,521.40002,507.60001,514.79999,3422731
1636963200,511.60001,522.40002,510.79999,517.40002,2945171
1637049600,521.00000,537.59998,521.00000,533.40002,4247289
1637136000,534.40002,538.40002,519.00000,523.00000,2503880
1637222400,524.40002,533.20001,521.20001,530.00000,5022939
1637308800,532.79999,535.00000,521.40002,528.79999,15906041
1637568000,529.79999,533.20001,526.40002,528.59998,1806621
1637654400,524.20001,530.40002,522.79999,524.20001,3223523
1637740800,523.59998,536.00000,523.00000,533.20001,1852774
1637827200,524.79999,539.20001,521.79999,537.59998,1539787
1637913600,520.40002,522.59998,508.39999,515.00000,3503275
1638172800,518.79999,531.40002,518.79999,521.40002,3187192
1638259200,517.79999,518.20001,501.79999,508.79999,7998284
1638345600,511.60001,521.20001,508.39999,518.20001,2725099
1638432000,511.39999,520.59998,509.39999,520.59998,3337834
1638518400,522.59998,523.40002,515.79999,517.59998,4303034
1638777600,522.59998,529.00000,521.00000,529.00000,2666099
1638864000,530.00000,534.00000,527.79999,527.79999,2946866
1638950400,525.59998,532.40002,520.00000,526.00000,3557891
1639036800,528.00000,528.00000,521.20001,522.59998,1321014
1639123200,520.79999,526.40002,519.00000,519.40002,1518688
1639382400,520.00000,522.14600,502.79999,503.00000,2728822
1639468800,504.79999,516.20001,504.79999,514.59998,2606828
1639555200,514.79999,518.59998,512.00000,515.20001,2310885
1639641600,518.00000,522.20001,505.79999,507.79999,3546866
1639728000,506.39999,519.79999,506.39999,519.00000,3711410
1639987200,510.20001,512.59998,504.39999,509.60001,2194851
1640073600,514.79999,518.20001,512.95898,518.20001,2059541
1640160000,519.79999,523.82703,515.40002,520.59998,1086925
1640246400,522.79999,527.02399,521.79999,523.00000,778477
1640332800,528.79999,529.88702,525.79999,526.59998,221722
1640764800,534.59998,536.59998,529.20001,530.00000,1091782
1640851200,529.20001,535.79999,528.94598,535.79999,1285763
1640937600,533.40002,535.59998,531.00000,531.00000,588235
1641283200,540.20001,545.79999,538.79999,545.20001,2313219
1641369600,542.79999,547.79999,537.59998,538.20001,1812260
1641456000,531.00000,543.79999,528.59998,543.59998,1761265
1641542400,541.79999,550.40002,534.59998,550.40002,3048890
1641801600,551.20001,552.04797,542.79999,550.20001,2554516
1641888000,552.59998,554.40002,543.59998,545.00000,3123332
1641974400,547.20001,548.24200,538.20001,541.40002,3117262
1642060800,541.00000,543.57501,538.20001,541.59998,2403120
1642147200,538.20001,549.40002,538.20001,544.00000,1112497
1642406400,544.00000,555.79999,542.00000,555.40002,1034413
1642492800,550.00000,558.79999,549.59998,556.40002,2429560
1642579200,553.20001,560.60199,550.26801,552.79999,1551687
1642665600,555.20001,563.79999,552.79999,552.79999,3303401
1642752000,547.00000,549.40002,537.40002,541.59998,2005165
1643011200,539.79999,543.79999,527.00000,528.59998,2075464
1643097600,535.20001,535.20001,526.00000,530.59998,2244586
1643184000,534.59998,547.59998,533.00000,540.59998,2173146
1643270400,534.59998,553.20001,534.00000,547.20001,2553841
1643356800,547.20001,549.40002,542.00000,546.00000,8417302
1643616000,550.40002,553.59998,540.20001,550.20001,3114800
1643702400,554.40002,554.59998,544.40002,545.40002,2050022
1643788800,547.79999,552.40002,543.79999,547.40002,1584615
1643875200,545.79999,552.00000,542.40002,549.20001,2378335
1643961600,551.20001,552.79999,537.40002,537.40002,3044294
1644220800,540.20001,541.69702,534.20001,537.20001,1804911
1644307200,538.59998,540.00000,535.20001,537.00000,1435228
1644393600,540.40002,547.20001,537.79999,546.40002,1120231
1644480000,549.59998,553.00000,545.40002,552.40002,3469382
1644566400,546.79999,546.79999,537.43298,545.20001,1510782
1644825600,538.00000,543.40002,532.00000,538.40002,1546144
1644912000,534.00000,540.40002,532.40002,539.40002,1142960
1644998400,539.79999,547.40002,539.59998,547.00000,1583356
1645084800,536.20001,540.59998,533.20001,539.20001,2156367
1645171200,539.20001,545.20001,536.59998,542.59998,2962597
1645430400,544.79999,545.00000,536.20001,537.40002,1967418
1645516800,528.20001,538.00000,523.20001,536.40002,1830380
1645603200,538.59998,539.59998,527.00000,528.40002,1621227
1645689600,511.39999,525.00000,504.00000,505.60001,2810221
1645776000,510.20001,531.20001,505.60001,530.20001,4483895
1646035200,521.59998,530.00000,517.00000,529.59998,4802268
1646121600,526.79999,533.40002,511.39999,512.20001,2038505
1646208000,510.20001,519.79999,506.00000,517.20001,3521277
1646294400,515.59998,519.59998,496.00000,496.00000,1761884
1646380800,496.00000,496.00000,469.10001,472.89999,2368679
1646640000,459.29999,469.10001,441.70001,463.10001,2866452
1646726400,455.00000,479.39999,453.79999,468.50000,2508241
1646812800,482.60001,495.70001,479.29999,494.70001,1925761
1646899200,496.39999,502.20001,488.01099,494.70001,1507991
1646985600,497.60001,507.20001,494.20001,499.39999,1850231
1647244800,503.20001,512.22302,501.79999,506.79999,1370710
1647331200,502.39999,507.00000,499.00000,502.79999,1333113
1647417600,509.79999,526.00000,509.79999,520.79999,2709538
1647504000,524.00000,528.00000,516.79999,521.79999,1522891
1647590400,521.79999,522.79999,509.79999,519.79999,3439756
1647849600,518.20001,520.79999,511.79999,514.00000,7785222
1647936000,514.20001,524.79999,513.59998,521.59998,1298192
1648022400,521.59998,523.00000,509.39999,510.00000,1276968
1648108800,510.00000,516.20001,509.39999,513.00000,2300052
1648195200,515.59998,527.59998,511.39999,527.59998,1636094
1648450800,529.79999,539.00000,526.79999,533.59998,1634675
1648537200,537.59998,543.79999,535.20001,543.40002,3349912
1648623600,543.59998,546.79999,538.03302,539.40002,2012152
1648710000,543.79999,546.35999,530.40002,530.40002,2604526
1648796400,533.59998,535.40002,525.00000,525.00000,2014077
1649055600,525.40002,529.00000,518.59998,519.79999,1591981
1649142000,519.20001,532.79999,519.20001,532.00000,2089033
1649228400,530.79999,530.79999,523.40002,529.59998,2727301
1649314800,532.40002,539.79999,525.00000,525.79999,1510189
1649401200,531.20001,533.59998,527.79999,530.40002,1177066
1649660400,530.00000,535.59998,528.40002,533.20001,1239546
1649746800,526.59998,529.59998,510.79999,512.20001,2163062
1649833200,511.20001,518.20001,509.39999,517.79999,1442546
1649919600,518.40002,521.59998,515.40002,521.00000,1497796
1650351600,520.79999,521.40002,510.39999,512.40002,2085325
1650438000,514.20001,516.00000,506.79999,512.20001,1242269
1650524400,514.79999,526.59998,513.79999,524.20001,1626854
1650610800,521.40002,526.59998,516.55902,516.59998,2259195
1650870000,515.40002,518.20001,504.79999,506.79999,2077785
1650956400,512.00000,517.89398,506.79999,512.20001,1644661
1651042800,512.20001,513.00000,505.00000,508.20001,1549787
1651129200,513.40002,515.40002,505.60001,509.00000,1325657
1651215600,512.20001,525.20001,510.39999,517.79999,2993642
1651561200,516.00000,522.79999,501.60001,507.79999,2340325
1651647600,508.39999,511.39999,494.10001,494.10001,2265016
1651734000,500.60001,507.00000,495.00000,499.79999,2141409
1651820400,497.10001,497.60001,487.60001,490.60001,2059477
1652079600,487.79999,490.20001,478.00000,479.50000,2267560
1652166000,484.60001,487.37900,479.20001,480.00000,1870039
1652252400,483.00000,490.20001,480.79999,489.20001,2311169
1652338800,478.70001,488.70001,478.39999,487.10001,1561601
1652425200,489.20001,501.39999,486.00000,501.39999,1410773
1652684400,502.79999,510.39999,497.79999,508.39999,1544829
1652770800,512.40002,514.40002,506.20001,506.60001,1552558
1652857200,509.00000,528.20001,501.39999,522.40002,3651626
1652943600,524.59998,526.45502,504.60001,513.79999,3611591
1653030000,517.40002,528.79999,514.40002,519.00000,2408683
1653289200,525.59998,529.79999,523.00000,529.00000,1734243
1653375600,527.20001,533.40002,520.00000,527.40002,2803997
1653462000,532.00000,534.40002,518.04401,523.00000,1822463
1653548400,524.79999,530.20001,522.79999,525.59998,3527395
1653634800,525.00000,530.00000,522.00000,526.20001,2112023
1653894000,528.20001,533.40002,524.79999,527.00000,1113219
1653980400,525.59998,528.59998,518.20001,525.59998,3838019
1654066800,531.40002,532.20001,520.59998,521.20001,2176070
1654498800,528.59998,530.20001,521.40002,530.00000,1469878
1654585200,540.00000,544.79999,531.20001,536.00000,3147024
1654671600,536.79999,537.79999,525.59998,531.59998,1887982
1654758000,530.00000,530.20001,518.59998,519.20001,1956866
1654844400,515.00000,516.40002,506.83200,513.59998,1962765
1655103600,505.79999,508.60001,495.89999,505.60001,5368583
1655190000,508.79999,514.20001,502.20001,506.60001,5008896
1655276400,511.20001,521.79999,510.79999,517.59998,1974240
1655362800,518.00000,519.79999,506.20001,508.39999,3187233
1655449200,509.79999,522.79999,506.79999,510.60001,7396978
1655708400,514.20001,518.59998,497.50000,505.79999,2174090
1655794800,508.39999,513.00000,501.60001,504.00000,1311588
1655881200,499.50000,508.00000,494.00000,505.39999,2547675
1655967600,491.00000,493.29999,474.10001,477.50000,3734270
1656054000,480.60001,494.00000,477.70001,494.00000,4264117
1656313200,498.20001,498.20001,489.89999,495.70001,2028063
1656399600,497.29999,510.39999,496.10001,507.20001,2044270
1656486000,492.00000,496.00000,459.29999,463.29999,6746024
1656572400,457.20001,459.00000,442.60001,447.10001,3252721
1656658800,446.60001,452.89999,441.70001,442.29999,1941751
1656918000,445.60001,447.60001,440.50000,443.00000,1509393
1657004400,445.50000,452.39999,440.20001,441.70001,2636960
1657090800,448.39999,457.60001,448.39999,450.50000,3177755
1657177200,453.79999,465.89999,453.79999,465.00000,2902096
1657263600,461.89999,471.29999,461.29999,467.29999,3033214
1657522800,460.20001,465.00000,455.69901,462.79999,1757408
1657609200,451.50000,455.29999,443.20001,454.50000,2470794
1657695600,454.00000,460.60001,452.39999,457.39999,3536414
1657782000,455.29999,457.10001,448.29999,449.20001,2294880
1657868400,450.79999,459.20001,446.50000,458.10001,1995430
1658127600,460.60001,463.50000,458.00000,460.89999,1303354
1658214000,459.39999,473.00000,457.20001,470.70001,1791603
1658300400,472.89999,479.00000,471.10001,474.20001,1982371
1658386800,474.70001,478.89999,470.29999,476.20001,1780329
1658473200,476.00000,491.60001,474.68100,489.10001,2107733
1658732400,487.10001,490.29999,482.29999,486.20001,1676610
1658818800,480.29999,487.20001,480.29999,481.89999,1518775
1658905200,483.00000,487.20001,474.50000,475.39999,2049564
1658991600,481.10001,482.20001,473.20001,482.20001,1759408
1659078000,484.89999,493.39999,483.22101,492.00000,1748029
1659337200,491.79999,494.29999,485.89999,485.89999,2471582
1659423600,483.70001,484.89999,478.50000,481.79999,1883576
1659510000,483.20001,486.29999,481.50000,485.70001,1746197
1659596400,485.70001,488.79999,477.79999,478.60001,3085872
1659682800,480.00000,481.79999,467.29999,467.29999,2743940
1659942000,471.29999,474.89999,460.39999,473.70001,3330824
1660028400,474.00000,476.50000,469.85400,472.29999,2933467
1660114800,473.79999,484.70001,469.89999,484.70001,2577498
1660201200,485.10001,487.79999,473.70001,475.20001,1999427
1660287600,476.10001,479.20001,474.10001,478.29999,1461028
1660546800,482.10001,482.31500,476.20001,480.00000,1277757
1660633200,482.29999,482.65201,477.50000,479.00000,1673310
1660719600,480.60001,480.79999,464.29999,465.00000,1495161
1660806000,466.79999,475.39999,464.10001,473.89999,1480289
1660892400,470.00000,471.35001,462.89999,463.39999,1457829
1661151600,462.50000,464.49899,452.50000,456.20001,1487748
1661238000,454.79999,457.70001,446.70001,446.89999,1269223
1661324400,445.00000,446.79999,435.20001,435.89999,2296646
1661410800,440.00000,440.79999,429.60001,433.00000,3403740
1661497200,437.39999,437.39999,429.29999,431.70001,1857322
1661842800,431.79999,440.39999,430.39999,431.70001,3873310
1661929200,433.50000,434.70001,429.20001,430.79999,6675827
1662015600,426.79999,427.79999,405.79999,406.10001,3945504
1662102000,408.10001,418.39999,405.70001,418.39999,2512791
1662361200,412.20001,417.70001,409.89999,412.70001,1313662
1662447600,412.39999,421.10001,410.79999,417.29999,2031140
1662534000,413.00000,416.60001,411.50000,414.20001,1519754
1662620400,417.50000,418.54300,407.50000,410.79999,1903929
1662706800,411.50000,416.29999,411.50000,414.10001,1713808
1662966000,417.20001,423.89999,417.20001,422.89999,2904406
1663052400,425.10001,426.29999,409.10001,409.89999,2961916
1663138800,408.70001,411.20001,402.60001,406.20001,2460401
1663225200,410.00000,415.29999,406.10001,408.29999,2029736
1663311600,400.00000,414.60001,394.29999,410.10001,11690658
1663657200,407.29999,411.29999,388.60001,392.70001,3511881
1663743600,388.20001,400.29999,387.39999,398.10001,2294489
1663830000,390.60001,393.70001,378.70001,378.70001,2446961
1663916400,380.89999,380.89999,356.60001,361.89999,5732230
1664175600,364.00000,364.00000,348.89999,361.62799,3032596
1664262000,354.10001,356.70001,333.70001,334.39999,5031108
1664348400,332.10001,353.60001,317.79999,353.60001,8041640
1664434800,351.29999,351.70001,336.39999,340.00000,3438299
1664521200,335.10001,350.70001,335.10001,350.70001,5373186
1664780400,347.60001,355.79999,345.59100,355.79999,3455304
1664866800,357.60001,363.89999,353.20001,354.50000,3147400
1664953200,353.50000,357.16000,337.20001,340.70001,3843159
1665039600,346.50000,347.00000,338.00000,341.79999,2309869
1665126000,341.00000,345.00000,336.70001,340.10001,2155835
1665385200,336.70001,343.79999,334.10001,335.50000,2199195
1665471600,333.79999,335.70001,328.70001,331.89999,2385698
1665558000,329.10001,330.39999,318.29999,324.79999,4631290
1665644400,321.20001,340.50000,318.20001,330.10001,3599395
1665730800,335.00000,341.70001,326.89999,333.50000,5661454
1665990000,333.89999,351.20001,333.00000,350.79999,4162067
1666076400,353.10001,357.00000,347.50000,348.79999,5305014
1666162800,349.89999,350.82501,337.54999,341.10001,3181652
1666249200,340.20001,350.29999,337.20099,346.70001,3944339
1666335600,343.10001,347.10001,335.70001,344.29999,3595541
1666594800,350.89999,353.89999,341.50000,350.00000,3173718
1666681200,351.00000,363.10001,346.89999,363.10001,5710565
1666767600,361.00000,366.89999,358.89999,364.50000,7014493
1666854000,364.50000,372.10001,361.60001,368.70001,2814666
1666940400,365.60001,365.60001,359.10001,364.89999,1618281
1667203200,365.70001,367.20001,360.29999,365.89999,2510765
1667289600,367.50000,376.79999,365.89999,372.50000,2804384
1667376000,373.89999,375.10001,365.39999,373.89999,2628771
1667462400,370.89999,373.10001,362.10001,368.50000,3288616
1667548800,366.39999,377.00000,364.50000,374.39999,5614864
1667808000,372.00000,382.70001,370.70001,380.20001,3393247
1667894400,378.10001,381.20001,374.97000,381.20001,2835825
1667980800,380.39999,383.10001,374.00000,382.00000,1932905
1668067200,380.10001,407.00000,375.70001,405.20001,3705054
1668153600,403.39999,417.50000,400.10001,403.10001,2631055
1668412800,405.10001,405.60699,396.20001,398.29999,2216977
1668499200,398.60001,402.60001,391.89999,396.10001,2093995
1668585600,397.70001,398.29999,384.79999,391.70001,2570985
1668672000,397.70001,400.70001,389.39999,399.50000,4119825
1668758400,400.79999,407.29999,396.00000,407.00000,16230195
1669017600,408.00000,412.89999,405.20001,407.60001,2801105
1669104000,407.70001,412.70001,404.85001,409.60001,3068601
1669190400,412.00000,417.20001,409.00000,415.00000,3852214
1669276800,405.20001,414.39999,403.39999,406.00000,1716614
1669363200,405.29999,406.60001,398.39999,405.70001,2721026
1669622400,405.60001,409.10001,402.50000,404.29999,2747675
1669708800,404.60001,412.29999,401.10001,404.70001,3995428
1669795200,407.20001,409.50000,389.29999,394.29999,11554656
1669881600,402.39999,405.10001,395.70001,397.00000,2110117
1669968000,399.60001,404.89999,396.00000,401.50000,3150949
1670227200,400.70001,406.29999,399.00000,401.20001,1657668
1670313600,401.20001,406.10001,397.89999,401.60001,3481585
1670400000,400.00000,403.50000,399.00000,400.10001,1961357
1670486400,399.70001,401.60001,387.60001,395.29999,18396038
1670572800,397.20001,398.89999,391.29999,396.60001,2821919
1670832000,394.70001,395.10001,383.00000,388.29999,2701378
1670918400,390.50000,401.89999,385.60001,395.29999,3251243
1671004800,396.79999,403.29999,393.50000,400.39999,2438067
1671091200,398.39999,405.20001,396.10001,400.29999,2866308
1671177600,400.10001,401.10001,381.89999,388.00000,4442156
1671436800,386.60001,391.60001,384.70001,388.50000,2269976
1671523200,385.60001,387.20001,377.29999,383.39999,1998214
1671609600,386.39999,394.39999,386.00000,393.10001,1302334
1671696000,392.00000,395.00000,390.39999,391.70001,1135718
1671782400,392.10001,398.60001,389.39999,394.10001,753815
1672214400,396.60001,400.60001,394.50000,396.00000,1135180
1672300800,396.10001,398.29999,391.00000,398.29999,940443
1672387200,397.10001,400.29999,395.10001,395.10001,553670
1672732800,398.00000,409.39999,397.07101,408.20001,2890139
1672819200,410.00000,416.29999,408.50000,412.79999,2012595
1672905600,412.10001,416.44101,408.60001,409.50000,2608285
1672992000,411.29999,411.29999,406.00000,410.20001,1566531
1673251200,415.00000,415.50000,406.89999,410.00000,2527004
1673337600,408.29999,412.39999,403.41901,410.20001,7958184
1673424000,413.20001,421.39999,410.00000,420.29999,2644854
1673510400,420.00000,433.60001,417.29300,430.89999,3490162
1673596800,433.00000,434.50000,428.39999,432.50000,1928144
1673856000,434.10001,441.29999,431.20001,440.50000,2000558
1673942400,440.10001,443.00000,436.79999,441.60001,2206170
1674028800,449.70001,454.10001,437.00000,437.00000,2848543
1674115200,440.39999,440.39999,430.07199,435.60001,2316918
1674201600,437.10001,438.10001,429.89999,433.79999,1691535
1674460800,435.00000,437.20001,431.39999,434.70001,1506156
1674547200,436.60001,438.89999,434.00000,435.89999,1316788
1674633600,436.00000,440.10001,433.29999,436.10001,1594091
1674720000,438.89999,442.79999,435.20001,439.10001,2992256
1674806400,439.50000,444.10001,438.93100,441.50000,1476020
1675065600,440.20001,442.39999,438.29999,442.39999,1201418
1675152000,440.00000,443.79999,438.70001,442.39999,2541530
1675238400,444.89999,449.70001,442.70001,446.60001,3524745
1675324800,451.20001,471.39999,450.78900,471.39999,3727650
1675411200,469.20001,470.10001,460.50000,466.89999,2696107
1675670400,465.60001,465.60001,449.39999,455.89999,1908285
1675756800,456.29999,458.05801,446.60001,452.10001,2439354
1675843200,453.39999,461.10001,452.00000,455.29999,1659451
1675929600,457.00000,461.67599,453.20001,455.29999,1387859
1676016000,453.00000,454.20001,445.10001,450.10001,1470313
1676275200,452.29999,452.75000,448.89999,452.39999,927565
1676361600,453.00000,455.70001,447.00000,447.70001,1403166
1676448000,448.39999,449.29999,444.29999,446.39999,1549482
1676534400,448.29999,452.20001,443.60001,448.10001,5072785
1676620800,444.20001,450.10001,440.50000,447.70001,3457027
1676880000,449.60001,449.60001,442.20001,445.79999,1026041
1676966400,443.20001,444.20001,436.70001,439.29999,2428393
1677052800,438.70001,438.70001,431.88000,436.79999,2320474
1677139200,437.10001,440.10001,434.89999,438.79999,1843163
1677225600,439.10001,442.60001,436.39999,437.20001,1809854
1677484800,440.00000,446.89999,439.51999,446.29999,2033969
1677571200,443.89999,450.00000,442.60001,446.70001,3615271
1677657600,445.39999,446.50000,441.00000,441.89999,2602228
1677744000,440.00000,445.06000,438.29999,442.89999,1006395
1677830400,443.60001,447.00000,442.89999,444.10001,2479816
1678089600,444.89999,453.60001,443.39999,453.60001,2202046
1678176000,451.10001,454.89999,443.29999,444.29999,1295706
1678262400,441.50000,522.29498,433.29999,433.60001,10053047
1678348800,432.60001,433.00000,419.20001,419.20001,2467787
1678435200,414.50000,415.79999,406.00000,409.70001,4265171
1678694400,410.00000,414.60001,396.10001,404.60001,4343431
1678780800,405.60001,416.20001,404.79999,411.00000,2362306
1678867200,410.89999,412.00000,400.79999,406.89999,4771413
1678953600,409.00000,413.00000,394.79999,399.89999,4820372
1679040000,399.60001,403.89999,390.29999,391.39999,6837614
1679299200,388.00000,400.70001,382.50000,399.79999,1538304
1679385600,403.50000,403.79999,398.89999,398.89999,2153672
1679472000,384.20001,384.39999,370.85001,375.00000,6234793
1679558400,375.00000,375.39999,364.10001,367.79999,6606084
1679644800,365.60001,366.39999,359.00000,366.10001,4164933
1679900400,369.79999,370.65500,363.00000,365.89999,2262138
1679986800,370.29999,371.29999,361.70001,363.60001,5386436
1680073200,366.20001,376.29999,364.50000,374.10001,3690590
1680159600,377.20001,390.89999,377.20001,388.50000,2628654
1680246000,389.89999,390.79999,384.00000,387.79999,3456907
1680505200,386.89999,393.39999,383.29999,390.10001,2549996
1680591600,391.10001,395.39999,388.00000,388.50000,3587750
1680678000,390.00000,390.39999,379.50000,382.29999,2109441
1680764400,381.89999,393.10001,381.81900,393.10001,2041462
1681196400,395.79999,397.20001,387.10001,389.70001,2366158
1681282800,390.39999,396.39999,389.10001,392.39999,3047796
1681369200,394.50000,394.50000,386.89999,388.89999,2884971
1681455600,392.00000,400.29999,389.89999,394.50000,2275874
1681714800,395.89999,398.68799,393.60001,396.29999,961203
1681801200,397.89999,399.10001,391.50000,391.50000,2203462
1681887600,389.89999,391.12000,380.70001,385.70001,2930495
1681974000,389.50000,389.89999,383.00000,386.00000,3535479
1682060400,386.39999,388.79999,383.00000,384.10001,3377008
1682319600,385.20001,388.79999,382.37299,388.79999,2419963
1682406000,387.10001,387.10001,380.29999,383.39999,2229082
1682492400,383.70001,389.50000,381.70001,388.89999,3320518
1682578800,386.00000,392.70001,383.00000,389.60001,2132669
1682665200,391.20001,400.20001,387.79999,400.20001,4329953
1683010800,398.79999,400.40302,392.00000,392.10001,3521104
1683097200,391.39999,394.50000,388.60001,393.60001,10898130
1683183600,391.39999,395.39999,386.20001,393.29999,5259304
1683270000,398.00000,400.70001,393.60001,398.29999,1499987
1683615600,394.00000,394.89999,383.79999,386.89999,3754946
1683702000,388.70001,388.70001,381.10001,385.70001,1725915
1683788400,386.00000,390.00000,378.79999,382.00000,1637070
1683874800,383.00000,383.60001,371.10001,371.10001,3030771
1684134000,372.89999,376.10001,370.95599,375.10001,3695817
1684220400,375.00000,381.29999,373.50000,377.89999,2983525
1684306800,376.20001,377.89999,346.29999,356.50000,9468581
1684393200,358.50000,361.70001,351.00000,351.00000,4667618
1684479600,346.89999,356.60001,346.89999,356.20001,3119524
1684738800,356.79999,358.00000,353.39999,356.39999,3517049
1684825200,355.89999,367.70001,354.70001,365.70001,4335321
1684911600,362.20001,363.89999,350.79999,356.60001,3826158
1684998000,356.60001,356.79999,350.39999,352.50000,2634166
1685084400,353.10001,353.75900,345.70001,345.70001,3136262
1685430000,345.60001,350.39999,342.89999,343.39999,3228092
1685516400,342.00000,345.00000,340.00000,343.00000,19494480
1685602800,345.79999,346.39999,340.79999,345.70001,2232659
1685689200,348.00000,356.70001,348.00000,355.29999,2416121
1685948400,358.29999,358.89999,351.10001,352.50000,1897680
1686034800,351.29999,357.50000,348.39999,356.39999,2699522
1686121200,355.50000,355.50000,351.00000,352.50000,3129393
1686207600,352.50000,354.60001,350.60001,351.00000,5312053
1686294000,348.00000,351.00000,345.50000,347.00000,4725564
1686553200,344.00000,351.10001,341.00000,343.89999,3061707
1686639600,345.89999,346.00000,333.00000,336.70001,3241711
1686726000,336.00000,339.19901,334.00000,334.70001,4474175
1686812400,336.00000,337.79999,331.39999,334.70001,4047188
1686898800,334.70001,345.70001,333.89999,343.00000,26758451
1687158000,337.10001,342.50000,335.10001,337.00000,2730597
1687244400,334.89999,339.10001,333.10001,335.89999,3691962
1687330800,333.50000,334.10001,324.39999,329.20001,4352731
1687417200,318.00000,321.09500,306.70001,308.39999,6961697
1687503600,307.00000,308.29999,297.39999,297.50000,3425896
1687762800,298.50000,299.70001,294.70001,297.50000,5042939
1687849200,298.10001,298.79999,292.70001,297.29999,4810531
1687935600,296.79999,309.29999,294.50000,303.89999,8586413
1688022000,304.79999,306.70001,298.10001,300.60001,3394472
1688108400,303.89999,307.00000,300.79999,302.79999,5578783
1688367600,305.00000,313.29999,304.00000,313.29999,3396967
1688454000,312.39999,320.81500,312.10001,318.79999,2463295
1688540400,313.20001,318.29999,311.20001,318.29999,2763750
1688626800,313.39999,315.00000,303.20001,303.20001,4117455
1688713200,302.60001,305.00000,298.50000,303.00000,2318482
1688972400,294.39999,304.70001,292.79999,303.20001,3239832
1689058800,310.10001,314.79999,306.20001,314.79999,3366256
1689145200,316.00000,327.70001,313.39999,323.70001,3301468
1689231600,326.10001,329.64999,323.79999,328.00000,5716656
1689318000,326.70001,328.60001,324.89999,325.89999,2697151
1689577200,322.79999,325.79999,318.89999,318.89999,2536898
1689663600,318.50000,326.29999,317.60001,324.79999,3382427
1689750000,334.50000,359.89999,334.50000,354.29999,8876075
1689836400,355.20001,362.39999,349.39999,350.89999,5675588
1689922800,351.20001,351.20001,344.20001,345.89999,3355003
1690182000,343.20001,351.60001,340.79999,340.89999,3209428
1690268400,341.29999,344.59799,338.79999,341.89999,1976678
1690354800,340.20001,344.20001,337.79999,342.60001,1983615
1690441200,346.29999,348.50000,339.29999,341.10001,2820346
1690527600,339.39999,339.70001,334.00000,336.00000,3921895
1690786800,333.89999,340.89999,332.75000,338.00000,2810522
1690873200,336.79999,342.10001,333.00000,334.10001,1441046
1690959600,329.89999,333.60001,327.29999,332.50000,1819758
1691046000,329.39999,340.10001,328.60001,333.79999,2981915
1691132400,330.39999,335.99899,327.60001,331.79999,2172246
1691391600,328.89999,333.39999,328.70001,332.00000,1618479
1691478000,332.10001,335.79999,329.29999,333.60001,1604395
1691564400,337.50000,338.50101,328.29999,330.50000,1740465
1691650800,331.79999,337.50000,330.45401,334.50000,1959909
1691737200,328.89999,331.16501,314.95001,316.70001,4653583
1691996400,315.89999,320.29999,314.70001,317.79999,6331529
1692082800,317.00000,319.00000,311.29999,317.70001,3714982
1692169200,316.20001,317.39999,313.10001,316.50000,2620212
1692255600,313.60001,318.50000,312.39999,315.79999,3685835
1692342000,315.10001,315.89999,308.10001,310.60001,2746224
1692601200,309.00000,311.60001,302.50000,304.00000,2589298
1692687600,307.00000,309.10001,303.10001,308.60001,2661927
1692774000,307.10001,318.20001,306.00000,316.89999,2886633
1692860400,317.60001,328.29999,315.29999,316.29999,2352821
1692946800,315.20001,317.29999,312.39999,313.89999,2051067
1693292400,312.00000,318.60001,308.29999,315.70001,7290545
1693378800,314.70001,322.89999,313.29999,322.00000,7107727
1693465200,322.00000,330.89999,321.89999,323.60001,118687596
1693551600,325.20001,325.20001,314.50000,314.50000,11917746
1693810800,312.79999,315.60001,310.00000,310.10001,3335922
1693897200,308.00000,314.20001,304.79999,311.79999,5425049
1693983600,309.50000,321.10001,307.29999,313.60001,20384977
1694070000,311.29999,313.89999,307.10001,311.70001,3754536
1694156400,312.20001,314.79999,310.39999,311.10001,5637179
1694415600,310.79999,317.00000,310.20001,313.29999,2232821
1694502000,313.79999,315.39999,310.60001,311.29999,6633320
1694588400,312.29999,315.79999,308.00000,314.10001,4275967
1694674800,314.10001,327.48199,312.29999,327.39999,6682978
1694761200,329.79999,332.70099,321.20001,323.00000,8921853
1695020400,319.50000,320.79999,308.10001,308.20001,2546413
1695106800,311.70001,316.29999,308.50000,309.10001,3926100
1695193200,318.10001,328.70001,317.00000,321.10001,4640812
1695279600,317.20001,330.69199,317.00000,322.29999,5506599
1695366000,318.29999,324.89999,318.29999,320.20001,3774618
1695625200,317.79999,320.60001,312.60001,316.10001,10918541
1695711600,313.10001,327.00000,313.10001,326.79999,6801339
1695798000,317.39999,322.89899,315.50000,315.79999,8408576
1695884400,313.20001,315.70001,308.10001,308.70001,4188924
1695970800,309.20001,323.10001,308.29999,316.89999,5064890
1696230000,318.89999,322.20001,308.60001,310.00000,3603358
1696316400,306.20001,310.70001,304.60001,306.29999,6402176
1696402800,304.29999,315.50000,303.70001,309.39999,16248844
1696489200,309.89999,315.10001,309.20001,312.10001,3698921
1696575600,315.00000,316.20401,306.79999,313.29999,8671729
1696834800,319.00000,319.00000,307.39999,310.20001,1504829
1696921200,313.29999,321.50000,308.50000,319.39999,2642034
1697007600,312.29999,322.39999,312.29999,322.39999,3539191
1697094000,316.89999,325.29999,315.29999,316.29999,2873692
1697180400,319.60001,320.60001,308.60001,309.00000,2857632
1697439600,307.00000,316.10001,307.00000,311.39999,14335131
1697526000,310.00000,316.39999,310.00000,312.89999,4091690
1697612400,313.00000,314.79999,303.70001,303.79999,3632219
1697698800,301.60001,305.50000,295.79999,295.79999,3655104
1697785200,294.60001,299.39999,292.10001,297.50000,14942330
1698044400,299.50000,302.10001,290.79999,298.20001,2922691
1698130800,296.29999,301.10001,294.20001,296.89999,2234404
1698217200,297.70001,301.04401,289.29999,291.79999,2703678
1698303600,289.39999,297.70001,287.29999,293.79999,2604651
1698390000,297.00000,299.70001,294.18799,295.20001,2120495
1698652800,296.00000,299.70001,292.00000,293.70001,15409019
1698739200,290.00000,301.60001,290.00000,297.50000,3165083
1698825600,297.39999,299.79999,291.79999,297.39999,3918828
1698912000,300.00000,322.60001,300.00000,318.00000,7212514
1698998400,319.79999,329.70001,315.10001,325.70001,3613518
1699257600,327.89999,328.00000,314.10001,314.50000,4020115
1699344000,312.79999,319.79999,310.50000,316.39999,3566983
1699430400,315.89999,319.00000,315.20001,315.89999,2467718
1699516800,310.10001,318.60001,310.10001,313.60001,27281708
1699603200,311.29999,315.89999,307.40100,313.70001,4640183
1699862400,318.20001,334.10001,316.00000,319.50000,12992832
1699948800,322.29999,350.50000,320.20001,350.50000,8418405
1700035200,359.00000,370.39999,347.20001,354.50000,10223436
1700121600,352.29999,359.40799,344.29999,351.29999,3226713
1700208000,353.20001,369.60001,353.20001,367.20001,7207972
1700467200,367.10001,371.50000,364.60001,369.00000,9507995
1700553600,368.39999,371.39999,358.70001,360.20001,3756403
1700640000,358.00000,369.50000,355.79999,362.20001,4509876
1700726400,350.60001,354.89999,342.89999,347.50000,3006314
1700812800,345.29999,349.00000,343.29999,345.50000,8740560
1701072000,343.70001,348.89999,343.70001,348.50000,5137989
1701158400,348.00000,348.79999,340.00000,345.79999,5975682
1701244800,345.20001,357.70001,345.20001,352.89999,3409258
1701331200,351.10001,356.70001,350.60001,351.60001,8758655
1701417600,352.50000,362.79999,349.79999,360.89999,3519110
1701676800,367.00000,367.89999,357.20001,361.00000,2796249
1701763200,364.79999,371.20001,363.29999,369.89999,3576923
1701849600,371.29999,376.60001,367.70001,376.39999,17374637
1701936000,372.70001,377.60001,368.96301,375.10001,2836249
1702022400,374.60001,381.29999,371.50000,376.20001,7242702
1702281600,375.70001,390.89999,375.29999,387.89999,5059664
1702368000,386.79999,396.79999,384.20001,384.20001,5979722
1702454400,384.00000,392.20001,383.28000,387.70001,5381185
1702540800,400.29999,417.89999,400.00000,413.10001,5126588
1702627200,413.00000,421.89999,407.50000,409.29999,7418734
1702886400,405.79999,409.79999,396.79999,408.50000,3885097
1702972800,409.39999,414.60001,404.70001,405.60001,37093001
1703059200,410.60001,415.35101,406.70001,409.79999,34248261
1703145600,405.39999,408.00000,402.39999,405.29999,2132407
1703232000,402.60001,406.70001,393.29999,406.00000,4247088
1703664000,407.10001,409.70001,404.79999,407.89999,1390782
1703750400,408.10001,409.70001,403.29999,405.79999,1753680
1703836800,406.89999,411.70001,398.50000,399.60001,788274
1704182400,399.29999,403.39999,396.00000,397.29999,2205337
1704268800,396.79999,401.00000,392.29999,394.89999,3401612
1704355200,393.79999,398.99899,393.20001,395.79999,2396906
1704441600,392.29999,397.89999,390.25000,395.39999,2824336
1704700800,400.00000,400.50000,390.79999,400.50000,1958671
1704787200,399.20001,402.50000,393.70001,398.89999,5720839
1704873600,394.39999,401.70801,394.39999,395.70001,3518773
1704960000,400.00000,405.60001,395.00000,395.50000,3509916
1705046400,388.20001,406.10001,388.20001,402.10001,6055473
1705305600,402.10001,405.00000,396.70001,398.60001,2246732
1705392000,394.60001,400.00000,393.60001,396.10001,6362631
1705478400,387.70001,390.99600,378.06000,380.50000,7771725
1705564800,384.10001,386.50000,376.60001,378.70001,7090903
1705651200,382.60001,382.60001,375.02899,375.10001,7559549
1705910400,375.10001,381.60001,374.10001,376.50000,4406716
1705996800,377.70001,379.29999,363.89999,365.60001,15824227
1706083200,369.60001,375.70001,366.89999,373.60001,3339548
1706169600,370.79999,374.89999,367.39999,372.10001,2753110
1706256000,373.60001,375.04999,370.00000,371.50000,3033748
1706515200,372.39999,377.29999,368.29999,377.29999,1447241
1706601600,379.60001,382.50000,377.10001,378.39999,2065707
1706688000,381.89999,384.89999,378.50000,382.00000,10632810
1706774400,379.00000,383.79999,372.79999,375.79999,2697360
1706860800,380.20001,387.00000,375.39999,379.39999,2969575
1707120000,378.29999,386.50000,376.89999,378.89999,2650179
1707206400,381.79999,385.79999,376.29999,381.89999,2453399
1707292800,381.00000,384.70001,379.20001,379.70001,4940095
1707379200,378.39999,384.00000,377.60001,377.79999,3025946
1707465600,386.00000,392.89999,367.60001,368.29999,1410376
1707724800,368.00000,376.20001,368.00000,373.00000,2221453
1707811200,374.00000,374.39999,365.39999,366.29999,2966365
1707897600,367.50000,375.00000,367.50000,368.20001,2694387
1707984000,370.50000,377.10001,368.00000,375.00000,2272476
1708070400,378.89999,381.60001,372.29999,374.79999,1953199
1708329600,384.00000,384.00000,370.79999,374.20001,1328816
1708416000,373.89999,373.89999,368.29999,372.10001,2183907
1708502400,370.20001,376.79999,369.39999,369.39999,3998845
1708588800,369.70001,373.10001,359.39999,360.60001,5456731
1708675200,369.20001,369.20001,360.29999,361.39999,2990419
1708934400,369.00000,369.00000,357.29999,357.39999,7580653
1709020800,357.39999,361.20001,352.29999,353.89999,3523520
1709107200,352.89999,354.00000,342.29999,346.70001,5197225
1709193600,348.00000,358.29999,346.29999,347.89999,5598023
1709280000,348.70001,358.67899,348.70001,358.50000,2558336
1709539200,358.00000,359.89999,353.79999,356.50000,2931475
1709625600,358.29999,359.79999,349.50000,357.60001,3046557
1709712000,357.70001,365.72000,356.00000,360.79999,6094958
1709798400,361.10001,366.70001,356.29999,358.89999,2410525
1709884800,362.50000,369.10001,357.00000,367.70001,3537650
1710144000,366.79999,371.39999,360.89999,366.39999,2373368
1710230400,367.89999,368.89999,362.39999,364.00000,2619789
1710316800,367.39999,369.79999,361.89999,368.39999,2154949
1710403200,361.79999,374.63000,361.50000,366.10001,2511524
1710489600,373.79999,374.79999,364.89999,368.20001,6918940
1710748800,366.39999,380.20001,365.20001,372.50000,3491266
1710835200,371.20001,373.50000,367.20001,369.60001,1496703
1710921600,369.50000,375.00000,368.79999,374.00000,1458648
1711008000,380.89999,391.89999,380.10001,391.00000,3991140
1711094400,391.79999,394.79999,388.78000,393.89999,2938199
1711353600,391.60001,394.20001,388.00000,392.00000,4546047
1711440000,390.89999,396.79999,390.44000,393.60001,1902147
1711526400,393.00000,395.70001,388.60001,393.20001,4117461
1711612800,383.60001,402.10001,383.60001,395.20001,2450573
1712041200,393.20001,399.00000,381.79999,383.20001,3161533
1712127600,383.20001,384.84000,377.60001,382.79999,3506740
1712214000,382.79999,390.00000,379.51999,389.20001,6773889
1712300400,384.00000,387.00000,382.60001,385.20001,1459637
1712559600,384.39999,390.39999,381.00000,390.39999,7571039
1712646000,389.00000,391.79999,386.20001,388.60001,1227975
1712732400,390.39999,394.79999,379.16000,381.79999,4038985
1712818800,380.39999,385.60001,378.60001,383.60001,9496013
1712905200,387.79999,387.79999,379.79999,379.79999,2330292
1713164400,379.60001,385.39999,376.35999,379.79999,1562006
1713250800,372.39999,375.00000,369.39999,373.20001,2581614
1713337200,368.00000,374.79999,364.39999,369.00000,3607994
1713423600,372.39999,379.39999,370.39999,379.39999,1657289
1713510000,378.00000,381.79999,376.20001,380.20001,1490886
1713769200,383.39999,388.60001,380.00000,386.79999,3174503
1713855600,388.60001,393.00000,387.16000,393.00000,7474578
1713942000,395.00000,395.00000,385.79999,388.20001,2291709
1714028400,389.20001,394.00000,386.20001,388.39999,2167807
1714114800,391.00000,395.79999,388.64001,392.79999,1952694
1714374000,392.00000,395.00000,385.20001,391.20001,2197898
1714460400,391.00000,394.39999,387.79999,388.00000,2196409
1714546800,387.20001,391.39999,382.00000,388.79999,3521553
1714633200,390.20001,396.60001,388.00000,393.60001,2533781
1714719600,388.20001,406.20001,388.20001,403.60001,3379319
1715065200,408.39999,419.39999,406.23999,417.60001,3217562
1715151600,417.60001,420.79999,413.60001,418.60001,3407501
1715238000,417.39999,421.66199,412.71100,415.20001,2071658
1715324400,416.39999,418.99399,404.20001,407.60001,5049160
1715583600,407.79999,409.20001,401.20001,402.39999,1386872
1715670000,401.00000,408.79999,398.00000,401.20001,2061779
1715756400,404.79999,413.39999,402.60001,409.39999,2957456
1715842800,407.39999,414.00000,399.79999,405.00000,3542763
1715929200,404.00000,409.20001,400.17999,403.20001,1831548
1716188400,410.00000,410.00000,397.39999,398.60001,1557053
1716274800,395.00000,397.79999,393.20001,394.79999,2210958
1716361200,394.79999,406.60001,389.00000,403.20001,6550542
1716447600,400.00000,405.00000,397.00000,399.00000,4177592
1716534000,396.00000,411.00000,391.60001,409.39999,2986833
1716879600,412.00000,422.60001,406.79999,422.60001,4311253
1716966000,421.00000,424.00000,414.79999,417.39999,3937160
1717052400,418.79999,435.06000,414.60001,431.60001,4609604
1717138800,431.20001,441.00000,428.60001,437.79999,8444668
1717398000,439.60001,446.79999,433.20001,444.60001,4560760
1717484400,443.00000,445.60001,437.39999,442.79999,5283237
1717570800,443.79999,446.20001,432.60001,437.79999,2992601
1717657200,438.60001,442.79999,434.60001,437.39999,12330547
1717743600,437.79999,437.79999,426.79999,429.20001,2112227
1718002800,422.60001,432.00000,420.00000,430.20001,6397981
1718089200,432.00000,433.60001,423.79999,423.79999,10039368
1718175600,428.39999,437.20001,421.79999,437.20001,3165736
1718262000,435.60001,437.20001,424.60001,424.60001,2992967
1718348400,424.39999,429.00000,421.39999,426.60001,1723372
1718607600,427.20001,430.39999,423.52600,427.79999,1844794
1718694000,428.79999,437.20001,427.39999,435.20001,2805404
1718780400,430.79999,433.79999,421.79999,424.20001,2909240
1718866800,411.00000,426.79999,410.39999,416.60001,2477016
1718953200,417.39999,418.60001,409.60001,413.00000,4716137
1719212400,412.79999,415.00000,407.20001,412.39999,2174811
1719298800,411.00000,415.39999,407.39999,409.00000,12776010
1719385200,410.39999,412.20001,404.00000,405.20001,1428576
1719471600,405.79999,410.24399,404.60001,409.20001,4314487
1719558000,406.39999,413.60001,402.60001,411.60001,1545726
1719817200,419.60001,423.79999,406.79999,408.20001,1787637
1719903600,411.60001,412.00000,404.20001,407.20001,1628019
1719990000,408.79999,418.60001,405.59299,411.39999,4093314
1720076400,416.60001,417.00000,408.79999,416.00000,1226338
1720162800,415.00000,421.00000,413.60001,415.20001,7042687
1720422000,413.79999,414.20001,405.60001,410.39999,6143999
1720508400,405.60001,412.39999,401.20001,402.60001,6020516
1720594800,411.79999,414.00000,405.39999,410.20001,8967908
1720681200,411.39999,419.20001,407.39999,419.00000,3936870
1720767600,420.79999,420.95999,409.39999,416.79999,2759051
1721026800,417.00000,418.00000,413.39999,416.79999,2132728
1721113200,412.79999,421.79999,410.00000,415.60001,1960513
1721199600,412.00000,420.39999,410.39999,413.00000,1656984
1721286000,410.00000,424.39999,410.00000,410.20001,2844153
1721372400,410.00000,410.00000,401.60001,402.79999,1797933
1721631600,405.79999,408.20001,402.79999,404.60001,2230978
1721718000,404.00000,404.60001,397.60001,399.00000,1560630
1721804400,394.60001,399.20001,388.20001,388.79999,2842572
1721890800,388.00000,393.00000,383.12601,392.79999,2024305
1721977200,392.00000,403.79999,392.00000,399.79999,2475717
1722236400,402.39999,413.39999,393.79999,403.60001,2298502
1722322800,403.60001,412.79999,403.60001,406.79999,4883041
1722409200,411.79999,418.60001,407.79999,411.60001,2341421
1722495600,411.00000,427.79999,404.00000,411.20001,6384707
1722582000,408.60001,414.00000,403.00000,405.79999,2814976
1722841200,395.60001,402.60001,389.20001,395.39999,2435830
1722927600,397.79999,401.00000,388.00000,393.39999,3552740
1723014000,394.60001,400.79999,388.20001,393.00000,3522012
1723100400,391.20001,395.79999,385.39999,392.60001,1506424
1723186800,396.00000,402.39999,392.39999,396.60001,10129463
1723446000,396.60001,402.00000,388.60001,395.00000,12114219
1723532400,395.00000,402.20001,389.00000,397.60001,4299953
1723618800,393.60001,402.00000,389.79999,400.20001,14393762
1723705200,400.60001,402.60001,395.20001,402.39999,3228597
1723791600,403.60001,417.39999,397.39999,399.79999,3645204
1724050800,399.20001,404.79999,393.39999,401.60001,9299350
1724137200,404.79999,406.60001,399.00000,402.00000,2970506
1724223600,401.79999,410.39999,400.20001,404.79999,2734186
1724310000,405.79999,408.79999,400.20001,405.39999,3197444
1724396400,405.39999,417.39999,405.00000,410.20001,2848796
1724742000,406.60001,415.60001,402.39999,410.00000,1971095
1724828400,410.79999,417.60001,402.60001,407.39999,1547059
1724914800,412.20001,412.20001,400.20001,400.20001,10016189
1725001200,400.60001,413.79999,399.00000,411.20001,5456070
1725260400,414.79999,421.60001,409.60001,418.79999,2205844
1725346800,416.60001,420.79999,412.39999,420.79999,2052552
1725433200,416.00000,429.79999,415.39999,429.79999,4063134
1725519600,428.60001,440.79999,428.00000,434.20001,2444512
1725606000,435.79999,443.79999,433.00000,442.00000,4876528
1725865200,444.00000,444.60001,430.98700,435.60001,1754886
1725951600,435.00000,444.79999,430.00000,441.60001,2148119
1726038000,439.39999,444.20001,434.00000,443.79999,2415261
1726124400,447.39999,449.79999,443.20001,447.60001,2877458
1726210800,449.79999,455.60001,447.00000,455.00000,2237865
1726470000,455.79999,462.39999,454.00000,462.39999,4877001
1726556400,463.79999,467.79999,454.79999,461.00000,9591730
1726642800,460.60001,463.00000,455.39999,457.20001,3745191
1726729200,462.79999,467.39999,456.60001,458.79999,17052555
1726815600,456.79999,457.39999,448.20001,448.20001,7850127
1727074800,448.00000,451.20001,443.79999,449.60001,1688009
1727161200,451.60001,454.20001,440.60001,443.20001,8408753
1727247600,441.20001,446.79999,441.20001,443.20001,1172336
1727334000,446.60001,450.00000,442.20001,445.39999,1886199
1727420400,444.20001,448.20001,441.39999,445.39999,1997857
1727679600,443.00000,446.20001,433.79999,435.39999,24622513
1727766000,441.79999,445.00000,435.60001,440.20001,2957385
1727852400,437.39999,442.39999,436.60001,437.79999,2047729
1727938800,435.20001,438.60001,430.20001,434.00000,7495811
1728025200,434.39999,437.79999,428.20001,428.20001,3456132
1728284400,433.00000,433.00000,422.55801,422.60001,12208674
1728370800,421.39999,423.39999,418.38000,423.39999,4083297
1728457200,424.20001,430.79999,422.79999,430.00000,3105827
1728543600,430.20001,431.20001,422.79999,426.39999,2356001
1728630000,427.39999,429.00000,424.60001,427.79999,1852326
1728889200,426.60001,428.00000,423.00000,426.00000,1356047
1728975600,430.00000,432.20001,426.20001,431.00000,2920186
1729062000,434.60001,441.79999,433.00000,441.79999,6158438
1729148400,440.79999,442.00000,435.35199,438.60001,3022811
1729234800,433.79999,436.39999,431.39999,432.39999,3837014
1729494000,432.79999,436.00000,428.20001,428.60001,1478519
1729580400,425.00000,426.39999,418.79999,421.39999,4141313
1729666800,421.39999,423.20001,414.39999,420.00000,2323142
1729753200,419.39999,422.60001,417.79999,418.79999,1289017
1729839600,418.60001,419.79999,414.79999,415.60001,1758057
1730102400,415.20001,419.79999,415.20001,417.60001,24302941
1730188800,419.20001,419.20001,412.39999,415.60001,2257397
1730275200,413.20001,425.60001,412.39999,413.60001,5964886
1730361600,409.79999,410.39999,396.39999,398.60001,15873489
1730448000,397.20001,400.79999,393.79999,396.79999,4329423
1730707200,393.39999,400.60001,392.20001,397.00000,2037935
1730793600,395.39999,399.79999,394.39999,396.60001,20656020
1730880000,399.20001,401.60001,382.00000,383.20001,4299906
1730966400,386.00000,387.60001,382.20001,385.79999,4534618
1731052800,386.20001,388.61801,384.00000,386.60001,3713446
1731312000,387.60001,389.00000,384.20001,386.00000,2207441
1731398400,383.79999,384.59698,378.00000,378.00000,2961284
1731484800,377.20001,378.42001,369.39999,371.79999,12295093
1731571200,373.00000,378.00000,370.20001,376.00000,2672248
1731657600,373.39999,380.20001,373.39999,380.20001,3737092
1731916800,380.39999,381.39999,373.00000,373.39999,2270698
1732003200,376.00000,384.60001,372.39999,384.60001,6336688
1732089600,384.60001,388.79999,372.79999,379.20001,12119468
1732176000,378.60001,380.00000,373.39999,375.00000,4290920
1732262400,377.00000,387.60001,376.20001,387.60001,2916318
1732521600,390.20001,391.39999,381.79999,386.79999,6379713
1732608000,385.00000,387.59100,382.00000,383.20001,5686291
1732694400,384.39999,390.60001,383.70099,390.39999,3447583
1732780800,391.60001,393.79999,387.60001,390.39999,1246165
1732867200,387.60001,392.00000,387.60001,388.79999,4628527
1733126400,386.79999,401.00000,381.20001,381.39999,3808333
1733212800,381.39999,383.79999,379.20001,383.79999,6203694
1733299200,382.39999,389.60001,382.39999,388.20001,3190805
1733385600,377.20001,377.60001,368.00000,368.79999,3116439
1733472000,368.60001,372.39999,367.60001,368.79999,2963892
1733731200,370.79999,370.79999,364.60001,366.39999,2296525
1733817600,369.79999,374.39999,367.79999,372.20001,6680031
1733904000,370.00000,371.00000,363.60001,364.39999,2844988
1733990400,364.00000,367.39999,363.00000,366.39999,1843985
1734076800,366.00000,367.60001,364.20001,364.20001,1365109
1734336000,363.79999,364.60001,357.20001,358.79999,1466199
1734422400,355.60001,359.39999,354.60001,357.39999,8406411
1734508800,358.39999,365.60001,356.79999,363.79999,6982152
1734595200,357.00000,359.20001,351.60001,351.60001,3124697
1734681600,349.79999,355.60001,348.20001,355.00000,9263211
1734940800,353.79999,355.60001,352.60001,354.79999,1345551
1735027200,360.79999,360.79999,353.00000,356.79999,891297
1735286400,357.39999,358.20001,355.00000,357.00000,1324488
1735545600,356.79999,357.60001,353.60001,355.79999,2070624
1735632000,355.20001,362.10001,354.20001,360.39999,1034109
1735804800,363.00000,363.20001,354.39999,359.20001,1857949
1735891200,358.39999,363.20001,357.60001,362.39999,13443166
1736150400,362.39999,363.79999,359.00000,361.39999,1969453
1736236800,361.20001,365.60001,358.60001,358.60001,2272913
1736323200,357.00000,359.39999,344.39999,345.79999,4265676
1736409600,342.39999,347.00000,337.79999,346.20001,6737131
1736496000,346.39999,347.79199,337.20001,341.00000,5380047
1736755200,339.39999,342.20001,339.00000,341.60001,2622403
1736841600,343.20001,345.79999,340.39999,342.79999,2551457
1736928000,347.79999,358.79999,347.79999,356.60001,4896033
1737014400,357.39999,360.79999,353.00000,358.00000,5669938
1737100800,360.00000,363.60001,359.20001,361.00000,4453154
1737360000,363.79999,364.00000,355.00000,358.00000,4227878
1737446400,358.60001,358.60001,352.00000,357.20001,2691977
1737532800,356.60001,358.39999,352.20001,352.20001,2413785
1737619200,352.20001,352.79999,349.20001,352.39999,5806921
1737705600,354.20001,358.79999,352.00000,355.20001,4237832
1737964800,354.79999,363.20001,353.20001,360.60001,2560558
1738051200,359.79999,364.39999,358.00000,363.20001,3657455
1738137600,365.20001,371.39999,362.79999,367.00000,10478760
1738224000,366.39999,375.79999,364.39999,373.79999,3754513
1738310400,373.20001,377.60001,369.39999,377.20001,3592854
1738569600,373.20001,374.20001,367.60001,371.20001,2420538
1738656000,369.39999,371.20001,365.39999,366.79999,2960966
1738742400,367.39999,375.39999,365.00000,374.20001,5453766
1738828800,376.39999,380.39999,372.00000,373.00000,3289169
1738915200,371.60001,376.39999,363.79999,367.60001,15299708
1739174400,368.79999,371.79999,367.60001,369.39999,2582124
1739260800,369.00000,370.79999,364.39999,365.00000,4200290
1739347200,366.00000,373.60001,363.39999,369.20001,3158473
1739433600,371.20001,374.79999,369.00000,372.79999,3386700
1739520000,374.39999,374.39999,370.40100,373.00000,3386642
1739779200,369.39999,372.79999,368.60001,371.20001,1979015
1739865600,370.00000,372.00000,366.39999,366.79999,2762034
1739952000,366.00000,367.20001,363.00000,363.79999,2975303
1740038400,365.20001,367.43201,362.16800,365.79999,1704774
1740124800,365.60001,368.00000,362.39999,363.00000,1944646
1740384000,366.60001,368.79999,362.39999,365.00000,2237144
1740470400,365.20001,369.00000,364.20001,366.60001,1765905
1740556800,365.00000,369.79999,364.39999,366.20001,1526533
1740643200,364.39999,365.79999,360.39999,362.79999,1973596
1740729600,359.39999,363.20001,358.39999,360.39999,3326404
1740988800,359.00000,361.00000,353.60001,355.39999,2386558
1741075200,353.79999,357.60001,348.00000,348.00000,3652920
1741161600,346.79999,352.60001,341.39999,347.00000,4612328
1741248000,347.20001,349.20001,343.20001,348.39999,3619913
1741334400,346.39999,353.00000,343.39999,350.60001,3216217
1741593600,352.79999,360.08401,351.00000,354.79999,3296850
1741680000,356.00000,362.79999,352.79999,353.79999,3880657
1741766400,354.60001,361.79999,351.20001,353.79999,3573285
1741852800,350.79999,355.60001,349.00000,355.60001,3416973
1741939200,356.00000,358.00000,352.76801,357.39999,3352233
1742198400,358.20001,364.20001,357.20001,362.00000,3146254
1742284800,361.39999,364.00000,360.31601,361.60001,1535296
1742371200,362.39999,364.00000,360.20001,362.00000,11614137
1742457600,364.60001,369.79999,363.00000,366.20001,4043392
1742544000,364.79999,371.20001,364.79999,369.60001,24664481
1742803200,368.60001,374.79999,360.00000,360.00000,2109201
1742889600,360.79999,364.00000,359.60001,360.79999,1804341
1742976000,361.39999,366.79999,358.00000,365.39999,3126975
1743062400,363.79999,368.20001,362.00000,362.00000,3268694
1743148800,362.60001,374.60001,361.39999,374.39999,3369653
1743404400,374.60001,375.39999,369.20001,369.39999,3932037
1743490800,371.00000,376.79999,370.39999,373.60001,2662955
1743577200,370.00000,375.39999,368.60001,375.39999,3326571
1743663600,373.39999,385.39999,371.79999,380.39999,11550367
1743750000,379.79999,383.07401,359.60001,359.60001,5554698
1744009200,345.00000,356.79999,335.00000,340.00000,5085804
1744095600,343.00000,349.79999,337.79999,348.60001,3682086
1744182000,340.00000,343.60001,328.20001,331.00000,3509450
1744268400,354.79999,359.60001,345.00000,345.60001,3663765
1744354800,346.20001,355.39999,343.10001,352.39999,10733647
1744614000,357.20001,359.20001,353.39999,357.20001,1439412
1744700400,357.20001,368.79999,357.20001,366.39999,12005178
1744786800,366.20001,377.00000,364.20001,376.00000,4076025
1744873200,375.39999,385.00000,374.39999,383.39999,2478298
1745305200,384.60001,390.39999,383.60001,384.39999,28517616
1745391600,383.20001,388.79999,382.39999,383.39999,2159812
1745478000,383.00000,390.00000,380.79999,384.00000,1973842
1745564400,384.79999,388.60001,383.00000,384.39999,2692317
1745823600,386.20001,388.39999,384.39999,386.60001,1630206
1745910000,388.79999,394.60001,386.79999,389.79999,1772326
1745996400,392.79999,394.60001,389.20001,393.39999,2590826
1746082800,394.79999,402.39999,392.20001,401.00000,1479408
1746169200,404.79999,404.79999,398.00000,399.39999,1898030
1746514800,402.00000,405.60001,400.20001,402.79999,1259221
1746601200,401.20001,404.20001,396.20001,400.39999,2384764
1746687600,400.39999,404.79999,394.60001,396.79999,2851883
1746774000,396.60001,399.00000,395.00000,398.00000,1906563
1747033200,396.79999,401.60001,390.00000,398.20001,3390754
1747119600,397.20001,400.20001,392.20001,394.20001,4147210
1747206000,391.20001,399.60001,391.20001,395.39999,2754545
1747292400,396.00000,406.00000,395.00000,405.39999,2897204
1747378800,408.60001,410.42001,402.20001,410.20001,2403765
1747638000,408.20001,412.00000,404.20001,410.00000,1456290
1747724400,410.39999,413.79999,408.39999,410.79999,5587323
1747810800,408.39999,412.00000,405.00000,411.60001,3327572
1747897200,398.00000,403.00000,382.60001,389.20001,5609797
1747983600,392.60001,396.39999,376.00000,382.60001,8478311
1748329200,386.20001,389.60001,381.14999,387.39999,6786901
1748415600,387.60001,394.00000,386.32001,391.00000,2488824
1748502000,392.60001,395.79999,386.79999,395.39999,5800923
1748588400,392.39999,395.23999,386.20001,390.39999,3247084
1748847600,385.60001,393.39999,385.20001,391.20001,3197476
1748934000,392.00000,395.00000,386.79999,387.79999,2731308
1749020400,387.79999,390.35101,381.39999,383.79999,2138997
1749106800,381.79999,386.79999,380.00000,384.00000,3179575
1749193200,385.79999,388.00000,383.39999,384.79999,1942658
1749452400,386.39999,387.60001,382.00000,387.20001,1577473
1749538800,389.79999,396.60001,385.39999,393.00000,33609168
1749625200,393.79999,394.79999,388.20001,389.79999,3414106
1749711600,388.60001,396.00000,386.60001,394.60001,16482125
1749798000,393.00000,393.00000,386.20001,386.60001,1583063
1750057200,385.79999,389.39999,384.00000,387.20001,2319320
1750143600,385.00000,387.20001,381.39999,386.20001,3189286
1750230000,386.00000,394.39999,385.20001,393.39999,2600449
1750316400,381.79999,382.45999,379.39999,381.20001,12070638
1750402800,381.79999,386.20001,380.92001,383.79999,6326712
1750662000,379.00000,383.20001,376.60001,379.20001,1478832
1750748400,381.39999,384.79999,379.79999,383.00000,1529175
1750834800,385.20001,385.20001,377.60001,378.39999,1671863
1750921200,367.39999,378.20001,361.39999,374.60001,11465416
1751007600,375.00000,378.39999,372.60001,377.00000,22879051
1751266800,379.60001,379.60001,373.79999,376.39999,2812679
1751353200,378.60001,381.00000,374.60001,379.60001,8873905
1751439600,382.39999,382.39999,362.60001,363.20001,2954249
1751526000,363.39999,369.60001,363.20001,365.20001,3160124
1751612400,362.39999,364.79999,360.75101,363.39999,1982758
1751871600,363.00000,365.39999,359.60001,361.00000,1479250
1751958000,360.00000,361.20001,353.79999,355.20001,2971992
1752044400,356.79999,360.39999,355.00000,359.60001,3450844
1752130800,356.00000,360.60001,350.00000,352.00000,2360269
1752217200,350.60001,352.20001,347.39999,349.60001,1719753
1752476400,349.39999,354.20001,349.39999,352.79999,1891933
1752562800,354.39999,355.91400,349.79999,350.79999,2650828
1752649200,348.20001,350.79999,344.00000,345.60001,2608705
1752735600,346.20001,348.60400,344.00000,348.00000,1882930
1752822000,349.20001,357.00000,348.39999,355.00000,1936511
1753081200,357.60001,361.60001,354.39999,361.39999,4048987
1753167600,361.39999,374.16000,360.00000,362.39999,2014220
1753254000,365.60001,365.60001,359.20001,360.00000,1233608
1753340400,359.60001,361.20001,356.87601,360.20001,1675177
1753426800,359.20001,360.20001,356.00000,357.79999,3370231
1753686000,361.60001,362.60001,358.79999,360.00000,1546265
1753772400,358.60001,360.00000,352.20001,353.00000,11272678
1753858800,353.39999,355.79999,349.20001,350.00000,2111088
1753945200,349.20001,353.39999,349.00000,349.60001,1356079
1754031600,345.20001,347.79999,342.39999,346.39999,1795273
1754290800,346.60001,352.79999,346.20001,352.20001,2050558
1754377200,350.20001,355.60001,350.20001,353.60001,813318
1754463600,353.60001,358.00000,353.20001,356.79999,1388096
1754550000,355.20001,357.60001,350.39999,355.00000,1728352
1754636400,356.00000,358.20001,354.00000,354.00000,4822156
1754895600,354.79999,355.00000,349.60001,351.79999,1507890
1754982000,350.79999,352.79999,341.39999,341.39999,2033253
1755068400,341.00000,345.39999,341.00000,343.79999,2444983
1755154800,343.79999,345.60001,341.60001,344.20001,1740714
1755241200,345.00000,346.20001,343.00000,345.00000,2539322
1755500400,344.00000,347.20001,339.00000,339.60001,2809541
1755586800,338.39999,342.60001,338.39999,340.20001,1304973
1755673200,340.00000,346.79999,338.00000,346.79999,3021130
1755759600,346.39999,347.20001,341.39999,344.00000,1339567
1755846000,339.20001,348.20001,339.20001,347.39999,9674630
1756191600,349.00000,349.00000,338.99799,339.20001,2803460
1756278000,339.20001,343.79999,338.79999,340.39999,1713830
1756364400,339.39999,341.00000,336.17300,337.39999,2380940
1756450800,336.20001,338.00000,332.55200,335.39999,2031724
1756710000,336.20001,337.00000,333.39999,333.79999,863752
1756796400,333.00000,333.97900,319.79700,321.20001,3585685
1756882800,321.79999,326.20001,318.60001,326.00000,4704451
1756969200,325.39999,330.79999,325.00000,328.20001,2511501
1757055600,331.00000,336.60001,329.00000,336.60001,4102765
1757314800,336.79999,341.00000,335.82800,338.20001,2621249
1757401200,338.39999,342.39999,336.00000,340.00000,2372286
1757487600,340.00000,341.79999,332.79999,335.60001,8532367
1757574000,336.20001,337.60001,332.60001,335.79999,3532220
1757660400,335.39999,337.60001,331.55600,333.20001,4561049
1757919600,333.60001,338.79999,331.79999,338.60001,3524491
1758006000,338.60001,345.20001,333.39999,333.39999,2424978
1758092400,335.00000,336.60001,333.60001,335.00000,2690838
1758178800,333.00000,344.00000,331.79999,341.00000,9693820
1758265200,340.00000,345.39999,338.00000,341.20001,8747138
1758524400,341.00000,343.79999,336.20001,341.00000,2317293
1758610800,340.39999,351.79999,339.79999,348.00000,10974525
1758697200,347.20001,353.67999,346.00000,350.00000,9053357
1758783600,345.79999,350.79999,345.39999,346.20001,5627469
1758870000,345.60001,350.60001,345.60001,347.39999,2497950
1759129200,348.79999,349.79999,344.39999,347.60001,2640059
1759215600,347.00000,348.79999,343.39999,348.20001,2448618
1759302000,348.79999,354.39999,346.00000,354.20001,3391785
1759388400,355.60001,355.60001,349.75601,350.79999,2678766
1759474800,351.00000,357.39999,350.20001,357.39999,1777958
1759734000,356.39999,356.79999,352.39999,354.00000,1892982
1759820400,353.39999,353.40799,349.79999,350.79999,1695875
1759906800,352.00000,352.20001,345.00000,348.00000,2535476
1759993200,347.20001,351.60001,346.22000,350.60001,1470095
1760079600,351.79999,354.39999,347.20001,347.20001,2648046
1760338800,347.60001,359.42899,347.20001,359.39999,4300900
1760425200,360.00000,366.60001,358.60001,362.60001,3858135
1760511600,367.39999,384.00000,364.60001,371.39999,9757394
1760598000,375.39999,375.79999,368.00000,374.20001,6519483
1760684400,374.60001,374.79999,367.60001,372.20001,1790578
1760943600,374.20001,374.20001,369.60001,372.60001,1641316
1761030000,373.00000,377.20001,372.79999,377.00000,1107529
1761116400,380.39999,390.20001,379.60001,389.60001,4786961
1761202800,390.20001,391.20001,383.39999,387.20001,2390144
1761289200,388.60001,389.39999,382.39999,387.20001,2625481
1761552000,390.20001,390.20001,384.60001,389.60001,3404935
1761638400,388.00000,388.95099,380.00000,384.79999,2551718
1761724800,385.00000,387.39999,382.20001,385.39999,3477562
1761811200,382.79999,385.39999,379.79999,382.79999,3877732
1761897600,381.39999,383.79999,377.79999,379.60001,3351723
1762156800,379.60001,380.20001,374.60001,377.20001,1126989
1762243200,375.00000,387.60001,373.79999,387.00000,3812151
1762329600,385.39999,393.39999,383.79999,389.79999,6153205
1762416000,391.39999,398.79999,389.60001,393.60001,8082873
1762502400,399.60001,400.39999,394.20001,399.60001,3813133
1762761600,399.79999,402.00000,396.22299,399.00000,5430269
1762848000,400.39999,403.39999,398.79999,401.00000,4645264
1762934400,401.79999,402.00000,397.79999,397.79999,2299625
1763020800,397.39999,401.79999,396.60001,398.00000,1676278
1763107200,392.20001,393.00000,382.79999,385.79999,18357847
1763366400,386.79999,387.79999,379.39999,380.00000,1622520
1763452800,378.79999,378.79999,373.39999,378.60001,13989426
1763539200,380.20001,384.20001,368.60001,375.79999,4604466
1763625600,376.79999,379.39999,372.20001,373.00000,2050164
1763712000,371.79999,377.41800,370.00000,374.79999,2614876
1763971200,377.00000,381.23999,370.60001,375.00000,5118046
1764057600,374.20001,383.20001,373.60001,382.20001,5034209
1764144000,383.00000,396.60001,377.79999,396.39999,9548351
1764230400,397.79999,413.39999,396.60001,407.00000,8621552
1764316800,407.20001,409.20001,405.20001,406.79999,2825015
1764576000,407.39999,409.60001,401.39999,407.00000,5491637
1764662400,409.39999,418.39999,403.00000,412.39999,15181412
1764748800,412.60001,423.00000,410.00000,420.39999,16670114
1764835200,409.00000,419.64001,402.01901,411.00000,15278748
1764921600,410.20001,412.20001,400.60001,400.60001,21510055
1765180800,400.00000,403.44000,387.39999,387.39999,5135308
1765267200,388.79999,392.79999,387.39999,389.20001,3100473
1765353600,387.39999,389.60001,379.39999,381.20001,8388012
1765440000,380.39999,383.39999,377.39999,383.39999,2814006
1765526400,383.39999,386.60001,377.00000,381.79999,2591993
1765785600,381.00000,385.00000,380.60001,381.79999,1988471
1765872000,383.79999,385.39999,380.60001,382.00000,3317478
1765958400,388.00000,397.92001,383.60001,385.39999,4821888
1766044800,385.60001,391.00000,384.20001,387.20001,5056033
1766131200,386.00000,387.60001,383.00000,387.60001,29374569
1766390400,385.00000,390.79999,382.60001,390.79999,2731637
1766476800,392.79999,394.20001,389.79999,391.00000,2751495
1766563200,389.00000,392.60001,389.00000,392.20001,449869
1766995200,391.79999,400.60001,390.79999,398.79999,2814432
1767081600,401.00000,402.39999,396.60001,401.39999,1237423
1767168000,404.00000,404.00000,400.00000,403.79999,1702980
1767340800,402.39999,403.79999,396.00000,397.39999,1616947
1767600000,400.60001,406.60001,394.41699,405.00000,2718964
1767686400,403.00000,420.12000,403.00000,405.00000,2741360
1767772800,405.60001,418.39999,404.79999,415.79999,2948994
1767859200,417.60001,418.00000,410.00000,415.39999,2855022
1767945600,415.20001,415.60001,411.20001,412.79999,1830335
1768204800,403.60001,406.94901,396.00000,397.00000,7669183
1768291200,397.20001,404.39999,397.20001,397.39999,17361650
1768377600,399.39999,400.64001,392.60001,399.60001,3885130
1768464000,396.39999,407.79999,396.00000,404.20001,4024559
1768550400,402.00000,413.60001,402.00000,410.20001,6189228
1768809600,405.60001,412.39999,404.00000,412.39999,2457888
1768896000,410.60001,412.20001,402.00000,405.39999,1958182
1768982400,404.39999,411.20001,402.20001,404.39999,4434632
1769068800,409.00000,417.20001,404.39999,410.79999,4312207
1769155200,409.39999,412.00000,405.60001,409.79999,2375505
1769414400,402.00000,411.79999,402.00000,411.60001,3045002
1769500800,413.00000,413.39999,406.79999,410.00000,3325455
1769587200,410.20001,418.00000,405.39999,415.60001,8223302
1769673600,414.79999,419.20001,409.20001,415.39999,4934275
1769760000,416.60001,416.79999,411.79999,414.79999,5532591
1770019200,415.39999,419.39999,414.20001,414.39999,4215175
1770105600,415.20001,419.79999,412.39999,418.00000,3201831
1770192000,420.00000,432.00000,418.79999,424.39999,6564548
1770278400,425.79999,426.34201,411.20001,417.60001,6407200
1770364800,416.39999,417.79999,409.39999,409.39999,2176005
1770624000,412.39999,414.60001,394.79999,405.60001,5632682
1770710400,407.20001,412.00000,403.60001,410.60001,3912689
1770796800,411.79999,419.60001,406.39999,417.00000,3870977
1770883200,416.60001,417.00000,397.20001,406.00000,6423786
1770969600,400.39999,405.79999,394.60001,403.79999,5016497
1771228800,405.60001,411.20001,401.79999,405.00000,2651681
1771315200,406.20001,415.20001,405.60001,415.20001,5150319
1771401600,415.60001,418.60001,412.20001,413.00000,1839543
1771488000,414.39999,415.20001,410.39999,413.00000,2138168
1771574400,409.79999,421.79999,409.79999,419.00000,3516885
1771833600,418.60001,424.20001,417.00000,417.00000,2028421
1771920000,417.00000,419.60001,407.39999,408.39999,3892505
1772006400,410.00000,415.20001,406.20001,412.60001,1534982
1772092800,414.60001,416.39999,406.20001,409.20001,3358299
1772179200,410.00000,414.39999,407.60001,409.79999,6959789
1772438400,402.60001,402.79999,394.79999,401.20001,3697268
1772524800,395.60001,396.60001,379.29999,382.39999,4266640
1772611200,380.00000,390.00000,377.60001,389.00000,5397923
1772697600,387.00000,393.00000,385.00000,385.79999,13014494
1772784000,386.00000,391.20001,378.23599,380.39999,3162896
1773043200,371.00000,375.35999,356.79999,365.39999,5416251
1773129600,376.00000,378.20001,371.60001,371.79999,6011982
1773216000,369.79999,372.02200,365.60001,367.20001,7895514
1773302400,362.79999,371.00000,362.79999,371.00000,2521671
1773388800,370.00000,374.60001,364.20001,365.60001,2767013
1773648000,366.60001,377.39999,365.39999,372.39999,3573881
1773734400,372.39999,381.00000,371.20001,376.60001,1924579
1773820800,380.00000,384.00000,372.13101,374.60001,2356139
1773907200,367.20001,369.00000,358.20001,358.20001,3662217
1773993600,360.79999,364.79999,350.80499,352.79999,8546484
1774252800,344.20001,359.20001,335.39999,349.00000,6010404
1774339200,352.00000,354.39999,346.50000,348.20001,2897638
1774425600,350.60001,357.20001,350.60001,356.20001,4718989
1774512000,350.79999,358.00000,349.79999,355.00000,2857389
1774598400,356.00000,356.60001,341.70001,343.20001,4151097
1774854000,342.79999,356.60001,342.60001,356.60001,3808830
1774940400,355.39999,362.00000,355.39999,355.39999,3344420
1775026800,364.00000,368.60001,359.60001,365.00000,10296879
1775113200,358.20001,368.60001,355.05600,365.20001,4740911
1775545200,366.20001,369.39999,360.70001,361.20001,2418666
1775631600,394.29999,394.39999,381.20001,381.20001,5306947
1775718000,379.70001,380.79999,375.29999,380.20001,7424967
1775804400,379.60001,382.00000,377.39999,380.39999,2708694
1776063600,376.10001,378.39999,373.89999,377.00000,10260494
1776150000,378.00000,387.89999,375.39999,387.89999,16221059
1776236400,389.00000,393.00000,387.20001,391.70001,3189549
1776322800,393.60001,402.39999,392.20001,394.20001,3051065
1776409200,397.70001,409.10001,392.89999,404.50000,4536046
1776668400,399.10001,402.70001,395.29999,395.79999,15059139
1776754800,405.70001,410.39999,397.50000,399.50000,4085573
1776841200,405.00000,405.29999,396.39999,397.39999,3896049
1776927600,393.50000,397.00000,390.60001,394.20001,3596613
1777014000,390.29999,396.60001,386.10001,391.29999,6112863
1777273200,390.50000,392.79999,389.20001,389.60001,2126183
1777359600,395.79999,395.79999,379.70001,386.79999,2661366
1777446000,387.00000,388.70001,380.00000,381.10001,3004981
1777532400,378.70001,387.79999,377.89999,386.89999,3498345
1777618800,390.70001,395.50000,381.00000,385.39999,1132905
1777964400,377.79999,383.68301,373.29999,378.29999,2276352
1778050800,382.89999,397.39999,380.79999,393.79999,2368915
1778137200,395.60001,395.60001,385.10001,385.39999,4462042
1778223600,381.39999,392.95999,380.20001,391.89999,2926971
1778482800,395.20001,395.79999,377.79999,379.60001,6090568
1778569200,374.00000,380.10300,365.60001,368.39999,6785891
1778655600,369.39999,374.39999,363.79999,374.39999,3695530
1778742000,376.20001,379.79999,374.00000,378.00000,2124811
1778828400,374.00000,374.00000,363.54901,369.00000,6913127
1779087600,366.00000,376.20001,364.79999,374.60001,2395978
1779174000,376.00000,380.79999,374.00000,378.20001,1570468
1779260400,371.20001,392.60001,370.00000,387.20001,4962186
1779346800,387.00000,392.60001,382.60001,388.39999,2980051
1779433200,394.79999,397.79999,386.98401,396.20001,3313783
1779778800,402.20001,409.00000,399.26001,403.60001,5098994
1779865200,406.60001,410.22000,404.39999,406.39999,6105765
1779951600,407.00000,407.79999,402.79999,404.00000,3186615
1780038000,408.60001,409.20001,404.39999,405.20001,3410384
1780297200,402.79999,404.99899,393.60001,395.00000,2599609
1780383600,389.79999,406.00000,389.79999,397.39999,3596198
1780470000,399.60001,402.79999,389.39999,394.20001,3293942
1780556400,395.00000,400.60001,391.79999,398.79999,3800607
1780642800,405.00000,406.39999,397.39999,399.00000,11720865
1780902000,397.39999,400.60001,394.79999,397.60001,8516669
1780988400,397.60001,405.00000,395.39999,403.60001,7250142
1781074800,405.79999,415.39999,404.60001,412.00000,9388216
1781161200,410.60001,414.07999,405.20001,409.79999,16633007
1781247600,414.00000,420.91299,410.79999,418.00000,12527890
1781506800,425.00000,429.20001,416.60001,419.60001,4286752
1781593200,417.79999,422.39999,416.79999,420.60001,2703776
1781679600,421.79999,424.79999,412.00000,412.00000,6613488
1781766000,402.20001,403.00000,396.20001,401.39999,2853524
1781852400,400.20001,402.79999,398.39999,400.60001,10451489
1782111600,401.20001,405.00000,394.60001,402.39999,7581882
1782198000,397.20001,401.62000,397.20001,401.60001,2787967
1782284400,404.39999,422.39999,403.39999,418.00000,3759220
1782370800,418.60001,427.00000,417.60001,417.60001,15085319
1782457200,421.00000,424.00000,415.00000,419.20001,3041226
1782716400,419.39999,419.39999,413.20001,415.00000,1739074
1782802800,416.60001,418.60001,412.39999,413.60001,2241077
1782889200,416.00000,416.00000,406.91000,412.20001,2365748
1782975600,412.20001,419.00000,406.68500,418.00000,2209095
1783062000,418.60001,419.20001,415.18201,417.20001,997280
1783321200,417.20001,419.00000,411.60001,414.60001,1273837
1783407600,415.79999,427.00000,415.00000,425.20001,2647464
1783494000,422.60001,424.00000,411.39999,414.60001,2592409
1783580400,416.00000,420.60001,413.79999,419.20001,1550306
1783666800,423.39999,426.79999,420.60001,423.79999,2146861
1783926000,422.60001,427.39999,420.20001,422.39999,1630809
1784012400,422.00000,423.20001,414.39999,421.79999,2942314
1784098800,419.00000,426.00000,417.20001,424.79999,3829024
1784185200,421.39999,435.79999,418.79999,435.79999,3147268
1784271600,436.00000,443.79999,434.75601,440.00000,4832644
1784530800,436.00000,442.20001,435.00000,436.00000,2527696
1784617200,433.79999,439.79999,431.42001,436.00000,2457297
1784703600,435.60001,443.20001,429.39999,437.79999,15915487
1784790000,436.20001,445.39999,429.60001,429.60001,5324980
1784876400,431.39999,439.79999,429.39999,438.79999,2648889
1785135600,444.39999,445.60001,440.20001,441.00000,13756859
1785222000,444.00000,444.60001,439.79999,443.20001,11772863
1785308400,445.00000,445.20001,436.60001,439.79999,3910479
1785394800,435.79999,445.00000,435.00000,443.79999,2550276
1785481200,446.00000,446.39999,439.39999,442.00000,2456112
1785740400,446.00000,447.20001,441.60001,444.79999,2610441
1785826800,446.00000,450.60001,439.20001,448.20001,2563038
1785913200,450.00000,451.60001,446.00000,448.00000,2417555
1785999600,447.79999,450.39999,441.79999,441.79999,1783329
1786086000,442.79999,445.39999,435.00000,443.20001,4243605
1786345200,441.79999,444.60001,437.79999,438.60001,1249712
1786431600,440.20001,440.20001,434.60001,435.60001,2082563
1786518000,435.60001,440.79999,433.79999,435.79999,1078166
1786604400,439.00000,444.79999,436.20001,437.20001,1151834
1786690800,437.20001,447.20001,435.79999,437.60001,1566154
1786950000,438.20001,439.39999,429.00000,431.20001,1662532
1787036400,427.20001,429.00000,424.44000,425.20001,1575819
1787122800,425.60001,425.60001,417.95999,423.00000,4190739
1787209200,423.00000,425.84000,420.79999,424.79999,18750239
1787295600,423.00000,431.60001,423.00000,428.79999,1305924
1787554800,430.60001,432.79999,425.00000,428.79999,1491687
1787641200,434.79999,436.60001,428.39999,432.20001,2495708
1787727600,434.60001,436.60001,431.00000,431.60001,1623925
1787814000,431.00000,432.20001,424.39999,427.60001,2238580
