time,open,high,low,close,tick_volume
1472477400,33.91000,34.17500,33.70000,33.74000,2004600
1472563800,33.74000,34.43000,33.60000,34.42500,2642400
1472650200,34.39000,34.40000,33.89500,34.14500,1450400
1472736600,34.06000,34.29500,33.59500,33.67000,1493600
1472823000,33.81000,34.34000,33.64000,34.31000,1953000
1473168600,33.76000,33.86000,31.68500,32.65000,10455800
1473255000,32.58000,33.54500,32.53500,33.52000,4199600
1473341400,33.44000,33.90000,33.31000,33.83500,2456400
1473427800,33.67000,33.97000,33.42000,33.42500,2447800
1473687000,33.22500,34.09000,33.14000,34.02000,2105800
1473773400,33.76500,33.96000,33.09500,33.39000,2291800
1473859800,33.39000,33.60000,32.98000,33.08000,3284600
1473946200,33.11500,33.70000,32.90500,33.62000,1718400
1474032600,33.57000,34.01000,33.50000,33.65000,3641200
1474291800,33.68500,34.24000,33.63000,33.71000,1439400
1474378200,33.78500,33.93500,33.43500,33.44500,1232200
1474464600,33.50000,34.17500,33.43000,34.14000,2090200
1474551000,34.24500,34.67000,34.15000,34.50000,1097000
1474637400,34.53500,34.74500,34.26500,34.27500,1189000
1474896600,34.12500,34.27500,33.85000,34.06500,1406200
1474983000,34.00500,34.57500,33.83500,34.54000,1690400
1475069400,34.64500,34.80000,34.12000,34.52000,1361200
1475155800,34.44000,34.59500,33.70000,33.82500,1615400
1475242200,33.91000,34.00000,33.30500,33.48000,3721000
1475501400,33.29000,33.40000,31.59500,31.65500,6289800
1475587800,32.01000,33.02000,30.89500,31.15000,5683800
1475674200,31.16500,31.56000,30.78500,30.95000,3722200
1475760600,30.84000,31.23000,30.68500,31.05000,2759400
1475847000,31.22500,31.28500,30.84500,30.96000,2373800
1476106200,31.11500,31.62500,31.11500,31.54000,1619200
1476192600,31.42500,31.44500,30.68000,30.85000,2230600
1476279000,30.75000,31.01000,30.34500,30.41500,3006400
1476365400,30.27500,30.68000,29.96500,30.11000,2792200
1476451800,30.37500,30.45000,30.01000,30.03000,2014000
1476711000,29.99000,30.19500,29.82500,29.86500,1928800
1476797400,30.47000,30.91000,30.34000,30.70500,3249600
1476883800,30.69500,31.20000,30.51000,31.09500,1943000
1476970200,31.07500,31.35500,30.89500,30.96500,1662400
1477056600,30.78500,31.25000,30.61500,31.05000,1836600
1477315800,31.17500,31.65000,31.06500,31.52500,2749400
1477402200,32.06500,33.40000,32.06500,32.68000,6474800
1477488600,32.69500,33.36500,31.66000,31.97500,4165000
1477575000,31.72000,31.93000,31.27000,31.71000,2340000
1477661400,31.71500,32.35000,31.36000,31.57000,1840000
1477920600,31.69000,31.81500,30.95000,31.24000,3859600
1478007000,31.34500,31.56000,30.58500,30.98000,2946200
1478093400,31.01000,31.34500,30.44500,30.45000,2562200
1478179800,30.47000,31.07500,30.30000,30.33000,1796200
1478266200,30.45000,31.16000,30.36000,30.80500,1904600
1478529000,31.51500,33.16000,31.26000,32.61000,4449600
1478615400,32.56500,33.70500,32.24000,33.40000,3309800
1478701800,26.55000,28.87000,25.00000,27.02500,18918400
1478788200,27.11500,28.22000,27.00000,27.71500,10209200
1478874600,27.61000,27.70500,25.16500,25.34000,9778800
1479133800,25.70000,26.24000,25.60500,25.78500,8169600
1479220200,26.02500,27.99500,26.00000,27.37500,10331400
1479306600,27.37000,27.83000,27.26000,27.80500,5083000
1479393000,27.85000,28.97500,27.85000,28.70000,5447600
1479479400,28.62500,28.88000,28.35500,28.45000,2732400
1479738600,28.58500,28.94000,28.58500,28.90500,3749800
1479825000,28.99000,29.03500,27.86000,27.96000,3749600
1479911400,27.78000,28.23000,27.64000,28.20500,3560000
1480084200,28.28500,28.46000,28.23000,28.38500,833200
1480343400,28.35000,28.52500,27.67500,27.72500,3192400
1480429800,28.04500,28.92500,27.84000,28.80000,4298800
1480516200,28.80000,29.06000,28.72500,28.81500,2946400
1480602600,28.71500,29.34000,28.70500,28.97500,5000600
1480689000,28.98500,29.31500,28.59000,28.74000,4157200
1480948200,28.84500,29.01500,28.27500,28.48000,4175000
1481034600,28.50000,28.68500,28.03000,28.29500,4140200
1481121000,28.34500,28.50500,27.62500,28.36500,9156400
1481207400,28.47000,28.62500,28.26500,28.47000,3642400
1481293800,28.44000,28.59500,28.13500,28.40000,3105000
1481553000,28.24000,28.92500,28.01000,28.13000,4852800
1481639400,28.14500,28.97000,28.14500,28.51000,2591800
1481725800,28.55000,28.65500,27.99500,28.07000,3448800
1481812200,28.00500,28.69000,27.90000,28.62000,3518000
1481898600,28.72500,28.74000,27.20000,28.26000,10155000
1482157800,28.15000,28.41000,28.00000,28.10000,3173600
1482244200,28.08500,28.51000,28.06500,28.36000,2771600
1482330600,28.85500,29.89500,28.58500,29.25000,3972000
1482417000,29.10000,29.32000,28.80000,29.03000,3025000
1482503400,29.11000,29.41000,28.88000,29.32000,1529000
1482849000,29.27500,29.57000,29.27000,29.32000,1286800
1482935400,29.28000,29.42000,28.60500,28.73500,1941400
1483021800,28.80500,29.00500,28.38000,28.41500,1840000
1483108200,28.41500,28.44500,27.94500,28.25500,2493400
1483453800,28.61500,29.26000,28.00000,29.15500,3988200
1483540200,29.35000,30.25000,29.16000,30.12500,4213400
1483626600,30.06500,30.17000,29.89000,30.07500,2882400
1483713000,30.04000,30.70000,30.04000,30.52000,2529400
1483972200,30.42500,31.05000,30.42500,30.98500,3386000
1484058600,30.85500,31.42000,30.70000,31.06000,3523400
1484145000,31.04500,31.36500,30.51500,30.84000,2648000
1484231400,30.65500,31.38000,30.57500,31.35500,3512800
1484317800,31.35000,31.53500,31.25000,31.32500,1867200
1484663400,31.25000,31.61500,30.71000,31.54000,1940800
1484749800,31.67500,31.72000,31.35000,31.43500,2572200
1484836200,31.35500,31.64500,31.12000,31.13000,2908000
1484922600,31.18000,31.72000,31.10500,31.65500,2550600
1485181800,31.67000,31.67000,30.68500,31.54500,3676600
1485268200,31.54500,31.54500,30.86500,31.48000,3059400
1485354600,31.45500,32.34000,31.45500,32.24000,2842400
1485441000,32.34000,32.44500,31.70500,31.74500,3615200
1485527400,31.82000,32.02000,31.59000,31.90000,1624600
1485786600,31.93000,31.93000,31.26000,31.37500,1779400
1485873000,31.37500,31.65000,31.18000,31.63500,2066800
1485959400,31.65500,32.44500,31.65500,32.10000,3732200
1486045800,32.03500,32.05500,31.63500,32.00500,1872400
1486132200,32.11500,32.50000,32.05000,32.36000,3400800
1486391400,32.32000,32.36000,31.56000,31.81500,4152000
1486477800,33.21000,34.44000,33.00000,33.50000,8831400
1486564200,33.51000,34.49500,33.51000,34.33500,6600000
1486650600,34.33500,34.80500,34.18000,34.67000,2724800
1486737000,34.58000,34.82500,34.45000,34.70000,2864200
1486996200,34.77000,35.25000,34.74500,34.96500,2825800
1487082600,34.80000,35.52000,34.77500,35.46500,3386400
1487169000,35.28000,35.94500,35.28000,35.72500,3345600
1487255400,35.17500,35.43000,34.84000,35.03500,5243400
1487341800,34.78500,34.80000,33.44000,33.80500,6779400
1487687400,33.89000,35.21500,33.80500,35.14000,3216200
1487773800,35.12500,35.30500,34.87500,35.12000,2365800
1487860200,35.35500,35.49000,35.02000,35.29000,2152600
1487946600,35.11000,35.31000,34.84000,35.30500,2478600
1488205800,35.36500,35.71000,35.26000,35.55500,2959000
1488292200,35.20000,35.44000,35.02500,35.25000,2780800
1488378600,35.83000,36.61500,35.72500,36.21000,4369200
1488465000,36.07000,36.15000,35.53500,35.62000,2616400
1488551400,35.52500,35.76000,35.34000,35.48500,3536600
1488810600,35.22000,35.64000,34.92000,35.48500,3109000
1488897000,35.50000,35.58500,35.21000,35.28000,2294600
1488983400,35.28000,35.58000,35.11000,35.12000,2703400
1489069800,35.23500,35.35000,34.63500,34.78000,4262400
1489156200,34.74500,35.11000,34.07000,34.21500,5925800
1489411800,34.26000,34.85000,33.88500,34.71500,4663000
1489498200,34.37500,34.54000,33.71000,33.75000,4259600
1489584600,33.86500,34.35500,33.75000,34.28000,4882600
1489671000,34.34000,34.46500,34.01500,34.30000,2990000
1489757400,34.36500,34.75000,34.13500,34.29500,3445000
1490016600,34.21000,34.23000,33.66500,33.86000,3447800
1490103000,33.97000,34.19500,33.28500,33.46000,3168600
1490189400,33.57000,34.18000,33.19500,34.00500,3804800
1490275800,33.42000,33.64500,32.51500,32.65500,7514800
1490362200,32.65000,34.73500,32.65000,34.36500,8123000
1490621400,34.80000,35.56500,34.73000,35.11500,9026400
1490707800,34.93000,35.48000,34.79000,35.41500,5187000
1490794200,35.37500,35.73000,35.07500,35.54500,4821200
1490880600,35.46000,36.16500,35.38000,36.07500,3667600
1490967000,35.99000,36.08000,35.59500,35.63000,3007400
1491226200,35.65500,36.14500,35.65500,35.83500,3305000
1491312600,35.84500,35.93500,34.60000,34.88500,5847000
1491399000,35.17000,35.91500,35.10000,35.37000,2816600
1491485400,35.41500,35.77500,35.26000,35.74000,1868200
1491571800,35.66500,35.79000,35.32000,35.52000,1474600
1491831000,35.52000,35.99000,35.40000,35.88500,1646600
1491917400,35.83000,36.15500,35.55000,36.10000,1814200
1492003800,36.11500,36.11500,35.02000,35.44000,2572800
1492090200,35.42000,35.50000,35.09500,35.28000,1544400
1492435800,35.29000,35.51500,35.19500,35.51500,2208600
1492522200,35.57500,35.75000,35.12500,35.58500,2199200
1492608600,35.70000,36.00000,35.55500,35.85000,1763200
1492695000,35.87000,36.23500,35.39000,35.86500,3343800
1492781400,35.84500,35.91500,35.29000,35.32000,3565000
1493040600,35.78000,36.30000,35.47000,35.99500,5125400
1493127000,36.34500,37.06000,35.88500,36.72500,4236800
1493213400,36.95000,37.71500,35.65000,36.40000,7024000
1493299800,36.40000,36.71000,36.10500,36.47500,5652800
1493386200,36.42000,37.27500,36.38500,37.20000,3762200
1493645400,37.20000,37.69500,37.03000,37.66500,4261400
1493731800,37.92000,38.59500,37.56500,38.49500,5207400
1493818200,38.45000,38.80000,37.74000,38.02000,3320200
1493904600,37.88500,38.25000,37.26500,37.93500,5217600
1493991000,38.14000,38.62500,38.12000,38.44000,2580200
1494250200,38.49500,38.79500,37.87500,37.89500,3061200
1494336600,37.93500,38.17000,37.59500,37.86500,2957800
1494423000,37.78500,38.79000,37.70500,38.68000,4680200
1494509400,38.48000,38.59500,38.08500,38.12000,2112400
1494595800,38.17500,38.39000,37.72500,37.83500,3384600
1494855000,38.17500,38.21500,37.70500,38.20000,3019800
1494941400,38.38500,38.49000,38.06000,38.22000,3095200
1495027800,38.22000,38.22000,37.66500,37.71000,2001200
1495114200,37.50500,38.08500,37.27000,37.81000,4402800
1495200600,37.94000,38.23500,37.48500,37.53500,3035600
1495459800,36.79000,37.18000,36.40500,37.01000,4039000
1495546200,37.06500,37.37500,36.83000,36.99500,2755600
1495632600,37.12000,37.55000,36.94500,37.37500,2404600
1495719000,37.48500,37.81500,37.27000,37.62500,3646600
1495805400,37.65500,37.73500,37.16000,37.28500,1839400
1496151000,37.28500,37.34500,36.66500,36.73000,2259000
1496237400,36.74000,36.86500,36.07000,36.31500,6108800
1496323800,36.34500,37.88000,36.33500,37.62500,5872600
1496410200,37.71500,37.87500,37.50000,37.59500,2841200
1496669400,37.56000,38.13000,37.46500,37.80000,2130600
1496755800,37.78500,38.48000,37.71000,38.11500,3165400
1496842200,38.28500,39.02000,38.21500,38.81000,2868800
1496928600,38.81000,39.07000,38.64000,38.83500,2516400
1497015000,38.74000,39.31500,38.45500,38.75000,2627000
1497274200,38.69000,38.73500,37.36500,38.24500,2524200
1497360600,38.46500,39.14000,38.45000,39.03000,2573600
1497447000,39.27500,39.58000,38.95500,39.18000,2030200
1497533400,38.91500,39.51500,38.91500,39.51000,3872000
1497619800,39.56000,39.75000,38.97500,39.31500,3401600
1497879000,39.29000,39.74000,39.23000,39.31500,3068000
1497965400,39.23000,39.30000,38.98500,39.16000,2457600
1498051800,39.43500,40.18000,39.27000,40.06000,3502400
1498138200,40.10500,41.90500,39.92500,41.50000,5281400
1498224600,41.59000,42.90000,41.19500,42.07500,8530800
1498483800,42.07500,42.41500,41.10500,41.17500,4650800
1498570200,41.29000,41.29000,40.39000,40.50500,3350600
1498656600,40.80500,40.85000,40.24500,40.68000,2488600
1498743000,40.75000,40.75000,39.28000,39.97500,2092600
1498829400,40.14000,40.30000,39.68000,39.94000,2706400
1499088600,40.00000,40.36500,39.85500,40.07000,1449200
1499261400,40.24000,41.06000,40.08000,40.79500,2694000
1499347800,40.50000,40.77500,39.68500,39.85000,2649200
1499434200,40.10000,40.92500,39.94500,40.63000,2562400
1499693400,40.55500,40.87000,40.37000,40.56500,1871800
1499779800,40.90000,41.46000,40.64500,40.99000,3297600
1499866200,41.18500,41.43500,40.84000,41.25000,3610400
1499952600,41.24500,41.36000,40.76000,41.20000,2779000
1500039000,41.35500,41.69500,41.16500,41.40000,3493000
1500298200,41.48500,41.96500,41.30500,41.84500,3241600
1500384600,42.15500,42.26000,41.77500,42.22000,3899800
1500471000,42.25000,42.61000,42.06500,42.32500,2659400
1500557400,42.48500,43.01000,42.25500,42.70000,3925000
1500643800,42.68500,42.68500,42.17000,42.36500,1662200
1500903000,42.36500,42.51000,42.00500,42.10000,4245200
1500989400,43.62000,43.97000,41.06500,41.42500,6374800
1501075800,41.42500,42.25000,41.31000,41.69500,4172800
1501162200,41.54000,41.54500,40.32000,40.58500,2778800
1501248600,41.00000,41.61500,40.65000,41.34500,2429800
1501507800,41.34000,41.34500,39.53000,39.71000,4080400
1501594200,39.71500,40.45500,39.69000,40.22500,3335800
1501680600,40.26500,40.98000,39.94000,40.89500,3589600
1501767000,40.89500,41.62000,40.82000,41.59500,2566400
1501853400,41.83000,42.06000,41.11000,41.19000,3345200
1502112600,41.19500,41.42000,40.72500,41.30000,2307600
1502199000,41.32500,41.71000,41.04000,41.36000,1673400
1502285400,41.34500,41.65000,41.08500,41.36500,1677200
1502371800,41.15000,41.22500,40.55500,40.70500,1592200
1502458200,40.75000,41.18500,40.50000,41.07000,1535400
1502717400,41.56500,41.68500,41.23500,41.47500,1521200
1502803800,41.56500,41.64500,41.10000,41.42500,2072200
1502890200,41.40000,41.75500,41.29500,41.43500,3078600
1502976600,41.49000,42.45500,41.49000,41.81000,3288800
1503063000,41.86500,41.98000,41.51500,41.74500,1745200
1503322200,41.82000,42.33500,41.71500,42.13000,2506400
1503408600,42.15500,43.19000,42.15500,43.12500,2170400
1503495000,42.92500,43.10000,42.49500,42.85000,1774400
1503581400,43.03500,43.25000,42.72000,43.00000,1268000
1503667800,43.02000,43.44000,42.87500,42.95000,2133800
1503927000,43.00000,43.51000,42.92000,43.17000,1380400
1504013400,42.95000,43.23000,42.44500,43.11000,1291800
1504099800,43.10000,43.53500,42.92500,43.21500,1548200
1504186200,43.44500,44.48000,43.43500,44.42500,2670400
1504272600,44.45000,44.45000,43.50000,44.31000,1802400
1504618200,44.12000,44.61500,43.99500,44.31500,1893200
1504704600,44.58000,44.58000,43.68500,44.16000,2659800
1504791000,44.26000,44.78000,43.87500,44.54000,1691400
1504877400,44.41000,44.97500,44.33000,44.77000,1820600
1505136600,45.00000,45.54500,44.82500,45.27000,2777000
1505223000,45.36500,45.58000,44.81000,45.44000,2016400
1505309400,48.50000,49.36000,47.60000,49.08000,7152400
1505395800,48.93000,49.28500,47.53500,47.96000,4146600
1505482200,47.94000,48.60500,47.46500,47.99000,3890400
1505741400,47.97500,47.99500,47.03500,47.29000,3236400
1505827800,47.37000,47.38000,44.06000,44.89000,9423600
1505914200,45.00000,45.47500,44.67500,45.38000,3731800
1506000600,45.35000,45.50500,44.95000,45.37000,3310200
1506087000,45.37000,47.26000,43.63000,46.11000,6991200
1506346200,46.00000,48.04000,45.13500,45.16500,4219400
1506432600,45.61000,46.93500,45.61000,46.16000,4404600
1506519000,46.36500,47.12500,45.96500,46.86000,2825600
1506605400,46.65000,48.23500,46.44000,47.92000,5343000
1506691800,48.10500,48.96500,47.48500,48.38500,4193600
1506951000,48.56500,49.06500,48.06500,48.48000,3740800
1507037400,48.51500,49.14000,47.91500,48.48500,1942200
1507123800,48.52000,48.88500,48.30500,48.38500,1388600
1507210200,48.50000,48.91000,48.18000,48.67500,3069000
1507296600,48.73000,49.01500,48.53500,49.00500,2227600
1507555800,48.79500,48.97500,48.07500,48.61000,1721600
1507642200,48.74000,48.74000,47.58500,48.17500,3177800
1507728600,48.01000,48.15500,47.13000,48.02500,4982400
1507815000,48.12000,48.28500,46.43500,46.84000,6443200
1507901400,43.53000,45.61000,41.78000,45.28000,12794200
1508160600,45.28000,46.49000,45.05500,45.46000,4971800
1508247000,46.01000,47.40000,45.77000,46.90000,6010600
1508333400,46.68000,47.11500,46.15500,46.77000,3800600
1508419800,46.72500,47.36000,46.06000,47.35000,2857200
1508506200,47.65500,48.46500,47.05000,48.25000,2941600
1508765400,48.62000,49.19000,48.07500,48.99500,3580600
1508851800,46.57000,47.42000,45.25000,46.51000,9087600
1508938200,46.50000,46.52500,44.54000,45.38000,5437800
1509024600,45.59000,45.71000,44.93500,45.56500,4712800
1509111000,45.54500,47.48500,45.27000,47.20500,4363000
1509370200,47.04500,47.50000,46.47000,46.90500,2141800
1509456600,46.98500,47.71500,46.46500,46.83500,2828400
1509543000,47.04500,48.54000,47.04500,48.32500,4476200
1509629400,48.58500,48.74500,47.36500,47.90500,3024400
1509715800,47.74500,48.34000,47.50000,48.01500,1707400
1509978600,48.13000,48.65500,47.55000,47.66000,2195600
1510065000,47.60000,48.05500,47.11500,47.40500,1218000
1510151400,47.36000,47.37000,46.09000,46.57500,2487600
1510237800,46.39000,46.67500,45.78500,46.64000,2118200
1510324200,46.68500,46.94000,46.16500,46.84000,1307000
1510583400,46.55500,47.49500,46.55500,47.18000,3056200
1510669800,46.97500,47.18000,46.37500,46.51500,1715400
1510756200,46.40000,46.51000,45.03500,46.07500,2552800
1510842600,46.25500,48.46500,46.25500,47.97000,3466600
1510929000,47.83500,47.97500,47.52000,47.57000,2009200
1511188200,47.61500,47.82000,46.69500,46.89000,2466600
1511274600,47.19500,47.42000,46.57500,46.96000,2384200
1511361000,47.20000,49.33000,47.16500,48.47500,2761600
1511533800,48.53500,48.94500,48.26500,48.58500,818000
1511793000,48.34500,49.45000,48.32500,49.04500,2990400
1511879400,49.04000,49.59000,48.22000,48.90500,2577400
1511965800,48.80000,49.99000,48.76000,49.50500,2188800
1512052200,49.66500,51.22000,49.66500,51.04500,3098400
1512138600,51.19500,51.49500,48.72500,50.55000,2710000
1512397800,51.34500,51.57500,49.09500,49.14000,3026600
1512484200,49.21000,50.28500,48.71500,49.86500,5166400
1512570600,49.93500,49.95500,48.80500,49.25500,2125200
1512657000,49.38500,50.65500,49.24500,50.45000,2583000
1512743400,50.55500,51.15000,50.37500,50.67000,2316600
1513002600,50.58500,50.96000,49.53000,49.85000,2256200
1513089000,50.08500,50.44000,49.71500,50.43000,2722400
1513175400,50.43000,51.19000,50.39500,50.59500,3979600
1513261800,50.88500,50.95500,49.40000,49.51000,2653000
1513348200,50.01500,50.08500,47.34500,47.43000,9075400
1513607400,47.68000,49.81000,47.67000,48.96500,6441200
1513693800,49.26500,50.62500,49.10500,50.47000,4620400
1513780200,50.84500,52.32500,50.63000,51.47500,3335200
1513866600,51.81000,51.99500,50.76500,51.29500,3226200
1513953000,51.33500,51.33500,50.63000,51.08000,1533400
1514298600,51.14500,51.64000,50.94500,51.13000,1023400
1514385000,51.32000,51.98000,51.17000,51.51000,1434800
1514471400,51.23500,51.71000,50.90500,51.45000,1258200
1514557800,51.75000,51.92500,50.42000,50.44000,1615000
1514903400,50.35000,51.34000,49.53500,51.29500,2240400
1514989800,51.72500,52.26000,51.28500,52.21500,2298000
1515076200,52.50000,52.50000,51.09500,51.25000,2075200
1515162600,51.55000,53.01000,51.33000,52.74500,2875000
1515421800,52.70000,52.79000,51.79000,52.46000,2705400
1515508200,52.70500,53.37000,52.52000,52.98500,2170400
1515594600,52.81000,53.03000,51.70000,52.90000,1841600
1515681000,53.04500,53.40000,52.84000,53.39000,1248400
1515767400,53.89000,54.85000,53.50000,54.74000,1515800
1516113000,55.25000,55.81000,54.32000,54.65000,2381000
1516199400,55.16500,55.86000,54.45000,55.67500,2433400
1516285800,55.59000,55.88000,54.87000,55.50000,2159600
1516372200,55.97500,55.97500,54.53000,55.33500,2473600
1516631400,55.83000,55.89500,54.90500,55.79500,2289200
1516717800,55.58500,56.16500,55.06000,55.48500,1709000
1516804200,55.67000,56.10500,55.45500,55.51000,1433000
1516890600,55.68000,55.68000,54.89500,55.33000,1569600
1516977000,55.45500,55.53000,55.13500,55.40000,2223000
1517236200,55.59000,56.21000,55.43500,55.63500,1644200
1517322600,54.51500,54.91000,53.85500,54.34500,3909000
1517409000,55.46000,56.06500,53.30500,53.62000,3258000
1517495400,53.49500,53.65500,52.27500,53.36500,3883600
1517581800,53.00000,53.36000,51.75500,51.87500,2404400
1517841000,51.64500,52.01000,49.59500,49.69000,3865800
1517927400,49.89500,53.30500,49.89500,51.83500,5625000
1518013800,51.50500,53.54500,51.50500,52.19000,6210400
1518100200,52.02000,52.47500,50.04500,50.18000,6288000
1518186600,50.59000,51.32500,48.95000,50.83000,5408000
1518445800,51.28500,51.96500,50.55000,51.54500,2664200
1518532200,51.09000,51.55500,50.40500,51.50000,2853000
1518618600,51.00500,51.91000,50.58500,51.06500,2673200
1518705000,51.23000,51.45500,48.80500,49.88000,5042000
1518791400,49.86000,50.49000,49.42000,50.11000,2530400
1519137000,49.93500,51.17000,49.73000,50.13000,2520200
1519223400,50.23000,51.13000,50.06000,50.10000,2192600
1519309800,50.29500,50.48000,49.54000,49.74500,2300000
1519396200,50.12000,50.29500,49.45500,50.22500,1949000
1519655400,50.31000,51.59000,49.89000,51.34000,2203600
1519741800,51.27500,52.07500,51.14000,51.18500,1541600
1519828200,51.29000,51.54500,50.68500,50.71000,2105400
1519914600,50.69000,50.85500,49.62000,49.90500,2249800
1520001000,49.72000,50.52000,49.25500,50.39000,1875600
1520260200,50.24500,51.25000,49.73500,50.96000,2136200
1520346600,51.07500,51.23000,50.09500,50.51500,1999400
1520433000,50.07000,50.94000,49.93500,50.85500,1824200
1520519400,50.94500,50.94500,49.74500,50.14000,2118000
1520605800,50.53500,51.34000,50.25000,51.33000,2033600
1520861400,51.16500,51.22500,50.13500,50.15000,2026000
1520947800,50.38500,51.01000,50.19500,50.83500,2255200
1521034200,51.11000,52.38500,51.10500,51.78000,5080200
1521120600,51.92500,53.33500,51.83000,52.62000,3256000
1521207000,52.70000,53.41500,52.68500,52.80500,4059000
1521466200,52.51500,52.73000,51.83500,52.20500,2923000
1521552600,52.21500,52.25000,51.19000,51.82500,2869400
1521639000,51.95000,52.52000,51.72500,52.34500,3329400
1521725400,51.94000,52.73000,51.83000,51.92000,4339400
1521811800,51.94000,52.50000,50.63500,50.73500,4044600
1522071000,51.45500,51.74000,50.37000,50.85000,3051600
1522157400,51.12000,51.51000,50.30000,50.57000,2041600
1522243800,50.43500,51.10500,50.00000,50.17500,2549600
1522330200,50.63000,53.53000,50.47500,53.43500,4210200
1522675800,53.73500,54.05500,52.15500,53.12500,5745600
1522762200,53.16000,53.51000,52.25000,53.10500,3376400
1522848600,52.89000,53.31000,52.14000,53.20500,2922200
1522935000,53.52000,54.56500,53.22000,54.47500,3145600
1523021400,54.19000,54.40500,53.00500,53.51500,2285000
1523280600,53.63500,54.19000,53.24500,53.29000,1591000
1523367000,54.01500,54.52500,53.20500,53.98000,2377200
1523453400,53.57500,53.86500,52.66000,52.96500,2520400
1523539800,53.38500,54.06000,52.98500,53.01000,1951800
1523626200,53.29500,53.57500,52.99000,53.32000,1129000
1523885400,53.83000,55.37000,53.48000,54.96000,4394400
1523971800,55.57000,56.40000,55.57000,56.05500,3025600
1524058200,56.37000,56.94000,55.76500,56.11000,2081600
1524144600,56.03500,56.21500,55.52000,55.68500,2055400
1524231000,55.70000,55.98000,55.15000,55.31500,2221600
1524490200,55.38500,55.45500,54.89500,55.28500,2342800
1524576600,53.79500,55.49000,53.47500,53.87000,4338600
1524663000,53.94000,54.98500,53.70000,54.64500,4257400
1524749400,54.37000,54.69000,53.74500,54.50000,3353200
1524835800,54.48000,55.52500,54.33500,55.08500,1923800
1525095000,54.25000,55.90000,54.14000,54.29000,4228200
1525181400,54.38000,54.63000,53.52500,54.38500,3094000
1525267800,53.93500,57.94000,53.92500,57.12000,30727200
1525354200,57.19000,58.03500,56.43000,57.50500,7199000
1525440600,57.46000,58.43500,57.39500,58.32500,8443400
1525699800,58.55000,58.93000,57.44500,57.74500,4042000
1525786200,57.90500,57.90500,56.34500,56.70500,3629400
1525872600,56.70000,57.00000,55.68000,56.41500,3207400
1525959000,56.52000,57.22000,56.32500,56.53000,2876400
1526045400,56.72000,57.43500,56.15500,57.22000,3329800
1526304600,57.25000,57.88500,57.08000,57.36500,1810800
1526391000,57.01500,57.14000,56.32000,56.55000,2446000
1526477400,56.67500,56.77000,56.12500,56.53000,2734000
1526563800,56.60500,57.55000,56.58500,57.28500,2495000
1526650200,57.34000,57.90500,57.29000,57.69000,2310800
1526909400,58.00000,58.34000,57.72500,58.02500,2079000
1526995800,58.02500,58.47000,57.60500,57.86500,1818000
1527082200,57.64500,58.71000,57.55500,58.23500,3106800
1527168600,58.21500,58.48000,57.50000,58.30500,2585800
1527255000,58.30000,59.47000,58.24000,59.21000,2120800
1527600600,58.83500,59.04000,57.67000,58.45500,2598600
1527687000,58.70000,59.43500,58.46500,59.40500,2713800
1527773400,59.34000,59.42000,58.46000,58.58000,4428400
1527859800,58.98500,58.98500,58.25000,58.78500,3296400
1528119000,58.78500,59.17500,58.25000,59.12500,2613800
1528205400,59.22500,59.31500,58.37000,59.00500,2329800
1528291800,58.98500,59.48500,58.79500,59.48500,2501600
1528378200,59.50000,59.92000,59.25500,59.59000,1717400
1528464600,59.10500,59.90500,58.47000,59.90500,2715800
1528723800,60.00000,61.33500,59.90500,60.97000,2617200
1528810200,60.96500,61.89000,60.62000,61.85500,3093400
1528896600,62.06500,63.02000,61.95500,62.33500,4382400
1528983000,62.56000,62.92500,61.41000,61.75000,4442600
1529069400,61.92500,62.09000,61.01500,61.88500,6119600
1529328600,61.74000,62.52000,61.29500,62.52000,3488800
1529415000,62.07500,62.32500,61.55000,62.13500,2684400
1529501400,62.23000,62.99500,62.23000,62.87500,1975400
1529587800,62.80500,63.15000,61.95500,62.30500,2561800
1529674200,62.64500,62.95000,62.33500,62.80000,6845200
1529933400,62.78500,62.97000,61.56000,61.91500,2511200
1530019800,61.95000,62.16500,61.53500,61.67500,2955400
1530106200,61.81500,61.84500,61.05000,61.05500,2831200
1530192600,60.57000,61.97500,60.12500,61.89000,2617200
1530279000,61.98000,62.96000,61.53000,61.60500,3454800
1530538200,61.40500,62.06500,60.50500,62.03000,2087600
1530624600,62.19000,62.80000,61.95500,62.59000,986600
1530797400,62.91500,64.01000,62.88500,63.99500,2852800
1530883800,64.00500,64.61000,63.87500,64.58000,2837000
1531143000,64.89000,64.95000,64.26500,64.65000,2837400
1531229400,65.00000,65.58500,64.80000,65.30500,2394800
1531315800,65.00000,66.03000,64.21500,65.72500,2237600
1531402200,66.07500,66.43500,65.65000,66.34000,2818600
1531488600,66.35000,67.35000,66.34000,67.26500,2811800
1531747800,67.17000,67.32000,66.58000,66.61500,2932600
1531834200,66.17500,67.00000,65.40000,66.95500,2763400
1531920600,66.82000,67.35000,66.58500,67.01000,1711800
1532007000,67.25000,67.91000,66.86000,67.62500,1890400
1532093400,67.35500,68.05500,67.30500,67.72500,1790000
1532352600,67.70000,68.14500,67.40500,68.06000,3314200
1532439000,66.50000,66.95000,64.54500,65.00000,7178600
1532525400,65.32000,66.43500,64.94500,65.94000,4179200
1532611800,65.95000,66.67500,65.27500,66.51500,2368800
1532698200,66.60000,66.74500,65.77000,66.04000,1467200
1532957400,65.94500,66.00000,64.52500,64.70000,2202600
1533043800,64.75000,65.47500,64.58000,65.16500,1895400
1533130200,65.63000,66.67000,65.37500,66.40000,2972400
1533216600,66.40000,67.61500,65.90000,67.55000,2299600
1533303000,66.40000,67.63500,66.40000,67.41500,2017000
1533562200,66.94500,67.88000,66.83000,67.59500,4231400
1533648600,67.61000,68.02000,66.88500,67.84000,3475400
1533735000,67.94000,68.95000,67.88500,68.73000,1661800
1533821400,68.88500,69.88500,68.71500,69.23500,1957800
1533907800,68.87000,69.96500,68.75000,69.24500,1937000
1534167000,69.25500,69.96500,69.13000,69.75500,2608600
1534253400,69.93000,71.89500,69.87000,71.84000,4165000
1534339800,71.50000,72.11500,71.35000,71.85000,3214000
1534426200,72.19000,72.69000,71.82500,71.96000,2465000
1534512600,72.09000,72.35500,70.96000,71.85500,2250200
1534771800,71.70500,71.78000,71.00000,71.54000,2422600
1534858200,71.70000,72.14000,71.20500,71.90000,2489800
1534944600,71.96500,72.14000,71.48000,72.03000,1916000
1535031000,72.16500,72.53000,71.97500,72.17500,1525000
1535117400,72.32000,72.67500,71.94500,72.62000,1671000
1535376600,72.98000,73.11500,72.55500,72.76500,1309200
1535463000,72.89000,73.21500,72.50000,73.19000,1760600
1535549400,73.40000,73.79500,72.90500,73.44000,2165600
1535635800,73.44000,73.96500,73.19000,73.34500,1345600
1535722200,73.00000,73.40500,72.71500,73.24000,2655800
1536067800,73.20000,73.78000,73.00500,73.10500,2980000
1536154200,73.27500,73.31000,72.16000,72.61500,2082200
1536240600,72.76000,73.02000,71.94500,72.65500,2368600
1536327000,72.65000,74.12000,72.50000,73.02500,1908200
1536586200,72.81500,73.15500,71.26500,71.71500,2187600
1536672600,71.50000,72.57500,71.25000,72.14500,2029800
1536759000,72.00000,72.24000,71.32500,72.14000,1851800
1536845400,72.20000,72.89500,72.05000,72.46500,1902400
1536931800,72.59500,72.93000,72.11000,72.62000,2498000
1537191000,72.88000,72.90000,70.63500,70.87500,2788200
1537277400,70.75000,71.98000,70.57000,71.42000,2236600
1537363800,71.68000,71.69000,70.89000,71.53500,1580600
1537450200,71.71500,71.88000,71.10500,71.41500,2013400
1537536600,71.26500,72.06000,71.19000,71.35500,4027800
1537795800,71.29500,71.77000,70.99500,71.49000,2119600
1537882200,71.49000,71.57500,70.99500,71.11000,1344000
1537968600,71.21000,71.32500,70.69000,70.79000,1815200
1538055000,71.03000,71.96000,70.79000,71.61000,1744000
1538141400,71.59500,72.52000,71.37500,72.39000,2968400
1538400600,72.60500,73.20500,72.43500,72.67500,2585600
1538487000,72.75500,72.97500,72.08000,72.50000,3232600
1538573400,72.52500,72.68500,72.14500,72.58500,2270000
1538659800,72.69000,72.95000,71.32500,71.47500,2002800
1538746200,71.41000,72.22500,71.33000,71.98500,1263200
1539005400,71.97000,72.16500,70.52500,71.35000,2833200
1539091800,71.47000,71.85000,70.93000,71.49500,2744600
1539178200,71.53000,72.26500,70.83000,70.97500,5113200
1539264600,70.91000,71.25000,69.13000,69.46500,4002000
1539351000,70.52500,71.13000,69.49000,70.41000,3912600
1539610200,70.52500,70.75000,69.45500,69.71000,2356400
1539696600,70.64500,73.28500,70.57000,73.23000,2775800
1539783000,73.03000,73.03000,71.86000,72.68000,2033200
1539869400,72.92500,73.46000,72.29500,72.95000,2033400
1539955800,73.03000,73.50000,71.16500,71.39000,2422800
1540215000,71.30000,71.94500,69.39500,70.65500,3539400
1540301400,67.13500,68.12500,63.56500,67.18500,11318400
1540387800,67.20000,68.38500,64.75500,64.76500,5126800
1540474200,64.87500,66.44500,63.97000,65.72500,3593800
1540560600,65.13000,65.22500,62.53500,63.62500,5249800
1540819800,64.13000,64.50500,61.47500,62.44500,3066600
1540906200,62.57000,64.25000,61.92000,64.07500,3956200
1540992600,64.79000,66.70500,64.79000,65.16000,4264400
1541079000,65.65500,66.58500,65.12000,65.56500,2902400
1541165400,65.91000,66.42000,64.22500,64.65500,2735600
1541428200,64.74000,66.45000,64.59500,65.88500,2914000
1541514600,65.87000,66.22500,65.04000,65.44000,3237400
1541601000,66.55500,71.93000,66.25500,71.48000,6077000
1541687400,71.50500,71.95000,70.54500,71.82500,3214400
1541773800,71.59500,72.18000,70.61000,71.15500,2169000
1542033000,71.06000,71.23500,68.69000,68.79000,2225200
1542119400,68.91000,69.42500,67.75000,68.47000,2542800
1542205800,69.25000,69.78000,67.48000,68.09500,2547600
1542292200,67.62000,68.50500,66.32000,67.93500,2776000
1542378600,67.98000,69.10500,67.50000,68.00000,3216800
1542637800,67.75000,67.91000,65.41500,65.68500,3348600
1542724200,65.00000,66.00500,64.14000,65.16000,2853200
1542810600,65.41500,66.98500,65.40500,66.76500,3020200
1542983400,66.19500,68.56000,66.10500,68.09500,1421200
1543242600,68.41000,69.86000,68.41000,69.22500,2266000
1543329000,68.72500,68.94000,67.27000,68.04500,3111600
1543415400,68.63000,70.45500,68.25000,70.43000,3545400
1543501800,70.06000,71.39500,69.87500,70.97000,2599800
1543588200,71.05000,71.42000,70.55500,71.12500,3148000
1543847400,71.87000,73.43500,71.50500,73.41500,2571800
1543933800,73.58500,74.49000,70.99500,71.09000,4047000
1544106600,69.67500,70.00000,65.59500,67.72000,4839400
1544193000,67.79000,68.33500,65.94500,66.61000,4159800
1544452200,66.77000,67.14500,64.50000,66.23000,3009200
1544538600,67.18500,67.96000,66.02500,66.41500,2325600
1544625000,67.73000,68.43500,67.05500,67.14500,2556000
1544711400,67.32500,68.15000,65.70000,66.43500,2856200
1544797800,66.25000,67.37500,63.16500,63.76500,4971800
1545057000,59.60000,61.62000,57.34000,60.71000,13092200
1545143400,60.63000,61.09000,59.12000,60.04500,6083000
1545229800,60.05000,61.59500,58.99000,59.46000,4266800
1545316200,59.07500,59.18000,57.01000,57.82500,4609200
1545402600,57.34000,58.18500,56.08000,56.25500,7270600
1545661800,55.67000,56.05000,54.47000,54.54500,1542200
1545834600,54.87000,57.70500,54.84000,57.69000,2869200
1545921000,56.76000,57.23000,54.25000,56.88000,4222800
1546007400,56.94000,57.30000,56.09500,56.40000,2306200
1546266600,56.82000,57.80000,56.81000,57.65000,2752000
1546439400,57.03000,57.08500,55.86500,56.50000,3255400
1546525800,56.15500,56.46000,54.86000,54.96000,3945000
1546612200,55.74500,57.22000,55.47000,56.76500,3337600
1546871400,56.82000,58.28500,56.82000,57.25000,3637800
1546957800,57.96500,58.63500,57.42500,58.04000,4672200
1547044200,58.59500,59.51000,58.27000,59.11500,4730000
1547130600,59.03000,59.24000,58.34000,59.21000,4164000
1547217000,59.57000,60.39000,59.24500,59.99000,2470800
1547476200,59.70000,61.27500,59.53000,60.95000,5905400
1547562600,61.00000,62.65000,59.68500,62.56000,4175400
1547649000,63.00500,63.84000,62.54000,63.23000,4019600
1547735400,62.68000,63.16000,62.28000,62.63500,1989200
1547821800,62.75000,63.35000,62.38000,63.31000,2139600
1548167400,62.82500,63.28500,62.27000,62.77500,1905800
1548253800,63.14500,63.71500,62.06500,62.77000,2142200
1548340200,62.95500,63.97500,62.82000,63.36500,1396400
1548426600,64.09500,64.64000,63.80500,64.50000,2858600
1548685800,63.87000,64.52500,63.30000,64.48000,2312800
1548772200,64.71500,64.71500,63.11500,63.94500,1777400
1548858600,64.48500,65.61000,64.14500,65.03000,2655200
1548945000,65.05000,65.68500,64.53500,65.28500,4738600
1549031400,65.04000,66.08500,64.66000,65.89000,3108000
1549290600,65.83500,66.10000,64.00500,64.98500,6068000
1549377000,68.04500,69.24500,62.86500,63.73500,6081200
1549463400,63.75000,63.75000,60.91500,63.08000,6312000
1549549800,64.35000,64.89000,63.04000,63.91000,2904700
1549636200,63.73000,63.96000,62.24000,62.90000,2606500
1549895400,62.95000,63.11000,61.62000,61.95000,3314400
1549981800,62.44000,63.14000,61.57000,63.05000,3203600
1550068200,63.07000,64.06000,62.93000,63.69000,2747400
1550154600,63.38000,64.39000,63.06000,63.96000,1796300
1550241000,64.64000,65.25000,64.47000,64.97000,1692900
1550586600,64.66000,65.05000,64.05000,64.41000,2759800
1550673000,64.35000,65.48000,64.15000,65.28000,2760000
1550759400,65.33000,65.36000,63.19000,63.51000,2938700
1550845800,63.78000,64.36000,63.49000,64.01000,1998400
1551105000,64.35000,64.50000,63.87000,64.02000,1901200
1551191400,63.98000,64.21000,63.60000,63.79000,1880300
1551277800,63.38000,63.73000,60.91000,61.89000,3513300
1551364200,62.15000,62.79000,59.93000,60.89000,5135600
1551450600,61.53000,62.32000,60.66000,61.34000,3242400
1551709800,61.29000,61.76000,58.08000,58.56000,4982100
1551796200,58.82000,58.96000,57.44000,58.08000,4053700
1551882600,57.99000,58.15000,56.79000,56.88000,4138100
1551969000,56.99000,57.67000,56.34000,56.43000,3824600
1552055400,56.03000,57.06000,55.90000,56.56000,3106300
1552311000,56.81000,57.67000,56.10000,57.45000,2665600
1552397400,57.74000,58.56000,57.53000,58.28000,2876200
1552483800,58.57000,60.32000,58.39000,59.98000,4491500
1552570200,59.88000,60.30000,59.25000,59.38000,2632600
1552656600,59.59000,60.18000,59.07000,59.15000,4062600
1552915800,59.21000,59.62000,58.98000,59.36000,2607900
1553002200,59.50000,60.59000,59.32000,59.97000,2034400
1553088600,59.98000,60.06000,58.53000,58.68000,2348000
1553175000,58.50000,59.10000,58.14000,58.91000,4065700
1553261400,58.63000,58.84000,57.05000,57.14000,3472400
1553520600,57.04000,58.15000,55.81000,57.05000,2250000
1553607000,56.84000,56.84000,54.21000,54.85000,5782300
1553693400,50.15000,52.52000,49.56000,52.12000,34966800
1553779800,52.34000,53.40000,52.04000,52.82000,9488800
1553866200,53.14000,53.34000,51.74000,53.10000,7023200
1554125400,53.67000,54.27000,53.06000,54.16000,6150900
1554211800,54.88000,54.88000,53.32000,53.69000,7161000
1554298200,54.00000,54.61000,53.16000,53.37000,6391800
1554384600,53.44000,54.08000,53.30000,53.56000,5019200
1554471000,53.77000,56.15000,53.52000,55.84000,10474500
1554730200,55.84000,56.72000,55.21000,56.64000,8552900
1554816600,56.37000,58.25000,56.00000,57.88000,10971700
1554903000,58.16000,58.17000,56.86000,57.29000,9565400
1554989400,57.42000,57.90000,55.03000,55.13000,8799000
1555075800,55.32000,55.45000,52.36000,52.92000,10855400
1555335000,53.07000,53.24000,52.26000,53.22000,6655100
1555421400,53.98000,53.98000,49.27000,50.07000,12233500
1555507800,50.06000,50.07000,46.10000,47.01000,19375300
1555594200,47.01000,48.43000,45.44000,48.20000,17863700
1555939800,48.41000,49.24000,47.71000,48.08000,8426000
1556026200,48.16000,50.51000,46.85000,50.31000,17295900
1556112600,50.48000,50.71000,49.77000,50.20000,7281000
1556199000,49.98000,50.50000,49.26000,50.23000,6044600
1556285400,50.50000,52.67000,50.39000,52.63000,10804700
1556544600,52.51000,52.94000,51.96000,52.26000,8974100
1556631000,52.66000,52.66000,50.35000,51.56000,8574700
1556717400,51.39000,51.55000,49.63000,49.73000,7569500
1556803800,49.59000,51.62000,49.40000,51.62000,8194800
1556890200,51.61000,52.83000,50.72000,52.59000,9997800
1557149400,51.41000,57.30000,51.35000,56.04000,20699200
1557235800,55.64000,56.95000,54.90000,55.85000,17145600
1557322200,55.49000,57.45000,54.78000,56.62000,10633800
1557408600,55.97000,56.87000,53.44000,54.74000,9278300
1557495000,54.99000,55.36000,52.80000,55.05000,12889400
1557754200,53.85000,55.06000,53.38000,54.90000,10612300
1557840600,55.10000,55.46000,53.50000,54.74000,16414500
1557927000,54.05000,55.30000,54.05000,54.43000,12671200
1558013400,54.51000,56.16000,54.23000,55.57000,14879800
1558099800,54.81000,56.53000,54.81000,56.04000,11761600
1558359000,55.62000,56.42000,55.19000,55.51000,6970800
1558445400,55.93000,57.31000,55.91000,57.14000,6183800
1558531800,57.00000,57.16000,56.52000,56.78000,3165500
1558618200,55.87000,56.12000,54.93000,55.42000,5993900
1558704600,55.75000,57.51000,54.58000,56.87000,13305000
1559050200,56.89000,58.23000,56.03000,56.09000,8181600
1559136600,55.75000,56.76000,54.92000,56.23000,5363300
1559223000,56.34000,57.30000,55.88000,57.00000,4916500
1559309400,56.56000,58.24000,55.57000,57.75000,8964400
1559568600,53.50000,54.23000,51.11000,51.82000,35998400
1559655000,52.54000,54.32000,52.40000,53.94000,12784800
1559741400,54.20000,54.25000,53.20000,53.87000,12850700
1559827800,53.99000,54.51000,53.66000,53.89000,4448400
1559914200,54.15000,54.58000,53.70000,54.21000,4035800
1560173400,54.74000,55.29000,54.45000,54.97000,5137900
1560259800,55.41000,55.55000,54.16000,54.16000,5528200
1560346200,54.36000,54.39000,53.06000,53.69000,7357700
1560432600,53.71000,54.22000,53.26000,53.74000,7410000
1560519000,53.90000,54.15000,53.10000,53.55000,3258000
1560778200,53.65000,55.05000,53.59000,55.01000,5650000
1560864600,55.12000,55.96000,54.75000,55.26000,4983400
1560951000,55.23000,55.69000,54.62000,55.46000,4296500
1561037400,55.99000,56.02000,54.86000,55.38000,4444900
1561123800,55.55000,56.71000,55.20000,56.37000,8455600
1561383000,56.36000,56.70000,54.70000,55.33000,5822100
1561469400,55.39000,55.52000,53.81000,53.91000,6899300
1561555800,54.08000,54.27000,52.02000,52.02000,6365700
1561642200,52.02000,53.07000,51.43000,52.44000,4914900
1561728600,52.46000,52.53000,51.27000,52.44000,6968100
1561987800,53.05000,53.17000,50.45000,51.35000,7691200
1562074200,51.35000,51.75000,50.70000,51.54000,4544100
1562160600,51.42000,52.04000,51.15000,51.35000,2526900
1562333400,51.14000,52.24000,51.11000,51.48000,2340000
1562592600,51.29000,51.52000,50.61000,51.26000,2771700
1562679000,51.34000,51.64000,49.96000,50.45000,4915900
1562765400,50.61000,51.50000,50.20000,51.21000,4000900
1562851800,53.01000,53.65000,52.10000,53.22000,9779800
1562938200,52.87000,54.60000,52.86000,54.51000,5939800
1563197400,54.73000,54.89000,53.97000,54.06000,4140600
1563283800,54.11000,54.16000,53.47000,53.74000,2943200
1563370200,53.53000,54.03000,53.18000,53.23000,3246100
1563456600,53.07000,53.98000,52.56000,53.17000,5009900
1563543000,53.21000,53.25000,52.22000,52.66000,3910100
1563802200,52.75000,53.25000,52.17000,52.19000,3194400
1563888600,51.00000,53.22000,50.39000,52.56000,8023200
1563975000,52.79000,53.79000,50.65000,53.73000,6643000
1564061400,53.79000,53.90000,52.06000,52.13000,5370000
1564147800,52.57000,53.81000,52.26000,53.42000,3869100
1564407000,53.36000,54.28000,53.21000,53.84000,4733200
1564493400,53.87000,53.87000,53.09000,53.80000,3621000
1564579800,54.04000,54.24000,52.02000,52.09000,4421400
1564666200,52.00000,52.35000,50.80000,51.35000,5693700
1564752600,51.30000,51.76000,50.12000,50.97000,4526500
1565011800,50.22000,50.51000,47.98000,48.52000,7517700
1565098200,49.06000,49.34000,48.31000,48.95000,6156200
1565184600,48.04000,49.12000,47.03000,48.96000,7480100
1565271000,49.22000,49.53000,48.68000,49.45000,4418300
1565357400,49.27000,49.72000,48.64000,48.70000,3989500
1565616600,48.36000,48.88000,47.82000,47.96000,3401100
1565703000,47.66000,50.00000,47.66000,49.73000,4510300
1565789400,48.77000,49.00000,47.49000,47.78000,4568200
1565875800,48.05000,48.14000,47.06000,47.56000,4356100
1565962200,48.00000,48.59000,47.94000,48.01000,3718300
1566221400,48.67000,48.67000,47.06000,47.44000,6304300
1566307800,47.36000,47.45000,46.49000,46.54000,4090900
1566394200,46.88000,47.30000,46.77000,46.93000,2995400
1566480600,47.04000,47.16000,45.51000,45.55000,5372500
1566567000,45.25000,45.85000,44.50000,44.72000,4308100
1566826200,45.10000,45.30000,44.73000,45.27000,4667300
1566912600,45.30000,45.86000,44.53000,45.03000,7486500
1566999000,44.80000,45.75000,44.58000,45.32000,4112100
1567085400,45.78000,46.36000,45.51000,46.32000,3723000
1567171800,46.74000,47.01000,46.24000,46.62000,3041400
1567517400,46.22000,46.31000,45.58000,46.14000,3021700
1567603800,46.54000,46.67000,45.50000,45.61000,2613900
1567690200,46.17000,46.48000,45.50000,46.14000,2627300
1567776600,46.30000,46.67000,45.78000,45.89000,3079900
1568035800,45.91000,46.40000,45.28000,46.23000,5532200
1568122200,46.33000,47.48000,45.78000,47.31000,4449100
1568208600,47.42000,47.53000,46.45000,46.78000,2730900
1568295000,47.09000,47.17000,44.81000,44.89000,6338500
1568381400,45.36000,46.12000,45.25000,45.40000,5923900
1568640600,45.15000,46.46000,45.15000,46.12000,5330100
1568727000,46.09000,46.23000,45.48000,45.55000,5660100
1568813400,45.47000,46.40000,45.41000,46.00000,4378100
1568899800,46.25000,47.17000,46.20000,46.45000,4133900
1568986200,46.68000,46.90000,46.05000,46.39000,6125800
1569245400,46.12000,46.49000,45.85000,46.39000,3173500
1569331800,46.62000,46.76000,45.22000,45.78000,4367200
1569418200,45.64000,46.47000,45.29000,45.33000,3308100
1569504600,45.19000,45.35000,42.96000,43.13000,6626300
1569591000,43.42000,43.75000,42.77000,43.17000,4643300
1569850200,43.09000,43.69000,42.93000,43.26000,4833100
1569936600,43.50000,43.62000,41.62000,42.75000,7653800
1570023000,42.47000,43.45000,42.19000,42.73000,5790900
1570109400,42.53000,43.28000,42.45000,43.23000,4949100
1570195800,43.44000,43.73000,42.76000,43.57000,3165600
1570455000,43.51000,44.41000,43.37000,43.82000,5564600
1570541400,43.42000,43.58000,42.63000,42.76000,7304900
1570627800,43.10000,43.95000,43.02000,43.82000,4128000
1570714200,43.68000,44.27000,43.29000,44.09000,4536100
1570800600,44.67000,45.24000,44.20000,44.27000,3173000
1571059800,44.12000,44.37000,43.71000,43.90000,2466600
1571146200,44.68000,46.00000,44.40000,45.21000,5746500
1571232600,44.89000,45.75000,44.83000,45.54000,3485000
1571319000,45.98000,47.26000,45.80000,47.18000,7092800
1571405400,47.09000,47.29000,46.13000,46.88000,5060200
1571664600,47.20000,47.30000,45.77000,45.77000,5588200
1571751000,45.68000,49.58000,45.22000,48.75000,10963900
1571837400,48.26000,48.91000,47.50000,48.39000,5381800
1571923800,48.70000,48.70000,47.07000,47.64000,3380700
1572010200,47.53000,48.42000,47.06000,48.23000,4483800
1572269400,48.25000,49.26000,48.10000,48.60000,4286800
1572355800,48.62000,50.04000,48.37000,49.91000,6421100
1572442200,53.00000,54.44000,52.52000,54.04000,13755800
1572528600,53.80000,54.36000,52.20000,53.08000,5871800
1572615000,53.40000,53.76000,52.06000,52.13000,5498000
1572877800,52.39000,52.43000,51.01000,51.71000,5710100
1572964200,51.99000,52.48000,51.25000,51.84000,3448800
1573050600,51.85000,52.39000,50.81000,50.83000,3872000
1573137000,50.84000,53.12000,50.84000,53.09000,5923300
1573223400,53.33000,55.11000,53.18000,55.06000,6656700
1573482600,54.59000,54.85000,53.84000,53.96000,5627500
1573569000,54.00000,55.34000,53.71000,55.20000,4463800
1573655400,54.80000,55.94000,54.70000,55.35000,5542200
1573741800,55.46000,55.50000,54.47000,54.65000,3170000
1573828200,54.64000,58.18000,54.26000,57.56000,8366700
1574087400,57.88000,60.37000,57.88000,59.36000,11088300
1574173800,59.68000,59.74000,58.86000,59.39000,4068000
1574260200,58.94000,59.55000,58.15000,59.46000,4421900
1574346600,59.38000,59.83000,58.90000,59.69000,3092800
1574433000,59.90000,60.28000,59.20000,59.45000,3396600
1574692200,59.69000,61.29000,59.59000,61.17000,4902300
1574778600,60.73000,61.08000,59.91000,60.02000,3563400
1574865000,60.11000,60.76000,59.61000,60.44000,2983300
1575037800,60.40000,60.64000,59.72000,60.47000,1147800
1575297000,60.32000,60.92000,59.41000,60.18000,5169800
1575383400,59.22000,60.09000,58.53000,60.07000,3079000
1575469800,60.30000,60.47000,59.91000,59.98000,2530500
1575556200,60.00000,60.22000,59.23000,60.02000,2754600
1575642600,60.27000,61.29000,60.17000,60.98000,3137800
1575901800,61.18000,61.22000,59.14000,59.17000,3962400
1575988200,59.11000,59.65000,58.97000,59.62000,2684900
1576074600,59.39000,59.54000,58.49000,58.64000,4781200
1576161000,58.75000,59.70000,58.31000,58.52000,3429200
1576247400,57.97000,59.03000,57.05000,57.71000,6230700
1576506600,58.06000,60.82000,57.64000,60.02000,7383000
1576593000,59.68000,59.90000,58.80000,58.94000,3507300
1576679400,59.19000,60.53000,58.88000,60.35000,3225700
1576765800,63.07000,63.49000,61.72000,61.87000,5745600
1576852200,61.24000,62.06000,60.51000,61.93000,6544200
1577111400,62.29000,63.14000,61.75000,62.90000,4281700
1577197800,63.00000,63.26000,62.56000,63.23000,978900
1577370600,63.34000,63.56000,62.99000,63.40000,1870800
1577457000,63.43000,63.67000,63.21000,63.65000,1622900
1577716200,63.78000,63.79000,62.80000,63.04000,2199500
1577802600,63.00000,63.39000,62.40000,62.87000,2163100
1577975400,62.98000,63.27000,60.82000,61.88000,4969200
1578061800,60.74000,62.12000,60.74000,61.16000,4965000
1578321000,61.05000,63.10000,60.95000,63.03000,4091300
1578407400,63.03000,63.29000,61.91000,63.03000,3475500
1578493800,63.09000,64.59000,62.71000,64.37000,3969500
1578580200,64.52000,64.77000,63.96000,64.16000,2510500
1578666600,64.50000,64.99000,64.09000,64.48000,2897800
1578925800,64.31000,64.44000,62.83000,63.40000,4546700
1579012200,63.29000,63.56000,62.89000,63.17000,5818700
1579098600,63.35000,64.99000,63.29000,64.52000,3356000
1579185000,64.68000,65.18000,64.06000,65.13000,2098200
1579271400,65.07000,65.08000,63.47000,64.54000,3428000
1579617000,64.23000,66.09000,64.21000,65.49000,3458000
1579703400,65.86000,67.49000,65.42000,66.76000,8734600
1579789800,66.70000,68.08000,65.06000,68.02000,11178700
1579876200,68.31000,68.64000,66.49000,66.61000,7332600
1580135400,65.62000,65.66000,62.91000,63.42000,11173700
1580221800,64.05000,65.50000,63.99000,65.25000,6978700
1580308200,65.08000,65.88000,64.26000,65.20000,8212200
1580394600,64.33000,64.57000,62.56000,63.52000,6159800
1580481000,62.84000,63.24000,62.19000,62.81000,8643400
1580740200,63.31000,63.41000,62.28000,62.88000,7306800
1580826600,61.82000,64.00000,60.50000,61.97000,8366600
1580913000,63.17000,66.34000,63.12000,66.07000,6582100
1580999400,65.81000,65.99000,63.71000,64.35000,5731200
1581085800,64.43000,64.44000,62.90000,63.16000,3818100
1581345000,63.15000,63.27000,62.50000,63.00000,4297600
1581431400,63.14000,64.21000,63.04000,63.71000,3628100
1581517800,64.66000,67.07000,64.57000,66.49000,6668900
1581604200,65.79000,66.85000,65.72000,65.89000,3112400
1581690600,65.78000,65.88000,64.27000,64.94000,5962400
1582036200,65.03000,66.87000,64.78000,66.71000,7022400
1582122600,66.72000,67.45000,66.07000,67.37000,7282300
1582209000,66.70000,66.92000,65.14000,65.73000,3676400
1582295400,65.21000,65.92000,64.84000,65.49000,3098900
1582554600,62.37000,63.46000,58.75000,59.35000,8368200
1582641000,59.78000,59.90000,55.83000,55.95000,6020300
1582727400,55.84000,56.57000,53.54000,54.39000,0
1582813800,53.27000,55.22000,52.15000,52.62000,9801800
1582900200,50.66000,53.07000,50.46000,53.02000,8612100
1583159400,53.51000,55.60000,51.55000,55.44000,9814500
1583245800,55.50000,57.35000,53.24000,54.03000,8821200
1583332200,60.90000,63.39000,59.74000,62.46000,17185600
1583418600,60.39000,62.58000,58.62000,59.72000,6569000
1583505000,57.40000,58.83000,56.33000,58.56000,8606800
1583760600,53.94000,57.33000,53.00000,55.36000,8343900
1583847000,57.26000,60.70000,56.33000,60.37000,8412800
1583933400,58.12000,59.98000,57.15000,57.95000,8351600
1584019800,52.75000,60.67000,51.87000,57.13000,9086600
1584106200,59.50000,63.97000,56.98000,63.57000,8702500
1584365400,56.77000,58.43000,54.02000,54.03000,7447300
1584451800,55.13000,58.52000,52.75000,57.99000,7641300
1584538200,54.03000,55.66000,43.96000,52.68000,7918700
1584624600,51.96000,54.50000,48.03000,53.60000,5897800
1584711000,54.48000,57.35000,47.95000,48.85000,8462900
1584970200,47.97000,48.07000,44.81000,45.55000,7328000
1585056600,48.17000,50.25000,46.27000,48.73000,8091200
1585143000,48.50000,54.85000,46.71000,52.29000,6327100
1585229400,53.25000,58.61000,52.17000,58.30000,6652800
1585315800,55.63000,57.48000,53.90000,55.10000,4706000
1585575000,55.24000,58.96000,54.87000,57.71000,4596000
1585661400,57.71000,59.91000,56.23000,59.41000,7812700
1585747800,56.36000,57.64000,55.65000,56.12000,4849700
1585834200,55.52000,57.46000,54.02000,56.36000,2980900
1585920600,55.95000,56.75000,53.83000,54.60000,3841400
1586179800,56.99000,60.62000,56.37000,60.12000,4578800
1586266200,62.41000,63.22000,59.20000,60.15000,5105500
1586352600,60.63000,65.86000,59.70000,65.15000,4992000
1586439000,65.13000,68.63000,64.47000,66.42000,6814300
1586784600,65.92000,66.15000,63.82000,65.15000,4896500
1586871000,66.67000,67.50000,65.85000,66.40000,5988700
1586957400,66.35000,69.48000,65.96000,69.02000,5993800
1587043800,69.50000,73.21000,68.96000,72.85000,4538100
1587130200,74.49000,74.70000,70.50000,71.29000,4640300
1587389400,70.36000,70.74000,68.16000,68.42000,5088300
1587475800,67.09000,68.09000,65.78000,66.24000,4152000
1587562200,67.95000,69.29000,67.63000,68.35000,4114900
1587648600,69.03000,70.26000,68.43000,69.24000,4272300
1587735000,69.95000,70.75000,68.94000,70.58000,2690500
1587994200,71.38000,72.45000,69.91000,70.82000,3817300
1588080600,69.79000,70.03000,65.15000,67.17000,8994300
1588167000,68.51000,68.59000,66.03000,66.17000,5088700
1588253400,65.50000,67.85000,65.01000,66.58000,5441000
1588339800,65.35000,66.57000,63.79000,64.97000,3449800
1588599000,64.92000,65.92000,63.86000,65.86000,2280000
1588685400,66.44000,68.68000,65.50000,68.35000,3237600
1588771800,68.31000,68.37000,65.38000,65.50000,2866900
1588858200,66.50000,66.78000,64.29000,64.61000,2651000
1588944600,65.57000,66.17000,65.02000,65.88000,1961900
1589203800,65.39000,67.97000,65.26000,67.54000,3958000
1589290200,68.38000,68.86000,66.59000,66.75000,3731600
1589376600,66.28000,66.41000,63.84000,64.69000,3638000
1589463000,64.09000,66.58000,63.87000,65.84000,2868900
1589549400,65.50000,69.00000,65.50000,68.70000,3614900
1589808600,69.50000,70.62000,67.67000,67.74000,3240400
1589895000,67.38000,68.45000,66.87000,66.91000,2370000
1589981400,67.50000,67.60000,64.98000,65.32000,4129300
1590067800,64.75000,65.80000,64.15000,65.65000,3253700
1590154200,66.22000,66.27000,64.69000,64.84000,2661000
1590499800,66.05000,66.09000,64.09000,64.49000,4113400
1590586200,65.13000,65.74000,62.37000,65.69000,3246900
1590672600,66.39000,67.74000,65.61000,66.90000,3041500
1590759000,67.18000,67.84000,65.10000,66.25000,5262600
1591018200,66.04000,66.33000,64.73000,65.70000,2742700
1591104600,65.61000,66.40000,64.57000,66.27000,2965700
1591191000,67.09000,67.23000,65.20000,65.36000,3044600
1591277400,64.81000,65.57000,63.34000,64.39000,4051900
1591363800,65.26000,65.80000,64.43000,65.11000,4518400
1591623000,64.36000,67.25000,64.20000,67.18000,4715400
1591709400,67.13000,67.26000,65.45000,65.67000,2887900
1591795800,65.85000,66.09000,64.02000,64.41000,3862300
1591882200,63.84000,63.99000,59.65000,60.26000,4133600
1591968600,64.24000,64.29000,60.40000,61.94000,6176800
1592227800,60.43000,62.63000,59.54000,61.98000,4822000
1592314200,63.98000,65.11000,62.86000,64.08000,3821700
1592400600,64.24000,64.24000,63.03000,63.53000,2814600
1592487000,62.96000,64.14000,62.60000,63.95000,2891400
1592573400,65.01000,65.36000,63.72000,64.22000,5942900
1592832600,63.87000,63.98000,62.66000,63.10000,4530700
1592919000,63.63000,64.44000,62.65000,63.77000,5276700
1593005400,63.45000,63.98000,61.12000,61.88000,5176400
1593091800,61.50000,63.41000,60.65000,63.36000,5567400
1593178200,63.17000,63.28000,59.58000,59.75000,19625800
1593437400,59.85000,62.60000,59.57000,62.59000,5993200
1593523800,62.71000,64.13000,61.08000,63.55000,5354100
1593610200,63.97000,65.89000,63.96000,65.41000,4312900
1593696600,65.89000,67.63000,65.82000,66.52000,3399800
1594042200,67.53000,67.55000,66.13000,66.63000,2886800
1594128600,66.01000,67.18000,64.94000,65.83000,2431700
1594215000,65.87000,66.50000,64.55000,65.59000,2490600
1594301400,65.18000,65.27000,62.58000,63.31000,3700500
1594387800,63.51000,63.52000,62.18000,62.84000,2562700
1594647000,63.00000,64.77000,62.93000,63.53000,3017300
1594733400,63.15000,65.32000,63.11000,65.28000,2597600
1594819800,65.77000,66.37000,64.52000,65.60000,3163600
1594906200,65.55000,66.93000,65.47000,66.03000,2624500
1594992600,66.54000,66.91000,66.18000,66.27000,2138400
1595251800,66.43000,66.44000,64.39000,64.86000,2343400
1595338200,65.19000,66.16000,64.80000,65.87000,2697600
1595424600,65.95000,67.09000,65.46000,66.82000,2446600
1595511000,66.69000,68.45000,66.69000,67.74000,3335300
1595597400,67.88000,68.04000,66.83000,67.51000,2645300
1595856600,66.81000,67.36000,65.82000,67.27000,3505200
1595943000,65.77000,66.71000,63.83000,64.23000,7188700
1596029400,64.57000,66.76000,64.52000,66.34000,2946400
1596115800,65.13000,66.86000,64.28000,66.81000,2547200
1596202200,66.58000,66.64000,64.45000,65.25000,2527700
1596461400,65.65000,65.92000,62.76000,63.10000,4564200
1596547800,63.02000,63.74000,62.31000,62.64000,3607900
1596634200,63.17000,64.10000,62.70000,63.98000,2592600
1596720600,63.58000,64.28000,62.93000,63.72000,1775900
1596807000,63.72000,64.86000,63.44000,64.28000,1732400
1597066200,64.38000,64.45000,62.78000,63.00000,3253800
1597152600,64.05000,64.44000,62.72000,62.88000,2762500
1597239000,63.52000,65.34000,63.52000,65.05000,2723500
1597325400,64.67000,64.91000,63.77000,64.68000,1539300
1597411800,64.19000,64.94000,63.75000,64.64000,2059500
1597671000,64.54000,64.99000,63.98000,64.12000,1497100
1597757400,64.33000,64.40000,62.92000,63.14000,1847000
1597843800,63.41000,64.15000,63.02000,63.47000,2831900
1597930200,63.41000,63.41000,62.04000,62.40000,2346200
1598016600,62.53000,62.93000,61.91000,62.47000,2548600
1598275800,62.80000,62.80000,60.10000,60.28000,3230100
1598362200,60.69000,60.81000,59.75000,60.79000,3245600
1598448600,60.65000,60.65000,58.37000,59.38000,4459900
1598535000,59.84000,61.15000,58.97000,60.49000,3745100
1598621400,60.62000,61.70000,60.13000,60.48000,2147700
1598880600,60.38000,62.03000,60.13000,61.32000,3651700
1598967000,61.12000,61.79000,60.72000,61.37000,3073800
1599053400,61.46000,62.14000,60.67000,61.98000,2542700
1599139800,62.05000,62.78000,59.73000,60.23000,2720900
1599226200,60.50000,60.65000,58.56000,59.67000,2495200
1599571800,59.34000,59.47000,56.97000,57.16000,2935300
1599658200,57.70000,57.91000,56.60000,57.35000,2718100
1599744600,57.43000,57.84000,56.72000,57.10000,3521900
1599831000,57.31000,57.40000,55.67000,56.44000,2431100
1600090200,56.70000,58.77000,56.70000,58.22000,3238200
1600176600,58.59000,58.96000,57.75000,58.18000,2670100
1600263000,58.56000,60.17000,58.42000,59.90000,4450800
1600349400,59.41000,60.53000,59.10000,60.42000,3599100
1600435800,60.53000,61.34000,60.11000,61.13000,4873000
1600695000,58.00000,58.03000,55.12000,55.99000,7660200
1600781400,56.01000,56.40000,53.94000,54.34000,6983500
1600867800,54.22000,55.37000,53.60000,54.94000,5687100
1600954200,54.81000,55.47000,53.84000,54.30000,3980600
1601040600,54.30000,55.56000,54.00000,55.41000,3883200
1601299800,56.21000,56.84000,55.25000,55.52000,4530000
1601386200,55.74000,56.18000,55.24000,55.86000,2522600
1601472600,56.26000,58.89000,56.21000,58.33000,3669200
1601559000,58.36000,58.94000,57.69000,58.82000,3852200
1601645400,58.08000,60.91000,57.60000,59.98000,3965700
1601904600,60.49000,62.70000,60.28000,62.26000,3565800
1601991000,62.33000,63.67000,61.74000,62.25000,4179300
1602077400,62.76000,65.14000,62.58000,64.62000,3105200
1602163800,65.00000,65.26000,63.84000,64.68000,2137800
1602250200,64.99000,65.23000,63.56000,64.20000,2341300
1602509400,64.69000,65.83000,64.47000,65.30000,2216300
1602595800,64.70000,66.39000,64.51000,65.37000,3024000
1602682200,65.24000,65.70000,63.89000,65.19000,2480600
1602768600,64.12000,66.12000,64.01000,65.86000,2465000
1602855000,66.00000,66.85000,65.20000,66.21000,2569500
1603114200,66.30000,66.75000,65.44000,65.73000,1510400
1603200600,65.92000,66.51000,65.25000,65.56000,1749100
1603287000,65.37000,66.55000,65.21000,65.98000,2135200
1603373400,66.02000,67.31000,66.02000,66.94000,1703300
1603459800,67.31000,68.64000,67.06000,67.42000,2387500
1603719000,66.67000,67.01000,65.63000,66.39000,2783100
1603805400,62.69000,64.96000,61.02000,64.14000,4042100
1603891800,62.76000,63.31000,61.03000,61.16000,3348500
1603978200,60.96000,61.15000,58.33000,58.33000,5175000
1604064600,58.21000,59.58000,58.19000,59.10000,4364700
1604327400,60.02000,62.54000,59.84000,62.38000,6584300
1604413800,63.35000,65.45000,62.89000,64.64000,4660400
1604500200,64.00000,65.84000,63.41000,63.99000,9042200
1604586600,64.81000,68.18000,64.31000,67.88000,6192800
1604673000,68.00000,68.30000,66.50000,67.93000,3666000
1604932200,69.85000,71.09000,68.68000,68.82000,4208400
1605018600,69.76000,72.31000,67.85000,71.12000,6561800
1605105000,72.00000,72.24000,69.39000,69.40000,4132300
1605191400,69.04000,70.07000,68.26000,68.83000,2581000
1605277800,69.13000,69.67000,68.65000,69.05000,2901400
1605537000,69.85000,69.85000,67.45000,67.67000,3261100
1605623400,67.20000,67.75000,66.27000,67.28000,3037800
1605709800,68.19000,68.19000,65.93000,65.96000,1929400
1605796200,65.53000,65.58000,63.33000,63.61000,3374000
1605882600,63.38000,63.67000,62.23000,62.96000,2921800
1606141800,63.25000,64.22000,63.13000,63.92000,3205900
1606228200,64.32000,65.14000,63.25000,63.39000,3020100
1606314600,63.66000,63.88000,61.90000,62.19000,3698600
1606487400,62.11000,63.35000,62.11000,63.17000,2310300
1606746600,63.28000,63.28000,61.42000,61.65000,4790200
1606833000,62.52000,64.31000,62.48000,62.87000,4467200
1606919400,62.83000,64.46000,62.79000,63.84000,1652800
1607005800,63.30000,64.30000,62.93000,63.68000,2825200
1607092200,63.77000,64.61000,63.52000,64.60000,2499700
1607351400,64.27000,64.94000,63.80000,64.57000,4076100
1607437800,64.06000,65.55000,63.87000,65.01000,3119300
1607524200,65.17000,65.35000,62.95000,63.45000,3636000
1607610600,63.21000,63.23000,61.27000,61.31000,3510400
1607697000,61.16000,61.51000,59.97000,60.71000,4250100
1607956200,61.40000,61.41000,59.55000,59.73000,3585300
1608042600,60.17000,60.38000,59.53000,60.38000,4677500
1608129000,60.70000,61.75000,60.00000,61.03000,3824500
1608215400,61.28000,62.40000,61.20000,62.09000,6472300
1608301800,61.73000,61.89000,60.14000,61.15000,7819000
1608561000,59.75000,60.06000,58.41000,58.69000,7948800
1608647400,58.78000,58.88000,57.56000,58.07000,4705600
1608733800,58.70000,59.21000,58.42000,58.68000,2861200
1608820200,58.67000,58.91000,57.86000,58.02000,1509700
1609165800,58.32000,59.06000,57.91000,58.83000,3476200
1609252200,59.32000,60.45000,58.99000,59.03000,2023100
1609338600,58.97000,59.36000,58.76000,58.92000,1743400
1609425000,59.01000,60.08000,58.83000,60.03000,1861900
1609770600,60.61000,62.13000,59.91000,62.09000,6310800
1609857000,62.00000,62.79000,60.98000,61.07000,3602700
1609943400,62.61000,67.85000,62.27000,67.66000,11283800
1610029800,67.74000,69.96000,67.74000,69.75000,4312400
1610116200,69.87000,70.26000,67.56000,68.21000,3676000
1610375400,66.85000,68.94000,66.85000,68.68000,2522000
1610461800,68.68000,69.82000,68.12000,68.14000,1859500
1610548200,67.38000,67.67000,66.23000,66.51000,2745500
1610634600,66.64000,67.21000,64.90000,65.03000,3039200
1610721000,64.12000,64.83000,63.51000,63.99000,4129700
1611066600,64.60000,64.84000,62.65000,62.79000,2649500
1611153000,62.81000,63.08000,61.54000,62.42000,3410900
1611239400,61.78000,63.67000,61.53000,62.75000,5082800
1611325800,62.52000,62.68000,61.48000,61.51000,3896800
1611585000,61.37000,62.16000,60.70000,60.93000,3543500
1611671400,61.40000,61.67000,59.83000,60.10000,2989800
1611757800,59.29000,59.50000,57.80000,58.42000,5622800
1611844200,59.10000,61.39000,58.79000,60.77000,4474900
1611930600,60.49000,61.12000,59.24000,60.30000,3446500
1612189800,60.25000,60.71000,59.47000,59.60000,3044400
1612276200,60.36000,61.15000,59.59000,59.64000,2687600
1612362600,59.79000,60.99000,59.58000,60.48000,2527500
1612449000,60.79000,60.97000,59.92000,60.40000,3089400
1612535400,60.83000,61.20000,58.57000,58.88000,4287700
1612794600,59.17000,59.43000,57.77000,58.24000,4197600
1612881000,59.75000,60.63000,58.75000,60.27000,5691000
1612967400,60.90000,62.33000,60.75000,61.06000,5294500
1613053800,60.97000,61.47000,59.77000,59.97000,3911700
1613140200,59.86000,60.00000,59.02000,59.20000,3119200
1613485800,59.40000,59.47000,57.87000,58.19000,3837200
1613572200,58.05000,59.11000,57.99000,58.61000,2870000
1613658600,58.42000,59.51000,58.42000,58.73000,3843200
1613745000,58.90000,59.09000,57.71000,57.97000,3094400
1614004200,57.50000,58.70000,57.16000,58.28000,3582500
1614090600,58.87000,59.87000,58.11000,59.30000,4449300
1614177000,59.05000,59.79000,58.74000,59.35000,2602800
1614263400,59.47000,60.27000,58.45000,58.76000,3445800
1614349800,58.95000,59.62000,58.08000,58.54000,3886300
1614609000,59.01000,59.93000,58.95000,59.39000,2183300
1614695400,59.89000,60.25000,59.05000,59.14000,3184000
1614781800,58.64000,59.21000,58.37000,58.80000,2902700
1614868200,58.89000,60.29000,58.62000,59.29000,4501000
1614954600,59.58000,60.68000,58.85000,60.52000,5345200
1615213800,60.96000,61.96000,60.22000,61.72000,3824000
1615300200,61.70000,62.95000,61.33000,61.49000,3573600
1615386600,61.62000,62.45000,61.08000,61.59000,2628600
1615473000,61.76000,62.95000,61.59000,61.89000,2979600
1615559400,62.34000,62.99000,61.74000,62.90000,2787300
1615815000,63.00000,63.54000,61.90000,62.80000,2588000
1615901400,62.59000,63.23000,62.06000,62.97000,2343100
1615987800,63.14000,63.66000,61.79000,61.89000,2675700
1616074200,61.69000,64.16000,61.26000,63.57000,3528600
1616160600,63.40000,65.18000,63.22000,64.24000,5419400
1616419800,63.59000,64.63000,63.01000,64.46000,2198400
1616506200,64.81000,64.87000,63.75000,64.06000,2213900
1616592600,63.98000,65.19000,63.87000,64.94000,2504800
1616679000,65.24000,65.28000,63.32000,64.94000,2445500
1616765400,64.80000,65.24000,64.36000,64.86000,3380600
1617024600,64.79000,66.32000,64.74000,65.64000,2523000
1617111000,65.56000,66.14000,65.05000,65.38000,2851100
1617197400,64.81000,65.30000,63.79000,63.91000,3005300
1617283800,63.84000,64.03000,62.38000,63.25000,3794200
1617629400,63.84000,64.61000,63.67000,63.96000,2341800
1617715800,63.95000,63.95000,62.40000,62.64000,3201500
1617802200,62.81000,62.95000,62.25000,62.62000,2723500
1617888600,62.00000,62.40000,61.30000,61.54000,4613900
1617975000,61.95000,62.66000,61.50000,62.61000,3661700
1618234200,62.75000,63.57000,62.27000,62.43000,2986900
1618320600,61.71000,62.93000,61.71000,62.23000,3400000
1618407000,62.40000,62.89000,62.07000,62.58000,2696000
1618493400,62.64000,64.47000,62.49000,64.24000,3813600
1618579800,64.47000,65.15000,64.07000,64.96000,3398500
1618839000,64.99000,65.75000,64.62000,65.38000,3379300
1618925400,65.35000,66.12000,65.24000,65.43000,2025400
1619011800,65.70000,66.10000,65.02000,65.49000,1793800
1619098200,65.24000,65.31000,63.87000,64.64000,1897300
1619184600,64.53000,65.56000,64.28000,65.37000,3269000
1619443800,65.50000,66.68000,65.37000,66.00000,4711100
1619530200,63.93000,64.49000,61.00000,61.31000,10697100
1619616600,61.46000,61.46000,59.33000,59.49000,8433000
1619703000,59.90000,60.92000,59.57000,60.59000,5730000
1619789400,60.42000,61.87000,60.13000,61.74000,5171500
1620048600,61.45000,63.23000,61.45000,62.42000,4060300
1620135000,62.13000,64.58000,62.10000,64.56000,4493100
1620221400,64.17000,65.62000,63.64000,65.29000,6551000
1620307800,65.65000,65.87000,64.13000,65.19000,4023800
1620394200,65.28000,70.51000,65.04000,70.45000,11819100
1620653400,70.11000,71.04000,69.42000,69.56000,5817300
1620739800,70.01000,70.40000,67.74000,68.06000,3881400
1620826200,67.85000,70.14000,67.66000,69.64000,5407400
1620912600,69.28000,69.99000,68.30000,68.39000,5493800
1620999000,68.89000,69.35000,68.42000,69.20000,2980600
1621258200,69.31000,70.98000,69.20000,70.56000,4611500
1621344600,70.78000,71.37000,69.92000,70.73000,4807400
1621431000,70.75000,71.06000,70.27000,70.88000,4162400
1621517400,70.68000,72.45000,70.29000,71.80000,8318400
1621603800,72.12000,73.96000,72.04000,73.73000,7245700
1621863000,73.96000,74.39000,73.62000,73.92000,5348300
1621949400,73.91000,74.52000,73.44000,73.96000,5254900
1622035800,73.89000,74.25000,73.18000,73.49000,3341800
1622122200,73.67000,73.90000,73.30000,73.72000,4156500
1622208600,73.73000,74.23000,73.24000,73.60000,3240700
1622554200,73.87000,74.10000,72.78000,73.28000,4308300
1622640600,73.41000,73.50000,72.30000,72.61000,2900900
1622727000,72.39000,72.92000,71.90000,72.41000,3320800
1622813400,72.79000,72.97000,71.13000,71.44000,3204400
1623072600,71.77000,72.10000,71.22000,71.28000,3618500
1623159000,71.35000,72.07000,71.17000,71.55000,4758700
1623245400,71.78000,72.29000,71.46000,71.66000,2598500
1623331800,71.56000,71.74000,70.37000,71.02000,2782300
1623418200,71.17000,71.38000,70.52000,70.81000,1915200
1623677400,70.58000,70.64000,68.69000,68.78000,3506900
1623763800,69.01000,70.38000,68.46000,70.00000,3341100
1623850200,70.50000,75.25000,70.48000,72.62000,10811900
1623936600,72.43000,74.59000,72.12000,74.31000,9047000
1624023000,72.57000,73.60000,71.37000,71.69000,6498400
1624282200,71.86000,72.68000,71.29000,72.17000,3310900
1624368600,72.44000,72.64000,71.57000,72.20000,2234800
1624455000,72.44000,73.33000,72.00000,73.09000,3066800
1624541400,73.55000,74.06000,72.78000,72.80000,2359200
1624627800,72.78000,74.32000,72.47000,73.90000,5303900
1624887000,73.64000,74.50000,73.21000,74.30000,2775600
1624973400,74.60000,74.81000,73.46000,73.75000,2128200
1625059800,73.68000,73.78000,72.45000,72.93000,2960300
1625146200,73.14000,73.83000,73.00000,73.66000,3189900
1625232600,73.64000,73.93000,72.91000,73.88000,3144300
1625578200,73.64000,73.74000,72.19000,73.61000,2727200
1625664600,73.65000,74.21000,73.07000,74.14000,1922800
1625751000,73.62000,73.77000,72.02000,72.66000,2735700
1625837400,73.58000,73.84000,73.24000,73.51000,1830600
1626096600,73.24000,74.93000,73.00000,74.70000,3286500
1626183000,74.52000,75.59000,74.32000,74.57000,2408900
1626269400,74.70000,74.77000,73.52000,73.77000,2466600
1626355800,73.25000,74.03000,72.62000,73.30000,4074600
1626442200,73.42000,73.48000,72.54000,72.66000,1794100
1626701400,72.17000,72.69000,70.76000,71.37000,3272200
1626787800,71.76000,72.97000,71.39000,71.67000,2873000
1626874200,72.28000,72.92000,71.38000,72.91000,3807400
1626960600,73.05000,73.50000,72.60000,73.15000,3175300
1627047000,73.50000,73.87000,73.07000,73.46000,3048800
1627306200,73.17000,73.44000,72.01000,72.67000,3515800
1627392600,69.31000,71.10000,68.25000,70.47000,6686900
1627479000,70.53000,70.53000,69.46000,69.73000,3879400
1627565400,70.00000,70.03000,68.81000,69.08000,2682000
1627651800,68.89000,69.33000,68.50000,68.61000,3820600
1627911000,68.62000,70.46000,68.57000,70.31000,4271700
1627997400,70.34000,70.34000,69.01000,69.33000,2756200
1628083800,68.90000,69.41000,68.75000,69.09000,2625300
1628170200,69.07000,69.09000,65.45000,67.23000,7259000
1628256600,67.42000,68.16000,66.09000,66.80000,5405100
1628515800,66.75000,67.05000,66.16000,66.19000,3786900
1628602200,66.20000,66.36000,64.88000,64.99000,4071600
1628688600,65.16000,65.22000,64.34000,64.45000,3158800
1628775000,64.26000,64.71000,63.07000,63.11000,3655200
1628861400,63.47000,63.47000,62.38000,63.07000,4626300
1629120600,62.84000,64.13000,62.41000,64.06000,2835200
1629207000,63.64000,65.49000,63.64000,65.41000,3103600
1629293400,65.25000,65.77000,63.78000,63.82000,3162500
1629379800,63.57000,64.67000,63.11000,63.91000,1972800
1629466200,63.95000,64.52000,63.72000,64.31000,2397600
1629725400,64.77000,65.09000,64.52000,64.53000,2035900
1629811800,64.81000,64.98000,64.04000,64.58000,2181800
1629898200,64.43000,64.45000,63.34000,63.56000,2822300
1629984600,63.63000,63.93000,63.33000,63.58000,2378000
1630071000,63.81000,64.47000,63.45000,63.98000,1735300
1630330200,63.89000,63.95000,63.16000,63.23000,2715800
1630416600,62.96000,64.00000,62.65000,62.98000,3822500
1630503000,63.39000,63.46000,62.15000,62.71000,2211700
1630589400,62.70000,64.86000,62.70000,64.61000,2206200
1630675800,64.60000,64.66000,64.17000,64.37000,1905700
1631021400,64.11000,64.36000,63.21000,63.79000,2638500
1631107800,63.67000,63.95000,62.61000,62.85000,1924400
1631194200,62.63000,63.12000,61.84000,61.96000,2084300
1631280600,62.19000,62.27000,59.67000,59.73000,3995500
1631539800,59.98000,64.22000,59.84000,62.90000,5974300
1631626200,62.76000,62.82000,60.58000,60.80000,3219300
1631712600,60.37000,62.20000,60.17000,61.63000,3926200
1631799000,61.93000,62.55000,61.11000,61.59000,2069200
1631885400,61.57000,65.05000,61.50000,64.64000,12211300
1632144600,64.04000,64.91000,63.47000,64.35000,4395400
1632231000,64.53000,64.90000,63.00000,63.09000,4807800
1632317400,63.25000,64.13000,62.82000,62.94000,2239400
1632403800,62.73000,63.54000,62.45000,62.60000,2448200
1632490200,62.43000,63.03000,61.98000,62.82000,1623400
1632749400,63.16000,64.91000,63.00000,63.83000,3801200
1632835800,63.50000,64.06000,62.93000,63.50000,2842400
1632922200,63.37000,63.73000,63.01000,63.26000,1577200
1633008600,63.91000,64.34000,62.07000,62.31000,4128700
1633095000,62.67000,63.34000,61.24000,63.05000,2485300
1633354200,63.25000,64.01000,62.25000,62.53000,2430400
1633440600,62.68000,63.07000,61.94000,62.71000,4022900
1633527000,62.07000,63.12000,60.81000,63.04000,3333800
1633613400,63.40000,64.62000,63.26000,63.97000,2372400
1633699800,64.17000,64.58000,63.64000,64.33000,2678500
1633959000,64.14000,64.49000,63.01000,63.10000,2248200
1634045400,63.16000,63.85000,62.97000,63.04000,2790200
1634131800,62.74000,62.74000,61.21000,61.94000,3160700
1634218200,63.51000,64.67000,62.96000,63.23000,3873300
1634304600,63.37000,65.55000,63.28000,65.32000,4394100
1634563800,65.11000,65.42000,63.99000,64.01000,2603500
1634650200,64.48000,64.89000,64.02000,64.71000,2470400
1634736600,65.16000,68.35000,64.84000,68.09000,5834100
1634823000,67.92000,69.29000,67.68000,68.99000,4906800
1634909400,68.77000,69.61000,68.37000,69.24000,3001500
1635168600,69.03000,69.15000,67.79000,67.97000,5060800
1635255000,68.46000,71.57000,68.11000,70.97000,10237000
1635341400,70.99000,72.82000,70.47000,70.55000,7717400
1635427800,69.86000,71.71000,69.23000,71.61000,3604800
1635514200,71.38000,71.89000,70.95000,71.24000,3045700
1635773400,70.39000,72.30000,70.29000,71.74000,4716500
1635859800,71.70000,71.88000,69.02000,69.34000,4841600
1635946200,68.82000,74.85000,68.45000,73.90000,7585900
1636032600,74.38000,74.84000,73.41000,73.77000,5101900
1636119000,73.81000,74.92000,73.51000,74.17000,2719500
1636381800,74.14000,74.25000,73.42000,74.08000,1817300
1636468200,73.97000,74.83000,73.50000,74.77000,2596500
1636554600,74.79000,75.83000,74.32000,75.06000,4150900
1636641000,74.94000,75.59000,74.50000,75.29000,1989000
1636727400,75.75000,76.17000,74.91000,75.86000,2352800
1636986600,75.68000,76.05000,74.80000,75.10000,2613800
1637073000,75.17000,75.64000,74.20000,74.98000,3481500
1637159400,75.15000,76.82000,74.98000,76.18000,6264200
1637245800,76.40000,77.65000,75.07000,75.37000,7428400
1637332200,75.31000,75.31000,72.63000,73.01000,3801900
1637591400,72.99000,74.48000,72.42000,74.08000,2459700
1637677800,74.27000,76.26000,74.25000,76.03000,3050600
1637764200,75.76000,76.15000,75.43000,75.61000,3072600
1637937000,74.56000,74.86000,72.84000,73.90000,1992100
1638196200,73.83000,74.26000,73.22000,73.77000,3133000
1638282600,73.36000,73.50000,71.01000,71.41000,4527100
1638369000,72.30000,73.07000,70.09000,70.18000,3372400
1638455400,70.41000,71.71000,69.51000,71.42000,3798200
1638541800,71.71000,72.55000,70.31000,71.05000,3440200
1638801000,72.00000,74.29000,71.69000,71.77000,5306800
1638887400,72.25000,73.71000,71.89000,73.40000,5260400
1638973800,73.50000,74.32000,73.25000,73.88000,4658000
1639060200,73.76000,75.18000,73.15000,74.87000,4887400
1639146600,76.50000,79.74000,76.41000,78.45000,7261200
1639405800,78.90000,79.32000,77.42000,78.15000,4496100
1639492200,78.80000,82.22000,78.80000,81.85000,10930900
1639578600,81.96000,83.59000,80.81000,83.33000,6717100
1639665000,83.84000,84.75000,82.85000,83.00000,6306200
1639751400,83.12000,84.10000,82.15000,83.02000,7823300
1640010600,82.23000,82.96000,80.95000,82.42000,4470600
1640097000,82.94000,83.75000,81.88000,82.99000,3489700
1640183400,82.82000,84.55000,82.29000,84.37000,3245300
1640269800,84.44000,85.44000,84.08000,84.72000,2254400
1640615400,84.96000,85.03000,83.37000,84.37000,2910900
1640701800,84.30000,85.20000,84.23000,84.45000,1784800
1640788200,84.50000,85.12000,83.97000,84.22000,1878700
1640874600,84.27000,84.61000,83.77000,83.99000,2019100
1640961000,84.11000,84.15000,82.36000,82.40000,2965600
1641220200,83.14000,83.14000,81.70000,82.65000,3421200
1641306600,82.08000,83.04000,80.82000,81.08000,2536900
1641393000,81.32000,82.25000,79.75000,79.79000,3550500
1641479400,78.00000,79.77000,75.15000,76.34000,6784500
1641565800,76.67000,77.22000,75.53000,76.34000,4364800
1641825000,76.69000,78.19000,75.59000,77.84000,5675500
1641911400,77.39000,80.11000,77.39000,80.02000,3880000
1641997800,79.93000,80.53000,79.54000,80.32000,2791700
1642084200,80.16000,80.76000,79.44000,79.88000,3221100
1642170600,79.67000,80.58000,78.94000,80.55000,3550100
1642516200,79.86000,79.95000,78.52000,78.69000,3460800
1642602600,79.25000,79.97000,77.34000,77.61000,3462300
1642689000,77.61000,80.21000,77.53000,78.95000,3567600
1642775400,79.50000,79.88000,76.89000,77.14000,3120800
1643034600,76.46000,77.88000,74.76000,77.53000,3855900
1643121000,76.50000,76.87000,75.03000,76.37000,2710600
1643207400,76.37000,77.30000,74.47000,75.34000,3087900
1643293800,77.10000,77.19000,75.11000,76.27000,5524800
1643380200,75.90000,77.36000,75.50000,77.27000,2246600
1643639400,76.82000,77.95000,76.48000,77.76000,2535400
1643725800,78.03000,78.45000,76.03000,76.95000,2675600
1643812200,76.83000,79.23000,76.79000,78.82000,2481900
1643898600,81.37000,81.83000,78.62000,81.53000,6046400
1643985000,80.45000,82.59000,78.94000,80.57000,3364500
1644244200,80.66000,81.59000,80.16000,80.79000,2759100
1644330600,80.09000,86.01000,80.09000,85.67000,4990700
1644417000,86.40000,86.81000,85.67000,85.95000,2429000
1644503400,84.94000,85.88000,83.78000,84.15000,1775800
1644589800,83.91000,84.60000,82.81000,83.32000,1676100
1644849000,83.32000,83.58000,81.54000,82.01000,1690600
1644935400,83.11000,84.25000,82.90000,84.08000,1948400
1645021800,83.72000,84.55000,83.40000,84.22000,2675300
1645108200,83.92000,83.99000,82.48000,82.81000,1408300
1645194600,82.40000,83.75000,81.82000,82.06000,1890500
1645540200,82.35000,82.35000,80.44000,81.33000,1676600
1645626600,81.94000,82.69000,81.19000,81.35000,1769200
1645713000,79.75000,81.03000,79.13000,80.84000,2366400
1645799400,80.37000,83.65000,80.22000,83.52000,2055400
1646058600,81.49000,82.79000,80.89000,82.62000,2718500
1646145000,82.25000,83.43000,81.32000,83.15000,2076900
1646231400,83.64000,85.10000,83.50000,84.68000,1855500
1646317800,84.82000,85.09000,83.15000,84.78000,1550600
1646404200,83.00000,86.16000,82.62000,86.05000,2392000
1646663400,85.84000,86.24000,82.71000,83.49000,3039500
1646749800,83.11000,83.72000,81.53000,81.57000,2198500
1646836200,83.06000,83.36000,81.34000,82.85000,3064000
1646922600,81.69000,84.56000,81.69000,84.44000,2279700
1647009000,84.35000,85.15000,83.21000,83.41000,2202100
1647264600,84.60000,84.71000,83.45000,84.33000,3026800
1647351000,84.92000,86.26000,84.37000,85.61000,2186600
1647437400,86.37000,87.47000,85.51000,86.87000,2986700
1647523800,86.16000,87.99000,85.58000,87.98000,2687900
1647610200,88.10000,88.28000,86.62000,87.74000,4278100
1647869400,87.64000,88.61000,86.29000,86.75000,2726300
1647955800,87.24000,88.11000,86.65000,87.57000,3188800
1648042200,84.78000,85.50000,82.41000,82.46000,5499500
1648128600,82.71000,85.05000,82.58000,84.71000,2711300
1648215000,85.01000,85.81000,83.99000,85.59000,1756900
1648474200,86.24000,86.28000,84.73000,85.24000,2887600
1648560600,86.35000,86.35000,84.17000,84.93000,2808300
1648647000,85.00000,86.61000,85.00000,86.36000,2569700
1648733400,85.57000,86.20000,84.16000,84.19000,3140900
1648819800,84.96000,86.02000,84.48000,85.51000,2110700
1649079000,85.37000,85.68000,83.69000,84.18000,2119600
1649165400,84.14000,85.76000,84.02000,84.83000,2382300
1649251800,84.62000,87.22000,84.40000,87.12000,2510300
1649338200,87.14000,89.21000,86.52000,88.56000,3505500
1649424600,88.93000,89.79000,88.13000,88.48000,2397200
1649683800,89.06000,89.06000,86.72000,86.90000,1436700
1649770200,86.54000,87.52000,85.60000,85.81000,1773500
1649856600,86.00000,86.56000,85.30000,86.21000,2687000
1649943000,86.79000,88.19000,86.47000,86.54000,1548700
1650288600,86.57000,86.75000,84.56000,84.88000,2066200
1650375000,85.50000,86.80000,85.27000,85.99000,1735700
1650461400,87.12000,89.10000,86.91000,89.01000,2098500
1650547800,89.25000,89.92000,87.60000,87.84000,2198200
1650634200,87.06000,87.09000,84.26000,84.41000,1777200
1650893400,84.13000,84.87000,82.53000,84.86000,2470400
1650979800,85.52000,86.02000,81.60000,81.88000,4097000
1651066200,82.83000,83.02000,80.17000,80.72000,3553500
1651152600,81.41000,82.13000,80.30000,81.59000,3495600
1651239000,80.99000,82.55000,80.33000,80.55000,3948800
1651498200,80.99000,81.46000,78.13000,79.06000,3344500
1651584600,80.89000,82.32000,80.16000,80.34000,2976300
1651671000,81.15000,83.35000,79.61000,82.91000,2306000
1651757400,82.17000,85.93000,82.11000,84.82000,4679500
1651843800,84.48000,85.13000,82.41000,84.03000,2252800
1652103000,83.27000,83.50000,78.67000,79.19000,3382100
1652189400,80.55000,81.18000,78.66000,79.96000,2544200
1652275800,79.81000,84.46000,79.76000,80.65000,3672200
1652362200,80.72000,81.65000,79.32000,81.23000,3348300
1652448600,81.69000,82.79000,81.00000,82.32000,2570800
1652707800,83.08000,85.98000,82.72000,84.72000,3299600
1652794200,85.75000,85.82000,83.90000,84.10000,3007400
1652880600,83.69000,83.97000,81.05000,81.77000,1979300
1652967000,80.78000,83.42000,80.58000,82.64000,1995900
1653053400,82.90000,85.02000,82.27000,84.96000,2554400
1653312600,85.63000,86.73000,85.12000,86.04000,2430700
1653399000,86.37000,87.34000,85.35000,87.21000,2167700
1653485400,86.65000,86.65000,84.39000,85.31000,2524900
1653571800,81.99000,83.47000,81.01000,81.89000,4892900
1653658200,82.44000,84.43000,82.04000,84.41000,4457900
1654003800,83.92000,84.06000,81.07000,81.44000,6281200
1654090200,81.90000,82.35000,80.30000,81.21000,2242100
1654176600,81.36000,82.65000,79.89000,82.56000,1948500
1654263000,82.31000,82.63000,81.67000,81.97000,1446700
1654522200,82.79000,83.71000,82.30000,83.24000,1273900
1654608600,83.03000,83.50000,82.32000,83.35000,1483400
1654695000,82.89000,83.43000,82.27000,82.60000,1019900
1654781400,82.34000,82.34000,79.97000,80.02000,1950400
1654867800,78.23000,80.40000,77.66000,79.51000,2169200
1655127000,77.99000,78.11000,75.41000,75.70000,2781600
1655213400,76.01000,76.63000,74.86000,76.23000,2643400
1655299800,76.98000,78.33000,76.27000,77.46000,3449500
1655386200,76.30000,77.39000,75.17000,76.64000,4130500
1655472600,78.50000,79.30000,76.11000,76.32000,6174000
1655818200,78.19000,81.59000,77.94000,80.86000,5984600
1655904600,80.44000,82.71000,80.23000,81.87000,3169600
1655991000,82.33000,84.28000,82.05000,83.64000,2914300
1656077400,83.79000,83.88000,82.09000,82.95000,3802100
1656336600,83.25000,85.16000,82.79000,84.57000,2212800
1656423000,85.33000,86.98000,84.07000,84.33000,2843600
1656509400,84.50000,85.71000,83.89000,84.94000,2935500
1656595800,84.40000,85.39000,83.44000,84.61000,2515900
1656682200,84.73000,86.39000,83.56000,86.21000,1972800
1657027800,85.12000,85.23000,81.75000,84.75000,2776400
1657114200,85.09000,86.57000,84.68000,86.01000,2506300
1657200600,85.83000,86.84000,85.15000,85.26000,2016700
1657287000,85.06000,88.77000,84.72000,88.01000,4578100
1657546200,87.15000,88.37000,86.90000,87.22000,2867800
1657632600,86.63000,87.51000,86.26000,86.91000,2424000
1657719000,85.71000,86.79000,85.11000,85.19000,2191600
1657805400,85.10000,86.14000,84.15000,85.76000,2502400
1657891800,87.72000,89.84000,86.86000,89.66000,3544300
1658151000,89.85000,90.91000,89.11000,89.72000,3261000
1658237400,90.37000,91.62000,90.09000,91.35000,2579400
1658323800,91.00000,91.30000,88.90000,90.16000,3033300
1658410200,90.11000,90.79000,88.01000,90.51000,2773300
1658496600,91.16000,91.50000,89.51000,90.94000,2852100
1658755800,91.20000,92.65000,91.04000,91.93000,3424600
1658842200,92.61000,94.58000,91.85000,93.15000,4011700
1658928600,92.41000,93.17000,91.23000,92.51000,2483200
1659015000,92.77000,93.04000,91.63000,92.35000,2610200
1659101400,92.21000,93.54000,91.46000,92.97000,2972600
1659360600,93.15000,94.25000,91.41000,92.25000,2227700
1659447000,92.67000,93.97000,91.32000,93.31000,2244000
1659533400,93.31000,94.12000,92.62000,92.80000,2643300
1659619800,92.91000,93.41000,92.12000,92.97000,2640400
1659706200,92.12000,93.51000,92.03000,93.05000,1942300
1659965400,93.25000,94.04000,92.95000,93.32000,1846600
1660051800,93.56000,95.92000,93.56000,94.77000,2500600
1660138200,95.30000,95.66000,94.40000,94.82000,1919700
1660224600,94.80000,95.58000,93.74000,94.01000,1887000
1660311000,94.26000,96.80000,94.26000,96.64000,2680900
1660570200,96.14000,98.53000,96.00000,97.22000,2627700
1660656600,96.94000,97.51000,96.00000,96.33000,2111300
1660743000,95.50000,95.66000,94.48000,94.83000,2164000
1660829400,94.97000,95.53000,94.39000,95.34000,1808400
1660915800,95.62000,97.73000,95.58000,96.90000,2662600
1661175000,96.04000,96.98000,96.01000,96.80000,1999000
1661261400,96.85000,96.85000,94.97000,95.11000,2302600
1661347800,95.20000,96.01000,94.98000,95.62000,1442600
1661434200,95.99000,96.12000,95.33000,95.73000,2246700
1661520600,91.42000,92.21000,89.10000,89.94000,7036200
1661779800,89.27000,92.09000,89.00000,91.44000,2397300
1661866200,91.65000,91.65000,90.45000,91.19000,2471000
1661952600,91.34000,92.69000,87.16000,89.74000,8759700
1662039000,89.45000,91.29000,89.41000,91.24000,3479500
1662125400,91.38000,91.84000,89.52000,90.05000,2299100
1662471000,89.34000,89.84000,87.39000,88.33000,4215100
1662557400,88.00000,89.69000,87.70000,89.33000,2697000
1662643800,89.34000,92.47000,89.34000,91.26000,3405700
1662730200,92.04000,92.75000,91.18000,91.99000,2171300
1662989400,92.39000,93.58000,91.46000,92.90000,1599800
1663075800,91.70000,92.17000,89.88000,90.03000,2961700
1663162200,89.94000,90.04000,82.10000,83.92000,10103800
1663248600,84.00000,87.08000,83.55000,86.00000,8710400
1663335000,85.44000,85.57000,82.94000,84.28000,10315800
1663594200,83.84000,84.98000,83.51000,84.77000,3593300
1663680600,84.83000,84.83000,82.78000,83.41000,6685300
1663767000,83.73000,84.49000,80.79000,80.91000,5131400
1663853400,80.21000,80.61000,78.85000,78.94000,7046700
1663939800,78.38000,78.81000,76.97000,78.71000,5735300
1664199000,78.05000,79.27000,77.26000,77.71000,3440800
1664285400,77.98000,79.03000,77.25000,77.30000,4142900
1664371800,77.69000,78.94000,76.80000,78.18000,2820300
1664458200,77.66000,77.98000,76.61000,77.68000,2962800
1664544600,78.35000,79.53000,77.52000,77.81000,4697800
1664803800,78.44000,80.48000,78.41000,80.00000,2702900
1664890200,80.39000,81.49000,79.88000,80.87000,3050200
1664976600,80.39000,81.34000,79.69000,80.81000,2932300
1665063000,80.80000,81.25000,79.88000,80.24000,4022300
1665149400,76.95000,77.00000,74.07000,74.82000,7626900
1665408600,75.11000,75.23000,73.19000,73.76000,5576800
1665495000,74.09000,76.29000,73.85000,75.32000,3586400
1665581400,75.29000,76.01000,74.27000,74.32000,2724600
1665667800,73.50000,75.83000,73.21000,75.26000,4032200
1665754200,75.69000,75.72000,73.44000,74.30000,3406900
1666013400,75.01000,75.27000,74.35000,75.18000,2546600
1666099800,76.84000,77.26000,75.06000,75.32000,2529800
1666186200,75.32000,76.46000,74.77000,75.72000,2581900
1666272600,76.37000,76.57000,73.95000,74.15000,2674100
1666359000,74.26000,75.37000,73.54000,73.85000,4537800
1666618200,74.72000,76.30000,74.72000,75.81000,4038200
1666704600,77.80000,83.88000,77.80000,83.63000,8297700
1666791000,83.67000,86.61000,83.67000,84.80000,3676300
1666877400,84.61000,84.98000,83.18000,84.07000,2992400
1666963800,84.59000,86.07000,84.08000,85.80000,2609500
1667223000,85.31000,85.85000,84.86000,85.13000,2599400
1667309400,85.21000,86.60000,84.80000,85.93000,2422500
1667395800,85.79000,86.62000,84.97000,85.06000,2944400
1667482200,84.53000,85.75000,83.87000,85.08000,2321200
1667568600,85.65000,85.65000,80.83000,81.73000,4283400
1667831400,82.38000,83.69000,80.91000,82.95000,3635700
1667917800,82.83000,84.95000,82.27000,84.00000,3830500
1668004200,84.45000,84.85000,83.66000,83.88000,3167800
1668090600,85.96000,85.96000,81.69000,84.43000,3922800
1668177000,84.43000,84.43000,79.48000,82.07000,5823300
1668436200,82.00000,83.36000,81.96000,82.04000,3234500
1668522600,82.85000,83.37000,79.30000,79.67000,5498400
1668609000,80.29000,80.67000,79.01000,79.51000,4449200
1668695400,79.63000,82.25000,79.63000,80.93000,2911200
1668781800,82.56000,83.27000,81.90000,82.68000,2554000
1669041000,82.58000,82.85000,81.68000,82.12000,2481300
1669127400,82.73000,83.53000,82.37000,82.96000,3328700
1669213800,83.09000,84.06000,82.65000,83.63000,3487300
1669386600,83.80000,85.19000,83.80000,84.86000,1511400
1669645800,84.86000,85.62000,84.56000,84.93000,3533600
1669732200,84.14000,85.07000,83.81000,84.42000,3102800
1669818600,84.12000,87.18000,84.10000,87.05000,6185000
1669905000,87.41000,87.84000,85.19000,85.81000,3663400
1669991400,85.37000,85.93000,85.01000,85.79000,4822600
1670250600,85.29000,86.57000,85.10000,86.35000,2087300
1670337000,86.14000,87.04000,85.31000,85.93000,2265900
1670423400,86.07000,87.42000,86.07000,87.35000,2779400
1670509800,87.75000,87.79000,86.47000,86.49000,1899200
1670596200,86.24000,87.28000,86.15000,86.25000,1986200
1670855400,86.54000,87.19000,85.90000,86.89000,3151600
1670941800,85.98000,86.06000,82.60000,83.22000,4462300
1671028200,83.48000,84.39000,81.96000,83.00000,4273400
1671114600,82.35000,82.90000,79.97000,80.31000,3790700
1671201000,80.45000,82.50000,79.76000,81.40000,7018800
1671460200,81.10000,82.29000,80.35000,81.42000,2915100
1671546600,81.70000,82.13000,80.13000,80.38000,2694900
1671633000,80.59000,81.69000,79.39000,81.65000,3269500
1671719400,81.80000,82.96000,81.45000,82.24000,3480200
1671805800,81.86000,82.65000,81.31000,81.63000,2451500
1672151400,81.95000,82.25000,81.50000,81.58000,1857000
1672237800,81.85000,82.81000,81.42000,81.58000,2222800
1672324200,81.99000,82.35000,81.35000,81.72000,1683200
1672410600,81.72000,82.12000,81.13000,82.01000,1946600
1672756200,82.00000,83.61000,78.86000,79.74000,6674100
1672842600,80.19000,80.76000,78.91000,79.46000,5149000
1672929000,78.71000,79.11000,76.71000,77.26000,5882300
1673015400,77.75000,79.05000,77.05000,78.66000,3882900
1673274600,78.89000,79.98000,77.47000,77.59000,4301900
1673361000,77.73000,77.84000,75.54000,76.12000,3030900
1673447400,76.11000,78.45000,75.86000,78.44000,2892400
1673533800,78.48000,78.97000,76.92000,78.18000,3503500
1673620200,77.73000,79.07000,76.87000,77.04000,3195500
1673965800,77.44000,78.35000,76.67000,76.74000,3302800
1674052200,76.74000,76.90000,74.97000,75.09000,3091200
1674138600,75.37000,76.38000,75.10000,75.86000,2486100
1674225000,75.86000,76.21000,74.97000,76.15000,2981900
1674484200,76.39000,76.97000,75.55000,75.79000,2896800
1674570600,75.00000,76.25000,74.77000,75.76000,3198200
1674657000,75.18000,77.39000,75.18000,76.05000,4033900
1674743400,76.26000,77.21000,76.04000,76.61000,2726200
1674829800,76.63000,76.83000,74.90000,75.25000,2892400
1675089000,75.37000,76.02000,74.59000,74.70000,3782300
1675175400,75.16000,77.39000,75.16000,76.24000,5579700
1675261800,76.04000,76.30000,74.96000,75.14000,3926700
1675348200,74.60000,74.60000,71.94000,72.57000,9686000
1675434600,73.22000,73.66000,70.80000,71.01000,5098500
1675693800,71.19000,71.69000,70.60000,71.01000,4760000
1675780200,70.00000,71.41000,68.73000,70.98000,6669100
1675866600,70.61000,73.92000,70.55000,72.92000,6636100
1675953000,73.09000,73.57000,71.35000,71.56000,4784100
1676039400,72.91000,73.22000,71.42000,72.74000,4949300
1676298600,72.99000,73.40000,72.12000,73.08000,4695300
1676385000,73.01000,74.44000,72.79000,73.38000,3929600
1676471400,72.81000,73.30000,72.24000,73.10000,3882800
1676557800,72.80000,73.69000,72.43000,73.01000,3716600
1676644200,72.75000,73.78000,72.63000,73.36000,2700400
1676989800,73.12000,73.42000,72.22000,72.27000,3557400
1677076200,72.41000,72.71000,71.84000,72.28000,2227100
1677162600,71.99000,72.32000,70.91000,71.67000,3369600
1677249000,71.68000,71.68000,70.13000,70.28000,2960400
1677508200,70.88000,70.97000,69.98000,70.09000,2832100
1677594600,69.85000,70.05000,68.06000,68.40000,4185000
1677681000,67.87000,69.08000,67.58000,68.51000,3447500
1677767400,68.33000,69.00000,67.42000,68.59000,3161200
1677853800,68.77000,69.13000,68.00000,69.07000,2921000
1678113000,69.03000,69.82000,68.79000,68.96000,3273900
1678199400,69.19000,69.23000,67.39000,67.95000,3646900
1678285800,66.56000,67.47000,66.39000,66.90000,3686500
1678372200,67.17000,67.36000,65.13000,65.54000,3607600
1678458600,65.42000,66.35000,64.82000,65.10000,2949100
1678714200,64.80000,65.87000,63.99000,64.17000,2883200
1678800600,64.79000,65.14000,62.88000,63.34000,4032900
1678887000,62.73000,63.84000,62.38000,63.54000,3744600
1678973400,63.13000,63.67000,62.63000,63.19000,4389000
1679059800,63.32000,63.32000,61.82000,62.55000,8633600
1679319000,62.95000,64.81000,62.95000,64.15000,5290700
1679405400,64.46000,65.41000,64.34000,65.29000,3805000
1679491800,65.35000,65.63000,63.57000,63.60000,2909700
1679578200,63.64000,63.99000,61.71000,62.58000,4512700
1679664600,62.68000,64.14000,62.47000,64.05000,2921800
1679923800,64.81000,65.31000,64.15000,64.75000,2607900
1680010200,64.51000,64.61000,62.72000,63.12000,3284600
1680096600,63.29000,63.81000,62.96000,63.65000,2874500
1680183000,64.00000,64.22000,63.29000,64.13000,4290700
1680269400,64.44000,64.47000,62.84000,63.21000,5973800
1680528600,64.61000,65.24000,63.89000,64.67000,4837600
1680615000,64.42000,64.81000,63.81000,63.98000,3497000
1680701400,64.42000,66.15000,63.83000,65.79000,4090500
1680787800,66.28000,66.71000,65.77000,66.02000,3807000
1681133400,65.81000,66.56000,65.60000,66.32000,3623500
1681219800,66.61000,67.41000,66.48000,67.36000,2730000
1681306200,67.26000,67.81000,66.66000,67.18000,3699600
1681392600,67.52000,69.59000,67.44000,69.36000,4139100
1681479000,69.50000,69.64000,67.56000,68.07000,5129300
1681738200,68.01000,68.88000,67.73000,68.70000,3007600
1681824600,68.78000,69.08000,68.03000,68.93000,3119500
1681911000,68.76000,68.85000,66.30000,66.78000,3893900
1681997400,66.52000,66.67000,65.56000,65.86000,3530600
1682083800,66.25000,66.75000,65.28000,65.99000,2399500
1682343000,66.22000,67.84000,65.72000,67.66000,3719600
1682429400,69.22000,70.67000,68.83000,69.29000,6759600
1682515800,68.61000,68.80000,66.41000,66.63000,4624100
1682602200,66.59000,68.86000,66.59000,68.50000,3325800
1682688600,68.60000,69.55000,68.02000,68.93000,2780700
1682947800,68.91000,69.26000,68.45000,68.61000,2919600
1683034200,68.74000,69.01000,67.25000,68.48000,2107200
1683120600,68.60000,69.42000,67.97000,68.72000,2875900
1683207000,68.39000,68.58000,66.76000,67.22000,2667600
1683293400,67.85000,68.88000,67.76000,68.39000,2042500
1683552600,68.19000,68.74000,67.82000,68.28000,1507700
1683639000,68.24000,68.80000,67.38000,67.62000,2081400
1683725400,67.71000,67.93000,66.77000,66.86000,1957100
1683811800,66.52000,67.44000,66.38000,67.37000,2631800
1683898200,67.58000,67.63000,66.33000,67.17000,2604800
1684157400,67.42000,67.47000,66.38000,67.21000,1793000
1684243800,67.04000,67.37000,65.40000,65.45000,2107400
1684330200,65.59000,67.39000,65.25000,67.20000,2461500
1684416600,66.85000,66.85000,65.27000,65.80000,2548800
1684503000,66.00000,66.27000,64.97000,65.40000,3645400
1684762200,65.33000,65.77000,64.68000,65.20000,2710400
1684848600,64.70000,65.47000,64.26000,65.03000,2094300
1684935000,64.99000,65.03000,64.24000,64.64000,3152900
1685021400,64.16000,64.16000,62.82000,63.43000,2852100
1685107800,63.30000,64.11000,62.58000,62.72000,3228100
1685453400,61.99000,62.89000,61.84000,61.98000,2563400
1685539800,61.88000,62.75000,61.34000,62.41000,8430400
1685626200,62.69000,65.53000,62.47000,64.94000,3871300
1685712600,65.22000,66.68000,64.20000,66.46000,3595800
1685971800,66.82000,67.61000,65.84000,67.34000,2134500
1686058200,67.32000,67.41000,66.22000,66.73000,3295100
1686144600,66.62000,68.40000,66.03000,67.69000,5127700
1686231000,67.75000,68.12000,67.04000,67.62000,2140500
1686317400,67.57000,69.27000,67.08000,69.00000,2674400
1686576600,68.84000,69.64000,68.60000,69.18000,2286900
1686663000,69.25000,69.82000,68.96000,69.47000,2023700
1686749400,64.22000,65.20000,63.04000,64.65000,7427400
1686835800,64.72000,66.96000,64.72000,66.12000,4460200
1686922200,66.35000,66.88000,64.82000,65.66000,5625300
1687267800,65.40000,66.44000,64.99000,65.92000,3539900
1687354200,65.61000,66.89000,65.60000,66.01000,3846200
1687440600,66.53000,66.99000,66.10000,66.80000,1895100
1687527000,66.49000,67.07000,66.28000,66.33000,2517700
1687786200,66.30000,67.09000,65.38000,66.36000,1754200
1687872600,66.34000,66.87000,65.46000,66.54000,2358300
1687959000,66.41000,66.58000,65.71000,66.10000,2107500
1688045400,66.24000,67.49000,66.14000,66.99000,3021000
1688131800,67.15000,67.95000,66.92000,67.45000,3491000
1688391000,67.12000,67.57000,66.82000,67.37000,1353400
1688563800,67.13000,67.81000,67.13000,67.44000,2000100
1688650200,67.07000,67.77000,66.78000,67.19000,3716400
1688736600,66.51000,67.09000,66.41000,66.50000,2565800
1688995800,66.61000,67.78000,66.59000,67.31000,2400200
1689082200,67.29000,67.89000,67.16000,67.76000,2182400
1689168600,66.70000,66.72000,63.69000,63.80000,6730400
1689255000,63.87000,64.39000,63.55000,63.65000,3681600
1689341400,65.07000,66.81000,64.98000,65.63000,5082900
1689600600,65.50000,65.96000,65.02000,65.07000,3002200
1689687000,65.35000,66.72000,65.25000,66.33000,3789300
1689773400,68.08000,69.92000,67.93000,68.49000,3940500
1689859800,69.06000,70.39000,68.34000,70.18000,3116700
1689946200,70.40000,71.66000,70.40000,70.63000,5086800
1690205400,70.51000,70.97000,70.47000,70.86000,3089500
1690291800,70.72000,70.72000,69.99000,70.32000,2618400
1690378200,70.63000,70.98000,69.66000,69.97000,3107800
1690464600,70.24000,71.08000,69.85000,69.95000,2879300
1690551000,69.08000,69.08000,64.93000,66.18000,7128600
1690810200,66.26000,68.50000,66.14000,68.09000,4936100
1690896600,68.15000,68.67000,67.76000,68.01000,3798600
1690983000,68.44000,68.83000,67.30000,67.35000,3166700
1691069400,67.32000,67.32000,65.90000,66.06000,5046100
1691155800,66.10000,66.60000,65.51000,65.80000,4215500
1691415000,66.14000,67.21000,66.08000,66.83000,2552200
1691501400,67.00000,67.02000,66.01000,66.28000,1974300
1691587800,66.04000,66.55000,65.79000,65.80000,2221100
1691674200,66.02000,66.88000,65.49000,65.75000,2331600
1691760600,65.44000,65.77000,65.05000,65.76000,3366100
1692019800,65.63000,67.27000,65.58000,66.85000,3517600
1692106200,65.98000,66.48000,65.17000,65.27000,2058000
1692192600,65.11000,65.60000,64.28000,64.30000,2429900
1692279000,64.10000,64.14000,62.94000,63.50000,3104000
1692365400,63.45000,64.34000,63.43000,63.70000,2566600
1692624600,63.86000,64.09000,63.53000,63.83000,2843000
1692711000,63.65000,64.62000,63.65000,63.80000,2396400
1692797400,64.41000,64.41000,63.22000,63.63000,2927300
1692883800,63.80000,64.47000,63.53000,63.96000,1746100
1692970200,64.14000,64.14000,62.92000,63.48000,1585000
1693229400,63.97000,64.40000,63.61000,64.02000,2153900
1693315800,64.20000,64.53000,63.87000,64.44000,1705500
1693402200,63.72000,64.18000,62.62000,62.72000,4047100
1693488600,63.20000,63.37000,61.63000,61.65000,3619800
1693575000,61.95000,62.00000,60.83000,61.27000,4239800
1693920600,61.41000,62.28000,61.31000,61.88000,3890000
1694007000,62.50000,64.11000,62.50000,63.32000,5072900
1694093400,63.70000,67.13000,63.50000,66.44000,6931400
1694179800,65.89000,66.15000,65.06000,65.41000,3519200
1694439000,65.64000,67.12000,65.64000,66.42000,4665800
1694525400,66.05000,67.04000,65.13000,67.02000,4115100
1694611800,67.24000,69.17000,67.15000,68.34000,5236000
1694698200,68.72000,68.86000,67.26000,67.61000,2987000
1694784600,67.56000,68.43000,67.54000,67.81000,5348000
1695043800,68.12000,68.12000,67.21000,67.86000,1925600
1695130200,67.97000,68.05000,67.20000,67.85000,2313200
1695216600,68.22000,68.48000,67.23000,68.08000,2591600
1695303000,68.20000,69.99000,67.89000,69.54000,4065500
1695389400,69.28000,69.75000,68.52000,68.68000,4389700
1695648600,68.85000,70.66000,68.70000,70.57000,3298100
1695735000,70.70000,70.97000,69.82000,69.99000,3717000
1695821400,70.17000,70.77000,68.92000,69.74000,3031300
1695907800,69.99000,70.92000,69.02000,69.26000,2961800
1695994200,69.15000,69.66000,68.76000,68.88000,3526700
1696253400,68.67000,69.44000,68.01000,69.30000,2397100
1696339800,68.81000,68.91000,67.63000,68.24000,2803400
1696426200,68.07000,69.12000,67.77000,68.98000,2410500
1696512600,69.09000,69.46000,68.30000,69.02000,2495700
1696599000,68.91000,70.52000,68.91000,70.21000,2503100
1696858200,69.79000,70.90000,69.79000,70.86000,2143300
1696944600,70.95000,71.23000,70.06000,71.17000,2592300
1697031000,70.72000,71.30000,70.25000,70.98000,1961000
1697117400,71.06000,71.32000,69.83000,70.96000,2251100
1697203800,71.29000,72.94000,70.70000,71.07000,3329000
1697463000,71.46000,72.24000,71.01000,71.12000,3261800
1697549400,71.13000,72.72000,71.00000,72.12000,2973600
1697635800,72.85000,73.03000,71.54000,72.98000,3198100
1697722200,72.80000,73.47000,71.63000,71.94000,2020400
1697808600,72.22000,72.51000,71.76000,71.89000,2576900
1698067800,71.73000,71.80000,70.40000,70.86000,3732800
1698154200,72.56000,72.85000,68.95000,69.69000,4797700
1698240600,69.63000,69.75000,67.85000,68.71000,3116700
1698327000,68.28000,69.26000,67.57000,68.11000,3617800
1698413400,67.69000,68.19000,67.21000,67.48000,2663200
1698672600,67.61000,68.21000,67.05000,67.96000,2674500
1698759000,68.58000,69.04000,68.19000,68.98000,2954600
1698845400,68.71000,70.10000,68.13000,69.32000,3095100
1698931800,69.12000,69.51000,68.05000,68.93000,3183700
1699018200,69.12000,69.98000,68.69000,69.32000,3417400
1699281000,69.49000,71.93000,68.99000,71.84000,5556600
1699367400,71.98000,72.51000,71.58000,71.75000,3315800
1699453800,72.10000,72.14000,69.93000,70.31000,2346400
1699540200,70.42000,72.02000,70.42000,71.46000,3346600
1699626600,71.45000,72.13000,70.69000,71.87000,2763300
1699885800,71.96000,72.48000,71.64000,72.14000,1546400
1699972200,71.80000,73.58000,71.63000,73.23000,3203100
1700058600,73.18000,73.90000,72.50000,73.23000,2876600
1700145000,73.42000,74.18000,72.47000,73.21000,2829800
1700231400,73.39000,73.39000,72.27000,72.61000,1930000
1700490600,72.51000,73.00000,72.18000,72.76000,2097100
1700577000,73.03000,73.89000,72.30000,73.70000,2214100
1700663400,73.95000,74.51000,73.82000,74.21000,1794000
1700836200,74.22000,74.58000,73.99000,74.36000,640900
1701095400,74.40000,74.65000,73.65000,74.11000,2059700
1701181800,73.00000,73.88000,72.43000,72.96000,2904900
1701268200,72.34000,72.83000,68.15000,70.48000,6735800
1701354600,70.61000,73.76000,70.50000,73.68000,6144600
1701441000,73.54000,74.97000,73.49000,74.88000,3888300
1701700200,74.84000,74.88000,73.52000,74.03000,2348700
1701786600,74.37000,75.31000,73.75000,75.01000,3012400
1701873000,74.97000,75.00000,73.83000,74.40000,2153300
1701959400,74.84000,74.84000,73.62000,74.24000,2434600
1702045800,74.63000,74.63000,73.41000,73.77000,2694000
1702305000,74.03000,74.30000,73.01000,74.25000,2650100
1702391400,75.62000,77.83000,75.62000,76.34000,5290100
1702477800,75.86000,76.78000,74.82000,76.67000,4912900
1702564200,76.69000,76.69000,74.18000,75.51000,5617700
1702650600,74.90000,75.43000,72.86000,74.22000,7372600
1702909800,74.49000,74.89000,73.91000,74.79000,3635300
1702996200,74.73000,75.25000,73.97000,74.53000,2859900
1703082600,74.33000,74.46000,72.05000,72.21000,4532500
1703169000,72.70000,73.46000,72.28000,73.41000,3351700
1703255400,73.56000,73.61000,72.74000,73.34000,2156700
1703601000,73.17000,73.91000,73.09000,73.65000,1507600
1703687400,73.75000,73.81000,72.95000,73.43000,2310300
1703773800,73.52000,74.18000,73.45000,73.89000,2729500
1703860200,73.63000,74.58000,73.63000,74.21000,2512200
1704205800,75.00000,77.53000,75.00000,76.83000,3730900
1704292200,77.88000,77.92000,76.28000,76.74000,3907600
1704378600,77.04000,77.63000,76.68000,77.21000,3052800
1704465000,77.27000,77.62000,76.73000,77.38000,2453700
1704724200,77.59000,77.78000,75.32000,76.76000,2078100
1704810600,76.76000,78.08000,76.71000,78.01000,2443800
1704897000,77.52000,78.47000,77.51000,78.41000,2705200
1704983400,78.42000,79.83000,77.94000,79.47000,3943400
1705069800,77.38000,79.00000,76.61000,78.81000,2966200
1705415400,79.14000,79.31000,78.42000,78.72000,2765900
1705501800,78.85000,79.56000,77.78000,78.00000,2567600
1705588200,74.61000,76.71000,74.27000,76.60000,3081400
1705674600,76.72000,76.76000,74.12000,74.15000,4026100
1705933800,74.54000,75.35000,73.82000,75.17000,3179600
1706020200,75.19000,76.14000,75.18000,75.56000,2195200
1706106600,76.31000,77.29000,75.26000,75.48000,3155500
1706193000,72.95000,74.67000,71.81000,73.55000,5121200
1706279400,73.80000,74.14000,73.18000,73.77000,2979200
1706538600,73.51000,74.25000,73.28000,74.06000,2072300
1706625000,74.21000,74.93000,73.90000,74.86000,2265500
1706711400,75.46000,75.76000,75.04000,75.31000,3095400
1706797800,75.16000,75.88000,74.19000,75.30000,2548200
1706884200,75.51000,75.73000,74.63000,75.41000,2265400
1707143400,75.30000,75.30000,74.05000,74.07000,3352200
1707229800,73.76000,76.39000,71.48000,74.92000,4652400
1707316200,75.02000,75.87000,74.33000,74.92000,4649700
1707402600,75.29000,76.58000,74.68000,76.50000,3281500
1707489000,76.31000,77.36000,75.89000,77.33000,2508500
1707748200,77.19000,78.07000,76.60000,77.91000,2416300
1707834600,77.82000,78.40000,76.49000,76.70000,2379900
1707921000,76.90000,77.54000,76.66000,77.49000,2017200
1708007400,77.73000,78.46000,77.65000,78.30000,1906900
1708093800,78.39000,79.01000,78.07000,78.74000,2259800
1708439400,78.70000,79.84000,78.40000,79.29000,3663600
1708525800,79.60000,79.60000,78.69000,79.17000,1871400
1708612200,79.24000,80.17000,78.89000,80.07000,3058700
1708698600,80.18000,80.70000,79.60000,80.22000,2136800
1708957800,80.69000,81.42000,79.97000,80.23000,2510300
1709044200,80.25000,80.67000,79.87000,80.41000,1993300
1709130600,79.72000,80.07000,78.19000,78.39000,2997100
1709217000,78.34000,78.61000,77.30000,78.43000,4830700
1709303400,78.06000,78.43000,76.57000,77.98000,2683400
1709562600,78.01000,79.39000,77.78000,78.32000,2037300
1709649000,78.62000,79.11000,77.07000,77.40000,2511100
1709735400,77.80000,78.13000,77.03000,77.59000,2833500
1709821800,78.31000,79.75000,78.19000,79.66000,2633200
1709908200,78.00000,79.08000,77.55000,78.14000,3661400
1710163800,78.16000,78.66000,77.06000,78.03000,2828000
1710250200,78.02000,78.02000,76.08000,76.75000,3363200
1710336600,77.38000,77.88000,76.58000,76.72000,2448900
1710423000,76.52000,76.57000,74.72000,76.05000,3392800
1710509400,75.47000,76.41000,75.25000,75.47000,5215000
1710768600,75.48000,77.48000,74.80000,77.02000,3297700
1710855000,77.40000,78.75000,77.27000,78.70000,3719000
1710941400,78.20000,78.97000,77.40000,77.88000,2797900
1711027800,77.22000,77.61000,76.50000,77.18000,3042100
1711114200,77.40000,77.67000,76.53000,76.93000,3138500
1711373400,77.41000,77.49000,76.61000,77.07000,2775900
1711459800,76.75000,77.96000,76.75000,77.56000,3400400
1711546200,78.05000,78.69000,77.96000,78.35000,3091300
1711632600,78.56000,78.91000,78.29000,78.48000,3352000
1711978200,78.27000,78.47000,77.73000,77.75000,2150800
1712064600,75.33000,75.33000,72.10000,72.45000,5832300
1712151000,72.55000,73.08000,72.03000,73.04000,3600800
1712237400,73.36000,74.09000,71.83000,72.05000,3529200
1712323800,71.57000,72.90000,71.24000,72.78000,2748200
1712583000,72.41000,73.61000,72.34000,72.98000,2969500
1712669400,72.95000,73.22000,72.34000,72.71000,2420600
1712755800,72.17000,72.75000,71.79000,72.25000,2648300
1712842200,72.14000,72.36000,71.24000,71.64000,2249600
1712928600,71.55000,71.91000,70.30000,70.73000,2918700
1713187800,75.73000,75.73000,72.69000,72.72000,5532000
1713274200,73.94000,75.24000,71.83000,72.26000,3240400
1713360600,72.47000,73.23000,71.85000,72.00000,3064700
1713447000,73.11000,74.69000,72.95000,73.75000,5184300
1713533400,74.29000,75.35000,73.57000,75.15000,2687000
1713792600,75.50000,76.34000,75.25000,75.58000,2479600
1713879000,75.87000,76.44000,75.49000,75.84000,1655500
1713965400,76.02000,76.36000,75.36000,76.19000,2776000
1714051800,76.06000,76.32000,74.86000,75.68000,3639600
1714138200,73.96000,74.97000,71.25000,74.00000,6382700
1714397400,74.34000,74.99000,73.24000,73.83000,5024400
1714483800,73.65000,73.80000,72.88000,73.06000,4509100
1714570200,72.31000,73.58000,70.06000,72.25000,4361000
1714656600,72.99000,75.15000,72.34000,74.33000,5386600
1714743000,74.50000,75.11000,73.78000,74.81000,4706700
1715002200,75.21000,75.57000,74.68000,75.14000,2780200
1715088600,75.51000,76.11000,75.22000,75.90000,2534500
1715175000,76.33000,76.43000,75.77000,75.85000,2707400
1715261400,75.92000,77.69000,75.75000,77.65000,3137300
1715347800,77.65000,78.58000,77.60000,77.79000,3033500
1715607000,77.71000,78.32000,76.92000,77.15000,3452500
1715693400,77.36000,77.55000,76.55000,76.87000,3310500
1715779800,77.19000,78.36000,77.19000,78.09000,2921800
1715866200,78.18000,78.82000,77.02000,77.14000,4564600
1715952600,77.60000,78.19000,77.15000,78.06000,2640900
1716211800,78.10000,78.32000,77.36000,77.57000,2083500
1716298200,77.74000,78.73000,77.34000,78.40000,2900600
1716384600,78.37000,79.02000,78.12000,78.43000,2529400
1716471000,78.00000,78.25000,77.15000,77.33000,2855700
1716557400,77.42000,77.84000,74.24000,74.63000,4019900
1716903000,74.49000,74.58000,72.29000,72.72000,4039000
1716989400,71.67000,71.72000,66.79000,70.50000,6691500
1717075800,68.50000,70.01000,68.10000,68.96000,6598000
1717162200,69.21000,71.70000,69.21000,71.59000,7385000
1717421400,71.40000,71.95000,70.35000,71.13000,2708500
1717507800,70.74000,70.99000,69.68000,70.14000,2313500
1717594200,70.72000,70.72000,68.97000,69.70000,2091000
1717680600,69.98000,70.58000,69.39000,70.44000,2582400
1717767000,70.36000,70.59000,69.47000,69.81000,3170200
1718026200,69.62000,69.99000,69.26000,69.84000,2976400
1718112600,69.65000,69.65000,68.53000,69.26000,2581700
1718199000,69.43000,69.56000,67.58000,67.71000,3681700
1718285400,67.82000,69.40000,66.87000,68.98000,4714300
1718371800,68.63000,69.26000,68.21000,68.93000,3722900
1718631000,68.43000,68.57000,67.58000,68.20000,3123200
1718717400,68.43000,68.82000,66.04000,66.39000,3945900
1718890200,66.19000,67.62000,65.66000,67.48000,4211600
1718976600,67.20000,68.03000,66.67000,67.93000,5471300
1719235800,68.35000,68.90000,67.61000,68.04000,3514300
1719322200,67.82000,68.19000,67.22000,67.65000,2708000
1719408600,67.34000,67.80000,66.88000,67.72000,2818100
1719495000,67.65000,67.75000,66.86000,67.37000,2480900
1719581400,67.80000,67.80000,65.82000,66.30000,14635600
1719840600,66.31000,66.88000,64.97000,65.34000,3749100
1719927000,65.53000,66.39000,65.34000,66.19000,3732100
1720013400,66.42000,67.08000,66.07000,66.76000,2200700
1720186200,66.39000,66.44000,65.64000,66.37000,2735300
1720445400,66.59000,66.59000,65.39000,66.19000,2750000
1720531800,66.06000,66.40000,65.30000,65.74000,2435000
1720618200,65.72000,66.70000,65.61000,66.66000,2678200
1720704600,66.01000,67.77000,65.70000,67.25000,3937900
1720791000,67.72000,68.33000,67.17000,67.86000,4033700
1721050200,67.57000,67.97000,65.82000,66.00000,3878700
1721136600,67.33000,69.29000,66.66000,69.11000,5283100
1721223000,67.09000,68.15000,66.18000,67.80000,4311300
1721309400,67.29000,67.64000,65.54000,65.69000,4162600
1721395800,66.68000,67.00000,65.78000,66.24000,3541700
1721655000,65.92000,66.64000,65.65000,66.14000,2765300
1721741400,65.50000,66.12000,63.45000,64.89000,5344000
1721827800,65.16000,66.39000,64.68000,66.12000,4216500
1721914200,66.67000,68.28000,66.67000,67.40000,5449800
1722000600,69.45000,74.72000,69.30000,73.10000,9686500
1722259800,73.39000,73.77000,71.48000,73.48000,3907800
1722346200,73.63000,77.20000,73.39000,77.10000,6236300
1722432600,76.78000,78.31000,76.75000,76.92000,6826600
1722519000,77.47000,77.98000,75.08000,77.91000,4525300
1722605400,78.00000,78.89000,77.06000,78.09000,4553200
1722864600,77.20000,78.44000,76.42000,77.43000,3483200
1722951000,77.28000,77.74000,75.43000,75.44000,4200000
1723037400,75.32000,76.22000,74.72000,74.78000,3658300
1723123800,74.86000,76.35000,74.78000,75.52000,2812200
1723210200,75.36000,76.48000,75.01000,76.00000,2566700
1723469400,76.27000,76.93000,75.44000,75.67000,3355000
1723555800,75.98000,76.50000,75.69000,76.35000,2305900
1723642200,76.39000,77.33000,76.21000,77.03000,2532200
1723728600,77.07000,78.78000,77.01000,78.51000,3197500
1723815000,78.59000,78.67000,77.75000,78.11000,2348500
1724074200,78.30000,78.82000,78.06000,78.30000,1695500
1724160600,78.26000,79.01000,77.98000,78.16000,2519600
1724247000,78.46000,78.76000,78.12000,78.40000,2833800
1724333400,78.44000,79.19000,77.82000,78.23000,2538900
1724419800,78.23000,79.07000,78.21000,78.55000,2123200
1724679000,78.86000,79.08000,77.56000,77.67000,2025800
1724765400,77.94000,78.23000,77.31000,78.00000,2553600
1724851800,78.10000,78.45000,77.40000,78.17000,3122100
1724938200,78.62000,78.62000,77.35000,78.29000,2425600
1725024600,78.44000,79.00000,77.91000,78.83000,3063600
1725370200,78.83000,80.59000,78.73000,80.23000,2979200
1725456600,74.11000,75.49000,72.80000,73.26000,6084600
1725543000,73.26000,73.59000,70.84000,72.66000,6556500
1725629400,72.94000,73.33000,70.74000,70.83000,6046700
1725888600,71.28000,71.46000,70.55000,70.84000,5929200
1725975000,70.81000,71.67000,70.61000,71.00000,4412400
1726061400,72.27000,74.22000,72.08000,73.47000,5834900
1726147800,73.67000,75.14000,72.64000,74.82000,4073200
1726234200,74.90000,75.43000,74.61000,75.35000,2618500
1726493400,75.97000,77.18000,75.78000,76.57000,4339600
1726579800,77.02000,77.29000,75.24000,75.39000,4176600
1726666200,75.42000,77.00000,75.35000,76.32000,3825800
1726752600,76.83000,77.17000,75.39000,75.63000,3986400
1726839000,75.34000,75.85000,75.15000,75.61000,6827900
1727098200,75.90000,76.08000,75.05000,75.35000,3773900
1727184600,75.05000,75.38000,74.28000,74.40000,4130600
1727271000,74.83000,74.97000,73.92000,74.12000,3375200
1727357400,74.12000,74.71000,73.19000,73.70000,3830400
1727443800,74.31000,75.10000,74.19000,74.58000,3800300
1727703000,74.82000,75.35000,74.08000,75.28000,2738500
1727789400,75.28000,75.28000,73.88000,73.94000,4600500
1727875800,73.60000,73.82000,72.44000,72.62000,4023100
1727962200,72.62000,72.63000,71.08000,72.04000,3864400
1728048600,72.23000,72.72000,71.68000,72.08000,4578400
1728307800,71.91000,72.16000,71.17000,71.49000,5182500
1728394200,72.06000,72.19000,71.15000,71.34000,2794400
1728480600,71.62000,72.69000,71.61000,72.35000,2059600
1728567000,72.65000,72.65000,71.11000,71.62000,3987900
1728653400,71.90000,73.50000,71.75000,72.44000,3541700
1728912600,72.47000,73.14000,71.81000,72.90000,3666600
1728999000,69.55000,71.04000,68.41000,68.48000,6868100
1729085400,68.74000,69.36000,68.21000,69.30000,4706300
1729171800,63.00000,63.46000,62.10000,63.00000,14593600
1729258200,63.14000,63.14000,61.62000,62.02000,5846000
1729517400,61.97000,62.53000,60.97000,61.00000,14953400
1729603800,60.91000,61.36000,60.65000,61.06000,5269200
1729690200,61.09000,61.49000,59.77000,59.82000,6306800
1729776600,61.60000,62.89000,61.30000,61.62000,10131000
1729863000,70.00000,70.11000,64.16000,64.22000,12143200
1730122200,63.65000,63.72000,61.30000,61.65000,8623400
1730208600,61.60000,61.71000,60.39000,60.62000,6383000
1730295000,60.49000,62.34000,60.49000,61.78000,6635500
1730381400,61.78000,62.76000,61.28000,62.26000,6450000
1730467800,62.32000,63.92000,62.25000,63.52000,6313000
1730730600,64.00000,65.40000,63.73000,63.82000,5930100
1730817000,63.48000,64.89000,62.93000,64.80000,6211000
1730903400,60.00000,63.09000,59.94000,62.56000,9724700
1730989800,62.70000,63.54000,62.10000,62.52000,6586200
1731076200,62.84000,62.84000,60.14000,60.15000,6328500
1731335400,61.42000,62.24000,60.73000,60.75000,5376600
1731421800,60.85000,61.25000,58.56000,58.60000,6229900
1731508200,58.75000,59.19000,57.56000,58.04000,7003900
1731594600,58.27000,59.86000,58.23000,58.68000,6854900
1731681000,58.70000,59.20000,57.25000,57.46000,8033600
1731940200,57.37000,58.93000,57.20000,58.83000,5238300
1732026600,58.25000,58.79000,57.76000,57.81000,7426900
1732113000,58.20000,59.44000,58.00000,59.10000,4562900
1732199400,59.40000,60.43000,58.50000,60.35000,6849100
1732285800,60.19000,60.72000,59.84000,60.37000,4143000
1732545000,60.85000,61.91000,60.73000,61.43000,6401900
1732631400,61.40000,61.81000,59.89000,60.00000,5544000
1732717800,60.11000,60.65000,59.67000,59.93000,3468400
1732890600,59.68000,60.41000,59.44000,60.00000,2380200
1733149800,60.31000,60.34000,59.02000,60.06000,3895500
1733236200,60.25000,60.40000,58.88000,59.41000,5300800
1733322600,59.42000,59.99000,58.74000,59.77000,4948100
1733409000,59.68000,59.75000,57.86000,57.95000,4060400
1733495400,58.40000,58.75000,56.44000,56.76000,4968300
1733754600,57.00000,59.23000,56.75000,58.49000,5384200
1733841000,56.76000,57.06000,55.03000,56.71000,5481200
1733927400,56.47000,57.19000,55.07000,56.90000,6310200
1734013800,58.50000,59.36000,57.43000,58.00000,6357500
1734100200,59.00000,60.34000,58.24000,59.42000,7063900
1734359400,59.02000,59.75000,58.82000,59.17000,5987000
1734445800,58.83000,59.80000,57.35000,57.81000,7273800
1734532200,58.37000,60.00000,58.31000,59.49000,5847100
1734618600,59.14000,60.17000,58.27000,59.71000,16575300
1734705000,60.00000,60.70000,59.00000,59.58000,26122300
1734964200,59.40000,60.50000,58.88000,60.25000,4147200
1735050600,60.20000,60.83000,59.75000,60.83000,1135000
1735223400,60.35000,61.13000,60.17000,60.91000,3114800
1735309800,60.77000,61.27000,60.32000,60.60000,3302700
1735569000,60.35000,60.66000,59.75000,60.36000,2589900
1735655400,60.65000,61.34000,60.25000,60.58000,2989900
1735828200,61.11000,61.78000,60.38000,60.51000,3821700
1735914600,60.68000,62.05000,60.33000,61.48000,4999600
1736173800,61.76000,63.76000,61.63000,62.69000,4930200
1736260200,62.88000,63.18000,62.09000,62.61000,4208100
1736346600,62.25000,63.61000,61.71000,63.17000,5515400
1736519400,62.89000,63.95000,60.38000,61.83000,5179000
1736778600,62.55000,63.94000,62.36000,63.70000,4623400
1736865000,63.57000,64.10000,62.91000,63.40000,2911100
1736951400,63.44000,63.65000,62.12000,63.15000,2828300
1737037800,62.35000,63.70000,61.71000,62.87000,3540100
1737124200,62.80000,63.13000,62.07000,62.25000,4389700
1737469800,62.79000,63.75000,62.27000,63.66000,4760100
1737556200,63.10000,63.83000,62.12000,63.53000,3257500
1737642600,64.94000,65.75000,63.57000,65.12000,4276500
1737729000,64.49000,64.70000,63.69000,64.58000,3320300
1737988200,65.51000,66.52000,65.19000,65.89000,2877900
1738074600,65.78000,66.29000,63.30000,64.72000,5333500
1738161000,64.95000,64.95000,63.33000,63.91000,4690500
1738247400,64.17000,64.76000,63.32000,64.62000,2895500
1738333800,64.10000,64.75000,63.89000,64.03000,2585000
1738593000,63.80000,66.81000,63.80000,64.82000,4836400
1738679400,60.25000,63.04000,59.95000,61.29000,8469800
1738765800,60.91000,61.59000,60.21000,60.73000,5908400
1738852200,60.09000,60.20000,57.90000,58.63000,7311900
1738938600,59.06000,59.28000,58.30000,58.94000,3382200
1739197800,59.04000,59.33000,58.25000,58.91000,3451100
1739284200,58.91000,59.28000,56.97000,57.39000,4944000
1739370600,57.39000,59.15000,55.91000,56.45000,4731500
1739457000,56.92000,56.92000,55.17000,56.81000,6555300
1739543400,57.15000,57.33000,56.48000,56.86000,3447700
1739889000,57.05000,57.09000,55.72000,55.93000,3776700
1739975400,56.08000,58.01000,55.82000,57.66000,6235400
1740061800,57.57000,58.87000,57.50000,58.48000,5538400
1740148200,56.65000,58.79000,56.61000,57.68000,4754500
1740407400,57.68000,59.05000,56.82000,58.93000,4428200
1740493800,58.94000,61.50000,58.94000,61.33000,5559500
1740580200,60.79000,60.87000,56.39000,56.90000,6202600
1740666600,57.60000,59.21000,57.41000,58.19000,5074800
1740753000,57.98000,58.52000,57.07000,58.16000,7527100
1741012200,58.33000,58.92000,57.83000,58.59000,3987400
1741098600,58.33000,59.36000,57.87000,57.87000,4059000
1741185000,58.02000,59.59000,57.79000,59.00000,4762000
1741271400,58.90000,59.69000,58.20000,59.45000,3813700
1741357800,59.16000,60.88000,58.96000,60.03000,5511100
1741613400,60.29000,61.35000,59.33000,59.44000,5977400
1741699800,59.68000,59.69000,56.99000,58.57000,6016900
1741786200,58.17000,60.96000,56.92000,58.45000,6274400
1741872600,58.33000,58.85000,57.31000,57.96000,4048200
1741959000,57.94000,58.56000,57.47000,58.19000,4322100
1742218200,57.84000,59.45000,57.80000,59.24000,2897100
1742304600,59.28000,59.75000,58.84000,59.66000,2782000
1742391000,59.58000,60.00000,58.51000,59.23000,2825000
1742477400,59.03000,59.75000,58.63000,59.62000,2482600
1742563800,59.48000,59.81000,58.47000,58.90000,7865100
1742823000,58.97000,59.98000,58.47000,59.34000,3034500
1742909400,59.76000,59.83000,58.52000,58.94000,3423100
1742995800,59.12000,61.08000,59.02000,60.54000,3759400
1743082200,59.78000,61.00000,58.52000,60.23000,4225000
1743168600,60.76000,61.07000,59.90000,60.04000,2653000
1743427800,60.10000,61.10000,59.71000,60.71000,4185700
1743514200,60.65000,61.12000,60.17000,60.45000,2222000
1743600600,59.93000,60.81000,59.80000,60.73000,2858500
1743687000,60.90000,64.59000,60.64000,64.29000,8566200
1743773400,64.26000,65.90000,61.88000,61.93000,8030200
1744032600,61.64000,62.65000,59.66000,61.35000,7636600
1744119000,66.03000,66.03000,61.92000,62.40000,6124600
1744205400,61.63000,63.97000,60.91000,62.63000,5442000
1744291800,62.87000,63.56000,61.18000,62.39000,5910100
1744378200,62.36000,63.94000,61.95000,63.86000,3887900
1744637400,63.61000,63.86000,62.08000,63.01000,3114200
1744723800,62.88000,63.03000,62.08000,62.28000,2922800
1744810200,62.69000,63.15000,61.61000,61.98000,3334200
1744896600,58.70000,61.57000,58.53000,60.70000,5759000
1745242200,60.71000,60.94000,57.85000,58.01000,4510200
1745328600,58.75000,60.25000,57.82000,60.23000,3740700
1745415000,60.22000,62.42000,59.91000,62.12000,4219900
1745501400,61.87000,62.02000,59.71000,61.58000,5123000
1745587800,58.40000,58.90000,56.06000,57.69000,8848300
1745847000,57.95000,59.82000,57.71000,59.47000,8275300
1745933400,59.34000,59.88000,58.68000,59.26000,5122200
1746019800,59.82000,60.56000,58.77000,59.85000,5531600
1746106200,59.48000,60.14000,58.49000,59.41000,6045300
1746192600,59.83000,60.45000,59.06000,60.16000,5390500
1746451800,60.35000,60.83000,59.55000,59.78000,5622200
1746538200,59.43000,60.37000,59.05000,59.68000,4212800
1746624600,59.61000,62.92000,59.61000,62.92000,6554000
1746711000,62.69000,63.42000,62.32000,62.42000,5007500
1746797400,62.40000,63.29000,62.03000,62.79000,4416400
1747056600,63.40000,64.15000,61.12000,62.87000,4852800
1747143000,60.91000,61.14000,58.95000,58.97000,8662400
1747229400,59.96000,60.14000,59.12000,59.47000,5849500
1747315800,59.66000,60.12000,56.79000,60.06000,7166700
1747402200,60.27000,61.80000,59.87000,61.78000,4369100
1747661400,61.70000,62.11000,60.79000,61.55000,4842000
1747747800,61.59000,62.21000,61.25000,61.96000,3249500
1747834200,60.76000,61.63000,60.58000,60.74000,3227600
1747920600,59.90000,59.96000,58.02000,58.07000,4311500
1748007000,58.30000,58.52000,55.79000,56.41000,5206800
1748352600,57.06000,57.98000,56.38000,57.65000,4299500
1748439000,56.50000,57.05000,55.88000,55.93000,4625100
1748525400,56.00000,56.72000,55.73000,56.52000,3525600
1748611800,56.45000,57.27000,56.08000,56.44000,6738400
1748871000,55.10000,55.38000,54.08000,54.91000,5373500
1748957400,54.90000,55.60000,54.01000,55.37000,3927100
1749043800,55.60000,55.79000,54.82000,54.94000,3948300
1749130200,54.94000,55.25000,54.51000,54.84000,4003200
1749216600,55.13000,55.38000,54.52000,55.16000,4097400
1749475800,55.56000,56.10000,55.00000,55.76000,3388500
1749562200,56.00000,56.00000,55.08000,55.51000,2417000
1749648600,55.43000,55.94000,55.06000,55.27000,3041600
1749735000,55.08000,55.40000,54.29000,55.38000,4469200
1749821400,55.15000,55.70000,54.77000,55.22000,3458100
1750080600,55.23000,55.48000,53.99000,54.68000,5233200
1750167000,54.79000,55.75000,54.60000,54.91000,4359900
1750253400,54.79000,55.30000,54.16000,55.15000,4751700
1750426200,55.01000,55.55000,54.37000,54.40000,11156500
1750685400,54.59000,54.65000,52.93000,53.40000,3665500
1750771800,53.43000,54.24000,53.25000,54.05000,4271700
1750858200,53.87000,53.98000,53.27000,53.51000,4716800
1750944600,53.81000,55.15000,53.26000,53.57000,6430000
1751031000,53.83000,54.24000,53.46000,53.99000,5925800
1751290200,53.83000,54.31000,53.19000,54.28000,5445200
1751376600,54.32000,57.46000,54.23000,56.65000,10334100
1751463000,37.34000,37.78000,33.76000,33.78000,93566700
1751549400,33.96000,34.84000,33.30000,33.31000,33741400
1751895000,33.34000,33.83000,32.99000,33.05000,23039900
1751981400,32.95000,33.24000,32.52000,32.60000,18177800
1752067800,32.42000,33.15000,31.78000,33.09000,21740800
1752154200,32.33000,33.41000,32.20000,32.52000,15445400
1752240600,32.25000,32.50000,31.40000,31.44000,15565500
1752499800,31.46000,31.62000,30.59000,30.64000,14491100
1752586200,30.47000,30.90000,29.98000,30.00000,13354300
1752672600,29.83000,30.49000,29.50000,30.41000,12148100
1752759000,30.08000,30.25000,28.92000,29.14000,19466700
1752845400,29.07000,29.07000,27.88000,27.95000,22647200
1753104600,28.08000,28.47000,27.34000,27.43000,27328300
1753191000,27.64000,28.31000,27.57000,27.89000,19023300
1753277400,28.06000,29.51000,27.93000,29.42000,26473000
1753363800,28.61000,28.97000,26.66000,26.76000,40017200
1753450200,27.13000,28.78000,26.25000,28.39000,63491700
1753709400,28.16000,28.37000,26.82000,26.86000,21489300
1753795800,26.32000,26.47000,25.50000,25.53000,22735500
1753882200,25.90000,26.34000,25.60000,25.79000,19585900
1753968600,25.50000,26.88000,25.11000,26.07000,23624900
1754055000,26.20000,26.55000,25.52000,25.91000,17561100
1754314200,25.96000,26.80000,25.75000,26.21000,13510100
1754400600,26.29000,26.43000,25.55000,25.89000,17301600
1754487000,25.74000,26.02000,25.13000,25.21000,17569200
1754573400,25.22000,25.77000,25.08000,25.26000,15082900
1754659800,25.30000,25.81000,25.18000,25.59000,11436900
1754919000,25.40000,26.23000,25.23000,25.25000,10701000
1755005400,25.48000,26.17000,25.28000,26.17000,16246300
1755091800,26.40000,27.18000,26.23000,27.07000,14166500
1755178200,26.92000,27.21000,26.71000,26.93000,10942000
1755264600,27.80000,28.68000,27.76000,28.49000,19641100
1755523800,28.87000,29.56000,28.71000,28.99000,15240400
1755610200,29.05000,30.17000,28.91000,29.33000,16740000
1755696600,29.32000,29.79000,29.11000,29.40000,15403700
1755783000,29.24000,29.31000,28.56000,28.81000,12908800
1755869400,29.17000,29.62000,29.12000,29.41000,10906200
1756128600,29.40000,29.49000,28.76000,29.08000,6828400
1756215000,29.01000,29.07000,28.42000,28.66000,13624000
1756301400,28.54000,29.27000,28.54000,28.84000,7074000
1756387800,28.93000,28.93000,28.24000,28.38000,7287200
1756474200,28.42000,29.09000,28.38000,29.04000,8352500
1756819800,29.13000,29.79000,28.72000,29.62000,10033700
1756906200,29.50000,30.06000,29.42000,30.06000,11693700
1756992600,29.25000,29.30000,28.26000,28.65000,23984700
1757079000,28.59000,29.13000,28.24000,28.98000,14113700
1757338200,29.02000,29.07000,28.33000,28.84000,16102400
1757424600,29.15000,31.15000,28.84000,31.06000,22476700
1757511000,31.01000,31.34000,29.98000,31.27000,14265600
1757597400,35.97000,36.14000,34.07000,34.08000,36452700
1757683800,33.92000,34.78000,33.07000,33.26000,16869700
1757943000,33.24000,33.44000,31.93000,32.64000,11585800
1758029400,32.76000,32.96000,31.77000,31.80000,10632900
1758115800,32.08000,32.63000,31.73000,32.02000,8889500
1758202200,32.24000,32.91000,31.93000,32.17000,7020200
1758288600,32.29000,32.31000,31.74000,31.77000,21240600
1758547800,31.67000,32.88000,31.65000,32.70000,9254400
1758634200,32.91000,33.52000,32.72000,32.75000,9423600
1758720600,32.73000,34.85000,32.59000,34.65000,16526500
1758807000,34.49000,34.70000,33.62000,34.39000,15097200
1758893400,34.62000,35.42000,34.44000,34.86000,13616600
1759152600,34.70000,35.30000,34.41000,35.21000,8292100
1759239000,35.22000,35.81000,34.96000,35.68000,9080800
1759325400,35.75000,36.20000,35.48000,35.74000,7246100
1759411800,35.71000,37.00000,35.58000,36.82000,9820900
1759498200,36.92000,38.86000,36.92000,38.70000,15154000
1759757400,38.68000,39.12000,37.56000,37.64000,13133200
1759843800,38.30000,39.28000,38.01000,38.42000,12645400
1759930200,38.36000,39.08000,38.27000,38.45000,11376200
1760016600,38.76000,38.95000,37.70000,37.83000,8494700
1760103000,37.88000,37.93000,35.55000,35.76000,9534600
1760362200,36.22000,36.44000,35.77000,36.36000,6496800
1760448600,35.83000,36.66000,35.28000,36.44000,7002800
1760535000,36.25000,36.37000,35.40000,35.79000,8319700
1760621400,35.76000,36.35000,35.47000,35.64000,6892400
1760707800,35.56000,36.09000,35.03000,35.27000,7717200
1760967000,35.23000,36.15000,35.18000,35.61000,6873100
1761053400,34.49000,36.27000,33.79000,36.10000,8230600
1761139800,36.26000,36.53000,35.74000,36.02000,8951800
1761226200,33.42000,34.53000,33.00000,34.36000,16684600
1761312600,34.46000,34.69000,33.95000,34.07000,8180500
1761571800,34.06000,34.14000,32.98000,33.15000,15465400
1761658200,33.74000,33.74000,32.87000,33.19000,13992200
1761744600,36.60000,37.57000,34.95000,37.34000,27250000
1761831000,36.76000,37.07000,35.02000,35.02000,12214200
1761917400,34.60000,35.57000,34.02000,35.37000,10161400
1762180200,35.28000,35.29000,33.76000,34.50000,9146000
1762266600,34.24000,36.11000,34.17000,36.11000,10418300
1762353000,35.82000,37.12000,35.82000,36.84000,10291500
1762439400,36.97000,37.92000,36.90000,37.10000,9431200
1762525800,37.00000,37.58000,36.37000,37.56000,10510700
1762785000,35.52000,36.11000,33.61000,34.25000,17719000
1762871400,34.74000,35.44000,34.04000,35.36000,9089100
1762957800,35.23000,37.07000,35.23000,36.20000,8729600
1763044200,35.80000,36.50000,35.46000,36.09000,7244200
1763130600,35.98000,36.72000,35.59000,36.38000,7387900
1763389800,36.38000,38.15000,36.00000,37.08000,9098300
1763476200,36.81000,37.00000,35.46000,36.93000,8029500
1763562600,36.93000,37.13000,35.68000,35.95000,6933800
1763649000,36.01000,36.28000,34.39000,34.83000,8321300
1763735400,35.25000,36.71000,35.00000,36.50000,7915900
1763994600,39.31000,39.71000,37.33000,38.17000,21103300
1764081000,38.37000,39.84000,38.26000,39.66000,7073600
1764167400,39.32000,39.93000,39.17000,39.46000,6691200
1764340200,39.50000,39.68000,39.11000,39.34000,2125700
1764599400,39.03000,39.11000,37.86000,37.89000,6429900
1764685800,37.93000,38.97000,37.41000,38.81000,7406500
1764772200,38.78000,39.34000,38.59000,38.81000,3838200
1764858600,38.67000,39.00000,38.40000,38.85000,4798200
1764945000,38.88000,38.88000,37.75000,38.34000,7470600
1765204200,38.67000,38.67000,37.77000,37.88000,5167300
1765290600,37.90000,38.37000,37.86000,38.08000,4350700
1765377000,37.89000,38.85000,37.25000,38.67000,8414200
1765463400,38.46000,41.40000,38.45000,40.46000,9018600
1765549800,40.86000,41.74000,40.64000,40.85000,6318400
1765809000,41.11000,41.25000,40.44000,40.45000,7137000
1765895400,40.29000,40.47000,38.36000,38.97000,7951000
1765981800,39.07000,39.15000,38.02000,38.87000,6387000
1766068200,38.64000,39.91000,38.27000,39.22000,5144600
1766154600,39.24000,39.86000,38.97000,39.02000,10471800
1766413800,38.79000,40.15000,38.58000,39.95000,5009100
1766500200,39.92000,39.99000,39.34000,39.60000,3586200
1766586600,39.46000,40.11000,39.39000,39.89000,2539500
1766759400,39.92000,40.53000,39.82000,40.51000,2672900
1767018600,40.55000,40.99000,40.51000,40.81000,3896800
1767105000,40.79000,41.63000,40.79000,41.21000,4557200
1767191400,41.19000,41.80000,41.05000,41.15000,3671600
1767364200,41.18000,42.07000,40.53000,41.78000,4553800
1767623400,42.99000,44.93000,42.62000,44.68000,9214600
1767709800,44.99000,45.99000,44.95000,45.74000,7817100
1767796200,46.81000,46.89000,45.47000,45.77000,7774000
1767882600,46.27000,47.34000,46.00000,46.92000,9593600
1767969000,47.18000,47.47000,46.57000,46.61000,6089800
1768228200,45.50000,46.59000,44.79000,46.39000,5230600
1768314600,46.22000,46.65000,45.67000,45.76000,4436500
1768401000,45.73000,46.30000,45.59000,46.17000,4546800
1768487400,46.05000,47.68000,45.59000,47.27000,4919100
1768573800,46.92000,47.02000,45.70000,45.75000,7084400
1768919400,44.99000,46.27000,44.44000,45.76000,4252700
1769005800,44.99000,45.90000,43.28000,45.26000,7887300
1769092200,45.15000,45.63000,44.71000,45.42000,5197000
1769178600,45.39000,46.19000,45.17000,46.09000,3792300
1769437800,46.05000,46.53000,45.95000,46.28000,3881200
1769524200,44.00000,45.25000,40.12000,41.53000,14594400
1769610600,41.19000,42.01000,40.66000,41.90000,7858100
1769697000,42.09000,43.60000,41.91000,43.60000,8234700
1769783400,43.55000,43.95000,42.76000,43.32000,5136500
1770042600,42.67000,42.94000,42.21000,42.80000,5474300
1770129000,42.73000,43.45000,41.96000,42.51000,6586500
1770215400,42.12000,42.72000,40.82000,40.96000,6850200
1770301800,40.66000,41.27000,39.80000,39.92000,10994000
1770388200,37.24000,39.85000,36.06000,38.46000,16610300
1770647400,38.43000,38.88000,37.71000,38.04000,7871500
1770733800,38.46000,40.14000,37.94000,39.61000,6364400
1770820200,39.40000,40.52000,39.17000,40.43000,4599800
1770906600,40.40000,40.83000,39.00000,39.18000,8830100
1770993000,38.85000,40.68000,38.85000,40.58000,4540600
1771338600,40.78000,41.93000,40.50000,41.23000,4437200
1771425000,41.50000,43.14000,41.06000,43.07000,4578000
1771511400,43.10000,43.79000,42.78000,43.68000,4322300
1771597800,43.33000,43.52000,42.52000,43.24000,5029700
1771857000,42.83000,43.93000,42.74000,43.34000,4513200
1771943400,43.57000,44.18000,41.75000,42.37000,4959200
1772029800,42.80000,43.75000,42.67000,42.69000,4240300
1772116200,42.95000,43.53000,42.28000,42.93000,4599300
1772202600,42.88000,44.93000,42.53000,44.88000,5992500
1772461800,44.23000,44.61000,43.35000,44.60000,3622000
1772548200,43.77000,44.28000,42.97000,43.82000,3379200
1772634600,44.16000,45.20000,43.79000,44.99000,3486900
1772721000,44.61000,44.84000,43.14000,43.27000,3732700
1772807400,43.39000,43.94000,42.61000,43.65000,4783000
1773063000,43.37000,43.82000,42.05000,43.32000,3914500
1773149400,42.42000,42.47000,36.28000,36.40000,18133300
1773235800,36.31000,36.67000,35.66000,35.86000,10268500
1773322200,35.47000,35.84000,33.85000,34.57000,11106200
1773408600,34.25000,34.97000,34.18000,34.45000,6300200
1773667800,34.73000,35.13000,34.44000,34.76000,7581400
1773754200,34.87000,35.72000,34.64000,34.94000,5590500
1773840600,34.72000,36.48000,34.46000,36.16000,4810200
1773927000,36.14000,37.05000,35.51000,35.57000,5727400
1774013400,35.58000,35.58000,33.99000,34.40000,13334700
1774272600,34.72000,34.78000,32.55000,32.81000,9827700
1774359000,32.84000,32.98000,32.07000,32.98000,8198400
1774445400,33.32000,33.62000,31.77000,32.73000,7624700
1774531800,32.70000,33.69000,32.68000,33.56000,7591200
1774618200,33.45000,33.61000,31.89000,32.00000,8570900
1774877400,32.40000,32.70000,31.63000,31.80000,6142800
1774963800,32.02000,32.88000,31.89000,32.74000,5341800
1775050200,32.42000,34.26000,32.23000,33.95000,5278700
1775136600,34.19000,35.19000,33.79000,35.11000,4832000
1775482200,35.20000,35.75000,35.05000,35.40000,3679100
1775568600,36.79000,36.98000,35.28000,36.31000,7144800
1775655000,37.10000,37.38000,36.53000,37.28000,6641900
1775741400,37.25000,37.75000,36.97000,37.55000,3663600
1775827800,37.45000,37.59000,36.86000,37.30000,5145300
1776087000,36.85000,37.63000,36.42000,37.47000,4106100
1776173400,37.59000,38.21000,37.21000,37.26000,3016300
1776259800,37.38000,37.75000,36.66000,37.60000,4057300
1776346200,37.52000,39.13000,37.46000,39.00000,6623700
1776432600,39.11000,39.46000,37.92000,38.17000,5467500
1776691800,38.41000,39.05000,38.07000,38.31000,3164000
1776778200,39.45000,39.83000,38.98000,39.14000,3657200
1776864600,39.37000,39.70000,38.36000,38.93000,4507600
1776951000,39.48000,41.10000,39.25000,41.09000,4994900
1777037400,41.26000,41.88000,40.20000,41.82000,6473200
1777296600,41.78000,44.12000,41.68000,43.50000,9521600
1777383000,44.80000,49.99000,44.22000,49.57000,17226300
1777469400,50.58000,54.62000,50.40000,53.98000,17912300
1777555800,53.48000,53.92000,52.82000,53.69000,10929200
1777642200,54.00000,54.10000,53.17000,53.34000,5887600
1777901400,53.02000,53.93000,52.95000,53.56000,5328200
1777987800,53.49000,54.75000,52.87000,52.98000,5033600
1778074200,52.59000,55.67000,52.00000,55.33000,7988800
1778160600,54.99000,55.97000,54.74000,54.98000,8815500
1778247000,55.20000,56.35000,53.70000,55.96000,5296200
1778506200,56.45000,57.03000,55.62000,56.36000,5959900
1778592600,56.38000,59.50000,55.78000,59.31000,9427300
1778679000,59.32000,59.74000,58.03000,58.81000,6467800
1778765400,58.77000,59.35000,58.17000,58.70000,5851700
1778851800,58.49000,59.34000,57.81000,58.27000,4662700
1779111000,58.11000,58.75000,57.22000,58.23000,4429000
1779197400,58.07000,59.43000,57.43000,59.15000,4449600
1779283800,60.07000,60.76000,57.93000,58.28000,3111600
1779370200,57.74000,58.65000,57.48000,57.77000,3345200
1779456600,58.39000,59.20000,58.11000,59.14000,2917600
1779802200,58.98000,59.23000,56.74000,57.21000,4259500
1779888600,58.09000,58.84000,57.78000,58.82000,3201000
1779975000,58.96000,59.97000,58.84000,58.91000,3448300
1780061400,58.65000,59.77000,58.52000,59.60000,7905100
1780320600,59.90000,62.10000,59.47000,62.00000,5743000
1780407000,61.90000,62.00000,59.54000,59.99000,3798100
1780493400,60.22000,60.50000,58.23000,59.55000,3922000
1780579800,60.96000,63.50000,60.96000,62.70000,5835900
1780666200,62.65000,62.96000,61.70000,62.33000,3961000
1780925400,62.32000,65.80000,62.00000,65.03000,7024800
1781011800,65.10000,66.55000,64.10000,66.21000,5435700
1781098200,66.46000,66.52000,63.80000,65.34000,5852300
1781184600,65.34000,65.50000,63.12000,63.54000,6336800
1781271000,64.19000,65.91000,63.27000,65.19000,4784300
1781530200,64.62000,65.11000,62.21000,63.40000,6468500
1781616600,63.23000,63.88000,60.53000,61.39000,6162900
1781703000,61.48000,62.41000,59.90000,60.64000,5710700
1781789400,61.15000,61.98000,60.37000,61.02000,11845900
1782135000,62.00000,64.10000,61.98000,63.68000,4859400
1782221400,63.62000,64.25000,63.14000,63.14000,4990600
1782307800,63.80000,63.96000,61.72000,62.97000,5275100
1782394200,62.76000,65.64000,62.76000,64.77000,5803900
1782480600,65.13000,65.76000,64.71000,65.73000,5803600
1782739800,65.20000,65.47000,63.88000,64.54000,5920800
1782826200,64.45000,64.91000,63.71000,64.19000,4598000
1782912600,66.48000,68.41000,65.44000,68.35000,5834100
1782999000,68.80000,69.29000,67.05000,67.86000,3872700
1783344600,67.45000,67.82000,65.04000,66.05000,4721800
1783431000,67.21000,67.98000,65.66000,66.12000,4170000
1783517400,66.33000,68.94000,66.00000,67.09000,4098100
1783603800,66.51000,67.87000,66.12000,67.60000,4587900
1783690200,67.71000,68.01000,66.63000,67.35000,2187100
1783949400,67.90000,68.69000,67.57000,68.29000,2782000
1784035800,68.60000,69.36000,68.10000,68.72000,3362500
1784122200,66.96000,67.19000,63.20000,66.61000,4411500
1784208600,67.84000,68.00000,63.77000,63.89000,5242100
1784295000,64.13000,66.50000,63.39000,66.44000,4781400
1784554200,66.65000,67.00000,65.83000,65.84000,3111500
1784640600,65.45000,67.64000,65.11000,67.59000,3339900
1784727000,67.24000,67.57000,65.56000,65.89000,4506900
1784813400,63.95000,64.90000,62.86000,63.74000,4751600
1784899800,64.19000,64.60000,62.97000,63.41000,2809100
1785159000,63.83000,64.76000,62.53000,64.08000,6875800
1785245400,59.51000,64.92000,56.67000,63.91000,12245500
1785331800,64.40000,64.95000,61.44000,61.82000,8354200
1785418200,61.40000,62.04000,59.83000,60.84000,7344100
1785504600,61.05000,62.55000,60.49000,62.22000,3913500
1785763800,61.84000,63.79000,61.22000,63.76000,6866300
1785850200,64.30000,64.76000,63.48000,64.07000,6025600
1785936600,64.21000,68.38000,63.80000,66.99000,7034100
1786023000,67.25000,67.30000,63.21000,64.20000,5471400
1786109400,64.07000,66.52000,63.95000,65.77000,3526500
1786368600,66.32000,67.67000,65.92000,66.57000,3719800
1786455000,67.72000,67.86000,64.74000,64.88000,2441300
1786541400,64.49000,67.43000,64.12000,67.07000,3241200
1786627800,67.76000,67.84000,65.72000,66.04000,3538500
1786714200,66.17000,67.62000,65.85000,67.47000,2267800
1786973400,66.70000,66.70000,64.30000,64.41000,3555500
1787059800,64.89000,65.94000,64.72000,65.22000,3410500
1787146200,65.55000,65.70000,64.26000,64.70000,2879900
1787232600,63.73000,64.87000,63.47000,64.14000,3267700
1787319000,64.07000,65.16000,64.03000,65.02000,3151600
1787578200,64.79000,66.10000,64.52000,65.65000,3490900
1787664600,65.95000,65.95000,64.60000,65.00000,4343900
1787751000,65.00000,67.68000,64.98000,65.47000,3596700
1787837400,65.04000,66.21000,64.66000,65.33000,3647800
1787923800,65.41000,65.74000,64.28000,64.75000,2526800
