time,open,high,low,close,tick_volume
1472477400,42.18000,42.47000,42.02000,42.35000,4461000
1472563800,42.59000,42.87000,42.10000,42.23000,5425200
1472650200,42.06000,42.13000,40.77000,41.05000,8770600
1472736600,40.90000,41.10000,40.13000,40.60000,7536600
1472823000,41.15000,41.31000,40.82000,40.92000,5606700
1473168600,41.04000,41.23000,40.61000,41.00000,6654500
1473255000,41.22000,41.50000,41.02000,41.48000,6368800
1473341400,41.92000,43.34000,41.67000,43.28000,10714900
1473427800,42.83000,43.43000,42.22000,42.25000,12586100
1473687000,41.97000,43.13000,41.56000,42.67000,10222600
1473773400,41.92000,42.02000,40.67000,41.01000,11732300
1473859800,40.86000,41.45000,39.88000,39.99000,10031800
1473946200,40.01000,40.49000,39.77000,40.03000,7802700
1474032600,39.62000,39.98000,39.50000,39.87000,9604200
1474291800,40.12000,40.24000,39.28000,39.28000,5424200
1474378200,39.33000,39.83000,39.00000,39.01000,5877200
1474464600,39.48000,40.13000,39.34000,40.06000,6385800
1474551000,40.75000,41.33000,40.75000,41.02000,7920200
1474637400,40.36000,41.21000,39.60000,39.94000,8530000
1474896600,40.08000,40.77000,39.99000,40.02000,4985900
1474983000,39.54000,39.60000,39.00000,39.43000,7796400
1475069400,39.60000,42.27000,39.12000,42.18000,13568400
1475155800,41.97000,44.16000,41.97000,43.66000,16585900
1475242200,43.82000,44.12000,43.23000,43.47000,8814000
1475501400,43.68000,43.81000,42.80000,43.43000,5244200
1475587800,43.43000,43.54000,42.59000,42.87000,6263800
1475674200,43.50000,44.12000,43.31000,43.91000,6424100
1475760600,44.07000,44.56000,43.53000,44.52000,8231600
1475847000,44.50000,44.69000,44.02000,44.22000,8281700
1476106200,44.63000,45.04000,44.36000,44.39000,9102100
1476192600,44.32000,44.59000,43.18000,43.33000,6899400
1476279000,43.17000,43.54000,42.57000,43.47000,5759100
1476365400,42.65000,42.69000,41.87000,42.15000,7443500
1476451800,42.35000,42.74000,41.64000,41.67000,6571300
1476711000,41.58000,41.82000,40.82000,41.10000,5645300
1476797400,41.59000,41.62000,40.37000,40.65000,6896900
1476883800,40.96000,42.10000,40.88000,41.72000,9634100
1476970200,41.38000,42.07000,41.09000,41.49000,6446100
1477056600,41.17000,41.60000,40.96000,41.54000,5553200
1477315800,41.87000,42.56000,41.64000,42.24000,9333800
1477402200,42.13000,42.65000,41.77000,41.81000,6268300
1477488600,41.25000,42.29000,41.13000,41.80000,8420200
1477575000,42.19000,44.85000,42.15000,44.00000,16604200
1477661400,44.70000,45.84000,44.29000,44.97000,18410500
1477920600,44.76000,44.80000,43.25000,43.45000,11284000
1478007000,43.97000,44.07000,42.54000,43.54000,8954800
1478093400,42.92000,43.56000,42.35000,43.23000,7498400
1478179800,43.46000,44.01000,43.09000,43.60000,6653900
1478266200,43.34000,43.80000,42.68000,42.76000,7323000
1478529000,43.50000,44.00000,43.18000,43.92000,5780400
1478615400,43.63000,44.85000,43.50000,44.33000,6343200
1478701800,43.47000,46.21000,43.39000,45.73000,10856700
1478788200,45.67000,45.74000,44.35000,44.78000,11182100
1478874600,44.31000,44.68000,43.42000,43.94000,8155500
1479133800,43.58000,44.26000,43.42000,44.13000,10020100
1479220200,44.25000,45.59000,44.25000,45.28000,11199700
1479306600,45.16000,45.65000,44.18000,44.38000,6800600
1479393000,44.80000,45.08000,43.50000,43.61000,6757600
1479479400,43.71000,44.96000,43.67000,44.76000,8429400
1479738600,45.64000,46.50000,45.54000,46.36000,9890700
1479825000,46.29000,46.69000,45.28000,46.07000,7255500
1479911400,45.72000,46.45000,45.53000,46.30000,4870600
1480084200,45.80000,46.04000,45.17000,45.75000,3494400
1480343400,46.72000,46.85000,45.39000,45.50000,9429500
1480429800,44.47000,44.55000,43.83000,44.23000,9376700
1480516200,46.30000,49.32000,46.23000,48.52000,20897800
1480602600,50.14000,50.15000,48.04000,48.22000,11105900
1480689000,48.05000,48.48000,47.73000,48.12000,5805000
1480948200,48.83000,50.10000,48.63000,48.88000,8860700
1481034600,48.47000,50.05000,48.13000,49.90000,7168300
1481121000,49.46000,50.04000,49.25000,49.90000,9074300
1481207400,50.09000,50.18000,48.92000,49.78000,5904600
1481293800,49.97000,50.82000,49.82000,50.77000,6126100
1481553000,52.16000,53.10000,51.27000,51.38000,10748300
1481639400,52.26000,53.17000,51.63000,52.64000,7962200
1481725800,52.24000,52.62000,51.38000,51.49000,8596500
1481812200,51.12000,52.13000,50.58000,51.74000,7934900
1481898600,51.98000,52.14000,51.57000,51.94000,10313100
1482157800,52.00000,52.09000,51.56000,51.98000,4748000
1482244200,52.22000,52.58000,51.36000,51.55000,4659500
1482330600,51.84000,52.16000,51.44000,51.48000,4187200
1482417000,51.55000,51.78000,51.38000,51.54000,4594800
1482503400,51.34000,51.65000,51.22000,51.37000,2860000
1482849000,51.45000,51.94000,51.35000,51.60000,2995400
1482935400,51.47000,51.74000,50.63000,50.77000,4275500
1483021800,50.66000,50.82000,50.24000,50.54000,3634500
1483108200,50.41000,50.84000,49.93000,50.14000,4806300
1483453800,50.82000,51.61000,49.92000,50.61000,7032600
1483540200,50.70000,51.10000,50.32000,51.08000,4990000
1483626600,51.21000,51.68000,50.72000,50.93000,4727100
1483713000,51.02000,51.08000,50.29000,50.74000,3472500
1483972200,50.27000,50.53000,49.63000,49.66000,5765600
1484058600,49.88000,50.04000,49.37000,49.66000,5447900
1484145000,49.96000,51.49000,49.46000,51.22000,8689400
1484231400,51.50000,51.53000,50.09000,50.15000,6963300
1484317800,49.90000,50.87000,49.84000,50.59000,4413300
1484663400,50.56000,50.71000,50.00000,50.15000,4995100
1484749800,49.80000,50.59000,49.79000,50.27000,4970000
1484836200,50.20000,50.45000,49.78000,49.86000,4915300
1484922600,50.39000,51.09000,50.32000,50.73000,5888500
1485181800,50.26000,50.57000,49.58000,49.94000,5969500
1485268200,50.14000,51.40000,50.01000,50.27000,5919200
1485354600,50.41000,51.23000,50.32000,50.69000,5991200
1485441000,50.63000,51.02000,50.34000,50.63000,4164100
1485527400,50.33000,50.46000,49.20000,49.43000,5408100
1485786600,49.01000,49.18000,47.19000,47.48000,10483200
1485873000,47.81000,48.79000,47.37000,48.76000,7464500
1485959400,49.00000,49.15000,47.44000,48.50000,10040900
1486045800,48.75000,49.34000,47.28000,48.69000,8625100
1486132200,48.85000,50.49000,48.82000,50.43000,8414400
1486391400,50.50000,50.98000,49.35000,50.09000,8127500
1486477800,49.55000,50.23000,49.08000,49.42000,7591600
1486564200,49.05000,50.16000,48.51000,49.60000,8588600
1486650600,50.04000,50.33000,49.48000,49.81000,6357000
1486737000,50.03000,50.54000,49.82000,50.14000,5996000
1486996200,50.04000,50.04000,49.22000,49.70000,6163400
1487082600,50.00000,50.18000,49.33000,50.14000,6063400
1487169000,49.83000,50.29000,49.31000,49.36000,7461800
1487255400,49.59000,49.65000,48.27000,48.34000,9689100
1487341800,48.22000,48.24000,47.10000,47.51000,10694000
1487687400,48.13000,48.52000,47.82000,48.13000,9577200
1487773800,47.80000,47.94000,47.03000,47.10000,8007700
1487860200,47.79000,47.86000,47.03000,47.30000,7846400
1487946600,47.01000,47.49000,46.71000,47.04000,6749500
1488205800,47.23000,47.64000,46.97000,47.36000,6208300
1488292200,47.17000,47.67000,47.00000,47.57000,6710600
1488378600,48.00000,49.23000,47.86000,49.05000,9194500
1488465000,48.62000,48.82000,47.91000,48.21000,5955300
1488551400,48.19000,48.44000,47.64000,47.82000,5290100
1488810600,47.78000,48.47000,47.34000,48.32000,6078500
1488897000,48.45000,48.51000,47.60000,47.72000,5652800
1488983400,47.41000,47.66000,45.81000,45.91000,9435500
1489069800,45.61000,46.63000,45.48000,46.48000,7235900
1489156200,46.88000,46.88000,45.48000,45.67000,8455400
1489411800,45.68000,46.17000,45.54000,45.84000,6333800
1489498200,45.15000,45.20000,44.19000,44.94000,10538300
1489584600,45.47000,46.12000,44.85000,45.84000,7573400
1489671000,45.95000,46.13000,45.51000,45.84000,6393700
1489757400,45.97000,46.36000,45.64000,45.69000,8359700
1490016600,45.40000,45.98000,45.05000,45.86000,5754200
1490103000,46.04000,46.17000,44.88000,45.18000,6504200
1490189400,45.03000,45.32000,44.63000,44.65000,7852200
1490275800,44.65000,45.00000,44.35000,44.48000,9149400
1490362200,44.64000,44.88000,43.97000,44.10000,8797100
1490621400,43.49000,44.44000,43.26000,44.29000,6231900
1490707800,44.41000,45.49000,44.20000,45.38000,7034800
1490794200,45.33000,46.06000,45.01000,45.95000,6040800
1490880600,49.33000,50.41000,48.61000,50.00000,40059800
1490967000,49.64000,50.05000,49.02000,49.87000,13410500
1491226200,49.90000,49.93000,48.80000,49.45000,7711800
1491312600,49.43000,49.79000,49.05000,49.73000,6175900
1491399000,50.01000,50.41000,48.95000,49.11000,7490900
1491485400,49.39000,49.97000,49.16000,49.81000,6823800
1491571800,49.85000,50.00000,49.38000,49.54000,5857400
1491831000,49.79000,50.47000,49.73000,50.15000,6737400
1491917400,50.15000,50.24000,49.57000,50.15000,7395200
1492003800,50.14000,50.62000,49.30000,49.44000,7623000
1492090200,49.60000,49.79000,48.54000,48.62000,8807100
1492435800,48.59000,49.02000,48.46000,48.95000,5286600
1492522200,48.61000,49.27000,48.43000,48.69000,6046600
1492608600,48.76000,49.07000,47.82000,48.00000,6165200
1492695000,48.02000,48.68000,47.89000,47.95000,6278800
1492781400,47.86000,48.13000,47.30000,47.74000,6056300
1493040600,48.00000,48.19000,47.71000,47.91000,5750700
1493127000,47.97000,48.90000,47.80000,48.79000,7023200
1493213400,48.27000,49.53000,48.24000,48.34000,6536900
1493299800,47.83000,48.14000,46.86000,47.86000,7302700
1493386200,48.15000,48.32000,47.74000,47.91000,6429000
1493645400,47.90000,48.03000,47.46000,47.48000,5795400
1493731800,47.56000,47.62000,46.27000,46.70000,10390500
1493818200,46.25000,47.44000,46.25000,47.08000,5757200
1493904600,46.78000,46.85000,45.69000,45.92000,9999300
1493991000,45.95000,46.85000,45.89000,46.77000,7894400
1494250200,46.80000,47.23000,46.52000,47.13000,5861200
1494336600,47.18000,47.21000,46.06000,46.27000,6157400
1494423000,46.71000,47.86000,46.53000,47.61000,7950300
1494509400,47.01000,47.81000,47.01000,47.42000,8569900
1494595800,47.40000,47.67000,46.59000,46.97000,9151900
1494855000,48.09000,48.33000,47.26000,47.44000,7675600
1494941400,47.67000,47.72000,46.68000,47.13000,5288200
1495027800,47.13000,47.40000,46.33000,46.41000,7512800
1495114200,46.00000,46.96000,45.82000,46.42000,6543500
1495200600,46.89000,47.69000,46.62000,47.48000,7206200
1495459800,47.83000,47.90000,46.87000,46.93000,7967900
1495546200,46.86000,47.33000,46.67000,46.76000,7436700
1495632600,46.64000,46.75000,46.14000,46.67000,7765700
1495719000,46.47000,46.97000,44.68000,45.05000,12772200
1495805400,45.33000,45.40000,44.68000,45.35000,10758900
1496151000,44.93000,45.09000,44.53000,44.79000,9280900
1496237400,44.32000,44.86000,44.09000,44.69000,8770800
1496323800,44.80000,45.32000,44.39000,44.86000,7946800
1496410200,44.58000,44.62000,44.02000,44.26000,8000900
1496669400,44.06000,44.53000,44.00000,44.02000,5731300
1496755800,43.95000,44.51000,43.80000,44.48000,8584000
1496842200,44.20000,44.43000,43.24000,43.56000,13140900
1496928600,43.56000,43.85000,43.02000,43.07000,9179500
1497015000,43.10000,44.94000,43.07000,44.82000,10412900
1497274200,45.25000,46.04000,45.25000,45.72000,13550400
1497360600,45.72000,46.66000,45.61000,46.43000,8601000
1497447000,46.06000,46.11000,45.19000,45.42000,7069600
1497533400,45.36000,45.85000,44.90000,45.39000,9672500
1497619800,45.82000,46.67000,45.61000,46.53000,11639600
1497879000,46.54000,46.72000,46.22000,46.36000,6029900
1497965400,45.41000,46.04000,45.30000,45.82000,7739600
1498051800,45.82000,46.22000,44.66000,44.95000,10790300
1498138200,44.99000,45.39000,44.59000,44.81000,8881300
1498224600,44.79000,45.31000,44.47000,44.83000,8483100
1498483800,44.93000,44.96000,44.06000,44.23000,9047500
1498570200,44.52000,44.63000,43.96000,43.97000,8697100
1498656600,44.05000,44.34000,43.72000,43.96000,6983500
1498743000,44.06000,44.66000,43.98000,44.08000,8252400
1498829400,44.39000,44.58000,43.70000,43.96000,9126700
1499088600,44.21000,45.83000,44.19000,45.66000,5742900
1499261400,45.27000,45.45000,43.76000,44.16000,7725500
1499347800,44.15000,44.31000,43.22000,43.31000,7155500
1499434200,43.12000,43.28000,42.50000,43.00000,8494200
1499693400,42.83000,43.48000,42.77000,43.24000,5631900
1499779800,43.25000,43.66000,42.92000,43.35000,5782600
1499866200,43.82000,44.00000,42.93000,43.24000,7907900
1499952600,43.22000,43.47000,42.90000,43.25000,7014100
1500039000,43.32000,43.78000,43.27000,43.45000,5467300
1500298200,43.31000,43.52000,43.09000,43.19000,7014700
1500384600,43.45000,43.45000,42.80000,43.07000,6834800
1500471000,42.95000,43.75000,42.94000,43.66000,8823000
1500557400,43.78000,43.83000,43.10000,43.23000,7663000
1500643800,42.96000,43.16000,42.57000,42.65000,6480600
1500903000,42.73000,42.96000,42.54000,42.61000,6094100
1500989400,43.35000,43.96000,43.23000,43.65000,8641100
1501075800,43.91000,44.38000,43.58000,43.70000,7124500
1501162200,44.34000,44.66000,43.82000,44.66000,9803100
1501248600,44.73000,45.94000,44.62000,45.26000,10794900
1501507800,45.33000,45.87000,45.20000,45.37000,8368400
1501594200,45.33000,45.33000,44.62000,44.75000,6685100
1501680600,44.39000,45.63000,44.27000,45.61000,9562300
1501767000,45.64000,45.95000,44.68000,44.91000,9204100
1501853400,44.94000,45.59000,44.86000,45.56000,6105600
1502112600,45.27000,45.48000,44.83000,45.17000,6370200
1502199000,45.15000,46.11000,45.00000,45.63000,8032000
1502285400,45.79000,46.00000,45.37000,45.65000,7451100
1502371800,45.68000,45.95000,44.93000,44.97000,6441400
1502458200,44.96000,45.38000,44.67000,44.79000,4206900
1502717400,44.80000,45.09000,44.40000,44.54000,5063100
1502803800,44.44000,44.70000,44.05000,44.50000,8179300
1502890200,44.59000,44.66000,43.51000,43.69000,5795800
1502976600,43.50000,43.86000,42.96000,43.00000,6422500
1503063000,42.96000,43.56000,42.51000,43.11000,7310400
1503322200,42.90000,42.94000,42.27000,42.50000,5709600
1503408600,42.64000,43.36000,42.62000,43.19000,5850200
1503495000,42.95000,43.95000,42.83000,43.69000,5240900
1503581400,43.52000,43.56000,43.08000,43.30000,4370000
1503667800,43.49000,44.11000,43.36000,43.58000,5393800
1503927000,43.60000,43.63000,42.70000,43.05000,4593400
1504013400,42.72000,42.99000,42.43000,42.85000,4592900
1504099800,42.63000,43.50000,42.42000,43.41000,6846900
1504186200,43.78000,44.15000,43.52000,43.66000,7660100
1504272600,43.76000,44.39000,43.48000,44.24000,4808800
1504618200,44.49000,44.71000,44.11000,44.39000,5438800
1504704600,44.75000,45.35000,44.73000,45.06000,5939300
1504791000,44.90000,45.19000,44.47000,45.11000,5184700
1504877400,45.00000,45.00000,44.10000,44.47000,4147400
1505136600,44.66000,45.29000,44.50000,44.93000,4809400
1505223000,45.03000,45.29000,44.79000,44.93000,5189000
1505309400,45.04000,45.79000,45.00000,45.56000,6178600
1505395800,45.74000,46.36000,45.65000,45.83000,6573400
1505482200,45.83000,46.51000,45.78000,46.51000,11895000
1505741400,46.20000,47.23000,46.17000,47.09000,6988900
1505827800,47.11000,47.78000,47.09000,47.55000,6216100
1505914200,47.86000,48.80000,47.80000,48.33000,8843300
1506000600,48.19000,48.78000,47.89000,48.69000,5790700
1506087000,48.70000,49.65000,48.63000,49.08000,7388200
1506346200,49.41000,50.19000,49.39000,49.98000,6800100
1506432600,49.73000,50.03000,49.22000,49.67000,5434200
1506519000,49.67000,50.22000,49.58000,50.22000,5369500
1506605400,50.45000,50.83000,49.81000,50.00000,5490600
1506691800,49.78000,50.10000,49.61000,50.05000,4175700
1506951000,49.55000,50.33000,49.30000,50.31000,4832100
1507037400,50.17000,50.23000,49.23000,49.24000,6742100
1507123800,49.36000,49.59000,48.91000,49.31000,5432400
1507210200,49.46000,49.79000,49.41000,49.70000,5295400
1507296600,49.15000,49.44000,48.70000,48.86000,3902900
1507555800,49.10000,49.20000,48.83000,48.91000,4765500
1507642200,49.37000,49.68000,49.11000,49.19000,5252800
1507728600,49.20000,49.73000,48.89000,49.60000,4534800
1507815000,49.09000,49.87000,49.01000,49.81000,4443100
1507901400,49.99000,50.16000,49.36000,49.40000,4629900
1508160600,49.71000,50.13000,49.65000,49.72000,4301600
1508247000,49.70000,49.94000,49.32000,49.72000,3579000
1508333400,49.75000,50.18000,49.56000,49.71000,6481700
1508419800,49.39000,50.04000,49.30000,49.71000,4015400
1508506200,49.90000,50.40000,49.56000,50.25000,5993200
1508765400,50.28000,50.75000,49.93000,50.26000,5589000
1508851800,50.48000,51.32000,50.42000,50.99000,7609400
1508938200,51.06000,51.13000,49.75000,49.96000,6989700
1509024600,50.39000,51.77000,49.79000,51.46000,7564600
1509111000,51.16000,52.23000,50.20000,51.21000,7835700
1509370200,51.39000,51.80000,50.89000,51.39000,6647600
1509456600,51.32000,51.61000,51.02000,51.15000,6171500
1509543000,51.81000,52.28000,51.43000,52.10000,6455500
1509629400,52.06000,52.59000,51.69000,52.48000,6177100
1509715800,52.37000,53.27000,51.99000,52.96000,8030100
1509978600,53.01000,53.94000,52.80000,53.67000,8438900
1510065000,53.93000,54.07000,52.93000,53.48000,8577500
1510151400,54.10000,54.22000,53.16000,53.52000,7513000
1510237800,53.27000,53.65000,52.83000,53.53000,6709400
1510324200,53.40000,53.49000,52.50000,52.99000,5504600
1510583400,52.66000,52.96000,52.51000,52.57000,6728300
1510669800,52.19000,52.43000,51.08000,51.23000,6945000
1510756200,50.74000,51.17000,49.95000,50.49000,7262700
1510842600,50.40000,50.65000,50.08000,50.22000,5694900
1510929000,50.24000,50.52000,50.00000,50.13000,4191800
1511188200,50.00000,50.25000,49.58000,50.08000,4429600
1511274600,50.27000,50.74000,49.67000,50.01000,6331500
1511361000,50.52000,50.59000,50.02000,50.22000,4818700
1511533800,50.45000,50.87000,50.44000,50.47000,2288900
1511793000,50.22000,50.25000,49.08000,49.16000,6369000
1511879400,49.36000,50.16000,48.97000,50.13000,6524700
1511965800,49.92000,50.83000,49.72000,50.73000,6897800
1512052200,50.92000,51.78000,50.65000,50.88000,11184300
1512138600,51.51000,52.47000,51.23000,51.74000,6683900
1512397800,51.87000,52.36000,51.25000,51.29000,6168500
1512484200,51.23000,51.70000,51.11000,51.23000,4531700
1512570600,51.07000,51.24000,50.32000,50.38000,4437300
1512657000,50.32000,50.83000,50.08000,50.54000,4037800
1512743400,50.87000,51.71000,50.74000,51.57000,5316200
1513002600,51.54000,52.31000,51.41000,51.69000,4040400
1513089000,51.88000,52.06000,51.21000,51.96000,6200200
1513175400,51.92000,52.09000,51.58000,51.68000,4906800
1513261800,51.90000,52.76000,51.85000,52.31000,6436200
1513348200,52.78000,53.05000,52.06000,52.17000,11363400
1513607400,52.11000,52.66000,52.11000,52.34000,5565300
1513693800,52.46000,52.93000,52.14000,52.68000,4795800
1513780200,52.90000,54.51000,52.46000,54.25000,8064600
1513866600,54.15000,56.07000,54.03000,55.95000,7824700
1513953000,56.05000,56.21000,55.46000,55.50000,3911900
1514298600,55.78000,56.37000,55.54000,56.23000,3194900
1514385000,56.06000,56.07000,55.14000,55.59000,4369600
1514471400,55.49000,55.59000,55.10000,55.18000,4240600
1514557800,55.44000,55.50000,54.87000,54.89000,3668500
1514903400,55.09000,55.51000,54.82000,55.32000,3985200
1514989800,55.38000,56.39000,55.33000,56.34000,4105800
1515076200,56.41000,57.19000,56.09000,56.99000,4897200
1515162600,56.68000,56.91000,56.18000,56.88000,3771900
1515421800,56.76000,57.46000,56.59000,57.46000,4522900
1515508200,57.47000,58.32000,57.41000,57.93000,5519700
1515594600,58.14000,58.28000,57.56000,57.65000,4627900
1515681000,58.17000,59.48000,57.54000,59.18000,7341800
1515767400,59.39000,60.24000,59.12000,60.05000,6742100
1516113000,60.00000,60.22000,58.80000,58.84000,5458600
1516199400,58.97000,60.19000,58.78000,59.86000,5798400
1516285800,59.62000,60.06000,59.15000,59.76000,4554800
1516372200,59.68000,59.81000,59.27000,59.75000,5037500
1516631400,59.86000,60.68000,59.79000,60.67000,5748800
1516717800,60.61000,60.70000,60.03000,60.47000,5478800
1516804200,60.54000,61.32000,60.45000,60.49000,4992000
1516890600,60.75000,60.90000,59.40000,59.48000,5473400
1516977000,59.70000,60.52000,59.61000,60.39000,5277700
1517236200,59.92000,60.53000,59.56000,59.66000,4167600
1517322600,58.94000,59.32000,58.08000,58.46000,6381000
1517409000,58.53000,59.24000,58.28000,58.81000,7073700
1517495400,59.00000,59.97000,58.15000,59.35000,7011000
1517581800,59.17000,59.44000,57.61000,57.72000,8433300
1517841000,57.14000,58.47000,55.41000,55.94000,11060300
1517927400,54.75000,56.54000,54.42000,55.94000,11013500
1518013800,56.06000,56.97000,55.63000,55.63000,7721700
1518100200,55.62000,55.83000,53.23000,53.24000,8618400
1518186600,53.24000,53.60000,50.18000,52.02000,9685600
1518445800,52.63000,53.96000,52.55000,53.41000,7035400
1518532200,52.93000,53.94000,52.61000,53.32000,5438300
1518618600,52.70000,55.86000,52.54000,55.51000,6612400
1518705000,55.64000,55.71000,53.76000,54.54000,6190800
1518791400,54.39000,55.06000,54.23000,54.65000,5070900
1519137000,54.60000,55.30000,54.34000,54.84000,4262900
1519223400,54.59000,55.44000,53.73000,53.75000,5287000
1519309800,54.26000,55.50000,54.19000,54.91000,5565900
1519396200,55.35000,57.14000,55.07000,57.05000,6513900
1519655400,57.26000,57.54000,56.52000,56.59000,5986300
1519741800,56.50000,57.62000,55.82000,55.83000,5378300
1519828200,56.02000,56.58000,54.30000,54.31000,5889900
1519914600,54.50000,55.01000,53.52000,53.88000,5135400
1520001000,53.54000,54.21000,52.78000,54.06000,4574400
1520260200,53.49000,54.23000,53.31000,53.99000,5266000
1520346600,54.28000,54.39000,53.50000,54.06000,4931900
1520433000,53.31000,54.46000,53.24000,54.07000,7245800
1520519400,54.13000,54.38000,52.92000,53.57000,4726000
1520605800,54.07000,55.07000,54.01000,55.06000,5310000
1520861400,55.01000,55.41000,54.59000,54.74000,5074400
1520947800,54.94000,55.21000,53.58000,53.96000,5528100
1521034200,54.34000,54.73000,53.87000,53.96000,4101600
1521120600,54.31000,54.51000,53.38000,54.03000,4934600
1521207000,54.11000,55.19000,53.64000,54.93000,13000800
1521466200,54.76000,54.91000,53.38000,53.57000,4822000
1521552600,54.10000,55.47000,53.91000,54.70000,5140600
1521639000,55.10000,57.59000,55.04000,57.04000,7720100
1521725400,56.41000,57.28000,56.05000,56.50000,11053200
1521811800,57.04000,58.38000,56.97000,57.74000,9442000
1522071000,58.37000,59.10000,58.21000,59.08000,8795700
1522157400,59.15000,59.82000,58.69000,59.14000,9089600
1522243800,59.16000,59.74000,58.43000,58.73000,13327600
1522330200,58.74000,59.59000,58.74000,59.29000,8469200
1522675800,59.27000,59.30000,56.57000,58.09000,7403800
1522762200,58.54000,60.08000,57.86000,60.03000,8257300
1522848600,58.82000,59.74000,58.45000,59.56000,8174200
1522935000,59.83000,61.17000,59.73000,60.46000,6822600
1523021400,60.21000,60.65000,58.54000,59.26000,8837500
1523280600,59.86000,61.15000,59.51000,60.62000,10832100
1523367000,61.44000,63.00000,61.38000,62.34000,11069900
1523453400,62.30000,63.28000,61.60000,63.23000,10014100
1523539800,63.29000,63.88000,62.84000,63.24000,10336200
1523626200,63.95000,65.00000,63.74000,64.90000,9672900
1523885400,64.97000,65.99000,64.38000,65.73000,8534900
1523971800,65.92000,66.91000,65.46000,66.51000,8312600
1524058200,67.00000,67.30000,66.38000,66.42000,11015600
1524144600,65.89000,66.60000,65.55000,66.31000,8366300
1524231000,65.85000,66.11000,65.34000,65.79000,7008400
1524490200,65.58000,65.63000,64.47000,65.48000,9209700
1524576600,66.00000,66.62000,64.85000,65.31000,8731600
1524663000,64.96000,65.56000,63.92000,65.06000,9869100
1524749400,65.75000,67.13000,65.10000,66.97000,10574600
1524835800,66.43000,66.76000,64.95000,64.95000,6398800
1525095000,64.88000,66.15000,64.76000,65.50000,6381300
1525181400,65.05000,65.78000,64.55000,65.71000,7433800
1525267800,65.18000,66.00000,65.14000,65.45000,6810000
1525354200,64.90000,66.16000,64.32000,65.99000,7088800
1525440600,66.00000,67.09000,65.60000,66.86000,6302200
1525699800,67.27000,68.64000,66.69000,66.77000,9121500
1525786200,66.80000,67.74000,65.45000,67.74000,8988400
1525872600,68.61000,70.15000,68.50000,68.70000,9271200
1525959000,69.46000,69.71000,68.65000,69.34000,6512300
1526045400,69.12000,69.89000,68.87000,69.44000,6382200
1526304600,69.50000,70.21000,69.35000,69.59000,8805200
1526391000,69.55000,70.59000,69.24000,70.09000,5962700
1526477400,70.00000,70.20000,69.10000,69.85000,4363400
1526563800,70.20000,71.00000,70.09000,70.66000,5592700
1526650200,70.50000,70.83000,69.53000,69.55000,5094700
1526909400,70.00000,70.78000,69.57000,70.66000,5440000
1526995800,70.77000,71.71000,69.94000,70.13000,6079500
1527082200,69.62000,69.87000,68.28000,69.12000,6407500
1527168600,68.00000,68.82000,67.41000,68.45000,6404900
1527255000,66.80000,66.86000,64.44000,65.47000,8315800
1527600600,64.80000,65.82000,64.34000,65.71000,6310100
1527687000,66.34000,68.74000,66.17000,68.05000,10273400
1527773400,67.58000,68.34000,66.94000,67.39000,8508800
1527859800,67.76000,68.97000,67.34000,68.29000,7116200
1528119000,68.95000,69.40000,67.60000,67.90000,5599200
1528205400,67.72000,68.56000,67.52000,67.56000,6333100
1528291800,67.71000,68.42000,67.31000,67.88000,6412200
1528378200,68.50000,69.68000,68.26000,69.48000,7693500
1528464600,69.98000,70.37000,68.93000,69.43000,6656100
1528723800,69.96000,70.99000,69.52000,70.49000,6237300
1528810200,70.07000,70.32000,69.13000,69.43000,8329000
1528896600,69.35000,69.93000,68.67000,69.62000,6741100
1528983000,69.99000,70.02000,67.84000,68.13000,5694600
1529069400,67.45000,67.80000,65.21000,65.36000,15982700
1529328600,65.57000,67.76000,65.39000,66.60000,7680100
1529415000,65.72000,67.04000,65.43000,66.26000,5211500
1529501400,67.16000,67.63000,66.79000,67.47000,6323400
1529587800,66.86000,66.96000,64.79000,65.11000,7439700
1529674200,67.47000,68.41000,67.25000,67.78000,10945200
1529933400,67.79000,68.13000,65.37000,66.14000,5274300
1530019800,66.41000,67.64000,66.17000,67.34000,4956700
1530106200,68.23000,69.52000,68.09000,68.74000,7625000
1530192600,69.30000,69.50000,67.94000,68.41000,3958100
1530279000,68.94000,70.63000,68.71000,69.62000,7132000
1530538200,68.91000,69.33000,68.20000,68.59000,4952800
1530624600,69.36000,71.44000,69.36000,69.56000,5338400
1530797400,70.05000,70.57000,68.64000,68.93000,5719800
1530883800,68.69000,69.81000,68.47000,69.65000,4429600
1531143000,70.15000,71.00000,69.88000,71.00000,5271400
1531229400,71.49000,72.00000,71.36000,71.74000,5246400
1531315800,70.92000,71.76000,69.43000,70.05000,5636400
1531402200,70.86000,71.70000,70.41000,71.45000,6386700
1531488600,71.37000,72.57000,71.35000,72.00000,6313300
1531747800,70.88000,71.59000,69.54000,70.58000,6216200
1531834200,70.22000,70.69000,69.10000,70.28000,5724000
1531920600,69.48000,70.50000,68.81000,70.35000,5667700
1532007000,70.13000,70.44000,69.49000,69.69000,5959200
1532093400,69.75000,70.14000,69.69000,70.01000,5617200
1532352600,70.50000,70.62000,69.89000,69.98000,7936900
1532439000,70.70000,71.55000,70.37000,70.85000,4709100
1532525400,70.92000,71.60000,70.49000,71.51000,5148300
1532611800,71.22000,71.94000,70.61000,71.80000,7360100
1532698200,71.48000,72.27000,71.19000,71.45000,5587200
1532957400,72.30000,72.94000,72.14000,72.27000,4934100
1533043800,72.54000,72.78000,71.88000,72.17000,5422200
1533130200,71.52000,72.05000,70.91000,71.81000,5313200
1533216600,71.36000,71.68000,70.98000,71.56000,4669400
1533303000,71.25000,71.48000,70.61000,71.29000,4028500
1533562200,71.44000,72.15000,71.07000,71.73000,7177600
1533648600,72.55000,73.76000,72.39000,72.90000,5631400
1533735000,72.23000,72.54000,70.73000,71.39000,5784400
1533821400,72.20000,72.64000,71.52000,71.75000,5975600
1533907800,71.60000,72.03000,71.24000,71.94000,4855500
1534167000,71.91000,72.52000,71.01000,71.07000,4322200
1534253400,71.93000,72.69000,71.71000,72.15000,5223300
1534339800,71.28000,71.37000,67.71000,67.82000,7944500
1534426200,68.27000,69.66000,68.22000,69.41000,5453000
1534512600,69.87000,70.11000,69.32000,69.77000,4435200
1534771800,69.68000,71.07000,69.68000,70.52000,4659000
1534858200,71.04000,71.56000,70.79000,70.89000,3717600
1534944600,71.46000,72.51000,71.38000,72.00000,5019300
1535031000,71.55000,72.11000,71.22000,72.05000,3995500
1535117400,72.74000,73.56000,72.34000,72.61000,4934000
1535376600,72.61000,73.18000,72.61000,72.84000,3389300
1535463000,72.84000,73.09000,71.92000,72.05000,4072200
1535549400,72.77000,73.74000,72.48000,73.54000,4887000
1535635800,73.68000,74.43000,73.26000,73.56000,5141200
1535722200,73.08000,73.54000,72.97000,73.43000,4152300
1536067800,73.93000,74.14000,72.83000,73.11000,3447600
1536154200,72.84000,73.11000,72.04000,73.00000,5080200
1536240600,72.17000,72.47000,70.51000,70.54000,5443700
1536327000,69.93000,70.62000,69.42000,70.22000,4370600
1536586200,70.56000,71.65000,70.52000,71.15000,5188600
1536672600,70.99000,72.08000,70.60000,71.47000,4172200
1536759000,72.15000,72.53000,71.69000,71.97000,6137200
1536845400,71.99000,72.58000,71.12000,72.55000,4038600
1536931800,72.41000,73.93000,72.41000,73.50000,4618500
1537191000,73.71000,74.90000,73.62000,74.24000,6010100
1537277400,74.75000,75.73000,74.63000,75.04000,5989500
1537363800,75.00000,75.86000,74.65000,75.53000,3952800
1537450200,75.10000,76.15000,74.81000,75.36000,5220300
1537536600,75.77000,76.66000,75.36000,76.28000,15114300
1537795800,77.00000,77.90000,76.79000,77.06000,6377300
1537882200,77.95000,78.61000,77.64000,78.11000,6145100
1537968600,77.74000,78.39000,77.20000,77.28000,6148000
1538055000,77.72000,77.99000,77.31000,77.52000,4367000
1538141400,77.32000,78.68000,77.32000,77.40000,6190100
1538400600,77.77000,80.24000,77.74000,79.89000,6407200
1538487000,79.29000,79.47000,78.22000,78.28000,4534600
1538573400,78.63000,78.91000,77.89000,78.57000,6825500
1538659800,78.41000,78.88000,77.59000,78.28000,4457100
1538746200,78.00000,78.57000,77.59000,78.39000,6535600
1539005400,77.73000,78.77000,77.27000,78.28000,4034400
1539091800,78.59000,79.96000,78.14000,79.40000,4869600
1539178200,79.57000,79.65000,75.01000,75.09000,8332100
1539264600,74.16000,74.77000,71.93000,72.79000,9326500
1539351000,73.72000,74.25000,72.59000,73.83000,6296100
1539610200,73.83000,74.19000,73.01000,73.27000,6125000
1539696600,73.76000,74.18000,73.23000,73.80000,5726200
1539783000,74.07000,74.07000,72.22000,72.48000,7302700
1539869400,71.62000,73.18000,71.51000,72.59000,7800900
1539955800,72.67000,73.90000,72.26000,72.49000,5658000
1540215000,72.61000,72.77000,71.26000,72.05000,5385700
1540301400,70.54000,70.59000,68.21000,69.22000,7502000
1540387800,69.70000,70.02000,65.00000,65.69000,9260000
1540474200,67.88000,68.69000,66.54000,68.02000,8727300
1540560600,66.96000,69.07000,66.67000,68.48000,8193800
1540819800,69.18000,69.71000,66.22000,67.35000,6853100
1540906200,67.18000,69.71000,66.86000,69.52000,6506900
1540992600,70.39000,71.82000,69.75000,69.90000,6591400
1541079000,70.20000,70.95000,68.49000,69.58000,7826500
1541165400,69.69000,70.25000,67.38000,67.84000,5725200
1541428200,68.69000,69.50000,68.25000,69.03000,4955500
1541514600,69.35000,69.57000,68.25000,69.50000,6150200
1541601000,70.74000,71.26000,69.25000,70.03000,6585500
1541687400,69.76000,70.31000,66.67000,66.91000,9826900
1541773800,65.73000,67.21000,64.79000,66.73000,9190700
1542033000,67.59000,68.07000,65.14000,65.14000,6766600
1542119400,64.78000,65.58000,62.60000,63.72000,11213800
1542205800,64.82000,66.01000,63.52000,64.12000,9708500
1542292200,63.58000,65.29000,63.25000,65.21000,7782600
1542378600,65.59000,66.44000,65.38000,66.12000,7993600
1542637800,65.37000,66.73000,65.03000,66.44000,7793900
1542724200,65.56000,65.56000,63.22000,63.99000,7453900
1542810600,64.41000,66.15000,64.22000,65.48000,6392600
1542983400,62.88000,63.93000,62.41000,63.80000,5361000
1543242600,64.70000,65.60000,64.53000,64.70000,6355100
1543329000,64.73000,65.60000,64.15000,65.28000,6116400
1543415400,65.11000,66.63000,65.09000,66.35000,5602100
1543501800,66.46000,67.51000,66.21000,66.87000,4606000
1543588200,66.03000,66.94000,65.43000,66.18000,7175400
1543847400,68.10000,69.26000,67.56000,69.11000,7497100
1543933800,69.43000,69.72000,66.79000,66.92000,7532200
1544106600,64.92000,66.61000,64.31000,66.61000,8412000
1544193000,68.24000,69.12000,65.81000,65.91000,8095500
1544452200,65.09000,65.79000,63.30000,65.20000,8750900
1544538600,66.14000,66.75000,64.73000,65.44000,5569200
1544625000,66.05000,67.06000,65.22000,65.27000,5544900
1544711400,65.12000,67.08000,64.89000,66.13000,6417200
1544797800,66.12000,66.29000,64.31000,64.55000,6445900
1545057000,64.57000,64.84000,62.69000,63.12000,7018300
1545143400,63.03000,63.62000,61.47000,61.91000,6806200
1545229800,62.56000,63.76000,60.82000,61.28000,7699800
1545316200,60.27000,61.72000,59.67000,60.00000,8372900
1545402600,59.21000,60.97000,58.81000,59.80000,15043600
1545661800,58.83000,59.68000,57.01000,57.01000,3842800
1545834600,57.68000,61.53000,56.75000,61.50000,7263900
1545921000,60.63000,62.24000,59.45000,62.23000,6131000
1546007400,62.75000,62.87000,61.15000,61.67000,5053700
1546266600,62.13000,62.73000,61.69000,62.35000,5290800
1546439400,60.69000,63.85000,60.43000,63.38000,5735400
1546525800,63.54000,63.71000,61.66000,62.18000,4727300
1546612200,63.08000,63.91000,62.66000,63.75000,7700100
1546871400,63.91000,64.27000,62.69000,63.47000,6272200
1546957800,64.21000,64.58000,63.46000,64.32000,5774900
1547044200,65.07000,66.75000,64.60000,66.45000,8350300
1547130600,65.87000,68.01000,65.43000,67.94000,8811100
1547217000,67.28000,67.34000,65.79000,66.39000,6018300
1547476200,65.62000,66.32000,65.33000,65.61000,4972000
1547562600,66.04000,66.78000,65.76000,66.03000,4504100
1547649000,65.74000,66.27000,65.49000,65.66000,5402300
1547735400,65.06000,67.17000,65.01000,67.06000,5997400
1547821800,67.64000,68.31000,67.17000,67.90000,6073800
1548167400,67.00000,67.24000,65.58000,65.75000,6915500
1548253800,66.22000,66.46000,65.15000,65.86000,5938700
1548340200,65.97000,66.73000,65.45000,66.12000,5789900
1548426600,66.65000,67.61000,66.52000,66.99000,4504500
1548685800,65.87000,65.87000,64.88000,65.35000,5942800
1548772200,66.21000,66.29000,65.25000,65.30000,5308800
1548858600,65.80000,66.10000,65.11000,65.69000,8087400
1548945000,66.54000,68.31000,65.90000,67.69000,9927700
1549031400,68.34000,69.45000,68.10000,68.68000,7486400
1549290600,68.19000,70.01000,68.19000,69.93000,5593100
1549377000,69.65000,69.96000,69.11000,69.26000,4483900
1549463400,68.66000,69.55000,68.51000,69.11000,4071300
1549549800,68.37000,68.83000,67.25000,67.48000,6230300
1549636200,66.80000,67.08000,65.26000,66.26000,6554900
1549895400,65.58000,67.07000,65.58000,66.74000,5200400
1549981800,68.01000,68.30000,67.24000,67.45000,3958000
1550068200,67.71000,68.83000,67.64000,67.78000,5839800
1550154600,67.50000,69.69000,67.50000,69.10000,5442800
1550241000,69.94000,70.32000,69.48000,70.18000,5173500
1550586600,69.52000,70.01000,69.18000,69.49000,5189600
1550673000,69.46000,70.75000,69.45000,70.65000,5837100
1550759400,70.24000,70.84000,69.93000,70.24000,5984300
1550845800,70.85000,71.01000,69.87000,69.97000,5225500
1551105000,69.66000,70.01000,69.23000,69.25000,5160900
1551191400,69.10000,69.53000,68.74000,68.92000,4689900
1551277800,69.29000,70.34000,68.76000,69.22000,5355700
1551364200,69.15000,69.19000,67.66000,67.85000,8154300
1551450600,68.09000,69.11000,68.09000,68.93000,7372600
1551709800,69.60000,70.06000,68.73000,69.90000,6625800
1551796200,70.00000,70.06000,68.52000,69.01000,7635500
1551882600,68.61000,68.64000,67.94000,68.29000,7296300
1551969000,68.36000,68.40000,67.55000,67.95000,6964300
1552055400,66.70000,66.70000,64.91000,65.43000,8068800
1552311000,66.20000,66.34000,65.34000,65.87000,8703500
1552397400,66.17000,66.42000,65.15000,65.63000,11790200
1552483800,66.09000,67.36000,66.03000,67.35000,8324800
1552570200,67.28000,67.86000,66.97000,67.02000,7315500
1552656600,66.56000,67.93000,66.53000,67.59000,16733200
1552915800,67.88000,68.30000,67.30000,67.61000,7712200
1553002200,68.14000,68.50000,67.10000,67.35000,6456400
1553088600,67.39000,68.16000,66.67000,67.54000,7117300
1553175000,67.73000,68.28000,67.26000,68.14000,5580900
1553261400,67.46000,67.75000,65.39000,66.07000,5182100
1553520600,66.04000,67.49000,65.52000,67.07000,8070000
1553607000,67.97000,69.60000,67.91000,68.56000,7245200
1553693400,68.30000,69.08000,67.58000,67.91000,5015600
1553779800,67.40000,67.61000,66.76000,67.38000,5122100
1553866200,68.28000,68.54000,66.58000,66.74000,6810900
1554125400,67.49000,68.12000,67.31000,67.69000,5309000
1554211800,67.59000,67.83000,66.09000,66.35000,5833000
1554298200,66.81000,66.96000,65.17000,65.51000,5490800
1554384600,65.57000,65.77000,64.97000,65.16000,6397900
1554471000,65.51000,66.19000,65.26000,66.12000,8337800
1554730200,66.51000,67.52000,66.19000,66.55000,5705200
1554816600,66.21000,66.28000,65.45000,65.70000,4707300
1554903000,66.08000,67.18000,66.03000,66.97000,6629000
1554989400,66.64000,67.60000,65.72000,66.37000,9486900
1555075800,67.56000,68.22000,67.25000,67.37000,9913100
1555335000,67.06000,67.23000,66.21000,66.34000,7284800
1555421400,66.76000,66.91000,65.84000,65.84000,7790500
1555507800,66.49000,67.00000,65.78000,65.78000,7907100
1555594200,65.94000,66.39000,65.52000,65.90000,6033400
1555939800,66.70000,67.30000,66.33000,66.96000,9061600
1556026200,66.99000,67.42000,66.43000,66.45000,8133500
1556112600,67.00000,67.00000,64.69000,64.70000,7624600
1556199000,64.63000,64.65000,63.93000,63.97000,7305000
1556285400,63.58000,63.65000,62.08000,62.78000,9216800
1556544600,62.77000,63.12000,62.36000,62.65000,6769300
1556631000,63.55000,63.97000,62.55000,63.12000,9358300
1556717400,63.73000,64.53000,62.67000,62.67000,12032000
1556803800,62.20000,63.31000,61.28000,61.29000,12614200
1556890200,61.90000,62.88000,61.52000,62.01000,6883800
1557149400,61.25000,62.35000,60.98000,61.88000,7402400
1557235800,61.16000,61.34000,60.30000,61.00000,6452200
1557322200,61.04000,62.14000,60.96000,61.43000,4809000
1557408600,60.83000,61.83000,60.65000,61.54000,7799800
1557495000,61.27000,62.28000,60.47000,61.92000,6411500
1557754200,61.49000,61.91000,60.82000,61.19000,6280300
1557840600,61.49000,62.89000,61.44000,62.32000,5259000
1557927000,62.00000,62.32000,61.30000,62.04000,6316300
1558013400,62.60000,63.13000,62.50000,62.57000,5312500
1558099800,61.97000,62.57000,61.82000,62.10000,4906100
1558359000,62.03000,62.56000,61.88000,62.45000,4794800
1558445400,62.70000,63.96000,62.69000,63.62000,5855300
1558531800,63.07000,63.71000,62.74000,63.05000,5156300
1558618200,61.84000,61.97000,59.22000,59.50000,8896800
1558704600,60.02000,60.41000,58.93000,59.88000,6070700
1559050200,60.03000,60.64000,59.78000,60.05000,5685800
1559136600,59.29000,60.35000,58.94000,60.14000,6828300
1559223000,60.07000,60.31000,58.60000,58.95000,5817900
1559309400,58.05000,59.40000,57.82000,58.96000,6939500
1559568600,59.07000,60.20000,59.02000,59.42000,6541500
1559655000,59.87000,60.00000,58.96000,59.10000,7260500
1559741400,59.21000,59.30000,56.98000,57.08000,11839200
1559827800,57.38000,58.53000,57.29000,58.20000,7370600
1559914200,58.31000,59.31000,58.15000,58.96000,5893000
1560173400,59.33000,59.69000,58.79000,59.26000,5268400
1560259800,59.69000,59.87000,58.66000,58.73000,5280300
1560346200,58.17000,58.61000,57.88000,58.55000,5677400
1560432600,59.35000,59.62000,58.86000,59.06000,5174200
1560519000,59.06000,59.39000,58.69000,58.82000,3590500
1560778200,58.35000,59.11000,58.28000,59.01000,4575000
1560864600,59.43000,60.22000,59.21000,59.83000,4980000
1560951000,59.75000,60.29000,59.39000,59.65000,4469100
1561037400,60.73000,61.20000,60.40000,60.70000,9437900
1561123800,60.70000,60.99000,60.27000,60.33000,9147100
1561383000,60.32000,60.78000,60.27000,60.52000,3701800
1561469400,60.30000,60.88000,59.76000,59.77000,5024000
1561555800,60.83000,63.30000,60.82000,62.75000,9509900
1561642200,62.58000,62.86000,60.88000,61.27000,6004700
1561728600,61.27000,61.69000,60.68000,61.00000,6108800
1561987800,62.00000,62.81000,61.71000,62.25000,6272200
1562074200,62.23000,62.33000,59.91000,60.10000,8132300
1562160600,60.52000,60.76000,59.99000,60.50000,4881900
1562333400,60.19000,60.58000,59.59000,59.90000,4584300
1562592600,59.80000,60.55000,59.75000,59.89000,7176000
1562679000,59.98000,60.18000,59.00000,59.89000,6057000
1562765400,60.48000,61.27000,60.25000,61.21000,5983900
1562851800,61.05000,61.47000,60.76000,61.46000,4194600
1562938200,61.45000,61.96000,61.28000,61.76000,4806300
1563197400,61.85000,61.91000,60.58000,60.65000,5051000
1563283800,60.65000,60.83000,59.57000,59.75000,6011300
1563370200,60.11000,60.54000,59.77000,59.78000,7055900
1563456600,60.06000,60.44000,59.79000,60.32000,5711600
1563543000,59.93000,60.58000,59.36000,60.33000,5136000
1563802200,60.46000,60.95000,59.97000,60.44000,3320500
1563888600,60.34000,60.46000,59.84000,60.28000,4431900
1563975000,60.13000,60.72000,59.89000,60.08000,4405000
1564061400,60.59000,60.60000,58.90000,59.04000,5019300
1564147800,58.90000,59.36000,58.44000,58.75000,6704100
1564407000,58.69000,58.81000,57.48000,58.19000,6597500
1564493400,57.10000,59.86000,57.02000,59.51000,5927800
1564579800,59.48000,59.74000,58.38000,59.08000,8268500
1564666200,58.08000,60.28000,57.89000,58.80000,7924200
1564752600,58.94000,59.31000,56.32000,56.47000,7697700
1565011800,55.55000,55.71000,54.23000,54.68000,7474600
1565098200,55.02000,55.03000,53.92000,54.23000,6166900
1565184600,53.28000,53.72000,52.30000,53.32000,9289600
1565271000,53.78000,55.09000,53.30000,55.07000,7444800
1565357400,54.96000,55.47000,53.98000,54.01000,5391700
1565616600,53.79000,53.93000,52.85000,53.12000,4726100
1565703000,52.84000,54.83000,52.44000,53.87000,6461800
1565789400,52.46000,52.86000,51.51000,51.78000,7851800
1565875800,51.40000,52.01000,50.59000,50.91000,6069800
1565962200,51.05000,51.80000,50.80000,51.47000,5273200
1566221400,52.57000,54.30000,52.46000,53.94000,9315400
1566307800,53.51000,53.60000,52.65000,52.71000,5297700
1566394200,53.33000,53.67000,52.39000,52.63000,6044600
1566480600,52.91000,53.35000,52.23000,52.26000,4316200
1566567000,51.65000,52.19000,50.13000,50.42000,7133400
1566826200,51.05000,51.71000,50.69000,51.37000,4989100
1566912600,51.73000,51.85000,50.52000,50.98000,5342100
1566999000,51.41000,52.24000,51.25000,51.95000,4880300
1567085400,52.31000,52.95000,52.21000,52.29000,6401900
1567171800,52.36000,52.94000,51.62000,52.18000,5131500
1567517400,51.05000,52.12000,50.74000,52.04000,5142300
1567603800,52.79000,53.48000,52.60000,53.30000,5803100
1567690200,53.59000,54.24000,53.29000,53.44000,6014500
1567776600,53.08000,53.79000,52.68000,53.63000,4635000
1568035800,54.20000,55.05000,53.87000,54.97000,6176800
1568122200,55.54000,57.49000,55.39000,56.32000,8567700
1568208600,56.73000,57.48000,56.29000,57.20000,7940300
1568295000,55.99000,56.97000,55.58000,56.35000,5712300
1568381400,56.98000,57.70000,56.87000,57.34000,7885300
1568640600,61.45000,63.15000,60.51000,62.53000,17898000
1568727000,62.47000,63.22000,60.20000,61.22000,13487100
1568813400,60.00000,60.37000,59.27000,60.01000,7412500
1568899800,60.48000,60.69000,59.75000,59.97000,6270700
1568986200,60.25000,61.22000,60.13000,60.82000,18124800
1569245400,60.00000,60.67000,59.86000,60.18000,6729300
1569331800,59.99000,60.06000,58.35000,59.30000,9370200
1569418200,58.46000,59.50000,58.30000,59.48000,5788200
1569504600,59.06000,59.13000,57.29000,57.68000,6655400
1569591000,57.06000,58.34000,56.96000,57.90000,4329300
1569850200,57.57000,57.91000,56.69000,56.98000,5923700
1569936600,57.50000,57.70000,55.03000,55.15000,6329000
1570023000,54.79000,55.04000,53.00000,53.07000,6135600
1570109400,52.79000,53.81000,52.30000,53.66000,4238200
1570195800,53.53000,53.99000,52.70000,53.50000,5148300
1570455000,54.15000,55.63000,53.80000,54.60000,8158600
1570541400,53.90000,55.38000,53.73000,53.90000,6968700
1570627800,54.59000,55.35000,54.29000,54.94000,5632100
1570714200,55.00000,56.01000,55.00000,55.88000,5426500
1570800600,56.48000,56.99000,56.20000,56.43000,6810600
1571059800,55.83000,56.45000,55.64000,56.13000,4402900
1571146200,55.79000,56.49000,55.41000,55.95000,6226000
1571232600,55.43000,55.74000,54.56000,54.61000,5190700
1571319000,54.76000,54.86000,53.98000,54.53000,4364300
1571405400,54.66000,54.88000,53.95000,53.95000,5160400
1571664600,54.25000,56.11000,54.08000,55.96000,6734100
1571751000,55.94000,57.65000,55.93000,56.54000,6187300
1571837400,56.62000,56.82000,55.57000,56.25000,5252400
1571923800,56.57000,56.90000,55.73000,56.16000,4552100
1572010200,56.09000,56.70000,55.59000,56.35000,3046000
1572269400,56.48000,56.95000,54.86000,55.68000,7574600
1572355800,55.80000,57.97000,54.39000,57.09000,8699200
1572442200,57.44000,57.46000,54.95000,55.04000,7907800
1572528600,54.87000,55.20000,54.13000,55.20000,6346400
1572615000,55.65000,57.49000,55.47000,57.15000,6483600
1572877800,57.76000,58.57000,57.21000,58.00000,5667900
1572964200,58.62000,59.33000,58.36000,58.51000,7545200
1573050600,58.25000,59.08000,57.35000,57.63000,5464900
1573137000,58.30000,59.63000,58.30000,59.54000,9492200
1573223400,58.89000,59.30000,57.92000,59.16000,4769000
1573482600,58.66000,59.24000,58.30000,58.91000,3716200
1573569000,58.98000,59.45000,57.94000,58.23000,4939900
1573655400,57.84000,58.02000,57.22000,57.56000,4644200
1573741800,57.76000,58.05000,56.96000,57.25000,3971200
1573828200,57.56000,58.29000,57.55000,58.25000,4261900
1574087400,57.70000,57.78000,56.39000,56.70000,5793300
1574173800,56.83000,57.53000,56.30000,57.17000,6588000
1574260200,57.10000,59.55000,56.92000,59.36000,10097500
1574346600,59.55000,60.55000,59.40000,60.21000,10527300
1574433000,60.49000,61.39000,59.64000,59.90000,6575300
1574692200,60.00000,61.16000,59.21000,61.05000,7721200
1574778600,60.80000,61.36000,60.07000,60.11000,8151100
1574865000,60.35000,60.48000,59.27000,60.34000,5998400
1575037800,59.61000,60.30000,59.43000,59.94000,2707100
1575297000,60.24000,61.30000,60.02000,60.37000,7171500
1575383400,59.74000,59.91000,58.61000,58.89000,6110000
1575469800,59.36000,61.05000,59.18000,60.63000,8036700
1575556200,61.00000,61.27000,59.44000,59.84000,5047000
1575642600,60.31000,62.13000,60.13000,61.97000,8311100
1575901800,61.58000,62.22000,61.38000,61.83000,5256500
1575988200,61.84000,62.01000,61.33000,61.76000,4630200
1576074600,61.37000,61.84000,61.03000,61.68000,3959200
1576161000,61.49000,62.95000,61.37000,62.59000,5162700
1576247400,63.45000,64.07000,62.49000,62.70000,6965000
1576506600,63.05000,63.57000,62.53000,62.82000,5590000
1576593000,62.90000,63.78000,62.90000,63.52000,6211100
1576679400,63.47000,63.96000,63.15000,63.20000,5598400
1576765800,62.98000,63.37000,62.91000,63.19000,5197100
1576852200,63.93000,64.02000,63.23000,63.72000,11008000
1577111400,63.67000,64.83000,63.46000,64.60000,7019800
1577197800,64.76000,65.51000,64.61000,64.67000,3188400
1577370600,65.09000,65.74000,64.85000,65.00000,4835200
1577457000,65.20000,65.63000,64.61000,64.98000,5414300
1577716200,65.07000,65.25000,64.53000,64.61000,3665200
1577802600,64.15000,65.17000,63.90000,65.03000,3639800
1577975400,65.28000,65.68000,64.85000,65.46000,4122800
1578061800,67.04000,67.13000,65.07000,65.70000,6333200
1578321000,66.28000,66.94000,65.88000,66.48000,8823800
1578407400,66.44000,66.49000,65.74000,66.48000,5974800
1578493800,66.45000,66.63000,64.52000,64.94000,6470100
1578580200,64.57000,66.15000,64.29000,66.07000,6005100
1578666600,65.86000,66.20000,65.33000,65.42000,7233100
1578925800,65.36000,65.51000,64.88000,65.13000,3675300
1579012200,65.22000,65.33000,64.66000,65.14000,6119400
1579098600,65.00000,65.33000,64.44000,65.00000,3933300
1579185000,65.39000,65.61000,64.76000,65.07000,4315200
1579271400,65.28000,65.43000,64.84000,65.07000,4765500
1579617000,64.57000,64.85000,63.94000,64.03000,6974000
1579703400,63.80000,63.80000,62.83000,63.01000,6755800
1579789800,62.01000,63.36000,61.62000,63.14000,6199900
1579876200,62.70000,62.70000,62.05000,62.62000,5689500
1580135400,61.37000,61.83000,60.84000,61.04000,7321100
1580221800,61.61000,61.68000,60.90000,61.18000,4824700
1580308200,61.59000,61.68000,60.27000,60.49000,4102500
1580394600,59.75000,60.99000,59.59000,60.89000,6931500
1580481000,60.00000,60.41000,59.12000,59.43000,7673000
1580740200,59.41000,60.34000,58.86000,59.18000,7015300
1580826600,58.93000,59.82000,56.43000,56.49000,13403000
1580913000,57.28000,58.95000,56.82000,58.78000,12891800
1580999400,59.07000,59.07000,57.93000,58.41000,5901700
1581085800,57.81000,58.37000,57.56000,57.99000,5081800
1581345000,57.46000,58.14000,57.21000,57.87000,6756300
1581431400,58.85000,59.01000,58.21000,58.71000,6143000
1581517800,59.90000,61.15000,59.54000,59.76000,5906800
1581604200,59.09000,59.45000,58.60000,58.82000,5995600
1581690600,58.87000,59.10000,58.18000,58.62000,4204500
1582036200,58.41000,58.57000,57.71000,58.30000,3937800
1582122600,58.75000,59.36000,58.68000,59.26000,5267400
1582209000,59.25000,59.55000,58.58000,58.88000,5755000
1582295400,58.32000,58.61000,57.77000,58.44000,5216300
1582554600,56.15000,56.94000,55.99000,56.38000,10350200
1582641000,56.52000,56.69000,53.54000,53.83000,10447900
1582727400,54.02000,54.25000,51.11000,51.17000,11646700
1582813800,49.60000,49.61000,47.13000,47.13000,14676100
1582900200,45.42000,48.44000,45.12000,48.42000,16558800
1583159400,49.32000,49.38000,46.88000,49.23000,10672800
1583245800,49.53000,51.49000,47.45000,48.12000,11785400
1583332200,48.75000,49.55000,47.74000,49.43000,8924200
1583418600,47.98000,48.64000,46.78000,47.70000,9603800
1583505000,45.98000,46.49000,44.68000,45.33000,14504800
1583760600,33.95000,36.20000,32.00000,34.07000,29828600
1583847000,36.64000,37.42000,33.00000,34.88000,20337700
1583933400,33.59000,33.95000,31.51000,32.56000,18460700
1584019800,30.34000,31.41000,27.82000,28.20000,16581700
1584106200,30.60000,31.74000,27.59000,31.38000,17506900
1584365400,27.49000,31.15000,25.91000,26.08000,13774100
1584451800,26.36000,26.85000,24.39000,26.25000,18692900
1584538200,24.25000,25.60000,20.84000,22.67000,17039700
1584624600,23.13000,25.99000,21.00000,25.59000,15655100
1584711000,27.06000,28.39000,25.89000,26.84000,23790200
1584970200,26.75000,26.97000,23.35000,24.55000,16239400
1585056600,26.45000,30.87000,26.45000,30.74000,16724400
1585143000,31.23000,32.56000,29.49000,30.94000,14295900
1585229400,31.12000,32.46000,30.40000,32.09000,13576900
1585315800,30.12000,30.27000,28.80000,29.25000,10647200
1585575000,28.51000,30.14000,27.52000,29.29000,11089600
1585661400,30.03000,31.92000,29.71000,30.80000,13481100
1585747800,29.32000,30.53000,28.83000,29.62000,11101400
1585834200,31.25000,35.42000,30.71000,33.86000,14693200
1585920600,34.61000,34.98000,31.61000,32.91000,11505000
1586179800,33.48000,33.80000,31.79000,32.80000,13532900
1586266200,34.88000,35.94000,33.02000,33.27000,11704200
1586352600,34.05000,35.89000,33.87000,35.68000,8171100
1586439000,37.93000,37.98000,33.29000,34.73000,14176800
1586784600,35.94000,35.98000,33.77000,34.30000,10222000
1586871000,34.37000,34.47000,33.67000,34.08000,11082200
1586957400,32.17000,33.00000,30.73000,32.20000,11354700
1587043800,31.84000,32.23000,30.52000,31.07000,13220600
1587130200,31.98000,35.37000,31.85000,35.26000,13162600
1587389400,32.47000,35.67000,32.40000,34.57000,13226400
1587475800,32.95000,34.13000,32.61000,33.19000,13639500
1587562200,35.20000,35.53000,34.54000,34.98000,12048400
1587648600,36.61000,37.20000,35.37000,36.18000,9849600
1587735000,36.97000,37.30000,35.78000,36.09000,8683900
1587994200,35.87000,37.41000,34.68000,37.15000,8302500
1588080600,37.89000,38.99000,37.56000,38.48000,9445700
1588167000,40.07000,42.55000,39.64000,42.21000,12958100
1588253400,42.58000,43.58000,40.84000,42.10000,11760700
1588339800,40.54000,41.30000,38.71000,39.14000,9256700
1588599000,38.62000,40.40000,38.15000,40.36000,12515600
1588685400,43.10000,43.57000,40.66000,40.92000,10096700
1588771800,41.09000,41.83000,39.82000,40.49000,8213000
1588858200,42.00000,43.35000,41.91000,42.42000,9520700
1588944600,43.12000,43.35000,42.06000,43.08000,6974200
1589203800,42.23000,43.28000,42.08000,42.27000,7076800
1589290200,42.62000,43.15000,41.53000,41.58000,7375900
1589376600,41.02000,41.18000,39.54000,39.89000,7666400
1589463000,38.93000,40.46000,37.78000,39.93000,6718700
1589549400,39.87000,41.55000,39.72000,40.87000,7242300
1589808600,43.45000,44.61000,43.17000,43.60000,9047300
1589895000,43.70000,43.88000,42.61000,42.67000,6126300
1589981400,43.59000,44.80000,43.30000,44.15000,7203000
1590067800,44.39000,44.87000,43.62000,43.72000,6646000
1590154200,42.91000,43.36000,42.30000,43.28000,4674000
1590499800,44.81000,45.12000,43.50000,43.67000,7702600
1590586200,44.34000,44.68000,42.96000,44.67000,5768100
1590672600,44.72000,44.72000,42.78000,43.01000,5871500
1590759000,42.61000,42.78000,41.67000,42.18000,10172200
1591018200,42.26000,43.70000,41.64000,43.39000,6344300
1591104600,44.02000,44.69000,43.70000,44.20000,5858300
1591191000,45.11000,45.23000,44.02000,45.12000,8024200
1591277400,44.68000,45.13000,44.18000,44.71000,5577000
1591363800,47.39000,48.78000,47.03000,48.59000,11578800
1591623000,50.21000,50.79000,48.81000,50.31000,10242200
1591709400,48.25000,49.19000,47.88000,48.63000,8203600
1591795800,48.04000,48.29000,45.87000,45.91000,7882300
1591882200,42.08000,44.25000,41.80000,42.12000,8435200
1591968600,45.31000,45.41000,42.11000,43.73000,8928400
1592227800,41.07000,43.91000,40.85000,43.35000,7992100
1592314200,45.30000,45.68000,43.60000,45.11000,6932400
1592400600,44.99000,45.10000,43.91000,44.02000,5967200
1592487000,43.53000,44.84000,43.18000,44.45000,7293700
1592573400,45.90000,45.90000,43.38000,43.70000,13702800
1592832600,43.24000,43.98000,42.66000,43.56000,5009100
1592919000,44.12000,44.53000,43.59000,43.81000,4962200
1593005400,43.00000,43.17000,40.93000,40.99000,7137200
1593091800,40.66000,42.12000,40.51000,42.06000,5981000
1593178200,41.57000,41.62000,40.16000,40.35000,8399400
1593437400,40.40000,41.35000,39.92000,41.30000,5764800
1593523800,40.87000,42.34000,40.28000,42.02000,6313900
1593610200,42.35000,42.83000,40.68000,40.74000,5600000
1593696600,41.82000,42.51000,41.58000,41.78000,4775000
1594042200,42.63000,42.87000,41.36000,41.63000,5825100
1594128600,41.15000,41.63000,40.57000,40.64000,5995100
1594215000,40.58000,41.57000,40.30000,41.04000,4896800
1594301400,40.66000,40.89000,38.29000,38.35000,9189500
1594387800,38.36000,39.82000,38.22000,39.69000,9218300
1594647000,40.13000,40.51000,39.00000,39.66000,5887000
1594733400,39.44000,41.34000,39.27000,41.31000,4953500
1594819800,42.19000,42.42000,41.05000,41.62000,5777100
1594906200,41.29000,42.06000,40.66000,41.59000,4655700
1594992600,41.35000,41.67000,39.78000,39.96000,6699300
1595251800,39.96000,40.34000,39.24000,39.33000,6407600
1595338200,40.10000,42.08000,40.00000,41.66000,7950900
1595424600,41.07000,41.25000,40.32000,40.89000,5158400
1595511000,40.53000,41.13000,40.23000,40.46000,5953500
1595597400,40.74000,41.36000,40.16000,40.28000,5202600
1595856600,39.92000,40.48000,39.44000,39.77000,5312400
1595943000,39.57000,39.96000,38.80000,38.96000,6188300
1596029400,38.97000,39.94000,38.60000,39.94000,6305200
1596115800,38.12000,38.47000,35.90000,37.64000,13421000
1596202200,37.05000,37.60000,36.71000,37.39000,7719900
1596461400,37.27000,37.39000,36.69000,36.71000,8064700
1596547800,36.66000,38.07000,36.47000,37.64000,5808100
1596634200,38.50000,38.69000,37.71000,38.02000,7315000
1596720600,37.64000,38.43000,37.61000,38.05000,6588700
1596807000,37.87000,38.39000,37.35000,38.30000,4445300
1597066200,38.51000,39.67000,38.45000,39.64000,5612600
1597152600,40.57000,41.15000,39.58000,39.71000,7975900
1597239000,40.37000,41.68000,40.25000,41.66000,11822500
1597325400,41.15000,41.83000,40.62000,40.63000,8286400
1597411800,40.22000,41.00000,39.96000,40.82000,3349800
1597671000,40.75000,40.98000,39.91000,40.70000,6089300
1597757400,40.62000,41.33000,40.13000,40.33000,5711500
1597843800,40.11000,40.32000,39.52000,39.65000,4526200
1597930200,39.06000,39.31000,38.73000,38.77000,3943200
1598016600,38.64000,38.81000,37.95000,38.16000,5034200
1598275800,38.34000,39.56000,38.09000,38.87000,5357400
1598362200,39.41000,39.45000,38.45000,38.85000,4160600
1598448600,38.83000,38.96000,37.52000,37.56000,6753300
1598535000,37.77000,38.28000,37.50000,38.15000,6231600
1598621400,38.33000,38.46000,37.88000,38.38000,5058100
1598880600,38.35000,38.45000,37.57000,37.89000,6165700
1598967000,37.42000,37.60000,36.62000,37.16000,6267700
1599053400,37.00000,37.17000,36.38000,36.38000,7441600
1599139800,36.03000,36.87000,35.84000,35.99000,8733400
1599226200,36.36000,36.69000,35.67000,35.86000,8285300
1599571800,35.30000,35.30000,33.74000,34.06000,9338600
1599658200,34.85000,34.85000,34.22000,34.46000,6440000
1599744600,34.43000,34.52000,32.86000,32.92000,8582800
1599831000,32.88000,33.44000,32.64000,33.11000,6769100
1600090200,33.24000,33.87000,33.01000,33.52000,5436000
1600176600,33.73000,34.22000,33.61000,33.80000,8333400
1600263000,34.12000,35.53000,33.65000,35.08000,9240700
1600349400,34.40000,36.11000,34.16000,36.09000,13147700
1600435800,35.80000,36.45000,35.40000,35.87000,12409800
1600695000,34.81000,35.08000,34.09000,34.36000,11316000
1600781400,34.34000,34.81000,34.01000,34.30000,7963000
1600867800,34.36000,34.59000,32.88000,32.92000,7714500
1600954200,32.81000,34.26000,32.46000,33.60000,7084000
1601040600,33.09000,33.99000,32.98000,33.70000,5240900
1601299800,34.34000,34.74000,33.62000,33.71000,8958400
1601386200,33.72000,33.78000,32.17000,32.46000,6662600
1601472600,32.73000,33.29000,32.55000,32.84000,8111700
1601559000,32.23000,32.74000,31.69000,32.43000,7929600
1601645400,31.58000,33.29000,31.45000,33.07000,7069100
1601904600,33.56000,34.31000,33.23000,34.28000,5652500
1601991000,34.88000,35.08000,33.12000,33.30000,6645600
1602077400,33.47000,34.53000,33.32000,34.33000,6633200
1602163800,34.50000,35.62000,34.30000,35.53000,6758800
1602250200,35.94000,35.97000,34.84000,35.13000,6382000
1602509400,35.07000,35.84000,34.73000,35.59000,7214600
1602595800,35.53000,36.00000,34.70000,34.88000,8121000
1602682200,34.04000,35.53000,34.04000,34.53000,9817400
1602768600,33.87000,35.47000,33.67000,35.40000,8633700
1602855000,34.81000,34.97000,33.75000,33.77000,8312900
1603114200,34.12000,34.20000,32.68000,32.70000,21684100
1603200600,32.91000,33.05000,32.07000,32.58000,19243000
1603287000,32.17000,32.41000,30.58000,30.64000,19210200
1603373400,30.62000,31.97000,30.47000,31.91000,15029400
1603459800,32.27000,33.19000,31.92000,32.54000,15335200
1603719000,31.76000,31.93000,30.08000,30.32000,11522800
1603805400,30.16000,30.69000,29.96000,30.26000,13017800
1603891800,29.36000,29.81000,28.55000,28.79000,15274500
1603978200,28.12000,29.19000,27.53000,29.16000,15560100
1604064600,28.93000,28.97000,27.63000,28.62000,15681700
1604327400,29.42000,30.55000,28.51000,30.23000,13762900
1604413800,30.72000,30.74000,29.14000,29.31000,12131300
1604500200,29.59000,30.62000,29.21000,30.38000,15178400
1604586600,30.10000,30.91000,30.04000,30.12000,10316600
1604673000,30.13000,30.65000,28.78000,29.19000,10484500
1604932200,33.16000,34.83000,32.87000,33.38000,17614500
1605018600,34.35000,35.54000,33.59000,35.53000,20650600
1605105000,35.96000,36.20000,35.06000,35.28000,17225000
1605191400,34.60000,35.21000,33.60000,34.01000,10944500
1605277800,34.35000,35.56000,34.25000,35.36000,11997500
1605537000,36.95000,38.13000,36.40000,38.08000,18701200
1605623400,37.52000,39.13000,37.24000,38.85000,14466800
1605709800,38.96000,40.87000,38.65000,39.18000,23319600
1605796200,38.71000,39.61000,38.38000,39.47000,12504100
1605882600,39.31000,39.93000,39.14000,39.65000,12037800
1606141800,40.36000,42.84000,40.27000,42.71000,14643900
1606228200,44.08000,45.36000,43.78000,44.41000,15439200
1606314600,44.00000,44.44000,43.36000,43.63000,15644800
1606487400,43.40000,43.91000,42.40000,42.78000,4694000
1606746600,41.93000,42.04000,39.54000,39.56000,20248600
1606833000,40.90000,40.95000,39.22000,39.27000,12424900
1606919400,39.18000,40.97000,38.83000,39.97000,12460200
1607005800,40.05000,42.15000,39.63000,41.20000,16215400
1607092200,42.29000,44.35000,42.11000,44.27000,12730500
1607351400,43.35000,43.44000,42.52000,42.82000,10586100
1607437800,42.00000,43.44000,41.70000,42.68000,10575500
1607524200,43.28000,43.50000,41.72000,42.70000,10773100
1607610600,42.61000,44.22000,42.45000,44.00000,14997800
1607697000,43.51000,43.82000,43.17000,43.48000,14242300
1607956200,44.08000,44.25000,42.26000,42.32000,17094500
1608042600,42.66000,42.98000,41.71000,42.80000,9853600
1608129000,42.85000,42.94000,42.13000,42.32000,9311000
1608215400,42.77000,42.77000,41.62000,41.97000,9294200
1608301800,41.99000,42.20000,40.73000,40.98000,20819300
1608561000,39.41000,40.92000,38.93000,40.24000,10998100
1608647400,40.20000,40.28000,38.88000,39.03000,9189600
1608733800,39.41000,40.71000,39.33000,40.08000,6137600
1608820200,40.01000,40.01000,38.96000,39.49000,3530300
1609165800,39.56000,40.47000,39.10000,39.30000,6178200
1609252200,39.36000,39.94000,38.77000,39.07000,7003100
1609338600,38.99000,40.04000,38.81000,40.01000,6268900
1609425000,39.91000,40.29000,39.61000,39.99000,7612500
1609770600,40.50000,40.65000,39.18000,39.57000,8597600
1609857000,40.24000,42.87000,40.00000,41.84000,12393600
1609943400,42.53000,43.95000,41.92000,43.51000,11035300
1610029800,44.05000,44.99000,43.60000,44.70000,9648200
1610116200,45.00000,45.48000,44.19000,44.70000,9448700
1610375400,44.10000,45.71000,43.31000,45.36000,10839600
1610461800,46.02000,47.67000,45.72000,47.42000,13013700
1610548200,47.35000,47.47000,46.60000,47.03000,11839900
1610634600,47.42000,48.29000,46.77000,47.87000,12857900
1610721000,47.28000,47.28000,44.53000,45.12000,30004600
1611066600,45.15000,46.15000,44.86000,46.00000,14498800
1611153000,46.37000,46.49000,45.30000,45.36000,21178000
1611239400,45.41000,45.70000,42.70000,43.19000,16897000
1611325800,42.06000,42.98000,41.75000,42.69000,9535400
1611585000,42.13000,42.63000,41.24000,42.58000,10739700
1611671400,43.07000,43.70000,41.61000,41.68000,7616300
1611757800,40.98000,42.09000,40.21000,40.65000,8841600
1611844200,41.11000,41.64000,40.38000,41.11000,10283300
1611930600,40.61000,41.46000,39.98000,40.03000,11660400
1612189800,40.43000,40.98000,39.70000,40.71000,9229400
1612276200,41.55000,42.30000,40.90000,40.97000,8834000
1612362600,41.25000,43.63000,41.01000,43.21000,11133600
1612449000,43.61000,44.02000,42.59000,44.01000,11372300
1612535400,44.89000,44.92000,44.09000,44.42000,9543400
1612794600,45.25000,47.23000,45.10000,46.78000,12181600
1612881000,46.22000,47.44000,45.86000,46.88000,8990300
1612967400,47.19000,48.00000,46.41000,47.25000,10853200
1613053800,46.50000,46.52000,45.21000,46.44000,8939100
1613140200,46.11000,47.22000,45.95000,47.16000,8805400
1613485800,48.00000,49.23000,47.82000,48.85000,11066700
1613572200,49.19000,49.48000,48.26000,49.36000,9055700
1613658600,49.00000,49.13000,47.63000,47.69000,8382200
1613745000,47.65000,48.57000,47.51000,48.42000,8502500
1614004200,49.17000,51.68000,48.81000,50.88000,12331000
1614090600,52.00000,52.50000,49.66000,52.10000,10796500
1614177000,52.00000,54.89000,51.46000,54.67000,12286600
1614263400,54.97000,55.51000,52.02000,53.03000,12864500
1614349800,52.60000,52.86000,50.86000,52.01000,13234100
1614609000,53.47000,53.96000,52.17000,52.61000,7182500
1614695400,52.51000,53.29000,52.24000,52.28000,7741100
1614781800,52.66000,54.76000,52.55000,53.66000,8007500
1614868200,53.96000,56.99000,53.68000,55.62000,15181000
1614954600,58.00000,59.49000,57.11000,58.34000,18699600
1615213800,58.77000,59.94000,57.69000,58.78000,11283400
1615300200,58.63000,59.60000,57.45000,57.90000,10193200
1615386600,57.86000,59.77000,57.38000,59.42000,12002400
1615473000,59.51000,61.14000,59.40000,59.83000,9328100
1615559400,60.24000,60.47000,58.98000,59.19000,6758400
1615815000,57.89000,58.57000,56.97000,58.16000,9825200
1615901400,57.08000,57.40000,55.97000,56.58000,9399900
1615987800,56.32000,57.13000,55.52000,56.83000,9461700
1616074200,56.41000,56.58000,53.11000,53.38000,12297200
1616160600,53.29000,54.12000,52.35000,52.60000,26925500
1616419800,52.86000,53.01000,52.04000,52.24000,11003000
1616506200,51.12000,52.78000,50.53000,51.71000,11853800
1616592600,52.76000,53.95000,52.68000,53.21000,9671100
1616679000,52.06000,53.80000,51.57000,53.57000,9275200
1616765400,54.66000,55.12000,54.03000,55.04000,8723100
1617024600,54.50000,54.52000,53.12000,53.84000,7901000
1617111000,53.20000,54.16000,53.04000,53.43000,7910200
1617197400,53.31000,53.69000,52.65000,52.97000,9293100
1617283800,53.12000,54.04000,52.53000,54.02000,10165000
1617629400,53.91000,53.91000,51.95000,52.21000,10460000
1617715800,52.62000,53.66000,52.41000,52.58000,6253600
1617802200,52.79000,53.16000,52.14000,52.38000,12408400
1617888600,51.62000,51.82000,51.04000,51.24000,10040800
1617975000,51.37000,51.99000,50.92000,51.23000,6665300
1618234200,51.75000,52.24000,50.82000,50.86000,8564000
1618320600,50.48000,51.33000,50.39000,50.79000,6980000
1618407000,51.38000,53.56000,51.38000,52.69000,8342200
1618493400,52.70000,52.81000,51.77000,51.90000,6763700
1618579800,52.24000,52.30000,51.04000,51.09000,7665500
1618839000,51.29000,51.73000,50.58000,50.89000,6587700
1618925400,50.50000,50.64000,48.42000,48.65000,11928600
1619011800,48.03000,50.13000,47.85000,50.04000,7718900
1619098200,50.04000,50.08000,49.19000,49.46000,6582700
1619184600,49.43000,50.00000,49.16000,49.72000,5670100
1619443800,49.64000,50.92000,49.60000,50.25000,6642400
1619530200,50.44000,51.69000,50.26000,51.30000,8309600
1619616600,51.70000,53.35000,51.67000,53.04000,8897100
1619703000,54.00000,54.50000,52.85000,53.13000,9446900
1619789400,52.18000,53.01000,50.97000,51.14000,9448200
1620048600,51.92000,52.93000,51.56000,52.74000,9325100
1620135000,51.73000,53.03000,51.64000,52.57000,12834300
1620221400,54.35000,55.67000,53.22000,55.44000,12715300
1620307800,55.50000,55.72000,53.69000,55.70000,9648200
1620394200,55.07000,57.34000,54.82000,57.10000,9645500
1620653400,58.21000,59.34000,56.96000,57.00000,8801700
1620739800,55.79000,56.72000,55.15000,55.72000,9741400
1620826200,56.11000,57.71000,55.46000,55.69000,7925100
1620912600,54.61000,55.43000,53.57000,54.24000,7581500
1620999000,55.04000,56.65000,55.03000,56.52000,6419900
1621258200,56.07000,58.33000,56.07000,58.30000,11441900
1621344600,58.27000,58.64000,56.96000,57.29000,10322000
1621431000,55.94000,56.53000,54.82000,55.58000,9406200
1621517400,55.65000,55.66000,54.63000,55.39000,8798800
1621603800,56.06000,56.43000,55.57000,55.65000,6032300
1621863000,56.12000,56.26000,55.26000,56.10000,6372800
1621949400,56.00000,56.38000,54.77000,54.88000,8090600
1622035800,55.07000,55.56000,54.67000,55.42000,6716000
1622122200,55.73000,56.32000,55.12000,55.53000,7484100
1622208600,55.80000,55.95000,55.32000,55.74000,5745400
1622554200,57.08000,58.48000,57.05000,58.27000,9943600
1622640600,58.66000,59.41000,57.74000,58.99000,6103300
1622727000,58.72000,60.00000,58.56000,59.47000,8280800
1622813400,59.82000,60.13000,58.90000,59.85000,6504800
1623072600,59.81000,60.53000,59.59000,59.81000,5405100
1623159000,59.43000,60.62000,58.63000,60.47000,7345200
1623245400,60.63000,60.88000,59.58000,59.68000,7026300
1623331800,61.01000,61.28000,59.28000,60.17000,9396000
1623418200,60.50000,60.93000,59.80000,59.97000,8117000
1623677400,60.65000,61.07000,59.85000,60.31000,7744300
1623763800,60.70000,61.56000,60.47000,61.17000,7835700
1623850200,61.09000,61.78000,60.56000,61.13000,9745800
1623936600,60.90000,61.57000,58.55000,59.01000,13667200
1624023000,57.88000,59.21000,57.48000,57.53000,18583800
1624282200,58.23000,60.53000,58.21000,60.45000,8234300
1624368600,60.15000,61.12000,59.64000,60.79000,6745100
1624455000,61.10000,62.35000,60.75000,60.76000,8184000
1624541400,60.97000,61.51000,60.32000,61.39000,6424400
1624627800,61.70000,61.75000,61.02000,61.31000,8099200
1624887000,61.12000,61.17000,59.37000,59.59000,7647300
1624973400,60.10000,60.20000,58.84000,59.05000,6437000
1625059800,60.48000,60.95000,59.81000,60.90000,9309600
1625146200,62.69000,63.57000,62.35000,62.88000,11637200
1625232600,62.46000,63.17000,61.59000,62.75000,7635000
1625578200,62.78000,62.89000,60.21000,60.28000,11699400
1625664600,60.00000,60.78000,58.63000,59.01000,8239600
1625751000,58.25000,59.64000,57.99000,59.21000,10551500
1625837400,59.75000,60.46000,59.34000,60.13000,6973700
1626096600,58.91000,60.44000,58.73000,59.80000,6063100
1626183000,59.49000,59.99000,58.80000,59.46000,6510400
1626269400,59.89000,60.61000,57.34000,57.67000,8489600
1626355800,57.00000,58.22000,56.79000,57.08000,8723300
1626442200,57.70000,57.90000,55.31000,55.50000,8805300
1626701400,53.43000,54.30000,52.82000,53.70000,13342100
1626787800,53.50000,55.25000,53.28000,54.47000,9358200
1626874200,55.73000,57.42000,55.61000,57.02000,9378000
1626960600,57.02000,57.21000,56.18000,56.67000,6765500
1627047000,56.00000,56.28000,54.74000,55.34000,10623800
1627306200,55.71000,57.35000,55.57000,56.87000,8756300
1627392600,56.16000,56.62000,55.34000,56.33000,7363600
1627479000,56.48000,57.15000,55.81000,56.72000,6167200
1627565400,57.42000,57.84000,56.86000,57.08000,6306400
1627651800,56.76000,56.90000,55.72000,56.06000,8660100
1627911000,56.53000,57.76000,55.33000,55.38000,8469500
1627997400,55.09000,56.77000,54.51000,56.64000,9888200
1628083800,55.33000,56.50000,54.91000,54.93000,7629600
1628170200,55.46000,56.62000,55.05000,55.95000,6573100
1628256600,56.59000,57.17000,56.10000,56.50000,5038900
1628515800,55.67000,56.17000,55.23000,55.45000,5410600
1628602200,55.85000,56.78000,55.76000,56.48000,6781800
1628688600,56.38000,57.36000,55.95000,57.19000,6071800
1628775000,57.14000,57.58000,56.53000,57.04000,4729200
1628861400,56.95000,57.23000,55.85000,55.97000,7399800
1629120600,55.22000,55.58000,54.60000,54.81000,7464600
1629207000,54.41000,55.44000,54.25000,54.52000,6497900
1629293400,54.38000,55.06000,53.46000,53.53000,6647700
1629379800,52.67000,52.98000,51.41000,52.44000,11306400
1629466200,51.87000,52.99000,51.59000,52.77000,7068200
1629725400,54.15000,55.13000,54.02000,54.79000,8022200
1629811800,55.18000,55.69000,54.64000,55.41000,6245500
1629898200,55.45000,56.39000,55.05000,56.02000,6125200
1629984600,55.75000,56.09000,54.96000,55.13000,5209000
1630071000,55.79000,57.12000,55.52000,56.74000,6549100
1630330200,56.98000,57.14000,56.18000,56.20000,4838600
1630416600,55.75000,56.33000,55.30000,55.53000,10500500
1630503000,55.56000,55.92000,54.42000,54.65000,9319800
1630589400,55.26000,56.98000,55.21000,56.60000,6696600
1630675800,56.34000,56.95000,55.94000,56.24000,7954200
1631021400,55.89000,56.48000,55.32000,55.98000,6632600
1631107800,56.32000,56.61000,55.19000,55.28000,5228900
1631194200,55.15000,56.54000,54.83000,55.58000,6285800
1631280600,56.61000,56.74000,55.46000,55.73000,5055200
1631539800,56.57000,58.08000,56.57000,57.59000,8456500
1631626200,58.22000,58.29000,56.61000,56.94000,7880700
1631712600,58.09000,59.46000,58.06000,59.32000,10766000
1631799000,59.28000,59.66000,58.76000,59.23000,8773100
1631885400,59.07000,59.91000,58.78000,58.92000,13741300
1632144600,57.49000,58.01000,56.30000,57.07000,10001800
1632231000,58.47000,59.83000,57.72000,59.33000,13923100
1632317400,60.21000,62.89000,60.21000,62.26000,15753000
1632403800,62.25000,64.12000,62.25000,63.71000,11886800
1632490200,63.79000,65.69000,63.54000,65.02000,11128300
1632749400,66.70000,66.95000,65.80000,66.71000,13508700
1632835800,67.55000,68.64000,67.17000,67.80000,14995200
1632922200,67.63000,68.48000,66.61000,68.04000,10563700
1633008600,68.22000,68.89000,67.72000,67.77000,15845900
1633095000,68.38000,70.33000,68.31000,70.10000,13482300
1633354200,70.85000,72.61000,70.63000,71.49000,12423500
1633440600,72.10000,72.86000,70.71000,71.73000,11270100
1633527000,70.40000,72.11000,69.79000,71.81000,10613500
1633613400,72.01000,72.13000,70.61000,71.51000,11521300
1633699800,72.19000,75.10000,72.19000,74.92000,12310500
1633959000,75.13000,75.52000,73.75000,73.97000,9585200
1634045400,74.14000,74.61000,73.02000,73.41000,7635600
1634131800,72.45000,73.76000,71.46000,73.23000,8517500
1634218200,74.29000,74.61000,72.84000,73.85000,8152600
1634304600,74.63000,74.93000,74.13000,74.14000,6945100
1634563800,74.77000,75.75000,74.13000,74.50000,9917700
1634650200,74.84000,75.85000,74.38000,75.32000,6589400
1634736600,74.72000,76.10000,74.54000,76.02000,5506000
1634823000,75.65000,75.65000,74.11000,74.59000,5836300
1634909400,75.12000,76.08000,74.99000,75.72000,7170200
1635168600,76.56000,77.98000,76.20000,76.52000,7471200
1635255000,76.69000,77.63000,76.47000,77.03000,5898200
1635341400,75.56000,76.66000,74.25000,74.43000,9025600
1635427800,74.37000,75.34000,74.12000,75.15000,5195900
1635514200,74.43000,75.30000,73.97000,74.49000,8079300
1635773400,74.95000,75.41000,74.42000,74.59000,11944600
1635859800,74.54000,75.25000,72.81000,73.03000,10891900
1635946200,72.65000,73.69000,72.25000,72.74000,9311800
1636032600,74.00000,74.78000,72.87000,73.31000,8573500
1636119000,74.56000,75.81000,73.92000,75.45000,6987600
1636381800,75.67000,77.15000,75.46000,75.93000,6957700
1636468200,75.81000,75.99000,74.72000,75.75000,6049800
1636554600,74.50000,74.97000,72.93000,73.00000,7484700
1636641000,73.30000,73.66000,71.99000,72.14000,7784500
1636727400,71.59000,72.54000,71.50000,72.36000,5329600
1636986600,72.23000,73.39000,71.74000,72.72000,6181400
1637073000,73.00000,73.81000,72.57000,72.64000,7451100
1637159400,72.12000,73.93000,71.73000,71.97000,7628600
1637245800,72.12000,73.21000,71.61000,72.72000,6548800
1637332200,70.92000,71.30000,69.41000,69.61000,8817100
1637591400,69.64000,72.83000,69.61000,71.89000,7445600
1637677800,72.91000,74.72000,72.84000,73.78000,9107200
1637764200,73.23000,75.49000,73.20000,74.83000,7215800
1637937000,70.53000,71.62000,69.34000,71.48000,10258700
1638196200,73.48000,74.70000,71.95000,72.15000,9191600
1638282600,70.69000,72.24000,70.01000,70.13000,15723700
1638369000,72.01000,72.18000,69.15000,69.20000,10070500
1638455400,69.19000,71.65000,68.24000,71.26000,8410900
1638541800,72.17000,72.94000,70.18000,71.11000,6995700
1638801000,72.50000,73.51000,71.63000,72.81000,6200100
1638887400,74.16000,75.96000,74.10000,74.57000,8136600
1638973800,74.62000,75.37000,73.59000,74.11000,6313200
1639060200,73.96000,73.96000,72.46000,72.55000,6511600
1639146600,73.39000,73.65000,71.59000,73.49000,6065000
1639405800,72.87000,73.13000,70.52000,71.02000,5719100
1639492200,70.56000,71.74000,70.03000,70.68000,6669300
1639578600,70.61000,71.22000,68.67000,70.71000,6805600
1639665000,71.73000,73.06000,71.32000,71.70000,7068200
1639751400,70.90000,71.10000,68.50000,68.61000,22913100
1640010600,67.05000,68.64000,66.06000,68.60000,11485000
1640097000,69.43000,70.84000,69.30000,70.68000,6324800
1640183400,70.50000,71.62000,69.86000,71.08000,3775100
1640269800,71.29000,72.14000,71.04000,71.19000,3902700
1640615400,71.19000,73.25000,70.46000,73.21000,3967800
1640701800,73.41000,73.92000,72.89000,73.12000,3383700
1640788200,73.26000,73.78000,72.44000,72.92000,3947300
1640874600,73.08000,73.70000,72.20000,72.28000,3340200
1640961000,71.81000,72.67000,71.68000,72.18000,3453900
1641220200,72.03000,73.96000,72.02000,73.77000,5769900
1641306600,74.56000,77.38000,74.28000,76.97000,9189300
1641393000,77.98000,78.27000,75.52000,75.65000,9034500
1641479400,77.82000,78.79000,76.90000,78.49000,8679000
1641565800,78.87000,80.93000,78.38000,80.64000,10838800
1641825000,80.65000,81.16000,79.21000,81.03000,9125400
1641911400,81.61000,83.77000,80.63000,83.59000,8510600
1641997800,84.00000,84.54000,83.10000,84.40000,7740100
1642084200,83.94000,84.86000,83.19000,83.62000,6814000
1642170600,84.22000,86.87000,83.87000,86.74000,7946600
1642516200,88.00000,89.11000,85.82000,87.51000,10782900
1642602600,87.89000,88.44000,85.72000,87.28000,7370100
1642689000,86.05000,88.47000,85.40000,85.63000,7707700
1642775400,84.91000,85.11000,82.15000,82.72000,10625600
1643034600,80.70000,83.45000,78.78000,83.02000,9505400
1643121000,83.12000,87.26000,81.32000,87.11000,8514800
1643207400,88.72000,89.19000,86.36000,87.06000,9416400
1643293800,88.95000,89.74000,87.81000,89.66000,9624600
1643380200,87.98000,89.72000,87.70000,89.22000,11561400
1643639400,88.78000,89.43000,86.92000,88.62000,7539800
1643725800,87.40000,91.89000,87.22000,91.54000,9424900
1643812200,90.45000,92.61000,88.98000,92.21000,8803400
1643898600,92.78000,92.95000,89.47000,90.87000,13258500
1643985000,92.00000,94.93000,91.75000,91.87000,12035300
1644244200,90.42000,94.23000,89.68000,92.94000,8420600
1644330600,91.95000,93.15000,90.00000,91.33000,7481500
1644417000,91.53000,94.04000,91.25000,92.95000,6973200
1644503400,92.24000,94.33000,91.29000,91.91000,7149900
1644589800,91.84000,93.69000,91.35000,93.52000,9580800
1644849000,92.50000,92.72000,90.21000,91.55000,7274400
1644935400,88.68000,89.92000,87.73000,89.68000,8379300
1645021800,89.77000,91.90000,89.64000,90.21000,6854400
1645108200,90.16000,91.85000,90.16000,91.16000,6842800
1645194600,89.61000,90.64000,88.70000,89.63000,6574800
1645540200,92.73000,92.85000,86.42000,87.83000,9267500
1645626600,88.00000,89.48000,87.35000,88.23000,7355000
1645713000,90.00000,90.25000,85.29000,87.73000,11509300
1645799400,88.38000,91.52000,87.82000,91.27000,10563000
1646058600,90.67000,95.07000,89.85000,94.86000,15096000
1646145000,95.85000,98.46000,94.80000,96.96000,14453500
1646231400,98.37000,99.97000,97.19000,98.04000,16168000
1646317800,97.20000,98.19000,95.63000,97.41000,8704900
1646404200,97.61000,100.34000,97.44000,100.27000,10977300
1646663400,101.49000,103.77000,99.12000,101.27000,13788800
1646749800,101.51000,104.44000,95.86000,98.80000,17231400
1646836200,95.36000,98.72000,92.76000,96.21000,12656200
1646922600,97.28000,99.83000,96.44000,99.72000,9481000
1647009000,98.83000,101.06000,98.16000,98.41000,7666500
1647264600,97.38000,97.55000,94.21000,96.55000,10532200
1647351000,92.86000,95.82000,92.32000,95.05000,8863600
1647437400,95.20000,95.76000,94.10000,94.82000,9314200
1647523800,96.65000,99.07000,96.51000,98.83000,8868300
1647610200,99.11000,100.15000,98.47000,99.60000,16146900
1647869400,101.17000,103.97000,100.87000,102.76000,8107400
1647955800,102.67000,102.87000,100.32000,101.77000,6377500
1648042200,103.22000,105.02000,103.19000,104.37000,7681500
1648128600,104.97000,105.85000,103.75000,104.54000,6192500
1648215000,104.17000,107.52000,103.82000,107.50000,7833800
1648474200,105.06000,105.14000,103.01000,103.50000,6091100
1648560600,99.99000,100.94000,97.84000,100.69000,10977600
1648647000,101.34000,102.76000,100.60000,101.10000,6069200
1648733400,100.00000,102.45000,99.40000,100.00000,9777900
1648819800,100.15000,101.66000,99.28000,100.58000,6934100
1649079000,101.41000,101.91000,99.62000,100.55000,4946500
1649165400,100.85000,101.66000,97.90000,98.05000,5708100
1649251800,99.75000,100.17000,96.82000,97.54000,5680000
1649338200,98.73000,100.20000,96.91000,99.96000,6285300
1649424600,100.69000,103.31000,100.53000,103.05000,6175200
1649683800,101.90000,102.00000,97.79000,97.98000,7002200
1649770200,100.05000,101.88000,99.41000,100.00000,7412100
1649856600,101.08000,101.73000,98.92000,100.23000,7365100
1649943000,100.19000,102.38000,99.84000,101.37000,6337800
1650288600,102.71000,104.11000,101.70000,103.47000,4867000
1650375000,102.83000,103.58000,101.02000,101.56000,5331700
1650461400,102.10000,103.47000,101.38000,102.67000,6059200
1650547800,103.12000,103.76000,98.31000,98.67000,6290600
1650634200,97.87000,99.45000,95.77000,96.01000,6483900
1650893400,93.00000,93.42000,88.80000,91.66000,11913400
1650979800,92.51000,94.29000,91.30000,91.32000,5970100
1651066200,91.72000,93.93000,88.77000,93.06000,6765800
1651152600,93.04000,98.46000,91.20000,97.55000,9520600
1651239000,97.75000,98.81000,94.92000,95.52000,8777700
1651498200,94.27000,96.05000,92.58000,95.92000,6980500
1651584600,96.68000,99.53000,96.14000,98.93000,5748000
1651671000,101.00000,104.19000,99.11000,103.86000,7989800
1651757400,104.59000,106.59000,100.53000,102.86000,10593000
1651843800,104.17000,107.71000,102.80000,107.69000,9213100
1652103000,105.17000,105.50000,96.48000,97.20000,9750900
1652189400,98.88000,101.52000,95.97000,98.00000,7845900
1652275800,99.71000,102.89000,98.80000,99.04000,6651600
1652362200,98.45000,99.66000,95.47000,99.60000,7244400
1652448600,100.83000,103.81000,100.70000,102.91000,6549900
1652707800,103.08000,107.09000,102.64000,105.50000,7990600
1652794200,107.08000,108.30000,105.71000,107.02000,6577500
1652880600,107.72000,108.10000,102.76000,104.48000,8957000
1652967000,101.83000,106.71000,101.83000,104.61000,6784100
1653053400,105.13000,107.55000,102.19000,105.02000,6717700
1653312600,106.04000,109.43000,105.77000,109.02000,8646900
1653399000,107.95000,109.98000,106.30000,109.48000,6859100
1653485400,109.95000,111.53000,109.55000,111.20000,6707000
1653571800,112.63000,114.60000,112.18000,113.15000,6159000
1653658200,112.15000,114.60000,111.87000,114.60000,6788700
1654003800,116.23000,117.99000,111.32000,112.36000,17278500
1654090200,114.36000,117.30000,114.18000,115.75000,7246600
1654176600,114.26000,115.95000,113.11000,114.96000,5042700
1654263000,115.45000,118.42000,115.12000,118.12000,5387100
1654522200,118.19000,118.81000,116.62000,117.38000,5608400
1654608600,117.18000,122.71000,117.13000,122.71000,8559000
1654695000,122.72000,124.08000,121.50000,121.86000,7010900
1654781400,120.62000,121.78000,118.43000,118.56000,6643000
1654867800,117.00000,119.64000,115.30000,116.83000,7298800
1655127000,112.45000,114.02000,108.37000,111.76000,9516900
1655213400,114.02000,116.16000,110.04000,111.49000,7737700
1655299800,111.49000,112.06000,107.59000,109.33000,7681400
1655386200,105.01000,106.21000,101.13000,102.42000,11848400
1655472600,101.49000,102.34000,92.81000,93.74000,24455100
1655818200,96.02000,100.10000,95.98000,99.28000,10454900
1655904600,92.85000,95.05000,91.46000,93.06000,11284200
1655991000,93.75000,94.20000,87.26000,87.89000,13554900
1656077400,90.00000,92.05000,88.36000,90.91000,12282400
1656336600,91.58000,93.79000,90.95000,92.23000,8986100
1656423000,94.98000,97.07000,93.55000,95.22000,8903000
1656509400,96.89000,97.45000,91.28000,91.46000,7990100
1656595800,88.56000,91.71000,87.83000,89.81000,12748900
1656682200,91.93000,92.31000,88.31000,90.98000,6005000
1657027800,89.35000,89.35000,83.06000,84.64000,13483600
1657114200,83.71000,85.69000,80.44000,83.34000,12130900
1657200600,86.19000,87.21000,85.68000,86.35000,8072400
1657287000,87.53000,87.86000,84.67000,86.46000,5615500
1657546200,85.59000,86.60000,84.19000,85.55000,4685700
1657632600,82.56000,84.04000,81.61000,83.45000,5573100
1657719000,82.36000,85.19000,82.36000,83.11000,5535300
1657805400,79.83000,81.77000,78.30000,81.61000,8890200
1657891800,83.87000,83.94000,81.82000,82.89000,5899000
1658151000,84.74000,86.39000,84.65000,85.07000,7057600
1658237400,85.41000,88.71000,84.88000,88.48000,6674800
1658323800,87.75000,91.22000,87.22000,90.71000,7720500
1658410200,87.35000,89.06000,86.87000,88.93000,8016700
1658496600,89.21000,90.19000,87.54000,88.13000,6243500
1658755800,89.46000,92.14000,87.79000,92.05000,5815100
1658842200,93.44000,94.18000,89.97000,91.09000,7127000
1658928600,92.04000,93.66000,91.29000,93.27000,6237800
1659015000,94.22000,95.26000,92.60000,94.06000,4656100
1659101400,96.18000,97.92000,95.40000,97.43000,7394800
1659360600,95.31000,96.06000,93.68000,95.10000,5598900
1659447000,95.10000,95.85000,93.93000,94.71000,4653000
1659533400,95.35000,95.68000,90.43000,91.32000,6783300
1659619800,92.74000,93.00000,89.28000,89.88000,7810500
1659706200,88.22000,93.42000,88.00000,92.85000,5848000
1659965400,93.02000,94.69000,92.85000,93.63000,4788100
1660051800,95.30000,97.28000,94.86000,95.51000,7477700
1660138200,95.39000,96.31000,93.16000,95.98000,5625500
1660224600,98.12000,101.32000,97.52000,100.36000,6481600
1660311000,99.75000,102.96000,99.35000,102.75000,6683800
1660570200,98.39000,101.46000,97.55000,100.77000,6585900
1660656600,101.21000,102.05000,98.93000,100.10000,6924400
1660743000,100.10000,102.69000,99.77000,101.36000,5346500
1660829400,102.65000,105.11000,102.22000,104.88000,5966500
1660915800,104.59000,105.69000,103.53000,105.14000,7067100
1661175000,103.67000,105.70000,102.54000,105.24000,6701700
1661261400,107.23000,110.68000,106.74000,108.45000,8253000
1661347800,108.11000,110.76000,107.84000,110.52000,6286100
1661434200,111.45000,112.14000,110.65000,112.08000,5241000
1661520600,112.62000,114.25000,111.49000,112.12000,6508800
1661779800,112.09000,115.47000,111.89000,113.42000,6479700
1661866200,111.17000,111.51000,108.90000,110.50000,7746900
1661952600,107.85000,111.86000,107.05000,109.45000,6775700
1662039000,107.78000,108.94000,105.75000,107.53000,6717300
1662125400,109.64000,112.00000,109.00000,110.26000,6096400
1662471000,111.00000,111.68000,108.08000,108.63000,7270900
1662557400,105.82000,107.51000,104.76000,106.76000,6890900
1662643800,107.34000,109.19000,106.60000,108.32000,7147200
1662730200,110.05000,112.42000,109.87000,111.97000,6085000
1662989400,112.95000,115.41000,112.82000,114.39000,6208600
1663075800,112.90000,114.39000,111.82000,112.33000,6977400
1663162200,113.69000,118.39000,113.46000,117.71000,9457900
1663248600,115.14000,117.22000,114.63000,115.56000,9997500
1663335000,115.57000,115.64000,111.20000,113.13000,14608000
1663594200,109.80000,113.48000,109.44000,112.87000,6600600
1663680600,112.55000,112.84000,110.55000,112.07000,5655400
1663767000,114.17000,114.89000,111.06000,111.09000,5818000
1663853400,113.20000,113.85000,109.93000,110.06000,4971600
1663939800,105.09000,105.27000,99.60000,100.59000,10157300
1664199000,100.09000,102.72000,99.12000,99.20000,8719000
1664285400,101.37000,102.58000,98.52000,98.76000,8779000
1664371800,98.83000,103.44000,98.46000,103.00000,9207500
1664458200,101.59000,104.09000,99.89000,103.66000,5929800
1664544600,102.43000,103.93000,101.00000,102.34000,7172000
1664803800,106.93000,110.84000,106.53000,109.97000,7701900
1664890200,112.47000,115.85000,111.72000,115.62000,7582900
1664976600,116.25000,117.26000,113.76000,115.93000,10073000
1665063000,114.79000,118.36000,114.68000,117.65000,6388900
1665149400,118.14000,121.36000,117.32000,118.51000,9373500
1665408600,118.61000,120.44000,115.45000,116.80000,5883200
1665495000,114.11000,118.11000,113.21000,115.58000,7602400
1665581400,114.76000,117.34000,113.99000,116.30000,6221600
1665667800,114.50000,123.41000,114.43000,122.74000,7999100
1665754200,121.09000,122.98000,117.04000,117.96000,7646000
1666013400,119.78000,121.44000,118.02000,118.36000,6667000
1666099800,119.58000,120.04000,115.70000,117.89000,6826200
1666186200,118.42000,121.60000,118.09000,121.11000,5500400
1666272600,122.50000,124.91000,121.78000,121.81000,6456100
1666359000,122.67000,124.76000,121.57000,124.49000,5886200
1666618200,124.53000,126.40000,124.20000,125.14000,5734900
1666704600,124.33000,125.49000,122.88000,123.94000,7000800
1666791000,124.72000,128.17999,124.58000,126.57000,8139100
1666877400,127.70000,129.45000,126.24000,126.64000,8948500
1666963800,128.50000,128.99001,124.01000,127.17000,7293200
1667223000,125.58000,129.99001,125.57000,126.09000,7121000
1667309400,128.74001,129.32001,126.89000,127.78000,5875600
1667395800,127.08000,129.80000,125.79000,126.51000,7680400
1667482200,129.62000,136.12000,128.28999,133.82001,13209100
1667568600,137.00000,138.49001,129.64999,132.32001,10663700
1667831400,132.75000,136.42000,132.61000,134.94000,6882400
1667917800,134.30000,135.28000,132.23000,134.44000,5039800
1668004200,132.46001,132.57001,124.89000,125.26000,7069500
1668090600,128.10001,129.77000,125.57000,129.46001,7543900
1668177000,131.20000,134.85001,130.56000,133.96001,8662000
1668436200,132.38000,135.67999,132.28000,133.03000,6163400
1668522600,133.59000,134.84000,131.91000,134.09000,8300600
1668609000,132.58000,133.50000,129.09000,129.24001,7365600
1668695400,127.59000,131.37000,127.03000,131.19000,5735800
1668781800,128.41000,129.20000,126.50000,128.59000,5727200
1669041000,125.04000,127.11000,121.81000,125.49000,6573200
1669127400,128.00000,130.55000,126.46000,129.98000,5604200
1669213800,127.59000,129.22000,125.80000,126.74000,7482600
1669386600,126.89000,127.77000,126.50000,126.81000,2547800
1669645800,122.70000,125.06000,121.24000,123.84000,5648600
1669732200,125.82000,126.83000,123.92000,124.25000,4909700
1669818600,126.65000,126.68000,122.44000,123.51000,8484500
1669905000,124.67000,125.37000,122.89000,123.06000,5285100
1669991400,122.12000,123.87000,121.34000,122.18000,4879700
1670250600,124.26000,124.69000,118.71000,119.37000,5478700
1670337000,118.44000,119.74000,114.54000,115.61000,6498400
1670423400,116.29000,117.60000,114.09000,114.88000,6099100
1670509800,117.79000,117.89000,111.88000,112.60000,7720400
1670596200,112.41000,113.95000,109.73000,110.02000,6385700
1670855400,110.90000,112.30000,110.07000,111.78000,5636500
1670941800,114.45000,115.59000,113.37000,113.41000,6285200
1671028200,114.75000,115.65000,112.04000,112.87000,5927000
1671114600,111.64000,112.92000,110.47000,112.55000,6400900
1671201000,110.45000,111.22000,109.01000,110.44000,17422600
1671460200,112.16000,112.76000,109.64000,110.44000,4991400
1671546600,110.45000,113.81000,110.00000,112.65000,5538700
1671633000,114.94000,116.67000,113.55000,116.28000,5433000
1671719400,116.05000,116.78000,109.84000,112.90000,5295400
1671805800,113.65000,117.10000,113.65000,117.05000,5001500
1672151400,117.92000,119.06000,117.06000,118.47000,3849400
1672237800,118.21000,118.27000,114.74000,115.31000,3856400
1672324200,114.73000,117.00000,114.62000,116.39000,2921600
1672410600,116.07000,118.21000,116.01000,118.00000,4220500
1672756200,116.56000,117.98000,111.92000,113.12000,5424400
1672842600,111.22000,114.31000,110.46000,113.34000,4837600
1672929000,113.53000,117.80000,113.53000,116.77000,5177700
1673015400,118.50000,120.19000,117.54000,118.23000,4442300
1673274600,120.32000,120.66000,116.86000,117.36000,5403200
1673361000,118.23000,118.62000,116.68000,118.08000,4042700
1673447400,119.19000,119.55000,116.91000,118.24000,4569900
1673533800,118.39000,121.10000,117.85000,120.16000,5072500
1673620200,120.58000,121.85000,118.51000,121.47000,4360200
1673965800,121.06000,122.54000,119.56000,120.24000,5228500
1674052200,121.20000,123.71000,118.36000,118.55000,5138700
1674138600,117.55000,120.26000,116.26000,119.64000,5049100
1674225000,120.16000,121.91000,119.25000,121.80000,5101400
1674484200,122.46000,123.17000,119.97000,120.13000,3963200
1674570600,121.00000,121.00000,117.64000,118.81000,4216900
1674657000,118.20000,120.38000,116.64000,120.37000,3984700
1674743400,122.29000,124.73000,120.80000,124.65000,5807400
1674829800,124.69000,126.39000,123.52000,123.61000,4857500
1675089000,122.09000,122.60000,120.33000,120.53000,5246300
1675175400,120.22000,122.09000,119.10000,121.87000,5200100
1675261800,120.71000,120.97000,115.20000,117.70000,7282300
1675348200,113.49000,115.39000,109.76000,111.30000,11531300
1675434600,111.31000,112.39000,107.76000,108.11000,13504200
1675693800,108.57000,109.95000,106.73000,107.49000,11516300
1675780200,108.41000,112.15000,107.41000,112.02000,7370600
1675866600,112.23000,113.00000,109.84000,110.79000,6713200
1675953000,110.61000,111.74000,109.85000,109.93000,5768300
1676039400,111.98000,115.37000,111.83000,115.06000,10779200
1676298600,113.95000,114.10000,112.12000,112.31000,6018200
1676385000,111.00000,114.45000,110.55000,113.55000,7308100
1676471400,111.82000,112.17000,109.98000,111.65000,7203700
1676557800,110.88000,111.71000,108.09000,108.36000,6531900
1676644200,106.14000,106.67000,103.17000,104.12000,11294500
1676989800,104.01000,106.12000,103.51000,105.31000,7200600
1677076200,105.48000,105.48000,102.96000,104.08000,7929500
1677162600,106.00000,106.40000,104.07000,105.43000,6095800
1677249000,104.17000,105.55000,103.36000,105.25000,5617900
1677508200,105.17000,106.18000,103.44000,105.86000,7429300
1677594600,106.66000,107.31000,103.31000,103.35000,8771800
1677681000,103.73000,107.68000,103.23000,106.25000,6064700
1677767400,106.07000,108.96000,105.78000,108.33000,5458600
1677853800,106.27000,109.08000,105.82000,108.64000,7075100
1678113000,107.58000,109.60000,107.10000,109.56000,6200900
1678199400,108.59000,108.92000,106.67000,107.65000,4973200
1678285800,107.00000,108.53000,105.76000,107.23000,4576800
1678372200,107.92000,109.25000,105.36000,105.81000,5191600
1678458600,105.73000,107.33000,103.60000,104.22000,5313100
1678714200,102.00000,103.58000,99.57000,100.68000,8789700
1678800600,101.05000,104.42000,99.62000,101.36000,7090800
1678887000,97.42000,98.71000,93.59000,95.24000,10661200
1678973400,92.01000,96.50000,91.53000,96.40000,10111500
1679059800,96.35000,96.95000,93.50000,94.39000,17056000
1679319000,94.84000,96.89000,94.71000,96.16000,7932900
1679405400,98.09000,100.09000,98.00000,99.71000,6770200
1679491800,100.00000,101.09000,98.29000,98.37000,5635500
1679578200,98.51000,99.76000,95.50000,96.42000,5866400
1679664600,94.56000,95.90000,93.26000,95.43000,8385900
1679923800,96.31000,98.50000,95.60000,97.48000,6049700
1680010200,96.61000,98.69000,96.43000,97.93000,3792000
1680096600,99.64000,100.30000,98.67000,99.75000,7596300
1680183000,100.61000,100.86000,98.87000,99.25000,5461100
1680269400,99.81000,99.90000,98.94000,99.21000,7708800
1680528600,105.13000,109.14000,105.01000,108.42000,12394300
1680615000,108.33000,108.77000,105.11000,106.30000,5425500
1680701400,106.91000,107.88000,105.92000,107.75000,5806800
1680787800,106.90000,107.74000,105.89000,106.26000,5087800
1681133400,107.04000,108.01000,105.61000,105.95000,4374700
1681219800,106.10000,107.20000,105.49000,106.75000,4812200
1681306200,108.48000,109.09000,107.41000,107.53000,8108200
1681392600,107.94000,109.90000,107.12000,109.04000,7160100
1681479000,109.48000,110.02000,108.12000,108.50000,5052100
1681738200,106.80000,107.69000,105.52000,105.61000,6278800
1681824600,104.99000,105.70000,104.10000,104.95000,7745300
1681911000,103.85000,105.81000,103.50000,105.26000,4717500
1681997400,103.45000,103.90000,102.12000,103.78000,5351600
1682083800,104.10000,104.20000,101.63000,102.26000,5279000
1682343000,101.95000,103.95000,101.77000,103.65000,5215800
1682429400,101.60000,102.41000,100.48000,102.09000,5355800
1682515800,101.33000,102.13000,99.65000,100.47000,4295000
1682602200,100.45000,101.93000,99.81000,101.23000,4196700
1682688600,100.57000,103.73000,100.32000,102.89000,6638200
1682947800,101.58000,103.01000,101.13000,102.53000,3644900
1683034200,100.88000,101.39000,97.48000,98.64000,8100100
1683120600,96.83000,97.58000,95.70000,96.09000,9085100
1683207000,96.20000,98.52000,95.81000,97.36000,6840000
1683293400,101.12000,101.60000,98.94000,100.37000,5566700
1683552600,102.09000,102.75000,100.60000,100.90000,5058900
1683639000,100.01000,102.62000,99.95000,101.53000,4896100
1683725400,101.99000,102.26000,99.55000,100.47000,5285900
1683811800,98.88000,100.12000,98.55000,99.89000,5671700
1683898200,100.64000,100.95000,98.71000,99.43000,5004400
1684157400,99.33000,100.45000,98.46000,100.29000,5838100
1684243800,99.87000,100.56000,97.42000,98.07000,4822200
1684330200,99.54000,101.46000,98.56000,100.71000,5013700
1684416600,100.20000,100.85000,99.25000,100.74000,5503400
1684503000,102.33000,103.59000,101.83000,102.60000,6068200
1684762200,102.73000,104.92000,102.42000,103.73000,5561900
1684848600,104.46000,105.57000,103.99000,104.39000,5415700
1684935000,105.49000,105.68000,103.47000,103.98000,5141900
1685021400,101.94000,102.40000,100.50000,101.69000,4951900
1685107800,102.67000,102.85000,100.88000,101.85000,5709500
1685453400,100.70000,101.59000,100.03000,101.20000,6721800
1685539800,99.43000,100.99000,99.23000,99.30000,22757300
1685626200,99.57000,100.98000,98.38000,99.53000,5857800
1685712600,101.36000,102.93000,100.48000,102.35000,4958500
1685971800,104.25000,104.25000,100.97000,102.07000,5153900
1686058200,101.05000,102.74000,100.35000,101.94000,3622400
1686144600,102.32000,105.48000,102.32000,104.81000,4827700
1686231000,104.85000,105.57000,102.59000,104.54000,5231300
1686317400,104.84000,105.45000,103.63000,103.89000,4085100
1686576600,102.21000,104.15000,101.43000,102.82000,6049600
1686663000,103.85000,105.47000,103.22000,103.41000,4904300
1686749400,104.43000,104.95000,102.04000,102.67000,4915300
1686835800,102.89000,105.31000,102.83000,104.15000,4614600
1686922200,104.86000,105.48000,104.22000,104.92000,9928200
1687267800,104.13000,104.75000,101.02000,102.03000,8590000
1687354200,101.80000,104.43000,101.80000,103.70000,6477500
1687440600,102.64000,102.88000,101.10000,101.43000,4967700
1687527000,100.03000,100.92000,99.63000,100.46000,7149000
1687786200,100.16000,101.87000,100.00000,101.31000,4361000
1687872600,101.01000,101.62000,100.33000,100.79000,3816900
1687959000,100.82000,102.72000,99.96000,102.51000,5463000
1688045400,102.51000,103.31000,101.81000,103.06000,4260300
1688131800,103.75000,104.40000,102.54000,103.61000,7000000
1688391000,103.95000,104.99000,103.63000,104.23000,2234000
1688563800,105.00000,105.00000,103.14000,104.02000,4154900
1688650200,102.80000,103.63000,99.35000,100.34000,6004500
1688736600,100.55000,104.61000,100.12000,103.23000,7393100
1688995800,102.85000,104.46000,102.75000,104.35000,6405900
1689082200,105.00000,107.61000,104.85000,107.44000,5648500
1689168600,108.64000,109.57000,108.45000,109.31000,6229200
1689255000,109.89000,111.76000,109.58000,110.55000,6054900
1689341400,110.07000,110.23000,106.45000,107.09000,4738200
1689600600,106.69000,107.66000,106.14000,106.44000,4081400
1689687000,106.45000,109.50000,106.40000,108.75000,4396800
1689773400,108.77000,110.69000,108.77000,109.48000,5408200
1689859800,110.50000,111.78000,110.20000,111.69000,6702300
1689946200,112.17000,113.20000,111.85000,112.89000,4957000
1690205400,113.40000,115.70000,113.40000,114.72000,3999600
1690291800,114.37000,116.52000,113.90000,116.18000,3664700
1690378200,115.32000,117.14000,115.16000,116.83000,4006300
1690464600,117.34000,117.89000,115.33000,115.78000,4568500
1690551000,115.74000,116.30000,114.67000,115.93000,3138800
1690810200,117.22000,118.25000,116.76000,117.72000,4126100
1690896600,117.26000,117.83000,116.19000,117.38000,3308200
1690983000,116.69000,117.54000,114.91000,115.59000,4577800
1691069400,114.91000,117.29000,113.01000,114.99000,7285300
1691155800,115.87000,116.69000,113.58000,113.71000,6928700
1691415000,114.49000,114.60000,113.25000,114.48000,3635100
1691501400,112.65000,115.79000,111.30000,115.59000,4281300
1691587800,116.73000,118.84000,116.30000,116.44000,4818800
1691674200,116.29000,117.59000,115.16000,115.83000,3589300
1691760600,115.98000,118.05000,115.47000,117.81000,3771600
1692019800,117.17000,117.78000,116.30000,117.69000,4252400
1692106200,116.50000,116.85000,114.97000,115.51000,4214900
1692192600,115.75000,116.91000,114.56000,114.64000,3767200
1692279000,116.50000,117.88000,116.22000,116.73000,4044700
1692365400,115.84000,118.03000,115.65000,117.29000,4267600
1692624600,118.14000,119.11000,116.54000,117.21000,3271600
1692711000,117.59000,117.74000,116.08000,116.15000,3194300
1692797400,115.01000,116.34000,113.86000,115.81000,3136700
1692883800,115.19000,116.38000,114.74000,114.80000,3538500
1692970200,115.69000,117.13000,114.76000,116.52000,3710300
1693229400,116.48000,118.40000,116.42000,117.52000,2821600
1693315800,117.86000,118.10000,116.58000,117.66000,3213700
1693402200,118.27000,118.94000,118.01000,118.70000,2847500
1693488600,119.17000,119.56000,118.10000,119.03000,4395700
1693575000,120.00000,122.50000,119.97000,122.14000,6398300
1693920600,122.77000,124.99000,122.56000,122.83000,5785700
1694007000,122.47000,123.44000,121.92000,123.07000,4664000
1694093400,122.99000,123.68000,121.61000,121.71000,3503900
1694179800,122.76000,124.01000,122.45000,122.72000,4368400
1694439000,123.44000,123.90000,119.82000,120.44000,4294500
1694525400,121.25000,123.44000,121.20000,123.08000,4486600
1694611800,123.48000,123.70000,121.47000,122.31000,3879700
1694698200,123.50000,124.89000,123.44000,124.50000,4686200
1694784600,124.05000,125.99000,123.19000,123.57000,12441000
1695043800,125.18000,125.73000,124.07000,124.48000,4945300
1695130200,125.84000,126.03000,122.18000,123.16000,4190700
1695216600,122.63000,123.81000,121.06000,121.17000,3444600
1695303000,122.03000,122.16000,118.75000,119.07000,4470700
1695389400,119.92000,121.18000,119.04000,119.16000,3641100
1695648600,119.29000,121.27000,118.89000,121.07000,3291300
1695735000,119.80000,121.44000,119.34000,120.14000,5204500
1695821400,121.72000,123.92000,120.80000,123.09000,5364100
1695907800,122.86000,124.31000,122.18000,122.72000,3964600
1695994200,122.48000,122.61000,119.64000,119.80000,5308900
1696253400,120.24000,120.31000,115.96000,117.10000,4769500
1696339800,116.76000,117.67000,116.07000,117.60000,4162600
1696426200,115.32000,115.63000,111.67000,113.33000,7287600
1696512600,112.51000,114.58000,112.19000,113.42000,4070100
1696599000,114.38000,116.59000,113.16000,115.33000,4209700
1696858200,118.96000,121.87000,118.75000,121.82000,6532800
1696944600,121.25000,122.24000,120.19000,120.39000,5705500
1697031000,119.50000,120.19000,118.03000,120.04000,7300700
1697117400,121.08000,121.73000,120.46000,121.11000,3859500
1697203800,124.06000,125.97000,123.43000,124.86000,5589100
1697463000,125.58000,126.12000,124.18000,125.31000,3769500
1697549400,125.20000,126.43000,124.94000,125.46000,4213800
1697635800,126.21000,127.24000,125.45000,126.59000,4781900
1697722200,125.69000,127.35000,124.87000,126.38000,4491300
1697808600,126.19000,126.67000,123.86000,124.06000,5289400
1698067800,123.06000,123.16000,120.64000,121.34000,5969400
1698154200,121.57000,121.99000,119.90000,119.95000,4664400
1698240600,119.53000,120.93000,118.77000,120.41000,5010600
1698327000,118.73000,119.16000,117.25000,118.31000,6066500
1698413400,117.70000,118.34000,116.44000,117.80000,5312500
1698672600,117.78000,118.50000,116.51000,118.14000,5830500
1698759000,117.90000,118.99000,116.49000,118.80000,4505000
1698845400,119.48000,119.77000,116.49000,116.67000,8350900
1698931800,117.87000,123.25000,117.37000,122.02000,9068700
1699018200,121.50000,121.89000,119.35000,119.75000,5935600
1699281000,120.24000,120.56000,118.19000,118.47000,4610800
1699367400,116.42000,116.50000,114.33000,115.25000,5491000
1699453800,115.20000,115.62000,113.97000,114.45000,5884300
1699540200,115.65000,116.07000,114.05000,114.15000,4306200
1699626600,115.24000,116.21000,114.60000,115.61000,4602300
1699885800,114.99000,115.91000,114.99000,115.36000,3225700
1699972200,116.00000,116.81000,115.34000,115.54000,5421700
1700058600,115.00000,116.67000,114.88000,115.03000,4733300
1700145000,113.51000,113.76000,109.98000,111.99000,6733200
1700231400,112.80000,115.53000,112.23000,114.59000,5799100
1700490600,114.99000,116.58000,114.59000,115.39000,4046400
1700577000,115.18000,115.63000,114.56000,115.17000,3720200
1700663400,112.02000,115.13000,111.16000,114.85000,4559000
1700836200,114.89000,116.57000,114.86000,115.49000,2159200
1701095400,114.98000,115.13000,113.36000,114.80000,5289500
1701181800,115.26000,115.98000,114.48000,114.98000,3469100
1701268200,115.36000,115.56000,113.32000,113.97000,6065300
1701354600,115.17000,116.70000,113.64000,115.57000,10242700
1701441000,115.03000,117.04000,114.85000,115.23000,4675800
1701700200,114.08000,115.92000,113.88000,114.53000,4824800
1701786600,114.73000,114.90000,113.04000,113.14000,5821400
1701873000,112.33000,112.33000,109.74000,110.52000,7489500
1701959400,111.32000,111.91000,110.65000,110.85000,5816800
1702045800,111.74000,112.19000,111.06000,112.07000,5713900
1702305000,112.12000,112.63000,111.54000,112.16000,7250100
1702391400,110.77000,111.48000,109.70000,111.06000,6888800
1702477800,111.50000,112.26000,110.87000,111.85000,8570100
1702564200,112.95000,116.35000,112.75000,114.95000,11490400
1702650600,114.35000,115.74000,113.62000,114.54000,30860400
1702909800,115.83000,117.27000,114.65000,114.90000,7000500
1702996200,114.95000,116.64000,114.25000,116.49000,6379200
1703082600,116.87000,118.94000,116.38000,116.69000,7767200
1703169000,116.50000,116.88000,115.28000,116.83000,4149300
1703255400,118.00000,118.63000,117.29000,117.66000,4299400
1703601000,118.70000,119.43000,118.38000,119.02000,2893600
1703687400,118.51000,119.64000,118.08000,118.49000,3441400
1703773800,117.66000,118.20000,116.44000,116.50000,3711400
1703860200,117.21000,117.55000,115.81000,116.07000,3643600
1704205800,117.17000,118.80000,116.85000,117.59000,4688400
1704292200,117.95000,120.18000,117.41000,119.93000,4881900
1704378600,120.61000,121.24000,116.27000,116.48000,5891500
1704465000,117.50000,117.77000,116.00000,116.53000,3984600
1704724200,114.96000,115.05000,112.48000,114.50000,6769600
1704810600,114.50000,114.50000,112.25000,112.76000,5935600
1704897000,112.73000,112.73000,110.83000,111.18000,4445200
1704983400,111.61000,112.24000,110.94000,111.00000,4212600
1705069800,113.00000,113.37000,111.05000,111.70000,5549800
1705415400,111.50000,111.74000,108.34000,108.64000,6677500
1705501800,106.92000,108.54000,106.58000,107.57000,4864100
1705588200,107.34000,107.34000,105.77000,106.93000,6150900
1705674600,106.05000,107.92000,105.92000,107.87000,5702200
1705933800,107.50000,108.39000,107.00000,108.06000,5740200
1706020200,107.82000,109.42000,107.65000,107.99000,3969500
1706106600,108.92000,110.02000,108.42000,109.67000,5332000
1706193000,109.80000,112.08000,109.26000,112.05000,5958700
1706279400,112.04000,112.45000,110.44000,112.23000,4156000
1706538600,112.04000,112.10000,110.49000,111.60000,4705700
1706625000,111.21000,114.33000,110.76000,114.05000,6206500
1706711400,113.97000,114.10000,111.79000,111.87000,5501400
1706797800,112.34000,113.22000,110.80000,111.38000,5255200
1706884200,111.66000,111.95000,109.69000,110.63000,4610200
1707143400,110.25000,110.86000,109.29000,109.97000,4520400
1707229800,110.88000,112.45000,110.20000,111.52000,4777100
1707316200,111.72000,112.97000,111.45000,112.32000,6100700
1707402600,113.11000,115.29000,112.59000,113.90000,7715500
1707489000,113.99000,114.30000,111.02000,111.16000,5974000
1707748200,111.27000,112.14000,110.53000,111.10000,5802000
1707834600,111.10000,111.93000,108.84000,109.77000,6321100
1707921000,110.20000,111.04000,109.52000,110.12000,7248400
1708007400,109.04000,111.70000,108.84000,111.00000,9421900
1708093800,111.48000,111.80000,110.40000,110.57000,6967800
1708439400,110.55000,111.63000,109.36000,109.54000,6458300
1708525800,110.00000,113.67000,109.70000,112.87000,6925500
1708612200,112.06000,112.91000,111.31000,112.22000,5104900
1708698600,111.09000,112.26000,110.10000,111.51000,5206200
1708957800,111.20000,112.52000,110.61000,112.42000,5751200
1709044200,113.03000,113.33000,111.06000,111.61000,5060000
1709130600,111.90000,113.32000,111.15000,112.04000,4578900
1709217000,112.51000,113.16000,111.85000,112.54000,6624000
1709303400,113.80000,115.53000,113.63000,114.24000,5094300
1709562600,114.04000,114.39000,111.58000,111.64000,5877200
1709649000,111.21000,112.80000,110.85000,111.22000,6247000
1709735400,112.30000,112.90000,111.48000,111.99000,4888700
1709821800,111.73000,113.43000,111.69000,112.74000,5097300
1709908200,112.21000,113.21000,111.86000,113.00000,5227600
1710163800,113.37000,115.36000,112.65000,115.25000,5899300
1710250200,115.08000,115.73000,114.36000,115.02000,5653000
1710336600,116.80000,118.61000,116.17000,117.55000,7685400
1710423000,119.17000,119.99000,118.74000,119.78000,7800800
1710509400,119.13000,120.80000,119.13000,120.04000,17549000
1710768600,120.90000,121.07000,119.16000,120.26000,4827900
1710855000,120.36000,122.16000,120.30000,122.02000,4457800
1710941400,121.22000,122.36000,121.03000,121.91000,3597000
1711027800,122.07000,123.59000,121.68000,123.51000,4925600
1711114200,123.55000,124.05000,122.71000,123.03000,4976100
1711373400,123.72000,126.65000,123.15000,126.23000,7054400
1711459800,126.50000,126.90000,125.20000,125.99000,5203400
1711546200,125.65000,127.02000,125.32000,126.84000,3847800
1711632600,128.00000,128.64000,126.71000,127.28000,4657800
1711978200,128.00000,128.94000,126.75000,128.67999,3036000
1712064600,129.52000,130.84000,128.63000,130.67000,4969700
1712151000,130.91000,132.00000,130.52000,131.63000,3707300
1712237400,132.13000,132.42999,131.05000,131.75000,3908400
1712323800,131.96001,133.84000,131.19000,133.52000,3595500
1712583000,133.75000,134.02000,132.17999,132.42000,4481900
1712669400,132.78999,133.20000,131.00999,132.25000,3756000
1712755800,132.48000,133.67999,131.75999,132.82001,4402400
1712842200,132.53999,133.19000,130.64999,132.92000,4328800
1712928600,134.28000,135.17999,130.39000,131.20000,4955300
1713187800,132.13000,132.61000,130.03000,130.25000,4219300
1713274200,130.00000,130.80000,128.50000,129.53000,3878600
1713360600,129.12000,130.14000,127.55000,128.33000,3869700
1713447000,128.73000,129.22000,127.25000,127.81000,3588200
1713533400,128.14000,130.50999,127.81000,129.38000,3984800
1713792600,128.61000,130.39999,126.94000,129.33000,4194900
1713879000,128.63000,130.19000,127.73000,129.84000,3773600
1713965400,129.37000,129.69000,128.28999,129.28000,3846600
1714051800,129.70000,130.64000,128.30000,130.11000,3666400
1714138200,129.46001,130.77000,128.86000,130.24001,4823100
1714397400,129.75000,130.44000,128.80000,130.22000,3609400
1714483800,129.81000,129.85001,125.43000,125.62000,6296800
1714570200,125.08000,125.73000,123.42000,124.34000,5423500
1714656600,124.72000,125.20000,121.66000,122.25000,7685900
1714743000,122.51000,122.68000,120.88000,122.23000,5020700
1715002200,123.08000,125.22000,123.02000,123.55000,4848600
1715088600,123.66000,124.94000,123.07000,123.54000,5902000
1715175000,122.83000,123.97000,122.70000,123.06000,4200200
1715261400,122.99000,124.23000,122.65000,123.39000,5430500
1715347800,123.04000,123.98000,121.57000,121.91000,4515900
1715607000,121.87000,122.56000,121.27000,121.59000,6421200
1715693400,121.53000,122.17000,120.43000,121.04000,6144700
1715779800,120.67000,121.91000,118.66000,120.70000,6138600
1715866200,120.35000,121.39000,119.60000,119.83000,5002900
1715952600,120.90000,121.99000,120.06000,121.71000,4450300
1716211800,121.75000,122.11000,120.49000,120.89000,2814700
1716298200,120.69000,121.73000,120.29000,120.41000,2756700
1716384600,119.52000,119.72000,117.39000,118.19000,4468100
1716471000,118.83000,119.43000,117.20000,117.65000,3757200
1716557400,118.39000,118.59000,116.86000,117.25000,2851100
1716903000,117.83000,119.23000,117.73000,118.96000,3830700
1716989400,117.60000,117.66000,113.81000,115.25000,14290900
1717075800,115.70000,116.38000,112.93000,113.58000,9914300
1717162200,113.86000,116.54000,113.77000,116.48000,13830200
1717421400,116.26000,116.43000,112.96000,113.87000,7129500
1717507800,112.80000,113.00000,111.30000,112.27000,7683600
1717594200,112.06000,112.45000,111.30000,112.23000,5119100
1717680600,111.77000,112.40000,111.54000,112.20000,5355200
1717767000,111.97000,112.79000,111.15000,112.00000,4375700
1718026200,112.38000,114.00000,111.97000,113.30000,5307300
1718112600,113.19000,113.65000,112.65000,113.63000,4181900
1718199000,114.50000,114.97000,111.56000,112.19000,8650100
1718285400,112.00000,112.17000,110.09000,110.89000,5939300
1718371800,111.18000,111.18000,109.12000,109.39000,5690400
1718631000,108.90000,109.90000,108.48000,109.54000,5754200
1718717400,110.07000,111.20000,109.01000,109.41000,5690200
1718890200,109.60000,111.85000,109.26000,111.33000,5442400
1718976600,111.83000,112.26000,110.73000,111.34000,27096700
1719235800,112.25000,115.99000,111.91000,115.17000,8802700
1719322200,114.71000,115.06000,113.66000,114.99000,4956400
1719408600,115.20000,115.20000,112.76000,113.61000,5366500
1719495000,114.00000,114.33000,113.11000,113.97000,3846500
1719581400,115.40000,115.57000,113.64000,114.38000,7191800
1719840600,115.04000,115.46000,113.65000,114.36000,3925100
1719927000,115.38000,115.61000,113.33000,114.12000,3836700
1720013400,114.05000,115.66000,113.70000,114.77000,2326200
1720186200,114.53000,114.72000,112.14000,112.55000,4188300
1720445400,111.97000,112.64000,111.32000,112.23000,4199600
1720531800,110.91000,112.64000,110.66000,111.19000,3460400
1720618200,110.79000,112.63000,110.48000,112.53000,3867700
1720704600,112.53000,114.38000,111.96000,113.99000,5839100
1720791000,114.40000,114.60000,112.85000,113.14000,4505900
1721050200,114.01000,115.20000,113.02000,114.57000,5118100
1721136600,113.72000,115.42000,113.15000,115.19000,4633700
1721223000,115.75000,117.40000,115.53000,116.08000,6484000
1721309400,116.30000,118.40000,115.35000,116.61000,5957100
1721395800,117.16000,117.32000,114.23000,114.35000,7559100
1721655000,113.60000,113.67000,112.10000,112.32000,5172800
1721741400,111.85000,112.05000,110.07000,110.83000,5714300
1721827800,111.72000,112.42000,110.51000,111.10000,4808000
1721914200,111.00000,112.04000,110.45000,111.03000,5492100
1722000600,111.15000,111.54000,109.93000,110.86000,5198800
1722259800,111.24000,111.29000,108.38000,109.12000,4629500
1722346200,109.17000,110.27000,108.94000,109.91000,9794200
1722432600,111.61000,112.40000,111.10000,111.20000,7554600
1722519000,112.45000,112.68000,107.92000,108.39000,9704600
1722605400,107.72000,108.08000,103.98000,105.77000,7445100
1722864600,104.00000,105.31000,102.27000,104.57000,8475000
1722951000,104.57000,106.45000,104.11000,105.80000,8424900
1723037400,107.25000,108.44000,106.44000,106.93000,7735400
1723123800,107.24000,108.64000,106.92000,108.27000,5392900
1723210200,108.27000,109.10000,107.09000,108.61000,5776200
1723469400,108.45000,110.23000,108.28000,110.03000,5906900
1723555800,108.99000,109.38000,107.86000,108.34000,5866800
1723642200,108.51000,109.84000,108.23000,109.33000,6388000
1723728600,109.68000,111.37000,109.68000,111.23000,6307000
1723815000,110.32000,111.38000,109.86000,111.18000,3819100
1724074200,111.22000,112.75000,111.12000,111.74000,4335600
1724160600,111.57000,111.81000,108.85000,109.85000,6783300
1724247000,110.81000,111.19000,108.90000,109.62000,4011900
1724333400,109.60000,110.52000,109.41000,109.97000,3644500
1724419800,110.83000,111.49000,110.27000,111.40000,4024200
1724679000,113.02000,115.03000,112.94000,113.56000,6253900
1724765400,113.66000,113.66000,112.06000,112.43000,3521700
1724851800,112.04000,112.20000,110.64000,112.15000,4506400
1724938200,112.98000,115.14000,112.07000,114.37000,5270200
1725024600,113.12000,114.04000,112.41000,113.79000,5559500
1725370200,111.90000,111.91000,109.21000,109.85000,6369900
1725456600,110.33000,111.19000,108.44000,108.56000,6251500
1725543000,109.22000,109.39000,107.29000,107.45000,5582400
1725629400,107.73000,108.62000,105.72000,106.02000,5229900
1725888600,106.05000,106.67000,105.54000,105.60000,6477000
1725975000,105.55000,105.74000,103.24000,104.00000,5611500
1726061400,103.80000,104.04000,101.30000,102.57000,6803100
1726147800,102.72000,103.68000,102.15000,102.90000,6775900
1726234200,103.32000,104.37000,103.05000,103.50000,5441600
1726493400,104.96000,105.69000,104.45000,105.55000,9325300
1726579800,105.51000,108.50000,105.30000,108.29000,8661300
1726666200,107.52000,109.93000,107.51000,108.62000,7424100
1726752600,110.50000,111.35000,109.37000,110.55000,7990700
1726839000,111.16000,111.74000,109.73000,109.87000,33515100
1727098200,110.10000,110.94000,107.49000,109.69000,8197600
1727184600,111.34000,111.47000,108.78000,108.91000,7787400
1727271000,108.50000,108.82000,105.69000,105.73000,6561400
1727357400,103.00000,104.22000,102.17000,102.31000,9524000
1727443800,102.63000,104.84000,102.60000,104.72000,5489500
1727703000,104.40000,105.58000,103.87000,105.28000,6584000
1727789400,104.54000,109.68000,104.10000,109.37000,8067600
1727875800,111.28000,111.64000,108.59000,110.36000,7559900
1727962200,110.70000,112.51000,109.99000,112.42000,7397400
1728048600,113.57000,114.63000,112.05000,114.54000,7585100
1728307800,114.94000,116.08000,114.44000,114.72000,4899800
1728394200,112.74000,112.92000,110.16000,110.80000,5579800
1728480600,109.91000,111.52000,109.55000,110.97000,4217200
1728567000,111.64000,112.83000,110.76000,111.86000,3946400
1728653400,110.75000,111.70000,110.27000,110.49000,6820300
1728912600,109.70000,110.43000,108.90000,109.47000,5174000
1728999000,106.00000,107.13000,105.12000,105.21000,6395700
1729085400,105.64000,106.00000,105.04000,105.16000,4602900
1729171800,105.32000,106.24000,104.94000,106.15000,5093400
1729258200,105.93000,106.14000,104.70000,105.67000,4326600
1729517400,106.65000,106.84000,104.69000,104.99000,4387000
1729603800,105.78000,105.81000,104.76000,105.00000,4710800
1729690200,104.59000,105.06000,103.66000,104.51000,4541300
1729776600,105.00000,105.17000,103.45000,104.37000,3504600
1729863000,105.06000,105.43000,104.25000,104.56000,3823100
1730122200,101.80000,103.35000,101.50000,103.26000,4438900
1730208600,102.96000,103.76000,102.16000,102.32000,3809400
1730295000,102.86000,103.43000,102.37000,102.98000,6413100
1730381400,106.97000,110.65000,106.00000,109.54000,11969400
1730467800,109.51000,110.01000,106.68000,107.84000,7428000
1730730600,109.00000,110.07000,108.72000,108.86000,5441700
1730817000,109.19000,110.02000,108.58000,109.21000,6003100
1730903400,112.00000,114.87000,111.39000,113.63000,7733600
1730989800,113.91000,113.99000,111.86000,112.40000,5442000
1731076200,111.10000,112.00000,110.56000,111.59000,5314000
1731335400,111.52000,112.75000,110.95000,112.05000,3820200
1731421800,112.46000,112.83000,110.47000,110.64000,5175700
1731508200,110.42000,112.46000,109.50000,111.82000,5961600
1731594600,112.59000,113.02000,111.35000,112.92000,4389900
1731681000,112.68000,114.07000,111.88000,112.32000,4124000
1731940200,113.39000,114.46000,112.75000,113.76000,5089000
1732026600,112.62000,114.14000,112.25000,113.09000,5100000
1732113000,112.90000,113.99000,112.64000,113.43000,4092700
1732199400,114.27000,115.38000,111.50000,111.90000,12535500
1732285800,112.17000,112.73000,111.13000,111.75000,7516200
1732545000,111.90000,111.96000,105.54000,106.10000,23447400
1732631400,106.62000,107.35000,104.90000,106.78000,12073700
1732717800,107.36000,108.99000,107.11000,107.39000,6237600
1732890600,107.75000,108.52000,107.36000,108.34000,3918700
1733149800,108.34000,108.74000,105.54000,106.14000,5939700
1733236200,107.03000,107.67000,105.71000,106.05000,5862600
1733322600,105.94000,106.11000,102.83000,103.51000,7291000
1733409000,105.08000,105.87000,104.01000,104.44000,7074700
1733495400,104.45000,104.59000,102.40000,103.22000,5365600
1733754600,104.22000,105.05000,102.88000,103.16000,6526500
1733841000,103.63000,104.14000,102.10000,102.36000,5860800
1733927400,102.36000,102.72000,101.69000,102.19000,8195500
1734013800,102.38000,102.62000,100.87000,100.91000,5908600
1734100200,101.05000,102.26000,100.58000,101.02000,6887800
1734359400,101.13000,101.49000,99.43000,99.57000,7441800
1734445800,98.77000,99.26000,96.75000,98.26000,8737800
1734532200,98.00000,98.51000,95.75000,95.85000,8466500
1734618600,96.99000,96.99000,95.10000,95.18000,9951200
1734705000,94.76000,96.38000,94.23000,95.12000,29542200
1734964200,95.43000,96.88000,94.58000,96.38000,7892300
1735050600,96.50000,97.19000,95.85000,97.11000,2677400
1735223400,97.13000,97.15000,96.24000,96.89000,4325600
1735309800,97.00000,97.98000,96.47000,96.92000,5889700
1735569000,97.25000,97.60000,96.14000,97.09000,5238800
1735655400,97.30000,99.30000,97.10000,99.17000,5556400
1735828200,100.00000,101.28000,99.52000,100.08000,5080600
1735914600,100.62000,101.40000,100.29000,101.09000,5758200
1736173800,101.55000,102.15000,99.64000,99.99000,5935500
1736260200,100.50000,102.49000,99.91000,101.67000,5074700
1736346600,101.00000,102.45000,100.75000,101.62000,5119900
1736519400,103.50000,104.44000,101.19000,101.92000,7013200
1736778600,102.02000,105.10000,102.02000,104.23000,7342100
1736865000,103.38000,104.95000,103.15000,104.88000,4808100
1736951400,105.02000,105.87000,104.44000,105.48000,4566900
1737037800,105.19000,106.17000,105.09000,105.61000,5273500
1737124200,105.80000,106.15000,105.17000,105.85000,8559300
1737469800,105.00000,105.73000,104.04000,104.28000,7144700
1737556200,104.28000,104.99000,102.92000,103.06000,4839100
1737642600,104.11000,105.48000,103.63000,103.99000,5734200
1737729000,104.51000,104.75000,101.73000,101.83000,5962100
1737988200,102.46000,103.71000,101.40000,102.69000,6831000
1738074600,102.89000,103.33000,100.74000,101.38000,4742100
1738161000,101.15000,101.90000,100.35000,101.56000,4130600
1738247400,102.00000,102.27000,100.94000,101.46000,4046900
1738333800,101.33000,101.34000,98.56000,98.83000,6264900
1738593000,98.75000,98.94000,97.04000,98.48000,5948600
1738679400,97.70000,100.80000,97.53000,100.58000,5310900
1738765800,100.53000,100.88000,99.40000,100.21000,6961100
1738852200,98.89000,101.10000,98.60000,99.94000,8543400
1738938600,100.06000,100.45000,98.27000,98.36000,12121700
1739197800,99.61000,99.61000,97.82000,99.48000,10338500
1739284200,99.53000,102.61000,99.20000,101.71000,8063700
1739370600,101.00000,101.71000,98.33000,98.40000,7585800
1739457000,97.82000,98.01000,96.41000,96.90000,9329100
1739543400,96.91000,98.46000,96.24000,96.26000,7960800
1739889000,96.24000,97.63000,95.29000,97.45000,11777700
1739975400,98.35000,100.29000,98.16000,99.57000,7515100
1740061800,99.75000,102.09000,99.20000,102.00000,6309200
1740148200,101.05000,101.57000,97.79000,97.94000,8562200
1740407400,98.06000,99.35000,97.89000,98.82000,6277700
1740493800,99.28000,99.76000,96.88000,97.08000,5822000
1740580200,97.30000,97.40000,95.23000,96.13000,6292400
1740666600,97.20000,98.99000,96.31000,97.37000,6306300
1740753000,97.13000,99.19000,96.09000,99.15000,9002600
1741012200,99.75000,99.76000,91.56000,92.63000,12640200
1741098600,91.06000,92.11000,88.47000,90.64000,14000500
1741185000,88.83000,89.40000,86.81000,88.88000,12081100
1741271400,88.80000,89.64000,87.92000,88.60000,8679000
1741357800,89.39000,91.07000,89.39000,90.63000,8603700
1741613400,91.45000,94.03000,90.65000,92.90000,12086700
1741699800,92.90000,96.14000,92.90000,95.41000,14544100
1741786200,95.18000,97.79000,95.01000,97.75000,10147300
1741872600,97.00000,99.37000,96.14000,96.19000,11354700
1741959000,96.94000,99.64000,96.22000,98.95000,7625800
1742218200,99.25000,100.52000,99.02000,99.36000,8031100
1742304600,100.46000,100.93000,98.73000,100.53000,7861500
1742391000,100.50000,102.66000,100.27000,101.33000,8784600
1742477400,101.15000,102.63000,100.84000,102.31000,11577800
1742563800,102.41000,102.96000,101.34000,101.92000,55090400
1742823000,102.03000,102.93000,101.57000,102.19000,6768300
1742909400,102.58000,103.35000,101.42000,102.55000,6556500
1742995800,103.65000,104.87000,102.61000,103.20000,7168400
1743082200,102.90000,103.84000,102.23000,102.82000,4712000
1743168600,102.44000,103.26000,101.61000,102.37000,3745400
1743427800,102.22000,105.46000,102.01000,105.02000,7905800
1743514200,104.91000,105.71000,104.02000,105.39000,6809500
1743600600,104.40000,106.20000,104.24000,106.10000,6527500
1743687000,100.33000,101.44000,95.12000,95.25000,13870900
1743773400,92.10000,92.65000,85.55000,86.29000,15158400
1744032600,84.01000,89.42000,81.72000,85.67000,12870200
1744119000,87.15000,88.28000,81.27000,82.66000,11509800
1744205400,81.11000,92.47000,79.88000,91.51000,17841900
1744291800,88.50000,88.65000,80.80000,83.29000,15621900
1744378200,83.30000,86.98000,82.46000,86.39000,9233400
1744637400,88.60000,88.62000,85.59000,86.45000,6537200
1744723800,86.60000,87.71000,85.47000,85.72000,5739600
1744810200,86.38000,88.36000,86.01000,86.36000,6093300
1744896600,87.81000,90.48000,87.69000,88.98000,7804400
1745242200,87.26000,87.86000,86.33000,87.55000,6213500
1745328600,88.89000,90.47000,87.82000,89.76000,5556800
1745415000,90.78000,91.67000,89.08000,89.93000,7699600
1745501400,90.75000,92.21000,90.14000,91.80000,6520300
1745587800,90.65000,92.01000,90.61000,91.72000,4736600
1745847000,91.62000,93.34000,91.62000,92.93000,4667600
1745933400,91.00000,92.61000,90.39000,91.88000,4828800
1746019800,90.73000,90.75000,88.07000,89.12000,8415300
1746106200,88.43000,91.38000,88.25000,90.65000,8027600
1746192600,91.76000,92.44000,89.70000,91.41000,6895400
1746451800,89.81000,89.81000,87.55000,87.61000,9275000
1746538200,88.52000,89.57000,87.58000,87.63000,8902400
1746624600,88.20000,88.32000,86.88000,87.71000,9200900
1746711000,89.36000,92.26000,88.69000,88.82000,15884200
1746797400,90.89000,91.07000,88.30000,88.59000,7569300
1747056600,93.39000,94.22000,92.09000,92.27000,8799600
1747143000,92.73000,95.08000,92.29000,94.17000,8293600
1747229400,93.01000,93.82000,92.37000,92.57000,7605200
1747315800,90.91000,93.08000,90.73000,92.96000,6696200
1747402200,93.57000,93.62000,91.51000,92.43000,6696200
1747661400,91.75000,91.90000,90.00000,90.41000,7190100
1747747800,90.16000,90.43000,89.22000,89.69000,5313200
1747834200,89.56000,89.56000,87.04000,87.15000,8639100
1747920600,86.38000,86.57000,84.86000,86.13000,6587200
1748007000,85.04000,85.72000,84.77000,85.19000,6789600
1748352600,85.65000,85.79000,84.56000,85.55000,7227100
1748439000,86.52000,86.61000,84.28000,84.58000,6793000
1748525400,84.80000,85.61000,84.34000,85.60000,6999800
1748611800,84.95000,86.05000,84.54000,85.35000,20170600
1748871000,87.05000,87.56000,85.86000,86.72000,8634400
1748957400,86.66000,88.60000,85.38000,87.91000,5642900
1749043800,87.95000,88.87000,85.80000,85.95000,7268000
1749130200,86.84000,86.84000,85.23000,85.35000,5110200
1749216600,86.75000,87.79000,86.73000,87.22000,6042100
1749475800,87.80000,88.81000,87.02000,88.04000,6212600
1749562200,89.33000,91.69000,89.08000,91.18000,9687600
1749648600,91.82000,93.82000,91.14000,93.35000,8738500
1749735000,92.70000,94.76000,92.13000,94.69000,7862300
1749821400,96.53000,98.25000,95.46000,96.96000,16849700
1750080600,96.12000,96.92000,94.01000,95.00000,10330400
1750167000,95.93000,96.75000,94.83000,95.50000,9468100
1750253400,95.52000,96.15000,93.31000,93.80000,9116000
1750426200,94.35000,95.18000,93.69000,94.69000,16026400
1750685400,96.25000,96.31000,91.15000,91.71000,9749700
1750771800,90.24000,91.65000,89.04000,89.39000,11016200
1750858200,89.31000,90.02000,88.80000,89.00000,8380800
1750944600,89.28000,90.91000,89.21000,90.89000,6545000
1751031000,90.90000,90.95000,89.80000,90.17000,7555700
1751290200,89.51000,90.19000,89.10000,89.74000,6518900
1751376600,89.86000,92.33000,89.20000,91.99000,11895200
1751463000,93.12000,94.48000,91.91000,94.44000,9436000
1751549400,93.95000,94.77000,93.55000,93.68000,4331500
1751895000,93.35000,93.72000,91.24000,92.55000,6287100
1751981400,92.55000,96.92000,92.52000,95.79000,12934700
1752067800,95.22000,95.79000,94.40000,94.53000,5351500
1752154200,94.10000,95.54000,93.20000,95.37000,4065100
1752240600,94.70000,96.19000,94.66000,95.61000,4903400
1752499800,94.96000,95.66000,93.81000,94.17000,5504200
1752586200,94.27000,94.56000,92.47000,92.55000,4152400
1752672600,92.41000,93.00000,91.10000,91.51000,3773700
1752759000,91.10000,92.97000,90.77000,92.81000,4899400
1752845400,93.37000,93.75000,90.92000,91.64000,7968000
1753104600,91.74000,92.15000,90.90000,91.00000,4436500
1753191000,91.25000,93.30000,91.15000,92.98000,5545500
1753277400,93.54000,95.28000,93.15000,95.04000,6921500
1753363800,94.40000,95.79000,94.30000,95.62000,5047900
1753450200,95.70000,96.01000,94.74000,94.95000,4501800
1753709400,95.69000,97.32000,95.69000,97.02000,4632400
1753795800,97.31000,98.07000,96.65000,97.99000,5157700
1753882200,97.39000,97.45000,95.87000,96.67000,6607600
1753968600,95.26000,96.95000,95.10000,95.34000,5648100
1754055000,94.94000,95.49000,92.38000,92.76000,6349200
1754314200,92.25000,93.87000,92.10000,92.85000,9384500
1754400600,93.15000,93.51000,91.96000,93.20000,7716200
1754487000,94.59000,95.70000,92.58000,93.11000,7078500
1754573400,92.04000,95.14000,91.18000,92.60000,10307300
1754659800,93.56000,94.93000,91.70000,93.91000,8765300
1754919000,94.61000,95.50000,92.87000,93.53000,6491400
1755005400,94.39000,96.78000,93.53000,94.59000,7524800
1755091800,94.40000,95.88000,94.26000,95.88000,7263300
1755178200,95.60000,95.78000,94.29000,95.65000,10057700
1755264600,95.45000,96.43000,94.73000,95.33000,6564700
1755523800,94.46000,94.60000,93.34000,94.00000,4849500
1755610200,93.54000,94.56000,93.19000,93.76000,5412100
1755696600,94.00000,95.20000,93.95000,94.89000,6133300
1755783000,94.76000,95.37000,93.81000,94.78000,5342100
1755869400,95.23000,97.40000,95.18000,96.78000,6338400
1756128600,96.79000,98.22000,96.20000,98.18000,6850800
1756215000,97.59000,98.00000,96.38000,97.05000,7052100
1756301400,97.10000,98.63000,96.77000,97.90000,5759500
1756387800,98.07000,98.66000,96.83000,98.45000,4241000
1756474200,98.29000,99.32000,98.06000,98.97000,4594300
1756819800,99.10000,99.65000,97.79000,98.99000,5192300
1756906200,97.63000,98.28000,94.34000,94.65000,9793500
1756992600,94.55000,96.17000,93.98000,95.77000,5612700
1757079000,94.13000,94.87000,92.13000,92.95000,8510300
1757338200,93.03000,93.23000,90.51000,91.40000,9750600
1757424600,92.31000,93.66000,91.45000,91.86000,5838300
1757511000,91.86000,94.33000,91.69000,94.32000,4353800
1757597400,92.83000,94.16000,92.68000,94.13000,4721000
1757683800,94.76000,95.07000,92.42000,92.43000,5170400
1757943000,92.70000,93.05000,91.69000,92.33000,4932100
1758029400,93.08000,95.10000,92.65000,94.54000,7860400
1758115800,94.02000,95.20000,93.14000,93.82000,7072700
1758202200,93.60000,94.40000,92.91000,93.48000,4416600
1758288600,93.79000,93.83000,91.37000,91.92000,15284100
1758547800,91.50000,92.83000,91.08000,92.01000,5798800
1758634200,92.60000,95.53000,92.60000,93.47000,8241900
1758720600,94.49000,96.65000,94.00000,95.63000,7935600
1758807000,95.20000,97.07000,95.20000,96.81000,8076300
1758893400,97.06000,99.65000,96.86000,98.48000,6812900
1759152600,97.20000,97.39000,94.66000,95.85000,8700500
1759239000,94.61000,95.07000,93.55000,94.59000,7318300
1759325400,94.27000,95.94000,93.83000,95.46000,4794600
1759411800,95.00000,96.14000,93.13000,93.38000,5428600
1759498200,93.66000,94.71000,93.48000,94.16000,4321600
1759757400,94.78000,95.42000,94.34000,94.91000,3454100
1759843800,94.45000,95.28000,92.63000,95.23000,4071900
1759930200,95.19000,95.21000,93.29000,93.75000,5289400
1760016600,94.31000,95.02000,91.82000,91.95000,6940000
1760103000,90.92000,91.00000,87.64000,87.64000,7892400
1760362200,88.36000,88.98000,87.58000,88.78000,5887300
1760448600,86.90000,88.89000,86.75000,88.17000,6003900
1760535000,88.93000,88.99000,86.59000,87.74000,6036100
1760621400,87.62000,88.43000,85.60000,86.91000,7816600
1760707800,86.93000,87.49000,86.13000,86.48000,5774600
1760967000,86.70000,87.25000,86.20000,87.06000,4636400
1761053400,87.25000,87.68000,86.24000,86.41000,5895500
1761139800,87.27000,87.76000,86.52000,87.41000,8307800
1761226200,89.71000,90.99000,89.15000,90.08000,7866300
1761312600,90.49000,90.60000,87.93000,88.03000,7886600
1761571800,88.70000,89.39000,88.31000,88.69000,5716000
1761658200,88.30000,88.36000,86.69000,86.79000,5234800
1761744600,86.85000,88.41000,86.74000,88.08000,5476300
1761831000,87.93000,89.25000,87.29000,88.14000,6114200
1761917400,87.91000,89.61000,87.53000,88.86000,5635800
1762180200,88.70000,88.83000,87.39000,88.57000,5310100
1762266600,87.37000,88.07000,87.01000,87.91000,5740400
1762353000,87.61000,88.71000,87.56000,87.70000,6384600
1762439400,87.00000,88.36000,85.57000,85.66000,13101800
1762525800,86.10000,87.38000,85.59000,86.83000,7567400
1762785000,87.33000,88.55000,86.40000,88.23000,6071400
1762871400,89.12000,91.39000,88.80000,90.69000,6561600
1762957800,89.33000,90.26000,88.94000,89.07000,6941500
1763044200,89.54000,90.66000,88.64000,89.42000,8207700
1763130600,90.24000,91.82000,88.67000,91.37000,7628400
1763389800,90.53000,90.72000,88.10000,88.72000,8610800
1763476200,88.40000,90.35000,88.10000,89.68000,6876800
1763562600,88.00000,88.50000,87.04000,87.98000,5092900
1763649000,88.49000,90.59000,87.44000,87.47000,4911200
1763735400,87.40000,88.49000,86.54000,87.37000,7046600
1763994600,87.10000,88.13000,86.32000,87.56000,7143900
1764081000,86.66000,86.98000,85.70000,86.62000,6926400
1764167400,86.45000,87.64000,86.40000,87.09000,5066000
1764340200,87.09000,89.39000,86.88000,88.69000,3304700
1764599400,89.13000,91.18000,88.78000,90.26000,8525400
1764685800,90.08000,90.40000,88.58000,89.29000,5135000
1764772200,90.02000,91.84000,89.97000,91.81000,5647600
1764858600,91.64000,93.20000,91.64000,93.12000,7312400
1764945000,92.27000,95.07000,92.08000,93.69000,9873600
1765204200,92.53000,94.24000,92.26000,92.88000,7974900
1765290600,92.63000,93.63000,92.18000,93.43000,6177200
1765377000,93.73000,97.41000,93.56000,96.80000,10640100
1765463400,96.16000,97.71000,95.91000,96.71000,8225500
1765549800,97.44000,97.66000,95.24000,95.54000,5731300
1765809000,95.54000,95.60000,93.31000,94.36000,8942100
1765895400,93.33000,93.41000,90.76000,90.77000,9060400
1765981800,91.93000,95.12000,91.81000,94.96000,9661000
1766068200,94.25000,94.49000,92.16000,92.23000,7336900
1766154600,92.45000,93.40000,91.60000,91.94000,14612600
1766413800,93.11000,94.53000,92.57000,93.31000,4850700
1766500200,93.35000,93.78000,92.44000,92.73000,5671100
1766586600,92.75000,93.16000,91.69000,91.80000,3079200
1766759400,91.91000,92.48000,90.75000,91.54000,4575600
1767018600,92.00000,92.73000,91.70000,92.63000,5256400
1767105000,93.35000,94.31000,93.11000,94.10000,4553600
1767191400,94.45000,94.59000,93.42000,93.61000,3551700
1767364200,93.61000,96.94000,93.13000,96.70000,7005600
1767623400,101.20000,102.98000,97.11000,99.20000,15706500
1767709800,100.20000,100.31000,96.98000,97.11000,9026900
1767796200,97.19000,97.24000,93.91000,93.94000,7988400
1767882600,94.40000,99.86000,94.33000,98.72000,9605200
1767969000,99.14000,100.30000,97.28000,97.51000,8940700
1768228200,98.61000,98.73000,94.68000,95.50000,10232900
1768314600,97.00000,97.75000,95.90000,96.46000,7868300
1768401000,96.60000,101.92000,96.60000,100.34000,13563700
1768487400,98.99000,100.52000,98.16000,98.93000,7461400
1768573800,97.50000,98.95000,97.13000,98.19000,8939200
1768919400,97.60000,98.67000,94.98000,95.52000,10796700
1769005800,97.04000,97.92000,96.38000,97.15000,10599100
1769092200,97.01000,97.01000,95.97000,96.88000,7771200
1769178600,98.38000,99.41000,97.69000,98.35000,6972800
1769437800,99.55000,99.69000,97.77000,98.45000,7278200
1769524200,98.75000,99.93000,98.29000,99.87000,7276900
1769610600,100.43000,101.52000,99.84000,101.39000,6817400
1769697000,104.30000,105.72000,102.69000,102.80000,14466900
1769783400,102.31000,104.27000,101.73000,104.23000,9169000
1770042600,101.51000,103.06000,100.50000,101.79000,7514000
1770129000,102.42000,105.23000,101.75000,104.91000,9346600
1770215400,105.47000,108.34000,105.46000,107.59000,10367100
1770301800,106.95000,108.44000,103.15000,104.98000,10441000
1770388200,105.25000,108.13000,105.12000,107.62000,6756100
1770647400,107.60000,108.89000,107.06000,108.70000,6337800
1770733800,108.55000,108.68000,107.11000,107.50000,5255300
1770820200,108.50000,111.44000,108.43000,111.21000,8984700
1770906600,111.21000,111.98000,108.70000,110.83000,12517700
1770993000,110.39000,112.07000,110.39000,111.43000,6836400
1771338600,111.66000,112.97000,107.88000,108.78000,7619400
1771425000,109.92000,110.81000,108.84000,110.52000,9456200
1771511400,112.00000,113.80000,111.07000,111.59000,8851700
1771597800,111.22000,111.44000,109.58000,110.53000,6822800
1771857000,110.70000,111.91000,109.68000,109.88000,4871900
1771943400,110.24000,110.90000,108.40000,110.59000,5152200
1772029800,110.99000,111.53000,108.66000,110.01000,6907000
1772116200,109.17000,111.69000,108.11000,110.70000,7205800
1772202600,112.40000,113.79000,111.06000,113.46000,9009900
1772461800,119.28000,119.30000,115.72000,118.24000,19667900
1772548200,120.85000,122.50000,117.30000,118.52000,17354700
1772634600,116.39000,117.44000,114.43000,115.65000,10160600
1772721000,117.00000,118.52000,115.83000,116.82000,9875700
1772807400,118.77000,119.48000,116.60000,117.07000,11554600
1773063000,117.54000,118.77000,116.20000,117.03000,13694700
1773149400,116.12000,116.54000,112.93000,114.15000,13917900
1773235800,114.65000,117.16000,114.00000,117.03000,9522800
1773322200,118.00000,120.99000,117.66000,120.26000,12766400
1773408600,119.68000,122.26000,119.24000,121.89000,10884500
1773667800,121.19000,122.38000,120.40000,121.32000,7556800
1773754200,121.95000,123.96000,121.21000,122.87000,7953100
1773840600,123.80000,124.87000,123.11000,123.65000,10273000
1773927000,124.71000,126.35000,123.97000,126.02000,11205400
1774013400,126.30000,128.13000,126.11000,126.92000,31964000
1774272600,123.63000,128.36000,122.95000,127.19000,10584000
1774359000,127.53000,131.00000,127.44000,129.35001,10439700
1774445400,128.00000,129.67999,127.81000,128.92999,7495800
1774531800,129.64000,133.55000,129.64000,133.25000,8168000
1774618200,133.08000,134.87000,132.33000,133.80000,9182900
1774877400,135.14999,135.87000,131.91000,132.89000,8913900
1774963800,132.75999,135.20000,128.35001,132.00000,13519300
1775050200,128.14999,129.92999,126.44000,128.38000,12979900
1775136600,131.30000,134.41000,129.11000,130.52000,7383800
1775482200,130.50000,131.73000,129.35001,131.64000,4210000
1775568600,132.00000,133.69000,131.14999,131.77000,6794300
1775655000,122.16000,125.89000,120.70000,125.22000,12713800
1775741400,126.29000,127.91000,123.28000,123.47000,9069400
1775827800,123.30000,124.05000,121.32000,122.55000,10487700
1776087000,124.96000,125.33000,122.38000,123.62000,8639400
1776173400,121.64000,122.28000,117.95000,118.79000,9849200
1776259800,118.17000,120.36000,117.35000,118.92000,6592500
1776346200,119.51000,122.44000,119.37000,121.57000,6904300
1776432600,116.33000,116.50000,112.21000,116.04000,11665700
1776691800,116.84000,118.22000,116.07000,116.45000,6124700
1776778200,117.04000,120.62000,116.72000,120.26000,8138900
1776864600,121.44000,123.23000,120.91000,122.60000,6562700
1776951000,123.39000,125.58000,123.38000,124.37000,7958100
1777037400,123.47000,124.14000,120.49000,121.76000,10968300
1777296600,122.21000,123.65000,120.22000,121.68000,12215400
1777383000,124.17000,124.56000,122.46000,124.32000,7241100
1777469400,126.00000,128.28000,125.08000,128.25000,9676900
1777555800,124.54000,128.10001,123.77000,125.78000,11948000
1777642200,125.00000,125.76000,122.47000,123.19000,7784300
1777901400,124.01000,125.27000,121.70000,124.91000,7793500
1777987800,124.07000,124.75000,123.02000,123.32000,7258300
1778074200,117.96000,120.00000,117.42000,118.90000,13180800
1778160600,116.13000,116.24000,114.05000,114.88000,10356600
1778247000,114.64000,115.49000,113.62000,113.87000,8009500
1778506200,114.43000,115.97000,113.80000,115.55000,6200100
1778592600,116.67000,118.25000,115.68000,117.87000,6875300
1778679000,117.65000,118.01000,115.69000,117.40000,5977100
1778765400,117.13000,119.52000,117.01000,118.97000,5316400
1778851800,120.78000,122.48000,120.49000,122.41000,7059500
1779111000,122.00000,125.15000,120.39000,124.54000,5805200
1779197400,125.86000,126.00000,124.12000,125.11000,6029000
1779283800,124.27000,126.00000,121.77000,122.36000,5665700
1779370200,124.01000,124.41000,119.80000,120.55000,5754500
1779456600,120.05000,121.59000,119.60000,120.46000,4947400
1779802200,118.75000,119.89000,116.18000,116.57000,7178800
1779888600,115.21000,116.45000,114.24000,115.13000,5828700
1779975000,115.83000,116.89000,114.45000,114.99000,5989400
1780061400,114.12000,114.55000,112.64000,113.98000,12401400
1780320600,115.70000,117.60000,115.32000,115.58000,7449900
1780407000,115.48000,117.45000,115.37000,116.87000,6113600
1780493400,117.59000,119.55000,116.91000,119.05000,7091700
1780579800,117.98000,119.58000,117.60000,119.23000,4813500
1780666200,119.50000,119.77000,116.99000,117.14000,5989900
1780925400,117.97000,120.02000,117.97000,118.89000,4758800
1781011800,118.00000,118.12000,114.86000,116.79000,6289000
1781098200,118.00000,121.39000,117.64000,119.92000,8723300
1781184600,120.98000,121.52000,115.32000,115.36000,6704700
1781271000,114.25000,118.51000,113.80000,116.98000,6616300
1781530200,111.13000,113.63000,110.73000,112.26000,10860500
1781616600,109.85000,111.36000,109.48000,111.34000,8197500
1781703000,110.83000,111.89000,109.96000,111.21000,7002200
1781789400,109.81000,109.88000,106.99000,107.74000,22893000
1782135000,109.53000,109.81000,108.12000,109.70000,6867800
1782221400,109.48000,110.57000,108.85000,109.97000,7226200
1782307800,107.51000,108.03000,106.25000,106.92000,7321200
1782394200,105.31000,107.21000,105.23000,106.41000,7836300
1782480600,106.35000,106.80000,104.64000,105.96000,11265200
1782739800,105.88000,106.70000,104.13000,104.20000,5906000
1782826200,104.51000,105.17000,103.66000,103.96000,10287200
1782912600,103.60000,104.78000,102.69000,103.22000,5744200
1782999000,104.12000,104.76000,103.47000,104.73000,6934000
1783344600,104.35000,104.62000,103.40000,103.58000,5371800
1783431000,104.70000,108.81000,104.55000,108.44000,6754700
1783517400,110.03000,111.34000,109.07000,110.72000,9079600
1783603800,110.02000,110.48000,107.79000,108.02000,6611900
1783690200,108.85000,109.42000,107.61000,109.04000,6977900
1783949400,110.97000,113.22000,110.97000,112.85000,5975700
1784035800,113.08000,113.75000,110.14000,111.87000,6455500
1784122200,112.02000,112.46000,109.55000,111.46000,5953900
1784208600,112.22000,112.89000,111.80000,112.84000,4916500
1784295000,115.67000,116.26000,113.45000,114.71000,5844500
1784554200,113.78000,116.68000,113.26000,115.68000,6726000
1784640600,116.62000,117.55000,115.72000,117.50000,5062300
1784727000,118.94000,119.74000,118.48000,118.79000,4691800
1784813400,121.24000,122.38000,119.98000,120.20000,7048700
1784899800,120.27000,121.69000,119.63000,120.26000,4392500
1785159000,117.22000,118.49000,115.46000,115.58000,7322500
1785245400,115.99000,117.19000,113.21000,114.10000,7638000
1785331800,117.95000,119.00000,117.26000,118.06000,5998500
1785418200,116.20000,119.12000,116.20000,119.03000,6496700
1785504600,119.45000,120.84000,117.83000,120.48000,5801900
1785763800,118.54000,119.28000,117.14000,119.16000,6555200
1785850200,117.64000,118.47000,116.08000,117.94000,7115400
1785936600,118.80000,119.15000,114.71000,115.04000,7905100
1786023000,120.00000,120.05000,115.43000,116.76000,8648300
1786109400,115.61000,118.52000,114.89000,117.61000,7866000
1786368600,119.23000,123.26000,119.17000,123.03000,7267300
1786455000,122.75000,126.05000,122.57000,125.92000,5922800
1786541400,125.00000,127.34000,124.81000,127.30000,6063400
1786627800,125.72000,126.39000,124.12000,124.52000,7248000
1786714200,125.56000,127.40000,125.37000,126.78000,5626200
1786973400,126.15000,127.86000,125.14000,127.56000,6963700
1787059800,129.00000,130.12000,128.10001,129.72000,5339300
1787146200,130.21001,132.38000,129.86000,130.58000,7845500
1787232600,132.50000,135.87000,132.23000,134.89000,9358400
1787319000,134.89000,135.88000,134.45000,134.87000,8696600
1787578200,134.09000,135.63000,132.92999,133.35001,6137400
1787664600,131.09000,132.92000,130.17000,131.84000,6044500
1787751000,130.09000,132.72000,130.08000,130.61000,5820200
1787837400,130.00000,130.20000,128.00000,129.52000,6677700
1787923800,129.95000,130.84000,129.37000,130.35001,4651300
