time,open,high,low,close,tick_volume
1524835800,38.00000,40.89000,37.00000,39.73000,16392400
1525095000,39.90500,40.19000,37.53000,38.63000,3312100
1525181400,38.70000,39.89000,37.85000,39.45000,1285600
1525267800,39.85000,40.50000,38.75000,39.32000,1251300
1525354200,39.69000,42.56000,38.81000,41.96000,2783600
1525440600,42.40000,42.66000,41.01000,41.09000,763500
1525699800,41.65000,41.91200,41.04000,41.31000,630800
1525786200,41.50000,43.68000,40.50000,43.22000,821200
1525872600,44.44000,44.87000,43.24500,44.10000,1178100
1525959000,44.88000,46.69900,43.66000,44.01000,1467900
1526045400,44.56000,45.89000,44.01000,44.37000,761900
1526304600,44.99000,45.72700,43.37000,44.19000,1031900
1526391000,44.39000,45.73000,43.49500,45.46000,423000
1526477400,45.34000,45.65000,44.56000,45.23000,299000
1526563800,45.20000,46.40000,44.55000,44.90000,339400
1526650200,44.75000,45.00000,44.36000,44.78000,350800
1526909400,45.50000,45.50000,41.72000,42.98000,804400
1526995800,43.24000,44.72000,42.85100,43.05000,1062500
1527082200,43.64000,45.62000,43.10000,45.42000,1125400
1527168600,45.94000,47.70000,45.29600,46.80000,1011700
1527255000,47.23000,48.90000,46.10700,46.37000,678000
1527600600,46.67000,49.33000,45.85500,48.43000,931100
1527687000,48.90000,51.00000,48.56000,49.99000,830900
1527773400,50.13000,51.20100,49.53000,49.81000,867100
1527859800,50.28000,50.74000,49.76000,50.12000,564700
1528119000,51.00000,54.15000,50.54000,53.65000,1121200
1528205400,54.29000,58.28000,52.00000,54.59000,2463600
1528291800,55.63000,57.38000,54.36000,57.36000,989500
1528378200,58.95000,59.86000,53.50000,55.99000,3617100
1528464600,58.25000,60.45000,55.31000,57.92000,7147600
1528723800,58.30000,60.00000,58.20000,59.54000,2131400
1528810200,60.49000,63.35000,60.00000,61.82000,2408600
1528896600,63.28000,64.97000,62.00000,63.77000,2126700
1528983000,64.99000,65.81600,63.10000,63.53000,1932200
1529069400,63.09000,64.58000,62.30000,63.95000,3584200
1529328600,63.51000,66.19100,61.64500,63.90000,1553300
1529415000,62.14000,64.70000,57.60000,63.87000,3791400
1529501400,64.67000,66.80000,62.03000,62.46000,2381500
1529587800,63.06000,63.19000,57.47000,57.59000,3209100
1529674200,58.90000,58.99000,55.00000,57.55000,4039300
1529933400,55.58000,55.65500,52.05000,55.00000,2847100
1530019800,55.49000,56.96900,54.90000,56.47000,1601600
1530106200,56.95000,57.20000,51.74000,51.77000,2267000
1530192600,51.62000,54.00000,50.34400,53.04000,2312000
1530279000,53.67000,54.00000,51.83100,52.95000,1636900
1530538200,52.46000,53.16000,50.50000,52.34000,1933500
1530624600,52.46000,53.50000,51.85000,51.97000,721700
1530797400,52.49000,55.39000,51.59300,54.62000,2172000
1530883800,54.75000,55.96000,54.07000,54.95000,1177600
1531143000,55.28000,56.49000,54.87100,55.35000,901400
1531229400,55.77000,55.77000,52.19000,52.37000,1583100
1531315800,52.00000,53.76000,51.61000,51.98000,1120300
1531402200,52.24000,56.44000,51.50000,55.37000,2377700
1531488600,55.38000,56.00000,54.68000,55.33000,1038900
1531747800,55.25000,57.27900,54.90000,55.05000,830900
1531834200,54.50000,55.40000,52.94000,54.09000,1461300
1531920600,53.93000,54.60000,52.91000,53.05000,939000
1532007000,52.93000,53.81000,51.93000,52.36000,1209100
1532093400,52.25000,52.76500,51.71000,52.21000,663100
1532352600,51.97000,55.85000,51.75000,55.53000,1260300
1532439000,56.12000,57.50000,52.90000,53.79000,1763700
1532525400,53.76000,55.66200,53.76000,54.69000,555400
1532611800,54.01000,55.88000,53.77000,55.51000,1622600
1532698200,56.73000,57.00000,53.50000,54.82000,1317500
1532957400,54.92000,55.24000,50.06000,51.71000,2140100
1533043800,51.89000,54.96000,51.51000,53.90000,1178200
1533130200,54.30000,56.15000,54.19500,55.75000,895500
1533216600,55.39000,59.18000,55.00000,58.91000,1361100
1533303000,59.15000,59.60000,56.25000,57.01000,858300
1533562200,57.16000,60.39000,57.16000,60.00000,957300
1533648600,60.75000,60.95000,59.45600,59.89000,919600
1533735000,59.45000,61.81000,59.20000,61.35000,854600
1533821400,61.67000,62.15000,60.17500,60.45000,820200
1533907800,60.30000,60.45000,57.12000,58.20000,1525100
1534167000,58.10000,58.38000,55.57000,56.14000,962100
1534253400,56.56000,58.22500,55.73000,57.85000,590800
1534339800,57.25000,57.80000,55.30000,56.15000,779500
1534426200,56.96000,57.91000,56.06000,57.69000,620200
1534512600,57.47000,59.40000,56.35500,58.68000,611200
1534771800,58.91000,62.00000,57.90000,61.22000,1395400
1534858200,61.69000,63.80000,61.56000,62.50000,1380900
1534944600,62.30000,63.36700,60.34000,61.84000,870200
1535031000,61.86000,64.93900,61.86000,63.90000,1279300
1535117400,64.25000,67.21000,64.00000,65.54000,1133400
1535376600,66.99000,67.71000,64.63000,65.53000,1053100
1535463000,66.00000,68.35000,65.72000,66.30000,1225400
1535549400,66.50000,68.02000,65.75000,67.87000,862000
1535635800,67.30000,67.40000,64.55000,65.00000,1578700
1535722200,64.47000,65.36000,62.19000,62.44000,2944300
1536067800,62.80000,65.70000,60.83000,64.85000,2580000
1536154200,64.69000,65.87000,62.55000,63.10000,3291500
1536240600,59.08000,59.90000,56.79000,57.85000,4455900
1536327000,56.80000,59.67000,56.26000,56.94000,2294600
1536586200,58.00000,58.24000,53.64000,53.93000,3048000
1536672600,53.75000,54.80000,52.83000,53.96000,1870500
1536759000,53.02000,57.56000,53.02000,57.18000,2644100
1536845400,57.25000,57.49000,55.06000,55.37000,2103800
1536931800,55.30000,55.30000,53.43000,53.79000,6557200
1537191000,53.85000,54.89000,51.60000,52.18000,2705900
1537277400,52.23000,53.40000,51.65000,53.03000,1750400
1537363800,52.77000,53.10000,51.50000,51.73000,1230000
1537450200,52.32000,52.69000,51.12000,52.23000,1521300
1537536600,52.93000,53.32000,51.78200,52.54000,2218600
1537795800,52.10000,52.33000,51.40000,51.83000,1570800
1537882200,52.16000,53.71000,51.62000,53.40000,1783200
1537968600,53.51000,54.02000,52.44000,52.54000,1608700
1538055000,52.64000,53.75000,52.25000,52.82000,1914700
1538141400,52.77000,53.03000,52.10000,52.57000,1560200
1538400600,52.98000,53.00000,48.56000,48.85000,4153300
1538487000,49.19000,49.24300,45.04000,46.40000,5206200
1538573400,46.40000,47.73500,45.30000,47.11000,2895200
1538659800,46.90000,47.55000,44.90000,45.80000,1631800
1538746200,45.65000,46.03000,43.52000,45.27000,1629700
1539005400,44.63000,45.00000,42.25000,43.23000,2104000
1539091800,42.98000,45.00000,41.33000,41.51000,2132800
1539178200,42.03000,42.03000,38.28000,40.60000,3681000
1539264600,39.82000,41.65000,39.34200,40.25000,2719000
1539351000,42.09000,45.00000,41.71000,44.64000,3386100
1539610200,44.44000,45.16000,42.64000,43.83000,1208200
1539696600,44.75000,48.01000,44.52000,47.72000,2432800
1539783000,48.00000,48.14800,46.50000,47.52000,1559000
1539869400,47.03000,48.30000,45.55000,46.24000,1453500
1539955800,46.30000,46.50000,41.60000,42.00500,2709900
1540215000,42.72000,43.70000,41.80100,42.46000,1326300
1540301400,41.33000,42.28000,40.71000,41.33000,2047200
1540387800,40.50000,41.16000,39.12000,39.17000,4252000
1540474200,39.10000,40.82000,38.55000,40.32000,2771800
1540560600,39.51000,41.34000,38.55000,41.18000,2737800
1540819800,42.28000,43.00000,39.05000,40.35000,1765900
1540906200,40.16000,42.00000,39.81000,41.74000,1640600
1540992600,42.05000,43.20000,41.47000,41.94000,2352800
1541079000,42.14000,42.56000,40.35000,41.85000,1741500
1541165400,42.00000,43.36000,41.21000,42.82000,1813200
1541428200,42.63000,42.99000,40.90000,42.41000,1394200
1541514600,41.98000,42.90000,41.47000,42.55000,917400
1541601000,43.00000,44.60000,42.57000,43.88000,2883800
1541687400,43.99000,45.15000,43.80000,44.82000,2081200
1541773800,44.32000,45.00000,43.36000,44.43000,994700
1542033000,44.45000,44.45000,40.74000,41.34000,2260000
1542119400,41.70000,43.08000,41.38000,42.59000,931300
1542205800,43.07000,43.15000,39.68000,39.86000,2109600
1542292200,39.64000,40.44000,38.30000,40.37000,2063400
1542378600,40.00000,40.01000,38.60000,39.00000,1612400
1542637800,38.85000,39.77000,36.14000,37.41000,2643200
1542724200,35.55000,38.58000,35.06000,38.33000,3089400
1542810600,39.60000,41.36000,38.90000,40.76000,2087500
1542983400,40.42000,41.24000,40.02000,40.82000,425400
1543242600,41.33000,42.00000,40.27000,41.11000,1262500
1543329000,40.77000,41.25000,39.84000,40.64000,997200
1543415400,41.03000,42.50000,40.92000,41.82000,1766600
1543501800,41.75000,42.51000,41.11000,41.77000,1355000
1543588200,41.90500,42.41300,40.14000,41.76000,1190100
1543847400,42.72000,42.92000,41.77000,42.52000,1920200
1543933800,42.15000,42.94000,41.16000,41.47000,2656300
1544106600,40.06000,41.98000,40.05000,41.77000,3002300
1544193000,42.00000,43.22000,38.75000,39.66000,4744700
1544452200,38.76000,41.06000,38.76000,40.69000,2797900
1544538600,39.67000,41.66000,39.40000,41.66000,4912000
1544625000,41.66000,43.32000,41.66000,42.40000,4112900
1544711400,42.23000,43.32000,42.14000,43.15000,3293800
1544797800,42.27000,43.32000,41.61000,42.89000,3513400
1545057000,42.51000,43.35000,41.23000,41.75000,4276100
1545143400,41.83000,42.57000,40.88400,41.87000,5487300
1545229800,41.21000,42.02000,40.76000,41.11000,4239200
1545316200,40.90000,41.74000,39.02000,39.91000,4337500
1545402600,39.82000,40.87000,37.27000,37.99000,8327900
1545661800,37.29000,37.96000,36.24900,37.48000,1374800
1545834600,37.83000,39.72000,37.57000,39.65000,1532900
1545921000,39.10000,41.00000,39.00000,40.99000,1549500
1546007400,40.99000,41.05000,39.89000,40.50000,2522700
1546266600,40.60000,40.98000,39.15000,40.08000,2255900
1546439400,39.27000,40.83000,39.14000,40.82000,1674300
1546525800,40.00000,40.52000,38.80000,38.83000,986900
1546612200,39.52000,41.41500,39.42000,40.90000,1852600
1546871400,40.04000,42.20000,39.50000,41.69000,2630900
1546957800,41.96000,42.32000,40.93100,42.08000,3192600
1547044200,42.00000,42.99000,41.84000,42.67000,2035800
1547130600,42.20000,44.60000,42.16000,44.03000,7249400
1547217000,43.85000,44.10200,43.10000,43.48000,1656000
1547476200,43.13000,43.30000,42.40000,43.22000,708600
1547562600,44.50000,45.19000,43.50000,44.99000,2879500
1547649000,45.00000,45.00000,42.52000,43.06000,3720800
1547735400,42.64000,45.02000,42.22000,44.90000,2914500
1547821800,45.10000,47.20500,45.05000,47.00000,3420400
1548167400,46.45000,46.60000,45.60000,45.85000,1758300
1548253800,45.88000,47.00000,44.54000,45.40000,1748100
1548340200,45.68000,46.75000,45.25000,46.71000,1291200
1548426600,47.22000,48.60000,47.00000,48.57000,1931800
1548685800,47.94000,48.88000,47.55000,48.82000,1977000
1548772200,48.99000,49.38000,47.54000,48.30000,1616700
1548858600,48.78000,49.43000,48.24000,49.37000,2217200
1548945000,49.46000,50.03000,49.11000,49.45000,2556700
1549031400,49.33000,49.99000,48.21000,49.96000,2802500
1549290600,49.99000,51.23000,49.76000,51.04000,2422500
1549377000,51.26000,52.60000,50.75000,52.45000,2583700
1549463400,52.45000,52.45000,50.54000,51.30000,1812600
1549549800,50.90000,51.55000,49.77000,50.71000,1953700
1549636200,50.05000,51.93500,49.55000,51.77000,1065600
1549895400,51.51000,52.24900,50.40000,51.63000,1143500
1549981800,52.00000,52.84000,51.81000,52.66000,2390000
1550068200,53.15000,54.08000,52.75000,53.65000,3384100
1550154600,53.50000,53.60000,52.56000,53.33000,2836600
1550241000,53.50000,54.04000,53.39000,53.63000,1433400
1550586600,53.78000,54.86000,53.40000,54.33000,1895000
1550673000,54.33000,54.88500,53.85000,54.11000,1591300
1550759400,54.11000,54.49000,53.64000,53.83000,1021100
1550845800,54.06000,54.29000,53.61000,53.99000,1224800
1551105000,54.50000,54.97000,54.09000,54.74000,1584300
1551191400,54.50000,55.25000,54.29000,55.01000,2335200
1551277800,54.95000,56.23000,54.66000,55.54000,3678600
1551364200,55.20000,55.68500,54.47000,55.15000,1576000
1551450600,55.91000,56.69000,55.73000,56.29000,3229200
1551709800,56.77000,56.89000,54.43700,55.56000,3009800
1551796200,55.55000,56.00000,53.81000,55.74000,1904400
1551882600,55.59000,55.98000,54.55000,55.22000,1301500
1551969000,55.00000,56.00000,54.80000,55.50000,1660500
1552055400,54.89000,56.10000,54.42000,55.99000,1191800
1552311000,56.32000,57.74000,56.10600,57.15000,2478300
1552397400,57.19000,57.98000,57.07000,57.27000,1935500
1552483800,57.50000,57.89000,57.08200,57.66000,2367500
1552570200,57.71000,59.14000,57.59000,58.85000,5028000
1552656600,58.00000,59.62000,56.35000,56.47000,7536000
1552915800,56.95000,57.78000,56.11000,57.75000,2797600
1553002200,56.81000,57.25000,55.54000,56.66000,4810600
1553088600,56.07000,56.22000,54.30000,55.38000,3457600
1553175000,54.93000,57.23000,54.57000,57.08000,2455400
1553261400,56.68000,57.01000,53.13000,53.34000,2915200
1553520600,53.01000,53.84000,52.07000,52.59000,1702900
1553607000,53.25000,54.34000,53.10000,53.74000,2237800
1553693400,53.56000,53.66000,51.38000,51.88000,1751200
1553779800,52.00000,52.46000,51.14000,51.78000,1253000
1553866200,52.07000,52.49000,51.32000,51.84000,1597000
1554125400,52.45000,52.68700,51.63000,52.14000,1244300
1554211800,52.23000,53.85000,51.76400,53.72000,1803900
1554298200,54.00000,54.72000,53.75000,54.14000,2415400
1554384600,54.32000,54.35000,52.20000,53.34000,1659800
1554471000,53.45000,54.20200,53.30000,53.84000,1659600
1554730200,53.67000,54.19000,53.03000,53.81000,1313000
1554816600,53.38000,53.98000,53.20000,53.58000,3116000
1554903000,53.80000,56.86000,53.79000,55.91000,3040300
1554989400,56.09000,56.36000,55.00800,55.35000,1178900
1555075800,55.75000,55.86000,54.81000,55.25000,1308300
1555335000,55.36000,56.65000,55.16000,55.42000,2226500
1555421400,55.77000,56.02000,54.81000,55.21000,1200500
1555507800,55.45000,55.49000,52.09000,53.18000,2390100
1555594200,53.20000,53.50000,50.92000,52.79000,1941000
1555939800,52.74000,54.36600,52.50000,54.13000,1043200
1556026200,54.40000,55.55100,54.20000,55.24000,1497800
1556112600,55.47000,56.25000,55.09000,55.84000,1122000
1556199000,56.21000,57.64000,55.90000,57.01000,2476000
1556285400,57.20000,57.95000,56.65000,57.26000,1557000
1556544600,57.61000,58.37000,57.03000,57.66000,1517500
1556631000,56.50000,56.94000,55.37500,56.67000,2242900
1556717400,57.10000,57.42000,55.80000,55.82000,1501900
1556803800,55.77000,56.50100,54.04000,54.89000,1448000
1556890200,55.08000,56.73000,54.55000,56.46000,1657800
1557149400,54.92000,56.72000,54.21000,55.89000,1610500
1557235800,54.98000,55.50000,52.31000,53.23000,2198400
1557322200,53.22000,53.98000,52.69000,53.59000,1481100
1557408600,52.78000,54.00000,51.52000,53.50000,1320600
1557495000,53.05000,53.88200,50.95000,53.05000,1398500
1557754200,51.42000,51.77000,50.02000,50.42000,1607400
1557840600,51.00000,52.84000,50.90000,52.54000,2335800
1557927000,52.29000,53.90000,52.00000,53.67000,1300500
1558013400,53.69000,55.32000,53.69000,54.74000,1393600
1558099800,54.22000,54.84000,53.55000,53.59000,1017400
1558359000,52.77000,53.69000,51.90000,53.17000,999600
1558445400,53.81000,54.94000,53.81000,54.76000,1353100
1558531800,54.59000,55.28000,54.02000,54.78000,1898500
1558618200,53.98000,54.00000,52.52000,53.21000,1248900
1558704600,53.76000,54.76000,53.51000,54.10000,988700
1559050200,54.25000,55.10000,53.88000,54.47000,5576200
1559136600,53.96000,54.82000,52.77500,54.38000,1448400
1559223000,54.51000,55.70000,54.51000,55.48000,1471200
1559309400,54.30000,56.42000,54.07000,56.06000,2904400
1559568600,56.00000,56.10000,50.25000,50.57000,4240000
1559655000,52.50000,53.00000,50.73500,52.94000,2249500
1559741400,53.64000,53.94000,51.89000,53.32000,2409700
1559827800,53.77000,54.94000,52.77000,54.74000,5258000
1559914200,47.02000,49.23000,45.67500,48.16000,20954400
1560173400,49.63000,49.89000,47.60000,48.31000,5639400
1560259800,48.58000,48.90000,47.32000,47.90000,3807700
1560346200,47.90000,48.45000,47.54000,48.08000,1578500
1560432600,48.45000,48.49000,47.61000,48.28000,2095000
1560519000,47.81000,51.00000,47.80000,50.78000,4208800
1560778200,50.90000,53.36500,50.80000,52.75000,3103900
1560864600,53.19000,54.20000,52.66000,53.51000,3024200
1560951000,53.56000,53.88000,52.12500,53.09000,1755200
1561037400,54.00000,54.96000,53.70000,54.87000,2727300
1561123800,54.25000,54.87000,52.65000,52.83000,3092300
1561383000,52.95000,53.38000,50.86000,51.01000,2731000
1561469400,50.95000,51.57000,49.73000,49.83000,1790800
1561555800,50.16000,50.65000,49.49000,49.49000,2086000
1561642200,49.65000,51.14000,49.55000,50.65000,2626000
1561728600,50.69000,51.08500,49.23000,49.71000,6188800
1561987800,50.53000,51.16000,49.52000,50.65000,1891700
1562074200,50.84000,51.86000,50.21000,51.34000,1834700
1562160600,51.44000,51.80000,50.65000,51.65000,1287800
1562333400,50.91000,52.20000,50.70000,52.16000,1292900
1562592600,52.00000,52.23500,51.33000,51.65000,1199100
1562679000,51.46000,52.52000,51.27000,52.00000,2480800
1562765400,52.34000,53.00000,51.34000,51.35000,1999500
1562851800,51.76000,53.88000,51.74500,53.80000,2353500
1562938200,53.85000,53.90000,52.53000,53.20000,1210700
1563197400,53.50000,54.17000,52.90000,54.05000,845900
1563283800,54.00000,54.09000,53.32000,53.62000,953900
1563370200,54.28000,54.30000,52.39000,52.77000,1720900
1563456600,52.51000,53.30000,52.41000,53.05000,2874300
1563543000,53.49000,53.49000,52.16000,52.42000,1180700
1563802200,52.68000,52.97000,52.02000,52.37000,2029300
1563888600,52.51000,53.23000,52.21000,52.94000,836800
1563975000,52.67000,54.53000,52.53000,54.35000,1211500
1564061400,54.30000,54.30000,52.23000,52.47000,2386500
1564147800,52.81000,54.78000,52.67000,54.68000,2809100
1564407000,54.66000,54.69400,52.36000,53.90000,1370500
1564493400,53.55000,54.41000,53.18000,54.15000,1190200
1564579800,54.17000,54.20000,51.30000,51.72000,1981400
1564666200,51.73000,53.00000,49.52000,49.93000,2106600
1564752600,49.86000,50.07000,48.25000,48.80000,1533300
1565011800,47.00000,47.33000,43.93000,44.70000,4647100
1565098200,45.59000,46.27500,44.12000,44.59000,2990100
1565184600,44.00000,45.39000,43.25000,45.04000,2439600
1565271000,45.83000,46.45000,44.11000,46.36000,3181200
1565357400,45.92000,46.53000,44.63000,45.33000,1900600
1565616600,44.88000,45.10000,43.90000,44.21000,1545500
1565703000,44.00000,45.92000,43.75000,45.62000,1384100
1565789400,44.23000,44.46900,43.13000,43.91000,1663100
1565875800,44.27000,44.61000,43.61000,44.13000,2132400
1565962200,44.93000,45.58000,44.64000,44.81000,1414500
1566221400,45.61000,45.99000,44.32500,44.54000,2133100
1566307800,44.36000,44.95000,43.73500,44.63000,1911500
1566394200,45.00000,45.88000,44.66000,45.02000,1259200
1566480600,45.34000,45.34000,44.22000,44.72500,1254600
1566567000,44.66000,45.24000,43.77000,43.98000,1247500
1566826200,44.63000,45.34000,43.91000,45.23000,1183300
1566912600,45.67000,45.67000,44.17000,44.76000,1340200
1566999000,44.45000,45.57000,44.08000,45.44000,1349700
1567085400,45.91000,46.63000,45.68000,46.42000,1215100
1567171800,46.90000,46.98000,45.83000,46.69000,1630400
1567517400,46.57000,47.35000,46.09000,46.61000,2236000
1567603800,47.20000,47.75500,46.42000,46.85000,2322000
1567690200,47.48000,47.49000,45.52000,46.25000,6858000
1567776600,55.70000,57.30000,54.10000,56.27000,25958200
1568035800,56.00000,59.74000,55.55000,58.57000,9313800
1568122200,56.23000,60.80300,55.80000,59.91000,8136900
1568208600,59.50000,63.45000,59.17800,63.30000,5257400
1568295000,62.97000,64.18000,62.30000,62.93000,5089500
1568381400,62.99000,63.99000,62.41000,62.49000,3438900
1568640600,61.05000,62.85100,59.99000,61.88000,4190600
1568727000,61.16000,62.11500,61.04000,61.90000,3333700
1568813400,61.85000,63.83000,61.50000,63.30000,3659500
1568899800,63.13000,63.62500,62.60000,63.36000,3615000
1568986200,63.72000,65.07000,63.51000,64.80000,8976600
1569245400,64.51000,64.78000,63.80000,64.52000,4093200
1569331800,64.70000,64.78000,61.37500,61.72000,4428300
1569418200,61.74000,62.86000,60.61000,62.61000,2786300
1569504600,62.31000,62.70000,61.54000,62.39000,1825100
1569591000,62.71000,62.89000,60.13000,60.64000,2277600
1569850200,60.62000,62.22000,59.58000,61.92000,2228800
1569936600,62.03000,62.24000,60.65000,60.89000,2744100
1570023000,60.80000,61.03800,59.77000,60.76000,2879200
1570109400,61.45000,63.00000,60.38000,62.21000,5346100
1570195800,62.46000,63.38000,61.93000,62.40000,2598400
1570455000,62.57000,65.60000,62.08000,65.05000,4845700
1570541400,64.40000,65.36500,63.06000,64.62000,3478400
1570627800,65.26000,67.61000,64.70000,67.04000,4472300
1570714200,66.81000,67.77000,66.51000,67.14000,2667000
1570800600,67.80000,68.11000,65.61000,66.53000,2678500
1571059800,66.73000,67.77000,66.62000,67.09000,1618700
1571146200,67.64000,67.94000,66.85000,66.99000,1758300
1571232600,67.17000,68.17000,65.85000,67.06000,2238500
1571319000,67.15000,67.62500,66.15000,66.72000,1565000
1571405400,66.55000,66.88000,61.68000,64.52000,3705900
1571664600,64.91000,66.32000,64.63000,66.03000,2172300
1571751000,66.11000,66.37000,62.94000,63.20000,2185000
1571837400,62.96000,64.89000,62.06000,62.83000,2382900
1571923800,63.71000,65.22000,63.37000,64.91000,1518100
1572010200,64.62000,66.11000,64.20000,65.40000,1051900
1572269400,65.67000,66.87000,65.59000,66.37000,1159900
1572355800,66.19000,67.10000,65.83000,66.39000,1125400
1572442200,66.63000,66.90000,65.24000,66.77000,1209700
1572528600,66.77000,66.77000,64.97000,66.19000,1191400
1572615000,66.78000,68.00000,65.78000,66.88000,1791200
1572877800,68.00000,69.89000,67.62000,68.45000,3044900
1572964200,68.61000,68.84000,65.91000,66.00000,2233500
1573050600,66.28000,66.31000,64.25000,66.08000,1989700
1573137000,66.25000,67.35000,65.32000,65.41000,1210900
1573223400,65.47000,66.79000,65.00500,66.73000,1331000
1573482600,66.65000,68.47000,66.54000,67.25000,1335100
1573569000,67.48000,67.76700,66.36000,67.01000,1268800
1573655400,66.69000,68.03000,66.44800,67.82000,1110200
1573741800,68.00000,68.60000,67.40000,67.75000,988400
1573828200,67.90000,68.47000,67.08000,67.78000,1151300
1574087400,67.48000,67.75000,66.24000,66.66000,1756800
1574173800,66.92000,67.15000,65.82800,66.57000,2483700
1574260200,66.54000,68.30000,66.40000,67.89000,1878300
1574346600,69.29000,71.50000,69.19800,69.94000,3687100
1574433000,70.30000,71.31000,69.29000,71.12000,2055800
1574692200,71.63000,73.22000,71.26000,71.50000,3016800
1574778600,71.75000,72.61000,70.73000,72.31000,1765800
1574865000,72.16000,72.69000,71.18000,71.66000,1115600
1575037800,71.44000,71.97000,70.88000,71.21000,691700
1575297000,72.44000,72.50000,68.36700,69.92000,2258600
1575383400,67.69000,70.87000,66.97000,70.68000,2003300
1575469800,71.01000,71.90000,69.10000,70.00000,2347900
1575556200,70.20000,70.46600,68.95000,69.50000,3233000
1575642600,74.94000,75.85000,71.06000,75.57000,9987500
1575901800,75.51000,76.28000,73.90000,75.46000,2735700
1575988200,75.30000,75.37600,71.79000,72.79000,3156200
1576074600,72.85000,72.96000,71.20000,72.46000,1951500
1576161000,72.76000,72.83000,71.43800,71.97000,1419400
1576247400,71.78000,73.95000,71.78000,73.72000,2317200
1576506600,74.09400,74.83000,73.23000,73.64000,1407400
1576593000,73.64000,73.97000,72.71000,73.63000,1930700
1576679400,73.35000,75.06000,73.08000,73.55000,1401700
1576765800,73.41000,74.45000,73.17000,73.38000,999100
1576852200,74.21000,74.25000,73.06000,74.18000,1641000
1577111400,74.01000,74.40000,73.16000,73.35000,995400
1577197800,73.20000,73.87000,72.86000,73.70000,361800
1577370600,73.80000,75.02000,73.50000,74.44000,1011600
1577457000,74.94000,74.98000,73.55000,74.39000,924500
1577716200,74.13000,74.50000,72.20000,73.75000,1266000
1577802600,73.67000,74.29000,73.14000,74.11000,799600
1577975400,74.31000,76.83000,74.11000,75.90000,2043300
1578061800,74.87000,75.81000,73.68000,75.56000,1255500
1578321000,74.38000,75.46000,73.72000,75.39000,2271300
1578407400,75.67000,75.67000,74.01000,75.24000,2289200
1578493800,75.13000,76.90000,74.81000,76.27000,3421300
1578580200,76.49000,77.01000,75.53000,75.80000,1849700
1578666600,75.55000,75.85000,74.36000,74.83000,2317300
1578925800,73.69000,74.83000,72.81300,74.15000,1617100
1579012200,73.96000,74.36000,71.68000,72.80000,2158300
1579098600,73.00000,75.14000,72.72000,73.03000,1528500
1579185000,73.20000,74.09000,72.63000,73.08000,1148200
1579271400,73.43000,73.71000,72.26500,72.53000,1958300
1579617000,72.35000,74.83000,72.04000,73.13000,1935900
1579703400,73.70000,75.19000,73.70000,74.40000,1799100
1579789800,74.61000,74.73500,73.15000,74.33000,1823900
1579876200,74.72000,75.98000,73.09000,74.18000,1399500
1580135400,72.41000,73.29000,70.55000,72.77000,1584300
1580221800,73.06000,75.20000,72.78100,74.93000,1169400
1580308200,75.30000,77.77000,74.93000,76.92000,2615800
1580394600,76.70000,79.26000,76.27000,79.11000,2672800
1580481000,78.83000,80.26000,77.16000,78.51000,2502800
1580740200,79.10000,80.74000,79.04000,80.63000,1734500
1580826600,81.46000,83.20000,80.46100,82.02000,2372400
1580913000,82.91000,83.30000,79.93000,80.74000,1584700
1580999400,80.70000,82.00000,80.59000,81.44000,825400
1581085800,81.44000,84.04000,80.89000,83.16000,1517400
1581345000,82.95000,85.08000,82.87000,84.61000,1839500
1581431400,84.86000,85.98000,84.26000,85.33000,1125400
1581517800,87.18000,87.41000,84.24000,87.33000,1624000
1581604200,87.11000,88.48000,86.92000,88.03000,1770400
1581690600,88.43000,89.60000,88.00000,89.41000,1122300
1582036200,88.83000,91.02000,88.50000,90.76000,1167800
1582122600,91.68000,92.55000,90.86000,91.49000,1599500
1582209000,91.78000,92.52000,87.51000,90.31000,1806300
1582295400,89.99000,91.11000,87.08000,88.73000,2238700
1582554600,83.61000,86.99500,80.14000,86.37000,2206500
1582641000,87.39000,88.09000,82.67000,83.06000,1962700
1582727400,83.12000,86.46000,82.83000,83.58000,1908100
1582813800,80.19000,86.44000,76.18000,83.21000,2854900
1582900200,80.11000,86.88000,79.89000,86.31000,3014900
1583159400,87.39000,88.54500,84.81000,87.96000,2521300
1583245800,87.77000,88.37000,83.50000,85.81000,1965200
1583332200,87.48000,89.55000,85.87000,89.55000,1988400
1583418600,88.07000,90.73500,87.66000,88.60000,2102500
1583505000,87.10000,87.78000,81.25000,84.02000,2573800
1583760600,77.18000,80.97000,75.25500,77.63000,3110400
1583847000,80.00000,80.00000,75.30000,79.82000,2338800
1583933400,78.54000,80.35000,74.06000,75.00000,2708400
1584019800,68.35400,71.70000,64.88000,68.68000,4354300
1584106200,75.02000,79.59000,70.02000,77.32000,6006400
1584365400,68.88000,85.75000,66.12000,72.31000,7015000
1584451800,73.07000,75.63200,68.52000,70.94000,5056800
1584538200,66.80000,77.19000,65.61000,76.61000,4420500
1584624600,76.53000,83.46000,74.52000,75.88000,5673500
1584711000,77.00000,82.06000,75.30500,79.70000,6081200
1584970200,80.01000,87.00000,79.59000,83.50000,4712100
1585056600,88.00000,88.27000,84.06000,85.00000,4768400
1585143000,85.00000,86.70000,80.25000,81.37000,2700100
1585229400,82.02000,84.82000,81.27100,83.66000,3292100
1585315800,83.06000,83.09000,79.74000,82.57000,3329600
1585575000,83.98000,89.29000,83.20000,88.14000,4910900
1585661400,88.08000,98.38000,87.92000,92.40000,7079300
1585747800,90.82000,95.63000,88.75000,92.09000,4680800
1585834200,92.45000,93.95000,82.60900,84.04000,4900900
1585920600,84.26000,85.93000,78.72000,79.00000,4043600
1586179800,81.63000,90.48000,80.55000,90.15000,5594100
1586266200,90.91000,91.04000,86.01000,87.97000,3167900
1586352600,88.99000,90.65000,85.84000,88.37000,2399100
1586439000,89.00000,91.38000,86.13000,90.63000,3370500
1586784600,91.44000,94.96000,90.04000,93.97000,3264900
1586871000,95.69000,99.65000,95.04000,98.43000,3830300
1586957400,97.93000,101.50000,95.92000,100.53000,2883500
1587043800,102.90000,105.15000,99.01000,100.68000,4618800
1587130200,99.43000,102.06800,96.79000,100.35000,2906300
1587389400,101.37000,103.45000,100.60000,101.80000,2576900
1587475800,102.25000,103.06300,96.55000,99.33000,2885500
1587562200,100.71000,102.48000,98.25000,101.79000,2745600
1587648600,101.83000,104.30000,100.50000,102.19000,2624400
1587735000,103.25000,105.44000,100.11500,105.07000,2932900
1587994200,106.71000,109.45000,106.20000,108.25000,2462600
1588080600,109.52000,111.36000,103.30000,103.94000,2910500
1588167000,103.42000,105.42000,100.71000,103.40000,3220700
1588253400,103.59000,107.85000,103.29400,104.75000,2308300
1588339800,103.19000,105.47900,101.88000,103.52000,1431200
1588599000,103.43000,108.96000,103.16000,107.08000,2089200
1588685400,109.00000,111.76000,107.36000,109.35000,2006100
1588771800,110.88000,116.00000,110.88000,115.49000,2984200
1588858200,117.38000,119.53800,115.11000,117.70000,3750900
1588944600,118.48000,120.90000,115.66000,116.56000,3157300
1589203800,117.68000,121.84000,117.50000,120.65000,4240800
1589290200,122.00000,123.79000,118.12000,120.26000,2618800
1589376600,121.11000,124.28000,115.57000,119.07000,3581100
1589463000,118.30000,123.49000,117.11000,122.01000,3045300
1589549400,121.75000,126.28000,121.47000,125.88000,2596200
1589808600,126.78000,128.46001,121.61000,122.92000,3899800
1589895000,124.14000,130.36000,123.39000,127.22000,2963700
1589981400,130.00000,134.74001,127.33000,128.77000,4327900
1590067800,132.00000,136.28999,131.08000,132.85001,4879000
1590154200,136.17000,136.17999,131.64000,133.00000,2937600
1590499800,136.00999,136.03999,126.50000,128.95000,4884900
1590586200,126.65000,127.46000,118.21000,126.54000,4472700
1590672600,126.75000,132.13000,126.54000,127.80000,4278100
1590759000,130.03000,141.42999,129.89999,139.74001,8918700
1591018200,142.35001,150.58000,140.44901,147.22000,6854300
1591104600,151.97000,152.00000,141.03000,147.67999,7561700
1591191000,146.86000,150.57001,145.22000,147.45000,4485000
1591277400,147.75000,148.64000,138.53999,140.06000,8408800
1591363800,139.82001,144.95000,131.25999,139.64000,8238800
1591623000,136.99001,147.07001,135.42000,146.53999,4928400
1591709400,145.41000,146.05000,140.34000,141.92000,4231200
1591795800,144.50000,149.94000,143.66000,148.05000,4206300
1591882200,145.00000,154.00000,144.28999,148.89999,5593900
1591968600,152.06000,155.14000,146.28000,150.60001,3986800
1592227800,154.88000,163.70000,152.86301,162.69000,8193800
1592314200,164.94000,165.08000,158.18401,163.05000,5554100
1592400600,164.27000,167.86800,160.92999,161.71001,6212900
1592487000,161.71001,163.60001,160.41000,162.30000,5971900
1592573400,163.07001,165.00000,160.00000,161.42000,14150300
1592832600,164.33000,169.85001,163.49001,168.30000,5687700
1592919000,170.34000,171.20000,165.39000,166.80000,6113700
1593005400,167.41000,172.21001,163.73000,163.91000,5546100
1593091800,165.00000,169.80000,161.63000,168.39999,3364900
1593178200,168.77000,180.45100,164.22000,177.58000,8570600
1593437400,176.24001,177.00000,166.61301,171.67000,5126900
1593523800,172.35800,174.48000,169.77000,172.21001,3462400
1593610200,171.25000,180.38000,170.80000,178.96001,3770500
1593696600,181.00000,199.49001,178.51500,190.99001,13225100
1594042200,196.45000,199.45000,190.00000,190.66000,6495700
1594128600,191.39000,202.64999,189.58501,197.75000,6189500
1594215000,200.97000,206.55000,200.28000,206.35001,6248700
1594301400,211.50000,217.00000,206.59000,212.42000,10243100
1594387800,212.53000,213.39999,204.14999,210.11000,4808000
1594647000,211.50999,211.83900,185.14000,190.02000,9412900
1594733400,191.00000,196.94000,181.50000,196.42999,7466200
1594819800,193.92999,195.20000,188.34000,192.83000,5429600
1594906200,190.00000,193.50000,186.20200,191.72000,3771200
1594992600,191.10001,196.84000,188.66000,196.41000,3102400
1595251800,197.89999,202.91000,196.58000,201.99001,4309000
1595338200,203.82001,204.87000,198.29201,201.03000,3952700
1595424600,201.37000,204.50000,199.33000,203.98000,3011500
1595511000,204.00000,208.80000,196.61000,198.49001,3302400
1595597400,193.00000,194.74001,186.77000,190.95000,3984200
1595856600,191.64999,197.80000,188.71001,196.27000,2341800
1595943000,196.27000,202.11000,195.14000,196.73000,2475200
1596029400,198.60001,210.48000,198.60001,209.14999,4529500
1596115800,206.11000,215.00000,205.00000,213.94000,4382800
1596202200,216.88000,217.70000,210.34599,216.83000,3082400
1596461400,218.72000,227.33000,218.33000,226.28000,3207100
1596547800,225.20000,229.41000,221.24001,227.67999,2598200
1596634200,227.67999,229.83000,225.06000,226.02000,1962800
1596720600,226.75000,228.50000,212.06000,215.67999,4525300
1596807000,215.19000,215.42000,199.17000,204.75999,5653500
1597066200,206.36000,207.59700,193.60001,198.38000,5006500
1597152600,197.50999,199.84000,191.38000,191.82001,4488600
1597239000,192.64999,196.88000,189.12000,193.30000,4587400
1597325400,194.22000,203.85001,193.62000,199.38000,4048000
1597411800,201.35500,204.46001,197.21001,199.71001,1952600
1597671000,202.24001,209.83000,201.98000,207.70000,2590500
1597757400,213.49001,213.53000,207.68800,209.47000,2763900
1597843800,209.91000,212.17000,205.33000,208.21001,1880800
1597930200,207.49001,215.50000,206.27000,214.48000,2359200
1598016600,214.42000,216.39999,209.17000,210.17999,2965800
1598275800,212.57001,213.44000,201.55400,204.49001,3033000
1598362200,203.46001,205.50000,199.00999,205.09000,2317000
1598448600,209.00999,218.42000,207.34000,214.41000,3575100
1598535000,214.14999,217.89999,209.15500,214.77000,2419000
1598621400,218.05000,223.82500,215.10001,215.24001,3469600
1598880600,218.66901,224.14000,215.51500,223.00000,3933300
1598967000,240.67999,271.44000,237.00000,268.79999,20733100
1599053400,282.72000,290.23001,251.12000,265.16000,25428200
1599139800,248.61000,251.89999,225.16200,242.00999,31591200
1599226200,233.77000,234.94000,205.25000,216.25999,26988700
1599571800,206.05000,214.14000,202.42000,205.63000,11695900
1599658200,210.20000,216.25000,205.64999,211.78999,11243400
1599744600,214.30000,217.25000,203.52600,205.95000,6047400
1599831000,207.84399,208.66000,193.66000,197.94000,8183200
1600090200,200.46001,204.92200,196.64000,202.95000,5189100
1600176600,206.02000,207.00000,199.28999,202.02000,4497500
1600263000,200.42999,203.52000,195.00999,197.00999,5036400
1600349400,190.52000,195.23500,187.21001,193.39000,5685300
1600435800,195.38000,195.85001,188.06000,194.86000,7504900
1600695000,190.34000,205.10001,189.25400,205.02000,6454200
1600781400,207.56000,212.49001,200.75000,212.13000,5591900
1600867800,210.50999,219.28000,207.33501,211.52000,7127600
1600954200,208.50999,209.55000,199.33000,203.85001,4979700
1601040600,206.44000,213.11000,204.66000,212.36000,3449700
1601299800,213.12000,216.80000,209.92999,213.24001,3944600
1601386200,214.16000,217.02000,211.80499,212.92999,3225600
1601472600,212.00000,218.42999,210.11000,215.24001,3881700
1601559000,218.80000,224.23000,218.25000,222.25999,4946500
1601645400,219.00000,227.20000,217.70000,218.27000,5194800
1601904600,228.05000,236.37000,223.82001,225.92000,7636200
1601991000,227.58000,228.30000,218.55000,221.20000,4659500
1602077400,224.52000,226.85001,221.89000,224.05000,3474700
1602163800,226.08000,226.89999,218.12000,220.39000,3980700
1602250200,222.89999,228.86000,221.34000,225.60001,4329400
1602509400,229.50000,234.00000,228.28999,231.86000,3690000
1602595800,233.97000,240.00000,233.45000,238.21001,3373300
1602682200,244.99001,246.80000,233.00000,237.10001,5122200
1602768600,232.28000,240.97000,230.64999,240.45000,3194100
1602855000,242.28999,243.70500,234.16000,234.60001,2552500
1603114200,237.07001,238.47000,227.56000,228.41000,2981100
1603200600,229.56000,231.69000,227.10001,227.80000,2132700
1603287000,228.39000,232.00000,217.72000,218.12000,2909800
1603373400,220.00000,221.02000,211.00000,214.80000,3454700
1603459800,215.38000,219.97000,211.28000,219.82001,2177600
1603719000,218.00000,227.28000,215.63000,220.17000,2982800
1603805400,224.44000,225.24001,219.19000,222.18500,1877200
1603891800,220.52000,222.80000,215.12000,218.25000,2078700
1603978200,221.64999,223.89999,213.47000,213.64999,2119000
1604064600,210.50000,210.91000,200.23000,202.25000,3981900
1604327400,204.21001,204.64900,196.00999,201.56000,3330600
1604413800,201.05000,209.14200,199.57001,208.42999,2300600
1604500200,217.99001,235.34000,217.70000,235.00999,5728300
1604586600,236.60001,246.00000,232.70000,236.77000,4355300
1604673000,234.09000,235.64999,227.00000,231.69000,2384400
1604932200,216.01401,216.01401,197.20000,197.60001,11684500
1605018600,201.84000,203.88499,185.35899,198.31000,8821600
1605105000,202.37000,209.39000,200.12199,208.55000,3660900
1605191400,211.00000,214.50000,209.09000,212.62000,3003000
1605277800,212.61000,213.25000,204.00000,205.70000,2720600
1605537000,200.67999,208.87500,199.67999,208.13000,2461500
1605623400,210.00000,214.17999,207.92000,211.91000,1941000
1605709800,212.39200,216.79900,209.00000,214.32001,2654600
1605796200,214.14999,222.85001,214.14999,219.70000,2417400
1605882600,220.60001,226.39000,219.12000,221.59000,2338900
1606141800,220.25999,221.37000,213.56000,217.17000,2432700
1606228200,215.00000,217.70000,212.50000,217.20000,2354000
1606314600,218.44000,224.53999,218.27000,224.14999,1888100
1606487400,226.52000,226.91000,221.21001,226.87000,1703000
1606746600,228.32001,233.88000,218.95000,227.88000,3775600
1606833000,222.00000,223.00000,210.96001,215.71001,5172200
1606919400,213.34100,219.89999,209.11000,217.70000,3054900
1607005800,221.67999,236.24001,218.75400,231.00999,10982200
1607092200,244.83099,256.00000,240.20000,243.22000,19048100
1607351400,241.00000,241.81000,232.27000,232.52000,6155000
1607437800,235.22000,237.50000,228.66400,234.82001,4608700
1607524200,232.10001,234.00000,219.71001,220.97000,4758600
1607610600,217.33000,227.50000,216.00000,222.59000,3117500
1607697000,223.00000,228.20500,220.92999,225.49001,2471300
1607956200,224.85001,228.78999,222.70000,228.33000,2373400
1608042600,229.53500,237.74001,228.19501,233.70000,3334600
1608129000,234.29401,239.70000,233.25999,237.08000,2132200
1608215400,238.95000,247.74001,238.07001,247.00000,3566200
1608301800,248.42999,249.25000,238.50999,241.00000,4231000
1608561000,242.89000,249.89999,239.41000,248.00000,3015900
1608647400,250.00000,252.78999,243.80000,251.60001,3063400
1608733800,252.00000,252.48000,242.61200,244.05000,2062000
1608820200,245.00000,250.30000,243.50000,244.92999,1024500
1609165800,245.19000,246.88000,228.37000,229.20000,3323500
1609252200,232.97000,233.14000,226.80000,228.16000,2684400
1609338600,229.00000,230.14000,224.30000,225.89999,2074500
1609425000,225.30000,225.99001,220.60001,222.30000,2209600
1609770600,222.39000,224.62500,216.50000,222.41000,2757700
1609857000,226.94000,233.80000,224.03000,228.50000,4460900
1609943400,222.88000,228.29300,218.55000,223.85001,2891800
1610029800,228.53999,239.78999,227.89999,239.03000,4093400
1610116200,241.60001,246.39000,240.78000,244.53999,3334900
1610375400,241.00000,244.98000,237.17999,240.96001,1372400
1610461800,245.57001,263.00000,245.42000,262.64999,7714900
1610548200,260.00000,262.31000,252.91800,255.85001,4417400
1610634600,256.88000,258.26999,247.77000,250.25000,2717800
1610721000,251.35001,256.44000,246.89000,249.28000,2512600
1611066600,251.80000,260.38000,251.64000,256.57001,3117700
1611153000,260.82001,262.47000,253.69501,255.31000,2788200
1611239400,257.67999,257.67999,251.64999,253.94000,1495700
1611325800,253.02000,257.12500,250.88000,255.14999,1479000
1611585000,257.91000,260.00000,236.67999,244.39999,4198900
1611671400,244.39999,245.98000,233.70000,235.11000,2746000
1611757800,232.35201,232.85001,222.66000,225.19000,3787300
1611844200,231.20000,237.87000,228.00000,234.14000,3047900
1611930600,233.14999,235.64000,228.02499,232.89000,1999300
1612189800,233.25000,234.47000,224.67000,230.14000,3224200
1612276200,234.49001,242.08000,232.50000,239.84000,3054100
1612362600,243.45000,243.55000,235.14999,236.83000,1875500
1612449000,238.50000,247.00000,236.62000,246.00999,2808900
1612535400,246.66299,251.00000,244.77000,250.37000,2557400
1612794600,252.30800,256.20001,247.79900,248.89999,2039100
1612881000,249.92000,256.95801,249.00999,255.82001,2017500
1612967400,257.54001,261.75500,250.48000,255.25000,2231800
1613053800,257.76001,259.03799,253.81000,256.26999,1382900
1613140200,255.45000,263.48999,251.74200,263.29999,2124000
1613485800,262.95001,275.45999,259.51001,264.69000,4382100
1613572200,259.31799,262.20999,248.80000,254.98000,2376200
1613658600,252.48000,263.45001,248.69000,260.98999,2047300
1613745000,262.26999,269.91000,262.04300,265.16000,2167500
1614004200,258.22000,259.57999,240.22000,243.50999,4620100
1614090600,231.22000,245.20000,222.22000,243.60001,4459000
1614177000,240.64000,243.00000,234.46001,239.66000,3427800
1614263400,239.37000,242.49001,223.70200,225.73000,4553300
1614349800,225.00000,228.56000,219.14999,226.66000,7422600
1614609000,233.37000,240.92999,229.37000,238.56000,5139300
1614695400,245.24899,246.11000,231.39999,232.59000,3216600
1614781800,232.09000,232.59000,216.16000,219.64000,3671200
1614868200,219.25999,223.98000,205.76401,210.62000,5089200
1614954600,212.50999,213.28999,188.91000,204.31000,6785200
1615213800,203.53999,208.47000,191.59000,192.84000,3950000
1615300200,203.47000,214.53000,201.88499,213.22000,4404800
1615386600,219.84000,221.64999,210.10001,212.67000,3170100
1615473000,220.99001,226.30000,215.57001,225.22000,5185200
1615559400,215.89999,216.86000,207.69000,210.34000,9276600
1615815000,209.75999,220.48000,209.75999,220.08000,3900600
1615901400,221.67999,224.53000,210.16000,211.17999,3192900
1615987800,208.06000,215.70000,204.89400,213.34000,3015100
1616074200,209.00000,209.16000,204.45000,204.80000,3416200
1616160600,204.80000,207.50999,199.55000,205.67000,3476100
1616419800,205.36000,208.75000,203.72000,207.42999,2423200
1616506200,208.14000,209.80000,206.11000,207.96001,1661200
1616592600,209.00000,209.00000,198.02000,198.46001,2856700
1616679000,193.89000,202.80000,192.50000,200.28999,3432300
1616765400,200.14999,204.44000,195.11400,201.96001,2150600
1617024600,201.88400,202.61000,193.39999,197.39999,1984200
1617111000,194.25000,198.00999,192.02000,196.94000,2201900
1617197400,199.75999,204.82001,197.39000,202.45000,2162300
1617283800,205.30000,210.49001,205.28999,206.28999,2251600
1617629400,208.00000,208.38000,202.30000,205.64999,1717100
1617715800,205.27299,209.48000,203.35001,205.71001,1894900
1617802200,206.00000,208.51601,204.30000,205.71001,1595000
1617888600,209.55000,213.28999,208.31000,212.28000,2775800
1617975000,210.96001,213.35001,207.62000,212.97000,2121900
1618234200,210.00999,215.66000,209.22000,213.48000,1575700
1618320600,216.87000,229.21001,216.39999,223.64000,4287300
1618407000,225.57300,227.58000,223.64000,225.36000,4814300
1618493400,229.00000,233.69000,226.80000,233.20000,2843700
1618579800,232.78200,234.00000,228.55000,231.92999,1889000
1618839000,229.47000,231.63000,222.10001,223.30000,1899200
1618925400,222.80000,225.86000,218.39000,219.42999,1432400
1619011800,218.36000,220.77901,215.50999,219.36000,1621300
1619098200,218.92999,227.99001,218.92999,221.69000,2074100
1619184600,222.85001,226.88000,222.69501,224.84000,1431800
1619443800,225.39999,234.44000,223.68100,234.36000,2255600
1619530200,234.00999,234.73000,228.50000,230.02000,1355600
1619616600,227.42500,236.10699,227.16400,232.30000,1584900
1619703000,232.89000,232.89000,221.50000,224.59000,1622700
1619789400,221.09000,228.36000,220.62000,222.94000,1289100
1620048600,224.03000,224.03000,213.78999,215.10001,1843300
1620135000,212.08000,212.98000,202.45000,204.31000,4642500
1620221400,205.64999,205.95000,195.42999,196.47000,3694800
1620307800,196.04401,196.46001,187.59000,193.62000,4610700
1620394200,196.22200,201.50000,194.33000,195.28000,3284400
1620653400,193.99001,194.70300,189.14000,190.00000,2337300
1620739800,181.53999,196.72000,180.55000,195.98000,3726300
1620826200,191.05000,192.78999,184.59500,187.78999,2575000
1620912600,190.10001,191.60001,179.49001,180.16000,3821300
1620999000,181.57001,187.50800,181.22000,187.08000,2037700
1621258200,186.37000,188.00000,182.45500,186.50999,1456300
1621344600,187.03000,192.58000,186.20500,188.91000,2251000
1621431000,184.49001,189.89999,183.09000,189.49001,1711200
1621517400,190.47000,197.41000,189.52000,195.49001,3029700
1621603800,198.94000,199.29700,192.92999,193.75000,2231900
1621863000,196.00000,198.37000,194.57001,195.55000,1703000
1621949400,196.49001,196.88000,193.49001,195.67999,1923400
1622035800,197.49500,199.78000,196.42999,197.36000,2181400
1622122200,196.27000,200.35001,192.46201,199.39999,2878300
1622208600,200.98000,204.28999,200.00000,201.62000,1850700
1622554200,202.10001,203.08099,196.71001,200.38000,1856300
1622640600,201.09200,202.87000,198.77200,200.53000,1406400
1622727000,197.85001,198.46001,193.66000,194.75000,2960200
1622813400,209.93500,234.89000,209.93500,233.24001,18401200
1623072600,231.00999,244.64999,230.73500,240.97000,10106600
1623159000,240.00000,246.80000,239.68100,242.32001,4348700
1623245400,241.00000,242.88000,237.37000,237.75000,3168700
1623331800,237.57500,243.49001,235.11000,243.08000,3043300
1623418200,243.00999,253.14000,242.48000,253.00999,3922700
1623677400,253.06000,261.00000,250.58000,257.26001,4533900
1623763800,253.99001,254.50000,247.87000,250.48000,2870800
1623850200,251.00000,255.80000,248.05000,253.07001,3210100
1623936600,250.00000,261.48901,249.00000,260.60999,3478500
1624023000,261.19000,275.84000,261.19000,274.42999,6099000
1624282200,268.81000,273.89001,265.50000,270.01999,2581500
1624368600,269.98999,279.05499,269.00000,277.26999,3149900
1624455000,276.76700,279.89999,273.03000,274.79999,2691200
1624541400,276.45001,282.54501,275.64001,276.72000,2249500
1624627800,277.94000,279.42001,274.60001,279.20001,2186700
1624887000,279.10199,285.35001,279.10199,284.14999,1740300
1624973400,282.57999,284.98999,279.50000,284.48001,1989900
1625059800,284.00000,286.51001,279.34500,279.57001,1771400
1625146200,278.63000,280.63000,275.14001,278.09000,1359300
1625232600,279.60300,283.00000,277.20999,278.82001,1231700
1625578200,279.00000,293.60999,277.16000,288.17999,3438700
1625664600,292.00000,293.64999,285.60999,288.94000,3136700
1625751000,280.64001,291.89001,279.50000,288.73999,2346600
1625837400,287.50000,290.00000,285.04999,288.01999,1497100
1626096600,290.38000,298.75000,287.01999,288.10001,1978000
1626183000,288.45999,288.54999,281.82999,283.67999,1496200
1626269400,285.04001,285.98001,274.01999,275.42999,1707200
1626355800,274.67999,279.73999,270.41000,277.01001,3528100
1626442200,280.95001,283.59399,277.78900,282.04999,1914700
1626701400,281.42999,291.66000,277.90399,289.48001,3080800
1626787800,291.60001,306.00000,290.50000,301.26999,4394300
1626874200,300.98901,304.95001,294.20999,302.81000,2247900
1626960600,303.45999,310.50601,303.17001,308.00000,1945200
1627047000,307.01999,310.29001,305.10999,308.50000,1594100
1627306200,305.38000,308.29001,302.50000,305.76999,1391700
1627392600,302.79999,306.94400,295.06299,302.04001,1724300
1627479000,303.03000,307.37399,299.17999,304.82001,1107600
1627565400,302.23999,308.48999,299.75000,301.17999,1481300
1627651800,297.17999,302.58499,296.10001,298.04001,1406800
1627911000,299.79999,299.79999,288.36801,295.10001,2003000
1627997400,293.81000,299.84000,289.35001,292.66000,1453900
1628083800,293.35001,302.16101,293.07001,301.97000,1662200
1628170200,302.00000,308.79999,299.32999,305.60999,1763500
1628256600,304.16000,307.95001,298.92999,302.63000,1017200
1628515800,302.50000,307.51999,299.48499,306.50000,1061200
1628602200,308.00000,314.76001,300.50000,301.44000,2028800
1628688600,303.00000,303.48999,290.69000,293.06000,1885700
1628775000,290.36700,300.09000,290.36700,295.54001,1072300
1628861400,296.01001,299.26999,293.62000,295.97000,851700
1629120600,296.23001,296.35999,282.10999,286.75000,1550500
1629207000,285.00000,289.92999,281.28000,285.57999,1137500
1629293400,286.92001,288.60999,284.07999,284.81000,955100
1629379800,283.57001,291.39001,283.39499,286.84000,2048600
1629466200,288.54001,289.64999,284.51001,286.00000,1431200
1629725400,287.01001,296.00000,285.67999,290.89001,2118700
1629811800,295.47000,296.33099,291.17001,293.98999,1379800
1629898200,294.59000,299.78000,292.98999,298.89999,1526500
1629984600,299.79599,303.76001,294.95999,295.14999,1050700
1630071000,297.98001,302.67999,296.00000,300.76001,1260800
1630330200,304.69000,308.73999,301.32001,303.64001,1428400
1630416600,295.14001,299.84399,291.29901,296.23999,2419300
1630503000,296.34299,299.17001,294.00000,297.22000,1641600
1630589400,297.00000,297.22000,290.50000,294.57001,3769300
1630675800,296.04501,314.70001,295.98001,310.04999,9918900
1631021400,310.70001,311.67999,290.76999,291.50000,5154100
1631107800,292.75000,294.37000,280.67499,281.64001,4051300
1631194200,282.03000,284.71301,279.29001,281.31000,2454700
1631280600,283.79199,285.62000,276.23001,277.14999,2339200
1631539800,277.98001,277.98001,268.22299,271.22000,2982100
1631626200,271.85001,272.94299,267.06000,267.98001,2552500
1631712600,269.35999,273.89999,263.89001,273.64999,3659100
1631799000,273.64001,277.10999,271.97000,277.10001,2746100
1631885400,277.00000,278.67001,273.89001,277.73999,4051500
1632144600,270.89001,276.10001,267.14999,271.29001,2761700
1632231000,273.13599,274.30499,267.95999,271.16000,2084000
1632317400,271.00500,275.67999,268.04700,274.04001,1384300
1632403800,275.20999,277.38000,273.41000,273.70001,1401800
1632490200,271.85001,273.04999,267.35001,272.37000,1176100
1632749400,268.50000,268.65500,262.12000,263.82001,1994300
1632835800,260.00000,260.00000,253.03000,259.00000,3022900
1632922200,257.23999,261.00500,255.58000,256.89001,2088600
1633008600,257.95499,261.35999,257.35001,257.42999,1494500
1633095000,257.00000,259.41000,253.29500,257.76999,1559600
1633354200,255.14999,255.24001,241.95200,246.57001,3048600
1633440600,248.00000,257.07999,247.58000,256.20001,2491300
1633527000,253.77000,265.23001,253.62000,265.12000,3326600
1633613400,266.91000,271.94000,265.00000,267.82999,2043400
1633699800,268.82001,269.98999,261.75000,263.03000,2037000
1633959000,261.98001,265.50000,259.03000,261.50000,949600
1634045400,261.98999,262.00000,250.11800,254.69000,3437200
1634131800,258.48001,260.64999,255.50999,259.31000,2387400
1634218200,263.01001,268.18500,260.66000,261.17001,1554000
1634304600,261.95001,262.33801,258.12000,260.47000,1220100
1634563800,261.35001,269.91000,261.29001,269.70001,1633900
1634650200,272.00000,276.51001,270.35999,272.89001,1772400
1634736600,275.00000,277.48999,268.07999,271.26001,1201200
1634823000,270.85001,280.79001,270.78000,279.87000,2565300
1634909400,280.81000,281.39001,273.04999,274.73001,1541300
1635168600,275.57999,279.94000,273.89999,277.85999,970300
1635255000,281.57001,288.50000,279.20999,280.57999,1882700
1635341400,282.00000,285.00000,277.67999,277.95999,1388000
1635427800,274.50000,276.89999,266.81000,275.91000,1651900
1635514200,275.88000,280.09000,274.82501,278.29001,1218100
1635773400,277.26999,279.13000,274.51999,277.95999,935800
1635859800,279.03000,282.48001,277.62000,281.85999,1463500
1635946200,283.01999,283.94000,278.24500,283.20999,893100
1636032600,283.20999,288.13501,282.67999,284.10999,905500
1636119000,280.54001,281.32999,265.26001,267.48999,2777900
1636381800,267.89001,275.89999,266.85001,273.91000,2287100
1636468200,275.26001,279.51199,273.25000,275.17001,1065400
1636554600,273.60999,274.53000,253.30499,255.66000,3665800
1636641000,257.39001,260.20001,254.28999,254.55000,1533400
1636727400,259.00000,265.62000,258.00000,264.66000,2060100
1636986600,266.09500,267.59000,262.50000,263.70999,1801500
1637073000,263.41000,268.95999,261.31699,267.73999,1433700
1637159400,267.84000,272.95999,265.32101,267.12000,1351400
1637245800,267.75000,268.00000,261.61499,264.17999,1019000
1637332200,267.92499,275.54001,263.10999,263.34000,1264700
1637591400,262.01001,262.35999,244.50000,247.75000,2630300
1637677800,241.42000,246.98500,237.33000,242.64999,2171700
1637764200,241.03999,243.70000,233.33000,243.47000,1627400
1637937000,257.47501,257.47501,247.66000,249.63000,1692100
1638196200,250.32001,252.66000,245.52000,251.50000,1725500
1638282600,252.52000,255.39999,243.78000,246.36000,1972100
1638369000,248.08000,249.64000,230.37000,230.78999,2233400
1638455400,230.95000,235.99001,227.47000,233.82001,8062700
1638541800,154.80000,155.39999,131.50999,135.09000,76138900
1638801000,135.64000,146.06000,132.98000,143.88000,23242200
1638887400,147.50000,148.80000,138.50999,138.60001,16190600
1638973800,141.13600,154.99001,139.62000,153.74001,18746100
1639060200,155.26500,163.77000,147.70000,149.37000,17125200
1639146600,148.25000,152.92999,142.62000,144.48000,7906600
1639405800,143.88000,146.48000,139.56000,139.77000,5870800
1639492200,137.72301,146.16000,136.35899,144.46001,7689700
1639578600,145.00000,152.37100,143.48000,151.07001,7449600
1639665000,145.85001,150.89999,145.00999,150.00999,8039800
1639751400,148.72501,155.99001,146.17999,155.37000,8357200
1640010600,154.50999,158.63000,147.13000,148.06000,5419200
1640097000,148.75999,155.27000,147.11501,154.24001,3816300
1640183400,153.59100,155.73500,150.91499,153.85001,3544300
1640269800,153.17000,158.14999,151.38000,157.00999,3267500
1640615400,154.99001,159.73000,154.42000,156.52000,3537000
1640701800,156.89000,156.92999,151.77000,152.39000,2627100
1640788200,152.38000,153.25999,148.25999,152.48000,2488100
1640874600,151.92000,157.78999,150.12000,155.16000,2959900
1640961000,154.00000,156.74001,152.17000,152.31000,2204400
1641220200,152.35001,157.37000,147.46001,157.00999,3727200
1641306600,155.10001,156.41000,147.56700,154.44000,6265200
1641393000,150.25999,153.49001,143.53000,144.17000,6104500
1641479400,142.05000,147.05000,139.45000,143.10001,5968900
1641565800,140.48500,144.73000,135.12000,135.92999,6221200
1641825000,133.51100,136.50000,126.91100,136.23000,7181100
1641911400,137.67999,145.92999,136.79800,142.13000,5524500
1641997800,142.91000,145.94000,137.58000,139.25000,3756300
1642084200,139.39999,139.47000,130.55000,130.59000,3668500
1642170600,128.30000,133.46001,127.10000,130.44000,3910100
1642516200,128.00000,131.85001,125.20000,127.31000,3631400
1642602600,127.81000,132.05000,126.69000,126.99000,3157600
1642689000,129.28000,132.88000,123.71000,124.44000,3399900
1642775400,122.44900,122.96000,115.52000,116.13000,6697000
1643034600,111.59000,122.23000,108.06000,121.83000,9032900
1643121000,120.00000,122.21000,114.55000,117.80000,5011800
1643207400,121.89000,123.69000,113.21000,114.33000,5579800
1643293800,116.37700,119.67000,110.29000,110.69000,5476900
1643380200,111.97000,117.47000,109.52000,117.29000,3907500
1643639400,118.25000,125.92000,118.00000,125.77000,4268000
1643725800,127.59000,128.29401,123.56000,127.50000,2688300
1643812200,127.29000,127.29000,120.06000,121.57000,3664000
1643898600,118.06000,120.29000,113.74000,114.24000,3351400
1643985000,114.43000,119.87000,113.85000,118.46000,3661400
1644244200,118.51000,123.34000,118.14000,118.41000,3041600
1644330600,117.14000,122.36000,116.50000,121.87000,3186100
1644417000,123.90500,128.28000,121.60000,128.16000,3712200
1644503400,124.50000,131.90700,123.20000,127.22000,3967200
1644589800,127.40000,129.05000,121.18000,122.48000,2905100
1644849000,122.63000,125.11000,120.41000,120.78000,2628700
1644935400,123.60000,125.93000,121.35000,125.57000,1952600
1645021800,123.15000,123.92000,118.51000,120.14000,3459800
1645108200,118.61000,120.61000,114.19000,115.00000,3190600
1645194600,115.00000,116.11000,109.28000,110.28000,4304300
1645540200,108.04000,114.50000,108.02000,110.99000,3990200
1645626600,112.01000,112.34000,106.31000,106.35000,2576800
1645713000,101.12000,113.98000,100.00000,113.56000,4761100
1645799400,114.44500,115.22000,109.69000,115.07000,3924300
1646058600,114.54000,118.92000,114.15000,118.43000,4859200
1646145000,117.55000,123.50000,117.02000,117.90000,3841300
1646231400,117.96000,118.15000,109.52000,114.40000,4833700
1646317800,115.90000,115.90000,107.50000,108.66000,3760000
1646404200,108.70000,110.36600,101.20000,101.38000,5271600
1646663400,102.27000,103.74000,95.04900,95.06000,6581000
1646749800,95.00000,96.96000,90.90000,91.98000,5917100
1646836200,95.95000,100.24000,95.49000,98.05000,5176800
1646922600,94.91000,96.00000,91.92000,93.88000,11519600
1647009000,76.70000,77.81000,71.00000,75.01000,44966800
1647264600,73.17000,75.73500,71.79000,73.24000,11239900
1647351000,73.30000,77.19000,72.52000,76.64000,8366200
1647437400,78.35000,83.46000,77.77000,83.17000,10955100
1647523800,82.74000,88.04000,82.25000,87.26000,6891500
1647610200,88.28000,96.97000,88.27000,95.51000,11799300
1647869400,94.21000,100.06000,93.01000,95.86000,8118700
1647955800,94.12000,102.05000,94.00000,99.45000,5869500
1648042200,98.17000,102.61000,94.72500,100.17000,6228800
1648128600,101.09000,104.70000,98.13900,104.55000,6654300
1648215000,104.22000,104.46000,98.37000,100.45000,6001200
1648474200,100.90000,105.05000,98.81000,104.67000,5170000
1648560600,106.47000,111.99000,104.10000,111.24000,6306600
1648647000,109.26000,111.74000,106.63000,107.95000,4429000
1648733400,107.08000,109.89900,105.65000,107.12000,4000300
1648819800,107.00000,111.47000,106.70000,108.63000,4242400
1649079000,109.64000,113.67000,108.70000,112.28000,3467700
1649165400,111.30000,113.00000,106.38000,107.37000,4110300
1649251800,105.65000,105.94000,100.81000,102.70000,5946300
1649338200,102.24000,105.49800,100.01000,102.72000,4207300
1649424600,101.84000,104.94000,100.59000,101.95000,3902500
1649683800,100.24000,102.87500,97.18000,101.71000,3262200
1649770200,103.52000,105.41000,97.63000,98.76000,3658200
1649856600,98.50000,105.05000,97.99000,104.56000,3634000
1649943000,104.45000,104.93000,99.23000,99.53000,2987600
1650288600,99.14000,99.24000,93.84000,96.32000,3870900
1650375000,95.91000,102.94000,94.61000,102.03000,4051800
1650461400,101.73000,101.87000,92.37000,92.74000,4841700
1650547800,94.81000,96.20000,86.75000,87.42000,4749400
1650634200,88.04000,90.37000,84.71000,86.33000,3777800
1650893400,85.35000,91.07000,85.19000,89.95000,3722600
1650979800,89.15000,89.67000,84.08000,84.39000,4242600
1651066200,84.33000,86.58000,81.13000,82.71000,3561900
1651152600,83.91000,86.74000,80.63100,85.37000,3888900
1651239000,84.56000,87.55100,80.89000,81.00000,2877500
1651498200,80.73000,86.00000,80.44500,85.83000,3291500
1651584600,81.36500,86.75000,81.08600,83.94000,3567800
1651671000,84.70000,88.58000,79.10000,88.51000,4250200
1651757400,86.86000,86.86000,79.16000,80.93000,3479000
1651843800,79.78000,80.02000,74.14000,74.57000,4415500
1652103000,72.47000,73.84000,67.92300,68.63000,5426100
1652189400,71.10000,73.00000,66.00000,70.29000,6019000
1652275800,69.74000,73.02000,67.02000,67.60000,6200400
1652362200,65.74000,72.15000,64.84000,69.84000,5274900
1652448600,72.66000,80.78000,72.51000,79.17000,6171500
1652707800,77.30000,79.78000,74.18000,74.49000,3522500
1652794200,76.76000,79.57000,72.14000,75.25000,5004500
1652880600,73.88000,76.12000,71.91000,72.76000,2963200
1652967000,73.60000,80.16000,72.55000,78.18000,5308600
1653053400,79.64000,80.95000,72.84000,76.75000,4609800
1653312600,76.58000,78.33000,74.47000,78.27000,2787700
1653399000,76.94000,77.17000,69.78500,71.73000,4320100
1653485400,71.13000,78.77000,71.13000,77.70000,3867200
1653571800,76.50000,81.88000,75.93000,80.81000,3546800
1653658200,81.62000,86.66000,81.62000,86.24000,3413700
1654003800,86.24000,87.26200,82.00000,83.91000,5292400
1654090200,85.32000,87.44000,81.28000,82.12000,2369800
1654176600,82.24000,88.28000,81.80000,87.63000,2785800
1654263000,84.53000,86.13000,82.77500,83.78000,2569800
1654522200,86.04000,87.61000,82.64000,84.26000,2283800
1654608600,82.45000,88.03000,82.16000,87.74000,3520100
1654695000,90.00000,92.04000,88.71000,90.10000,5663700
1654781400,89.44000,91.67400,87.33000,87.36000,12549200
1654867800,66.50000,69.85000,64.30000,65.93000,41703600
1655127000,62.50000,63.30000,58.00000,59.12000,14979900
1655213400,59.98000,60.33000,57.14000,57.28000,7000300
1655299800,57.82000,61.62000,57.32000,60.47000,8909300
1655386200,57.79200,59.24000,55.96000,56.81000,7732300
1655472600,56.42000,61.45000,56.42000,60.55000,6518700
1655818200,60.76000,63.41000,59.48000,59.55000,7079200
1655904600,59.25000,63.38000,58.52200,62.05000,5174600
1655991000,62.79000,66.05000,61.77500,65.70000,6007700
1656077400,66.39000,69.75000,66.05000,68.75000,7682300
1656336600,69.53000,70.71000,66.03000,66.19000,4660500
1656423000,65.50500,66.83000,61.42000,61.67000,4355600
1656509400,61.61000,62.32000,60.35000,61.04000,3353100
1656595800,60.48000,60.48000,55.86000,57.38000,5064700
1656682200,58.00000,61.51000,57.00000,61.22000,7465200
1657027800,60.41000,65.66000,59.45000,65.32000,4804100
1657114200,65.60000,66.94000,63.34100,64.09000,3549200
1657200600,63.83500,68.40000,63.83500,67.45000,5482700
1657287000,66.20000,68.38800,65.37000,66.45000,3067600
1657546200,65.98000,66.08000,62.54200,63.11000,3386300
1657632600,63.54000,65.67000,61.61000,62.80000,3010700
1657719000,60.57000,63.35000,59.50000,61.70000,3143800
1657805400,61.33000,61.80000,58.79000,60.23000,2523100
1657891800,61.50000,63.87000,60.34000,63.43000,3563600
1658151000,64.98100,65.56000,61.75000,62.06000,2959000
1658237400,63.24000,64.18000,61.00000,64.07000,3212000
1658323800,64.87000,68.75000,64.40000,67.66000,4196300
1658410200,65.03000,68.00000,64.83000,67.48000,3672600
1658496600,67.32000,68.95000,63.40000,64.45000,3170400
1658755800,64.13000,64.13000,61.51000,63.40000,2437800
1658842200,63.41000,63.41000,59.88000,60.21000,2963800
1658928600,61.87500,64.60000,61.03000,64.27000,2835900
1659015000,64.07000,65.15000,61.41000,64.39000,2400200
1659101400,64.28000,64.28000,62.05800,63.98000,2761900
1659360600,63.31000,66.70000,62.58000,65.51000,2857600
1659447000,64.02000,67.48000,63.98000,67.01000,2322200
1659533400,67.83000,71.34000,67.76000,71.12000,3186700
1659619800,70.39000,71.66000,69.18000,71.19000,1939800
1659706200,70.02000,72.90000,69.02000,72.34000,2549700
1659965400,72.69000,77.24000,72.60000,74.32000,3528100
1660051800,72.96000,73.99000,69.45000,69.99000,3397800
1660138200,73.92000,75.80000,73.09000,75.39000,3217800
1660224600,77.15000,77.19000,71.87000,72.34000,3026700
1660311000,73.44000,74.77000,71.40000,74.34000,3355300
1660570200,74.15000,76.26000,73.60000,75.85000,2428900
1660656600,75.00000,75.81000,72.25000,73.77000,2994100
1660743000,72.10000,72.41700,69.07000,69.59000,2781300
1660829400,69.91000,70.10000,68.69000,69.75000,2027900
1660915800,67.72000,68.19000,65.75000,65.92000,2756200
1661175000,63.20000,64.67000,62.61500,63.06000,3252000
1661261400,62.81000,63.50000,60.78000,61.04000,4615600
1661347800,61.25000,62.40000,60.57000,60.95000,3395700
1661434200,61.49000,62.74000,60.28000,61.94000,2685800
1661520600,61.28000,61.48000,57.42000,58.02000,4519500
1661779800,57.72000,60.14000,57.24000,58.00000,2816600
1661866200,58.44000,59.43400,56.92000,58.57000,2942900
1661952600,59.55000,60.24000,57.67000,58.22000,2667200
1662039000,57.18000,57.39000,53.70000,55.70000,4224500
1662125400,56.66000,57.04000,53.99000,54.45000,3090400
1662471000,54.64000,55.21000,53.25000,53.80000,4603000
1662557400,53.80000,55.45000,53.25000,55.14000,4890700
1662643800,54.10000,58.01000,53.37000,57.95000,10469100
1662730200,65.81000,66.37400,61.75000,64.04000,34919600
1662989400,64.61000,67.35000,64.26000,65.66000,10186900
1663075800,62.50000,63.29000,60.78000,60.93000,6616200
1663162200,60.65000,61.31000,59.74000,60.55000,4098700
1663248600,59.57000,62.75000,59.00000,60.28000,5922500
1663335000,58.50000,58.93000,55.61000,56.58000,6918500
1663594200,56.01500,57.33000,55.50000,56.48000,4592800
1663680600,55.55000,56.91000,55.01500,55.54000,3358600
1663767000,55.74000,57.66900,54.55000,54.60000,3746400
1663853400,53.56000,54.65000,52.53000,54.00000,5433400
1663939800,53.72000,54.49000,51.12000,52.39000,6805100
1664199000,52.75000,54.60000,51.62000,51.67000,3619100
1664285400,52.86000,54.10000,52.01000,52.63000,3718500
1664371800,53.40000,55.66000,53.40000,55.31000,4991500
1664458200,53.62000,55.46000,53.58000,55.20000,3993600
1664544600,55.48000,56.63000,53.34000,53.47000,4579900
1664803800,51.37000,53.64500,51.29000,52.93000,6321800
1664890200,54.69000,56.62500,54.63700,55.88000,5022600
1664976600,54.43000,54.57000,51.91000,53.89000,4277900
1665063000,53.80000,54.54000,51.51000,51.57000,5664000
1665149400,50.08000,50.33000,47.70000,47.83000,6643800
1665408600,48.01000,48.20000,45.67000,46.27000,5469500
1665495000,46.11000,46.38500,44.20000,44.54000,4077500
1665581400,44.93000,45.71100,43.35000,45.35000,5807700
1665667800,42.87000,46.98000,42.13000,46.20000,5309600
1665754200,47.14500,47.47000,43.95000,44.00000,3368600
1666013400,46.04000,47.60000,45.46000,46.16000,4876300
1666099800,48.44000,49.41000,46.90500,48.49000,7559300
1666186200,47.88000,48.27000,46.03900,46.55000,3496100
1666272600,46.77000,47.95000,46.05000,46.66000,4157400
1666359000,46.03000,48.01000,44.80000,47.81000,4236100
1666618200,48.01000,48.51000,46.03000,48.47000,3932200
1666704600,49.06000,50.62000,49.06000,50.23000,4135700
1666791000,48.95000,51.10000,48.45800,48.99000,4865400
1666877400,49.57000,50.55000,48.02000,48.24000,2699400
1666963800,48.09000,48.80000,47.00000,48.73000,2906800
1667223000,48.19000,49.04000,47.63000,48.30000,2414000
1667309400,49.73000,50.25000,47.53000,47.89000,3593500
1667395800,47.80000,47.81000,43.15000,43.16000,5023000
1667482200,42.83000,44.10500,42.21000,42.43000,3750100
1667568600,43.00000,43.37000,39.63000,40.86000,6499700
1667831400,41.18000,42.76500,40.15000,42.51000,4789300
1667917800,42.91000,43.18000,40.56000,41.20000,5691200
1668004200,40.50000,40.64500,39.57000,39.80000,4452600
1668090600,42.82000,45.56000,42.81500,45.50000,5793900
1668177000,46.03000,53.05000,45.47000,53.00000,10930900
1668436200,52.32000,53.31000,51.40000,51.55000,5823800
1668522600,53.74000,54.32500,51.66200,53.32000,5118000
1668609000,52.02000,52.18400,49.13000,49.55000,3715600
1668695400,47.94000,48.27000,46.81600,47.44000,3085600
1668781800,48.55000,48.55000,45.56000,46.00000,2745900
1669041000,45.39000,45.41000,43.05000,44.18000,3438100
1669127400,43.80000,43.97000,42.30000,43.86000,3666300
1669213800,43.81000,46.68500,43.21000,46.35000,3408500
1669386600,46.05000,46.06000,44.95000,46.03000,1558100
1669645800,45.60000,47.89000,45.60000,45.79000,4017600
1669732200,46.00000,46.63000,44.23000,44.56000,2973900
1669818600,44.46000,47.54500,43.95000,47.07000,4442700
1669905000,46.67000,49.60000,46.67000,48.29000,3756300
1669991400,46.12000,47.12000,45.32000,46.60000,2984300
1670250600,45.75000,46.15400,42.30000,42.44000,5552800
1670337000,42.41000,42.63000,40.76000,41.83000,4696100
1670423400,41.98000,42.74000,41.27000,42.08000,3494000
1670509800,42.38000,44.40000,41.38000,43.75000,11822800
1670596200,47.53000,51.31000,46.88000,49.16000,30213500
1670855400,49.96000,54.16000,49.70000,54.07000,16590600
1670941800,57.50000,58.88000,55.91000,58.03000,15410900
1671028200,57.95000,61.60000,57.84000,59.55000,12958700
1671114600,58.50000,59.37000,55.40000,56.31000,9560000
1671201000,55.49000,56.79000,54.41000,56.27000,16893500
1671460200,56.01000,56.45000,53.35000,54.22000,8237700
1671546600,53.48000,54.78000,52.07000,54.10000,6735400
1671633000,53.86000,56.92000,53.50000,56.58000,5342900
1671719400,54.97000,56.22000,52.95000,54.24000,4445600
1671805800,53.53000,53.92000,51.91000,53.90000,3278300
1672151400,53.14000,53.46500,51.48000,52.42000,3748700
1672237800,52.14000,53.50000,51.73000,52.77000,3360900
1672324200,53.70000,55.87000,53.50000,55.75000,4467400
1672410600,54.01200,55.75000,54.00000,55.42000,3503700
1672756200,56.43500,57.90000,55.63000,56.75000,5576000
1672842600,57.91000,59.09000,56.09000,56.27000,4059700
1672929000,57.32000,57.43000,53.90000,53.93000,4595600
1673015400,54.16500,54.91000,52.17000,54.54000,3912700
1673274600,55.45000,57.25000,55.34000,56.51000,5135700
1673361000,55.25000,58.60000,55.24100,58.05000,5714100
1673447400,58.04000,60.09100,57.42000,59.60000,4309700
1673533800,59.91000,60.50000,57.75000,58.70000,4635200
1673620200,57.83500,58.85000,57.28000,58.34000,2938300
1673965800,57.69000,60.13500,56.85500,59.72000,4348500
1674052200,60.61000,61.27000,56.78000,57.50000,4989400
1674138600,56.53000,57.14600,53.87000,53.99000,5129100
1674225000,53.94000,56.68000,53.11000,56.51000,5356500
1674484200,56.53000,59.27000,55.81000,58.69000,3989800
1674570600,57.83000,58.96000,56.48500,57.95000,3816300
1674657000,56.42300,57.74000,54.61000,57.33000,3264200
1674743400,58.63500,59.30000,57.22000,58.60000,2830700
1674829800,57.87000,60.19000,57.87000,59.25000,3093800
1675089000,58.13000,59.54000,57.33000,58.29000,3268700
1675175400,58.29000,60.71000,58.09000,60.64000,3397800
1675261800,61.00000,63.52000,59.20000,63.00000,3788600
1675348200,65.41000,68.61000,64.29000,67.83000,6250600
1675434600,64.78000,67.94000,64.35000,65.33000,3997300
1675693800,64.10000,65.38000,62.56000,62.95000,2262300
1675780200,63.57000,66.51000,62.32000,66.18000,3322800
1675866600,65.70000,66.64000,64.84000,64.95000,3052800
1675953000,66.09000,66.85200,63.58500,63.85000,3010900
1676039400,62.66500,62.97600,60.07000,60.69000,3166100
1676298600,61.27000,62.91000,60.63000,61.85000,2063100
1676385000,61.20000,63.99000,60.65000,63.64000,1939100
1676471400,62.69000,65.53000,62.53000,65.49000,2253400
1676557800,63.70000,69.45000,63.00000,66.65000,8938500
1676644200,65.80000,66.79000,63.60000,64.47000,3597100
1676989800,59.81500,60.49000,58.06000,59.61000,7121900
1677076200,59.80000,60.50000,58.69000,60.46000,3310700
1677162600,61.64000,61.96000,58.93000,61.44000,3129300
1677249000,59.75000,60.04000,58.33000,59.14000,2716300
1677508200,60.29000,60.77000,59.59000,59.76000,2701500
1677594600,60.00000,61.98000,59.93700,61.35000,3979800
1677681000,60.79000,61.68000,58.95000,58.99000,2802600
1677767400,58.06000,61.59500,57.86000,61.28000,3079700
1677853800,61.90000,65.19000,61.64000,65.09000,4265200
1678113000,65.19000,66.18000,63.96000,64.15000,3556700
1678199400,64.74000,66.98000,64.48000,64.92000,4233900
1678285800,65.34000,66.29000,64.25200,65.66000,3407600
1678372200,65.90000,66.90000,63.93400,64.41000,8283900
1678458600,53.71000,55.28000,49.42000,49.69000,29047800
1678714200,49.00000,54.45000,47.78000,53.06500,10204500
1678800600,54.57000,56.88000,53.89200,55.49000,7837300
1678887000,54.47000,56.85000,54.00000,56.55000,5160000
1678973400,56.63000,58.90000,55.86000,58.81000,4570600
1679059800,58.52000,59.69000,57.45000,58.52000,3809500
1679319000,58.14000,58.22000,54.86000,55.79000,5142900
1679405400,56.11000,58.73000,55.85500,58.51000,3750200
1679491800,58.20000,59.11000,56.51000,56.59000,3526000
1679578200,57.52000,59.08000,56.35000,57.21000,2589800
1679664600,56.99000,57.13000,55.24000,56.62000,2187600
1679923800,57.12000,57.65000,56.01000,57.17000,2283700
1680010200,57.23000,57.86000,56.59500,57.04000,2214700
1680096600,58.01000,58.48000,56.35000,57.98000,3202600
1680183000,58.78000,58.79000,56.10000,56.54000,3558500
1680269400,56.99000,58.82800,56.38000,58.30000,4529900
1680528600,57.30000,58.46500,56.61500,58.08000,3613000
1680615000,58.59000,58.69000,56.33000,56.96000,3252200
1680701400,56.33000,56.49000,54.41000,55.93000,2855500
1680787800,55.29000,56.58000,54.70000,56.47000,2165100
1681133400,55.70000,57.00000,55.20200,56.83000,2755800
1681219800,57.04000,57.51500,55.95000,57.10000,2126900
1681306200,58.36000,58.48000,54.34000,54.48000,2917400
1681392600,54.80000,56.81100,54.76000,55.68000,2633700
1681479000,55.20000,56.19000,54.05000,54.46000,3013600
1681738200,54.48000,54.48000,53.01000,53.78000,4530500
1681824600,54.09000,54.45000,52.84000,53.25000,4192900
1681911000,52.53000,54.24000,52.36500,53.05000,3878800
1681997400,52.27000,52.85000,51.89000,52.29000,3433300
1682083800,52.00000,52.10000,50.98000,51.05000,3051600
1682343000,50.84200,51.35000,49.75500,50.48000,2758200
1682429400,49.88000,49.89000,48.67000,49.15000,4432000
1682515800,50.04200,50.04200,47.81000,48.22000,3094900
1682602200,48.99000,49.31000,47.91000,49.10000,3224200
1682688600,48.72000,49.58500,48.00200,49.44000,1910200
1682947800,49.20000,49.91000,48.82000,49.49000,1858700
1683034200,49.40000,49.60000,47.95000,48.45000,3569200
1683120600,48.54000,48.61500,46.80000,47.40000,3934700
1683207000,47.71000,48.25000,47.07000,47.54000,1750800
1683293400,47.85000,49.08500,47.42000,48.73000,2331300
1683552600,48.95000,49.67000,48.57000,49.30000,2205000
1683639000,48.86000,49.97000,48.60000,49.43000,2193100
1683725400,50.08000,50.42000,49.21400,50.01000,2189800
1683811800,50.30000,50.35400,48.86500,49.44000,1911300
1683898200,49.48000,49.48000,48.37000,48.85000,1599500
1684157400,48.82000,51.17000,48.41000,51.10000,2641600
1684243800,50.60000,51.43000,49.90000,50.26000,1504000
1684330200,50.39000,52.72000,49.89000,52.29000,2793100
1684416600,52.14000,52.82000,51.50000,52.56000,2389700
1684503000,52.37000,53.54000,52.28000,53.12000,2440100
1684762200,53.10000,55.62000,52.69000,55.45000,3474000
1684848600,55.11000,56.74000,54.37500,54.40000,2280600
1684935000,53.43000,54.00000,52.82000,53.47000,1985400
1685021400,54.26000,54.69000,52.76000,53.34000,1947900
1685107800,53.36000,56.29800,53.36000,55.00000,2695000
1685453400,56.30000,56.98000,55.23000,55.97000,2915200
1685539800,55.29000,56.69500,54.60000,56.40000,4977300
1685626200,56.09000,57.91000,55.80600,57.20000,2871600
1685712600,57.80000,58.25000,56.60000,57.47000,2724500
1685971800,57.06000,57.99000,56.03000,57.57000,3533500
1686058200,57.14000,59.28000,56.87000,59.15000,2983600
1686144600,59.45000,60.48000,57.12000,57.22000,3846100
1686231000,56.60000,58.75000,56.05000,58.48000,13722100
1686317400,64.31000,64.71000,55.65000,57.02000,32107700
1686576600,57.10000,57.76000,54.29100,54.92000,12118100
1686663000,55.67000,57.49000,54.93000,55.28000,7647500
1686749400,55.12000,56.07000,53.73000,54.10000,6493700
1686835800,53.38000,54.71000,53.17100,54.28000,6588500
1686922200,54.55000,54.55000,53.11000,53.85000,5773000
1687267800,52.94000,53.89000,51.75000,52.01000,4311200
1687354200,51.58000,51.81000,49.66000,50.70000,4565600
1687440600,50.48000,51.29000,49.96000,50.85000,3507900
1687527000,49.99000,50.46000,49.57000,50.08000,3972700
1687786200,50.15000,51.14000,49.80000,50.61000,2911100
1687872600,50.49000,51.14000,49.31000,50.93000,3873100
1687959000,50.86000,52.06000,50.36000,51.72000,2588100
1688045400,51.68000,51.94000,50.88000,51.22000,2237100
1688131800,51.79000,52.51000,50.90000,51.09000,3251200
1688391000,51.13000,52.66500,51.09000,51.80000,2165900
1688563800,51.58000,51.63000,50.47000,50.93000,2365900
1688650200,50.16000,50.16500,48.74000,49.44000,3270700
1688736600,49.40000,50.41000,49.35000,49.70000,1933600
1688995800,49.46000,51.19000,49.32000,51.11000,2763400
1689082200,51.18000,51.97000,50.43900,51.76000,2414600
1689168600,52.80000,53.09000,50.99000,51.80000,2495700
1689255000,52.36000,54.24000,52.10000,53.93000,3915100
1689341400,54.06000,54.70000,52.66000,52.72000,3051100
1689600600,52.39000,53.19000,51.64000,52.76000,2359100
1689687000,53.08000,53.92000,52.77000,53.84000,2770600
1689773400,54.51000,55.28000,53.51000,54.18000,2750200
1689859800,53.66000,53.79000,51.67000,51.72000,3253300
1689946200,52.10000,52.58200,51.35000,52.06000,2528400
1690205400,52.50000,52.58800,51.44000,51.82000,1656300
1690291800,52.00000,52.43000,51.17000,51.29000,2146700
1690378200,51.16000,52.99000,50.86000,52.53000,2466800
1690464600,53.37000,54.60000,51.82000,52.01000,2738500
1690551000,52.57000,53.48000,52.17000,52.86000,2044800
1690810200,53.23500,54.28400,53.12000,53.82000,1564100
1690896600,53.37000,53.52000,52.63000,52.99000,1577900
1690983000,52.01000,52.15000,50.52000,51.34000,2298800
1691069400,51.03000,52.42000,50.95000,52.25000,1735300
1691155800,52.97000,53.16000,51.07000,51.24000,1787400
1691415000,51.25000,51.52000,50.60000,51.51000,1576100
1691501400,50.59000,51.31000,49.67400,51.09000,2544800
1691587800,51.08000,51.36000,50.31000,50.70000,1522800
1691674200,51.39000,51.76500,49.52000,50.29000,3387500
1691760600,49.78000,50.17000,49.22000,49.22000,1832600
1692019800,48.80000,49.58000,48.46000,49.43000,1977200
1692106200,48.98000,49.22000,48.48000,48.54000,2167100
1692192600,48.33000,49.07000,47.97200,48.36000,1530800
1692279000,48.26000,48.69000,47.37000,47.62000,2659200
1692365400,46.83000,48.52000,46.70000,48.28000,2826900
1692624600,48.24000,48.82000,47.59500,47.97000,1610600
1692711000,48.22000,48.33500,47.13000,47.87000,1489100
1692797400,48.00000,48.54000,47.25000,48.16000,1283500
1692883800,48.48000,48.59000,46.66000,46.69000,1477300
1692970200,46.82000,48.59000,46.74000,48.29000,1938800
1693229400,48.06000,48.66000,47.61000,47.74000,1716700
1693315800,47.45000,48.21500,47.22000,47.95000,2640200
1693402200,47.78000,48.91000,47.52000,48.88000,2673900
1693488600,49.16000,50.80000,49.00000,50.30000,3554200
1693575000,50.71000,51.79000,50.65000,51.67000,2385000
1693920600,51.18000,53.13000,50.84000,52.27000,4039800
1694007000,52.66000,53.40000,52.27000,52.78000,3531400
1694093400,52.22000,52.82000,51.24000,52.13000,10082000
1694179800,52.18000,53.30000,49.01000,50.21000,15486100
1694439000,50.20000,50.74000,46.90000,47.01000,8592000
1694525400,46.50000,48.09200,46.29000,46.40000,8019200
1694611800,46.43000,46.94000,45.44000,45.48000,6297000
1694698200,45.44000,45.71500,44.70200,44.95000,5372900
1694784600,44.15000,44.46000,43.55000,43.95000,7282400
1695043800,43.75000,44.33000,43.19000,43.76000,5343100
1695130200,43.20000,44.02000,42.87000,43.69000,4265400
1695216600,43.53000,44.55000,43.31000,43.42000,5951100
1695303000,42.94000,43.64000,42.16000,42.19000,3648400
1695389400,42.50000,42.64000,41.41000,41.50000,2666400
1695648600,41.22000,41.98500,41.19000,41.50000,2181100
1695735000,41.16000,41.55000,40.82000,41.04000,2859500
1695821400,41.85000,41.94000,41.18000,41.32000,4345100
1695907800,41.02000,42.19000,40.59500,42.01000,4638200
1695994200,42.51000,42.68500,41.93500,42.00000,3129300
1696253400,41.94000,42.26000,41.50000,41.73000,3727300
1696339800,41.39000,41.93500,41.13000,41.52000,3755800
1696426200,41.86000,42.02000,41.08000,41.44000,2611000
1696512600,41.27000,41.42000,40.61000,41.04000,2555700
1696599000,40.63000,42.34000,40.53500,42.13000,3659500
1696858200,41.72000,42.45800,41.38000,42.38000,2452100
1696944600,42.38000,43.07000,42.28000,42.35000,3623700
1697031000,42.35000,42.88000,42.07000,42.23000,2310000
1697117400,42.23000,42.30000,40.40000,40.45000,4019300
1697203800,40.35000,40.70500,39.92000,40.57000,3114500
1697463000,40.68000,41.93500,40.35000,41.67000,2680300
1697549400,41.29000,42.91000,41.24000,42.48000,2999300
1697635800,42.32000,42.55500,41.55000,41.65000,1822800
1697722200,41.94000,42.21000,41.04000,41.14000,2078000
1697808600,40.94000,40.97000,40.18000,40.27000,2094700
1698067800,39.88000,40.44000,39.36000,40.08000,2144400
1698154200,40.36000,40.97900,39.94500,40.54000,1557400
1698240600,40.06000,40.14500,38.91000,39.39000,2272300
1698327000,39.49000,39.89000,38.79000,38.96000,2411400
1698413400,39.15000,39.34000,38.44000,38.53000,2175400
1698672600,38.71000,39.00000,38.11000,38.77000,2095000
1698759000,38.91000,39.07500,38.34000,38.88000,2615900
1698845400,38.81000,38.94500,38.20000,38.69000,2443800
1698931800,39.42000,40.21000,39.21000,39.88000,3287500
1699018200,40.07000,41.27000,40.07000,41.09000,2932000
1699281000,41.30000,41.52600,40.07000,40.41000,1798400
1699367400,40.77000,41.27000,40.36000,41.08000,2175200
1699453800,41.25000,41.30000,40.68000,41.13000,1487400
1699540200,41.31000,41.40000,39.85000,40.04000,3503400
1699626600,39.96000,41.12500,39.65000,40.98000,2853900
1699885800,40.78000,41.42000,40.64000,41.12000,2451200
1699972200,42.15000,43.23000,42.08000,42.73000,3403300
1700058600,42.94000,43.98000,42.63000,43.38000,2997300
1700145000,43.05000,43.08000,42.30000,42.62000,2173800
1700231400,42.80000,43.07000,42.39000,42.95000,2157700
1700490600,43.03000,43.94000,42.99000,43.80000,2426700
1700577000,43.38000,43.38000,42.21000,42.50000,2545100
1700663400,42.77000,42.92000,42.11500,42.26000,2088500
1700836200,42.22000,42.88000,42.21000,42.74000,877100
1701095400,42.51000,42.89000,42.17000,42.35000,3457700
1701181800,42.19000,43.03000,42.12500,42.71000,3437500
1701268200,43.29000,44.33000,43.29000,43.62000,3720700
1701354600,43.81000,44.26000,42.89000,43.10000,3738400
1701441000,43.14000,46.08000,42.76000,45.99000,5938300
1701700200,45.69000,46.19900,45.11000,45.88000,4946700
1701786600,45.75000,46.35000,45.42000,46.06000,4292000
1701873000,46.72000,49.08500,46.70500,47.36000,8308100
1701959400,47.23000,47.56000,46.53000,47.44000,9039100
1702045800,46.00000,50.50000,44.34000,49.73000,21422000
1702305000,49.66500,53.87900,49.66500,53.72000,13152900
1702391400,54.04000,56.15000,53.88000,56.00000,9080200
1702477800,56.00000,56.29100,54.65000,56.15000,5790800
1702564200,56.80000,57.79000,55.85000,56.12000,5244800
1702650600,55.86500,64.76000,55.15000,63.11000,30387600
1702909800,62.37000,62.74000,60.36000,61.54000,8056800
1702996200,61.37500,62.82000,60.78000,62.43000,5331500
1703082600,61.33000,61.90000,59.59000,59.63000,5451300
1703169000,60.48000,60.87000,59.56000,60.47000,2698600
1703255400,60.41000,61.27800,60.23100,60.69000,2840900
1703601000,60.55000,60.90000,60.14000,60.39000,2244200
1703687400,60.38000,60.54000,59.68000,59.76000,2166700
1703773800,59.50000,60.47000,59.34000,60.20000,1926600
1703860200,60.20000,61.17100,59.30000,59.45000,2593300
1704205800,58.89000,58.93900,56.67000,57.02000,3471000
1704292200,56.13000,56.53000,54.99000,55.03000,3731700
1704378600,54.75000,55.45000,54.42000,54.97000,2545400
1704465000,54.50200,55.49000,54.24000,54.64000,2889000
1704724200,55.00000,56.57000,54.43000,55.66000,2771100
1704810600,55.00000,56.48000,54.76000,56.09000,1975700
1704897000,56.06000,56.37000,55.50000,56.11000,1577100
1704983400,56.08000,62.80000,55.43000,61.35000,10411600
1705069800,61.51000,64.70000,60.79000,63.55000,12250400
1705415400,63.58000,63.60000,61.80000,62.65000,4361400
1705501800,62.02000,62.49000,60.88000,61.65000,3176500
1705588200,62.11000,62.40000,60.74000,61.26000,2552300
1705674600,61.56000,63.25000,61.05000,63.20000,4272900
1705933800,63.12000,64.00000,62.00000,62.01000,4571900
1706020200,62.28000,62.82000,61.43000,62.33000,2405900
1706106600,62.65000,63.09000,61.46000,62.47000,2402500
1706193000,63.13000,63.14000,61.12000,62.47000,2886900
1706279400,62.05000,64.34000,61.85000,62.63000,3379100
1706538600,62.33000,63.40000,61.74000,63.35000,2169600
1706625000,63.14000,63.29000,61.55000,61.61000,2173800
1706711400,61.14000,62.16000,60.58000,60.92000,2770300
1706797800,61.15000,62.69000,58.03000,58.93000,7822700
1706884200,58.61000,59.13400,57.24000,58.12000,4827500
1707143400,57.42000,58.00000,52.90000,53.21000,9997800
1707229800,49.86000,52.49000,49.25000,52.17000,10358500
1707316200,52.29000,52.29000,50.79000,51.31000,4814100
1707402600,51.47000,52.33000,50.94000,51.14500,2869200
1707489000,51.24000,51.67000,51.08000,51.18000,3661300
1707748200,51.33000,52.03000,51.07000,51.57000,3438000
1707834600,50.20000,51.60000,50.11000,50.52000,2270000
1707921000,51.13000,51.85000,50.45500,51.09000,2243200
1708007400,51.70000,52.01000,50.89500,51.51000,2182500
1708093800,51.11000,51.37000,50.16500,50.22000,2104200
1708439400,49.87000,50.00000,49.12000,49.98000,3710200
1708525800,49.13000,50.50000,49.12000,50.08000,2374200
1708612200,50.56000,50.63800,49.46300,50.14000,2112200
1708698600,50.44000,51.85500,50.17000,51.73000,3288900
1708957800,51.79000,53.15000,51.54000,51.80000,2972200
1709044200,52.37000,52.59100,51.48000,52.11000,2337500
1709130600,51.81000,53.43000,51.58000,52.77000,1884100
1709217000,52.99000,53.54000,52.13000,53.27000,3001600
1709303400,53.00000,54.59000,52.90000,54.58000,2535600
1709562600,54.90000,55.10000,53.29500,53.55000,2327400
1709649000,52.88000,53.14000,51.12000,51.78000,2395700
1709735400,53.08000,53.69000,52.10000,52.47000,3276800
1709821800,52.91000,54.10500,52.65000,53.56000,8451100
1709908200,58.90000,58.96000,54.79000,55.97000,14756100
1710163800,56.21000,58.52000,56.02000,57.98000,7138900
1710250200,58.41000,59.81000,57.65000,58.48000,4942800
1710336600,58.58000,59.53000,58.49000,59.41000,4085400
1710423000,59.30000,59.80000,56.99500,57.46000,3152500
1710509400,57.03000,58.27000,56.68000,56.77000,4836500
1710768600,56.63000,58.86000,56.50000,58.12000,2902800
1710855000,57.40000,58.98000,56.43000,58.95000,2824100
1710941400,59.00000,59.20000,57.79000,58.54000,2039000
1711027800,58.98000,59.30000,58.18000,58.70000,1944000
1711114200,58.11000,58.95000,58.01000,58.27000,1628000
1711373400,57.91000,58.90000,57.74000,58.63000,1475200
1711459800,59.00000,60.48000,57.95000,58.00000,2746100
1711546200,58.52000,59.29000,57.99500,59.27000,1353800
1711632600,59.59000,60.09000,59.40000,59.55000,1425500
1711978200,59.32000,59.70800,58.22000,58.23000,1535900
1712064600,57.63000,58.76000,56.83000,58.59000,1762900
1712151000,58.10000,60.59000,58.06000,60.55000,2206100
1712237400,61.10000,61.35000,58.58000,58.80000,2054600
1712323800,58.50000,59.57000,58.26000,59.47000,1355100
1712583000,59.31000,60.35000,59.18000,59.66000,1331900
1712669400,59.68000,60.36000,59.60500,60.14000,1613400
1712755800,58.97000,59.60000,58.24000,59.25000,1266000
1712842200,59.10000,59.71000,58.59000,59.48000,1128500
1712928600,60.04000,61.46500,58.77000,58.90000,2378300
1713187800,58.87000,58.88000,56.37000,56.67000,1985900
1713274200,55.88000,58.00000,55.88000,57.74000,1384300
1713360600,58.00000,58.57000,57.12000,58.06000,1185800
1713447000,58.30000,58.33000,56.91500,57.04000,1205600
1713533400,56.77000,56.79000,55.52000,55.70000,2197600
1713792600,55.88000,56.05000,54.64000,55.84000,1644000
1713879000,56.02000,57.44000,55.73000,56.71000,1574300
1713965400,56.60000,57.57000,56.36000,57.29000,937400
1714051800,56.01000,57.53000,55.95000,57.35000,846300
1714138200,58.00000,58.01000,56.93000,57.20000,1117100
1714397400,57.60000,58.11700,56.91000,57.10000,878200
1714483800,56.70000,56.84000,56.25000,56.60000,1349700
1714570200,56.36000,58.52000,55.73000,57.30000,1352600
1714656600,57.67000,58.80000,56.97000,58.76000,1068000
1714743000,59.80000,59.99800,58.84000,59.80000,1294600
1715002200,60.03000,60.42000,58.92000,59.50000,1369500
1715088600,59.93000,59.98000,58.06000,58.31000,1518200
1715175000,57.74000,58.27000,57.32000,57.51000,1288900
1715261400,57.75000,57.94000,57.13000,57.28000,1424000
1715347800,57.28000,58.21000,57.18000,58.03000,988400
1715607000,58.03000,59.93000,58.01500,59.76000,1387300
1715693400,59.85000,60.72500,59.67000,59.73000,1522700
1715779800,60.20000,61.14000,59.65000,61.13000,1391300
1715866200,61.00000,61.00000,59.77000,59.90000,1464000
1715952600,59.95000,60.56000,59.77500,60.21500,676100
1716211800,60.18000,60.51000,59.35000,60.50000,1153100
1716298200,60.20000,60.69000,59.69000,59.89000,1053000
1716384600,60.00000,60.33000,57.39000,58.04000,1747800
1716471000,58.45000,58.77000,57.13000,57.32000,1277700
1716557400,56.82000,57.56000,56.42000,56.93000,1458000
1716903000,57.29000,58.01000,56.74000,57.71000,1449800
1716989400,57.01000,58.75000,57.00000,58.50000,1240400
1717075800,57.79000,57.85500,54.63500,54.69000,2331600
1717162200,54.92000,54.98500,53.50000,54.74000,3351900
1717421400,54.89000,54.90000,52.35000,53.44000,3242800
1717507800,53.77000,54.04500,53.10000,53.20000,2115600
1717594200,53.40000,54.08000,52.83000,53.54000,3056500
1717680600,53.53000,54.76000,53.53000,54.60000,7856200
1717767000,51.38000,53.15000,48.70000,52.05000,17995100
1718026200,51.67000,51.70000,50.44000,50.99000,3387000
1718112600,50.98000,52.38000,50.50000,52.07000,2562400
1718199000,52.61000,53.68000,51.17500,51.32000,2696100
1718285400,51.73000,52.09000,50.83500,51.18000,2930800
1718371800,50.99000,51.28000,50.71000,50.84000,1873700
1718631000,50.55000,51.16900,49.81000,51.03000,2480600
1718717400,51.09000,51.80000,50.93500,50.97000,1975400
1718890200,50.60000,52.30000,49.90000,52.20000,2832400
1718976600,52.13000,52.92000,51.77100,52.74000,6575500
1719235800,52.20000,52.84000,51.52000,51.69000,2029200
1719322200,51.77000,51.85000,51.14000,51.54000,2222900
1719408600,51.61000,51.85000,51.29000,51.62000,2231800
1719495000,51.49000,53.35000,51.41500,52.69000,2345300
1719581400,52.64000,53.65500,52.64000,53.50000,3048900
1719840600,53.62000,55.19000,53.52000,55.14000,2635900
1719927000,55.20000,55.86000,54.27000,54.32000,2352700
1720013400,54.12000,54.47000,53.85000,54.13000,1587700
1720186200,54.09000,55.20000,53.87000,54.46000,1620900
1720445400,54.39000,54.42000,53.26000,53.83000,1579300
1720531800,53.49000,53.73000,51.88000,51.91000,2143600
1720618200,52.13000,53.86000,51.58000,53.79000,2380300
1720704600,54.21000,55.05000,53.61000,54.29000,1574600
1720791000,54.30000,56.73000,54.25000,56.38000,2428800
1721050200,56.62000,57.78000,55.84000,57.13500,3266500
1721136600,57.24000,58.09600,56.52000,56.90000,1966300
1721223000,56.65000,57.60000,55.87000,56.18000,1540600
1721309400,56.27000,56.59000,54.43000,54.59000,1860000
1721395800,54.35000,55.92000,53.85000,55.89000,1241000
1721655000,56.10000,56.80000,55.15000,56.62000,1030100
1721741400,56.71000,57.43000,56.00000,56.11000,1250400
1721827800,56.00000,56.72000,53.76000,53.80000,1413200
1721914200,54.16000,55.92000,53.87000,55.10000,1339400
1722000600,55.78000,56.50000,55.30000,55.90000,1009000
1722259800,55.94000,56.46500,55.56300,55.77000,925400
1722346200,55.87000,55.89500,55.03000,55.43000,1298100
1722432600,56.00000,56.43000,55.44000,55.48000,1470400
1722519000,55.44000,55.54000,53.15000,53.61000,2181800
1722605400,52.42000,52.89000,50.84000,51.73000,2023600
1722864600,49.00000,50.65000,48.80000,49.73000,1959200
1722951000,50.43000,51.57000,50.16000,50.58000,1774600
1723037400,51.38000,52.99000,50.96000,51.05000,1658300
1723123800,51.85000,52.18000,50.78000,52.10000,1536000
1723210200,52.02000,53.13500,51.64000,52.52000,1120400
1723469400,52.43000,52.52000,51.68000,52.02000,1061700
1723555800,52.07000,53.78000,52.04000,53.59000,1655000
1723642200,53.91000,55.67000,53.75500,55.59000,1723500
1723728600,56.48000,56.73000,56.00000,56.46000,1263100
1723815000,56.45000,57.06000,55.84000,56.80000,1250300
1724074200,56.51000,57.88000,56.51000,57.19000,1282100
1724160600,57.02000,57.07000,55.82000,56.87000,1331000
1724247000,56.91000,56.94000,56.23000,56.79000,1193600
1724333400,56.93000,58.13000,56.57000,56.70000,1311800
1724419800,56.88000,57.87000,56.71000,57.44000,1297900
1724679000,57.59000,59.46000,57.39500,58.72000,2306100
1724765400,57.83000,58.62000,57.83000,58.46000,1173200
1724851800,58.31000,58.31000,57.15000,57.66000,1267700
1724938200,58.34000,59.67100,58.09000,59.03000,1619900
1725024600,59.41000,59.78000,58.66000,59.21000,3190000
1725370200,59.21000,59.53000,57.70000,57.91000,2345700
1725456600,57.14000,57.46000,56.33000,57.42000,1865200
1725543000,57.43000,57.43000,56.50000,56.93000,4482900
1725629400,60.24000,61.09000,57.32000,59.19000,8230800
1725888600,58.62000,59.20000,55.41000,56.04000,4949400
1725975000,56.40000,56.50000,54.51000,54.56000,3181600
1726061400,54.50000,55.71000,54.31500,55.31000,2450300
1726147800,55.83000,56.98000,55.56000,56.49000,2226400
1726234200,56.48000,57.15000,56.13500,56.63000,2138600
1726493400,56.56000,57.38000,56.19000,56.76000,2530100
1726579800,56.91000,57.32000,55.24000,55.69000,1838200
1726666200,55.34000,57.01000,55.14100,56.64000,2381300
1726752600,57.41000,58.41000,56.70000,57.91000,2539600
1726839000,57.78000,58.40000,57.57900,57.97000,3526400
1727098200,58.45000,58.85000,58.00000,58.85000,1794400
1727184600,59.00000,59.58000,58.27500,58.66000,2043300
1727271000,58.67000,60.58500,58.33000,60.55000,3089000
1727357400,61.12000,63.37000,60.57000,62.53000,4725000
1727443800,61.95000,62.75000,61.46000,61.67000,2162100
1727703000,61.61000,62.16000,60.73000,62.09000,2414400
1727789400,62.09000,63.15500,61.38000,61.42000,2243000
1727875800,61.32000,62.42000,60.60000,62.33000,2103900
1727962200,62.01000,63.03000,61.91000,62.98000,2210800
1728048600,63.96000,64.30000,63.40000,63.84000,2299500
1728307800,63.63000,64.47000,62.66000,62.78000,1931800
1728394200,67.89000,68.64000,66.32000,66.89000,14188200
1728480600,66.88000,69.36000,66.87000,69.25000,6963500
1728567000,68.73000,69.54000,68.14000,69.22000,33210300
1728653400,69.06000,69.78000,68.62000,68.89000,4739400
1728912600,69.11000,70.19000,68.22000,68.86000,2695200
1728999000,68.99000,70.08500,68.51000,70.04000,3062300
1729085400,70.11000,72.64000,69.88000,72.60000,5095100
1729171800,72.54000,73.80000,71.77000,72.50000,3569000
1729258200,72.46000,73.19000,72.10000,72.30000,2316500
1729517400,72.20000,72.95000,71.51000,71.78000,2789700
1729603800,71.71000,71.71000,69.59000,70.68000,4541800
1729690200,70.68000,70.87000,69.77000,70.56000,2896100
1729776600,70.61000,71.85000,70.12500,70.58000,2271600
1729863000,70.49000,70.96000,68.64000,68.99000,2564000
1730122200,69.70000,70.17000,69.27000,69.58000,1651400
1730208600,69.49000,70.58000,68.79000,70.15000,1811700
1730295000,69.62000,70.33000,68.81000,68.98000,1801900
1730381400,68.74000,70.00000,68.58000,69.38000,1544000
1730467800,69.87000,71.30000,69.60000,71.11000,2594600
1730730600,70.79000,70.93000,69.28000,69.85000,1956100
1730817000,70.00000,72.32000,69.86000,72.25000,1693300
1730903400,73.85000,75.88000,73.30200,75.51000,2860300
1730989800,75.56000,76.94000,75.17000,76.47000,1839000
1731076200,76.48000,79.50000,76.48000,79.38000,2658900
1731335400,79.79000,81.57000,79.38000,81.22000,2450200
1731421800,80.56000,82.97000,80.13000,82.47000,2811600
1731508200,81.74000,83.68000,81.30400,81.81000,2368100
1731594600,81.93000,82.22000,79.19000,80.36000,2711400
1731681000,79.39000,79.69000,78.06000,79.11000,2165000
1731940200,79.11000,79.46000,77.78000,78.37000,1852200
1732026600,77.65000,79.75000,77.06000,79.52000,1491900
1732113000,80.03000,80.65000,77.93000,78.81000,1232200
1732199400,79.44000,80.60000,78.44000,80.15000,1772000
1732285800,80.96000,83.18000,80.96000,83.03000,2280700
1732545000,84.25000,86.50000,84.17000,85.51000,7870000
1732631400,85.98000,86.75000,84.60000,85.30000,2691000
1732717800,85.10000,85.17000,80.25000,80.38000,2769700
1732890600,81.00000,81.76300,79.53000,79.69000,1342900
1733149800,79.59000,81.79000,79.40000,80.26000,2346900
1733236200,80.26000,80.51000,79.06000,80.45000,2661900
1733322600,82.24000,84.20000,82.11100,83.99000,2768900
1733409000,83.59000,84.35000,82.79000,83.68000,5967300
1733495400,96.00000,107.86000,95.33000,106.99000,19823700
1733754600,106.05000,106.05000,102.14500,102.26000,6538900
1733841000,101.00000,101.30500,95.14000,95.85000,6788300
1733927400,96.80000,97.86000,94.53000,94.75000,4027100
1734013800,93.90000,95.70000,93.15100,94.52000,2548900
1734100200,94.60000,96.61000,93.39000,94.48000,2691500
1734359400,94.60000,97.92000,93.94000,97.83000,4823200
1734445800,96.77000,98.49000,95.31000,98.17000,3815600
1734532200,97.64000,99.70500,91.50000,92.71000,5855900
1734618600,94.06000,95.42000,92.42000,94.15000,3279600
1734705000,92.96000,96.14000,92.22000,94.41000,12504300
1734964200,94.73000,96.14500,93.55000,95.80000,1744400
1735050600,95.33000,96.32000,94.59100,94.85000,1287900
1735223400,94.04000,95.87000,93.95000,95.77000,1518700
1735309800,95.30000,95.45000,92.17000,93.00000,1510700
1735569000,92.10000,93.00000,90.64000,91.70000,2442900
1735655400,91.50000,92.44000,89.64900,89.94000,1760000
1735828200,90.52000,90.89500,89.12000,90.35000,1631500
1735914600,90.89000,92.58500,89.60000,90.21000,1843300
1736173800,91.16000,93.44000,90.66500,91.16000,1903500
1736260200,90.95000,91.25000,87.32500,88.26000,2292600
1736346600,88.13000,90.13000,87.08000,89.51000,2118600
1736519400,89.27000,92.12000,88.41000,90.42000,3727300
1736778600,89.16000,90.86000,87.79700,90.02000,2368300
1736865000,90.35000,92.59000,89.63000,90.09000,2117100
1736951400,91.88000,92.40500,89.70000,91.34000,2203900
1737037800,91.56000,92.24000,89.92000,91.16000,1622700
1737124200,92.65000,93.98000,89.04000,89.60000,2385000
1737469800,91.00000,91.78000,88.71000,91.36000,1912500
1737556200,92.18000,92.61000,91.18000,91.76000,1156100
1737642600,90.84000,91.33000,89.34000,90.54000,1575900
1737729000,91.30000,92.97000,90.20000,91.60000,2253100
1737988200,88.86000,94.66000,88.60000,92.26000,2062400
1738074600,92.28000,99.09000,91.50000,97.70000,3296100
1738161000,97.43000,97.50000,93.90000,95.46000,1691600
1738247400,95.85000,96.86700,94.51000,95.85000,1647400
1738333800,96.92000,98.60000,96.05500,96.73000,2805000
1738593000,93.06200,97.09000,91.63000,96.50000,2720400
1738679400,97.00000,97.88000,95.36000,96.47000,2383500
1738765800,96.48000,97.43000,94.35000,96.89000,1568200
1738852200,97.73000,99.30000,92.27000,93.85000,3125600
1738938600,94.34000,94.36000,90.36000,90.48000,2228500
1739197800,91.93000,93.06500,90.81000,90.86000,1341400
1739284200,90.09000,91.25000,86.93000,87.92000,2041700
1739370600,86.88000,88.75000,85.40000,88.29000,1403900
1739457000,89.30000,89.45000,87.78000,88.63000,1169200
1739543400,87.82000,88.00000,86.38100,87.34000,1247100
1739889000,87.25000,87.52500,85.32000,87.34000,1825000
1739975400,87.01000,87.40000,85.77000,86.73000,1734700
1740061800,85.95000,86.44500,83.81000,86.20000,1912700
1740148200,86.20000,86.20000,83.40000,83.96000,1975600
1740407400,84.13000,84.61000,81.14000,83.69000,2019600
1740493800,82.74500,82.75000,78.51400,81.66000,2508000
1740580200,82.14000,83.60000,81.86000,82.28000,1220000
1740666600,84.78200,84.78200,81.13500,81.28000,2330000
1740753000,81.02000,83.18000,79.81000,83.17000,2317400
1741012200,84.49000,84.73000,81.07000,81.70000,1578600
1741098600,80.00000,83.22000,78.84000,82.06000,2129300
1741185000,81.52000,82.46500,80.06500,82.36000,1657300
1741271400,81.36000,81.36000,78.02500,79.77000,2772200
1741357800,78.81000,80.40000,76.58000,79.83000,2446700
1741613400,80.00000,81.11000,76.93000,77.86000,3283600
1741699800,77.47000,81.94000,77.32000,79.50000,2885300
1741786200,80.54000,81.42500,79.36000,80.13000,2083600
1741872600,79.16000,79.35500,74.26000,74.70000,7260700
1741959000,81.52000,88.70000,80.75000,85.76000,11933900
1742218200,87.41000,88.32000,83.32000,83.43000,4587300
1742304600,82.59000,85.47000,82.05000,85.01000,3245300
1742391000,84.70000,86.20500,82.35500,85.61000,2871100
1742477400,84.86000,87.49000,84.58000,85.11000,2235200
1742563800,83.94000,88.36000,83.50000,88.06000,5052500
1742823000,88.84500,89.73000,88.13000,89.00000,2424600
1742909400,89.10000,90.82000,88.93000,89.39000,1918500
1742995800,89.38000,89.45500,86.08000,86.91000,2034100
1743082200,86.55000,86.90000,85.44000,85.65500,1999200
1743168600,85.13000,85.57000,82.58000,83.18000,1504100
1743427800,81.13000,81.82500,80.12000,81.40000,2661900
1743514200,81.47000,82.95000,79.80000,82.69000,2065000
1743600600,81.30000,84.30000,81.15000,83.40000,1661200
1743687000,79.99000,80.81000,76.86000,77.37000,2451500
1743773400,74.05000,74.92000,70.54000,72.21000,2882500
1744032600,67.77000,74.42000,67.30000,71.95000,4106900
1744119000,74.28000,75.76000,69.31000,70.35000,2806000
1744205400,69.48000,79.10000,69.43500,78.59000,3473400
1744291800,75.85000,76.60600,71.37000,73.22000,2228200
1744378200,73.62500,74.69000,71.72000,74.35000,2009000
1744637400,76.07000,76.98000,74.41000,75.26000,2095500
1744723800,75.46000,77.77000,75.00000,77.49000,2431400
1744810200,76.65000,78.63000,75.32000,76.39000,2310400
1744896600,77.00000,77.25000,74.93000,75.42000,1308200
1745242200,75.12000,75.12000,71.29000,71.89000,1426500
1745328600,73.03000,74.66000,72.73400,74.20000,1551100
1745415000,78.27500,80.60000,77.62500,78.01000,1645700
1745501400,78.24000,82.51000,78.24000,81.67000,2278600
1745587800,81.63000,83.35000,81.35000,82.81000,1051300
1745847000,82.21000,83.70000,81.21000,82.03000,1316700
1745933400,81.69000,82.84000,81.50500,82.27000,976000
1746019800,80.12000,81.80000,79.62300,81.75000,1755700
1746106200,82.40000,83.41000,80.77000,80.85000,1818500
1746192600,81.62000,82.58000,81.01000,82.13000,1475300
1746451800,81.15000,83.77000,81.14000,82.44000,973600
1746538200,81.00000,82.70000,80.54000,81.65000,1062200
1746624600,82.00500,83.22000,81.04500,82.24000,2028700
1746711000,83.23000,85.17600,83.10000,84.14000,1443500
1746797400,84.50000,84.96000,82.90000,83.29000,861200
1747056600,86.18000,88.06000,85.60000,87.86000,1712000
1747143000,88.05000,90.66000,87.68000,90.34000,2014300
1747229400,90.26000,92.17000,89.58000,90.27000,1763500
1747315800,89.85000,90.63000,88.49000,90.55000,1422600
1747402200,91.13500,92.97000,90.85000,92.42000,2012000
1747661400,90.89000,92.00000,90.35000,91.31000,1508000
1747747800,90.64000,90.97000,88.79000,89.73000,2053300
1747834200,88.50000,88.73500,85.26500,85.43000,2079100
1747920600,85.44500,87.22000,84.68000,86.53000,1449700
1748007000,84.51000,85.66000,84.36000,84.61000,1338700
1748352600,86.32000,86.49000,85.17000,86.25000,1783800
1748439000,86.00000,87.53000,85.60000,85.83000,2162300
1748525400,86.14000,86.37000,84.36000,85.71000,1714600
1748611800,85.70000,88.96000,84.82000,88.61000,5728100
1748871000,88.30000,89.30000,86.46000,89.20000,2056800
1748957400,89.45000,91.71000,88.77000,91.61000,2840500
1749043800,92.00000,93.98000,91.37000,93.84000,3746400
1749130200,94.10000,94.67000,92.35000,92.90000,6826900
1749216600,76.77500,78.40000,74.85000,75.28000,22603000
1749475800,75.72000,79.28000,74.85000,78.58000,10368600
1749562200,78.48000,78.54000,76.54000,77.04000,5571200
1749648600,77.36500,77.36500,75.79000,76.24000,4495600
1749735000,75.92500,77.98000,75.81000,76.01000,3487200
1749821400,75.40500,75.65000,73.62000,74.06000,3326800
1750080600,74.37000,76.34000,74.37000,75.68000,3790300
1750167000,74.87000,76.26000,74.78000,74.81000,3051900
1750253400,74.71000,75.68000,74.25000,75.25000,3737900
1750426200,74.28000,75.77200,73.90000,75.13000,4875200
1750685400,74.90000,75.28000,73.60000,73.92000,3026200
1750771800,74.95000,75.97000,74.38500,75.64000,2583200
1750858200,75.94000,76.09000,74.68000,75.01000,2140000
1750944600,75.17500,76.07000,74.50000,75.55000,2026700
1751031000,75.82000,76.81500,75.49500,76.47000,3302200
1751290200,77.05000,77.98000,76.68800,77.89000,2376500
1751376600,77.48500,78.17000,76.48000,77.36000,2852500
1751463000,76.87000,77.38000,76.21500,77.15000,1921600
1751549400,77.00000,79.20700,76.99000,79.02000,1921200
1751895000,78.32500,79.20000,77.15000,77.64000,2264300
1751981400,78.00000,78.37000,77.22000,77.95000,1878800
1752067800,78.03000,79.80000,77.39600,79.58000,1989400
1752154200,79.07500,79.25500,75.99000,76.36000,3469700
1752240600,75.75000,75.90000,73.28000,73.55000,3298200
1752499800,74.54000,76.69000,74.12500,76.21000,3033600
1752586200,76.50000,77.58000,75.77000,75.77000,2989100
1752672600,76.26000,77.40500,75.40000,77.14000,2131000
1752759000,77.20000,77.79000,76.38500,77.62000,2304200
1752845400,78.24000,79.38000,77.35000,79.37000,1957300
1753104600,79.77000,80.85000,78.28000,79.34000,2659600
1753191000,79.34000,81.65000,78.76000,81.38000,2107400
1753277400,81.62000,81.71000,80.08000,81.41000,1711700
1753363800,81.14000,81.73000,79.62000,80.33000,1944800
1753450200,80.63000,80.83000,79.60000,79.87000,1711200
1753709400,79.95000,81.16000,79.50000,80.39000,1566900
1753795800,80.85000,81.30000,79.43000,79.88000,1151500
1753882200,79.88000,79.99000,77.34000,77.96000,1745100
1753968600,78.38000,78.38000,75.59500,75.64000,1847500
1754055000,74.89000,75.13500,73.14000,73.84000,1871600
1754314200,74.65000,75.40000,74.46000,75.38000,1363900
1754400600,75.83000,75.93900,73.77000,73.84000,1412400
1754487000,74.70000,75.60000,74.46500,75.14000,1712700
1754573400,75.55500,75.69000,68.68000,70.48000,4139000
1754659800,70.61000,71.10000,69.02000,69.19000,2974000
1754919000,69.15000,69.91000,67.00000,67.14000,3402500
1755005400,67.19000,68.43500,66.35200,68.02000,3862300
1755091800,68.98000,71.54000,68.19500,70.71000,3346900
1755178200,70.08000,70.38900,68.71000,69.00000,2193700
1755264600,69.12000,71.39000,68.74500,70.90000,2108900
1755523800,71.00000,72.29000,71.00000,71.70000,2045900
1755610200,71.92000,72.49500,70.74000,70.88000,1652900
1755696600,70.54000,71.26000,69.89000,71.09000,1809600
1755783000,70.41000,71.04800,69.68000,70.74000,1537500
1755869400,70.91000,75.21000,70.81500,74.81000,2694100
1756128600,74.67000,74.86500,73.83000,73.94000,1307800
1756215000,74.05000,74.60500,72.44000,72.50000,2697700
1756301400,72.57500,75.04000,72.57500,74.68000,2685500
1756387800,74.79000,75.77000,74.39000,75.51000,1235200
1756474200,75.93000,77.19000,75.62000,76.66000,2273400
1756819800,74.64000,75.37000,73.33500,74.07000,3116900
1756906200,74.11000,76.64000,73.84500,75.90000,2721800
1756992600,75.21000,76.38000,74.06000,76.24000,5686000
1757079000,82.00000,83.06000,78.14000,79.86000,10430500
1757338200,80.35000,81.93000,77.66000,81.73000,5077500
1757424600,81.57000,81.65000,79.49000,79.80000,5091400
1757511000,79.81000,82.06000,78.06500,78.82000,4435000
1757597400,79.39000,80.76000,78.90000,80.24000,3768300
1757683800,80.69000,81.69000,80.10000,80.19000,2170400
1757943000,80.30000,81.77900,80.30000,81.57000,2751900
1758029400,81.28000,82.92000,81.02500,81.71000,2749700
1758115800,82.20000,84.71500,82.00000,84.52000,3775900
1758202200,84.98500,86.65000,84.60200,85.01000,3428100
1758288600,84.98000,85.77000,83.81000,84.59000,4516700
1758547800,83.59000,85.28000,82.77500,84.86000,1936500
1758634200,85.70000,86.27000,84.71500,84.82000,1972600
1758720600,85.13000,85.83800,83.95000,84.01000,1840900
1758807000,83.01000,83.29000,81.10000,81.31000,2661000
1758893400,81.60000,82.21000,81.09000,81.52000,2182900
1759152600,81.82000,82.44000,81.37000,82.14000,1934100
1759239000,81.88000,81.88000,72.02000,72.09000,9675100
1759325400,71.28000,71.90000,68.52000,68.97000,9696200
1759411800,69.22500,69.33300,67.99000,68.10000,4802500
1759498200,68.46000,70.40000,68.46000,69.73000,3898000
1759757400,70.16000,73.90000,69.85400,72.17000,5437200
1759843800,72.71500,72.93000,68.40000,69.94000,3542100
1759930200,70.58000,71.60000,70.10000,71.54000,2676400
1760016600,71.74000,72.30000,70.43000,71.35000,2706200
1760103000,71.55000,71.97000,68.19000,68.40000,3572500
1760362200,69.33500,70.08000,68.40000,69.45000,2292100
1760448600,68.41000,69.06000,67.16000,68.36000,2635200
1760535000,69.23000,69.31000,67.52000,67.91000,2469400
1760621400,68.49000,69.57000,66.57000,67.12000,3767800
1760707800,66.81000,68.38000,66.73000,67.93000,1937500
1760967000,68.25000,70.98000,68.10000,70.68000,2230600
1761053400,70.05000,75.00000,69.66000,72.44500,4046200
1761139800,72.05000,72.22500,70.44000,70.56000,1930400
1761226200,70.55000,71.24000,70.21000,71.08000,1644100
1761312600,72.20000,72.50000,71.32000,71.49000,1175300
1761571800,72.46000,72.46000,71.21000,71.44000,1677900
1761658200,71.61000,71.61000,70.28000,70.70000,1637300
1761744600,70.50000,70.60000,68.84500,68.98000,2454900
1761831000,68.72000,73.55000,68.30000,71.61000,4517600
1761917400,71.72000,73.25500,71.12600,73.14000,3043800
1762180200,73.14000,74.25000,71.45000,73.04000,2182700
1762266600,72.13000,72.13000,70.27000,70.81000,1836700
1762353000,70.85000,71.61000,69.88000,70.90000,2405700
1762439400,70.50000,70.52000,68.31000,69.73000,1827500
1762525800,68.82000,70.18000,68.50000,69.70000,1411000
1762785000,70.17000,70.18000,68.71000,69.65000,1603000
1762871400,69.22000,70.32000,68.75500,68.85000,1846700
1762957800,69.36000,70.23300,69.25500,69.35000,1650800
1763044200,68.15000,69.15000,66.74500,67.01000,1939400
1763130600,66.21000,68.38000,65.84000,67.76000,1842400
1763389800,67.07000,67.35000,64.58000,64.67000,2013500
1763476200,64.43000,66.33000,63.81000,65.57000,2680000
1763562600,65.58000,65.58000,64.24000,65.04000,1657900
1763649000,66.13000,66.72500,63.93000,64.01000,1946700
1763735400,63.99000,66.20000,63.50000,65.39000,1970900
1763994600,66.18000,66.43000,65.27000,65.93000,2439500
1764081000,65.90000,68.34000,65.64000,67.96000,1702700
1764167400,68.02000,69.40500,67.76500,68.87000,1915100
1764340200,69.19000,70.13000,69.06000,69.35000,940100
1764599400,68.25000,69.59000,67.57000,68.33000,2228100
1764685800,68.54000,69.95000,68.23000,68.86000,2699600
1764772200,68.89000,71.05000,68.26500,70.62000,2268300
1764858600,71.20000,72.35000,70.80000,71.10000,6796200
1764945000,64.55500,66.96700,63.40500,65.67000,8934800
1765204200,66.09000,66.16000,64.56000,66.04000,4015300
1765290600,65.33000,70.60800,65.33000,69.39000,5145100
1765377000,69.20000,69.64800,67.36000,68.81000,3689000
1765463400,68.68000,70.96000,68.45000,70.23000,3033800
1765549800,70.51000,71.15000,69.61000,71.11000,2389500
1765809000,70.87000,71.10000,66.78000,68.19000,2849100
1765895400,67.90000,68.27000,66.84000,67.58000,2893300
1765981800,67.63000,69.57000,67.30000,67.79000,2888400
1766068200,67.78000,69.44000,67.44000,69.40000,3495000
1766154600,69.25000,70.08000,69.07000,69.98000,8220000
1766413800,70.09000,71.10000,70.00000,70.43000,2236000
1766500200,69.99000,70.42500,68.72000,68.97000,1745700
1766586600,68.76000,69.97600,68.76000,69.64000,1190500
1766759400,69.49000,70.00100,69.46000,69.97000,1271300
1767018600,69.66000,70.64500,69.25000,69.47000,1615200
1767105000,69.23000,69.77000,69.01000,69.08000,1573100
1767191400,68.82500,69.28500,68.33000,68.40000,1547700
1767364200,68.61000,68.68000,64.24000,64.85000,3091400
1767623400,64.73000,66.66700,64.30000,64.34000,3510300
1767709800,64.30000,65.39000,64.05000,65.19000,3174600
1767796200,65.43000,69.85000,65.42000,69.57000,4021100
1767882600,69.25000,69.88000,67.40000,69.80000,3103900
1767969000,70.00000,70.93000,68.74000,68.81000,2968300
1768228200,68.81000,69.49000,67.44000,68.31000,2401100
1768314600,68.31000,69.26000,64.30000,64.51000,3622500
1768401000,63.99000,64.53000,61.83000,61.87000,3537400
1768487400,62.06000,62.18000,59.56000,59.69000,4331900
1768573800,59.93000,60.00000,56.63000,56.71000,5414900
1768919400,55.66000,57.29000,55.51000,55.82000,4657900
1769005800,55.96000,57.33000,55.45900,56.03000,4139700
1769092200,56.24000,57.57500,55.66000,57.50000,4771500
1769178600,57.70000,58.96000,57.23400,57.46000,3555300
1769437800,57.45000,58.65000,57.21000,57.66000,3704800
1769524200,57.76000,58.03000,55.01000,55.42000,3538200
1769610600,55.87000,57.13000,55.37000,56.21500,3048000
1769697000,54.46000,54.53000,51.90000,53.78000,5863600
1769783400,53.49000,53.63000,52.30500,52.54000,4797800
1770042600,52.76000,53.28000,51.63000,52.00000,4047400
1770129000,49.26500,50.99000,45.26000,46.07000,8810800
1770215400,45.79000,48.41000,45.00000,46.75000,6923100
1770301800,46.43000,48.00000,45.26000,45.54000,4677100
1770388200,46.18000,47.55000,45.30000,47.13000,4393500
1770647400,46.82000,47.78500,46.09000,47.59000,3431500
1770733800,47.66000,49.05500,47.51200,47.62000,4174000
1770820200,47.45000,47.58000,44.05000,44.34000,6604400
1770906600,44.29000,44.97000,41.53000,43.74000,8610500
1770993000,44.00000,45.25000,43.63000,44.82000,5006300
1771338600,44.77500,45.29000,43.99000,45.21000,4661100
1771425000,45.71000,45.76800,44.45000,44.82000,4429100
1771511400,44.48000,45.00000,43.64500,44.12000,4096400
1771597800,44.02000,45.94000,43.73000,44.48000,3758000
1771857000,43.15000,43.15000,40.42000,41.75000,4633700
1771943400,41.98000,44.70000,41.85000,42.85000,8314100
1772029800,42.03000,43.58000,40.16000,43.26000,6539500
1772116200,43.87000,45.89000,43.45000,45.72000,5622400
1772202600,44.31000,45.46000,43.41000,45.07000,18043000
1772461800,44.22000,46.54000,44.17000,46.16000,4500900
1772548200,45.02000,47.38000,44.38000,46.74000,4814200
1772634600,46.40000,47.23000,46.13000,46.22000,3484700
1772721000,46.33000,48.61400,46.25300,48.23000,4786800
1772807400,48.19000,48.74000,47.12000,48.69000,3392300
1773063000,47.95000,48.98000,47.31000,48.69000,3519600
1773149400,48.69000,48.96000,46.71000,48.64000,4452500
1773235800,49.17000,50.31300,47.10000,48.00000,2927300
1773322200,47.93000,49.11000,46.47000,46.48000,3997300
1773408600,46.34000,47.34000,45.70000,47.05000,3414200
1773667800,46.79000,47.91000,46.61000,46.82000,3891800
1773754200,46.97000,48.89000,46.76000,47.54000,8001600
1773840600,46.22000,49.86000,45.20000,48.90000,12686900
1773927000,49.34000,51.40000,47.70000,47.75000,4957300
1774013400,47.02000,48.71000,46.40100,47.23000,8083600
1774272600,47.62000,49.17000,47.02000,48.79000,5080300
1774359000,47.97000,48.23000,46.09500,46.16000,6920700
1774445400,47.48000,48.22000,45.58000,46.30000,5900500
1774531800,45.77000,47.75000,45.70000,47.18000,5107600
1774618200,46.31000,46.37000,44.85000,45.71000,5802200
1774877400,46.12000,47.65500,46.12000,47.26000,3718800
1774963800,47.16000,48.35000,46.27000,47.41000,3949600
1775050200,47.70000,48.37500,45.79000,48.17000,4389200
1775136600,48.25000,49.23000,47.42000,48.37000,3274600
1775482200,48.68000,49.43000,47.71000,48.05000,2669900
1775568600,48.00000,48.73000,46.88100,47.36000,2728000
1775655000,48.55000,49.37000,45.63000,45.71000,4916700
1775741400,45.26000,45.60000,43.01000,45.55000,5212000
1775827800,45.13000,46.25000,42.38000,42.89000,5924200
1776087000,42.86000,45.57000,42.85000,45.42000,5585700
1776173400,45.85000,46.40000,44.33000,44.63000,3430100
1776259800,45.76800,46.90000,44.97500,46.84000,3790800
1776346200,47.85000,48.28000,45.90000,46.06000,3438800
1776432600,47.50000,47.55000,45.40000,45.74000,2530900
1776691800,45.74000,47.73000,45.70000,47.71000,2905300
1776778200,47.94000,49.27000,47.36000,47.60000,2487200
1776864600,47.95000,48.56000,46.96000,47.52000,2274800
1776951000,45.63000,46.33000,43.61000,45.02000,4602400
1777037400,45.24000,46.26000,44.89500,46.22000,2403000
1777296600,46.19000,46.97000,45.60000,45.66000,1900600
1777383000,46.41000,47.65000,45.76000,45.78000,2367800
1777469400,45.71000,47.08000,45.14000,46.92000,2734600
1777555800,46.24000,46.59000,45.25000,45.99000,2382100
1777642200,47.60000,48.67000,46.50000,47.96000,3514100
1777901400,48.12000,49.66000,47.77000,48.45000,3182600
1777987800,48.31000,48.83000,47.20500,48.38000,1961100
1778074200,47.77000,47.77000,46.22000,46.53000,2510300
1778160600,47.65000,49.20000,47.65000,48.19000,4380900
1778247000,47.22000,47.90000,45.40000,47.90000,2475800
1778506200,47.31000,48.38500,45.26500,45.49000,4051500
1778592600,45.88000,46.38000,44.93000,45.18000,2916600
1778679000,44.56000,45.37000,44.06000,45.07000,3850000
1778765400,45.21000,46.26000,44.60000,45.50000,2950000
1778851800,45.99000,48.29000,45.47000,47.71000,4111600
1779111000,47.89000,49.58000,47.56000,49.02000,3182100
1779197400,51.13300,51.42000,48.83000,49.42000,3807200
1779283800,48.51000,49.89000,47.63000,49.73000,2425800
1779370200,48.97500,49.21000,47.69000,48.97000,2195900
1779456600,49.50000,50.19500,48.86000,49.53000,2276600
1779802200,48.79000,49.91500,48.03000,49.32000,2418400
1779888600,48.60000,50.12500,48.16000,48.43000,2144000
1779975000,49.11000,50.43000,48.31000,49.58000,2478500
1780061400,50.15000,53.36000,49.83800,52.52000,5531000
1780320600,54.40000,57.29000,53.12000,57.02000,4910000
1780407000,55.04000,55.91000,53.66500,55.10000,4887600
1780493400,54.12000,54.29000,51.86000,52.40000,3274600
1780579800,53.94000,54.23000,50.81000,50.94000,7123200
1780666200,49.17500,50.78000,46.73000,47.26000,8714000
1780925400,47.01000,47.96000,45.74500,46.16000,4878600
1781011800,45.70000,46.43000,43.76000,45.07000,5771000
1781098200,44.08000,46.24000,44.00000,45.13000,3626100
1781184600,44.40000,45.33000,43.87000,44.55000,4109100
1781271000,44.41000,45.12000,43.48000,45.03000,4257400
1781530200,45.45000,46.50000,43.40000,44.19500,5503400
1781616600,44.17000,45.29000,43.90500,44.43000,3780200
1781703000,43.83000,45.09000,42.35000,42.58000,4954200
1781789400,42.04000,43.91000,41.36800,43.47000,9474900
1782135000,42.80000,44.20700,42.25000,42.71000,5124400
1782221400,43.39000,44.02000,42.62000,42.67000,3968700
1782307800,42.87000,44.78000,42.60000,44.24000,5004400
1782394200,43.66000,44.22000,42.27000,42.46000,4102000
1782480600,42.90000,45.33000,42.90000,45.21000,8406100
1782739800,45.93000,46.38000,44.90000,45.04000,3575200
1782826200,44.87000,45.11000,43.85000,44.42000,3411200
1782912600,45.65000,46.40000,44.94500,46.02000,3493000
1782999000,45.70000,46.59000,45.53000,45.77000,2484000
1783344600,45.20000,46.98000,44.77000,46.90000,3471400
1783431000,47.97000,48.98500,46.97000,47.23000,3366400
1783517400,46.68000,47.45000,45.70000,47.22000,2838500
1783603800,46.23000,48.95000,45.50000,48.76000,3010100
1783690200,49.58000,49.70000,48.22000,49.18000,3139900
1783949400,49.69000,50.65000,49.14000,49.87000,2707400
1784035800,47.34000,50.12000,47.15600,49.38000,2382400
1784122200,50.00000,51.66000,49.81000,51.16000,3543800
1784208600,51.98000,54.01000,51.18500,53.38000,4160200
1784295000,52.89000,54.50000,52.16000,52.74000,3236600
1784554200,52.25000,53.43000,51.25000,52.30000,2937400
1784640600,50.98000,52.45000,50.56000,50.74000,2654400
1784727000,50.51000,50.57000,47.29000,47.89000,2948800
1784813400,48.40000,48.80000,46.57000,47.04000,2411100
1784899800,48.04000,50.51500,48.04000,50.44000,2540900
1785159000,51.75000,54.30000,51.22000,52.91000,3106600
1785245400,53.59000,56.20000,53.59000,55.97000,3664700
1785331800,56.08000,59.13000,55.68000,58.17000,4474600
1785418200,56.13000,56.79000,52.87500,54.29000,4661500
1785504600,53.06000,55.35000,52.69000,54.83000,2994100
1785763800,56.43000,57.00000,55.07000,55.13000,3015200
1785850200,54.39000,57.55000,54.26000,57.54000,2740400
1785936600,58.48000,58.51000,56.82400,57.49000,2084700
1786023000,56.02000,57.17000,55.32500,56.90000,2061600
1786109400,57.98000,60.38500,57.89000,60.26000,3443600
1786368600,59.16000,60.59000,59.05000,59.64000,3263500
1786455000,59.13000,60.46500,58.68000,59.34000,1765100
1786541400,58.42000,59.16000,57.50000,58.10000,1883300
1786627800,58.37000,64.20000,57.85500,64.09000,5440400
1786714200,64.95000,65.25000,60.44500,62.04000,3961600
1786973400,61.07000,61.60000,59.60000,59.82000,2116200
1787059800,60.33000,61.82000,59.86500,60.01000,2974100
1787146200,59.92000,62.66000,59.92000,62.11000,2248400
1787232600,62.00000,62.87000,61.33000,62.28000,1838000
1787319000,61.80000,62.65000,60.79000,62.00000,1789000
1787578200,61.64000,62.99000,61.31000,62.56000,1907300
1787664600,61.74000,62.56000,60.22000,60.54000,3511700
1787751000,58.91000,60.28000,58.73000,59.33000,4109600
1787837400,61.15000,64.04000,60.59000,63.80000,3782800
1787923800,64.02000,65.64000,63.97000,64.00000,3771500
