time,open,high,low,close,tick_volume
1472477400,75.11000,75.66000,74.87000,75.25000,1857400
1472563800,75.07000,75.57000,74.56000,74.60000,1218400
1472650200,74.68000,75.28000,74.31000,75.25000,2252000
1472736600,75.15000,75.25000,74.71000,74.88000,1023600
1472823000,74.89000,75.90000,74.66000,75.55000,1625900
1473168600,75.58000,76.45000,75.56000,76.28000,1160700
1473255000,76.20000,76.29000,75.67000,76.01000,1171300
1473341400,75.81000,76.27000,75.46000,75.87000,1484800
1473427800,74.88000,75.24000,72.93000,72.95000,3302900
1473687000,73.00000,74.64000,73.00000,74.45000,2496700
1473773400,74.48000,74.49000,73.10000,73.23000,1658500
1473859800,73.95000,74.64000,73.61000,74.13000,2025400
1473946200,74.16000,74.72000,73.79000,74.56000,1404100
1474032600,74.41000,75.37000,74.20000,75.31000,2897800
1474291800,75.30000,76.45000,75.30000,76.40000,1755200
1474378200,76.63000,76.83000,76.36000,76.54000,2458400
1474464600,76.46000,78.09000,76.36000,78.06000,2023500
1474551000,78.36000,79.00000,78.25000,78.85000,1928000
1474637400,78.60000,79.02000,78.25000,78.68000,1239100
1474896600,78.71000,78.99000,78.31000,78.66000,1526100
1474983000,79.15000,79.54000,77.72000,77.85000,1679900
1475069400,77.92000,78.04000,76.78000,77.17000,1719300
1475155800,76.91000,76.96000,75.98000,76.53000,1639700
1475242200,76.79000,77.11000,74.79000,75.30000,2978900
1475501400,75.15000,75.21000,73.91000,74.24000,1937300
1475587800,74.12000,74.12000,72.39000,72.77000,2553600
1475674200,72.82000,73.41000,72.14000,72.50000,2341900
1475760600,72.25000,72.83000,71.78000,72.33000,2003400
1475847000,72.80000,73.56000,72.03000,72.03000,2096600
1476106200,71.99000,72.52000,71.69000,72.20000,1340100
1476192600,71.91000,72.33000,71.35000,71.66000,2069900
1476279000,71.76000,72.30000,71.67000,72.07000,1675900
1476365400,72.23000,73.60000,72.10000,72.94000,1583400
1476451800,72.65000,73.38000,72.16000,72.49000,1288200
1476711000,72.73000,73.12000,72.67000,73.00000,1164500
1476797400,73.42000,73.68000,72.39000,73.24000,1670300
1476883800,73.26000,73.79000,72.90000,73.44000,1486900
1476970200,73.53000,74.25000,73.34000,73.62000,989400
1477056600,73.22000,73.55000,72.93000,73.17000,1054100
1477315800,73.61000,73.72000,72.72000,73.17000,1268400
1477402200,73.12000,73.73000,72.95000,73.65000,1273500
1477488600,73.57000,74.00000,73.28000,73.88000,965600
1477575000,73.57000,73.92000,73.01000,73.47000,1256300
1477661400,73.61000,74.25000,73.51000,73.99000,1108900
1477920600,74.22000,76.03000,74.06000,75.55000,2506900
1478007000,75.48000,75.48000,73.89000,74.05000,1635300
1478093400,74.03000,74.14000,72.96000,73.82000,1870100
1478179800,73.62000,74.28000,73.25000,73.87000,1517000
1478266200,75.27000,75.41000,73.61000,73.75000,1841700
1478529000,73.94000,74.55000,72.88000,74.54000,1728700
1478615400,74.72000,75.62000,74.61000,75.33000,1361400
1478701800,72.95000,73.41000,72.15000,72.26000,2983300
1478788200,72.05000,72.05000,68.99000,70.69000,3992800
1478874600,70.69000,71.62000,70.27000,70.49000,2107000
1479133800,69.35000,69.82000,68.76000,69.55000,2446400
1479220200,69.92000,71.03000,69.91000,70.57000,2560900
1479306600,70.83000,71.00000,69.40000,69.84000,1722600
1479393000,69.61000,70.41000,69.58000,70.04000,1152700
1479479400,69.99000,70.33000,69.26000,69.53000,1777200
1479738600,69.76000,70.15000,69.45000,70.10000,1612800
1479825000,70.23000,70.57000,69.64000,70.32000,1396300
1479911400,69.78000,70.37000,69.42000,69.55000,1388900
1480084200,69.90000,70.90000,69.75000,70.66000,930200
1480343400,70.78000,72.73000,70.78000,72.65000,2065800
1480429800,72.43000,73.22000,72.37000,72.65000,1988300
1480516200,71.67000,71.78000,69.75000,69.77000,3847100
1480602600,69.31000,69.79000,69.11000,69.47000,1959300
1480689000,70.09000,70.55000,69.28000,69.69000,1551100
1480948200,69.31000,69.76000,68.85000,69.72000,2048400
1481034600,69.97000,69.99000,69.06000,69.15000,1446200
1481121000,69.38000,70.42000,69.38000,70.41000,1416900
1481207400,69.89000,70.71000,69.33000,70.58000,1269400
1481293800,70.66000,71.52000,70.40000,71.44000,1775800
1481553000,71.37000,72.99000,71.27000,72.82000,1787900
1481639400,72.87000,73.53000,72.77000,73.28000,2068300
1481725800,73.44000,73.91000,71.05000,71.21000,2129400
1481812200,71.15000,71.85000,70.75000,71.75000,1658000
1481898600,71.79000,73.36000,71.79000,72.68000,3048400
1482157800,73.03000,73.46000,72.55000,73.04000,1151900
1482244200,73.02000,73.87000,72.76000,73.44000,1626500
1482330600,73.44000,73.86000,73.10000,73.12000,729400
1482417000,73.11000,73.64000,72.80000,73.50000,1187300
1482503400,73.65000,73.82000,73.29000,73.63000,482600
1482849000,73.51000,73.93000,73.26000,73.75000,724100
1482935400,73.72000,73.72000,72.94000,73.07000,873400
1483021800,73.16000,74.14000,73.15000,74.07000,1111400
1483108200,74.08000,74.30000,73.41000,73.68000,1139000
1483453800,73.72000,73.74000,72.74000,73.63000,1699600
1483540200,73.72000,74.20000,73.30000,73.56000,1259600
1483626600,73.54000,73.99000,72.97000,73.72000,1802900
1483713000,73.29000,74.02000,73.17000,73.94000,914600
1483972200,74.10000,74.10000,72.71000,72.76000,1479300
1484058600,72.63000,72.82000,72.14000,72.64000,1124200
1484145000,72.63000,73.17000,72.41000,73.03000,1288800
1484231400,73.01000,73.74000,72.50000,73.62000,1493100
1484317800,73.44000,73.65000,73.04000,73.60000,1179900
1484663400,73.89000,74.64000,73.67000,74.60000,1601900
1484749800,74.28000,74.83000,74.12000,74.43000,1455500
1484836200,73.95000,74.15000,73.26000,73.49000,1395500
1484922600,73.41000,73.80000,72.79000,73.08000,2034800
1485181800,73.27000,73.53000,72.70000,72.96000,1527100
1485268200,72.82000,73.11000,72.54000,72.79000,1544100
1485354600,72.52000,72.77000,72.13000,72.74000,1990900
1485441000,72.51000,73.52000,72.51000,73.02000,1451300
1485527400,73.29000,73.51000,72.92000,73.12000,1488300
1485786600,73.34000,73.56000,72.81000,73.26000,1595100
1485873000,73.44000,74.55000,73.34000,74.35000,2991000
1485959400,73.82000,74.02000,73.05000,73.33000,1766300
1486045800,73.47000,74.50000,73.17000,74.47000,1488000
1486132200,74.50000,74.70000,73.94000,74.20000,2302100
1486391400,74.55000,74.74000,74.05000,74.30000,1758300
1486477800,74.31000,74.60000,74.17000,74.51000,831900
1486564200,74.62000,75.31000,74.62000,75.25000,1121600
1486650600,75.13000,75.44000,74.26000,74.39000,1801900
1486737000,74.29000,74.96000,74.18000,74.75000,1321700
1486996200,74.29000,74.48000,73.64000,74.35000,1695200
1487082600,74.14000,74.30000,73.39000,73.69000,1254300
1487169000,73.21000,73.76000,72.94000,73.70000,1616700
1487255400,73.68000,74.49000,73.53000,74.29000,2953000
1487341800,74.08000,74.08000,72.63000,73.50000,2768800
1487687400,73.50000,74.68000,73.22000,74.52000,1854700
1487773800,74.52000,75.09000,74.20000,75.01000,2410800
1487860200,75.29000,75.99000,75.07000,75.91000,1438000
1487946600,76.25000,76.76000,76.07000,76.61000,1609700
1488205800,76.61000,76.71000,76.19000,76.47000,1239000
1488292200,76.29000,77.24000,76.26000,77.04000,1727500
1488378600,75.91000,76.91000,75.59000,76.18000,1780800
1488465000,75.97000,77.50000,75.79000,77.19000,2164800
1488551400,77.31000,77.31000,76.19000,76.67000,1525700
1488810600,76.67000,77.02000,76.44000,76.64000,1328500
1488897000,76.49000,76.86000,76.39000,76.64000,1088200
1488983400,76.06000,76.09000,75.42000,75.51000,1201600
1489069800,75.64000,76.00000,75.11000,75.13000,1776900
1489156200,75.52000,76.02000,75.38000,75.98000,1145100
1489411800,75.98000,76.28000,75.79000,76.28000,1414100
1489498200,76.24000,76.57000,76.03000,76.42000,1203100
1489584600,76.67000,78.11000,76.49000,77.64000,1547200
1489671000,77.34000,77.62000,76.19000,76.32000,1892200
1489757400,76.53000,77.09000,76.40000,76.68000,2989100
1490016600,76.89000,77.05000,75.94000,76.09000,1060900
1490103000,76.10000,77.57000,76.05000,77.34000,1603000
1490189400,77.65000,78.36000,77.51000,78.11000,2040300
1490275800,78.00000,78.68000,77.66000,77.89000,1270900
1490362200,77.89000,78.66000,77.76000,78.41000,1130200
1490621400,78.52000,78.98000,78.14000,78.55000,1783800
1490707800,78.33000,78.63000,78.11000,78.53000,1241400
1490794200,78.27000,78.48000,77.75000,78.18000,1260800
1490880600,77.99000,78.00000,77.44000,77.74000,827100
1490967000,77.62000,78.08000,77.29000,77.66000,1300400
1491226200,77.75000,77.83000,77.14000,77.83000,2192100
1491312600,77.70000,78.28000,77.50000,77.96000,1130200
1491399000,77.86000,78.61000,77.59000,78.53000,1291300
1491485400,78.37000,78.50000,77.98000,78.33000,1010500
1491571800,78.69000,78.76000,77.80000,77.82000,1988500
1491831000,77.87000,78.15000,77.54000,78.01000,932900
1491917400,77.87000,78.09000,77.31000,77.90000,1733100
1492003800,77.63000,78.59000,77.44000,78.58000,2095600
1492090200,78.48000,78.82000,77.95000,78.53000,1578800
1492435800,78.61000,78.87000,78.47000,78.87000,1307300
1492522200,78.89000,79.29000,78.66000,79.09000,1549000
1492608600,78.89000,79.07000,78.57000,78.78000,1700200
1492695000,78.78000,78.78000,77.80000,78.28000,1836400
1492781400,78.24000,79.27000,78.22000,79.09000,2137300
1493040600,79.14000,79.50000,78.57000,79.40000,1744600
1493127000,79.00000,79.48000,78.87000,79.40000,1146000
1493213400,79.32000,79.71000,79.09000,79.14000,1099000
1493299800,79.17000,80.10000,79.02000,79.58000,1495300
1493386200,79.39000,79.58000,78.98000,79.28000,2890300
1493645400,79.30000,79.45000,78.77000,78.85000,1284300
1493731800,79.03000,79.33000,78.77000,79.26000,1386700
1493818200,79.25000,79.35000,78.71000,78.76000,1495800
1493904600,78.46000,79.09000,78.42000,78.88000,1598400
1493991000,79.43000,80.21000,79.01000,79.81000,1650300
1494250200,79.28000,79.78000,79.08000,79.39000,1168700
1494336600,79.28000,79.37000,78.69000,78.81000,1472400
1494423000,78.95000,79.36000,78.79000,79.04000,1489200
1494509400,79.00000,79.47000,78.72000,79.46000,1337800
1494595800,79.66000,80.08000,79.51000,79.90000,1282900
1494855000,79.36000,79.69000,79.07000,79.61000,1506700
1494941400,79.64000,79.73000,79.13000,79.14000,1288600
1495027800,79.14000,79.87000,78.96000,79.36000,1748100
1495114200,79.46000,80.09000,79.03000,79.92000,1613500
1495200600,80.00000,80.38000,79.53000,80.37000,1337900
1495459800,80.10000,81.17000,80.10000,80.95000,1366300
1495546200,81.00000,81.62000,80.92000,81.31000,1788800
1495632600,81.28000,81.61000,81.18000,81.45000,1626900
1495719000,81.58000,82.16000,81.31000,82.04000,1341800
1495805400,82.10000,82.40000,81.85000,82.10000,1123200
1496151000,82.04000,82.39000,81.87000,82.20000,1173700
1496237400,82.31000,83.25000,82.22000,82.79000,1924600
1496323800,82.77000,83.45000,82.49000,83.43000,1467000
1496410200,83.89000,83.99000,83.26000,83.53000,918800
1496669400,83.39000,83.49000,83.02000,83.05000,855600
1496755800,83.25000,83.33000,82.71000,82.90000,1173700
1496842200,83.14000,83.95000,82.86000,83.76000,1599800
1496928600,83.76000,83.76000,82.48000,83.04000,1617300
1497015000,82.70000,83.35000,82.64000,83.25000,1412600
1497274200,83.25000,83.74000,82.63000,83.30000,1546100
1497360600,82.84000,83.08000,82.51000,82.88000,1687300
1497447000,83.56000,83.98000,83.24000,83.59000,1312100
1497533400,83.75000,84.26000,83.07000,84.26000,1907800
1497619800,84.50000,85.04000,84.35000,84.85000,2975700
1497879000,84.72000,84.76000,84.30000,84.75000,1687200
1497965400,84.80000,85.13000,84.72000,84.96000,1283000
1498051800,85.04000,85.13000,84.35000,84.65000,1135000
1498138200,84.47000,84.86000,84.16000,84.20000,1154600
1498224600,84.14000,84.55000,83.73000,83.84000,1347100
1498483800,83.91000,84.58000,83.73000,84.04000,1387900
1498570200,83.56000,83.78000,82.52000,82.67000,1566000
1498656600,83.01000,83.06000,81.81000,81.82000,1627100
1498743000,81.20000,81.47000,80.67000,80.83000,2111700
1498829400,80.96000,81.35000,80.80000,80.82000,1943400
1499088600,81.14000,81.28000,80.57000,80.57000,929600
1499261400,80.60000,80.72000,80.17000,80.47000,1551500
1499347800,80.36000,80.60000,80.04000,80.39000,1200200
1499434200,80.52000,80.90000,80.28000,80.53000,1345700
1499693400,80.61000,80.92000,80.37000,80.37000,1314300
1499779800,80.51000,80.65000,80.04000,80.41000,1060000
1499866200,80.98000,81.22000,80.82000,81.11000,1233400
1499952600,80.90000,81.02000,80.31000,80.33000,1512200
1500039000,80.90000,81.22000,80.60000,80.73000,837100
1500298200,80.81000,81.12000,80.49000,81.11000,885500
1500384600,81.18000,81.41000,81.04000,81.21000,1104300
1500471000,81.47000,81.75000,81.09000,81.75000,988100
1500557400,82.00000,82.42000,81.68000,82.41000,969500
1500643800,82.42000,82.98000,82.24000,82.93000,1628600
1500903000,82.91000,82.98000,81.82000,82.14000,1601600
1500989400,82.13000,82.18000,81.24000,81.51000,1326200
1501075800,81.40000,82.11000,81.24000,82.11000,1294300
1501162200,81.94000,82.30000,81.55000,82.29000,1653700
1501248600,82.27000,82.49000,81.77000,82.38000,2203700
1501507800,82.41000,82.96000,82.15000,82.86000,2909000
1501594200,82.94000,83.09000,82.37000,82.74000,1694300
1501680600,82.44000,82.83000,82.15000,82.70000,1804300
1501767000,82.51000,83.12000,82.43000,83.12000,2194400
1501853400,82.35000,83.62000,82.35000,82.80000,1396100
1502112600,82.81000,83.50000,82.64000,83.50000,1267200
1502199000,83.39000,84.12000,83.30000,84.06000,1386400
1502285400,83.45000,84.16000,83.14000,83.26000,2978300
1502371800,83.32000,83.85000,82.82000,83.64000,1430500
1502458200,83.68000,83.83000,82.51000,82.87000,1546900
1502717400,82.34000,82.78000,82.04000,82.55000,1566400
1502803800,82.19000,83.18000,82.19000,83.05000,1047700
1502890200,83.07000,83.53000,82.93000,83.44000,872600
1502976600,83.46000,83.65000,82.91000,83.02000,1044700
1503063000,82.96000,84.07000,82.74000,83.53000,2024000
1503322200,83.69000,83.93000,83.31000,83.75000,937300
1503408600,83.76000,83.93000,83.31000,83.93000,1084900
1503495000,83.97000,84.29000,83.64000,84.26000,825900
1503581400,84.24000,84.54000,84.03000,84.23000,845800
1503667800,84.44000,84.87000,84.30000,84.48000,778600
1503927000,84.66000,84.76000,84.25000,84.59000,825300
1504013400,84.79000,84.92000,84.37000,84.42000,1070900
1504099800,84.32000,84.36000,83.99000,84.08000,708900
1504186200,84.08000,84.38000,83.87000,84.27000,1328900
1504272600,84.44000,84.49000,83.76000,83.99000,853800
1504618200,84.13000,84.41000,83.90000,84.37000,1130100
1504704600,84.52000,84.53000,83.82000,84.05000,1414900
1504791000,84.28000,84.85000,84.04000,84.74000,1658200
1504877400,84.74000,85.68000,84.56000,85.53000,1505500
1505136600,85.45000,86.16000,85.22000,86.05000,1109800
1505223000,86.00000,86.01000,83.91000,84.21000,1614000
1505309400,84.16000,84.28000,83.73000,83.76000,1424400
1505395800,83.70000,84.51000,83.44000,84.51000,1531300
1505482200,84.73000,84.89000,84.20000,84.44000,2472200
1505741400,84.54000,84.55000,82.93000,83.57000,1271300
1505827800,83.67000,83.71000,83.20000,83.41000,1305200
1505914200,83.60000,83.73000,82.29000,82.60000,1431700
1506000600,82.64000,83.13000,82.30000,82.43000,1086100
1506087000,82.75000,82.75000,81.58000,81.59000,1140700
1506346200,81.72000,82.35000,81.51000,82.24000,1354800
1506432600,81.20000,82.14000,81.20000,81.84000,1505300
1506519000,81.31000,81.65000,80.17000,80.62000,1496900
1506605400,80.45000,80.98000,80.02000,80.71000,1619500
1506691800,80.68000,80.89000,80.28000,80.68000,1848500
1506951000,80.89000,81.67000,80.64000,81.11000,1973700
1507037400,81.04000,81.06000,80.26000,80.90000,1181100
1507123800,80.97000,81.79000,80.62000,81.78000,1136700
1507210200,81.79000,81.93000,81.33000,81.77000,1444600
1507296600,81.33000,81.75000,81.09000,81.56000,1095700
1507555800,81.66000,81.91000,81.42000,81.49000,1224300
1507642200,81.55000,82.41000,81.40000,82.40000,1557100
1507728600,82.20000,83.13000,82.20000,82.84000,1352500
1507815000,82.80000,83.57000,82.80000,83.53000,1227900
1507901400,83.76000,84.09000,82.93000,83.08000,1558500
1508160600,83.02000,83.38000,82.28000,82.85000,1582800
1508247000,83.02000,83.65000,82.66000,83.56000,1144400
1508333400,83.39000,83.89000,82.97000,83.78000,1530700
1508419800,83.91000,84.86000,83.76000,84.84000,1320800
1508506200,84.59000,85.08000,84.50000,84.86000,1358200
1508765400,84.87000,85.18000,84.53000,85.10000,1611100
1508851800,85.49000,85.79000,85.14000,85.76000,1950200
1508938200,85.33000,85.44000,84.24000,85.33000,1637300
1509024600,85.74000,86.12000,85.20000,85.50000,1354900
1509111000,85.30000,86.33000,85.28000,85.92000,1125200
1509370200,85.80000,86.01000,85.55000,85.90000,1490500
1509456600,85.81000,86.19000,85.70000,86.05000,1398500
1509543000,85.85000,86.53000,85.27000,85.80000,1305300
1509629400,86.04000,86.82000,85.73000,86.80000,1690100
1509715800,86.80000,87.58000,86.44000,87.04000,1629400
1509978600,87.10000,87.24000,86.27000,86.32000,1372600
1510065000,86.54000,87.70000,86.12000,87.69000,1487400
1510151400,87.59000,88.08000,87.24000,87.86000,1799400
1510237800,87.58000,88.08000,87.36000,87.66000,1134700
1510324200,87.17000,87.43000,86.82000,87.19000,1578200
1510583400,87.44000,88.66000,87.40000,88.31000,1370100
1510669800,87.50000,89.01000,87.34000,88.96000,1583900
1510756200,89.12000,89.58000,88.00000,88.02000,1311900
1510842600,88.07000,88.13000,87.17000,87.36000,2826300
1510929000,87.08000,87.36000,86.22000,86.53000,3068900
1511188200,86.66000,86.99000,85.86000,86.00000,2553500
1511274600,86.18000,86.85000,85.86000,86.48000,3014600
1511361000,86.58000,86.69000,86.28000,86.66000,1024500
1511533800,86.85000,87.25000,86.70000,86.90000,603900
1511793000,87.00000,87.71000,86.82000,87.50000,1140800
1511879400,87.82000,88.14000,87.66000,87.98000,1365300
1511965800,87.64000,88.85000,87.47000,88.40000,1474300
1512052200,88.54000,89.21000,88.28000,89.04000,2608700
1512138600,89.34000,89.57000,88.30000,88.82000,1803800
1512397800,88.68000,89.26000,88.30000,88.48000,1374500
1512484200,88.67000,88.67000,87.30000,88.02000,2147100
1512570600,88.23000,88.65000,87.99000,88.47000,1088600
1512657000,88.53000,88.53000,87.93000,88.49000,1107500
1512743400,88.30000,88.95000,88.08000,88.92000,1628700
1513002600,88.78000,89.70000,88.47000,89.66000,1923900
1513089000,89.53000,89.65000,88.04000,88.09000,1729400
1513175400,88.46000,88.81000,87.70000,87.98000,2109300
1513261800,87.96000,88.19000,86.93000,87.59000,1596100
1513348200,87.84000,88.62000,87.79000,88.24000,3595300
1513607400,88.21000,88.27000,87.08000,87.32000,2190500
1513693800,87.33000,87.46000,85.52000,85.56000,1415000
1513780200,85.50000,85.86000,84.87000,84.91000,1244300
1513866600,84.70000,85.18000,84.35000,84.79000,1461300
1513953000,85.00000,85.14000,84.67000,84.75000,968700
1514298600,84.77000,85.12000,84.18000,84.20000,701400
1514385000,84.46000,84.76000,84.27000,84.66000,743300
1514471400,84.82000,85.12000,84.73000,85.09000,815400
1514557800,85.37000,85.45000,84.82000,84.95000,1346800
1514903400,84.75000,84.94000,83.23000,83.58000,1998200
1514989800,83.40000,83.98000,82.46000,82.79000,1884300
1515076200,82.67000,82.82000,81.52000,81.82000,2289700
1515162600,82.11000,82.20000,81.03000,81.74000,1748700
1515421800,81.87000,82.91000,81.59000,82.89000,1848100
1515508200,82.67000,82.79000,81.69000,82.01000,1712900
1515594600,81.51000,81.78000,80.71000,80.92000,1461200
1515681000,81.04000,81.28000,80.08000,80.39000,1513600
1515767400,80.14000,80.19000,79.18000,79.49000,1899700
1516113000,79.66000,79.86000,78.57000,79.02000,2754200
1516199400,79.23000,79.54000,78.85000,79.27000,1951600
1516285800,78.89000,79.06000,77.77000,78.28000,2487700
1516372200,78.44000,78.93000,78.09000,78.27000,2584100
1516631400,78.58000,79.39000,78.37000,78.53000,3095700
1516717800,78.68000,80.14000,78.68000,79.66000,2066000
1516804200,79.53000,79.65000,79.08000,79.42000,1773800
1516890600,79.42000,80.51000,79.42000,80.38000,2728000
1516977000,80.51000,80.61000,79.30000,80.40000,2505200
1517236200,79.29000,80.03000,79.11000,79.13000,3332500
1517322600,79.17000,79.91000,79.05000,79.59000,2082400
1517409000,79.69000,80.41000,79.04000,80.36000,3505400
1517495400,80.39000,80.65000,78.57000,78.75000,2924600
1517581800,78.48000,79.04000,77.89000,77.96000,2621600
1517841000,77.88000,78.72000,76.95000,77.13000,2953000
1517927400,76.10000,76.73000,74.57000,75.88000,3234400
1518013800,75.79000,76.61000,75.25000,75.26000,2643100
1518100200,75.20000,76.71000,74.70000,74.73000,3054800
1518186600,74.95000,77.50000,74.93000,76.89000,2788800
1518445800,77.02000,77.80000,76.37000,77.40000,2442900
1518532200,76.40000,77.20000,75.77000,77.03000,2193000
1518618600,76.31000,76.67000,75.75000,75.89000,2825400
1518705000,75.89000,77.23000,75.66000,77.11000,2234000
1518791400,76.84000,77.98000,75.75000,77.77000,3347100
1519137000,77.57000,77.93000,75.89000,76.36000,2512100
1519223400,76.41000,77.07000,75.46000,75.47000,2210000
1519309800,75.71000,76.51000,75.48000,75.79000,1901600
1519396200,75.87000,77.71000,75.76000,77.63000,1422300
1519655400,77.69000,78.04000,76.82000,76.96000,1774800
1519741800,77.06000,77.38000,75.65000,75.66000,2417700
1519828200,75.94000,76.24000,74.89000,74.89000,1799400
1519914600,74.91000,75.99000,74.17000,74.59000,2626700
1520001000,74.53000,75.41000,73.73000,74.35000,1723000
1520260200,74.25000,76.34000,73.98000,76.09000,2363400
1520346600,75.99000,76.00000,74.72000,75.14000,2266600
1520433000,75.00000,75.25000,74.16000,74.48000,1849400
1520519400,74.60000,75.36000,74.44000,75.31000,1739100
1520605800,75.32000,75.37000,74.70000,75.24000,1844700
1520861400,75.30000,75.91000,75.19000,75.69000,1764800
1520947800,75.84000,76.41000,75.18000,75.49000,2134100
1521034200,75.75000,76.44000,75.45000,75.97000,1679600
1521120600,76.13000,76.92000,75.91000,76.58000,1855500
1521207000,76.72000,77.58000,76.56000,77.45000,3479000
1521466200,77.45000,77.99000,76.64000,77.05000,2177100
1521552600,77.08000,77.45000,76.66000,76.89000,1429500
1521639000,76.93000,77.63000,76.33000,76.67000,1440900
1521725400,76.70000,78.22000,76.59000,76.76000,2187100
1521811800,77.01000,77.20000,75.41000,75.58000,1592700
1522071000,75.75000,76.54000,75.62000,76.42000,1526500
1522157400,76.45000,78.32000,76.18000,77.62000,2044500
1522243800,77.64000,77.97000,77.03000,77.56000,1976200
1522330200,77.74000,78.40000,77.65000,77.94000,1745300
1522675800,78.17000,78.47000,76.67000,77.07000,1699500
1522762200,77.07000,78.01000,76.86000,77.66000,2116100
1522848600,77.60000,78.65000,77.18000,78.27000,2431200
1522935000,78.27000,79.12000,77.16000,78.89000,2032300
1523021400,79.15000,79.39000,78.29000,78.56000,1646100
1523280600,78.69000,79.12000,78.28000,78.46000,2282600
1523367000,78.42000,78.59000,77.46000,77.60000,1892100
1523453400,77.46000,77.97000,77.17000,77.51000,1435100
1523539800,77.66000,77.72000,76.07000,76.31000,1838000
1523626200,76.49000,77.18000,76.42000,76.69000,1412100
1523885400,77.05000,77.91000,76.95000,77.79000,1318000
1523971800,77.87000,78.71000,77.57000,78.46000,1336900
1524058200,78.56000,79.19000,77.97000,78.01000,1573900
1524144600,77.88000,78.42000,77.59000,78.11000,1574400
1524231000,78.10000,78.34000,77.27000,77.60000,1640200
1524490200,77.82000,78.14000,77.40000,77.70000,1451700
1524576600,77.91000,78.72000,77.55000,78.31000,1441400
1524663000,77.99000,78.71000,77.77000,78.39000,1284900
1524749400,78.45000,79.51000,78.10000,79.45000,1238100
1524835800,79.25000,80.78000,79.21000,80.43000,1551500
1525095000,80.70000,80.82000,79.99000,80.13000,1587500
1525181400,80.24000,80.24000,79.75000,79.95000,977500
1525267800,80.00000,80.21000,79.01000,79.25000,1782000
1525354200,79.24000,79.35000,78.01000,79.00000,1322200
1525440600,78.99000,79.85000,78.63000,79.25000,1921300
1525699800,79.18000,79.39000,78.26000,78.36000,1471900
1525786200,78.13000,78.13000,76.09000,76.23000,2204900
1525872600,76.25000,76.37000,74.88000,75.43000,2281900
1525959000,76.00000,76.60000,75.49000,76.57000,1928400
1526045400,76.56000,77.06000,76.39000,76.83000,1702700
1526304600,77.04000,77.18000,76.16000,76.63000,1886200
1526391000,75.41000,75.74000,74.48000,74.90000,1720700
1526477400,74.90000,75.04000,74.10000,74.56000,1746500
1526563800,74.71000,74.76000,73.86000,73.94000,1361700
1526650200,74.17000,74.45000,73.35000,73.97000,1728500
1526909400,74.11000,74.11000,73.38000,73.84000,1410500
1526995800,73.80000,74.62000,73.65000,74.14000,1410700
1527082200,74.20000,75.18000,74.10000,75.10000,1941100
1527168600,75.25000,75.97000,75.05000,75.88000,1474900
1527255000,75.99000,76.39000,75.85000,75.91000,1474100
1527600600,75.85000,76.44000,75.51000,75.99000,2012800
1527687000,75.87000,76.46000,75.62000,76.33000,2287600
1527773400,76.33000,76.99000,75.90000,76.73000,2786200
1527859800,76.67000,76.67000,75.22000,75.54000,1590300
1528119000,75.81000,76.06000,74.85000,74.95000,1405400
1528205400,74.80000,74.94000,73.77000,74.01000,1970800
1528291800,73.97000,74.12000,72.21000,72.39000,2162400
1528378200,72.36000,73.45000,72.01000,72.79000,2286100
1528464600,73.02000,73.15000,72.43000,72.75000,1509600
1528723800,72.81000,72.93000,71.25000,71.39000,2385900
1528810200,71.30000,72.58000,71.12000,72.48000,2015900
1528896600,72.63000,72.95000,72.08000,72.43000,2382300
1528983000,72.50000,73.40000,72.35000,73.25000,2323700
1529069400,73.27000,73.78000,72.63000,73.73000,3218700
1529328600,73.75000,74.25000,73.41000,73.90000,1769700
1529415000,73.95000,74.96000,73.95000,74.86000,2047100
1529501400,74.84000,75.06000,74.35000,75.03000,2559800
1529587800,74.89000,75.77000,74.73000,75.45000,1968700
1529674200,75.46000,75.98000,75.21000,75.76000,2427500
1529933400,76.00000,77.57000,75.97000,77.42000,1800700
1530019800,77.20000,77.88000,77.03000,77.48000,1763000
1530106200,77.32000,78.09000,77.13000,77.90000,1423900
1530192600,78.23000,78.91000,77.81000,77.94000,1363800
1530279000,77.86000,78.55000,77.26000,77.98000,1961800
1530538200,77.99000,78.43000,77.55000,78.34000,1543900
1530624600,78.35000,78.97000,77.96000,78.46000,1008800
1530797400,78.60000,78.99000,78.21000,78.99000,1734000
1530883800,79.00000,79.57000,78.91000,79.50000,1322700
1531143000,79.50000,79.50000,76.52000,76.86000,2460900
1531229400,76.40000,78.16000,75.93000,77.86000,2177200
1531315800,78.02000,79.15000,77.90000,79.03000,2018100
1531402200,79.04000,79.39000,78.79000,79.22000,2095100
1531488600,79.36000,79.66000,78.78000,79.46000,1412700
1531747800,79.28000,79.48000,78.85000,79.20000,1353400
1531834200,79.42000,79.46000,78.89000,78.96000,1375100
1531920600,79.08000,79.11000,78.28000,78.54000,1559000
1532007000,78.65000,79.27000,78.41000,78.78000,1953200
1532093400,78.45000,78.82000,77.46000,78.05000,1438600
1532352600,78.13000,78.22000,77.10000,77.46000,992200
1532439000,77.24000,77.80000,76.01000,77.61000,1802100
1532525400,77.36000,77.88000,77.16000,77.39000,1296800
1532611800,77.87000,78.74000,77.85000,78.30000,1836700
1532698200,78.30000,78.98000,78.16000,78.55000,1483900
1532957400,78.28000,78.55000,77.70000,78.16000,1031800
1533043800,78.62000,79.10000,78.02000,78.93000,2439500
1533130200,78.42000,78.48000,77.25000,77.78000,1856100
1533216600,77.75000,78.44000,77.09000,78.19000,1763800
1533303000,78.25000,79.58000,77.67000,79.11000,1775200
1533562200,79.04000,79.56000,78.69000,78.93000,1650700
1533648600,78.78000,78.89000,77.86000,78.52000,1567500
1533735000,78.34000,78.61000,78.00000,78.51000,1069700
1533821400,78.65000,79.00000,78.32000,78.95000,710800
1533907800,79.18000,79.61000,78.57000,78.67000,1108000
1534167000,78.56000,79.12000,78.39000,79.05000,1684500
1534253400,78.28000,78.98000,78.12000,78.52000,1532000
1534339800,78.77000,80.31000,78.67000,79.79000,2081700
1534426200,79.70000,80.81000,79.40000,80.71000,2286900
1534512600,80.62000,81.27000,80.27000,81.17000,1986100
1534771800,81.35000,81.53000,80.27000,80.30000,1611900
1534858200,80.17000,80.27000,79.22000,79.62000,1497500
1534944600,79.82000,79.87000,78.63000,78.93000,1224800
1535031000,78.99000,79.60000,78.75000,79.02000,1382500
1535117400,79.03000,79.59000,78.73000,79.45000,908500
1535376600,79.60000,79.67000,78.51000,78.92000,1011800
1535463000,78.80000,78.96000,78.29000,78.45000,1220900
1535549400,78.65000,79.29000,78.43000,79.21000,1391500
1535635800,79.31000,79.77000,79.08000,79.39000,1510300
1535722200,79.39000,79.78000,78.72000,78.93000,1623300
1536067800,79.19000,79.93000,79.06000,79.56000,1495100
1536154200,79.63000,80.73000,79.55000,80.69000,2623000
1536240600,80.63000,81.55000,80.19000,81.35000,1780000
1536327000,80.80000,81.08000,79.92000,80.08000,1765200
1536586200,80.39000,80.80000,79.99000,80.54000,1129400
1536672600,80.55000,80.93000,80.11000,80.20000,1500200
1536759000,80.20000,80.75000,79.95000,80.15000,1194100
1536845400,80.23000,80.76000,79.66000,80.75000,1337900
1536931800,80.37000,80.37000,79.22000,80.29000,1551800
1537191000,80.33000,80.53000,79.81000,80.35000,1208100
1537277400,80.33000,80.59000,79.63000,80.08000,1455500
1537363800,79.97000,80.12000,77.83000,78.32000,1480500
1537450200,78.23000,78.47000,77.41000,78.44000,1607600
1537536600,78.00000,78.19000,76.97000,77.89000,4717500
1537795800,77.77000,77.77000,76.52000,76.61000,2004800
1537882200,76.42000,76.51000,75.24000,75.70000,1628300
1537968600,75.73000,75.85000,74.36000,74.41000,2120200
1538055000,74.58000,75.44000,74.31000,75.20000,1726100
1538141400,75.43000,76.24000,75.18000,76.19000,3163300
1538400600,76.04000,76.04000,75.45000,75.77000,1735900
1538487000,76.00000,77.27000,75.86000,77.08000,1788800
1538573400,76.87000,77.36000,75.35000,76.11000,2454000
1538659800,76.02000,76.76000,75.37000,76.60000,1329100
1538746200,76.56000,77.88000,76.44000,77.66000,2420500
1539005400,77.76000,78.62000,77.34000,78.02000,2168400
1539091800,78.22000,78.83000,77.75000,78.23000,1897900
1539178200,78.08000,79.18000,77.73000,77.77000,1774700
1539264600,77.95000,78.30000,75.77000,76.05000,2508800
1539351000,75.97000,76.00000,74.79000,75.23000,2351800
1539610200,75.32000,75.90000,74.93000,75.28000,1855500
1539696600,75.25000,76.58000,74.64000,76.10000,1963100
1539783000,76.08000,76.45000,75.54000,76.11000,1654800
1539869400,76.19000,76.78000,75.75000,76.36000,1725200
1539955800,76.29000,77.92000,76.24000,77.38000,2101800
1540215000,77.31000,77.64000,76.70000,76.82000,1949100
1540301400,77.00000,77.60000,75.92000,76.29000,2152100
1540387800,76.69000,78.62000,76.34000,78.22000,1966300
1540474200,77.78000,77.78000,76.47000,76.81000,1728500
1540560600,77.26000,77.75000,75.62000,76.33000,2550200
1540819800,76.33000,77.55000,76.33000,77.34000,1791700
1540906200,77.62000,78.14000,76.50000,77.23000,2067900
1540992600,76.64000,76.70000,75.36000,76.00000,2861400
1541079000,76.07000,76.22000,75.29000,75.63000,2496000
1541165400,76.10000,76.10000,73.93000,74.54000,3468000
1541428200,74.81000,76.10000,74.81000,76.04000,2103100
1541514600,76.79000,77.32000,76.31000,77.23000,1580900
1541601000,77.50000,78.34000,76.85000,78.26000,1500400
1541687400,78.23000,78.56000,77.43000,78.17000,1398500
1541773800,78.20000,79.26000,78.06000,79.00000,1361800
1542033000,78.93000,80.14000,78.65000,79.37000,1520600
1542119400,78.75000,79.34000,78.09000,79.11000,1560200
1542205800,78.19000,80.17000,77.99000,79.42000,2987600
1542292200,77.45000,77.58000,76.35000,76.54000,9613500
1542378600,77.34000,77.54000,76.30000,77.00000,4087300
1542637800,76.97000,77.68000,76.85000,77.50000,3635700
1542724200,78.00000,78.61000,77.04000,78.11000,3540900
1542810600,77.84000,77.95000,76.99000,77.11000,1959000
1542983400,77.21000,77.45000,76.69000,77.34000,813400
1543242600,77.23000,78.26000,77.13000,78.16000,2148700
1543329000,78.11000,79.15000,77.53000,79.05000,1513400
1543415400,78.89000,79.43000,78.42000,78.84000,2285600
1543501800,78.82000,79.34000,78.24000,79.24000,2286900
1543588200,79.37000,80.39000,79.05000,80.35000,2937200
1543847400,79.86000,81.24000,79.57000,81.23000,2359200
1543933800,81.22000,83.00000,81.14000,81.99000,3962500
1544106600,82.30000,82.49000,80.10000,81.63000,2443000
1544193000,81.75000,82.83000,80.86000,82.46000,2069500
1544452200,82.67000,83.08000,81.30000,82.91000,2570700
1544538600,82.94000,83.69000,82.53000,83.25000,1796600
1544625000,83.25000,83.62000,82.26000,82.47000,2938300
1544711400,82.59000,84.32000,82.54000,83.93000,2562800
1544797800,84.10000,84.15000,83.06000,83.83000,3049000
1545057000,83.94000,84.21000,80.31000,80.63000,3769500
1545143400,80.93000,81.82000,79.94000,80.21000,3047100
1545229800,80.44000,80.94000,79.56000,80.10000,2197600
1545316200,80.13000,81.60000,79.15000,80.73000,2858200
1545402600,80.74000,82.48000,79.78000,79.96000,3542600
1545661800,79.94000,80.52000,75.04000,75.32000,1279400
1545834600,75.51000,76.14000,73.85000,76.09000,2457300
1545921000,76.03000,76.83000,74.84000,76.83000,2211500
1546007400,77.17000,77.49000,76.17000,76.48000,1829800
1546266600,76.48000,76.87000,75.68000,76.46000,1670200
1546439400,76.32000,76.37000,74.79000,75.14000,1764100
1546525800,75.14000,75.92000,74.84000,75.33000,1857000
1546612200,75.02000,76.57000,74.88000,76.55000,2185100
1546871400,76.10000,76.43000,75.34000,75.44000,2380900
1546957800,75.48000,76.03000,74.85000,75.90000,2979000
1547044200,75.71000,76.10000,75.03000,75.30000,1662900
1547130600,75.37000,76.68000,75.25000,76.55000,1857800
1547217000,76.43000,76.51000,75.56000,75.93000,1378400
1547476200,75.55000,75.55000,73.30000,74.45000,3737600
1547562600,74.15000,75.85000,74.15000,75.79000,2157200
1547649000,75.66000,76.44000,75.25000,76.38000,2226800
1547735400,76.35000,77.10000,76.18000,77.03000,2250400
1547821800,76.67000,77.06000,76.22000,76.51000,3019400
1548167400,76.64000,77.36000,76.05000,76.74000,2766800
1548253800,76.72000,77.36000,76.51000,76.98000,2417900
1548340200,77.08000,77.70000,76.35000,77.66000,2522600
1548426600,77.44000,77.99000,75.85000,75.95000,2803600
1548685800,76.11000,76.58000,75.25000,75.59000,2168500
1548772200,75.75000,76.28000,75.59000,75.89000,1566200
1548858600,75.61000,76.39000,75.48000,76.19000,1716300
1548945000,76.03000,77.88000,75.62000,77.65000,3342300
1549031400,77.47000,77.58000,75.90000,76.68000,2006600
1549290600,76.35000,77.58000,76.03000,77.57000,2393100
1549377000,77.50000,78.00000,77.01000,77.59000,1976600
1549463400,77.45000,77.83000,77.08000,77.26000,1490700
1549549800,77.54000,78.13000,76.80000,78.11000,1860700
1549636200,78.05000,78.95000,77.83000,78.93000,1755200
1549895400,78.87000,79.37000,78.60000,78.97000,1647400
1549981800,78.42000,78.87000,77.74000,78.57000,1834100
1550068200,77.83000,78.10000,77.21000,77.83000,2668500
1550154600,77.99000,78.41000,77.57000,78.04000,2062400
1550241000,78.39000,78.76000,78.25000,78.51000,1693600
1550586600,78.41000,79.11000,78.32000,78.87000,2258900
1550673000,78.81000,79.24000,78.18000,79.01000,1852600
1550759400,78.66000,80.09000,78.59000,80.00000,1552800
1550845800,80.69000,82.19000,80.42000,82.10000,3514700
1551105000,82.00000,82.22000,81.14000,81.62000,2269500
1551191400,81.85000,81.88000,81.07000,81.36000,1398700
1551277800,81.26000,81.91000,80.98000,81.66000,1337600
1551364200,81.70000,82.73000,81.55000,82.45000,2315600
1551450600,82.45000,82.84000,81.85000,82.66000,1629000
1551709800,83.10000,83.24000,82.44000,83.20000,1661700
1551796200,83.17000,83.33000,82.80000,82.93000,1428300
1551882600,83.12000,83.73000,82.74000,83.33000,2346600
1551969000,83.56000,84.35000,83.24000,83.34000,1908200
1552055400,83.57000,83.85000,83.01000,83.82000,1773900
1552311000,83.76000,84.39000,83.66000,84.27000,1838100
1552397400,84.45000,85.27000,84.16000,84.93000,2578900
1552483800,85.03000,85.47000,84.71000,85.18000,1549600
1552570200,85.19000,85.57000,84.78000,84.98000,1903500
1552656600,85.21000,85.43000,84.68000,84.84000,4209000
1552915800,84.94000,85.17000,84.25000,84.70000,2556100
1553002200,84.70000,84.70000,83.44000,83.81000,2030400
1553088600,83.95000,84.61000,83.34000,83.84000,1788400
1553175000,83.91000,84.51000,83.64000,84.39000,1349100
1553261400,84.69000,85.59000,84.42000,84.91000,1858400
1553520600,85.12000,85.42000,84.61000,85.10000,1335800
1553607000,85.10000,85.78000,84.91000,85.68000,1081400
1553693400,85.81000,85.87000,84.83000,85.16000,1519100
1553779800,85.26000,85.46000,83.80000,84.27000,1935100
1553866200,84.27000,84.88000,83.91000,84.81000,1623600
1554125400,84.67000,84.67000,83.55000,84.32000,1771300
1554211800,84.30000,84.79000,83.79000,84.76000,1272100
1554298200,84.51000,84.75000,83.66000,84.44000,1217700
1554384600,84.57000,84.76000,83.55000,83.99000,1281300
1554471000,84.00000,84.84000,83.62000,84.81000,921100
1554730200,84.45000,84.66000,83.66000,83.79000,1792500
1554816600,83.77000,84.22000,83.70000,84.16000,951100
1554903000,84.27000,84.98000,83.78000,83.87000,1006300
1554989400,84.00000,84.58000,83.77000,84.47000,1086400
1555075800,84.24000,84.66000,83.61000,84.55000,1640800
1555335000,84.66000,85.03000,84.26000,84.61000,1017400
1555421400,84.65000,84.89000,83.32000,83.62000,1850900
1555507800,83.76000,84.17000,83.40000,83.90000,1494500
1555594200,83.92000,84.23000,83.53000,83.61000,1417100
1555939800,83.61000,83.99000,83.58000,83.86000,1298000
1556026200,83.94000,84.33000,83.48000,84.19000,1407300
1556112600,84.45000,84.75000,83.97000,84.32000,1764500
1556199000,84.18000,84.97000,83.97000,84.52000,1522600
1556285400,85.37000,85.90000,84.87000,84.97000,3038700
1556544600,84.73000,84.90000,84.11000,84.48000,1334200
1556631000,84.58000,86.23000,84.43000,86.16000,2361400
1556717400,85.78000,86.15000,85.16000,85.23000,1266000
1556803800,85.34000,85.65000,84.65000,85.16000,1486900
1556890200,85.59000,86.50000,85.59000,86.03000,1721000
1557149400,86.35000,86.35000,85.16000,85.42000,1364400
1557235800,85.47000,85.74000,84.95000,85.21000,1295900
1557322200,84.54000,84.75000,83.66000,83.93000,8777700
1557408600,84.00000,84.50000,83.61000,84.00000,7437200
1557495000,84.00000,85.30000,83.88000,85.30000,2658000
1557754200,85.04000,86.19000,85.00000,86.04000,2726800
1557840600,85.55000,85.59000,84.73000,84.90000,2130400
1557927000,85.10000,85.85000,84.83000,85.51000,1727100
1558013400,85.30000,86.49000,85.00000,86.37000,1491300
1558099800,86.03000,87.33000,86.03000,86.94000,1804300
1558359000,87.17000,87.65000,86.81000,87.01000,1316600
1558445400,87.25000,87.69000,86.62000,86.69000,3080800
1558531800,86.90000,87.70000,86.50000,87.52000,1113500
1558618200,87.66000,88.41000,87.35000,88.38000,1376900
1558704600,88.40000,88.92000,88.08000,88.14000,1099400
1559050200,88.48000,88.48000,86.75000,86.75000,3027900
1559136600,86.95000,87.14000,85.35000,85.61000,1987400
1559223000,85.60000,86.03000,85.04000,85.25000,1469300
1559309400,85.36000,86.38000,85.24000,86.30000,1795700
1559568600,86.31000,87.51000,86.04000,87.37000,1503800
1559655000,87.36000,87.64000,85.55000,87.53000,1719500
1559741400,88.05000,89.55000,87.61000,89.32000,1632500
1559827800,89.64000,89.78000,89.06000,89.50000,1445100
1559914200,89.85000,90.51000,88.06000,88.31000,2132700
1560173400,87.96000,88.09000,86.73000,87.23000,1584700
1560259800,87.14000,87.65000,86.12000,86.72000,1710400
1560346200,87.08000,87.83000,87.08000,87.72000,1063400
1560432600,87.88000,88.28000,87.05000,87.78000,2697100
1560519000,87.96000,88.95000,87.93000,88.54000,1560500
1560778200,88.44000,88.75000,87.63000,88.13000,1797600
1560864600,88.96000,88.96000,87.12000,88.07000,1868400
1560951000,88.00000,89.30000,87.70000,88.88000,1508800
1561037400,88.95000,89.38000,88.20000,88.88000,2382900
1561123800,88.94000,89.42000,88.17000,89.21000,3588900
1561383000,89.26000,90.45000,89.05000,89.65000,1409100
1561469400,89.75000,89.89000,88.77000,88.94000,1091200
1561555800,88.68000,88.77000,87.23000,87.31000,1525200
1561642200,87.48000,87.90000,86.88000,87.26000,1787800
1561728600,87.16000,88.13000,87.00000,87.68000,2607900
1561987800,87.58000,87.65000,86.53000,87.36000,1327800
1562074200,87.67000,88.85000,87.56000,88.42000,1286800
1562160600,88.72000,89.77000,88.72000,89.23000,698400
1562333400,88.40000,88.86000,87.35000,88.81000,1227300
1562592600,89.13000,89.36000,88.27000,88.86000,1267300
1562679000,88.82000,89.02000,88.09000,88.72000,1336900
1562765400,89.04000,89.42000,88.62000,89.11000,1046400
1562851800,89.11000,89.60000,88.28000,89.24000,1006600
1562938200,89.27000,89.27000,88.24000,88.96000,1272700
1563197400,88.35000,88.94000,88.03000,88.55000,1401900
1563283800,88.38000,88.63000,87.25000,87.82000,1335100
1563370200,88.12000,88.40000,87.55000,87.59000,1375200
1563456600,87.56000,88.52000,87.05000,88.35000,1331000
1563543000,88.27000,88.53000,87.10000,87.24000,1427800
1563802200,87.48000,87.58000,86.24000,86.82000,1484000
1563888600,86.58000,86.82000,86.04000,86.51000,1444800
1563975000,86.82000,87.10000,86.01000,86.53000,1828500
1564061400,86.59000,87.05000,85.74000,86.09000,1113000
1564147800,86.02000,86.64000,85.69000,86.34000,1098900
1564407000,86.53000,86.84000,85.98000,86.66000,1147400
1564493400,86.38000,86.82000,84.96000,85.40000,1846100
1564579800,85.36000,85.89000,84.42000,84.96000,2917200
1564666200,84.78000,86.50000,84.59000,85.93000,1362500
1564752600,87.07000,87.39000,85.96000,86.13000,2339400
1565011800,86.28000,86.62000,84.79000,85.48000,2530600
1565098200,85.43000,86.91000,84.45000,86.63000,1709800
1565184600,86.57000,87.56000,85.33000,87.06000,1405500
1565271000,86.86000,87.71000,86.44000,87.53000,1508500
1565357400,87.53000,87.88000,86.95000,87.26000,984500
1565616600,87.31000,87.68000,86.82000,87.46000,1695700
1565703000,86.74000,87.01000,85.99000,86.75000,1318300
1565789400,86.80000,87.44000,85.72000,85.97000,1598000
1565875800,85.77000,87.29000,85.68000,86.97000,1194600
1565962200,86.95000,87.46000,86.75000,87.20000,1213100
1566221400,87.21000,88.49000,86.93000,88.14000,1085900
1566307800,88.43000,88.48000,87.53000,87.76000,1013000
1566394200,87.70000,88.34000,87.62000,88.28000,1547000
1566480600,88.18000,88.68000,87.76000,88.24000,1476600
1566567000,88.48000,88.79000,86.51000,86.91000,1755700
1566826200,87.27000,87.82000,86.82000,87.77000,959700
1566912600,88.24000,88.80000,87.98000,88.04000,1445300
1566999000,88.13000,88.53000,87.35000,87.77000,1666800
1567085400,88.18000,88.23000,87.52000,88.15000,2714100
1567171800,88.54000,89.11000,87.91000,88.90000,1719200
1567517400,88.90000,90.69000,88.67000,90.64000,2005300
1567603800,90.80000,91.12000,90.19000,90.85000,1273400
1567690200,90.26000,91.01000,89.73000,90.88000,2572400
1567776600,91.11000,91.58000,90.74000,91.14000,2236000
1568035800,90.69000,90.78000,90.02000,90.39000,2276600
1568122200,90.35000,90.39000,88.58000,89.33000,2188800
1568208600,89.00000,90.08000,88.64000,89.93000,1481400
1568295000,90.47000,90.87000,89.61000,90.19000,1695700
1568381400,89.36000,90.22000,89.15000,89.81000,1801400
1568640600,89.89000,90.21000,89.48000,89.93000,1248800
1568727000,90.04000,91.45000,90.04000,90.93000,1241100
1568813400,91.27000,91.64000,90.69000,91.48000,1133000
1568899800,91.77000,91.98000,91.41000,91.88000,1004500
1568986200,92.18000,92.53000,91.40000,92.40000,3570900
1569245400,93.27000,93.32000,92.49000,92.75000,1336400
1569331800,92.94000,94.14000,92.71000,93.96000,2008100
1569418200,93.65000,94.09000,93.35000,93.99000,1220900
1569504600,94.36000,94.96000,93.99000,94.65000,1254200
1569591000,94.65000,94.83000,93.92000,94.62000,1160800
1569850200,94.71000,94.97000,94.01000,94.47000,1396000
1569936600,94.17000,94.48000,93.62000,94.10000,1223900
1570023000,93.87000,94.25000,92.58000,92.67000,1688400
1570109400,92.79000,93.10000,92.41000,93.02000,1439800
1570195800,93.31000,94.23000,92.83000,94.14000,1151900
1570455000,93.85000,94.11000,93.51000,93.86000,851400
1570541400,93.84000,93.91000,92.86000,93.00000,1445700
1570627800,93.14000,93.74000,92.97000,93.36000,847500
1570714200,93.29000,93.49000,92.54000,93.05000,1179200
1570800600,92.85000,92.98000,91.93000,92.22000,1311700
1571059800,92.34000,92.34000,91.22000,91.25000,1017500
1571146200,91.19000,91.57000,90.63000,90.74000,1521400
1571232600,90.59000,90.93000,90.26000,90.84000,1295000
1571319000,90.85000,91.52000,90.81000,91.30000,1096100
1571405400,91.17000,91.63000,90.73000,91.49000,1135200
1571664600,91.65000,92.74000,91.50000,92.68000,2118000
1571751000,92.68000,93.34000,92.40000,93.28000,1183200
1571837400,93.36000,94.07000,93.05000,93.70000,1465000
1571923800,93.89000,94.42000,93.51000,94.29000,1028900
1572010200,94.86000,94.93000,92.90000,93.32000,1299500
1572269400,92.92000,93.22000,91.08000,91.09000,1778700
1572355800,90.93000,91.53000,90.66000,91.42000,1307400
1572442200,91.48000,92.04000,90.96000,91.66000,1207800
1572528600,91.73000,92.29000,91.37000,92.22000,2296800
1572615000,92.24000,92.41000,90.95000,91.12000,1607000
1572877800,90.82000,91.06000,89.57000,89.92000,2359800
1572964200,89.10000,89.29000,87.52000,88.32000,2829800
1573050600,88.64000,89.18000,88.08000,88.62000,1824100
1573137000,87.92000,88.15000,86.59000,87.22000,2322500
1573223400,87.20000,87.92000,86.93000,87.92000,1400200
1573482600,87.91000,88.00000,87.34000,87.50000,1211400
1573569000,86.93000,87.12000,86.10000,86.42000,1425300
1573655400,86.94000,87.79000,86.76000,87.50000,1990600
1573741800,86.50000,87.45000,86.45000,87.24000,1698000
1573828200,87.30000,87.74000,87.16000,87.73000,1127100
1574087400,87.99000,88.66000,87.29000,87.47000,1137100
1574173800,87.20000,87.25000,86.30000,86.88000,1860700
1574260200,87.19000,87.50000,86.55000,87.31000,1377800
1574346600,86.50000,87.03000,86.32000,86.82000,1441600
1574433000,86.67000,86.95000,85.69000,86.19000,1874700
1574692200,86.10000,86.40000,85.67000,86.04000,1110700
1574778600,86.09000,86.50000,85.86000,86.44000,2063300
1574865000,86.46000,86.88000,86.30000,86.73000,1007700
1575037800,87.09000,87.78000,86.63000,86.89000,747300
1575297000,86.50000,86.64000,85.47000,85.55000,1329300
1575383400,85.90000,86.49000,85.60000,86.29000,1535600
1575469800,85.94000,86.92000,85.94000,86.78000,1356800
1575556200,86.60000,86.76000,86.25000,86.69000,1072900
1575642600,86.54000,87.19000,86.47000,86.79000,1007800
1575901800,86.80000,86.82000,86.32000,86.56000,1458600
1575988200,86.65000,87.19000,86.43000,86.80000,1517500
1576074600,87.00000,87.65000,86.82000,87.59000,1817600
1576161000,87.42000,87.86000,87.02000,87.52000,1838100
1576247400,87.21000,88.10000,86.92000,87.83000,2174800
1576506600,88.05000,88.36000,87.49000,88.23000,2829900
1576593000,88.32000,89.41000,88.19000,88.53000,1681000
1576679400,88.94000,89.23000,88.46000,89.00000,1810200
1576765800,89.07000,89.75000,88.94000,89.70000,2234300
1576852200,90.14000,91.14000,89.78000,90.63000,3551200
1577111400,90.84000,91.10000,89.42000,89.78000,1345700
1577197800,89.75000,89.82000,89.24000,89.67000,350700
1577370600,89.74000,89.82000,89.16000,89.65000,717500
1577457000,89.66000,89.99000,89.51000,89.94000,836600
1577716200,89.70000,90.19000,89.55000,90.19000,1264100
1577802600,90.19000,90.49000,89.82000,90.47000,1153600
1577975400,90.55000,90.65000,88.47000,88.86000,1335100
1578061800,88.56000,89.23000,88.46000,88.63000,1379600
1578321000,88.67000,89.06000,88.10000,88.34000,1395300
1578407400,88.00000,88.58000,87.18000,87.67000,1897700
1578493800,87.08000,87.38000,86.69000,86.97000,2255000
1578580200,86.82000,87.25000,86.71000,86.88000,1523200
1578666600,87.10000,87.75000,87.07000,87.49000,1453400
1578925800,87.47000,88.19000,87.29000,87.79000,1351800
1579012200,87.83000,88.06000,87.13000,87.78000,2134500
1579098600,88.06000,89.20000,87.95000,88.96000,1944200
1579185000,89.08000,89.32000,88.96000,89.17000,1707100
1579271400,89.17000,90.42000,88.93000,90.24000,2538400
1579617000,90.37000,90.87000,89.88000,90.83000,2140900
1579703400,91.20000,91.60000,91.01000,91.16000,1581700
1579789800,91.20000,92.79000,91.20000,92.77000,1741900
1579876200,92.56000,93.72000,92.52000,93.61000,1455900
1580135400,93.71000,94.16000,93.13000,93.41000,1999400
1580221800,93.47000,94.68000,93.47000,94.18000,1496500
1580308200,94.07000,94.62000,93.55000,94.44000,1640800
1580394600,94.50000,94.93000,93.91000,94.74000,1429700
1580481000,94.64000,95.10000,93.55000,94.00000,3781500
1580740200,94.16000,94.32000,93.34000,93.85000,1434400
1580826600,93.73000,94.06000,92.50000,92.54000,1631900
1580913000,92.40000,93.49000,92.18000,93.40000,1270800
1580999400,93.57000,93.96000,93.23000,93.47000,1212700
1581085800,93.78000,93.96000,92.78000,92.78000,1098300
1581345000,92.81000,93.09000,92.29000,93.08000,1029900
1581431400,93.29000,93.62000,93.01000,93.18000,1141700
1581517800,92.79000,93.15000,92.45000,92.87000,1552200
1581604200,92.80000,93.74000,92.23000,93.64000,1244300
1581690600,93.92000,94.48000,93.75000,94.30000,1249200
1582036200,93.72000,94.58000,93.63000,94.35000,2172700
1582122600,94.27000,94.58000,93.74000,93.88000,1029900
1582209000,93.87000,94.65000,93.63000,94.58000,1319000
1582295400,91.21000,91.68000,89.27000,90.18000,3976900
1582554600,89.46000,90.13000,88.60000,88.89000,2393400
1582641000,89.20000,89.40000,88.02000,88.25000,2328700
1582727400,88.43000,89.15000,87.67000,87.69000,2455200
1582813800,87.35000,87.89000,83.17000,83.19000,2752600
1582900200,81.26000,81.28000,77.80000,78.82000,5357400
1583159400,79.59000,84.82000,79.28000,84.53000,3615400
1583245800,84.39000,86.43000,83.57000,83.84000,3129700
1583332200,84.81000,88.34000,84.81000,88.01000,2415100
1583418600,86.65000,88.08000,86.07000,87.58000,2282900
1583505000,85.29000,88.50000,85.16000,87.90000,4705400
1583760600,85.55000,89.93000,83.52000,88.66000,5398100
1583847000,89.41000,91.53000,87.40000,89.40000,4040400
1583933400,87.57000,88.00000,84.69000,86.50000,4162800
1584019800,80.63000,86.01000,78.43000,83.79000,6073000
1584106200,86.34000,89.16000,84.02000,88.07000,5699300
1584365400,82.65000,86.64000,78.82000,79.55000,5037300
1584451800,81.42000,94.63000,81.42000,93.88000,5432000
1584538200,88.91000,93.88000,86.43000,92.20000,4117600
1584624600,92.56000,92.56000,79.56000,80.09000,5082100
1584711000,81.24000,81.50000,71.07000,72.59000,4902400
1584970200,72.50000,72.69000,62.03000,65.35000,5017900
1585056600,67.50000,71.21000,64.58000,70.51000,3372200
1585143000,69.35000,74.46000,67.80000,70.93000,3122100
1585229400,70.62000,76.73000,70.20000,75.92000,2771000
1585315800,74.26000,79.72000,74.01000,77.90000,2291500
1585575000,79.72000,81.09000,78.04000,80.73000,2557200
1585661400,79.75000,80.00000,77.34000,78.00000,3389300
1585747800,75.71000,78.44000,75.25000,77.61000,6352500
1585834200,76.00000,79.63000,76.00000,78.93000,3021800
1585920600,78.22000,78.93000,76.99000,77.90000,3904500
1586179800,80.71000,83.00000,79.57000,81.05000,2608100
1586266200,82.94000,83.22000,79.65000,79.92000,2173300
1586352600,80.56000,84.74000,79.52000,83.83000,1974700
1586439000,83.89000,89.37000,83.86000,87.94000,2111900
1586784600,86.18000,87.15000,84.07000,84.84000,1095900
1586871000,87.01000,89.49000,86.08000,89.30000,1814000
1586957400,87.99000,88.08000,86.10000,86.97000,1425700
1587043800,87.68000,89.31000,87.36000,88.41000,1594500
1587130200,89.53000,90.00000,87.65000,89.56000,1211900
1587389400,88.96000,89.43000,85.33000,85.47000,1551000
1587475800,84.47000,85.00000,82.71000,83.49000,2118100
1587562200,84.73000,85.05000,83.54000,84.12000,1497200
1587648600,84.12000,84.79000,81.56000,81.78000,1868100
1587735000,82.19000,82.85000,80.91000,82.64000,1748600
1587994200,82.86000,83.45000,82.52000,82.67000,1518300
1588080600,83.88000,85.03000,82.71000,83.10000,1687100
1588167000,85.95000,85.95000,81.10000,81.28000,2020400
1588253400,80.69000,80.82000,78.22000,78.80000,3129500
1588339800,78.35000,78.44000,76.64000,77.25000,1786000
1588599000,76.82000,77.37000,75.77000,77.06000,1756000
1588685400,77.17000,78.57000,76.71000,77.54000,1627100
1588771800,77.54000,78.00000,74.20000,74.38000,2274400
1588858200,75.04000,75.66000,73.91000,74.07000,2339800
1588944600,74.90000,74.94000,72.88000,74.18000,2324500
1589203800,73.78000,74.14000,72.21000,72.64000,2294500
1589290200,71.88000,72.15000,70.76000,71.59000,2524800
1589376600,71.24000,71.55000,69.85000,71.46000,2130200
1589463000,70.87000,72.18000,69.25000,71.64000,2131700
1589549400,71.17000,71.24000,69.16000,70.36000,3950400
1589808600,72.01000,73.78000,71.42000,73.11000,2247900
1589895000,72.62000,73.09000,70.86000,70.88000,1809100
1589981400,71.33000,72.37000,70.39000,70.74000,1714200
1590067800,70.44000,71.16000,69.68000,69.92000,1317900
1590154200,69.86000,70.31000,69.45000,70.18000,1397000
1590499800,71.01000,72.34000,70.82000,71.19000,2232100
1590586200,72.08000,72.55000,70.56000,71.25000,1615800
1590672600,72.27000,73.28000,72.07000,73.15000,1567400
1590759000,72.86000,75.21000,72.45000,75.06000,3220700
1591018200,74.97000,75.71000,73.93000,75.07000,1612100
1591104600,75.43000,75.52000,73.99000,74.82000,1418100
1591191000,75.20000,76.29000,75.00000,75.67000,1512400
1591277400,75.23000,75.61000,73.85000,74.83000,1676100
1591363800,75.30000,76.21000,74.96000,75.33000,1916800
1591623000,75.40000,77.77000,75.10000,77.71000,1914900
1591709400,77.25000,77.34000,75.87000,76.70000,1867900
1591795800,76.50000,77.67000,76.50000,76.95000,1784200
1591882200,75.77000,75.99000,73.81000,74.67000,2175700
1591968600,76.07000,76.40000,74.27000,75.38000,2456700
1592227800,74.37000,76.80000,73.85000,75.60000,2742500
1592314200,77.02000,78.17000,75.94000,76.37000,1880300
1592400600,76.62000,76.68000,74.81000,75.29000,1933900
1592487000,74.98000,75.97000,74.51000,74.87000,1406600
1592573400,75.92000,75.92000,71.44000,71.44000,4629900
1592832600,71.44000,72.68000,70.86000,71.42000,2184300
1592919000,72.12000,72.32000,70.70000,70.94000,1395200
1593005400,70.32000,72.01000,69.91000,71.53000,2436900
1593091800,71.26000,71.38000,69.81000,70.62000,2435600
1593178200,70.64000,71.98000,70.46000,71.28000,3422600
1593437400,71.76000,72.70000,70.69000,72.70000,1594000
1593523800,72.61000,72.98000,71.01000,71.93000,2206200
1593610200,71.93000,73.42000,71.82000,73.10000,1692100
1593696600,73.10000,74.36000,73.01000,73.81000,1430400
1594042200,74.47000,75.12000,72.50000,73.10000,1520800
1594128600,72.21000,72.76000,72.12000,72.50000,1775800
1594215000,72.67000,72.88000,71.84000,72.43000,1455100
1594301400,71.99000,72.10000,70.01000,71.71000,1698600
1594387800,71.71000,72.70000,71.46000,72.48000,1746100
1594647000,72.49000,72.78000,71.69000,72.16000,1868300
1594733400,72.19000,73.26000,71.61000,72.17000,2122900
1594819800,72.31000,72.90000,71.38000,71.51000,2357500
1594906200,71.68000,72.29000,71.46000,71.84000,1158000
1594992600,72.03000,74.12000,72.03000,74.07000,1742300
1595251800,73.62000,73.85000,72.88000,73.26000,1455000
1595338200,73.02000,74.98000,72.89000,74.28000,2174700
1595424600,74.03000,76.18000,73.55000,75.76000,1714700
1595511000,75.77000,76.77000,75.54000,76.25000,1574700
1595597400,76.62000,77.65000,75.26000,75.58000,1619200
1595856600,75.38000,75.39000,74.09000,74.76000,1731900
1595943000,74.43000,76.67000,74.43000,76.36000,1520600
1596029400,76.28000,76.90000,75.50000,76.70000,1515700
1596115800,76.11000,77.14000,75.87000,76.94000,2133000
1596202200,76.56000,77.11000,75.85000,76.83000,4369300
1596461400,76.55000,76.65000,75.24000,75.91000,1645800
1596547800,75.75000,76.69000,75.66000,75.90000,2008500
1596634200,75.59000,75.95000,73.50000,73.66000,2035900
1596720600,73.89000,74.12000,73.15000,73.92000,1579600
1596807000,73.25000,75.80000,73.22000,75.11000,1633800
1597066200,75.94000,76.34000,75.20000,75.38000,1505800
1597152600,75.00000,75.41000,73.12000,73.26000,1970600
1597239000,73.51000,74.89000,73.44000,74.26000,1370100
1597325400,73.85000,74.03000,72.99000,73.77000,1566400
1597411800,73.35000,74.09000,72.79000,73.53000,1641600
1597671000,73.81000,75.02000,73.40000,74.41000,2529200
1597757400,73.65000,73.95000,73.11000,73.35000,1548700
1597843800,73.35000,73.89000,72.90000,73.44000,1742300
1597930200,73.10000,73.72000,72.32000,72.40000,2444100
1598016600,72.67000,72.70000,71.18000,72.20000,3823700
1598275800,72.32000,74.33000,71.85000,74.32000,2326500
1598362200,74.36000,74.48000,72.69000,73.01000,2057000
1598448600,72.45000,72.45000,70.31000,70.78000,2667500
1598535000,71.00000,71.79000,70.55000,71.07000,1808700
1598621400,71.26000,71.26000,70.10000,70.92000,1479900
1598880600,70.61000,71.45000,70.59000,71.34000,2461900
1598967000,70.88000,71.00000,69.37000,69.65000,1867700
1599053400,69.56000,72.41000,69.30000,72.23000,2391800
1599139800,72.61000,73.57000,71.78000,72.40000,3609400
1599226200,72.86000,73.51000,71.90000,73.04000,3121300
1599571800,72.99000,73.44000,72.08000,72.80000,3104400
1599658200,73.34000,74.55000,72.86000,72.91000,1970100
1599744600,72.63000,74.25000,71.68000,72.77000,8656400
1599831000,72.68000,73.04000,72.11000,72.74000,2176200
1600090200,73.44000,74.48000,72.82000,74.22000,2308900
1600176600,74.74000,75.59000,73.96000,74.47000,2637300
1600263000,74.30000,76.34000,74.00000,75.68000,3961200
1600349400,75.27000,76.55000,74.61000,75.93000,3690400
1600435800,75.38000,75.92000,73.64000,73.88000,4431900
1600695000,73.33000,73.72000,71.73000,72.84000,3213100
1600781400,72.64000,74.19000,72.48000,73.70000,2868200
1600867800,73.74000,73.96000,73.21000,73.32000,2228600
1600954200,73.37000,74.16000,72.55000,73.93000,1878100
1601040600,73.49000,75.88000,73.47000,75.77000,1561400
1601299800,75.98000,77.16000,75.51000,76.32000,1657600
1601386200,76.73000,77.70000,76.25000,76.98000,1608500
1601472600,77.45000,78.06000,77.16000,77.80000,1773100
1601559000,78.05000,79.08000,77.74000,79.04000,1562300
1601645400,78.53000,80.21000,78.26000,79.77000,1718900
1601904600,79.60000,80.33000,79.11000,79.93000,1357800
1601991000,80.06000,81.22000,79.46000,80.76000,1530700
1602077400,81.09000,81.23000,79.84000,80.83000,1335900
1602163800,81.25000,82.35000,80.89000,82.27000,1211900
1602250200,82.39000,82.92000,81.52000,82.55000,1170200
1602509400,82.45000,83.13000,82.40000,82.89000,946400
1602595800,82.10000,82.63000,80.84000,82.32000,1213400
1602682200,82.40000,82.70000,81.53000,82.24000,1074900
1602768600,81.15000,82.26000,80.89000,81.74000,1286500
1602855000,81.70000,82.71000,81.31000,81.70000,2205200
1603114200,81.69000,82.34000,80.52000,80.79000,2936200
1603200600,80.00000,81.29000,79.82000,80.60000,1627600
1603287000,80.37000,81.00000,79.90000,80.33000,1487000
1603373400,80.57000,81.61000,80.00000,81.44000,1509500
1603459800,81.97000,82.09000,81.23000,81.60000,1473600
1603719000,81.23000,82.89000,80.94000,82.74000,1342100
1603805400,82.95000,83.92000,82.22000,83.05000,1553300
1603891800,82.05000,82.94000,79.96000,80.16000,1778800
1603978200,79.98000,80.75000,78.86000,79.77000,1599300
1604064600,79.37000,79.82000,77.64000,78.49000,2353700
1604327400,79.39000,80.08000,78.13000,79.78000,2603500
1604413800,80.59000,82.06000,80.38000,81.32000,1722200
1604500200,81.32000,82.28000,79.54000,79.56000,1437700
1604586600,80.36000,81.56000,79.44000,79.73000,1659700
1604673000,79.30000,79.97000,77.28000,77.80000,2928800
1604932200,80.28000,81.66000,78.85000,79.28000,2248800
1605018600,79.74000,82.28000,79.35000,82.08000,3040300
1605105000,82.35000,82.73000,81.41000,81.72000,2693000
1605191400,81.45000,81.71000,79.51000,80.51000,2077800
1605277800,80.91000,81.75000,80.50000,81.63000,1712200
1605537000,82.49000,82.75000,81.92000,82.71000,2330100
1605623400,81.83000,82.20000,79.19000,79.25000,3695700
1605709800,79.50000,79.66000,77.55000,77.69000,2034800
1605796200,77.64000,77.64000,76.48000,77.10000,1722900
1605882600,77.43000,77.66000,76.70000,77.39000,4305000
1606141800,77.58000,78.05000,77.01000,77.57000,1814500
1606228200,78.07000,78.90000,77.63000,78.38000,1869400
1606314600,78.42000,78.72000,77.43000,78.66000,1631500
1606487400,78.51000,78.59000,77.51000,77.77000,722100
1606746600,77.50000,77.77000,75.92000,76.25000,2605200
1606833000,76.66000,77.50000,76.35000,76.91000,2241600
1606919400,75.84000,77.08000,75.35000,77.03000,3485600
1607005800,76.79000,76.79000,75.40000,75.91000,1946900
1607092200,75.83000,76.54000,75.01000,75.31000,3239600
1607351400,75.17000,75.66000,74.60000,74.84000,3177100
1607437800,74.55000,75.29000,74.12000,74.56000,2623600
1607524200,74.52000,74.91000,73.55000,74.24000,2905600
1607610600,74.23000,74.50000,73.06000,73.35000,3525800
1607697000,72.96000,74.11000,72.89000,73.16000,4566000
1607956200,73.65000,74.27000,72.31000,72.41000,4119300
1608042600,72.79000,73.57000,72.37000,73.00000,3451100
1608129000,73.06000,73.49000,71.55000,71.75000,3596100
1608215400,72.10000,72.86000,71.60000,71.62000,2229500
1608301800,71.86000,72.49000,70.68000,71.15000,6443800
1608561000,70.68000,70.95000,69.28000,69.95000,4621900
1608647400,69.87000,69.87000,69.29000,69.65000,2362600
1608733800,70.01000,71.25000,69.89000,70.07000,2829400
1608820200,70.23000,70.46000,69.65000,70.44000,843500
1609165800,70.71000,71.59000,70.60000,71.26000,2107200
1609252200,71.55000,71.81000,70.59000,70.76000,1472100
1609338600,70.77000,71.25000,70.59000,71.02000,1509600
1609425000,70.88000,72.32000,70.76000,72.27000,2081400
1609770600,72.27000,72.36000,70.22000,70.66000,2488700
1609857000,70.70000,70.94000,69.61000,69.87000,2192600
1609943400,70.00000,71.67000,69.91000,71.36000,2417200
1610029800,71.30000,71.49000,69.82000,69.91000,3066400
1610116200,70.40000,70.40000,69.52000,69.93000,2504100
1610375400,69.70000,70.10000,68.25000,68.73000,2773100
1610461800,68.43000,68.65000,66.92000,67.92000,2766500
1610548200,68.12000,69.74000,68.00000,69.61000,1930600
1610634600,69.87000,69.95000,68.35000,68.46000,4223300
1610721000,68.26000,69.67000,68.04000,69.60000,2139600
1611066600,69.82000,69.91000,68.94000,69.48000,2555000
1611153000,68.98000,70.18000,68.87000,69.94000,2784100
1611239400,69.04000,69.90000,68.94000,69.15000,2241600
1611325800,68.41000,69.09000,67.86000,68.83000,2364900
1611585000,68.70000,70.68000,68.63000,70.64000,3095400
1611671400,70.60000,70.64000,69.72000,70.28000,2261000
1611757800,69.92000,73.09000,69.72000,71.54000,5693800
1611844200,71.31000,72.00000,70.04000,70.21000,3986200
1611930600,70.07000,71.42000,69.52000,70.78000,6527600
1612189800,70.78000,71.58000,69.52000,70.75000,2429300
1612276200,70.90000,72.04000,70.20000,70.26000,2185700
1612362600,70.02000,70.86000,70.00000,70.51000,1767200
1612449000,70.60000,71.00000,70.03000,70.59000,2390900
1612535400,71.02000,71.85000,70.62000,71.50000,1642300
1612794600,71.78000,71.96000,71.03000,71.28000,1817600
1612881000,71.52000,71.64000,70.47000,71.35000,1447600
1612967400,71.80000,72.32000,71.38000,72.31000,1412600
1613053800,72.31000,72.42000,71.66000,71.82000,1792000
1613140200,71.87000,72.09000,70.70000,71.06000,1595700
1613485800,70.26000,70.49000,69.40000,70.05000,2264400
1613572200,70.16000,70.52000,69.69000,70.16000,1473800
1613658600,70.00000,70.45000,69.81000,70.02000,3041900
1613745000,69.51000,69.64000,67.94000,68.18000,4358700
1614004200,67.75000,68.08000,66.63000,67.97000,3936900
1614090600,68.57000,68.70000,67.31000,67.67000,3356800
1614177000,67.74000,67.90000,66.59000,66.65000,3339500
1614263400,66.70000,67.35000,66.61000,67.15000,2200300
1614349800,67.19000,67.62000,65.56000,65.65000,4072600
1614609000,66.13000,67.60000,66.06000,67.04000,4424300
1614695400,67.13000,67.65000,66.31000,67.08000,2253900
1614781800,66.83000,67.62000,66.40000,67.43000,1999300
1614868200,67.50000,69.03000,66.79000,66.96000,2850100
1614954600,67.36000,68.67000,66.82000,68.30000,3702700
1615213800,68.82000,70.05000,68.33000,69.50000,2990200
1615300200,69.10000,69.97000,68.86000,69.69000,3908500
1615386600,69.82000,71.02000,69.44000,70.37000,3268500
1615473000,69.93000,70.56000,69.57000,69.82000,3595300
1615559400,70.38000,71.37000,70.18000,70.94000,2896500
1615815000,71.26000,72.22000,71.23000,71.82000,3187400
1615901400,71.30000,72.31000,71.22000,72.08000,2775400
1615987800,72.32000,72.93000,71.73000,71.79000,4615300
1616074200,71.92000,72.82000,71.54000,72.22000,3839500
1616160600,72.58000,72.87000,71.68000,72.30000,5562600
1616419800,71.81000,72.25000,71.41000,72.05000,3343500
1616506200,71.94000,73.40000,71.89000,73.24000,3325200
1616592600,72.76000,73.94000,72.56000,73.43000,2049100
1616679000,73.93000,74.74000,73.35000,74.27000,2039500
1616765400,73.90000,74.50000,73.45000,74.44000,1649200
1617024600,74.44000,76.05000,74.26000,75.45000,1724500
1617111000,75.25000,75.28000,73.94000,74.38000,1594900
1617197400,74.12000,74.94000,74.10000,74.80000,3505800
1617283800,74.51000,74.74000,73.82000,74.29000,2038200
1617629400,74.40000,75.54000,74.36000,75.28000,1818000
1617715800,74.99000,75.69000,74.75000,75.69000,1255100
1617802200,75.76000,76.07000,74.94000,75.31000,1487800
1617888600,75.65000,75.71000,75.03000,75.12000,1855500
1617975000,75.00000,75.60000,75.00000,75.17000,1680400
1618234200,75.35000,76.00000,75.12000,75.32000,1454700
1618320600,75.01000,76.06000,74.82000,75.87000,1855100
1618407000,75.57000,76.18000,75.32000,76.16000,1408600
1618493400,75.96000,77.24000,75.96000,77.19000,3009200
1618579800,77.47000,78.48000,77.38000,78.21000,2229700
1618839000,78.48000,78.57000,77.64000,78.35000,1716700
1618925400,78.50000,79.80000,78.35000,79.35000,2589900
1619011800,79.49000,79.75000,78.27000,78.36000,1860800
1619098200,78.18000,78.43000,77.72000,78.11000,1490700
1619184600,78.10000,78.28000,77.39000,77.45000,1349500
1619443800,77.45000,77.63000,76.65000,76.87000,1547000
1619530200,76.90000,76.94000,76.12000,76.19000,1592900
1619616600,76.52000,76.68000,75.82000,76.21000,1374400
1619703000,76.08000,76.99000,76.08000,76.71000,3188100
1619789400,77.05000,77.43000,76.25000,77.41000,1962000
1620048600,77.50000,78.67000,77.35000,77.75000,1517500
1620135000,77.92000,78.63000,77.57000,78.12000,1526100
1620221400,78.00000,78.33000,76.09000,76.89000,1928500
1620307800,77.20000,77.99000,76.57000,77.86000,1793600
1620394200,78.12000,80.13000,78.09000,78.09000,2656200
1620653400,78.40000,80.43000,78.40000,79.85000,2391100
1620739800,80.08000,80.34000,78.56000,79.34000,1954700
1620826200,79.49000,79.54000,77.76000,77.90000,2054400
1620912600,77.63000,79.82000,77.63000,79.28000,2065600
1620999000,79.61000,80.10000,78.87000,78.97000,1535500
1621258200,79.08000,79.91000,78.72000,78.73000,2743800
1621344600,77.88000,78.10000,77.24000,77.74000,2344100
1621431000,77.69000,78.06000,77.12000,77.98000,2783400
1621517400,78.13000,79.34000,78.13000,78.42000,1810800
1621603800,78.48000,79.08000,78.35000,78.96000,3270200
1621863000,79.17000,79.35000,78.32000,78.38000,1344300
1621949400,78.28000,78.43000,77.29000,77.81000,1090700
1622035800,77.66000,78.23000,77.56000,78.00000,1466100
1622122200,78.00000,78.07000,76.51000,76.87000,2866800
1622208600,77.19000,77.49000,76.98000,77.24000,1629000
1622554200,77.46000,77.49000,76.40000,76.43000,1745700
1622640600,76.51000,77.45000,76.28000,76.79000,2678900
1622727000,76.61000,77.44000,76.46000,77.26000,3276900
1622813400,77.55000,77.78000,77.22000,77.24000,1418900
1623072600,77.41000,77.55000,77.14000,77.31000,960000
1623159000,77.26000,77.39000,76.21000,76.29000,1497500
1623245400,76.54000,76.94000,76.31000,76.88000,1229300
1623331800,76.88000,77.25000,76.59000,77.04000,1217400
1623418200,77.00000,77.33000,76.68000,77.23000,1297900
1623677400,77.19000,77.83000,76.95000,77.75000,1451500
1623763800,77.75000,78.49000,77.30000,77.75000,1991400
1623850200,77.17000,77.61000,76.14000,76.22000,2930100
1623936600,76.28000,76.67000,75.99000,76.28000,2658000
1624023000,76.05000,76.05000,74.38000,74.49000,3831300
1624282200,74.62000,75.34000,74.41000,75.19000,2609300
1624368600,75.07000,75.38000,74.40000,74.46000,2235100
1624455000,74.33000,74.49000,73.04000,73.47000,2169000
1624541400,73.46000,73.62000,73.06000,73.43000,1611000
1624627800,73.37000,73.95000,73.27000,73.87000,2076200
1624887000,73.87000,74.33000,73.59000,73.82000,2285300
1624973400,73.50000,73.68000,71.86000,72.05000,2552400
1625059800,72.10000,72.25000,71.55000,71.72000,2270400
1625146200,71.87000,72.73000,71.17000,72.54000,2297400
1625232600,72.56000,72.66000,72.20000,72.47000,1117000
1625578200,72.38000,72.98000,71.57000,72.94000,1940800
1625664600,72.73000,73.35000,72.40000,73.34000,1805200
1625751000,73.35000,74.15000,73.04000,73.36000,2445200
1625837400,73.60000,73.83000,72.77000,73.30000,1932000
1626096600,73.23000,73.65000,72.85000,73.36000,1154300
1626183000,73.28000,73.54000,72.50000,72.63000,1992400
1626269400,72.46000,73.42000,72.07000,73.19000,2206600
1626355800,73.18000,74.38000,73.01000,74.36000,2135500
1626442200,74.50000,75.26000,74.25000,74.93000,2100100
1626701400,74.83000,75.65000,72.93000,73.77000,2450200
1626787800,72.63000,74.63000,72.62000,73.57000,3083100
1626874200,73.61000,73.93000,72.71000,72.78000,1601300
1626960600,72.85000,73.27000,72.44000,73.04000,1754300
1627047000,73.23000,74.21000,73.10000,74.18000,1403100
1627306200,74.24000,74.51000,73.63000,73.96000,1477600
1627392600,73.87000,75.70000,73.43000,75.53000,1625500
1627479000,75.51000,75.60000,74.01000,74.59000,1513200
1627565400,74.57000,74.80000,74.04000,74.52000,1381500
1627651800,74.68000,75.32000,73.46000,73.77000,4354200
1627911000,73.97000,74.77000,73.94000,74.50000,1495600
1627997400,74.50000,75.46000,74.20000,74.85000,1439900
1628083800,74.52000,74.94000,73.93000,74.87000,1862900
1628170200,74.71000,75.32000,74.19000,75.32000,1740000
1628256600,75.30000,76.31000,74.36000,75.52000,2218200
1628515800,75.79000,76.10000,75.36000,76.07000,1386300
1628602200,76.20000,76.76000,75.74000,76.40000,1938500
1628688600,76.54000,77.33000,76.47000,77.12000,1522200
1628775000,77.28000,77.85000,77.03000,77.25000,2388600
1628861400,77.33000,78.01000,77.07000,77.74000,1448600
1629120600,77.92000,78.76000,77.62000,78.25000,2077600
1629207000,77.45000,77.57000,76.36000,77.24000,1737700
1629293400,77.24000,77.38000,76.26000,76.60000,1710200
1629379800,76.76000,77.57000,76.56000,76.69000,1558600
1629466200,76.52000,77.25000,76.07000,76.95000,1834000
1629725400,76.95000,76.95000,75.62000,75.79000,1655700
1629811800,75.72000,75.75000,74.73000,75.02000,1575400
1629898200,74.95000,75.53000,74.47000,75.27000,1674300
1629984600,75.00000,75.36000,74.66000,75.22000,1592600
1630071000,75.34000,75.69000,75.09000,75.64000,1547700
1630330200,75.72000,76.03000,75.50000,75.70000,1938000
1630416600,75.66000,76.11000,75.24000,75.45000,3234400
1630503000,75.51000,76.65000,75.46000,76.44000,2834200
1630589400,76.66000,77.13000,76.62000,77.13000,1483300
1630675800,77.13000,77.19000,76.28000,76.30000,1948000
1631021400,76.33000,76.46000,74.82000,74.88000,1828800
1631107800,74.96000,77.05000,74.77000,76.92000,2427400
1631194200,76.80000,76.94000,76.30000,76.38000,1925700
1631280600,76.08000,76.27000,74.66000,74.69000,2146200
1631539800,75.35000,75.73000,74.20000,74.41000,2416200
1631626200,74.69000,74.87000,73.95000,74.19000,2048400
1631712600,73.98000,74.88000,73.85000,73.99000,2766000
1631799000,74.08000,74.49000,73.59000,73.66000,1979900
1631885400,73.11000,73.94000,72.93000,73.07000,7274000
1632144600,73.09000,74.37000,72.81000,73.31000,2743200
1632231000,73.25000,74.01000,72.96000,73.05000,1570500
1632317400,73.25000,73.70000,72.67000,73.25000,1865800
1632403800,73.20000,73.89000,72.99000,73.11000,1606400
1632490200,72.97000,73.70000,72.91000,73.00000,1734600
1632749400,73.29000,74.17000,72.47000,72.53000,1871300
1632835800,72.73000,72.90000,71.86000,72.16000,2258800
1632922200,72.08000,74.03000,72.08000,73.45000,1499300
1633008600,73.38000,73.67000,72.59000,72.59000,2752100
1633095000,73.29000,73.29000,71.54000,71.60000,2237400
1633354200,71.55000,73.48000,71.52000,73.22000,2150500
1633440600,73.30000,73.49000,72.71000,73.04000,2160500
1633527000,72.92000,74.66000,72.70000,74.61000,2696000
1633613400,74.70000,75.30000,74.22000,74.38000,1624600
1633699800,74.22000,74.32000,73.41000,73.47000,1788500
1633959000,75.68000,76.55000,73.91000,73.92000,7765700
1634045400,73.94000,76.09000,73.75000,75.69000,4354400
1634131800,75.58000,76.38000,75.40000,76.05000,3608800
1634218200,76.01000,76.41000,75.59000,75.67000,3854100
1634304600,75.60000,75.75000,74.27000,74.47000,16582100
1634563800,72.99000,73.32000,72.05000,72.89000,6172200
1634650200,73.35000,73.76000,72.89000,73.73000,1986600
1634736600,74.00000,75.61000,73.84000,75.51000,2198600
1634823000,75.63000,75.83000,75.05000,75.44000,1519600
1634909400,75.73000,76.33000,75.62000,76.09000,1248900
1635168600,75.90000,76.28000,75.50000,75.88000,1637500
1635255000,75.88000,76.79000,75.75000,76.28000,1625200
1635341400,76.63000,76.63000,75.72000,75.99000,1581700
1635427800,76.12000,76.51000,75.84000,76.29000,1320000
1635514200,76.29000,76.59000,75.17000,75.40000,2475800
1635773400,75.40000,76.67000,75.13000,76.11000,1659800
1635859800,76.19000,76.70000,75.40000,76.44000,1976500
1635946200,76.16000,77.22000,75.94000,76.98000,2173500
1636032600,76.87000,77.30000,75.52000,76.28000,2128100
1636119000,77.29000,78.79000,77.29000,78.21000,3651700
1636381800,78.00000,78.05000,76.75000,77.05000,2418800
1636468200,77.30000,78.02000,77.22000,77.83000,1688300
1636554600,78.00000,78.64000,77.29000,77.96000,2345300
1636641000,77.68000,77.88000,76.99000,77.58000,1566800
1636727400,77.61000,77.61000,77.02000,77.15000,3386200
1636986600,77.70000,78.81000,77.45000,78.77000,1880400
1637073000,78.08000,78.47000,77.50000,77.52000,1560000
1637159400,77.38000,77.65000,76.85000,77.50000,1603500
1637245800,77.30000,77.77000,76.42000,77.66000,1739900
1637332200,77.74000,78.43000,77.66000,78.03000,1841000
1637591400,77.91000,79.37000,77.60000,78.57000,1899300
1637677800,78.68000,79.59000,78.55000,79.17000,1552300
1637764200,79.35000,79.56000,78.84000,79.22000,1295500
1637937000,78.84000,79.89000,78.62000,78.67000,1337400
1638196200,79.03000,80.50000,78.62000,80.35000,3064700
1638282600,79.65000,79.92000,77.64000,77.64000,5229000
1638369000,78.00000,79.57000,77.50000,77.94000,1775200
1638455400,78.34000,79.38000,78.17000,78.69000,1830200
1638541800,79.05000,80.56000,78.71000,80.53000,2618700
1638801000,81.00000,82.04000,80.83000,81.35000,2842800
1638887400,81.06000,81.71000,80.73000,81.56000,2061700
1638973800,81.74000,82.22000,81.04000,81.53000,1439400
1639060200,81.69000,81.94000,80.45000,81.68000,4671600
1639146600,81.92000,82.79000,81.56000,82.61000,1526200
1639405800,82.52000,83.98000,82.40000,83.47000,3965300
1639492200,83.59000,83.94000,82.91000,83.17000,1532200
1639578600,83.23000,84.65000,83.11000,84.52000,2603500
1639665000,84.25000,85.22000,83.62000,84.69000,1932100
1639751400,84.76000,85.13000,83.65000,83.82000,4627100
1640010600,83.23000,84.25000,82.66000,84.04000,1592400
1640097000,84.46000,84.63000,83.05000,83.37000,1368200
1640183400,83.35000,83.94000,83.14000,83.85000,4738800
1640269800,84.09000,84.34000,83.64000,83.77000,1313500
1640615400,83.55000,83.93000,83.31000,83.73000,974200
1640701800,83.73000,84.41000,83.61000,84.40000,786600
1640788200,84.57000,85.18000,84.27000,85.10000,1343300
1640874600,85.22000,85.39000,84.66000,85.18000,1396500
1640961000,85.04000,85.60000,84.67000,85.32000,1048000
1641220200,85.35000,85.43000,84.02000,85.13000,1450500
1641306600,84.86000,85.92000,84.69000,84.97000,2844600
1641393000,85.00000,86.25000,84.96000,85.55000,3592300
1641479400,86.05000,86.14000,84.91000,85.37000,3841800
1641565800,85.02000,86.07000,84.50000,85.67000,3727400
1641825000,85.75000,86.18000,84.49000,84.78000,3870600
1641911400,84.75000,85.09000,82.10000,83.07000,2965500
1641997800,82.66000,83.26000,82.33000,83.19000,2147400
1642084200,83.14000,84.26000,82.84000,83.94000,1584700
1642170600,84.00000,84.23000,82.93000,83.52000,2202900
1642516200,82.81000,82.94000,81.35000,81.99000,3263300
1642602600,82.10000,82.98000,81.60000,82.15000,1976400
1642689000,81.88000,82.80000,81.43000,82.04000,2727100
1642775400,82.64000,83.72000,82.28000,82.66000,4222100
1643034600,82.50000,83.34000,80.11000,81.99000,3852200
1643121000,81.34000,82.71000,81.30000,81.81000,3044400
1643207400,81.81000,82.45000,80.78000,81.38000,4293100
1643293800,82.15000,83.43000,81.90000,82.76000,2890800
1643380200,82.76000,84.74000,82.20000,84.63000,2515600
1643639400,85.00000,86.55000,84.42000,86.45000,5553800
1643725800,86.77000,87.20000,85.13000,86.05000,2343300
1643812200,85.71000,87.24000,85.53000,87.15000,1798400
1643898600,86.98000,87.67000,86.65000,86.99000,1382700
1643985000,86.21000,86.98000,85.27000,86.09000,2578800
1644244200,86.21000,86.91000,85.39000,86.60000,1759000
1644330600,86.85000,87.11000,86.19000,86.42000,1602400
1644417000,86.87000,87.18000,86.20000,86.38000,1461700
1644503400,85.65000,85.93000,83.83000,84.03000,1592100
1644589800,84.22000,84.94000,83.75000,84.26000,1671200
1644849000,84.37000,84.71000,82.11000,83.02000,1902600
1644935400,82.62000,82.89000,80.92000,81.36000,1268700
1645021800,81.25000,81.57000,80.11000,81.08000,2466800
1645108200,81.27000,81.89000,80.41000,81.45000,1939000
1645194600,81.19000,84.80000,81.12000,84.61000,3880200
1645540200,84.72000,85.29000,83.29000,84.75000,2382100
1645626600,85.01000,85.43000,84.28000,84.40000,2387200
1645713000,83.95000,84.40000,81.54000,83.31000,2479300
1645799400,84.28000,86.33000,84.00000,85.94000,1883800
1646058600,85.09000,86.13000,84.90000,85.77000,2439400
1646145000,86.24000,87.14000,84.31000,85.38000,2122200
1646231400,85.51000,87.58000,85.51000,86.91000,1728700
1646317800,87.00000,88.41000,86.97000,88.29000,1700500
1646404200,88.00000,89.90000,87.84000,89.88000,1754300
1646663400,89.92000,90.28000,88.68000,90.14000,1809100
1646749800,90.45000,90.98000,88.74000,88.75000,1546000
1646836200,89.53000,89.83000,88.16000,88.38000,1524200
1646922600,88.05000,89.70000,88.02000,89.47000,1353200
1647009000,89.31000,90.62000,89.16000,89.34000,1405900
1647264600,90.04000,90.38000,88.80000,89.52000,1443400
1647351000,90.43000,90.81000,89.75000,90.40000,1545200
1647437400,90.14000,90.34000,88.43000,89.64000,1651600
1647523800,89.77000,90.54000,89.08000,90.01000,1913800
1647610200,89.95000,90.00000,88.10000,88.70000,3430900
1647869400,89.20000,90.40000,89.15000,89.57000,1247600
1647955800,89.83000,89.87000,88.45000,89.29000,1441400
1648042200,89.51000,90.52000,88.65000,89.94000,1265100
1648128600,90.46000,91.43000,89.84000,91.41000,1462800
1648215000,91.68000,92.95000,91.50000,92.68000,1565300
1648474200,92.83000,93.13000,91.75000,93.05000,1185100
1648560600,93.09000,93.69000,92.51000,93.52000,1284100
1648647000,93.65000,94.75000,93.21000,94.73000,1352300
1648733400,94.68000,95.74000,94.44000,94.68000,2073600
1648819800,94.36000,96.11000,93.60000,96.11000,1906700
1649079000,95.72000,95.72000,93.99000,95.45000,1893300
1649165400,95.50000,97.00000,95.50000,96.15000,1545500
1649251800,96.59000,98.54000,96.09000,98.40000,1835000
1649338200,98.40000,98.65000,97.12000,97.56000,1956000
1649424600,98.00000,98.19000,96.52000,97.91000,1546100
1649683800,97.13000,97.85000,96.21000,96.60000,1861200
1649770200,96.09000,97.98000,95.70000,97.80000,2667200
1649856600,98.00000,98.09000,97.06000,97.90000,1792900
1649943000,98.26000,98.59000,97.73000,98.03000,1272500
1650288600,98.40000,98.61000,96.54000,96.94000,1003300
1650375000,97.41000,98.24000,97.08000,98.01000,1132800
1650461400,98.65000,99.22000,98.38000,98.41000,1344100
1650547800,98.12000,99.13000,97.67000,98.19000,1913500
1650634200,98.00000,98.14000,96.33000,96.49000,2026900
1650893400,97.01000,97.01000,94.13000,96.05000,1666300
1650979800,95.93000,97.32000,95.13000,95.16000,1436100
1651066200,95.26000,96.29000,94.20000,94.73000,1431700
1651152600,95.05000,95.95000,94.45000,95.44000,1096800
1651239000,95.04000,95.11000,92.62000,92.74000,3999900
1651498200,93.61000,93.90000,90.95000,92.01000,1721900
1651584600,92.12000,94.24000,92.08000,92.28000,1518600
1651671000,92.89000,93.64000,92.35000,93.50000,1859800
1651757400,93.17000,93.92000,92.18000,92.66000,1606100
1651843800,91.60000,94.47000,91.00000,93.98000,1747200
1652103000,93.39000,95.47000,92.21000,94.38000,2088900
1652189400,94.47000,96.02000,91.99000,92.65000,2107400
1652275800,93.03000,95.60000,92.72000,94.28000,1662400
1652362200,94.34000,94.93000,92.95000,94.35000,2167500
1652448600,95.01000,95.47000,93.75000,95.40000,1735600
1652707800,95.70000,96.13000,94.86000,95.04000,1639500
1652794200,94.89000,95.67000,93.06000,95.50000,1589500
1652880600,95.85000,96.40000,95.02000,95.22000,2151000
1652967000,94.97000,94.99000,93.33000,94.82000,1991600
1653053400,95.05000,96.03000,94.38000,95.81000,2400400
1653312600,97.45000,98.84000,96.50000,97.68000,2778300
1653399000,97.79000,100.48000,97.15000,100.39000,1853100
1653485400,100.39000,100.76000,99.71000,100.32000,1877800
1653571800,100.90000,101.12000,99.76000,99.87000,1480100
1653658200,99.35000,100.67000,99.25000,100.58000,1321800
1654003800,99.78000,100.36000,98.83000,99.26000,3889500
1654090200,99.33000,99.40000,97.48000,98.63000,1970800
1654176600,98.95000,98.99000,96.78000,98.58000,1487700
1654263000,98.43000,98.69000,97.80000,97.91000,1093800
1654522200,98.40000,99.24000,97.67000,98.10000,983900
1654608600,97.81000,98.63000,96.80000,98.48000,1810900
1654695000,98.10000,98.26000,96.84000,97.04000,1054800
1654781400,97.02000,97.31000,94.40000,94.51000,1270700
1654867800,93.57000,95.88000,93.02000,95.15000,1946400
1655127000,94.24000,94.80000,90.64000,91.15000,2157400
1655213400,91.24000,91.68000,87.58000,88.78000,1922300
1655299800,89.30000,89.84000,87.18000,88.25000,1924800
1655386200,87.43000,89.46000,86.26000,87.67000,2640700
1655472600,87.92000,88.28000,86.09000,86.88000,4185900
1655818200,86.88000,88.50000,86.65000,88.21000,2130800
1655904600,87.81000,89.58000,87.73000,88.90000,1732700
1655991000,89.08000,91.64000,89.02000,91.31000,1800900
1656077400,91.64000,93.18000,91.37000,92.93000,1667000
1656336600,92.59000,94.02000,92.25000,93.56000,1350600
1656423000,93.98000,94.77000,93.82000,94.12000,1575100
1656509400,94.23000,95.11000,94.23000,94.72000,1257200
1656595800,94.29000,96.13000,94.12000,95.10000,2282100
1656682200,95.56000,97.51000,94.81000,97.24000,2030200
1657027800,97.20000,97.30000,90.86000,92.69000,2973300
1657114200,93.02000,94.25000,92.19000,93.10000,1835500
1657200600,93.12000,93.73000,92.03000,92.30000,1581000
1657287000,92.69000,92.83000,91.72000,91.97000,1375300
1657546200,91.49000,93.01000,91.45000,92.93000,1602300
1657632600,92.54000,93.92000,92.27000,92.82000,1507600
1657719000,92.18000,93.35000,91.77000,92.53000,1230100
1657805400,90.84000,93.06000,90.71000,92.84000,1184700
1657891800,93.60000,93.61000,92.21000,93.40000,2464000
1658151000,93.00000,93.32000,91.55000,91.63000,1403900
1658237400,92.02000,92.79000,91.68000,92.22000,1047400
1658323800,92.13000,92.14000,90.59000,90.64000,1427900
1658410200,90.41000,90.94000,89.79000,90.82000,1302100
1658496600,91.29000,92.48000,90.86000,92.44000,1098100
1658755800,92.12000,94.15000,91.95000,94.09000,1159100
1658842200,93.97000,95.37000,93.91000,95.36000,1484300
1658928600,95.00000,95.88000,94.57000,95.69000,1457800
1659015000,96.53000,98.63000,96.29000,98.48000,1455700
1659101400,98.39000,99.76000,98.37000,99.27000,3687100
1659360600,99.03000,99.49000,97.57000,98.33000,3332900
1659447000,99.04000,99.18000,97.86000,98.05000,1662200
1659533400,97.55000,98.29000,95.83000,98.10000,1833700
1659619800,98.27000,98.75000,97.39000,97.43000,1820400
1659706200,97.35000,97.68000,95.42000,97.19000,1669100
1659965400,97.75000,99.10000,97.70000,98.50000,1200400
1660051800,99.09000,99.52000,98.68000,98.91000,964100
1660138200,99.23000,99.41000,98.05000,98.99000,989800
1660224600,98.89000,99.72000,98.37000,98.48000,1199800
1660311000,98.96000,99.58000,98.68000,99.11000,1955100
1660570200,99.21000,100.40000,98.89000,100.29000,1055600
1660656600,99.42000,100.39000,99.17000,100.02000,1155400
1660743000,99.64000,100.86000,99.59000,100.58000,1002000
1660829400,100.79000,101.31000,100.50000,100.93000,950800
1660915800,101.23000,101.57000,100.31000,100.55000,1179200
1661175000,100.25000,100.60000,99.20000,99.41000,1597900
1661261400,99.57000,99.75000,98.34000,98.76000,930300
1661347800,98.56000,98.96000,97.94000,98.88000,1007900
1661434200,98.89000,99.55000,98.23000,99.46000,1109700
1661520600,99.46000,99.70000,98.33000,98.53000,1098600
1661779800,98.19000,99.81000,97.44000,99.21000,1017900
1661866200,99.05000,99.46000,97.91000,98.30000,1185400
1661952600,98.36000,99.36000,97.73000,97.74000,1962800
1662039000,97.78000,99.62000,97.58000,99.44000,1234700
1662125400,99.84000,100.60000,98.20000,98.48000,1178300
1662471000,98.58000,99.29000,97.50000,97.75000,1264300
1662557400,98.32000,101.45000,98.23000,101.23000,1685700
1662643800,101.00000,101.50000,100.28000,100.66000,1252600
1662730200,101.22000,101.47000,99.98000,100.85000,1146400
1662989400,100.97000,102.21000,100.59000,101.92000,1387800
1663075800,101.12000,101.39000,98.33000,98.82000,1562600
1663162200,98.78000,100.76000,98.75000,99.97000,1476700
1663248600,99.59000,99.59000,97.31000,97.64000,1302100
1663335000,97.88000,98.37000,97.24000,97.41000,2872200
1663594200,97.15000,98.52000,96.65000,98.47000,951800
1663680600,97.83000,97.84000,96.48000,97.37000,865800
1663767000,97.99000,99.07000,96.20000,96.24000,955700
1663853400,96.02000,96.93000,95.23000,96.42000,871700
1663939800,95.46000,96.07000,94.27000,95.47000,1206300
1664199000,95.11000,95.28000,92.28000,93.17000,1652500
1664285400,93.56000,93.82000,90.61000,90.77000,2319300
1664371800,91.88000,91.88000,90.28000,90.82000,2224400
1664458200,90.41000,90.56000,87.20000,87.66000,2057800
1664544600,88.15000,88.54000,85.45000,85.76000,3118300
1664803800,87.26000,89.42000,86.92000,87.66000,2289700
1664890200,87.77000,89.20000,87.19000,89.11000,1768000
1664976600,88.02000,88.05000,85.53000,86.30000,1808900
1665063000,85.92000,86.17000,83.77000,84.00000,1887200
1665149400,84.14000,84.29000,81.18000,81.58000,1855600
1665408600,81.58000,82.62000,81.29000,81.49000,1458400
1665495000,81.48000,82.43000,81.05000,81.60000,1955900
1665581400,81.22000,81.40000,79.41000,79.47000,1999200
1665667800,78.76000,82.39000,78.10000,82.15000,1949000
1665754200,83.25000,83.26000,81.27000,81.91000,3156300
1666013400,83.03000,84.49000,82.82000,83.02000,1668000
1666099800,84.07000,85.08000,83.82000,85.00000,1647600
1666186200,83.97000,84.79000,83.30000,84.54000,1455900
1666272600,84.35000,84.46000,83.02000,83.42000,2384500
1666359000,83.77000,85.41000,82.71000,84.87000,2417700
1666618200,85.47000,86.12000,84.34000,84.69000,1595900
1666704600,84.72000,86.11000,84.52000,85.85000,1535400
1666791000,86.38000,86.88000,85.49000,85.74000,1941100
1666877400,86.35000,87.60000,86.05000,86.42000,1586700
1666963800,86.76000,88.49000,86.76000,88.45000,1605200
1667223000,88.45000,88.91000,87.63000,87.96000,2381400
1667309400,88.02000,88.33000,86.96000,88.02000,1261700
1667395800,87.86000,90.00000,87.81000,88.21000,1689200
1667482200,87.82000,89.34000,86.95000,88.73000,1583300
1667568600,88.53000,90.13000,87.71000,90.04000,1969700
1667831400,89.95000,90.03000,86.99000,87.65000,1600100
1667917800,88.15000,89.13000,87.76000,88.29000,1277100
1668004200,88.27000,89.10000,87.43000,87.67000,1624000
1668090600,89.79000,91.17000,88.47000,90.95000,1711900
1668177000,90.82000,91.01000,88.15000,89.12000,2556800
1668436200,89.42000,91.03000,89.33000,89.33000,1845500
1668522600,88.99000,89.93000,88.83000,89.70000,2197200
1668609000,90.00000,92.53000,90.00000,91.34000,3049300
1668695400,90.59000,91.24000,90.14000,90.81000,1752100
1668781800,91.66000,93.57000,91.66000,93.53000,1959800
1669041000,93.73000,94.80000,93.53000,94.15000,1172000
1669127400,94.52000,95.81000,94.34000,95.22000,2231600
1669213800,95.06000,96.84000,94.75000,96.67000,1957900
1669386600,97.03000,97.64000,96.67000,97.50000,830000
1669645800,97.01000,97.50000,95.92000,96.54000,1596900
1669732200,96.11000,96.39000,95.42000,96.30000,1342000
1669818600,96.19000,98.53000,95.78000,98.04000,4302700
1669905000,98.60000,99.59000,97.61000,97.85000,1850400
1669991400,97.26000,97.71000,96.70000,97.35000,1719700
1670250600,96.53000,97.65000,96.40000,97.37000,1521600
1670337000,97.44000,97.99000,96.56000,97.56000,1600900
1670423400,97.34000,98.39000,96.41000,96.59000,1368300
1670509800,96.51000,97.64000,96.31000,97.59000,1005900
1670596200,97.01000,97.61000,96.44000,96.53000,1485400
1670855400,97.18000,98.36000,96.55000,98.35000,1225500
1670941800,99.49000,99.78000,97.43000,98.51000,1396300
1671028200,98.53000,99.97000,97.75000,98.44000,1983800
1671114600,97.91000,98.45000,96.56000,96.98000,1865500
1671201000,96.02000,96.66000,94.24000,95.17000,3946600
1671460200,95.11000,96.33000,94.37000,94.85000,1348000
1671546600,94.83000,95.52000,94.07000,94.59000,1846800
1671633000,95.00000,95.74000,94.65000,95.72000,1521000
1671719400,95.63000,95.63000,93.77000,95.16000,1049900
1671805800,95.08000,96.01000,95.08000,95.85000,1278500
1672151400,96.04000,96.84000,95.78000,96.55000,1352000
1672237800,96.81000,97.02000,95.82000,95.97000,1318200
1672324200,96.48000,97.26000,96.12000,96.49000,1193800
1672410600,96.62000,96.75000,94.55000,95.31000,1224400
1672756200,95.46000,96.37000,93.93000,95.76000,2098400
1672842600,96.24000,97.44000,95.94000,96.59000,1878500
1672929000,95.89000,96.38000,94.43000,95.29000,1891600
1673015400,96.27000,98.07000,96.02000,97.83000,1414500
1673274600,96.81000,98.65000,96.29000,97.72000,1471300
1673361000,97.99000,98.30000,97.07000,98.09000,1259900
1673447400,98.14000,99.06000,98.07000,98.61000,1612100
1673533800,98.79000,98.94000,97.40000,97.53000,1236900
1673620200,96.94000,96.98000,96.10000,96.49000,1236300
1673965800,96.57000,96.87000,95.29000,95.49000,2496000
1674052200,95.66000,95.95000,93.06000,93.34000,1808400
1674138600,93.40000,93.49000,92.17000,92.48000,1416900
1674225000,92.56000,93.84000,91.40000,93.79000,2507500
1674484200,93.63000,94.61000,92.95000,93.55000,1440500
1674570600,93.50000,94.39000,92.73000,94.05000,1176200
1674657000,93.47000,94.47000,92.90000,94.45000,1190000
1674743400,94.22000,94.91000,93.84000,94.88000,1276100
1674829800,94.79000,95.37000,94.23000,94.91000,952300
1675089000,94.91000,96.00000,94.73000,95.05000,1161700
1675175400,95.31000,95.48000,93.94000,95.31000,3663500
1675261800,94.90000,96.00000,94.51000,95.45000,1557600
1675348200,95.31000,96.16000,94.50000,95.16000,1625600
1675434600,94.90000,94.97000,91.89000,92.93000,1741800
1675693800,92.66000,93.66000,92.36000,93.55000,1370400
1675780200,93.01000,93.48000,92.40000,93.25000,1388600
1675866600,92.91000,92.93000,91.09000,91.77000,1407700
1675953000,91.97000,92.34000,90.08000,90.19000,1489700
1676039400,90.47000,92.49000,90.34000,92.36000,1373800
1676298600,92.39000,92.91000,92.19000,92.80000,1300400
1676385000,91.96000,92.41000,91.03000,91.10000,1047600
1676471400,90.75000,91.27000,90.40000,91.20000,1141800
1676557800,90.43000,92.20000,89.54000,91.66000,3701400
1676644200,91.57000,93.32000,90.65000,93.25000,3654600
1676989800,92.90000,93.39000,92.20000,92.73000,2197900
1677076200,92.98000,93.55000,92.10000,92.41000,1740100
1677162600,92.83000,93.02000,91.23000,91.58000,1848800
1677249000,90.94000,91.59000,90.21000,91.26000,1886000
1677508200,91.92000,92.65000,90.81000,90.85000,1928700
1677594600,90.47000,90.99000,89.32000,89.35000,2705000
1677681000,89.02000,89.30000,87.03000,88.15000,1969300
1677767400,88.20000,89.78000,87.38000,89.61000,1415000
1677853800,89.86000,90.72000,88.83000,90.69000,1497700
1678113000,90.75000,91.81000,90.73000,91.63000,1592400
1678199400,92.50000,92.74000,90.23000,90.66000,2278600
1678285800,90.61000,92.36000,90.59000,91.69000,1839800
1678372200,92.02000,93.07000,91.13000,91.29000,1902300
1678458600,91.65000,92.04000,90.32000,90.62000,1969100
1678714200,90.67000,95.67000,90.56000,92.79000,2773800
1678800600,93.20000,94.93000,93.16000,94.01000,1936000
1678887000,93.98000,96.15000,93.49000,95.64000,2828000
1678973400,95.56000,97.23000,95.23000,96.30000,2182200
1679059800,95.93000,96.48000,95.03000,95.63000,3638400
1679319000,95.93000,97.33000,95.81000,96.91000,1735300
1679405400,96.57000,96.98000,92.16000,93.19000,2627700
1679491800,93.63000,94.03000,92.02000,92.10000,2537000
1679578200,91.74000,92.97000,91.06000,91.73000,2373100
1679664600,92.10000,95.11000,91.83000,95.07000,1643500
1679923800,95.42000,95.81000,94.46000,94.57000,1896500
1680010200,94.30000,95.73000,94.07000,94.39000,1762300
1680096600,94.79000,95.63000,94.78000,95.11000,1635800
1680183000,95.22000,95.70000,94.62000,94.72000,2108200
1680269400,94.68000,95.71000,94.54000,95.67000,2099900
1680528600,95.24000,95.79000,94.41000,95.09000,2235300
1680615000,95.25000,96.37000,95.10000,96.02000,1560900
1680701400,96.81000,98.76000,96.70000,98.51000,2040500
1680787800,98.92000,99.35000,97.57000,98.97000,1578600
1681133400,98.75000,99.25000,97.91000,99.21000,1355600
1681219800,99.16000,99.54000,98.28000,99.11000,1338700
1681306200,99.10000,99.73000,98.29000,98.69000,1185300
1681392600,98.15000,98.88000,96.56000,98.08000,1335200
1681479000,97.22000,97.65000,96.49000,96.68000,1827000
1681738200,97.10000,97.95000,96.85000,97.87000,1520100
1681824600,97.80000,97.96000,96.97000,97.52000,997200
1681911000,97.78000,98.81000,97.68000,98.14000,1158300
1681997400,98.53000,98.71000,97.74000,98.66000,1215900
1682083800,99.56000,99.75000,98.52000,99.04000,1875100
1682343000,99.20000,99.89000,98.63000,99.84000,1110700
1682429400,100.00000,100.92000,99.66000,100.40000,1404100
1682515800,99.29000,100.43000,98.86000,99.14000,1378600
1682602200,99.04000,99.58000,98.21000,99.18000,1713500
1682688600,99.08000,99.66000,97.89000,98.47000,2316000
1682947800,98.43000,100.13000,98.29000,99.11000,1834800
1683034200,99.02000,99.59000,98.08000,98.57000,1425200
1683120600,99.39000,99.42000,97.98000,98.04000,1203000
1683207000,98.23000,99.22000,97.72000,98.52000,1648000
1683293400,98.80000,100.44000,97.80000,99.49000,2218600
1683552600,99.34000,100.32000,98.25000,99.01000,1524900
1683639000,99.15000,99.26000,98.38000,98.77000,1469800
1683725400,99.34000,99.99000,98.60000,99.41000,1504400
1683811800,99.44000,99.76000,98.55000,98.96000,1628900
1683898200,99.45000,100.08000,98.85000,99.52000,1624600
1684157400,99.84000,100.00000,97.65000,98.48000,1838100
1684243800,97.47000,97.82000,96.40000,96.50000,2261200
1684330200,96.67000,96.74000,95.67000,95.90000,1742500
1684416600,95.31000,95.78000,94.81000,95.36000,1806400
1684503000,95.85000,96.17000,94.88000,95.19000,2209800
1684762200,95.35000,95.97000,94.43000,94.65000,1907000
1684848600,94.30000,94.78000,93.70000,93.88000,4775100
1684935000,94.19000,94.51000,93.27000,93.50000,1578200
1685021400,93.28000,93.83000,92.35000,93.22000,3679300
1685107800,93.13000,93.14000,92.22000,92.69000,2210700
1685453400,92.58000,93.52000,92.24000,92.56000,1939100
1685539800,92.78000,93.66000,92.32000,93.30000,3277300
1685626200,93.71000,93.74000,91.58000,91.82000,2937100
1685712600,91.62000,92.70000,90.52000,91.76000,2244800
1685971800,91.82000,93.83000,91.82000,92.95000,1963200
1686058200,93.49000,93.57000,92.20000,92.41000,1543100
1686144600,92.42000,93.88000,91.15000,93.54000,1847100
1686231000,92.38000,94.25000,92.32000,94.00000,1416400
1686317400,94.00000,94.19000,93.37000,93.49000,1264900
1686576600,93.70000,93.70000,92.05000,92.63000,2020900
1686663000,92.19000,92.52000,91.51000,92.03000,1728900
1686749400,92.31000,93.55000,91.85000,92.39000,1678000
1686835800,93.01000,93.69000,92.46000,93.02000,1997600
1686922200,93.38000,94.15000,92.71000,92.97000,4678700
1687267800,93.10000,93.24000,91.95000,92.02000,1939500
1687354200,91.92000,92.95000,91.02000,92.92000,1907100
1687440600,93.31000,93.56000,91.95000,92.12000,1914000
1687527000,92.59000,92.63000,90.41000,90.74000,1994100
1687786200,91.03000,91.84000,90.34000,91.68000,1242500
1687872600,91.92000,92.34000,91.62000,91.98000,1262900
1687959000,91.98000,91.98000,89.87000,90.11000,1490500
1688045400,89.40000,90.34000,89.32000,89.57000,1545000
1688131800,89.82000,90.45000,89.47000,90.40000,1552100
1688391000,90.20000,91.06000,89.84000,91.05000,707000
1688563800,90.75000,93.45000,90.68000,92.85000,2334700
1688650200,92.31000,92.67000,91.60000,92.17000,1776100
1688736600,91.48000,92.66000,91.10000,92.03000,1664300
1688995800,91.81000,91.95000,90.96000,91.39000,1560600
1689082200,91.36000,92.54000,91.00000,92.54000,1082700
1689168600,92.81000,93.43000,92.27000,93.09000,1294200
1689255000,92.71000,93.80000,92.28000,93.77000,1712700
1689341400,93.52000,93.62000,92.72000,93.08000,1121900
1689600600,92.91000,93.06000,91.92000,92.42000,1512800
1689687000,92.55000,93.35000,91.22000,92.14000,2012900
1689773400,92.48000,93.77000,92.41000,93.49000,2029900
1689859800,93.80000,96.05000,93.22000,95.89000,2095800
1689946200,97.10000,97.84000,96.56000,97.13000,2121700
1690205400,97.31000,97.80000,96.92000,97.13000,1124300
1690291800,97.10000,98.12000,96.63000,97.71000,1980000
1690378200,97.58000,98.85000,97.25000,97.50000,1070000
1690464600,96.95000,97.47000,95.54000,95.75000,1482000
1690551000,96.32000,96.59000,94.94000,95.64000,1406300
1690810200,95.93000,96.02000,94.37000,94.86000,4358900
1690896600,94.89000,95.34000,93.28000,93.34000,1728300
1690983000,93.42000,94.20000,93.20000,93.33000,1404900
1691069400,92.98000,93.00000,90.30000,90.33000,2229800
1691155800,90.59000,92.18000,88.70000,89.31000,2819000
1691415000,89.93000,91.37000,89.86000,90.62000,2072400
1691501400,90.96000,91.24000,90.19000,91.19000,1462400
1691587800,90.62000,91.84000,90.60000,90.96000,1331700
1691674200,91.30000,91.93000,90.15000,90.41000,1463300
1691760600,90.73000,90.98000,90.21000,90.83000,1156100
1692019800,90.56000,90.76000,89.17000,89.56000,2008900
1692106200,88.34000,88.79000,87.36000,87.68000,2454900
1692192600,88.02000,89.17000,87.85000,88.83000,1353400
1692279000,88.78000,89.57000,88.22000,88.25000,1317100
1692365400,88.34000,89.55000,88.17000,89.32000,1440600
1692624600,89.05000,89.51000,88.00000,88.71000,1268800
1692711000,88.62000,89.54000,88.29000,89.38000,1559000
1692797400,89.73000,90.08000,88.99000,90.04000,2679900
1692883800,89.89000,91.21000,89.45000,89.46000,1939700
1692970200,89.71000,90.49000,89.37000,89.88000,1890800
1693229400,89.82000,90.61000,89.12000,89.71000,1669900
1693315800,89.91000,90.18000,89.07000,90.08000,1484300
1693402200,90.02000,90.72000,89.47000,89.83000,1020000
1693488600,90.02000,90.24000,88.93000,88.96000,1842400
1693575000,89.45000,89.45000,87.28000,88.35000,1572700
1693920600,88.12000,88.35000,86.33000,86.51000,1942600
1694007000,86.83000,86.94000,86.21000,86.80000,1365900
1694093400,87.55000,89.22000,87.55000,88.51000,1626300
1694179800,88.74000,89.52000,88.24000,89.25000,1392500
1694439000,88.64000,90.08000,88.64000,89.73000,1627600
1694525400,89.88000,90.33000,88.79000,90.20000,1815500
1694611800,90.50000,91.63000,90.26000,91.46000,1725200
1694698200,91.80000,92.42000,91.50000,92.38000,2019100
1694784600,92.15000,93.08000,91.40000,91.49000,3727600
1695043800,91.37000,91.69000,90.71000,91.57000,1519100
1695130200,91.66000,92.05000,91.13000,91.17000,1132200
1695216600,91.66000,92.33000,90.94000,91.50000,1186600
1695303000,91.36000,92.12000,90.65000,90.86000,1814100
1695389400,90.40000,91.51000,90.05000,90.83000,1492100
1695648600,90.05000,90.58000,89.52000,90.23000,1549400
1695735000,90.04000,90.17000,87.63000,87.83000,2009300
1695821400,87.50000,88.12000,86.53000,86.63000,1787800
1695907800,87.05000,87.24000,84.86000,85.49000,1975700
1695994200,86.23000,86.75000,85.15000,85.53000,2011200
1696253400,85.02000,85.19000,81.06000,81.62000,2440200
1696339800,81.20000,83.53000,80.46000,83.18000,2635600
1696426200,83.57000,84.29000,82.00000,84.20000,1933200
1696512600,83.93000,85.07000,83.21000,84.76000,2524700
1696599000,83.31000,86.56000,82.66000,86.35000,2419700
1696858200,86.34000,87.56000,86.34000,87.55000,1451700
1696944600,87.32000,88.30000,87.19000,88.12000,1830300
1697031000,88.42000,88.69000,87.22000,88.45000,1738100
1697117400,88.08000,88.48000,86.37000,87.37000,1906000
1697203800,88.18000,88.81000,87.44000,88.02000,1958500
1697463000,85.15000,88.92000,85.15000,88.66000,3995500
1697549400,88.40000,89.49000,88.10000,88.90000,2943800
1697635800,88.84000,89.17000,87.84000,88.28000,2639700
1697722200,88.12000,88.85000,87.42000,87.67000,1950900
1697808600,87.68000,88.70000,86.48000,87.06000,10175500
1698067800,86.35000,87.90000,85.87000,86.59000,2130800
1698154200,87.27000,88.26000,87.11000,87.97000,1689600
1698240600,87.59000,88.62000,87.36000,88.31000,1472000
1698327000,88.67000,90.10000,88.48000,89.30000,1884600
1698413400,88.73000,89.29000,87.18000,87.47000,1248100
1698672600,87.77000,88.41000,86.79000,87.48000,1370400
1698759000,87.99000,88.28000,86.96000,87.79000,2480300
1698845400,88.13000,89.83000,87.13000,89.16000,2221600
1698931800,89.01000,90.70000,88.83000,90.16000,1853000
1699018200,91.80000,93.27000,89.99000,90.07000,2543100
1699281000,90.84000,91.05000,89.87000,90.54000,2907700
1699367400,90.56000,90.59000,89.38000,89.48000,2220500
1699453800,89.08000,89.29000,87.96000,88.68000,2820400
1699540200,88.94000,89.89000,88.69000,89.25000,3761600
1699626600,89.71000,89.88000,88.91000,89.35000,2497200
1699885800,89.25000,89.53000,87.99000,88.37000,2326400
1699972200,89.27000,90.54000,88.71000,90.50000,1883800
1700058600,90.13000,91.50000,90.13000,90.55000,2902300
1700145000,91.39000,92.06000,90.85000,91.13000,2012400
1700231400,91.62000,91.82000,90.82000,91.36000,1694000
1700490600,91.00000,91.26000,89.91000,90.94000,1559700
1700577000,91.03000,91.15000,90.16000,90.49000,1052200
1700663400,90.80000,90.89000,89.98000,90.52000,1682100
1700836200,90.67000,91.00000,90.06000,90.96000,504800
1701095400,91.01000,91.19000,90.19000,90.67000,1703300
1701181800,90.67000,91.56000,90.30000,90.80000,1402100
1701268200,90.83000,91.35000,89.63000,89.94000,2174500
1701354600,90.10000,90.43000,89.35000,90.11000,3843400
1701441000,90.32000,91.68000,89.78000,91.68000,1519100
1701700200,91.06000,92.77000,90.70000,91.99000,1872200
1701786600,92.02000,92.26000,90.91000,91.19000,1301100
1701873000,91.60000,91.99000,90.74000,91.65000,1260100
1701959400,92.03000,93.16000,91.31000,92.44000,3032800
1702045800,92.39000,92.53000,90.86000,91.55000,1910700
1702305000,91.25000,91.90000,90.78000,91.87000,1660800
1702391400,92.09000,92.09000,91.24000,91.73000,1351200
1702477800,91.92000,94.33000,91.39000,94.01000,1881500
1702564200,94.39000,94.60000,91.77000,91.91000,3229100
1702650600,91.50000,91.50000,89.22000,89.85000,4549500
1702909800,90.11000,90.77000,89.71000,90.00000,2183700
1702996200,90.12000,90.55000,89.74000,90.31000,1726000
1703082600,90.24000,90.50000,89.33000,89.35000,2498900
1703169000,89.45000,90.21000,88.60000,89.21000,1940600
1703255400,89.78000,90.55000,89.55000,89.68000,865600
1703601000,89.41000,90.51000,89.33000,90.27000,932300
1703687400,90.14000,90.27000,89.55000,89.80000,1333000
1703773800,89.65000,90.77000,89.63000,90.65000,1402500
1703860200,90.34000,91.00000,90.04000,90.97000,1305500
1704205800,90.70000,92.55000,90.56000,92.41000,1806900
1704292200,92.61000,93.08000,92.12000,93.00000,2014300
1704378600,93.49000,94.00000,92.90000,93.25000,1727100
1704465000,93.05000,94.01000,92.92000,93.52000,1972000
1704724200,93.41000,93.88000,93.07000,93.81000,1203500
1704810600,93.63000,93.93000,93.15000,93.70000,1291800
1704897000,93.53000,94.78000,93.38000,94.32000,1572400
1704983400,93.85000,93.85000,91.07000,91.25000,2045300
1705069800,91.78000,92.02000,91.27000,91.62000,2202500
1705415400,91.41000,92.51000,91.04000,91.56000,2038200
1705501800,91.06000,92.38000,89.93000,90.55000,1885300
1705588200,90.09000,90.26000,88.92000,89.40000,1682300
1705674600,89.37000,90.12000,88.83000,89.86000,1689900
1705933800,89.86000,90.39000,88.69000,89.20000,1678500
1706020200,89.06000,89.53000,88.53000,89.12000,1586100
1706106600,89.83000,89.86000,88.08000,88.32000,1932400
1706193000,89.14000,89.72000,88.38000,89.67000,1548400
1706279400,90.00000,90.24000,89.44000,90.02000,2218900
1706538600,90.00000,91.12000,89.58000,90.59000,2173300
1706625000,90.42000,91.22000,90.04000,90.68000,1550000
1706711400,91.48000,91.77000,90.34000,90.90000,3138200
1706797800,90.39000,92.82000,90.00000,92.78000,1625100
1706884200,92.03000,92.32000,90.18000,91.10000,1978400
1707143400,90.32000,90.91000,89.62000,89.67000,1852000
1707229800,89.34000,90.37000,89.21000,89.77000,1621500
1707316200,90.14000,90.19000,89.16000,89.47000,1413400
1707402600,89.07000,89.48000,88.11000,88.67000,1626500
1707489000,88.36000,89.14000,88.29000,89.06000,1457600
1707748200,89.08000,89.56000,88.44000,89.45000,1627300
1707834600,88.46000,88.86000,85.93000,86.67000,3513600
1707921000,87.04000,87.41000,86.45000,86.84000,2413000
1708007400,87.02000,88.36000,86.88000,88.22000,2168500
1708093800,87.55000,88.38000,86.73000,87.32000,2949300
1708439400,87.43000,88.67000,87.03000,87.58000,1974500
1708525800,88.11000,88.79000,87.72000,88.61000,1746900
1708612200,87.91000,88.21000,86.73000,87.91000,1628800
1708698600,88.09000,88.85000,87.70000,87.93000,1190700
1708957800,87.71000,87.76000,86.09000,86.21000,1562900
1709044200,86.53000,87.18000,86.16000,86.88000,1159000
1709130600,86.85000,87.28000,86.45000,86.65000,1185500
1709217000,87.03000,87.74000,86.65000,87.21000,2803400
1709303400,86.99000,87.11000,85.85000,87.01000,1572000
1709562600,86.56000,89.40000,86.56000,89.13000,1960800
1709649000,89.55000,90.79000,88.66000,88.99000,2037200
1709735400,89.56000,90.28000,89.44000,89.85000,1436700
1709821800,90.76000,90.92000,89.73000,89.94000,1007900
1709908200,90.17000,90.34000,89.17000,90.12000,1072800
1710163800,90.17000,91.00000,89.75000,90.80000,1197200
1710250200,90.37000,91.06000,89.91000,89.93000,1316800
1710336600,90.40000,91.10000,89.44000,89.57000,1673600
1710423000,89.20000,89.54000,88.04000,88.67000,1450300
1710509400,88.05000,89.22000,88.05000,88.94000,3462300
1710768600,88.80000,89.36000,88.44000,88.99000,1355000
1710855000,89.39000,89.80000,88.78000,89.71000,1507600
1710941400,89.44000,90.21000,88.62000,89.04000,1545700
1711027800,89.24000,89.73000,88.61000,88.65000,2162900
1711114200,89.15000,89.35000,88.38000,88.60000,1507500
1711373400,88.75000,89.04000,88.00000,88.50000,1163700
1711459800,88.44000,88.53000,87.16000,87.45000,1412000
1711546200,87.92000,90.09000,87.92000,90.05000,1935200
1711632600,90.21000,90.90000,89.79000,90.81000,1785800
1711978200,90.79000,90.92000,89.68000,90.33000,1109600
1712064600,90.41000,91.73000,90.41000,90.60000,1829400
1712151000,90.54000,90.86000,89.79000,89.89000,1404600
1712237400,90.49000,90.73000,89.36000,90.19000,1667000
1712323800,89.67000,90.01000,88.89000,89.65000,1737900
1712583000,89.69000,90.77000,89.49000,90.60000,1437900
1712669400,90.78000,91.16000,90.35000,91.13000,1184100
1712755800,89.51000,89.75000,88.30000,88.89000,1623500
1712842200,89.39000,89.39000,88.14000,88.55000,1325800
1712928600,88.74000,89.33000,88.02000,88.63000,1396000
1713187800,89.78000,90.23000,88.81000,89.32000,3518000
1713274200,89.04000,89.27000,87.40000,87.42000,2098200
1713360600,88.02000,90.53000,87.85000,90.33000,2923100
1713447000,90.66000,91.18000,89.67000,90.90000,2528800
1713533400,91.41000,92.53000,91.13000,91.77000,7398300
1713792600,91.46000,92.86000,91.25000,92.73000,1818300
1713879000,92.37000,93.38000,92.25000,92.84000,1843800
1713965400,92.05000,93.75000,91.32000,93.43000,2001700
1714051800,93.43000,94.36000,92.69000,94.11000,2191500
1714138200,94.11000,94.38000,92.93000,92.93000,1418600
1714397400,93.31000,94.18000,93.31000,93.97000,1146300
1714483800,93.31000,94.86000,92.78000,94.40000,3732000
1714570200,94.05000,95.44000,93.78000,94.80000,2372900
1714656600,95.10000,95.62000,94.46000,95.25000,1991600
1714743000,96.00000,96.76000,94.97000,95.56000,2465200
1715002200,95.64000,96.26000,95.07000,96.13000,2071500
1715088600,96.74000,97.56000,95.91000,97.50000,2029800
1715175000,97.34000,98.12000,96.64000,97.57000,2179700
1715261400,97.55000,98.25000,96.96000,98.12000,1613200
1715347800,98.44000,98.55000,97.60000,97.70000,1688500
1715607000,97.70000,98.47000,97.55000,97.64000,1558000
1715693400,97.30000,97.43000,96.02000,96.64000,1723400
1715779800,97.49000,97.68000,96.67000,96.91000,1749100
1715866200,96.96000,97.31000,96.55000,96.91000,2388200
1715952600,97.04000,97.17000,96.39000,97.10000,1570700
1716211800,97.22000,97.24000,96.44000,96.51000,1224500
1716298200,96.63000,97.20000,95.87000,96.34000,1516000
1716384600,96.14000,98.11000,95.79000,96.13000,3657500
1716471000,95.36000,95.76000,93.74000,93.87000,2056700
1716557400,94.10000,94.60000,93.72000,94.43000,1639100
1716903000,94.23000,95.32000,93.13000,93.21000,2168800
1716989400,92.71000,92.92000,91.87000,91.91000,2013500
1717075800,92.36000,92.78000,92.17000,92.45000,1929600
1717162200,92.83000,94.88000,92.77000,94.55000,7907600
1717421400,94.55000,95.21000,93.44000,93.68000,2211800
1717507800,93.41000,94.16000,92.80000,93.72000,3445900
1717594200,93.56000,93.65000,92.24000,92.60000,2129700
1717680600,92.38000,92.91000,91.72000,91.89000,1416800
1717767000,91.03000,92.08000,90.99000,91.61000,1312300
1718026200,91.37000,92.36000,91.08000,92.32000,1803600
1718112600,91.68000,92.17000,91.11000,91.75000,1315600
1718199000,92.55000,92.70000,90.68000,91.14000,1333400
1718285400,91.26000,91.49000,90.17000,90.61000,1598000
1718371800,90.27000,91.30000,90.05000,90.87000,1258500
1718631000,90.39000,91.01000,90.10000,90.65000,1401200
1718717400,90.45000,90.94000,89.75000,90.39000,1336400
1718890200,90.55000,91.22000,90.26000,90.53000,1383800
1718976600,90.65000,91.45000,90.31000,90.34000,3199700
1719235800,90.47000,91.82000,90.42000,91.27000,1441200
1719322200,91.06000,91.14000,89.28000,89.39000,1511800
1719408600,88.92000,89.83000,88.52000,89.67000,1838700
1719495000,89.65000,89.90000,89.26000,89.68000,1258100
1719581400,89.97000,89.98000,88.77000,89.42000,2647300
1719840600,89.76000,90.08000,88.56000,88.81000,1145100
1719927000,88.98000,89.27000,88.73000,88.97000,1128200
1720013400,88.95000,89.56000,88.55000,88.71000,922400
1720186200,88.80000,89.60000,88.48000,89.27000,1551100
1720445400,89.28000,89.38000,88.32000,88.42000,1169400
1720531800,88.30000,89.23000,88.21000,88.85000,1589200
1720618200,89.18000,90.00000,88.65000,89.87000,1188400
1720704600,90.17000,91.70000,89.80000,91.46000,1345700
1720791000,91.89000,92.56000,91.58000,92.19000,1222900
1721050200,91.66000,91.86000,90.18000,90.26000,1490200
1721136600,90.79000,91.58000,90.30000,91.55000,1526600
1721223000,91.97000,94.23000,91.60000,93.76000,2039300
1721309400,93.39000,95.08000,93.39000,94.11000,2135700
1721395800,94.57000,94.63000,93.59000,94.04000,1809600
1721655000,93.10000,94.73000,93.02000,94.64000,1547900
1721741400,94.44000,94.44000,93.22000,93.25000,1245700
1721827800,94.00000,95.92000,93.71000,95.88000,2179800
1721914200,96.45000,97.82000,95.50000,95.92000,1920800
1722000600,96.18000,97.02000,95.96000,96.44000,1438800
1722259800,96.63000,97.09000,96.00000,96.87000,1320200
1722346200,96.79000,98.38000,96.67000,98.16000,1127000
1722432600,98.24000,98.24000,97.05000,97.52000,1623400
1722519000,98.14000,100.26000,97.38000,100.21000,2409300
1722605400,103.15000,105.99000,100.06000,101.83000,4425800
1722864600,102.85000,103.38000,100.57000,100.70000,2846300
1722951000,100.70000,102.17000,100.70000,100.89000,1956400
1723037400,101.00000,102.22000,100.19000,101.19000,2139800
1723123800,100.63000,101.47000,100.11000,100.50000,1784600
1723210200,100.59000,101.13000,99.21000,101.02000,1512900
1723469400,100.74000,101.98000,100.50000,101.94000,1238400
1723555800,102.02000,102.63000,101.33000,101.60000,1505700
1723642200,100.31000,101.49000,99.88000,100.86000,1639200
1723728600,99.90000,100.47000,98.64000,99.23000,2757400
1723815000,99.50000,100.51000,98.98000,100.10000,1684800
1724074200,100.30000,100.67000,99.99000,100.41000,1837800
1724160600,100.52000,101.17000,100.06000,100.17000,1460700
1724247000,100.11000,100.78000,100.01000,100.42000,1922500
1724333400,100.32000,100.84000,100.00000,100.67000,1845000
1724419800,100.84000,101.09000,100.25000,100.60000,1620000
1724679000,100.93000,101.72000,100.68000,100.90000,1221500
1724765400,100.77000,101.25000,99.51000,99.59000,927300
1724851800,99.78000,101.10000,99.43000,100.39000,1019300
1724938200,100.29000,100.86000,99.45000,100.81000,1150900
1725024600,101.00000,101.83000,100.86000,101.56000,2366500
1725370200,101.74000,103.51000,101.55000,103.28000,2122600
1725456600,103.56000,104.94000,103.56000,104.40000,1501000
1725543000,105.00000,105.29000,103.48000,103.79000,1538700
1725629400,104.15000,104.38000,103.21000,103.28000,1760600
1725888600,103.39000,104.82000,103.35000,104.75000,1672900
1725975000,104.88000,105.62000,104.38000,104.97000,1271100
1726061400,104.53000,104.75000,103.03000,103.82000,2685900
1726147800,103.71000,104.58000,103.25000,103.39000,1528600
1726234200,103.59000,104.74000,103.21000,104.56000,1274700
1726493400,105.04000,105.82000,104.76000,104.85000,1467900
1726579800,104.52000,105.29000,104.00000,104.54000,1391000
1726666200,104.38000,104.88000,102.55000,103.41000,1347000
1726752600,101.49000,102.43000,100.95000,102.12000,1761700
1726839000,102.23000,103.57000,101.98000,103.35000,3492600
1727098200,103.68000,104.44000,103.29000,104.02000,1053600
1727184600,103.21000,104.26000,102.70000,102.82000,1063000
1727271000,103.25000,103.44000,102.27000,103.16000,1151100
1727357400,102.41000,103.98000,102.26000,103.12000,1391600
1727443800,103.47000,104.59000,103.41000,104.05000,1366800
1727703000,104.43000,104.43000,103.15000,104.13000,1449500
1727789400,104.25000,105.59000,103.56000,105.15000,1834600
1727875800,104.32000,104.87000,103.95000,104.45000,996700
1727962200,104.81000,104.81000,103.58000,104.02000,952100
1728048600,102.79000,103.34000,102.27000,103.15000,952900
1728307800,102.70000,102.70000,100.94000,101.14000,1967300
1728394200,101.67000,102.94000,101.26000,102.11000,1328800
1728480600,101.96000,102.93000,101.67000,102.37000,1114700
1728567000,102.73000,103.16000,101.50000,101.58000,1179600
1728653400,101.91000,102.35000,101.67000,102.32000,1317200
1728912600,101.75000,103.14000,101.32000,103.04000,1976000
1728999000,104.82000,106.41000,104.58000,105.45000,2748900
1729085400,105.75000,106.18000,105.21000,106.14000,1869200
1729171800,106.44000,106.45000,105.01000,105.66000,1727900
1729258200,105.96000,106.77000,105.26000,106.76000,6365300
1729517400,106.79000,107.10000,105.94000,106.26000,1405800
1729603800,105.63000,105.99000,104.64000,105.70000,1207200
1729690200,105.98000,107.46000,105.63000,107.40000,1663200
1729776600,107.38000,107.75000,106.69000,107.00000,1127300
1729863000,107.41000,107.41000,104.50000,104.60000,1734300
1730122200,104.98000,105.38000,104.76000,104.81000,1204600
1730208600,104.27000,104.40000,102.81000,102.91000,1452900
1730295000,103.14000,103.40000,102.20000,102.72000,1641100
1730381400,102.81000,103.78000,101.56000,101.68000,3732300
1730467800,102.01000,102.06000,99.57000,100.00000,2832700
1730730600,99.49000,100.54000,98.20000,99.15000,2088300
1730817000,99.01000,99.85000,98.35000,99.82000,2062100
1730903400,98.65000,99.80000,98.14000,98.96000,3701800
1730989800,99.02000,99.69000,97.24000,97.58000,3061400
1731076200,98.14000,98.91000,97.43000,98.13000,2915300
1731335400,97.63000,98.97000,97.59000,98.48000,1968400
1731421800,98.48000,98.48000,96.84000,97.04000,2682800
1731508200,96.79000,96.88000,94.89000,95.41000,2129500
1731594600,95.70000,95.88000,95.06000,95.24000,2112600
1731681000,95.00000,96.49000,95.00000,96.44000,2239200
1731940200,96.04000,96.94000,95.82000,96.45000,1838700
1732026600,96.46000,97.08000,95.32000,96.97000,1861400
1732113000,96.60000,97.93000,96.43000,97.88000,2119600
1732199400,97.93000,98.71000,97.35000,98.70000,1470600
1732285800,98.90000,99.25000,98.20000,98.36000,1186000
1732545000,98.46000,99.48000,98.18000,99.47000,3996100
1732631400,99.72000,101.81000,99.55000,101.70000,2435300
1732717800,102.31000,102.65000,101.42000,101.58000,1330400
1732890600,101.40000,101.80000,100.48000,100.59000,952300
1733149800,100.84000,100.84000,98.20000,98.50000,1911600
1733236200,99.38000,99.38000,97.52000,97.53000,1536000
1733322600,96.50000,96.89000,95.90000,96.62000,5090600
1733409000,96.69000,97.32000,96.41000,96.50000,2615800
1733495400,96.50000,96.68000,94.32000,94.82000,2813500
1733754600,94.64000,95.42000,93.93000,94.78000,2529500
1733841000,94.64000,94.99000,93.24000,94.69000,1695400
1733927400,94.65000,94.65000,92.40000,92.75000,2352400
1734013800,93.44000,93.74000,92.42000,92.61000,2300200
1734100200,92.60000,93.15000,92.10000,92.69000,1868500
1734359400,92.57000,92.88000,91.04000,91.26000,3004500
1734445800,90.81000,91.92000,90.43000,90.84000,2172200
1734532200,90.70000,90.79000,88.76000,88.87000,2677500
1734618600,88.68000,90.25000,88.37000,89.07000,2555700
1734705000,88.78000,90.53000,88.78000,90.03000,4876400
1734964200,89.89000,89.89000,88.79000,89.67000,1979000
1735050600,89.40000,89.73000,89.10000,89.58000,653900
1735223400,89.23000,90.13000,89.00000,89.59000,1879800
1735309800,89.00000,89.96000,88.83000,89.56000,1319600
1735569000,89.47000,89.48000,88.41000,89.16000,1377800
1735655400,89.30000,89.64000,88.59000,89.23000,1641000
1735828200,89.73000,90.09000,88.68000,89.03000,1557900
1735914600,89.13000,89.85000,88.74000,89.24000,1954100
1736173800,88.44000,88.83000,87.70000,88.37000,1981200
1736260200,88.70000,89.17000,87.72000,88.00000,2861200
1736346600,87.88000,89.04000,87.52000,89.01000,1793000
1736519400,88.22000,89.11000,87.79000,88.15000,2243200
1736778600,88.37000,88.48000,87.28000,88.47000,1883600
1736865000,88.47000,89.58000,88.26000,89.37000,2104000
1736951400,89.82000,90.55000,89.42000,90.23000,1971800
1737037800,90.05000,92.23000,90.02000,92.22000,2097600
1737124200,91.99000,93.83000,91.74000,93.65000,3516800
1737469800,93.87000,94.96000,92.89000,93.21000,2761500
1737556200,92.87000,92.87000,90.66000,90.77000,1805200
1737642600,91.24000,91.44000,90.35000,90.76000,1649700
1737729000,90.40000,91.06000,90.36000,90.60000,2597000
1737988200,91.96000,96.07000,91.77000,94.89000,4043800
1738074600,94.40000,94.82000,93.32000,93.39000,2470600
1738161000,93.40000,93.85000,92.29000,92.57000,1935900
1738247400,93.10000,94.03000,92.70000,93.86000,2274000
1738333800,93.55000,94.24000,93.24000,93.74000,6072700
1738593000,93.74000,96.06000,93.67000,95.62000,3234900
1738679400,94.60000,95.40000,93.64000,94.91000,2186500
1738765800,95.81000,96.44000,95.19000,96.19000,1874100
1738852200,96.30000,96.34000,94.82000,95.42000,1586800
1738938600,95.11000,96.21000,94.64000,96.08000,1520000
1739197800,96.00000,96.83000,95.24000,96.70000,1570600
1739284200,96.57000,96.73000,95.75000,96.31000,3162400
1739370600,95.39000,95.61000,93.52000,94.57000,3704200
1739457000,94.60000,95.98000,94.49000,95.66000,1860300
1739543400,96.00000,96.39000,94.89000,94.92000,1948200
1739889000,94.79000,96.07000,94.54000,95.76000,2568500
1739975400,94.89000,95.94000,94.50000,95.26000,1857500
1740061800,95.01000,96.00000,94.50000,95.76000,2580200
1740148200,96.06000,99.34000,95.87000,98.26000,4414800
1740407400,98.81000,100.75000,98.30000,99.68000,2943100
1740493800,100.24000,101.95000,99.72000,100.97000,3481300
1740580200,100.19000,100.43000,99.10000,99.96000,2072700
1740666600,98.96000,100.82000,98.37000,99.92000,3313900
1740753000,101.11000,101.64000,99.83000,101.52000,5254600
1741012200,100.88000,104.31000,100.88000,104.02000,3555900
1741098600,104.80000,105.86000,102.11000,102.15000,3592000
1741185000,101.02000,101.66000,99.68000,100.20000,5509700
1741271400,100.24000,101.60000,98.97000,100.91000,4345900
1741357800,101.32000,104.08000,100.78000,103.64000,2865800
1741613400,104.28000,107.97000,104.00000,106.66000,3471800
1741699800,106.23000,106.66000,103.70000,103.77000,2731300
1741786200,102.41000,103.39000,101.92000,102.64000,3739200
1741872600,103.47000,105.35000,103.35000,104.57000,2392100
1741959000,103.87000,106.71000,103.80000,106.41000,3779200
1742218200,106.41000,108.43000,105.96000,107.62000,3930600
1742304600,107.22000,108.01000,106.54000,107.81000,3275700
1742391000,107.40000,107.96000,106.81000,107.49000,2293600
1742477400,107.78000,108.62000,107.03000,108.48000,1896200
1742563800,108.22000,109.36000,107.37000,107.80000,4415400
1742823000,107.22000,108.30000,106.81000,106.83000,1897800
1742909400,106.77000,106.77000,104.61000,105.55000,2543800
1742995800,105.87000,107.78000,105.27000,107.46000,1925000
1743082200,108.00000,108.39000,107.24000,107.89000,1859100
1743168600,108.88000,109.44000,108.12000,108.77000,2392300
1743427800,109.61000,111.11000,109.06000,110.59000,2920400
1743514200,110.19000,110.68000,109.13000,110.06000,2507600
1743600600,110.29000,110.84000,109.05000,109.58000,2015200
1743687000,112.43000,113.45000,111.39000,112.72000,4175500
1743773400,114.00000,114.87000,108.12000,109.32000,6395600
1744032600,107.04000,109.32000,105.21000,105.40000,4405500
1744119000,106.83000,108.27000,104.83000,106.05000,2683000
1744205400,105.16000,108.71000,103.28000,105.77000,4912800
1744291800,106.48000,109.49000,105.57000,108.30000,3381900
1744378200,108.18000,110.64000,106.96000,109.84000,2617200
1744637400,109.28000,112.45000,108.90000,112.25000,2132900
1744723800,112.42000,112.88000,111.58000,111.81000,2314400
1744810200,112.63000,112.98000,111.06000,111.44000,2132900
1744896600,111.47000,113.41000,111.40000,112.10000,2055200
1745242200,111.89000,112.15000,109.98000,110.96000,2333900
1745328600,111.50000,113.56000,111.47000,113.30000,1833500
1745415000,112.23000,113.10000,111.34000,112.52000,2098400
1745501400,112.28000,112.50000,110.78000,111.29000,2389200
1745587800,111.38000,111.48000,109.75000,110.45000,2820700
1745847000,110.26000,111.27000,108.86000,111.13000,2938200
1745933400,110.95000,112.38000,110.32000,112.13000,2000400
1746019800,112.81000,113.27000,110.70000,112.75000,4940600
1746106200,112.90000,113.46000,111.54000,112.56000,3265400
1746192600,110.36000,111.89000,109.25000,110.03000,3421800
1746451800,110.34000,110.67000,108.90000,109.52000,3225200
1746538200,109.84000,111.34000,109.03000,110.47000,2186800
1746624600,110.21000,111.76000,110.21000,111.04000,3555200
1746711000,110.65000,110.95000,107.50000,107.75000,3652300
1746797400,108.20000,108.20000,107.04000,107.68000,2248900
1747056600,105.63000,106.60000,102.95000,103.54000,3918400
1747143000,103.25000,103.31000,100.10000,100.58000,4495900
1747229400,99.27000,99.60000,97.78000,99.27000,3383900
1747315800,100.14000,102.09000,99.87000,102.01000,3497300
1747402200,102.03000,104.43000,101.70000,104.29000,2758900
1747661400,104.35000,105.41000,103.90000,105.38000,2047800
1747747800,105.05000,106.08000,105.01000,105.71000,2177700
1747834200,105.62000,105.91000,104.75000,105.22000,2741200
1747920600,104.98000,104.98000,102.95000,103.42000,2266100
1748007000,104.38000,104.68000,102.45000,104.10000,2116000
1748352600,104.27000,104.48000,103.47000,103.97000,2638900
1748439000,103.63000,104.15000,101.93000,102.11000,1945700
1748525400,101.69000,103.73000,101.48000,103.38000,2762900
1748611800,103.48000,105.10000,102.95000,104.49000,6398500
1748871000,103.64000,104.81000,103.16000,103.86000,2292200
1748957400,103.86000,103.89000,102.18000,103.24000,2316600
1749043800,103.23000,103.80000,101.89000,102.21000,1845700
1749130200,102.50000,102.50000,101.27000,102.27000,2734400
1749216600,102.11000,102.55000,101.08000,101.61000,1694500
1749475800,101.36000,101.98000,100.58000,101.11000,1781800
1749562200,101.40000,102.73000,100.91000,102.40000,2311800
1749648600,102.19000,102.70000,101.80000,102.55000,2439100
1749735000,103.14000,103.77000,102.67000,103.76000,1902600
1749821400,103.94000,105.28000,103.70000,103.96000,3337400
1750080600,104.00000,104.52000,100.93000,101.63000,2738000
1750167000,101.61000,101.76000,100.50000,101.35000,2844900
1750253400,101.50000,101.89000,100.58000,100.73000,2620500
1750426200,100.67000,101.82000,100.51000,100.97000,7504200
1750685400,101.81000,102.47000,100.64000,101.15000,3957800
1750771800,100.67000,101.34000,100.07000,100.19000,2952900
1750858200,99.34000,99.93000,97.34000,98.05000,4396800
1750944600,98.31000,98.69000,97.90000,98.41000,2655600
1751031000,98.40000,98.66000,97.84000,98.15000,2880100
1751290200,98.83000,100.43000,98.60000,100.35000,2930500
1751376600,100.77000,101.61000,99.58000,100.78000,2749100
1751463000,100.40000,101.28000,99.09000,99.92000,2485800
1751549400,100.38000,100.76000,99.69000,100.31000,1316600
1751895000,100.30000,100.40000,99.25000,99.71000,1800700
1751981400,98.64000,100.00000,97.90000,99.31000,3451200
1752067800,99.40000,100.35000,99.00000,99.97000,2782500
1752154200,99.20000,101.38000,99.20000,101.07000,1851800
1752240600,100.46000,101.31000,99.83000,100.59000,1853700
1752499800,100.56000,101.97000,100.30000,101.01000,1409800
1752586200,100.38000,100.71000,99.49000,99.95000,1731200
1752672600,99.78000,100.65000,99.58000,100.46000,1865400
1752759000,100.14000,100.97000,99.94000,100.60000,2131700
1752845400,101.00000,101.77000,100.49000,101.08000,1813500
1753104600,101.04000,102.81000,101.01000,102.07000,1667800
1753191000,102.31000,104.33000,102.26000,103.59000,1663800
1753277400,103.37000,103.90000,101.96000,102.55000,2563100
1753363800,102.47000,102.80000,101.75000,102.05000,2467800
1753450200,101.97000,102.65000,101.49000,102.26000,1375700
1753709400,101.88000,101.94000,100.47000,100.98000,1995200
1753795800,101.02000,102.27000,100.80000,102.24000,1265000
1753882200,102.14000,103.66000,101.76000,102.59000,1565100
1753968600,101.68000,103.57000,101.46000,103.50000,3483200
1754055000,104.61000,105.10000,103.56000,104.44000,2272600
1754314200,104.45000,105.69000,104.19000,105.36000,2345100
1754400600,105.12000,106.01000,104.18000,104.18000,2515900
1754487000,104.16000,105.21000,103.76000,104.15000,1993200
1754573400,103.55000,105.58000,103.50000,105.00000,2577700
1754659800,106.16000,106.16000,103.86000,104.48000,2796400
1754919000,104.45000,104.67000,103.14000,104.12000,2357100
1755005400,104.11000,104.38000,102.69000,103.69000,2578800
1755091800,102.86000,103.66000,102.24000,103.66000,2728400
1755178200,103.45000,103.66000,102.52000,102.86000,2171700
1755264600,100.13000,102.20000,100.13000,100.77000,3098700
1755523800,100.85000,100.97000,99.72000,99.74000,2789300
1755610200,99.88000,101.18000,99.59000,101.10000,3948400
1755696600,101.97000,103.08000,101.23000,101.76000,3216400
1755783000,101.56000,102.30000,101.12000,101.50000,2282700
1755869400,102.20000,102.75000,100.83000,101.65000,2753100
1756128600,101.16000,101.47000,99.71000,99.95000,2498900
1756215000,100.04000,100.46000,99.38000,99.72000,3309500
1756301400,99.88000,100.33000,99.52000,100.07000,4313800
1756387800,99.85000,99.97000,97.88000,98.17000,2400200
1756474200,98.27000,98.55000,98.01000,98.23000,4220000
1756819800,98.29000,98.29000,96.55000,97.20000,3019300
1756906200,96.95000,97.89000,96.61000,97.85000,4306700
1756992600,98.60000,98.81000,97.35000,97.80000,2033300
1757079000,97.97000,98.31000,97.35000,98.05000,1724500
1757338200,97.91000,98.15000,96.22000,96.65000,2189400
1757424600,96.28000,97.35000,96.15000,96.98000,1282700
1757511000,97.07000,97.34000,96.46000,97.08000,1603600
1757597400,96.97000,97.78000,96.51000,97.70000,1690000
1757683800,97.57000,98.56000,97.10000,97.55000,1249400
1757943000,97.60000,97.63000,96.79000,97.00000,1351900
1758029400,96.51000,96.88000,95.26000,95.57000,2116600
1758115800,96.29000,97.30000,96.15000,96.40000,1879800
1758202200,95.74000,96.91000,95.69000,96.35000,1815600
1758288600,96.54000,96.91000,95.90000,96.33000,4091700
1758547800,96.38000,96.95000,95.97000,96.62000,1939000
1758634200,96.36000,98.64000,96.30000,98.55000,2204300
1758720600,98.29000,99.27000,98.29000,98.81000,1611600
1758807000,99.50000,99.85000,98.23000,98.35000,1848500
1758893400,98.74000,99.92000,98.19000,99.62000,1947300
1759152600,99.57000,99.79000,98.76000,99.57000,1875300
1759239000,99.58000,100.76000,99.10000,100.52000,2199200
1759325400,100.22000,100.57000,98.05000,98.17000,2301800
1759411800,98.18000,98.46000,97.31000,97.64000,1449500
1759498200,97.67000,99.28000,97.61000,98.81000,1676200
1759757400,98.67000,99.35000,98.42000,99.33000,1769800
1759843800,99.16000,100.36000,98.39000,100.04000,1722000
1759930200,100.21000,100.90000,99.71000,100.83000,1570400
1760016600,101.27000,102.28000,100.77000,100.80000,1816100
1760103000,101.48000,102.71000,100.88000,102.39000,2059200
1760362200,102.10000,102.49000,100.15000,100.86000,1515700
1760448600,101.71000,102.70000,101.33000,101.89000,1423300
1760535000,101.68000,102.81000,101.60000,102.29000,1556600
1760621400,102.68000,103.14000,100.98000,101.07000,1558800
1760707800,101.40000,101.73000,100.43000,101.19000,1597600
1760967000,101.72000,101.94000,100.85000,101.72000,1129300
1761053400,101.72000,102.00000,100.89000,101.56000,1116900
1761139800,101.50000,103.10000,100.87000,101.94000,1509000
1761226200,102.66000,102.66000,100.07000,100.77000,1302800
1761312600,100.49000,101.06000,99.84000,100.04000,1036400
1761571800,99.31000,100.47000,99.08000,100.22000,1537600
1761658200,99.70000,99.96000,98.53000,98.55000,1156300
1761744600,98.48000,98.86000,96.88000,97.00000,1804100
1761831000,97.31000,98.85000,97.07000,98.19000,2073000
1761917400,97.24000,97.79000,96.11000,97.41000,2770700
1762180200,96.80000,96.95000,95.50000,96.64000,1692200
1762266600,97.78000,98.00000,97.04000,97.96000,1614500
1762353000,98.00000,98.62000,95.65000,96.11000,2273800
1762439400,96.97000,98.38000,96.50000,96.99000,3064400
1762525800,97.68000,99.88000,97.25000,98.52000,2924400
1762785000,98.06000,98.86000,97.41000,98.24000,2188900
1762871400,98.64000,99.77000,98.15000,99.59000,1779700
1762957800,99.30000,100.27000,98.97000,100.19000,1340200
1763044200,100.20000,101.19000,99.12000,100.95000,1977700
1763130600,101.69000,102.55000,100.90000,101.66000,2443200
1763389800,102.22000,103.98000,101.75000,103.85000,3007600
1763476200,103.54000,104.08000,102.81000,102.91000,2585400
1763562600,102.11000,102.11000,100.14000,100.38000,3059700
1763649000,100.26000,101.38000,99.93000,100.95000,2462200
1763735400,101.48000,103.28000,99.55000,100.16000,4721900
1763994600,100.33000,100.35000,98.72000,98.92000,7708000
1764081000,99.85000,100.29000,98.63000,98.85000,2127200
1764167400,99.22000,100.29000,98.85000,100.14000,1305700
1764340200,100.58000,100.89000,100.03000,100.36000,1063300
1764599400,99.74000,100.24000,97.72000,97.88000,2744600
1764685800,97.92000,98.13000,96.78000,96.87000,2753100
1764772200,97.46000,98.19000,96.17000,96.45000,1761600
1764858600,96.39000,97.34000,95.89000,96.22000,2303500
1764945000,96.00000,96.91000,95.96000,96.60000,1775800
1765204200,96.57000,96.57000,94.96000,95.45000,2089300
1765290600,95.83000,96.71000,95.56000,95.82000,1823300
1765377000,95.64000,96.16000,95.19000,95.41000,1848900
1765463400,95.67000,97.24000,95.39000,95.64000,1396800
1765549800,95.67000,98.00000,95.45000,97.53000,2638200
1765809000,97.67000,99.48000,97.49000,99.39000,2388100
1765895400,99.55000,99.66000,98.72000,98.90000,2321100
1765981800,98.64000,100.33000,98.51000,100.21000,2330700
1766068200,99.83000,100.24000,99.00000,99.99000,2345300
1766154600,100.06000,100.06000,98.06000,98.06000,4366200
1766413800,97.50000,98.78000,97.11000,98.57000,1526200
1766500200,98.69000,99.33000,98.33000,98.95000,1485100
1766586600,99.15000,99.57000,98.85000,99.53000,522600
1766759400,99.28000,99.77000,98.92000,99.30000,611500
1767018600,99.48000,100.08000,99.20000,99.54000,1647900
1767105000,99.61000,100.17000,99.33000,99.89000,1019900
1767191400,99.84000,100.03000,99.23000,99.32000,1218200
1767364200,99.63000,100.60000,98.52000,99.99000,1441100
1767623400,99.48000,99.48000,96.96000,98.50000,2112400
1767709800,98.71000,99.55000,98.17000,99.32000,1643800
1767796200,99.70000,100.17000,98.87000,99.37000,1638800
1767882600,99.30000,101.27000,99.06000,100.18000,1717600
1767969000,100.17000,101.00000,99.20000,99.21000,1354200
1768228200,99.58000,100.68000,98.38000,98.83000,1987100
1768314600,98.34000,100.26000,98.24000,100.21000,2073300
1768401000,100.30000,102.02000,100.09000,101.47000,1963000
1768487400,101.36000,102.78000,101.32000,102.58000,1813500
1768573800,102.06000,103.95000,101.88000,103.81000,2201800
1768919400,104.01000,105.10000,103.55000,105.05000,2525800
1769005800,105.21000,105.62000,103.08000,103.84000,2386300
1769092200,103.60000,104.48000,101.25000,103.18000,3486400
1769178600,103.40000,104.18000,102.97000,103.87000,2105600
1769437800,104.43000,105.61000,104.19000,104.59000,1208800
1769524200,104.25000,105.48000,104.07000,105.35000,1345500
1769610600,105.71000,106.47000,104.84000,105.18000,1399700
1769697000,105.53000,106.74000,105.02000,105.96000,1788400
1769783400,106.18000,106.85000,105.08000,106.63000,1873900
1770042600,107.24000,107.39000,104.48000,105.42000,2286500
1770129000,105.63000,107.82000,104.97000,107.45000,1988600
1770215400,108.10000,109.57000,107.51000,108.38000,2463000
1770301800,109.27000,110.13000,108.50000,108.87000,1811100
1770388200,109.56000,110.60000,106.70000,107.34000,2743700
1770647400,107.29000,108.00000,106.10000,106.68000,1294300
1770733800,107.14000,109.57000,106.53000,108.43000,2368100
1770820200,108.11000,109.98000,107.65000,109.87000,1354500
1770906600,110.00000,112.92000,109.45000,111.72000,1523200
1770993000,111.77000,114.02000,110.98000,113.72000,2275100
1771338600,114.61000,115.25000,113.06000,113.92000,2565500
1771425000,112.84000,113.26000,111.05000,111.61000,1844800
1771511400,112.24000,112.93000,111.47000,111.92000,2764500
1771597800,114.00000,114.00000,109.06000,109.81000,3485300
1771857000,111.01000,113.01000,110.00000,112.14000,2649300
1771943400,110.26000,111.44000,110.00000,111.01000,6871300
1772029800,111.21000,111.52000,109.90000,111.00000,2679200
1772116200,111.61000,111.81000,110.55000,110.76000,2713300
1772202600,111.68000,112.95000,111.02000,112.52000,5310700
1772461800,112.48000,113.75000,111.88000,112.06000,2699100
1772548200,111.50000,113.31000,109.89000,112.36000,2740400
1772634600,112.37000,112.70000,110.62000,112.49000,2267100
1772721000,111.99000,112.20000,110.25000,110.71000,2703600
1772807400,110.98000,112.56000,110.00000,112.28000,2341300
1773063000,112.54000,112.75000,111.09000,111.80000,2255800
1773149400,111.35000,112.26000,110.69000,111.30000,1615400
1773235800,111.20000,111.98000,110.65000,111.74000,1438200
1773322200,111.73000,114.40000,111.21000,113.13000,1748400
1773408600,114.16000,115.37000,113.55000,114.88000,1762600
1773667800,115.62000,115.75000,114.32000,115.46000,2851100
1773754200,116.10000,116.23000,114.66000,114.90000,1792400
1773840600,114.57000,114.76000,113.37000,113.53000,1175000
1773927000,113.62000,113.88000,111.38000,111.69000,1764100
1774013400,111.82000,111.97000,108.82000,109.45000,4150000
1774272600,110.83000,110.83000,108.81000,109.11000,1735300
1774359000,108.99000,111.19000,108.48000,109.88000,1505200
1774445400,110.21000,111.13000,109.33000,110.03000,1927200
1774531800,110.23000,112.09000,109.97000,111.52000,1501100
1774618200,111.78000,112.09000,110.90000,111.68000,1776500
1774877400,112.86000,113.97000,111.95000,113.39000,2271900
1774963800,114.07000,114.07000,111.41000,113.18000,4177000
1775050200,112.47000,114.06000,112.20000,113.91000,1690300
1775136600,114.57000,115.86000,114.17000,115.43000,1614400
1775482200,114.70000,115.62000,114.17000,114.61000,1199000
1775568600,114.80000,115.67000,114.36000,114.46000,1360200
1775655000,112.09000,113.68000,111.06000,113.57000,2617500
1775741400,113.45000,115.66000,113.45000,114.98000,1742900
1775827800,113.93000,115.29000,113.23000,113.56000,1123400
1776087000,113.54000,113.73000,111.22000,111.89000,1488500
1776173400,111.41000,111.93000,110.48000,111.66000,1815000
1776259800,110.82000,111.45000,109.95000,110.28000,1668900
1776346200,110.03000,111.06000,109.26000,110.52000,1621800
1776432600,109.76000,110.32000,108.21000,110.15000,2109400
1776691800,109.65000,111.34000,109.24000,109.67000,1424400
1776778200,109.84000,110.34000,107.98000,108.19000,1528000
1776864600,108.94000,109.53000,107.65000,108.13000,1497700
1776951000,109.26000,110.53000,108.59000,110.25000,1638800
1777037400,109.45000,110.00000,108.66000,109.06000,1418000
1777296600,109.36000,110.13000,108.81000,108.83000,1260100
1777383000,110.22000,110.49000,108.96000,109.62000,1574000
1777469400,108.99000,110.03000,108.33000,108.88000,1512400
1777555800,109.04000,111.57000,108.06000,111.49000,2918800
1777642200,111.47000,112.43000,110.48000,110.49000,2280600
1777901400,110.04000,111.33000,109.19000,109.63000,2909900
1777987800,109.66000,110.33000,108.90000,109.15000,1776100
1778074200,109.14000,109.30000,106.77000,106.87000,2281200
1778160600,106.16000,107.09000,105.32000,106.39000,3106200
1778247000,107.30000,107.61000,104.62000,106.31000,2580100
1778506200,106.95000,107.67000,105.69000,106.21000,2115200
1778592600,107.28000,107.61000,106.01000,106.90000,3283700
1778679000,105.13000,106.36000,104.71000,106.16000,2464000
1778765400,106.47000,107.32000,105.97000,107.13000,2006400
1778851800,107.40000,107.51000,105.31000,105.36000,2328400
1779111000,106.16000,107.62000,105.60000,106.51000,3061500
1779197400,107.59000,108.81000,106.55000,108.14000,3361400
1779283800,107.78000,108.33000,105.89000,106.30000,1945000
1779370200,106.59000,107.80000,106.31000,107.40000,1731700
1779456600,107.10000,108.76000,106.70000,108.54000,2238100
1779802200,108.25000,108.62000,107.66000,107.70000,1933600
1779888600,107.45000,109.24000,107.09000,108.01000,3157900
1779975000,108.09000,108.56000,106.08000,106.30000,2083500
1780061400,106.36000,107.25000,105.08000,105.63000,8332600
1780320600,105.00000,105.15000,103.60000,103.60000,1940500
1780407000,102.87000,104.75000,102.87000,103.79000,3356400
1780493400,104.26000,106.40000,103.41000,103.48000,2838700
1780579800,104.01000,104.71000,102.82000,104.08000,1910200
1780666200,104.92000,107.45000,104.50000,106.26000,1810100
1780925400,105.83000,106.25000,104.29000,104.31000,1733200
1781011800,104.92000,107.72000,104.05000,106.40000,2044900
1781098200,109.01000,109.02000,106.70000,107.60000,2359200
1781184600,108.74000,109.42000,106.62000,106.84000,2106900
1781271000,107.08000,108.35000,106.95000,107.74000,1916100
1781530200,107.11000,108.59000,106.35000,107.72000,2228400
1781616600,107.69000,109.23000,107.20000,108.37000,1657100
1781703000,107.47000,108.22000,106.15000,107.04000,2592800
1781789400,106.63000,107.85000,105.69000,106.36000,6555000
1782135000,106.47000,107.81000,105.92000,106.92000,3165000
1782221400,107.68000,109.07000,107.00000,108.75000,2420300
1782307800,109.18000,110.86000,108.87000,110.72000,3070400
1782394200,110.76000,111.63000,109.85000,110.76000,1738800
1782480600,111.70000,112.16000,110.78000,112.06000,2642400
1782739800,111.65000,112.40000,111.24000,112.29000,1676500
1782826200,111.60000,112.23000,110.43000,110.63000,2187200
1782912600,110.93000,111.49000,110.35000,110.95000,1906800
1782999000,112.19000,114.09000,111.40000,113.99000,2172100
1783344600,113.63000,113.63000,111.74000,111.94000,2617200
1783431000,113.20000,115.26000,112.54000,112.99000,2916400
1783517400,113.64000,114.17000,111.81000,112.09000,1582900
1783603800,111.93000,112.26000,110.22000,110.27000,2051900
1783690200,110.27000,111.43000,110.18000,111.12000,1343900
1783949400,111.61000,112.53000,111.09000,111.82000,2070200
1784035800,111.99000,112.83000,111.37000,111.96000,1619800
1784122200,111.49000,112.24000,110.20000,110.31000,1476200
1784208600,110.62000,112.40000,110.23000,112.39000,1661600
1784295000,113.80000,115.20000,111.07000,112.37000,2449700
1784554200,112.84000,113.24000,110.59000,111.05000,2006900
1784640600,110.45000,110.71000,109.41000,109.81000,1782900
1784727000,111.13000,112.32000,110.15000,112.09000,1674200
1784813400,111.36000,113.01000,110.98000,112.79000,2875200
1784899800,113.20000,114.47000,112.57000,113.01000,2971900
1785159000,112.37000,113.36000,111.39000,111.50000,2393900
1785245400,112.79000,114.58000,111.90000,111.98000,2395600
1785331800,112.58000,114.21000,111.44000,112.25000,2324500
1785418200,111.77000,112.03000,108.58000,109.66000,2762900
1785504600,109.00000,109.94000,108.22000,108.85000,2787200
1785763800,108.30000,109.25000,107.41000,107.95000,2042900
1785850200,107.41000,108.67000,106.12000,108.41000,2432500
1785936600,108.51000,108.61000,106.52000,108.32000,2198800
1786023000,109.30000,109.87000,107.49000,108.95000,2988000
1786109400,108.04000,108.71000,106.56000,107.98000,2160900
1786368600,107.39000,107.70000,105.96000,106.30000,2655300
1786455000,105.99000,107.64000,105.90000,107.50000,1862000
1786541400,107.53000,108.57000,106.55000,107.78000,2561700
1786627800,108.00000,108.56000,107.76000,108.39000,2030000
1786714200,108.02000,109.34000,107.95000,108.80000,1323500
1786973400,108.48000,109.27000,108.08000,108.99000,1602400
1787059800,110.33000,110.38000,108.48000,109.16000,3925300
1787146200,109.00000,109.79000,107.56000,108.00000,2587000
1787232600,107.50000,109.06000,107.44000,108.31000,2315300
1787319000,108.34000,108.41000,106.18000,106.35000,2310700
1787578200,107.52000,107.81000,105.51000,107.71000,2248300
1787664600,107.67000,107.74000,106.69000,107.09000,1571400
1787751000,107.26000,108.28000,107.00000,108.05000,1935600
1787837400,107.04000,107.25000,106.12000,106.69000,1479700
1787923800,107.24000,107.72000,106.76000,107.49000,1657100
