time,open,high,low,close,tick_volume
1472540400,295.20001,300.89999,290.79999,297.39999,1667828
1472626800,294.50000,300.50000,294.50000,297.29999,967050
1472713200,299.70001,324.10001,298.89999,315.60001,2037688
1472799600,315.60001,329.79999,312.10001,327.39999,1641252
1473058800,329.39999,334.60001,322.60001,332.29999,1486808
1473145200,331.89999,356.01999,327.83200,349.60001,2811405
1473231600,315.00000,337.50000,309.60001,319.29999,6634709
1473318000,324.10001,326.50000,313.89999,320.60001,4897465
1473404400,325.00000,337.39999,321.20001,327.39999,2934918
1473663600,325.60001,325.62000,314.39999,322.70001,1705393
1473750000,325.79999,327.10001,312.89999,313.29999,1977569
1473836400,316.29999,316.29999,301.60001,306.20001,2002304
1473922800,301.10001,302.29999,279.00000,290.39999,6072521
1474009200,288.10001,288.79999,283.29999,287.50000,2496760
1474268400,291.29999,291.70001,280.39999,282.00000,5785846
1474354800,282.50000,291.70001,282.39999,286.00000,2296004
1474441200,286.10001,290.82001,281.50000,285.50000,1983566
1474527600,289.10001,289.10001,280.00000,286.89999,1656012
1474614000,290.00000,309.70001,288.81699,302.79999,4305000
1474873200,299.00000,303.17999,284.50000,284.50000,2398675
1474959600,286.70001,290.81000,271.57999,280.20001,1831266
1475046000,278.20001,289.70001,278.20001,284.20001,1570753
1475132400,286.20001,290.26001,279.73001,284.89999,868470
1475218800,280.60001,289.00800,278.10001,287.29999,1305711
1475478000,288.50000,301.00000,282.89999,293.20001,1549580
1475564400,297.70001,299.70001,290.70001,293.79999,1492903
1475650800,291.50000,301.39999,291.50000,298.50000,1266560
1475737200,299.39999,302.70001,295.50000,300.39999,1214712
1475823600,299.70001,302.21201,261.81400,273.00000,7005348
1476082800,272.60001,275.70001,260.60001,270.50000,2613332
1476169200,270.50000,296.50000,265.49701,293.50000,3315198
1476255600,295.20001,295.20001,278.10001,279.70001,3048311
1476342000,283.29999,286.89999,273.29999,275.10001,1808783
1476428400,279.10001,282.50000,272.20001,281.10001,1961082
1476687600,282.29999,287.71201,272.79999,273.50000,2110522
1476774000,272.60001,281.20001,271.79999,279.50000,3036429
1476860400,280.00000,283.50000,274.39999,282.79999,1439182
1476946800,284.50000,290.00000,279.15799,281.79999,1043215
1477033200,282.39999,287.29999,277.70001,278.79999,867563
1477292400,281.70001,287.79999,275.70001,275.79999,1181967
1477378800,280.00000,280.60001,275.00000,275.50000,1191024
1477465200,277.70001,287.79999,273.29999,284.39999,2014149
1477551600,285.29999,290.13000,280.29999,289.00000,1065422
1477638000,290.00000,290.00000,281.70001,285.39999,988821
1477900800,286.10001,289.09000,275.50000,276.70001,1156547
1477987200,277.89999,281.39999,274.70001,276.29999,1020427
1478073600,280.00000,292.79999,273.60001,292.79999,2022658
1478160000,293.00000,314.10001,284.39999,306.00000,4077866
1478246400,305.00000,308.20001,298.56100,307.79999,1604891
1478505600,309.20001,329.14801,306.50000,325.00000,3353340
1478592000,326.79999,330.00000,312.61600,313.79999,999552
1478678400,321.39999,321.39999,297.39999,314.10001,2209979
1478764800,317.10001,320.01199,307.39999,311.29999,4290438
1478851200,314.20001,320.70001,310.12000,320.70001,1123436
1479110400,325.39999,328.25000,314.20001,319.00000,1181200
1479196800,318.70001,324.70001,316.55899,321.79999,1160753
1479283200,317.60001,322.60001,317.39999,321.00000,771879
1479369600,320.00000,323.79999,317.82999,323.39999,936744
1479456000,323.39999,324.00000,317.81000,321.29999,1036997
1479715200,324.79999,324.79999,307.29999,315.60001,1089219
1479801600,317.70001,319.50000,313.39999,315.10001,619282
1479888000,317.50000,318.39999,302.29999,305.00000,1149187
1479974400,306.50000,309.20001,299.33301,304.79999,813045
1480060800,308.50000,308.50000,300.67200,302.20001,838353
1480320000,298.50000,303.09000,282.29999,298.39999,2149740
1480406400,295.00000,301.50000,292.39999,296.50000,720487
1480492800,297.60001,316.07101,296.39999,316.00000,3094247
1480579200,315.00000,318.77899,302.70001,306.10001,1645952
1480665600,305.50000,312.20001,299.20001,308.70001,1481472
1480924800,303.20001,311.67300,294.00000,305.89999,1331228
1481011200,306.20001,317.56100,304.79999,314.60001,1294287
1481097600,319.50000,322.60001,312.40302,314.89999,1639306
1481184000,309.20001,311.79001,278.50000,288.79999,5333991
1481270400,290.00000,290.00000,277.89999,283.00000,2622185
1481529600,290.00000,293.89999,281.79999,282.50000,1440495
1481616000,288.00000,292.39999,279.50000,291.50000,1252719
1481702400,293.50000,293.50000,280.39999,280.39999,2017615
1481788800,284.10001,285.00000,269.29999,279.89999,2615341
1481875200,278.89999,280.62799,274.20001,280.50000,2969417
1482134400,280.00000,281.31000,275.00000,276.50000,960926
1482220800,275.89999,284.53299,274.20001,277.00000,980964
1482307200,282.10001,282.60001,273.10001,273.79999,916281
1482393600,272.60001,279.50400,270.10001,276.50000,835061
1482480000,276.00000,280.89999,271.89999,272.39999,323349
1482912000,276.79999,281.39999,276.20001,279.20001,1004430
1482998400,278.10001,279.13000,273.50000,276.10001,639889
1483084800,274.00000,281.89999,274.00000,278.60001,271974
1483430400,282.00000,282.00000,271.00000,271.89999,1008019
1483516800,272.60001,272.60001,266.84000,268.29999,1456654
1483603200,269.20001,280.79999,269.00000,274.10001,1558082
1483689600,278.79999,280.20001,275.10001,279.50000,4671922
1483948800,281.70001,283.79999,277.06799,282.50000,6767847
1484035200,284.60001,285.22800,279.29001,285.00000,2218445
1484121600,285.60001,288.70001,281.50000,286.39999,2263767
1484208000,288.79999,290.14999,285.29999,287.50000,1397278
1484294400,288.50000,289.85001,282.08899,284.70001,1381123
1484553600,286.89999,288.29999,282.39999,285.00000,1969889
1484640000,287.20001,296.50000,281.60001,293.70001,3113900
1484726400,294.79999,296.39999,288.39999,293.39999,1994479
1484812800,294.79999,295.98999,287.20001,291.20001,1634332
1484899200,293.00000,296.29999,288.10001,290.50000,1796561
1485158400,291.00000,297.20001,287.86200,292.60001,3046695
1485244800,293.39999,293.39999,288.29999,291.00000,1919907
1485331200,293.39999,294.79999,290.39999,292.29999,1957520
1485417600,294.79999,294.79999,290.29999,291.39999,1806451
1485504000,292.00000,295.19000,289.20001,293.60001,1587421
1485763200,295.29999,297.39999,289.50000,290.00000,3742145
1485849600,291.29999,292.50000,279.29999,284.00000,2834806
1485936000,287.89999,298.39999,284.70001,298.39999,3462659
1486022400,297.79999,305.59601,297.79999,301.89999,3994150
1486108800,301.79999,304.10001,299.20001,300.00000,2554734
1486368000,300.00000,302.29999,296.03000,300.00000,1487959
1486454400,300.00000,303.10001,297.20001,301.50000,2220716
1486540800,302.00000,303.39999,299.29999,300.00000,1798189
1486627200,300.00000,302.20001,296.94000,300.00000,2353546
1486713600,300.00000,301.84000,297.67999,300.00000,1162123
1486972800,299.29999,301.34000,297.89999,300.00000,1329916
1487059200,300.00000,300.50000,297.79999,299.89999,1304844
1487145600,300.00000,301.19601,295.60001,296.70001,1930731
1487232000,297.70001,300.29999,295.39999,299.79999,1600867
1487318400,299.89999,300.70001,293.39999,296.10001,1942227
1487577600,298.79999,299.89999,293.29999,295.39999,1215067
1487664000,292.79999,299.00000,292.79999,296.79999,1502317
1487750400,297.10001,299.50000,296.50000,296.50000,1113990
1487836800,297.79999,298.70001,295.44000,297.00000,928278
1487923200,297.00000,299.82001,295.79999,299.00000,1217989
1488182400,299.89999,300.10001,297.50000,297.89999,1082750
1488268800,298.89999,299.50000,294.00000,297.00000,1254814
1488355200,297.00000,299.50000,294.89600,299.29999,1436270
1488441600,299.10001,300.26999,295.50000,298.00000,1442447
1488528000,298.50000,299.29999,291.50000,298.39999,1607749
1488787200,299.89999,301.47501,296.60001,299.39999,1769140
1488873600,298.70001,298.70001,279.20001,285.29999,5955484
1488960000,284.00000,294.10001,272.96799,292.29999,3634834
1489046400,293.39999,293.50000,285.79999,292.89999,1540011
1489132800,294.10001,294.89999,290.60001,293.10001,1626776
1489392000,294.00000,299.39999,292.70001,298.10001,1353959
1489478400,298.79999,300.35999,295.34000,297.10001,2264852
1489564800,299.50000,299.50000,292.50000,294.10001,5176028
1489651200,299.00000,299.00000,291.91000,293.89999,2019716
1489737600,295.00000,295.50000,290.60001,295.00000,4349426
1489996800,293.70001,295.89999,293.29999,294.29999,2003933
1490083200,295.20001,295.50000,290.79999,292.00000,1526858
1490169600,293.00000,293.70001,290.39999,291.79999,1460659
1490256000,291.20001,294.02802,289.60001,292.29999,2252678
1490342400,291.00000,294.79999,290.50000,292.29999,1833245
1490598000,292.50000,292.50000,290.20001,292.10001,1563980
1490684400,291.10001,293.05600,290.79999,292.10001,1767593
1490770800,292.10001,292.10001,290.79999,292.00000,1599116
1490857200,292.10001,297.29999,291.58801,294.79999,2696995
1490943600,295.60001,311.89999,295.20001,308.20001,2521929
1491202800,309.00000,309.39999,304.60001,304.89999,2112419
1491289200,306.00000,307.00000,299.10001,299.89999,1058619
1491375600,301.29999,302.00000,293.70001,295.20001,2190089
1491462000,294.70001,300.89999,290.20001,300.29999,1962863
1491548400,302.60001,307.27499,298.39999,306.89999,1149301
1491807600,299.89999,311.10001,299.89999,309.79999,995583
1491894000,308.89999,317.10001,307.69601,308.79999,1203866
1491980400,310.00000,310.38000,304.10001,306.20001,934855
1492066800,306.50000,312.22101,304.70001,311.10001,698472
1492498800,312.70001,321.23801,309.00000,318.60001,4312377
1492585200,314.20001,326.50000,314.00000,315.29999,2881827
1492671600,316.00000,320.48001,313.27899,315.00000,918374
1492758000,315.50000,319.00000,307.39999,308.00000,1467216
1493017200,311.39999,314.20001,306.60001,309.29999,1600199
1493103600,310.39999,312.50000,302.89999,308.29999,1034678
1493190000,309.00000,313.09601,305.50000,307.29999,2585676
1493276400,307.50000,309.89999,304.60001,308.00000,1258905
1493362800,309.00000,309.39999,306.69901,306.70001,903859
1493708400,309.79999,310.20001,306.36700,308.39999,2085873
1493794800,311.20001,312.89999,307.39999,309.50000,1340672
1493881200,309.60001,309.60001,306.00000,308.89999,946611
1493967600,308.50000,309.10001,300.10001,307.70001,1433509
1494226800,308.00000,309.39999,305.20001,307.00000,875572
1494313200,307.10001,310.29999,305.70001,308.29999,1048306
1494399600,311.00000,311.00000,305.89999,307.50000,1172169
1494486000,308.50000,314.00000,303.20001,303.50000,992968
1494572400,303.29999,306.20001,301.91000,304.70001,557538
1494831600,305.10001,306.89999,302.70001,304.60001,417284
1494918000,305.20001,306.20001,300.39999,303.00000,829235
1495004400,301.10001,302.70001,297.70001,299.89999,1689912
1495090800,299.70001,302.39999,296.61600,300.60001,1199101
1495177200,300.50000,302.39001,298.50000,298.89999,2348192
1495436400,300.60001,300.62000,298.79999,299.60001,2462398
1495522800,298.50000,301.89999,296.39999,297.10001,1182124
1495609200,297.00000,298.67001,293.39999,295.89999,1445386
1495695600,296.00000,298.29999,293.98801,297.29999,2847711
1495782000,297.00000,300.00000,295.89999,300.00000,3911430
1496127600,298.29999,300.00000,298.29999,299.00000,6925860
1496214000,299.00000,299.50000,294.79999,297.70001,2082915
1496300400,296.60001,298.79999,294.10001,295.00000,1841016
1496386800,295.50000,296.29999,290.10001,292.89999,1803075
1496646000,292.50000,298.00000,291.29999,295.00000,1958709
1496732400,295.00000,295.89999,285.60001,287.29999,1889926
1496818800,287.60001,291.72601,286.39999,287.89999,1787358
1496905200,288.50000,289.32001,285.29999,286.60001,1717073
1496991600,285.70001,291.10001,280.20001,290.39999,2344612
1497250800,290.00000,297.39999,288.60001,292.00000,1461714
1497337200,293.39999,299.00000,292.29999,297.60001,1639097
1497423600,297.29999,301.20001,297.29999,299.89999,1485149
1497510000,299.00000,300.50000,289.60001,291.29999,1936210
1497596400,290.79999,299.10001,290.79999,295.20001,2375890
1497942000,300.10001,301.50000,295.10001,295.10001,94041
1498028400,294.50000,296.60001,286.39999,287.29999,454965
1498114800,287.20001,287.39999,281.10001,284.50000,128853
1498201200,284.89999,292.50000,284.29999,290.50000,90949
1498460400,290.79999,299.00000,290.32001,295.55801,142334
1498546800,295.20001,297.00000,288.37900,293.00000,1545086
1498633200,292.10001,297.20001,292.00000,293.29999,109434
1498719600,293.00000,298.39999,291.00000,297.20001,153597
1498806000,298.00000,299.63000,290.17200,291.20001,148622
1499065200,292.79999,296.10001,290.10001,290.29999,1504891
1499151600,291.70001,294.00000,288.60001,293.60001,1796237
1499238000,294.89999,298.89999,293.20001,294.89999,2127514
1499324400,294.79999,299.00000,292.50000,292.79999,1540807
1499410800,292.79999,296.50000,288.29999,294.79999,1310694
1499670000,294.70001,298.60001,291.20001,293.29999,1477159
1499756400,293.29999,293.29999,293.29999,293.29999,0
1499842800,298.20001,300.70001,297.48001,299.89999,1462730
1499929200,299.89999,305.50000,299.50000,302.50000,1381541
1500015600,302.50000,304.89999,294.00000,295.89999,1202276
1500274800,294.00000,298.89999,291.50000,298.00000,1958996
1500361200,297.89999,301.39999,297.70001,300.00000,2914147
1500447600,300.10001,302.00000,298.89999,300.70001,1449720
1500534000,314.70001,344.00000,310.12399,335.10001,7766179
1500620400,334.89999,355.50000,331.10001,353.10001,6213860
1500879600,357.70001,365.70001,348.50000,361.10001,2728950
1500966000,361.79999,364.70001,331.53101,360.50000,2416425
1501052400,361.00000,365.79999,359.00000,361.39999,1283702
1501138800,363.50000,372.54800,363.10001,369.00000,1516159
1501225200,368.79999,372.50000,367.50000,368.00000,1588773
1501484400,367.70001,379.29999,367.39999,379.10001,2422869
1501570800,380.20001,384.23999,377.10001,379.29999,1406754
1501657200,378.20001,401.29999,378.20001,388.89999,2513119
1501743600,387.20001,399.36600,380.79999,394.79999,2508977
1501830000,392.79999,396.00000,382.29999,394.00000,1252004
1502089200,392.60001,399.60001,388.69000,397.29999,916035
1502175600,396.10001,412.68799,394.39999,410.00000,1873229
1502262000,407.00000,417.00000,403.00000,416.10001,1011988
1502348400,416.10001,417.79999,404.97000,417.29999,2451973
1502434800,414.60001,424.39999,413.60001,418.00000,1804192
1502694000,419.39999,420.89999,410.39999,412.60001,2713180
1502780400,412.79999,424.39999,409.98001,413.10001,1509861
1502866800,413.10001,420.89999,410.29999,414.10001,981898
1502953200,414.10001,414.79999,408.48001,412.20001,748498
1503039600,410.00000,414.79999,397.76001,402.20001,1355678
1503298800,403.50000,409.39999,398.56000,406.70001,813471
1503385200,407.20001,408.29999,383.79001,397.00000,2428746
1503471600,394.50000,401.39999,390.20001,399.29999,725669
1503558000,396.29999,396.70001,392.22101,393.79999,902898
1503644400,392.79999,396.60001,389.50000,391.00000,531959
1503990000,386.39999,389.50000,377.56299,383.50000,1093220
1504076400,386.70001,388.00000,378.72000,387.29999,549506
1504162800,387.60001,389.70001,382.50000,388.00000,1107382
1504249200,389.10001,396.70001,385.48999,390.70001,1290178
1504508400,388.70001,393.89999,384.34000,387.89999,3215183
1504594800,385.50000,390.57800,383.89999,384.20001,903531
1504681200,385.00000,397.89999,379.60001,389.60001,1677521
1504767600,388.60001,395.29999,385.10001,390.70001,2759217
1504854000,391.00000,406.10001,388.20001,400.00000,1227139
1505113200,400.20001,404.79999,390.39999,395.20001,1202265
1505199600,398.00000,402.70001,392.10001,401.29999,2540228
1505286000,401.00000,407.20001,394.70001,406.20001,1238969
1505372400,409.89999,413.29999,403.79999,405.60001,829836
1505458800,412.20001,412.20001,402.79999,412.00000,1826705
1505718000,412.89999,414.00000,398.59000,413.29999,649127
1505804400,412.00000,415.00000,402.99600,407.20001,878006
1505890800,408.60001,416.89999,408.50000,414.00000,764960
1505977200,415.60001,416.20001,408.50000,411.29999,501889
1506063600,412.79999,418.60001,410.10001,418.60001,776834
1506322800,418.89999,422.00000,415.42001,419.50000,608251
1506409200,419.60001,419.60001,406.76700,407.29999,678675
1506495600,409.60001,410.10001,404.39999,405.89999,621254
1506582000,407.10001,409.50000,404.70001,409.10001,662527
1506668400,409.60001,414.10001,402.09000,410.50000,650650
1506927600,411.20001,412.39999,407.60001,411.00000,537699
1507014000,411.79999,417.60001,406.20001,411.00000,1005837
1507100400,412.79999,413.10001,405.89999,408.20001,460537
1507186800,404.70001,407.69101,398.04999,398.29999,511884
1507273200,400.00000,400.00000,390.79999,393.29999,790739
1507532400,394.79999,395.36401,384.39999,388.10001,665195
1507618800,389.79999,389.89999,381.62500,389.89999,530170
1507705200,389.50000,400.20001,386.42999,399.60001,775668
1507791600,397.89999,397.89999,391.89999,393.39999,401072
1507878000,393.50000,400.39999,392.00000,398.79999,376632
1508137200,397.79999,397.79999,391.70001,394.29999,373259
1508223600,394.60001,394.94000,387.29999,391.79999,328800
1508310000,392.00000,393.79999,389.29001,390.39999,512651
1508396400,391.60001,392.00000,381.20001,386.70001,930563
1508482800,387.89999,392.50000,382.41000,388.00000,474046
1508742000,387.20001,396.89999,382.70001,392.89999,761099
1508828400,392.60001,393.20001,381.10001,391.10001,484979
1508914800,392.29999,397.50000,387.79999,396.00000,551141
1509001200,397.20001,402.00000,388.35001,402.00000,672662
1509087600,399.10001,404.04901,396.20001,397.29999,435908
1509350400,398.50000,400.92001,395.60001,399.39999,393594
1509436800,397.00000,399.60001,394.29999,395.39999,562046
1509523200,396.50000,398.20001,388.79999,394.50000,614452
1509609600,393.60001,397.39999,391.29999,395.79999,622725
1509696000,397.10001,401.00000,394.10001,400.89999,481602
1509955200,399.89999,399.89999,386.89999,388.39999,587329
1510041600,388.20001,392.50000,381.00000,391.10001,779614
1510128000,389.10001,393.39999,383.50000,392.00000,491313
1510214400,392.39999,392.39999,378.32001,381.20001,549346
1510300800,382.39999,383.73999,376.64999,381.10001,448924
1510560000,382.00000,383.60001,371.79001,378.39999,508424
1510646400,379.60001,382.60001,371.66501,382.60001,589362
1510732800,382.29999,388.10901,379.00000,379.79999,609108
1510819200,379.00000,380.89999,375.50000,376.79999,431416
1510905600,379.20001,386.00000,373.10001,384.50000,605662
1511164800,388.79999,394.29999,384.00000,391.00000,647049
1511251200,390.29999,391.00000,383.50000,384.39999,445598
1511337600,387.29999,388.70001,384.39999,385.70001,459155
1511424000,385.39999,387.50000,381.60001,381.79999,441974
1511510400,380.29999,385.10001,378.39999,379.79999,335405
1511769600,381.50000,381.50000,378.10001,378.10001,455357
1511856000,379.00000,380.10001,377.10001,379.00000,543385
1511942400,382.79999,384.39999,378.60001,383.00000,763619
1512028800,381.50000,382.20001,376.79999,378.50000,886753
1512115200,380.00000,381.29999,375.29999,378.60001,833024
1512374400,380.29999,382.00000,373.00000,378.60001,2064388
1512460800,380.39999,385.00000,374.60001,380.10001,975928
1512547200,381.70001,384.29999,375.89999,379.00000,788795
1512633600,379.10001,384.60001,372.00000,384.39999,887920
1512720000,383.00000,389.70001,377.60001,389.70001,869727
1512979200,389.10001,392.79999,383.50000,391.00000,1058775
1513065600,390.29999,395.00000,385.29999,389.00000,2105870
1513152000,379.50000,386.50000,371.60001,379.97699,2273981
1513238400,382.10001,394.20001,340.89999,374.89999,5236848
1513324800,375.39999,379.29999,363.29999,368.89999,4276188
1513584000,370.10001,371.60001,355.39999,370.50000,1860506
1513670400,371.20001,383.60001,369.70001,371.00000,2389974
1513756800,372.00000,377.79999,370.89999,372.10001,971381
1513843200,371.29999,380.00000,371.29999,373.50000,1196028
1513929600,374.00000,379.20001,370.60001,377.29999,359324
1514361600,373.50000,387.39999,373.50000,378.20001,1302611
1514448000,379.50000,381.10001,372.70001,378.10001,911575
1514534400,379.00000,382.50000,377.00000,377.00000,350380
1514880000,374.39999,387.29999,372.29999,383.89999,1383829
1514966400,383.50000,400.00000,382.89999,392.70001,1960954
1515052800,388.10001,392.70001,371.29999,377.89999,1806820
1515139200,378.70001,378.70001,368.79999,374.00000,1393078
1515398400,375.00000,377.50000,372.60001,375.00000,635230
1515484800,376.39999,379.79999,373.39999,375.10001,542942
1515571200,374.20001,379.39999,369.20001,371.29999,715782
1515657600,370.70001,372.29999,366.00000,371.70001,829195
1515744000,372.70001,380.20001,371.39999,377.10001,1355790
1516003200,377.70001,380.39999,372.79999,375.00000,1317708
1516089600,376.20001,381.29999,371.29999,374.00000,922614
1516176000,374.70001,374.70001,370.00000,373.00000,869662
1516262400,374.70001,386.89999,372.89999,375.00000,1157752
1516348800,374.39999,378.60001,371.79999,374.00000,881706
1516608000,374.00000,380.70001,372.29999,373.79999,915421
1516694400,375.00000,378.70001,372.00000,375.39999,1085297
1516780800,375.20001,377.70001,371.60001,372.29999,904188
1516867200,372.89999,379.60001,371.00000,375.60001,1591984
1516953600,375.60001,379.60001,373.20001,374.79999,864230
1517212800,378.50000,382.39999,374.79999,378.60001,1804065
1517299200,379.29999,383.60001,374.89999,375.00000,1175954
1517385600,375.60001,375.60001,370.39999,372.10001,964016
1517472000,372.79999,377.20001,371.60001,375.29999,1087922
1517558400,376.20001,378.29999,366.39999,368.00000,1421969
1517817600,367.70001,367.70001,360.10001,364.10001,1318122
1517904000,356.79999,361.39999,351.20001,358.00000,1967201
1517990400,360.79999,364.89999,356.70001,364.10001,1773116
1518076800,362.70001,370.00000,360.39999,360.60001,925381
1518163200,360.20001,364.10001,353.39999,355.79999,1067408
1518422400,357.89999,359.89999,351.29999,354.60001,862834
1518508800,353.89999,359.00000,351.79999,359.00000,691695
1518595200,360.20001,363.79999,356.70001,357.89999,636305
1518681600,361.39999,364.89999,354.70001,355.00000,828443
1518768000,355.50000,365.29999,355.10001,362.10001,1023981
1519027200,360.60001,366.20001,357.60001,357.60001,786299
1519113600,359.50000,377.00000,359.39999,373.39999,1382378
1519200000,374.60001,376.10001,370.70001,375.79999,790667
1519286400,375.50000,380.00000,373.39999,376.60001,1726365
1519372800,378.60001,378.79999,370.00000,374.00000,784944
1519632000,375.20001,377.70001,371.20001,374.10001,600131
1519718400,374.89999,377.29999,366.50000,370.20001,925496
1519804800,369.50000,371.39999,366.89999,367.39999,479193
1519891200,364.10001,367.29999,361.29999,363.39999,546078
1519977600,362.50000,364.70001,354.89999,356.60001,770554
1520236800,355.70001,363.50000,355.00000,362.00000,727660
1520323200,364.00000,373.10001,360.60001,370.50000,805818
1520409600,371.00000,374.60001,370.10001,371.70001,622903
1520496000,372.89999,373.89999,369.60001,372.00000,439597
1520582400,365.79999,375.10001,364.39999,367.00000,661753
1520841600,366.89999,369.10001,363.20001,367.20001,573340
1520928000,366.70001,368.89999,359.60001,361.60001,802764
1521014400,361.39999,366.89999,358.10001,362.89999,695587
1521100800,364.50000,370.39999,360.60001,368.39999,1127152
1521187200,371.10001,371.89999,367.10001,371.29999,948056
1521446400,371.10001,377.79999,370.29999,377.00000,1055590
1521532800,378.70001,378.70001,372.79999,374.10001,933168
1521619200,373.39999,375.60001,368.60001,369.50000,834845
1521705600,368.10001,372.20001,368.00000,368.79999,1121507
1521792000,369.29999,373.00000,368.00000,371.89999,960218
1522047600,372.00000,386.39999,371.00000,371.20001,1031558
1522134000,374.39999,375.50000,369.00000,370.29999,1066014
1522220400,369.60001,373.00000,367.39999,369.00000,711019
1522306800,368.70001,371.89999,367.00000,367.60001,1174321
1522738800,365.70001,369.00000,361.79999,366.20001,930164
1522825200,365.50000,370.00000,365.00000,367.29999,883622
1522911600,368.70001,370.20001,365.50000,367.50000,705559
1522998000,367.70001,371.60001,364.70001,371.60001,1547940
1523257200,371.60001,376.10001,366.00000,370.00000,896316
1523343600,370.00000,372.00000,365.79999,367.10001,708707
1523430000,365.20001,369.10001,364.20001,368.20001,708998
1523516400,367.79999,372.50000,365.79999,371.20001,1002489
1523602800,370.00000,382.29999,369.00000,373.10001,988695
1523862000,366.00000,377.29999,366.00000,370.89999,834075
1523948400,372.79999,375.60001,372.10001,372.89999,521307
1524034800,371.39999,377.20001,371.39999,375.79999,669787
1524121200,374.50000,382.50000,373.00000,378.29999,797454
1524207600,377.79999,389.00000,377.10001,387.39999,1082484
1524466800,386.70001,392.60001,382.89999,391.10001,961613
1524553200,392.79999,402.20001,390.70001,395.29999,1845510
1524639600,395.70001,401.39999,393.50000,394.70001,670733
1524726000,394.39999,400.39999,394.00000,398.89999,766530
1524812400,399.89999,408.89999,397.60001,405.79999,1018123
1525071600,401.10001,410.00000,400.60001,402.79999,733695
1525158000,401.89999,404.89999,398.00000,399.70001,343487
1525244400,402.10001,405.60001,398.50000,403.89999,1079606
1525330800,405.50000,407.89999,402.20001,405.20001,410192
1525417200,407.20001,408.39999,401.20001,404.70001,565878
1525762800,395.00000,408.50000,394.50000,407.29999,634500
1525849200,408.10001,409.70001,405.00000,408.89999,539163
1525935600,410.00000,420.00000,409.10001,413.00000,603788
1526022000,413.29999,416.39999,410.79999,415.29999,542399
1526281200,417.10001,417.10001,413.10001,415.10001,482817
1526367600,415.79999,418.60001,412.10001,415.10001,617404
1526454000,416.10001,418.79999,413.70001,417.20001,453333
1526540400,416.60001,423.60001,414.00000,423.00000,832831
1526626800,422.60001,423.29999,417.29999,420.70001,359645
1526886000,420.60001,424.60001,418.00000,424.00000,553932
1526972400,424.79999,428.20001,422.89999,423.29999,997156
1527058800,422.10001,425.29999,418.89999,419.20001,684050
1527145200,418.70001,424.79999,417.60001,421.60001,820205
1527231600,423.39999,426.00000,420.50000,421.89999,658204
1527577200,421.00000,421.00000,410.10001,411.20001,961079
1527663600,412.00000,413.29999,406.29999,407.50000,895340
1527750000,409.00000,415.79999,405.00000,406.70001,1789675
1527836400,407.60001,413.10001,407.60001,410.10001,664597
1528095600,411.70001,416.60001,410.10001,414.50000,870971
1528182000,414.70001,414.89999,412.60001,413.79999,875039
1528268400,415.00000,429.00000,415.00000,428.20001,1486287
1528354800,429.20001,429.50000,419.60001,422.00000,1667349
1528441200,420.10001,427.10001,420.00000,424.50000,1127180
1528700400,424.60001,428.79999,420.79999,428.29999,903406
1528786800,428.50000,434.10001,424.20001,425.00000,1355488
1528873200,424.20001,428.79999,423.60001,424.29999,817780
1528959600,421.60001,428.89999,421.60001,427.29999,884605
1529046000,426.60001,426.60001,414.70001,414.79999,4345576
1529305200,419.10001,419.10001,412.29999,413.39999,700893
1529391600,412.50000,412.50000,400.00000,401.39999,1687494
1529478000,405.89999,407.20001,399.50000,401.00000,929628
1529564400,403.00000,404.89999,399.89999,401.20001,679443
1529650800,395.10001,408.89999,395.10001,407.60001,723513
1529910000,406.10001,408.89999,400.89999,401.29999,682664
1529996400,400.29999,405.29999,397.29999,404.00000,1052531
1530082800,404.89999,407.39999,402.70001,404.39999,673431
1530169200,403.60001,406.00000,398.60001,398.89999,718232
1530255600,401.20001,401.29999,398.50000,399.39999,796681
1530514800,397.20001,404.29999,395.89999,402.70001,2183487
1530601200,403.79999,404.70001,401.89999,403.20001,1102627
1530687600,405.39999,412.60001,405.39999,412.60001,862411
1530774000,411.20001,417.60001,410.20001,417.10001,1244643
1530860400,415.70001,418.20001,412.50000,415.39999,675342
1531119600,419.10001,420.29999,416.29999,416.50000,769122
1531206000,417.39999,419.29999,413.70001,419.29999,1175139
1531292400,417.89999,423.00000,415.70001,417.70001,1078765
1531378800,417.89999,429.00000,414.00000,428.39999,1974394
1531465200,429.79999,434.50000,429.00000,430.29999,611482
1531724400,431.79999,433.00000,421.39999,422.70001,706239
1531810800,426.10001,429.29999,425.39999,429.29999,1264922
1531897200,431.00000,436.10001,430.60001,436.10001,1851821
1531983600,415.00000,427.79999,385.50000,405.00000,5290246
1532070000,406.89999,426.60001,403.79999,416.60001,2392198
1532329200,416.50000,424.70001,406.70001,411.60001,2814600
1532415600,414.00000,422.60001,408.79999,422.29999,2080892
1532502000,422.39999,427.29999,418.79999,419.10001,2031051
1532588400,419.50000,422.29999,414.20001,414.50000,1333756
1532674800,415.89999,415.89999,408.79999,410.00000,872576
1532934000,409.00000,413.60001,408.00000,412.39999,2612965
1533020400,408.00000,417.39999,408.00000,413.50000,4950217
1533106800,409.89999,414.79999,407.89999,408.89999,1077689
1533193200,409.20001,409.20001,400.20001,401.20001,1318828
1533279600,402.20001,405.50000,397.89999,403.70001,618120
1533538800,405.60001,408.79999,402.50000,404.60001,1164772
1533625200,404.50000,405.00000,399.50000,401.79999,611145
1533711600,404.29999,408.79999,399.20001,406.10001,3391493
1533798000,407.50000,409.79999,405.70001,406.70001,1559817
1533884400,409.29999,410.29999,402.50000,405.39999,1144952
1534143600,405.00000,407.39999,396.10001,399.79999,1097775
1534230000,401.29999,402.10001,395.00000,395.00000,1565581
1534316400,395.00000,397.20001,390.00000,390.00000,2293495
1534402800,394.20001,397.00000,388.20001,388.20001,1513102
1534489200,391.39999,391.39999,383.29999,384.10001,804017
1534748400,385.60001,390.20001,384.29999,386.70001,668804
1534834800,385.00000,387.70001,385.00000,387.00000,849904
1534921200,386.00000,387.70001,384.79999,385.50000,1165167
1535007600,387.10001,389.60001,384.29999,385.00000,755228
1535094000,387.10001,389.20001,384.79999,385.70001,437470
1535439600,389.20001,390.20001,385.00000,389.10001,670002
1535526000,387.29999,388.60001,383.20001,386.00000,814379
1535612400,383.60001,387.60001,381.70001,381.70001,729435
1535698800,380.00000,383.89999,378.70001,381.70001,857003
1535958000,383.50000,384.60001,381.00000,381.89999,1092091
1536044400,382.70001,383.70001,373.79999,374.10001,921726
1536130800,376.00000,377.00000,370.39999,374.20001,1361916
1536217200,376.70001,376.70001,369.00000,369.00000,769314
1536303600,370.00000,370.20001,358.79999,362.10001,1375822
1536562800,364.50000,364.89999,359.10001,360.00000,1066065
1536649200,360.00000,361.10001,325.60001,340.89999,4297579
1536735600,346.10001,355.70001,341.70001,352.70001,1474799
1536822000,358.00000,358.00000,346.70001,349.20001,1144215
1536908400,351.00000,354.00000,349.20001,350.50000,1080178
1537167600,352.00000,353.20001,349.50000,349.50000,2159042
1537254000,345.20001,348.89999,343.79999,346.00000,822978
1537340400,346.10001,347.29999,339.60001,339.60001,841232
1537426800,338.50000,343.79999,337.60001,342.70001,782081
1537513200,342.70001,345.00000,342.29999,345.00000,1094012
1537772400,341.70001,345.10001,341.70001,344.00000,526053
1537858800,350.00000,350.00000,342.00000,343.39999,1319692
1537945200,338.20001,345.70001,338.20001,343.79999,908386
1538031600,342.89999,345.10001,341.70001,343.20001,554966
1538118000,343.00000,345.00000,340.00000,341.20001,982732
1538377200,349.00000,349.00000,334.20001,334.20001,736982
1538463600,332.00000,334.79999,331.39999,333.10001,1014310
1538550000,330.20001,336.00000,328.00000,330.39999,737610
1538636400,327.00000,329.20001,323.00000,325.60001,637462
1538722800,326.50000,326.50000,322.79999,325.60001,453291
1538982000,325.70001,325.70001,315.79999,316.89999,913270
1539068400,315.00000,322.50000,312.29999,316.00000,1470222
1539154800,315.50000,318.29999,314.89999,314.89999,1053766
1539241200,312.60001,313.10001,304.79999,310.00000,1106423
1539327600,309.89999,316.60001,309.89999,316.00000,726539
1539586800,313.60001,317.10001,308.79999,316.70001,889938
1539673200,312.50000,317.70001,311.39999,315.39999,682435
1539759600,314.89999,317.79999,311.89999,314.00000,817476
1539846000,312.39999,317.60001,311.50000,316.79999,730906
1539932400,313.00000,317.20001,313.00000,314.89999,1189315
1540191600,315.50000,318.50000,315.29999,315.89999,480192
1540278000,310.00000,312.20001,309.00000,312.00000,898597
1540364400,315.70001,316.39999,311.10001,311.60001,782722
1540450800,310.60001,317.00000,310.00000,316.00000,329323
1540537200,316.70001,320.10001,312.10001,313.20001,547785
1540800000,313.50000,321.50000,313.50000,316.89999,515043
1540886400,311.00000,323.00000,311.00000,321.00000,532769
1540972800,323.39999,328.39999,322.20001,326.39999,4340202
1541059200,326.50000,340.00000,326.50000,333.39999,831495
1541145600,333.00000,343.00000,333.00000,340.29999,1051732
1541404800,340.29999,346.00000,326.00000,327.00000,527605
1541491200,327.10001,327.10001,322.50000,323.20001,353738
1541577600,323.39999,323.39999,310.00000,313.89999,1236425
1541664000,314.20001,323.89999,314.20001,321.89999,805374
1541750400,320.89999,325.39999,319.89999,324.50000,413497
1542009600,317.79999,322.00000,284.00000,286.89999,2459566
1542096000,284.10001,289.50000,282.39999,287.10001,1586304
1542182400,291.50000,291.50000,282.89999,285.29999,717667
1542268800,284.39999,289.89999,283.39999,285.10001,1115408
1542355200,286.50000,288.10001,278.89999,280.00000,573638
1542614400,278.10001,287.79999,278.10001,280.70001,668018
1542700800,282.50000,283.20001,277.70001,279.10001,597596
1542787200,282.29999,282.39999,273.29999,281.29999,458017
1542873600,282.60001,286.39999,280.60001,284.70001,419255
1542960000,287.00000,291.39999,284.50000,291.39999,544090
1543219200,292.29999,299.50000,292.20001,294.39999,694464
1543305600,295.29999,295.60001,289.29999,291.00000,586118
1543392000,294.60001,297.00000,291.20001,294.89999,453506
1543478400,296.39999,297.00000,290.60001,291.00000,350853
1543564800,292.20001,298.60001,289.20001,289.79999,733945
1543824000,295.39999,296.70001,290.39999,294.79999,429325
1543910400,296.10001,296.89999,290.79999,291.00000,281469
1543996800,290.70001,295.70001,282.89999,292.89999,407652
1544083200,288.20001,290.00000,276.00000,277.00000,581216
1544169600,278.00000,284.50000,275.89999,275.89999,452188
1544428800,277.39999,277.39999,266.79999,268.50000,704322
1544515200,266.10001,269.79999,263.00000,266.50000,1046954
1544601600,270.00000,277.00000,264.60001,276.29999,1028765
1544688000,276.00000,282.70001,221.10001,235.39999,6461865
1544774400,235.39999,240.00000,230.50000,235.80000,1642135
1545033600,233.39999,234.70000,224.80000,234.00000,3619137
1545120000,233.60001,244.00000,233.60001,242.00000,1416460
1545206400,239.30000,242.10001,237.10001,239.80000,1013525
1545292800,235.80000,243.39999,234.70000,238.60001,769828
1545379200,237.50000,240.89999,235.10001,237.30000,978825
1545638400,237.00000,238.39999,233.50000,233.80000,105709
1545897600,238.10001,238.10001,231.80000,233.20000,502416
1545984000,236.60001,238.70000,234.20000,238.20000,386368
1546243200,240.20000,240.20000,236.20000,237.80000,121143
1546416000,237.30000,244.30000,233.39999,242.30000,557238
1546502400,243.89999,251.30000,241.60001,245.39999,625712
1546588800,244.20000,250.30000,244.20000,249.39999,1058266
1546848000,255.30000,262.29999,249.80000,262.29999,719746
1546934400,265.00000,271.79999,260.39999,271.79999,1080216
1547020800,272.00000,278.10001,269.70001,276.00000,1527696
1547107200,270.70001,274.60001,267.50000,273.70001,737788
1547193600,273.60001,273.60001,263.70001,273.10001,630487
1547452800,271.50000,273.39999,264.70001,270.10001,447588
1547539200,268.70001,271.89999,266.50000,271.89999,697893
1547625600,269.89999,276.29999,268.89999,276.29999,614031
1547712000,271.70001,278.39999,271.10001,276.10001,414003
1547798400,277.10001,280.89999,271.79999,279.39999,959350
1548057600,278.29999,282.00000,277.50000,280.60001,333111
1548144000,281.20001,285.00000,277.39999,281.70001,439385
1548230400,279.50000,283.39999,277.89999,279.50000,1480279
1548316800,277.29999,281.50000,271.39999,273.10001,446749
1548403200,270.10001,277.10001,270.10001,273.00000,411579
1548662400,271.79999,279.29999,271.79999,272.00000,876996
1548748800,267.50000,275.89999,267.20001,272.39999,743438
1548835200,270.10001,274.39999,268.10001,271.60001,612283
1548921600,267.00000,280.89999,267.00000,278.20001,1406466
1549008000,281.70001,285.50000,277.70001,282.10001,834022
1549267200,282.10001,283.79999,276.39999,277.29999,447081
1549353600,276.20001,279.50000,272.70001,276.10001,528064
1549440000,274.20001,277.60001,272.50000,274.89999,252860
1549526400,273.29999,274.79999,268.50000,273.29999,422511
1549612800,275.29999,275.29999,269.60001,270.39999,276955
1549872000,266.29999,272.60001,266.29999,272.60001,277362
1549958400,271.00000,275.00000,271.00000,273.60001,344355
1550044800,269.79999,279.00000,269.79999,277.39999,277998
1550131200,274.70001,281.29999,271.79999,271.79999,374880
1550217600,272.50000,273.00000,268.89999,270.00000,494034
1550476800,267.60001,277.29999,265.50000,276.79999,446419
1550563200,273.20001,277.79999,272.60001,274.50000,321388
1550649600,277.29999,277.89999,273.29999,276.50000,402039
1550736000,268.79999,277.20001,268.79999,272.50000,340139
1550822400,272.39999,275.79999,268.10001,271.39999,293397
1551081600,270.00000,270.50000,263.29999,264.20001,821208
1551168000,263.50000,272.10001,263.39999,270.79999,1100348
1551254400,269.50000,269.89999,265.00000,265.00000,363827
1551340800,265.00000,270.60001,262.50000,269.79999,525485
1551427200,270.60001,272.60001,267.29999,272.60001,941859
1551686400,269.70001,278.00000,269.70001,274.20001,576675
1551772800,270.00000,271.50000,267.20001,269.20001,600499
1551859200,262.20001,267.39999,262.20001,265.29999,459405
1551945600,266.39999,266.39999,260.79999,263.00000,447313
1552032000,260.50000,264.89999,256.39999,264.50000,368498
1552291200,266.10001,266.10001,261.29999,265.20001,338346
1552377600,265.70001,272.20001,265.70001,269.89999,610004
1552464000,270.00000,276.00000,267.79999,275.60001,550129
1552550400,275.79999,284.60001,271.79999,281.10001,485384
1552636800,281.10001,288.29999,278.60001,288.00000,684119
1552896000,281.29999,289.50000,281.29999,288.39999,323563
1552982400,288.89999,294.10001,288.89999,292.50000,261086
1553068800,296.00000,296.00000,287.39999,287.39999,235636
1553155200,288.50000,288.50000,281.00000,287.79999,589629
1553241600,293.50000,293.50000,285.00000,285.60001,278079
1553500800,291.50000,292.79999,282.00000,282.00000,251661
1553587200,276.50000,289.39999,276.50000,287.29999,213055
1553673600,294.89999,294.89999,285.60001,285.70001,282594
1553760000,279.50000,288.20001,279.50000,286.39999,218738
1553846400,291.50000,296.60001,288.89999,292.20001,772516
1554102000,299.60001,299.60001,288.39999,292.00000,466280
1554188400,297.20001,297.20001,289.79999,290.00000,330704
1554274800,292.79999,294.79999,288.20001,293.39999,401403
1554361200,298.60001,298.60001,287.60001,288.39999,234125
1554447600,294.60001,294.60001,281.20001,281.79999,491994
1554706800,283.20001,285.79999,280.79999,281.00000,273470
1554793200,287.00000,289.00000,279.39999,283.79999,1021581
1554879600,292.60001,292.60001,284.39999,285.20001,182336
1554966000,290.00000,298.00000,284.39999,298.00000,640573
1555052400,300.00000,300.00000,293.79999,297.00000,712930
1555311600,294.20001,298.20001,294.00000,296.00000,482640
1555398000,296.79999,303.60001,296.39999,301.39999,418124
1555484400,307.79999,307.79999,300.20001,303.79999,290225
1555570800,302.00000,303.79999,300.00000,301.60001,361629
1556002800,298.00000,303.79999,298.00000,302.79999,454472
1556089200,299.60001,306.79999,299.60001,303.79999,185550
1556175600,308.20001,308.20001,303.00000,304.39999,319520
1556262000,313.00000,313.00000,303.20001,304.20001,244164
1556521200,298.20001,305.20001,298.20001,301.60001,228978
1556607600,294.00000,303.60001,294.00000,297.79999,829585
1556694000,299.00000,299.60001,296.79999,298.39999,432853
1556780400,298.60001,301.00000,295.60001,297.00000,380006
1556866800,298.79999,299.39999,295.60001,296.79999,427363
1557212400,295.00000,298.79999,291.00000,292.00000,354811
1557298800,295.00000,297.79999,290.00000,295.39999,382386
1557385200,295.60001,295.60001,288.79999,289.20001,376951
1557471600,283.39999,298.00000,283.39999,294.39999,349895
1557730800,291.79999,295.20001,287.20001,287.20001,303828
1557817200,285.60001,294.60001,284.39999,294.00000,309729
1557903600,287.20001,295.60001,287.20001,292.39999,289234
1557990000,290.00000,294.20001,290.00000,292.20001,338115
1558076400,298.00000,298.00000,290.00000,293.60001,249267
1558335600,287.79999,295.60001,287.00000,287.60001,328186
1558422000,294.39999,294.39999,287.00000,288.39999,321382
1558508400,287.39999,289.20001,281.00000,283.20001,444563
1558594800,275.39999,280.60001,273.00000,279.60001,333108
1558681200,273.60001,283.79999,273.60001,281.60001,365312
1559026800,282.00000,293.39999,280.00000,290.79999,435230
1559113200,284.00000,289.00000,284.00000,287.60001,341923
1559199600,291.60001,291.60001,287.00000,289.79999,259731
1559286000,292.79999,293.00000,286.60001,287.39999,753491
1559545200,283.79999,291.00000,283.79999,291.00000,214833
1559631600,295.00000,295.79999,286.39999,294.60001,1181361
1559718000,295.60001,299.20001,291.79999,293.79999,494948
1559804400,294.79999,296.60001,289.00000,292.79999,381781
1559890800,287.79999,292.79999,287.79999,292.20001,264201
1560150000,289.39999,296.20001,289.39999,293.20001,332958
1560236400,300.60001,300.60001,290.00000,291.79999,270460
1560322800,293.20001,295.79999,289.60001,290.00000,362861
1560409200,287.00000,290.00000,285.20001,286.00000,290482
1560495600,287.39999,287.39999,283.00000,283.79999,219509
1560754800,286.39999,286.39999,281.79999,284.00000,298903
1560841200,279.20001,289.39999,279.20001,285.79999,638623
1560927600,286.00000,286.00000,279.79999,280.20001,413317
1561014000,278.60001,287.39999,278.60001,285.79999,486410
1561100400,285.00000,285.00000,279.20001,282.39999,597400
1561359600,283.00000,283.00000,276.60001,276.60001,246730
1561446000,268.39999,277.39999,267.20001,274.20001,342185
1561532400,277.39999,277.39999,274.00000,274.00000,239438
1561618800,269.39999,279.60001,269.39999,276.60001,267974
1561705200,280.20001,280.60001,275.39999,276.20001,387564
1561964400,273.39999,279.79999,273.39999,278.79999,348419
1562050800,284.60001,284.60001,272.00000,272.00000,466295
1562137200,272.39999,273.20001,266.39999,266.39999,529036
1562223600,269.00000,269.00000,259.79999,261.20001,622338
1562310000,263.20001,264.60001,260.39999,263.39999,435405
1562569200,260.79999,264.39999,258.60001,260.79999,376510
1562655600,260.79999,261.39999,256.20001,256.39999,279425
1562742000,251.20000,258.20001,250.80000,250.80000,420569
1562828400,252.20000,259.39999,245.39999,257.20001,786637
1562914800,260.20001,264.00000,258.00000,263.39999,649883
1563174000,256.39999,256.39999,220.20000,238.20000,2828491
1563260400,235.00000,241.80000,231.80000,235.80000,760816
1563346800,232.00000,237.39999,231.60001,231.60001,1030086
1563433200,230.00000,236.60001,224.80000,226.80000,403026
1563519600,221.00000,230.00000,221.00000,227.60001,284959
1563778800,222.20000,234.60001,222.20000,228.60001,431412
1563865200,232.60001,232.60001,226.00000,228.39999,195470
1563951600,231.39999,258.20001,227.20000,254.60001,1467673
1564038000,253.39999,253.39999,235.20000,239.20000,830341
1564124400,238.80000,247.60001,225.80000,229.80000,1715191
1564383600,183.89999,220.80000,166.60001,214.80000,2654711
1564470000,216.20000,227.39999,210.60001,214.39999,2096897
1564556400,217.60001,226.80000,213.20000,226.80000,2994593
1564642800,219.20000,231.39999,219.20000,224.80000,957748
1564729200,227.00000,230.00000,220.39999,221.20000,1837837
1564988400,219.60001,221.84000,213.60001,216.20000,913147
1565074800,219.00000,224.00000,216.39999,220.20000,866982
1565161200,219.39999,232.60001,219.39999,230.80000,991888
1565247600,230.60001,238.00000,230.60001,235.80000,661123
1565334000,234.60001,240.60001,234.60001,236.80000,707613
1565593200,235.60001,237.80000,227.80000,229.80000,653870
1565679600,229.39999,240.20000,228.80000,237.80000,888851
1565766000,234.20000,236.24699,206.39999,214.00000,3258521
1565852400,215.39999,226.20000,213.39999,220.80000,1116984
1565938800,225.80000,231.80000,216.04300,229.80000,1732502
1566198000,226.39999,241.31300,226.39999,240.00000,707489
1566284400,242.60001,243.39999,238.05600,239.39999,698210
1566370800,239.00000,242.20000,238.56000,242.20000,370265
1566457200,243.00000,250.39301,241.60001,248.60001,1203164
1566543600,250.00000,252.39999,244.39999,246.60001,906059
1566889200,248.80000,253.00000,244.12399,246.00000,1143218
1566975600,244.00000,246.80000,241.39999,243.00000,710773
1567062000,237.60001,247.60001,237.60001,246.80000,619913
1567148400,246.60001,252.20000,246.60001,249.20000,833654
1567407600,250.20000,251.20000,242.17999,242.60001,628267
1567494000,237.39999,242.20000,232.94000,236.60001,822153
1567580400,230.20000,245.20000,230.20000,243.20000,831993
1567666800,244.20000,257.20001,244.20000,254.80000,887096
1567753200,254.20000,257.60001,254.20000,255.60001,637994
1568012400,256.60001,260.60001,254.00000,259.00000,448575
1568098800,253.39999,264.39999,253.39999,264.39999,1642419
1568185200,264.39999,272.00000,260.37799,264.79999,553429
1568271600,263.20001,273.10699,260.20001,270.79999,1929016
1568358000,269.20001,279.20001,269.20001,279.20001,476070
1568617200,279.00000,279.79999,275.97400,277.79999,474066
1568703600,271.20001,279.39999,268.89999,277.39999,479834
1568790000,279.60001,284.20001,275.25201,282.79999,664973
1568876400,284.60001,284.60001,273.79999,275.79999,887212
1568962800,279.39999,282.60001,274.79999,279.60001,754311
1569222000,278.60001,282.00000,277.79999,281.20001,511223
1569308400,279.79999,281.26700,273.39999,274.60001,455148
1569394800,273.79999,274.60001,269.19501,274.20001,390303
1569481200,271.79999,275.60001,271.79999,271.79999,583473
1569567600,270.60001,276.00000,270.60001,274.79999,437884
1569826800,282.39999,284.00000,274.76801,279.20001,710232
1569913200,277.79999,286.00000,275.98001,282.39999,2334250
1569999600,279.60001,282.00000,276.20001,278.00000,733139
1570086000,280.00000,286.20001,276.84799,284.00000,667900
1570172400,278.79999,287.20001,277.20001,284.79999,706136
1570431600,284.60001,289.04999,280.72000,283.79999,727504
1570518000,287.79999,287.79999,280.00000,280.39999,590763
1570604400,285.20001,285.20001,274.79999,275.00000,706086
1570690800,268.79999,278.39999,268.79999,277.60001,547572
1570777200,276.20001,299.79999,276.20001,297.79999,1052897
1571036400,297.39999,310.79999,277.84000,309.79999,937274
1571122800,310.20001,325.00000,307.38300,317.79999,798846
1571209200,322.60001,322.60001,310.39999,312.60001,1292017
1571295600,308.39999,322.20001,308.39999,319.20001,1063647
1571382000,320.00000,325.60001,316.00000,325.60001,1275335
1571641200,320.20001,327.79999,319.04001,323.00000,453927
1571727600,325.39999,325.39999,318.79999,320.00000,613128
1571814000,320.00000,323.20001,316.20001,319.20001,455184
1571900400,321.60001,321.79999,310.60001,313.00000,346402
1571986800,319.00000,319.00000,306.39999,310.60001,538809
1572249600,310.60001,319.60001,306.79999,315.00000,476019
1572336000,322.39999,322.79999,313.77399,318.20001,479333
1572422400,315.00000,318.20001,303.00000,313.60001,827573
1572508800,311.20001,314.20001,305.79999,309.00000,711271
1572595200,308.39999,316.79999,308.39999,314.20001,381698
1572854400,306.39999,319.02200,306.39999,316.00000,254802
1572940800,323.79999,323.79999,310.79999,314.39999,921748
1573027200,316.00000,318.23999,310.39999,312.39999,175782
1573113600,315.00000,319.20001,313.60001,318.79999,297279
1573200000,317.39999,320.60001,314.06000,319.20001,347120
1573459200,316.60001,324.79999,314.19199,322.39999,379645
1573545600,328.39999,328.39999,318.00000,320.39999,844084
1573632000,317.60001,320.60001,313.00000,316.20001,320258
1573718400,309.39999,314.00000,309.39999,314.00000,223331
1573804800,314.00000,322.79999,312.00000,321.60001,397524
1574064000,321.20001,332.20001,321.20001,331.20001,548050
1574150400,334.60001,337.39999,328.00000,330.00000,634301
1574236800,322.39999,331.39999,322.39999,330.60001,280683
1574323200,338.00000,338.00000,329.00000,336.00000,403632
1574409600,333.39999,342.00000,333.39999,336.39999,508705
1574668800,335.79999,342.23001,335.00000,340.20001,323279
1574755200,332.00000,342.00000,332.00000,338.79999,537986
1574841600,332.00000,339.79999,332.00000,336.20001,507086
1574928000,342.60001,342.60001,335.79999,339.00000,467238
1575014400,335.00000,339.79999,335.00000,337.20001,474708
1575273600,335.00000,336.39999,330.00000,332.00000,636650
1575360000,330.60001,337.34500,330.60001,334.00000,455180
1575446400,327.39999,343.39999,327.39999,341.20001,605406
1575532800,339.79999,348.00000,339.35999,343.60001,581410
1575619200,350.79999,355.00000,343.51999,352.00000,656782
1575878400,354.00000,356.79999,347.79999,352.39999,426162
1575964800,348.60001,353.79999,345.79999,347.00000,389889
1576051200,355.00000,355.00000,340.60001,347.20001,633908
1576137600,348.39999,348.39999,343.00000,345.60001,398053
1576224000,354.39999,378.79999,351.20001,360.00000,1358682
1576483200,373.00000,475.39999,370.00000,472.20001,3820828
1576569600,472.20001,472.20001,472.20001,472.20001,0
1576656000,458.79999,469.79999,435.39999,449.20001,2103670
1576742400,443.00000,478.79999,443.00000,473.00000,2065044
1576828800,474.00000,476.39999,461.53699,474.60001,2092833
1577088000,479.79999,479.79999,465.04901,469.20001,728953
1577174400,476.39999,476.39999,468.20001,472.20001,215748
1577433600,481.20001,481.20001,468.56201,469.20001,504122
1577692800,460.20001,471.39999,455.60001,456.39999,508170
1577779200,450.60001,460.39999,450.60001,458.60001,177330
1577952000,450.39999,466.00000,450.39999,459.39999,708089
1578038400,459.39999,475.20001,457.39999,472.60001,881863
1578297600,466.20001,472.60001,462.39999,469.79999,743783
1578384000,469.20001,484.39999,464.67999,480.20001,533504
1578470400,476.60001,483.39999,473.39999,476.00000,404798
1578556800,478.60001,487.60001,474.39999,487.60001,381933
1578643200,488.00000,492.79999,484.79999,490.79999,423387
1578902400,498.60001,501.50000,484.79999,497.00000,270050
1578988800,494.00000,521.50000,494.00000,518.00000,810000
1579075200,517.00000,536.34900,513.50000,513.50000,2219195
1579161600,520.00000,520.00000,507.00000,508.00000,399859
1579248000,514.00000,520.50000,507.50000,514.50000,356332
1579507200,516.50000,518.50000,506.71301,511.00000,284613
1579593600,513.50000,517.50000,508.50000,514.00000,197463
1579680000,505.50000,520.50000,505.50000,518.00000,312654
1579766400,508.50000,522.09998,508.50000,509.50000,219003
1579852800,517.00000,519.29999,508.00000,509.50000,218659
1580112000,505.00000,509.10001,490.00000,495.60001,285717
1580198400,499.79999,499.79999,482.14899,489.00000,624274
1580284800,488.79999,498.20001,481.60001,482.20001,374685
1580371200,493.20001,496.60001,479.20001,480.60001,397164
1580457600,488.20001,489.79999,468.60001,471.39999,439203
1580716800,467.00000,482.86899,467.00000,474.39999,423098
1580803200,480.00000,500.04999,480.00000,495.00000,1761923
1580889600,485.00000,499.00000,482.20001,485.79999,716929
1580976000,496.00000,496.00000,483.00000,483.00000,353430
1581062400,486.79999,488.20001,461.91501,464.60001,554963
1581321600,475.39999,475.39999,459.00000,468.00000,579821
1581408000,478.20001,479.39999,469.79999,474.00000,356645
1581494400,485.00000,488.20001,461.91501,481.00000,700165
1581580800,481.39999,490.79999,478.56000,490.00000,525532
1581667200,490.00000,498.20001,487.79999,490.00000,363096
1581926400,479.39999,496.00000,479.00000,483.60001,1963889
1582012800,476.39999,491.20001,476.39999,487.20001,1745764
1582099200,493.20001,499.79999,482.88000,498.20001,506618
1582185600,491.00000,510.00000,491.00000,503.00000,403999
1582272000,508.00000,508.50000,491.79999,491.79999,267751
1582531200,498.60001,498.60001,459.00000,464.00000,627690
1582617600,456.79999,470.79999,446.60001,449.60001,415168
1582704000,459.79999,459.79999,432.39999,445.00000,520854
1582790400,440.00000,441.70300,398.79999,401.20001,1491277
1582876800,394.00000,395.79999,378.20001,383.79999,1330183
1583136000,394.20001,399.39999,360.60001,370.00000,1179375
1583222400,374.79999,386.70599,360.60001,361.39999,649510
1583308800,367.00000,379.39999,355.20001,365.00000,827816
1583395200,355.79999,368.79999,341.39999,343.39999,800804
1583481600,336.60001,336.60001,316.79999,329.39999,2465550
1583740800,326.20001,330.33899,302.00000,303.00000,853619
1583827200,302.60001,322.79999,294.60001,297.39999,1114768
1583913600,303.20001,318.79999,298.60001,301.39999,1543093
1584000000,293.39999,293.39999,255.00000,259.00000,1592941
1584086400,266.79999,280.94000,246.60001,250.60001,1439305
1584345600,240.80000,241.11700,175.50000,215.60001,1782570
1584432000,222.20000,226.00000,187.60001,217.20000,3065976
1584518400,214.20000,233.39999,207.20000,228.20000,1857180
1584604800,222.80000,235.00000,201.60001,226.20000,2691923
1584691200,221.60001,253.78400,214.60001,230.39999,1642260
1584950400,226.00000,234.00000,216.80000,231.00000,704896
1585036800,240.39999,241.07001,226.20000,233.60001,760056
1585123200,239.00000,286.39999,236.80000,245.80000,919649
1585209600,249.39999,255.20000,225.39999,255.20000,879886
1585296000,260.79999,263.39999,210.20000,210.20000,574232
1585551600,216.39999,263.39999,179.20000,187.10001,1113720
1585638000,191.30000,263.39999,177.89999,182.60001,1110582
1585724400,184.60001,189.70000,174.20000,185.89999,1199620
1585810800,188.60001,191.89999,180.89999,184.20000,703823
1585897200,184.89999,189.50000,182.20000,185.20000,703354
1586156400,189.00000,202.80600,188.20000,192.10001,719003
1586242800,201.80000,222.80000,200.60001,201.80000,1107464
1586329200,206.60001,222.20000,197.00000,221.80000,821047
1586415600,222.00000,238.80000,220.00000,230.80000,1482024
1586847600,238.00000,250.00000,228.18401,242.60001,1246572
1586934000,243.20000,247.80000,206.00000,208.00000,913206
1587020400,205.00000,225.00000,204.39999,221.00000,976944
1587106800,225.00000,234.00000,218.60001,230.00000,870220
1587366000,235.00000,240.60001,223.39999,237.20000,879992
1587452400,233.00000,233.00000,222.20000,226.20000,528091
1587538800,220.60001,226.98000,220.60001,226.00000,606536
1587625200,231.60001,236.20000,226.00000,236.20000,401080
1587711600,230.00000,235.60001,222.20000,226.60001,685758
1587970800,232.39999,240.20000,225.74001,230.20000,651279
1588057200,235.39999,246.02200,229.00000,244.00000,637198
1588143600,247.60001,264.20001,246.53600,261.20001,697086
1588230000,263.00000,273.80499,248.80000,260.00000,835525
1588316400,250.39999,255.39999,241.00000,251.60001,519501
1588575600,250.39999,251.00000,238.19800,248.00000,260131
1588662000,254.60001,262.40100,243.00000,249.60001,353887
1588748400,250.60001,257.37000,249.00000,250.80000,299319
1588834800,257.00000,257.00000,247.28999,251.80000,253919
1589180400,258.39999,266.79999,243.00000,244.80000,708734
1589266800,243.60001,249.00000,238.00000,241.39999,526348
1589353200,234.60001,243.20000,228.30800,241.20000,1450910
1589439600,236.20000,243.48000,228.60001,240.00000,719975
1589526000,240.39999,246.57001,236.39999,244.00000,387251
1589785200,251.60001,263.83200,249.81000,263.00000,461698
1589871600,266.79999,277.39999,261.50000,275.79999,598762
1589958000,277.39999,277.39999,257.00000,264.79999,563202
1590044400,259.20001,269.79999,255.74001,263.20001,191240
1590130800,259.79999,270.00000,249.00000,266.00000,284438
1590476400,266.39999,289.79999,266.39999,287.20001,441977
1590562800,292.39999,306.10300,288.19901,298.79999,1992654
1590649200,306.60001,330.60001,296.60001,320.79999,721563
1590735600,319.60001,328.48801,300.00000,306.60001,577960
1590994800,312.20001,318.02399,305.00000,310.00000,952514
1591081200,316.79999,319.79999,307.60001,312.79999,503652
1591167600,318.79999,324.78201,305.20001,315.00000,3162542
1591254000,305.20001,328.00000,305.20001,318.60001,1256076
1591340400,307.20001,371.60001,307.20001,367.20001,1965465
1591599600,370.00000,386.31100,359.60001,367.39999,672180
1591686000,359.79999,381.13901,350.20001,357.79999,506743
1591772400,359.39999,368.39999,348.00000,349.20001,386344
1591858800,337.39999,347.66000,326.20001,326.20001,497932
1591945200,323.20001,339.39999,309.00900,323.00000,533039
1592204400,335.01001,357.19000,307.63901,318.00000,655036
1592290800,325.79999,341.79999,323.25800,332.00000,491884
1592377200,334.00000,347.39999,327.20001,333.60001,301650
1592463600,335.20001,345.39999,315.44199,322.20001,480591
1592550000,316.79999,335.79999,316.79999,329.20001,526503
1592809200,322.00000,336.35199,316.39999,328.20001,289928
1592895600,331.39999,335.79999,315.00000,331.79999,287179
1592982000,326.20001,332.60001,305.60001,308.79999,511314
1593068400,303.00000,310.79999,295.99399,309.79999,279448
1593154800,308.00000,320.00000,300.60001,306.00000,287356
1593414000,297.79999,310.20001,290.94501,307.39999,237235
1593500400,311.39999,311.39999,297.60001,305.60001,566548
1593586800,313.00000,314.95999,295.79999,308.79999,287930
1593673200,315.00000,327.79999,312.39999,318.79999,264644
1593759600,325.79999,329.00000,315.79999,320.60001,204500
1594018800,326.20001,334.76099,321.30399,330.00000,315031
1594105200,330.79999,333.66199,307.00000,316.39999,353171
1594191600,313.00000,313.00000,301.39999,302.79999,271394
1594278000,305.20001,314.79999,303.00000,307.79999,347559
1594364400,304.20001,318.60001,302.39999,310.79999,824190
1594623600,316.00000,325.20001,308.79999,308.79999,165530
1594710000,304.79999,309.60001,282.60001,288.39999,343906
1594796400,296.39999,299.22699,288.79999,293.00000,211749
1594882800,300.00000,304.60001,286.00000,289.79999,249974
1594969200,288.00000,299.06000,285.00000,295.20001,161856
1595228400,288.79999,298.79999,282.20001,284.00000,195738
1595314800,286.20001,297.58600,285.00000,286.79999,119946
1595401200,282.20001,288.60001,275.00000,282.00000,161367
1595487600,273.39999,289.68900,273.20001,286.00000,227203
1595574000,277.20001,284.00000,270.73099,273.39999,99729
1595833200,278.79999,280.00000,262.65500,268.79999,114502
1595919600,269.39999,285.00000,269.39999,278.39999,187773
1596006000,272.79999,283.60001,268.20001,270.39999,132003
1596092400,272.00000,275.39999,262.00000,264.00000,113268
1596178800,262.60001,267.73099,251.80000,251.80000,168933
1596438000,255.00000,257.20001,244.33800,254.60001,223320
1596524400,253.60001,265.60001,248.72501,265.00000,164838
1596610800,256.60001,280.20001,255.20000,262.39999,224063
1596697200,265.20001,280.00000,259.79999,270.60001,275697
1596783600,272.00000,272.00000,263.00000,270.20001,175411
1597042800,272.00000,283.00000,269.60001,279.00000,227765
1597129200,284.60001,308.60001,282.20001,294.20001,358573
1597215600,288.39999,300.39999,279.00000,284.60001,324539
1597302000,283.00000,293.79999,279.79999,287.60001,184426
1597388400,279.60001,292.20001,274.79999,283.39999,371912
1597647600,277.39999,294.20001,277.39999,289.00000,159204
1597734000,288.00000,297.79999,280.60001,282.79999,220146
1597820400,290.20001,306.60001,282.79999,305.79999,792232
1597906800,306.00000,370.00000,304.20001,346.60001,2215452
1597993200,353.39999,358.79999,338.74701,346.39999,649862
1598252400,350.00000,358.72800,335.60001,344.79999,321267
1598338800,349.00000,353.36899,339.79999,350.79999,411949
1598425200,345.39999,354.79999,336.00000,347.00000,235513
1598511600,351.79999,356.20001,340.20001,356.20001,238958
1598598000,352.00000,359.79999,345.00000,350.00000,206150
1598943600,355.00000,359.60001,340.39999,353.00000,276179
1599030000,349.39999,368.00000,348.20001,358.20001,1013943
1599116400,360.00000,367.79999,355.00000,356.00000,446755
1599202800,362.60001,372.39999,355.00000,364.00000,248415
1599462000,367.60001,377.20001,357.79999,362.39999,417895
1599548400,358.00000,370.39999,351.20001,359.39999,418110
1599634800,355.00000,368.50299,349.39999,359.20001,1356034
1599721200,351.20001,365.79999,350.90500,356.79999,297121
1599807600,361.00000,368.20001,354.20001,361.00000,239568
1600066800,365.00000,367.83401,354.00000,360.79999,217448
1600153200,355.39999,378.60001,355.39999,367.39999,241179
1600239600,363.00000,376.45901,358.20001,372.20001,309717
1600326000,369.39999,379.39999,365.79999,378.20001,220621
1600412400,369.20001,383.60001,361.60001,361.60001,610835
1600671600,357.39999,362.39999,342.20001,345.20001,358095
1600758000,342.00000,352.39999,334.87900,340.00000,500984
1600844400,343.39999,358.63101,343.39999,344.00000,216123
1600930800,340.00000,346.79999,332.39999,334.20001,314070
1601017200,344.20001,344.20001,333.94400,339.79999,213586
1601276400,345.60001,359.39999,342.60001,353.00000,203300
1601362800,350.60001,363.60001,337.60001,337.60001,285185
1601449200,334.60001,353.00000,323.89999,344.60001,1310097
1601535600,340.00000,350.60001,338.79999,347.60001,157170
1601622000,338.00000,350.20001,333.00000,348.39999,166009
1601881200,356.79999,362.20001,345.60001,355.60001,134043
1601967600,355.79999,365.60001,350.65601,360.79999,169359
1602054000,367.20001,367.20001,354.39999,361.60001,165674
1602140400,352.60001,378.00000,352.60001,370.39999,172211
1602226800,362.79999,376.28299,362.79999,368.60001,168640
1602486000,376.39999,379.18201,361.20001,369.20001,142339
1602572400,378.79999,378.79999,356.39999,359.39999,192182
1602658800,361.20001,370.39999,352.00000,362.20001,93723
1602745200,352.60001,358.39999,341.79999,350.39999,632945
1602831600,358.60001,365.60001,352.60001,354.79999,237236
1603090800,361.00000,368.00000,347.39999,357.39999,101753
1603177200,352.79999,367.79999,348.60001,365.00000,160325
1603263600,363.79999,369.00000,358.39999,363.39999,140338
1603350000,367.39999,372.39999,356.00000,368.60001,161567
1603436400,361.79999,379.00000,361.79999,375.00000,127683
1603699200,369.79999,394.00000,364.79999,392.20001,273569
1603785600,401.00000,406.20001,390.00000,399.39999,230734
1603872000,392.20001,397.20001,386.76700,388.00000,286101
1603958400,391.00000,396.60001,375.39999,376.79999,239230
1604044800,371.79999,377.20001,360.79999,374.79999,137562
1604304000,364.79999,368.67300,330.82700,350.00000,424284
1604390400,353.39999,362.05899,349.39999,358.79999,181311
1604476800,358.79999,377.39999,358.79999,376.00000,190460
1604563200,384.20001,397.60001,373.60001,395.00000,314007
1604649600,403.00000,404.39999,389.00000,399.00000,400684
1604908800,407.79999,442.00000,390.00000,435.60001,357536
1604995200,437.20001,461.60001,431.45599,459.20001,434914
1605081600,468.60001,480.39999,452.39999,469.00000,538436
1605168000,471.60001,471.79999,458.60001,464.39999,224607
1605254400,469.00000,474.00000,460.00000,461.20001,218501
1605513600,472.60001,478.60001,459.55499,471.60001,451558
1605600000,473.00000,477.60001,464.40399,472.79999,234393
1605686400,460.00000,477.24200,460.00000,473.00000,788668
1605772800,468.79999,478.39999,464.60999,471.60001,216316
1605859200,480.39999,480.39999,468.20001,472.00000,135442
1606118400,463.79999,478.20001,463.79999,473.60001,170536
1606204800,484.79999,484.79999,450.39999,451.20001,235441
1606291200,451.00000,468.43600,446.67401,459.79999,288783
1606377600,463.79999,463.79999,439.79999,452.39999,215948
1606464000,463.39999,463.39999,435.79999,447.20001,615844
1606723200,447.20001,451.92001,416.79999,421.79999,1900942
1606809600,432.79999,443.00000,424.20001,440.00000,349509
1606896000,435.60001,442.72000,429.79999,438.60001,269024
1606982400,440.00000,440.60001,427.50400,438.20001,198237
1607068800,428.39999,444.39999,428.39999,433.79999,265223
1607328000,430.00000,435.39999,417.60001,423.79999,258302
1607414400,433.79999,440.60001,425.04001,437.79999,255037
1607500800,427.39999,445.39999,427.39999,439.00000,679799
1607587200,449.60001,508.00000,447.60001,495.79999,855598
1607673600,486.79999,497.39999,428.60001,431.20001,692957
1607932800,438.39999,473.74301,432.60001,451.20001,456848
1608019200,452.79999,474.60001,447.39999,472.60001,411403
1608105600,473.79999,493.79999,465.59399,487.00000,507345
1608192000,497.00000,497.00000,476.81000,481.20001,376173
1608278400,487.00000,490.57001,470.60001,475.00000,333922
1608537600,449.00000,490.57001,419.39999,425.60001,775626
1608624000,435.79999,435.79999,422.00000,434.60001,370271
1608710400,440.79999,456.00000,433.39999,449.60001,206844
1608796800,452.00000,468.60001,440.00000,453.60001,129444
1609228800,464.60001,464.60001,453.60001,459.00000,270002
1609315200,458.79999,462.03601,450.00000,452.20001,168974
1609401600,447.79999,456.79999,442.39999,451.39999,97530
1609747200,463.20001,467.60001,438.39999,444.79999,317313
1609833600,456.20001,472.60001,445.60001,455.00000,359173
1609920000,459.60001,467.79999,451.79999,460.39999,172228
1610006400,463.00000,466.60001,454.60001,463.60001,143524
1610092800,462.00000,469.57401,453.75299,459.60001,194428
1610352000,453.79999,465.60001,381.76700,450.79999,189522
1610438400,462.00000,462.00000,441.60001,445.79999,170154
1610524800,445.39999,447.28500,436.79999,440.60001,212535
1610611200,446.00000,452.39999,432.66901,434.60001,336942
1610697600,434.60001,438.79999,430.00000,436.79999,254676
1610956800,445.00000,448.00000,431.00000,441.00000,204955
1611043200,442.00000,442.00000,433.39999,435.00000,316342
1611129600,437.20001,441.20001,428.15900,439.00000,281750
1611216000,440.20001,448.60001,433.79999,434.39999,292861
1611302400,434.79999,438.20001,430.00000,436.00000,623547
1611561600,436.60001,439.79999,426.74600,429.00000,1067188
1611648000,432.39999,435.20001,419.00000,425.00000,291761
1611734400,433.20001,441.55701,423.79999,433.79999,1134843
1611820800,429.60001,435.20001,422.28400,427.60001,414618
1611907200,423.00000,435.00000,417.00000,427.20001,534716
1612166400,435.00000,444.20001,417.79999,440.79999,204817
1612252800,437.00000,452.20001,436.79999,447.79999,230381
1612339200,450.79999,461.60001,449.92099,457.20001,239574
1612425600,450.00000,468.79999,450.00000,465.00000,440580
1612512000,456.60001,481.00000,456.60001,477.60001,470244
1612771200,476.79999,479.79999,452.79999,468.60001,274547
1612857600,465.20001,469.00000,458.20001,465.39999,375692
1612944000,470.39999,470.39999,447.00000,450.00000,194099
1613030400,444.00000,458.79999,438.39999,454.00000,183459
1613116800,451.79999,455.20001,442.79999,448.79999,139675
1613376000,448.00000,468.17200,445.60800,461.00000,232263
1613462400,465.20001,472.39999,460.00000,468.00000,209412
1613548800,475.00000,475.00000,458.20001,459.60001,150244
1613635200,448.39999,464.60001,448.39999,455.00000,172856
1613721600,461.60001,461.60001,453.39999,453.60001,126459
1613980800,454.60001,463.20001,453.00000,460.00000,184710
1614067200,460.00000,481.39999,456.20001,465.60001,280533
1614153600,476.60001,484.35699,464.39999,475.39999,259745
1614240000,485.00000,485.00000,471.39999,474.20001,259642
1614326400,464.39999,474.20001,461.00000,469.20001,305631
1614585600,480.00000,486.00000,464.39999,465.60001,400245
1614672000,477.60001,477.60001,457.20001,457.79999,771153
1614758400,462.79999,480.00000,458.60001,472.20001,357836
1614844800,477.20001,477.20001,457.51999,464.60001,277162
1614931200,460.60001,473.39999,451.20001,452.20001,458247
1615190400,460.00000,465.79999,450.00000,465.79999,280799
1615276800,467.20001,483.39999,466.67801,478.39999,351318
1615363200,468.39999,481.60001,468.07401,475.20001,259477
1615449600,486.20001,486.20001,476.20001,480.00000,296970
1615536000,469.79999,481.20001,469.79999,478.79999,251505
1615795200,487.79999,493.39999,480.20001,492.60001,140156
1615881600,499.79999,501.00000,495.08200,497.79999,289005
1615968000,501.00000,501.00000,489.79999,498.79999,207304
1616054400,493.00000,506.00000,487.79999,493.00000,185227
1616140800,490.60001,503.50000,486.20001,497.79999,511495
1616400000,490.20001,501.50000,490.20001,498.00000,209925
1616486400,496.00000,498.37601,478.01599,486.60001,229074
1616572800,474.79999,479.79999,470.00000,474.00000,208497
1616659200,465.39999,474.00000,452.79999,465.20001,219994
1616745600,466.79999,473.20001,460.39999,464.39999,207832
1617001200,475.39999,475.39999,458.20001,460.79999,247863
1617087600,473.79999,473.79999,460.20001,466.00000,229918
1617174000,467.60001,467.60001,458.60001,460.79999,314441
1617260400,450.79999,482.20001,450.79999,480.39999,359958
1617692400,488.00000,501.50000,485.40799,492.79999,345389
1617778800,486.00000,501.00000,486.00000,499.39999,188800
1617865200,503.50000,512.71198,489.20001,497.00000,244875
1617951600,484.39999,507.00000,481.08200,504.00000,241164
1618210800,512.50000,512.50000,490.00000,491.79999,219414
1618297200,492.00000,502.00000,486.20001,497.79999,176102
1618383600,491.00000,507.50000,490.79999,504.50000,201422
1618470000,508.50000,510.50000,502.00000,502.00000,140195
1618556400,514.00000,514.00000,500.50000,502.50000,192673
1618815600,491.79999,520.00000,491.79999,509.00000,410660
1618902000,506.00000,513.00000,494.20001,494.20001,421418
1618988400,505.50000,508.50000,493.60001,505.00000,168228
1619074800,493.00000,510.50000,493.00000,510.50000,115351
1619161200,502.00000,517.50000,496.79999,515.50000,152261
1619420400,505.00000,522.00000,505.00000,513.00000,172879
1619506800,522.00000,522.00000,497.79999,502.00000,327621
1619593200,511.00000,517.50000,499.79999,513.50000,372785
1619679600,499.00000,518.50000,499.00000,512.00000,305571
1619766000,501.00000,519.00000,501.00000,515.50000,504739
1620111600,528.50000,554.00000,517.00000,545.00000,822468
1620198000,534.50000,547.00000,528.50000,536.50000,445638
1620284400,527.00000,549.00000,527.00000,543.00000,412397
1620370800,550.00000,584.00000,544.00000,579.00000,614626
1620630000,576.50000,594.45502,574.50000,577.00000,282953
1620716400,574.50000,575.50000,562.00000,566.00000,280482
1620802800,566.00000,577.50000,566.00000,570.50000,381974
1620889200,561.50000,586.50000,561.04602,580.50000,289022
1620975600,569.00000,599.50000,569.00000,577.00000,362611
1621234800,579.00000,596.00000,576.50000,581.50000,387229
1621321200,591.00000,593.00000,575.50000,575.50000,507174
1621407600,566.50000,581.00000,566.00000,578.00000,568508
1621494000,584.00000,584.00000,570.50000,570.50000,408641
1621580400,570.00000,582.00000,570.00000,578.00000,318859
1621839600,565.50000,581.50000,565.50000,578.50000,336951
1621926000,576.50000,591.00000,570.00000,570.00000,386836
1622012400,587.00000,587.00000,572.50000,580.00000,316519
1622098800,595.50000,596.00000,580.00000,581.50000,684551
1622185200,586.00000,586.00000,577.00000,579.00000,412430
1622530800,579.00000,586.00000,569.50000,577.00000,355919
1622617200,579.00000,588.50000,574.50000,587.50000,356207
1622703600,573.50000,589.50000,573.50000,577.50000,260053
1622790000,577.00000,582.00000,574.00000,578.00000,357262
1623049200,575.00000,580.00000,573.59998,576.50000,350231
1623135600,575.00000,586.00000,565.76599,578.50000,3747293
1623222000,586.50000,598.00000,572.50000,572.50000,265939
1623308400,576.00000,580.50000,568.50000,572.50000,295283
1623394800,586.50000,586.50000,573.00000,574.50000,178138
1623654000,580.00000,581.00000,571.50000,572.50000,301450
1623740400,591.00000,591.00000,569.50000,570.00000,384309
1623826800,575.50000,580.00000,568.00598,578.00000,457518
1623913200,574.00000,581.50000,574.00000,578.00000,474159
1623999600,585.00000,589.00000,573.50000,577.00000,1216158
1624258800,588.00000,588.00000,565.50000,578.50000,585012
1624345200,581.50000,581.50000,566.00000,579.50000,613616
1624431600,577.50000,588.50000,575.00000,586.50000,364998
1624518000,589.50000,596.50000,587.00000,592.50000,490516
1624604400,594.00000,603.00000,592.00000,600.00000,446980
1624863600,600.00000,605.00000,594.50000,601.00000,331473
1624950000,603.00000,612.50000,510.00000,609.00000,738700
1625036400,594.00000,609.50000,594.00000,602.50000,437250
1625122800,606.50000,620.50000,600.50000,610.00000,297657
1625209200,618.00000,618.00000,605.50000,615.50000,223997
1625468400,623.00000,631.00000,611.51300,614.50000,188323
1625554800,599.00000,613.00000,599.00000,603.50000,311599
1625641200,605.00000,610.00000,600.00000,604.00000,1429881
1625727600,617.00000,617.00000,598.00000,601.00000,399004
1625814000,604.50000,612.50000,601.00000,611.00000,257527
1626073200,609.00000,613.00000,599.50000,602.50000,283587
1626159600,588.00000,606.50000,588.00000,604.50000,191347
1626246000,605.50000,611.00000,597.50000,609.00000,165678
1626332400,606.00000,611.00000,596.00000,596.00000,544642
1626418800,600.00000,603.00000,580.85901,594.00000,460053
1626678000,589.50000,589.50000,561.00000,568.50000,545032
1626764400,573.00000,580.00000,568.50000,578.00000,411959
1626850800,565.00000,600.50000,564.00000,597.00000,383025
1626937200,613.50000,613.50000,598.50000,598.50000,335482
1627023600,603.50000,603.50000,593.00000,595.00000,482644
1627282800,590.50000,599.50000,590.50000,594.00000,349105
1627369200,611.00000,611.00000,588.00000,598.00000,378602
1627455600,600.50000,609.46997,594.00000,601.00000,189522
1627542000,610.00000,610.00000,589.50000,597.50000,269305
1627628400,598.50000,603.50000,594.50000,603.50000,355159
1627887600,587.00000,616.00000,587.00000,607.50000,258247
1627974000,607.00000,621.50000,603.00000,613.50000,316973
1628060400,600.50000,622.50000,600.50000,615.00000,380128
1628146800,602.50000,623.50000,591.21503,613.50000,589797
1628233200,611.00000,615.50000,577.00000,587.00000,893572
1628492400,589.00000,612.00000,581.50000,608.00000,753237
1628578800,616.00000,632.50000,610.00000,621.00000,503717
1628665200,626.00000,635.50000,619.00000,626.00000,368379
1628751600,628.00000,632.00000,624.00000,624.00000,192854
1628838000,630.50000,631.00000,623.00000,628.50000,387256
1629097200,621.50000,633.00000,621.50000,628.00000,291859
1629183600,623.00000,639.00000,623.00000,628.00000,982587
1629270000,640.00000,640.00000,625.00000,627.50000,278025
1629356400,619.00000,624.00000,613.50000,619.00000,471610
1629442800,618.50000,632.50000,616.50000,630.00000,273890
1629702000,628.00000,641.50000,628.00000,635.50000,415417
1629788400,639.00000,642.50000,633.50000,636.50000,215158
1629874800,635.00000,655.00000,634.50000,650.00000,312193
1629961200,668.50000,668.50000,652.00000,656.50000,523372
1630047600,660.00000,667.50000,657.00000,662.50000,491131
1630393200,672.00000,676.00000,660.50000,669.00000,500557
1630479600,678.00000,685.00000,674.92200,679.50000,395358
1630566000,683.00000,686.00000,669.50000,673.50000,303868
1630652400,679.00000,684.50000,671.00000,679.00000,399256
1630911600,699.00000,699.00000,676.00000,676.00000,326401
1630998000,670.00000,678.50000,670.00000,673.00000,357484
1631084400,682.50000,684.00000,664.00000,668.00000,3818974
1631170800,662.50000,673.00000,655.50000,667.50000,316094
1631257200,658.50000,673.50000,658.50000,666.50000,305259
1631516400,673.00000,676.00000,665.00000,666.50000,36716
1631602800,670.00000,679.50000,666.00000,667.50000,379690
1631689200,661.50000,672.00000,657.00000,657.00000,396550
1631775600,650.00000,661.00000,650.00000,656.00000,549515
1631862000,650.00000,665.97400,650.00000,656.50000,541489
1632121200,670.50000,673.50000,645.00000,670.00000,515580
1632207600,676.00000,691.50000,674.00000,683.00000,634620
1632294000,670.50000,701.00000,670.50000,697.50000,552215
1632380400,703.50000,711.00000,696.00000,700.00000,517238
1632466800,698.50000,706.00000,687.50000,701.50000,301984
1632726000,708.50000,717.50000,695.50000,695.50000,251044
1632812400,687.50000,700.00000,681.00000,694.50000,904257
1632898800,683.00000,708.50000,683.00000,687.00000,332509
1632985200,702.00000,702.00000,681.50000,683.50000,410397
1633071600,675.50000,682.29999,665.00000,666.00000,259305
1633330800,648.00000,648.50000,584.00000,620.00000,1718532
1633417200,618.50000,634.50000,618.50000,630.50000,667390
1633503600,625.50000,631.50000,617.50000,621.50000,597512
1633590000,628.00000,632.00000,618.50000,625.00000,490001
1633676400,628.50000,633.50000,621.00000,621.00000,537558
1633935600,610.00000,627.00000,607.21997,614.00000,662507
1634022000,605.00000,615.00000,604.54700,609.00000,1163082
1634108400,608.50000,626.00000,599.98401,622.50000,1647383
1634194800,626.50000,635.00000,621.50000,632.00000,424903
1634281200,640.00000,640.00000,628.00000,637.00000,690452
1634540400,625.50000,635.00000,623.00000,631.00000,317273
1634626800,635.00000,641.50000,633.50000,639.00000,442169
1634713200,639.50000,642.50000,627.50000,631.50000,590516
1634799600,627.00000,633.50000,618.50000,630.00000,284500
1634886000,641.50000,644.50000,627.65601,629.50000,358241
1635145200,635.00000,648.50000,633.50000,644.00000,371506
1635231600,643.50000,662.00000,643.50000,656.50000,874085
1635318000,645.00000,658.00000,642.55902,644.00000,370028
1635404400,656.00000,656.00000,637.50000,643.50000,351430
1635490800,640.50000,647.50000,636.50000,643.50000,282870
1635753600,655.50000,661.50000,637.50000,650.50000,5510076
1635840000,639.00000,664.50000,639.00000,660.00000,341168
1635926400,672.50000,672.50000,649.00000,653.50000,400685
1636012800,656.50000,672.00000,656.50000,668.50000,614387
1636099200,669.00000,685.50000,668.00000,671.50000,661435
1636358400,675.00000,676.89398,666.00000,666.00000,386050
1636444800,681.50000,681.50000,666.00000,671.50000,352986
1636531200,679.00000,683.00000,666.50000,677.50000,451472
1636617600,665.50000,688.50000,665.50000,684.50000,235717
1636704000,671.00000,687.50000,671.00000,679.00000,226708
1636963200,673.00000,691.50000,673.00000,687.50000,721500
1637049600,675.00000,693.00000,675.00000,688.00000,763169
1637136000,687.50000,702.00000,687.50000,692.00000,432669
1637222400,679.50000,701.41998,679.50000,694.50000,572978
1637308800,695.50000,703.00000,692.50000,698.50000,488659
1637568000,698.00000,704.50000,694.00000,702.50000,350103
1637654400,686.00000,708.50000,686.00000,703.00000,285150
1637740800,688.00000,707.50000,688.00000,694.00000,331321
1637827200,694.00000,701.00000,692.00000,698.00000,303011
1637913600,681.00000,698.50000,679.40002,683.00000,462090
1638172800,687.00000,703.00000,687.00000,691.50000,466514
1638259200,680.50000,691.50000,677.00000,680.00000,1434057
1638345600,695.00000,700.50000,684.00000,693.50000,604091
1638432000,687.00000,697.00000,687.00000,690.50000,442264
1638518400,698.50000,702.00000,693.50000,696.50000,386846
1638777600,703.00000,709.50000,697.50000,708.00000,237736
1638864000,715.00000,721.00000,709.50000,720.50000,463103
1638950400,702.00000,724.00000,702.00000,707.00000,345763
1639036800,726.50000,759.50000,701.50000,741.00000,2153057
1639123200,750.00000,750.00000,728.00000,732.50000,361675
1639382400,716.00000,741.94098,716.00000,735.00000,435665
1639468800,729.00000,748.00000,729.00000,737.50000,1625797
1639555200,732.00000,747.50000,732.00000,743.50000,817388
1639641600,745.00000,754.50000,732.00702,736.50000,692292
1639728000,734.00000,740.50000,726.00000,740.50000,928504
1639987200,723.00000,733.50000,707.50000,733.50000,570750
1640073600,740.50000,753.00000,736.00000,753.00000,1451329
1640160000,752.50000,758.50000,746.50000,753.00000,310527
1640246400,740.00000,760.50000,740.00000,750.50000,250789
1640332800,751.00000,754.50000,745.50000,745.50000,61317
1640764800,762.00000,779.00000,755.90002,770.00000,654456
1640851200,755.00000,780.50000,755.00000,777.50000,304950
1640937600,783.00000,783.00000,769.50000,771.00000,100724
1641283200,785.00000,802.50000,783.00000,787.00000,1046962
1641369600,788.50000,797.00000,782.00000,791.00000,237882
1641456000,780.00000,794.00000,777.00000,784.50000,435190
1641542400,768.00000,793.00000,768.00000,785.50000,186788
1641801600,800.00000,801.50000,779.50000,786.50000,656009
1641888000,796.00000,810.00000,790.00000,805.00000,516826
1641974400,804.50000,827.00000,804.50000,813.50000,794939
1642060800,796.50000,818.50000,795.00000,795.00000,418909
1642147200,820.00000,820.00000,774.50000,774.50000,513568
1642406400,774.00000,786.50000,771.50000,777.00000,211055
1642492800,801.00000,801.00000,756.00000,756.50000,237465
1642579200,777.50000,777.50000,748.44098,763.50000,409666
1642665600,762.50000,769.00000,754.50000,756.50000,177687
1642752000,748.00000,752.50000,739.50000,752.50000,266658
1643011200,749.50000,750.50000,710.50000,718.00000,582234
1643097600,719.50000,741.09601,718.95203,729.00000,543958
1643184000,731.50000,742.20001,727.00000,729.50000,234137
1643270400,710.50000,733.50000,710.50000,729.50000,386930
1643356800,735.50000,737.00000,719.00000,724.00000,432070
1643616000,730.50000,736.00000,719.40002,732.00000,252146
1643702400,734.50000,752.29797,734.50000,746.00000,197742
1643788800,748.50000,752.50000,744.79999,746.00000,228103
1643875200,740.50000,751.20001,723.20203,729.00000,349135
1643961600,729.00000,736.50000,707.00000,707.50000,159107
1644220800,702.50000,716.50000,702.50000,709.50000,158443
1644307200,709.50000,720.59998,699.50000,707.00000,386093
1644393600,714.00000,728.00000,697.20001,726.00000,257923
1644480000,724.50000,734.00000,714.00000,733.00000,254795
1644566400,713.50000,724.50000,712.50000,712.50000,141430
1644825600,696.00000,703.50000,676.60101,687.50000,1804402
1644912000,701.50000,706.50000,685.00000,701.50000,1398278
1644998400,720.50000,720.50000,695.00000,705.00000,353896
1645084800,719.00000,719.00000,696.50000,696.50000,1022170
1645171200,716.50000,716.50000,681.03699,682.00000,357981
1645430400,698.50000,698.50000,668.00000,678.00000,437338
1645516800,659.00000,677.50000,658.40002,666.00000,831932
1645603200,667.50000,676.00000,647.50000,647.50000,440613
1645689600,635.00000,641.00000,606.00000,621.00000,651274
1645776000,631.00000,642.00000,628.50000,638.50000,395252
1646035200,656.00000,656.00000,616.00000,636.50000,872371
1646121600,638.00000,644.50000,606.50000,606.50000,405220
1646208000,623.50000,624.50000,593.50000,616.50000,635687
1646294400,621.00000,626.00000,585.00000,585.00000,483737
1646380800,584.00000,584.00000,556.50000,566.50000,720389
1646640000,557.50000,576.00000,523.50000,562.50000,897987
1646726400,549.50000,588.00000,549.50000,584.50000,668433
1646812800,600.00000,627.00000,592.00000,618.50000,569130
1646899200,601.50000,624.50000,601.50000,605.50000,337197
1646985600,619.50000,631.50000,612.00000,613.50000,405213
1647244800,614.00000,639.50000,610.50000,634.50000,352464
1647331200,617.50000,636.50000,617.00000,626.00000,600100
1647417600,637.50000,650.50000,629.50000,643.50000,793955
1647504000,658.00000,670.90900,637.50000,646.50000,525617
1647590400,656.00000,666.00000,644.00000,662.00000,721360
1647849600,669.00000,671.00000,659.50000,663.50000,979934
1647936000,649.50000,673.29797,649.50000,671.50000,426749
1648022400,654.50000,679.50000,654.50000,671.50000,846862
1648108800,673.00000,677.50000,660.00000,666.50000,343170
1648195200,670.00000,679.50000,667.34998,672.50000,319405
1648450800,659.50000,682.50000,659.50000,675.00000,2870570
1648537200,673.00000,702.00000,669.00000,700.50000,4781193
1648623600,701.00000,705.00000,669.00000,672.50000,349270
1648710000,673.50000,679.00000,633.70203,634.00000,202026
1648796400,651.00000,663.00000,642.50000,656.00000,547745
1649055600,662.00000,672.50000,645.00000,662.00000,435778
1649142000,679.00000,689.00000,660.00000,685.00000,1228721
1649228400,669.50000,694.00000,655.00000,665.00000,711103
1649314800,668.50000,670.00000,656.00000,660.00000,646127
1649401200,643.00000,664.50000,643.00000,664.00000,1044568
1649660400,674.00000,674.00000,653.50000,664.00000,552700
1649746800,653.00000,683.50000,653.00000,680.00000,1118716
1649833200,661.00000,691.00000,661.00000,688.50000,422980
1649919600,687.50000,702.00000,687.50000,698.50000,393671
1650351600,693.50000,702.50000,688.00000,699.00000,391372
1650438000,718.00000,718.00000,694.00000,701.50000,508565
1650524400,700.50000,703.00000,697.50000,700.50000,385955
1650610800,700.00000,701.50000,690.00000,690.00000,450466
1650870000,675.50000,689.00000,669.00000,682.50000,500913
1650956400,688.50000,693.00000,671.00000,671.00000,705096
1651042800,672.50000,678.50000,662.00000,663.50000,612427
1651129200,669.00000,682.00000,667.50000,679.00000,310070
1651215600,695.00000,700.00000,677.50000,679.00000,441785
1651561200,687.50000,693.00000,667.50000,686.00000,407465
1651647600,703.00000,703.00000,650.00000,650.00000,1629930
1651734000,658.50000,669.00000,654.00000,660.00000,1915354
1651820400,646.50000,665.00000,646.50000,658.50000,688872
1652079600,646.00000,662.00000,645.00000,647.00000,753073
1652166000,647.50000,660.50000,646.00000,650.00000,526993
1652252400,662.00000,672.50000,650.50000,661.50000,599455
1652338800,653.50000,678.00000,649.50000,674.50000,1650436
1652425200,658.50000,693.00000,658.50000,685.00000,445798
1652684400,671.50000,689.00000,671.50000,687.00000,392123
1652770800,689.50000,701.50000,680.50000,688.50000,829178
1652857200,690.50000,701.50000,678.50000,678.50000,1081904
1652943600,673.00000,678.00000,653.00000,660.00000,583768
1653030000,665.00000,667.50000,658.00000,662.00000,571201
1653289200,666.50000,675.00000,665.50000,675.00000,533564
1653375600,657.00000,669.50000,629.00000,634.00000,706988
1653462000,634.00000,644.00000,611.00000,639.00000,1495599
1653548400,654.50000,672.00000,631.50000,672.00000,691656
1653634800,674.50000,697.00000,674.00000,689.50000,305538
1653894000,694.00000,700.50000,689.00000,695.00000,479953
1653980400,677.50000,701.50000,677.50000,691.00000,1725457
1654066800,703.00000,706.00000,693.00000,698.50000,2103173
1654498800,700.00000,707.50000,699.04401,701.00000,524748
1654585200,690.00000,704.00000,676.00000,687.50000,576240
1654671600,687.50000,700.50000,686.50000,696.50000,666371
1654758000,680.50000,703.50000,680.50000,695.00000,658105
1654844400,685.00000,699.50000,673.50000,673.50000,410742
1655103600,676.00000,676.00000,651.06500,660.50000,736717
1655190000,663.50000,670.00000,643.00000,644.00000,898389
1655276400,651.50000,656.50000,645.00000,648.00000,653508
1655362800,637.50000,644.50000,573.65002,600.00000,2081637
1655449200,601.50000,619.00000,581.51801,606.00000,1552607
1655708400,624.00000,641.00000,610.00000,625.50000,493244
1655794800,612.00000,638.00000,612.00000,624.50000,470956
1655881200,611.50000,635.50000,611.50000,629.00000,439267
1655967600,630.00000,646.00000,629.50000,641.00000,407293
1656054000,630.50000,670.00000,625.00000,668.50000,599742
1656313200,660.00000,682.00000,652.00000,673.00000,279087
1656399600,671.50000,680.50000,667.99298,668.00000,466405
1656486000,662.00000,676.50000,656.50000,671.50000,611431
1656572400,665.50000,671.50000,653.00000,665.50000,316982
1656658800,661.50000,672.50000,659.00000,665.00000,340846
1656918000,682.50000,682.50000,660.50000,668.00000,213288
1657004400,674.00000,674.46997,652.50000,657.50000,407159
1657090800,674.00000,678.00000,663.21997,667.00000,574407
1657177200,668.00000,692.50000,668.00000,688.00000,536579
1657263600,694.00000,700.00000,684.00000,698.00000,473222
1657522800,695.00000,700.65997,684.50000,694.00000,595642
1657609200,709.00000,709.00000,687.50000,692.00000,597770
1657695600,676.50000,706.00000,676.50000,691.00000,426379
1657782000,695.50000,695.50000,682.33002,686.50000,387538
1657868400,702.50000,708.50000,679.50000,707.50000,458547
1658127600,713.00000,724.50000,711.00000,724.50000,362579
1658214000,702.00000,753.50000,702.00000,752.50000,638525
1658300400,758.00000,759.00000,702.00000,750.00000,564503
1658386800,771.50000,1001.68597,761.12500,949.50000,5294657
1658473200,940.50000,961.50000,921.50000,942.00000,2062090
1658732400,926.00000,943.50000,917.50000,922.00000,696380
1658818800,925.00000,931.00000,876.00000,886.50000,558539
1658905200,863.00000,894.50000,863.00000,886.50000,517332
1658991600,894.50000,909.79999,879.40002,892.50000,533277
1659078000,900.00000,907.50000,893.50000,896.50000,540953
1659337200,896.00000,909.50000,885.50000,900.50000,370707
1659423600,902.00000,908.29999,886.50000,891.00000,371019
1659510000,875.50000,889.79999,875.50000,883.00000,729939
1659596400,889.50000,901.00000,889.50000,893.50000,637937
1659682800,902.00000,902.15997,869.00000,884.00000,400004
1659942000,889.00000,912.00000,876.50000,889.50000,221300
1660028400,903.00000,910.00000,878.50000,882.50000,283521
1660114800,868.00000,906.50000,868.00000,906.50000,278426
1660201200,882.00000,912.50000,882.00000,902.00000,743091
1660287600,882.00000,905.50000,881.00000,887.50000,201564
1660546800,865.50000,901.00000,865.50000,892.00000,181980
1660633200,907.00000,907.00000,885.00000,898.00000,172202
1660719600,876.50000,903.50000,876.50000,890.50000,250537
1660806000,902.00000,902.00000,862.00000,883.00000,278665
1660892400,870.00000,882.00000,868.79999,877.00000,399803
1661151600,853.00000,880.00000,849.50000,855.50000,267558
1661238000,856.50000,857.09998,810.40002,825.00000,451186
1661324400,843.50000,843.50000,815.00000,836.00000,1337475
1661410800,814.50000,839.00000,814.50000,834.00000,172550
1661497200,825.50000,840.00000,806.00000,810.00000,262766
1661842800,800.50000,825.05701,800.50000,808.50000,358945
1661929200,823.50000,823.50000,798.00000,805.00000,618751
1662015600,781.50000,805.50000,781.50000,800.00000,338586
1662102000,802.00000,812.00000,784.50000,802.00000,252588
1662361200,795.50000,816.50000,772.50000,801.00000,288110
1662447600,785.50000,837.00000,785.50000,814.50000,172442
1662534000,799.50000,812.00000,794.50000,812.00000,560521
1662620400,791.00000,808.50000,784.50000,804.00000,593042
1662706800,811.50000,816.50000,794.00000,812.00000,496859
1662966000,818.50000,856.00000,817.00000,856.00000,4445788
1663052400,850.00000,862.00000,817.50000,821.00000,1595556
1663138800,807.50000,824.50000,794.50000,799.50000,308086
1663225200,815.00000,820.00000,793.50000,801.50000,338985
1663311600,800.00000,800.00000,776.50000,786.00000,1322910
1663657200,768.50000,792.50000,766.50000,777.00000,556212
1663743600,768.00000,788.00000,766.00000,788.00000,595601
1663830000,770.50000,781.00000,762.00000,763.50000,625325
1663916400,757.50000,775.00000,739.00000,741.00000,540457
1664175600,741.00000,750.50000,717.50000,728.31799,484358
1664262000,719.50000,730.00000,703.50000,707.50000,660412
1664348400,707.50000,713.50000,676.00000,713.50000,690027
1664434800,713.00000,713.00000,666.00000,667.00000,725317
1664521200,674.50000,684.26001,653.50000,678.00000,691682
1664780400,673.00000,681.50000,660.00000,676.50000,421164
1664866800,670.50000,693.00000,668.00000,688.50000,1012035
1664953200,681.50000,684.00000,654.50000,671.50000,433196
1665039600,684.00000,684.00000,659.00000,665.00000,274849
1665126000,657.00000,660.00000,640.50000,645.00000,390218
1665385200,640.50000,649.50000,633.50000,646.00000,2482543
1665471600,645.50000,645.50000,623.00000,636.50000,434168
1665558000,643.50000,643.50000,607.00000,621.00000,642417
1665644400,625.00000,647.50000,607.00000,637.00000,685403
1665730800,638.50000,657.00000,637.00000,641.00000,488959
1665990000,632.50000,658.50000,623.00000,658.00000,259140
1666076400,654.50000,669.50000,649.50000,653.50000,839497
1666162800,668.50000,668.50000,636.50000,643.00000,390877
1666249200,643.50000,652.00000,635.00000,647.00000,313950
1666335600,640.00000,641.00000,610.00000,621.00000,570636
1666594800,638.00000,641.78998,621.00000,628.50000,377781
1666681200,637.50000,649.00000,625.00000,647.50000,327394
1666767600,632.00000,665.50000,632.00000,665.50000,394516
1666854000,657.00000,671.00000,652.00000,660.50000,282068
1666940400,646.50000,659.00000,643.50000,645.50000,442596
1667203200,650.00000,651.50000,642.00000,647.50000,475999
1667289600,634.50000,677.00000,634.50000,658.50000,345339
1667376000,659.50000,668.00000,649.00000,652.50000,266130
1667462400,660.00000,660.50000,637.00000,646.00000,620948
1667548800,643.00000,671.00000,643.00000,667.50000,407095
1667808000,685.00000,708.50000,677.50000,706.00000,1963625
1667894400,690.50000,737.50000,690.50000,737.00000,1015215
1667980800,737.50000,743.50000,725.00000,739.00000,782812
1668067200,735.50000,781.50000,729.00000,778.00000,530677
1668153600,770.00000,799.50000,745.50000,793.00000,446793
1668412800,803.00000,810.00000,723.50000,789.50000,1767518
1668499200,801.50000,801.50000,763.50000,789.00000,240953
1668585600,791.00000,799.00000,762.50000,768.50000,355474
1668672000,778.50000,780.00000,764.50000,777.00000,252060
1668758400,792.50000,824.50000,782.50000,823.00000,706183
1669017600,823.50000,828.00000,812.50000,823.50000,724451
1669104000,826.50000,858.50000,823.95001,852.00000,618042
1669190400,861.50000,886.00000,850.00000,886.00000,358659
1669276800,879.50000,898.50000,878.00000,878.00000,446403
1669363200,874.00000,894.00000,871.50000,888.00000,634303
1669622400,889.00000,903.00000,879.50000,894.00000,1898338
1669708800,897.00000,915.50000,895.79999,899.00000,1393548
1669795200,912.50000,917.00000,894.00000,898.50000,1705687
1669881600,915.50000,921.74500,892.00000,895.50000,1141114
1669968000,901.00000,917.50000,881.50000,888.00000,3451661
1670227200,885.50000,911.50000,880.00000,898.50000,2180257
1670313600,900.50000,904.50000,880.50000,884.50000,1189021
1670400000,878.00000,904.50000,878.00000,895.00000,1828912
1670486400,897.00000,903.57300,792.50000,814.50000,2534995
1670572800,818.50000,835.00000,780.50000,782.50000,829533
1670832000,782.50000,784.27600,751.00000,753.00000,533392
1670918400,754.50000,777.50000,736.00000,759.00000,655327
1671004800,751.50000,761.50000,744.00000,759.00000,686271
1671091200,751.50000,752.16901,742.31799,742.50000,499038
1671177600,746.00000,746.50000,723.50000,735.00000,5339022
1671436800,749.50000,749.50000,720.00000,731.00000,556288
1671523200,720.00000,728.00000,717.00000,721.50000,2164733
1671609600,728.00000,748.00000,720.50000,743.00000,1289205
1671696000,748.00000,748.00000,731.00000,733.50000,501241
1671782400,744.00000,744.00000,724.50000,728.00000,138122
1672214400,719.50000,729.50000,718.50000,721.00000,294477
1672300800,723.00000,723.00000,702.50000,720.50000,454062
1672387200,716.50000,721.50000,710.00000,710.00000,164857
1672732800,712.00000,728.50000,712.00000,720.00000,557454
1672819200,722.50000,740.00000,717.00000,736.00000,360124
1672905600,736.00000,768.50000,736.00000,761.00000,452463
1672992000,765.50000,776.00000,741.00000,758.00000,295202
1673251200,762.00000,763.00000,737.00000,739.00000,386407
1673337600,725.00000,735.50403,718.50000,722.00000,510472
1673424000,723.50000,756.00000,713.00000,751.00000,1091766
1673510400,750.00000,764.50000,741.00000,762.00000,469475
1673596800,766.50000,773.00000,757.50000,768.00000,255208
1673856000,770.00000,774.93500,762.50000,770.00000,238101
1673942400,790.00000,790.00000,757.50000,763.50000,366757
1674028800,762.00000,767.09802,748.00000,755.00000,2244242
1674115200,753.50000,757.50000,742.90802,743.50000,2297381
1674201600,745.50000,767.00000,735.71997,765.00000,777808
1674460800,765.50000,772.00000,757.06598,762.00000,307955
1674547200,780.50000,780.50000,759.50000,761.00000,198989
1674633600,766.00000,771.00000,751.33197,755.00000,232767
1674720000,762.00000,769.00000,759.00000,759.00000,722703
1674806400,774.00000,774.00000,756.37500,771.00000,200493
1675065600,765.50000,781.50000,750.50000,780.00000,344983
1675152000,782.00000,790.50000,776.17499,783.00000,327304
1675238400,784.50000,792.00000,780.30499,783.50000,360406
1675324800,790.50000,810.00000,785.97498,803.50000,586401
1675411200,805.00000,806.00000,792.50000,803.00000,429277
1675670400,802.00000,802.38800,786.65002,793.50000,379365
1675756800,793.50000,798.40002,775.50000,785.00000,1311484
1675843200,796.00000,810.23901,786.59998,790.00000,311156
1675929600,777.00000,800.50000,777.00000,794.00000,1001184
1676016000,784.00000,790.50598,756.33002,760.00000,1516677
1676275200,758.50000,763.00000,756.33002,761.50000,284579
1676361600,755.00000,774.77600,749.35199,760.00000,356541
1676448000,754.50000,781.50000,754.50000,779.50000,383735
1676534400,774.00000,784.50000,763.50000,775.00000,155340
1676620800,773.50000,774.50000,759.00000,769.50000,2514503
1676880000,788.50000,798.50000,786.40302,794.00000,2482831
1676966400,801.00000,807.00000,796.50000,804.00000,634046
1677052800,796.50000,803.50000,793.00000,794.50000,1235604
1677139200,799.00000,803.00000,783.00000,784.50000,544570
1677225600,786.50000,804.00000,780.00000,795.00000,795060
1677484800,805.50000,806.00000,799.00000,803.50000,869497
1677571200,805.00000,806.50000,799.00000,801.50000,1755750
1677657600,793.00000,805.00000,793.00000,800.50000,1393661
1677744000,797.50000,803.00000,795.00000,796.00000,309653
1677830400,798.00000,801.50000,778.00000,778.50000,378412
1678089600,776.50000,790.50000,766.00000,781.50000,348971
1678176000,785.00000,794.39001,778.50000,784.00000,1415196
1678262400,782.00000,925.10602,764.00000,772.00000,4667850
1678348800,773.50000,789.21997,767.50000,784.50000,1795105
1678435200,780.50000,781.50000,752.50000,767.50000,1047404
1678694400,747.50000,778.00000,747.50000,760.00000,2019150
1678780800,761.00000,770.00000,750.50000,759.50000,823238
1678867200,770.50000,770.50000,712.50000,714.00000,898358
1678953600,718.00000,733.00000,714.00000,731.00000,976983
1679040000,739.50000,745.19598,713.00000,721.50000,1026277
1679299200,722.50000,748.50000,710.00000,740.50000,616618
1679385600,723.50000,764.50000,723.50000,757.50000,705781
1679472000,745.00000,768.00000,745.00000,760.00000,568269
1679558400,768.00000,769.00000,742.50000,755.00000,590614
1679644800,748.00000,757.50000,737.00000,747.00000,370775
1679900400,746.00000,760.50000,746.00000,751.50000,608645
1679986800,745.00000,768.50000,737.50000,750.00000,393355
1680073200,743.00000,764.74902,743.00000,760.50000,575902
1680159600,773.50000,783.50000,764.50000,770.50000,2200105
1680246000,783.50000,786.00000,772.50000,777.00000,810213
1680505200,771.50000,789.37299,771.50000,775.00000,1491902
1680591600,785.00000,787.00000,762.50000,767.50000,969711
1680678000,772.00000,774.50000,754.50000,759.50000,366183
1680764400,741.50000,762.00000,741.50000,761.00000,281837
1681196400,761.50000,786.00000,761.50000,782.00000,922873
1681282800,788.00000,795.50000,782.50000,787.00000,594149
1681369200,796.50000,798.00000,788.00000,788.50000,800983
1681455600,801.00000,802.00000,788.50702,800.50000,849478
1681714800,806.00000,806.00000,796.00000,796.00000,598720
1681801200,784.00000,802.00000,784.00000,793.00000,400771
1681887600,790.50000,799.50000,775.50000,796.50000,455341
1681974000,801.50000,801.50000,786.50000,790.00000,1430413
1682060400,785.00000,795.50000,782.33197,794.50000,299640
1682319600,802.50000,802.50000,791.50000,793.50000,937000
1682406000,797.50000,797.50000,779.50000,787.00000,323957
1682492400,785.50000,793.00000,767.00000,791.00000,351997
1682578800,771.50000,786.50000,757.50000,766.00000,424302
1682665200,762.00000,773.50000,757.50000,768.50000,435780
1683010800,751.50000,781.00000,751.50000,774.50000,1446327
1683097200,770.00000,783.49597,770.00000,780.00000,195094
1683183600,768.00000,774.00000,763.00000,773.50000,389774
1683270000,755.50000,777.50000,755.50000,775.00000,158053
1683615600,774.00000,784.50000,770.00000,772.50000,426190
1683702000,772.00000,776.00000,756.50000,774.50000,354434
1683788400,770.00000,783.00000,770.00000,781.00000,830576
1683874800,786.50000,788.50000,773.50000,777.00000,963663
1684134000,786.50000,787.50000,775.50000,780.50000,157015
1684220400,780.00000,781.00000,760.50000,767.00000,381390
1684306800,776.50000,776.50000,752.24298,767.00000,421041
1684393200,763.50000,777.00000,763.50000,775.50000,172285
1684479600,763.50000,794.48999,763.50000,765.50000,485771
1684738800,773.50000,773.50000,745.00000,748.50000,1232375
1684825200,755.00000,755.00000,710.00000,717.00000,787367
1684911600,703.50000,712.50000,699.50000,705.50000,1228101
1684998000,705.00000,705.00000,679.00000,683.50000,848163
1685084400,671.00000,711.47198,662.50000,672.00000,660226
1685430000,678.50000,699.00000,678.00897,690.00000,625378
1685516400,693.50000,693.50000,667.50000,672.50000,1624192
1685602800,661.00000,688.00000,661.00000,684.00000,1434128
1685689200,671.00000,708.00000,671.00000,700.00000,413462
1685948400,701.50000,708.65198,694.50000,694.50000,760385
1686034800,691.00000,699.50000,681.50000,696.00000,1310099
1686121200,695.00000,706.00000,691.50000,699.50000,526499
1686207600,697.00000,702.86700,682.50000,689.00000,420647
1686294000,685.50000,693.00000,682.50000,684.50000,376896
1686553200,693.00000,697.00000,681.50000,684.50000,1042499
1686639600,698.00000,699.50000,688.50000,695.00000,7464448
1686726000,683.50000,700.00000,683.50000,698.50000,414043
1686812400,685.50000,710.50000,676.50000,684.00000,698704
1686898800,687.50000,709.50000,682.00000,697.00000,980266
1687158000,688.00000,717.50000,688.00000,712.00000,478473
1687244400,719.50000,738.00000,709.00000,712.00000,894253
1687330800,699.50000,712.00000,699.50000,703.00000,386549
1687417200,703.00000,707.50000,696.00000,702.50000,596857
1687503600,701.50000,703.50000,681.50000,683.00000,414533
1687762800,680.00000,700.00000,674.50000,686.00000,1609357
1687849200,673.00000,701.00000,673.00000,686.00000,1011306
1687935600,697.00000,702.50000,682.50000,701.50000,1416175
1688022000,711.00000,711.00000,691.50000,692.00000,1469875
1688108400,700.50000,705.00000,692.00000,702.00000,1237357
1688367600,709.00000,709.00000,699.32800,705.00000,376080
1688454000,705.00000,706.00000,699.50000,704.50000,976121
1688540400,700.00000,707.00000,690.50000,703.00000,854486
1688626800,708.50000,727.00000,674.78003,685.50000,934428
1688713200,680.50000,698.00000,674.50000,693.50000,541641
1688972400,694.50000,701.50000,676.00000,695.50000,412556
1689058800,695.00000,704.49500,688.00000,700.00000,267738
1689145200,705.00000,727.00000,699.00000,718.50000,435245
1689231600,716.00000,724.50000,713.00000,716.00000,1036903
1689318000,716.50000,728.00000,716.50000,724.50000,522628
1689577200,720.00000,727.50000,715.00000,727.50000,580621
1689663600,736.50000,744.00000,726.00000,744.00000,910186
1689750000,750.00000,765.50000,745.38000,760.00000,764092
1689836400,764.50000,771.00000,754.50000,763.00000,253550
1689922800,767.00000,767.00000,761.00000,761.50000,340601
1690182000,773.50000,773.50000,753.50000,760.00000,981509
1690268400,759.50000,770.00000,757.50000,764.50000,482047
1690354800,772.50000,779.00000,764.00000,779.00000,390163
1690441200,765.00000,808.00000,752.50000,801.00000,908237
1690527600,812.50000,815.00000,796.50000,799.50000,1232194
1690786800,796.00000,822.00000,794.00000,813.00000,513402
1690873200,829.00000,829.00000,798.50000,810.00000,323907
1690959600,798.00000,815.50000,794.00000,804.00000,392180
1691046000,794.00000,813.00000,794.00000,806.50000,628249
1691132400,791.00000,820.00000,791.00000,815.00000,261070
1691391600,805.00000,814.50000,800.00000,812.00000,1825524
1691478000,803.00000,814.50000,798.50000,805.00000,282984
1691564400,811.00000,816.50000,804.00000,808.00000,363411
1691650800,818.50000,818.50000,804.50000,810.50000,195524
1691737200,804.00000,811.50000,799.00000,799.00000,685654
1691996400,800.00000,807.50000,794.00000,804.50000,816954
1692082800,803.00000,814.00000,802.00000,811.00000,327580
1692169200,808.50000,820.00000,806.59998,816.00000,418220
1692255600,816.50000,820.50000,810.96997,811.50000,359350
1692342000,802.00000,805.00000,778.00000,792.00000,633728
1692601200,794.00000,799.50000,782.62000,794.00000,448868
1692687600,785.00000,801.50000,785.00000,795.00000,501612
1692774000,802.50000,803.00000,773.50000,784.50000,1200193
1692860400,788.00000,801.00000,784.50000,784.50000,629421
1692946800,778.00000,789.50000,778.00000,783.00000,412789
1693292400,786.00000,803.00000,781.00000,799.00000,1735059
1693378800,801.50000,801.50000,792.21997,796.50000,1975922
1693465200,800.00000,811.00000,799.00000,806.50000,1612921
1693551600,798.00000,817.00000,798.00000,808.00000,279557
1693810800,816.50000,818.00000,804.50000,804.50000,131173
1693897200,792.50000,806.50000,792.50000,803.00000,247792
1693983600,793.50000,813.00000,792.50000,804.50000,359455
1694070000,795.00000,804.50000,795.00000,801.50000,419191
1694156400,801.50000,806.00000,791.50000,798.50000,420970
1694415600,782.50000,809.50000,782.50000,804.00000,1115913
1694502000,805.00000,814.50000,804.50000,805.50000,304196
1694588400,814.00000,819.34198,793.50000,803.00000,530114
1694674800,801.00000,819.50000,793.83002,804.50000,467124
1694761200,809.50000,814.00000,800.00000,804.50000,1471501
1695020400,808.50000,809.00000,788.00000,797.50000,440161
1695106800,799.00000,803.50000,790.00000,792.50000,711483
1695193200,780.00000,804.50000,780.00000,797.00000,450779
1695279600,803.50000,818.00000,794.50000,813.00000,909886
1695366000,805.00000,827.27899,805.00000,817.00000,489396
1695625200,831.00000,831.50000,798.00000,801.00000,440781
1695711600,809.50000,812.50000,795.38300,801.50000,238929
1695798000,811.50000,811.50000,800.50000,804.00000,384901
1695884400,807.50000,811.00000,795.00000,804.00000,558381
1695970800,812.50000,815.00000,802.00000,805.50000,295752
1696230000,798.00000,812.00000,798.00000,806.00000,1575801
1696316400,809.00000,809.00000,794.00000,798.00000,539523
1696402800,786.00000,803.00000,775.00000,787.50000,769730
1696489200,779.50000,807.50000,779.50000,805.50000,565253
1696575600,813.50000,826.50000,805.50000,823.00000,386584
1696834800,816.00000,825.00000,810.00000,811.50000,791111
1696921200,819.50000,834.50000,816.00000,827.50000,313960
1697007600,826.00000,834.00000,806.50000,816.50000,682841
1697094000,805.00000,826.50000,805.00000,817.00000,263237
1697180400,828.50000,828.50000,796.50000,801.00000,321890
1697439600,805.50000,823.00000,797.50000,805.00000,458266
1697526000,805.00000,814.00000,793.50000,808.50000,352320
1697612400,810.00000,819.00000,793.50000,799.00000,875901
1697698800,794.50000,799.50000,779.50000,786.00000,449720
1697785200,793.00000,794.00000,780.00000,789.00000,731508
1698044400,787.00000,803.50000,781.50000,797.00000,591038
1698130800,797.00000,800.50000,790.00000,794.00000,853293
1698217200,795.50000,802.41998,785.22101,790.00000,364036
1698303600,788.00000,803.50000,788.00000,793.00000,436959
1698390000,794.50000,803.00000,783.50000,795.00000,592805
1698652800,804.00000,809.45001,798.50000,801.50000,182726
1698739200,809.00000,814.00000,800.50000,803.00000,455050
1698825600,811.50000,811.50000,798.50000,808.00000,454846
1698912000,815.00000,828.50000,812.50000,818.50000,272097
1698998400,820.50000,826.00000,803.00000,819.50000,311836
1699257600,838.00000,838.50000,805.50000,809.00000,299901
1699344000,815.00000,849.00000,812.00000,833.50000,958937
1699430400,826.00000,845.50000,823.50000,826.00000,862226
1699516800,819.00000,840.50000,811.00000,834.00000,470085
1699603200,831.50000,836.50000,818.50000,835.00000,449657
1699862400,840.00000,842.50000,830.50000,838.50000,674722
1699948800,846.50000,853.50000,834.50000,848.50000,732746
1700035200,855.00000,872.00000,850.50000,865.00000,509644
1700121600,872.00000,879.00000,848.00000,850.00000,227948
1700208000,855.50000,868.00000,851.00000,868.00000,767432
1700467200,876.00000,885.00000,850.50000,865.00000,188030
1700553600,866.00000,872.00000,858.50000,862.50000,223613
1700640000,869.50000,869.50000,861.00299,864.00000,268149
1700726400,878.00000,878.00000,858.00000,864.00000,228455
1700812800,865.00000,870.00000,850.00000,868.00000,330424
1701072000,867.00000,881.50000,854.73297,880.50000,301710
1701158400,884.00000,896.50000,876.50000,883.00000,697694
1701244800,883.00000,896.50000,880.00000,894.50000,421747
1701331200,900.50000,903.50000,883.00000,884.00000,669847
1701417600,899.50000,899.50000,877.00000,899.50000,387392
1701676800,881.00000,914.00000,881.00000,913.00000,411348
1701763200,915.50000,919.00000,903.50000,906.00000,656029
1701849600,916.50000,916.50000,905.00000,908.00000,333319
1701936000,912.00000,924.50000,901.50000,914.50000,510841
1702022400,920.00000,926.00000,910.00000,919.00000,468760
1702281600,922.00000,926.00000,913.50000,922.50000,391732
1702368000,925.00000,929.50000,912.00000,920.00000,377404
1702454400,929.50000,930.80798,916.00000,921.00000,558555
1702540800,939.00000,940.50000,922.00000,924.50000,1334079
1702627200,930.50000,931.50000,918.50000,923.50000,802635
1702886400,933.00000,933.00000,916.50000,926.50000,586461
1702972800,938.50000,949.50000,923.00000,929.00000,322139
1703059200,942.50000,942.50000,918.00000,938.00000,699102
1703145600,934.00000,938.50000,926.72101,929.00000,207644
1703232000,930.50000,935.00000,895.00000,922.50000,211777
1703664000,929.00000,930.50000,912.00000,915.00000,307572
1703750400,922.00000,922.00000,909.50000,911.50000,220934
1703836800,929.50000,929.50000,910.50000,910.50000,85546
1704182400,925.50000,925.50000,878.59003,886.00000,346720
1704268800,882.50000,890.50000,866.50000,871.00000,388279
1704355200,864.00000,864.50000,829.00000,840.00000,1339129
1704441600,834.00000,851.50000,828.00000,845.00000,736361
1704700800,855.00000,855.50000,835.00000,854.00000,381039
1704787200,854.50000,854.50000,841.00000,846.00000,484818
1704873600,845.50000,852.00000,838.00000,844.00000,262983
1704960000,860.50000,860.50000,828.00000,830.00000,755152
1705046400,828.00000,841.00000,824.50000,837.50000,367741
1705305600,830.50000,841.50000,820.50000,822.00000,405367
1705392000,802.00000,816.00000,802.00000,809.00000,563140
1705478400,797.50000,804.00000,778.00000,793.00000,497306
1705564800,794.00000,795.50000,786.42297,792.00000,675918
1705651200,799.50000,799.50000,787.50000,790.00000,518418
1705910400,800.00000,804.50000,789.00000,791.00000,342936
1705996800,807.00000,812.00000,789.00000,789.00000,861987
1706083200,790.50000,799.00000,777.00000,799.00000,390133
1706169600,790.00000,803.50000,790.00000,798.00000,364450
1706256000,797.50000,810.50000,797.00000,806.00000,806622
1706515200,800.00000,812.50000,800.00000,809.50000,310494
1706601600,815.50000,822.50000,808.50000,817.50000,356026
1706688000,817.00000,820.50000,809.50000,810.00000,491600
1706774400,808.00000,808.00000,798.00000,798.00000,606959
1706860800,790.50000,816.00000,790.50000,803.50000,801820
1707120000,823.50000,823.50000,787.50000,787.50000,872249
1707206400,798.00000,800.00000,787.83600,799.00000,387070
1707292800,787.50000,802.00000,787.50000,801.00000,262347
1707379200,793.50000,808.00000,788.50000,792.50000,439100
1707465600,800.50000,804.50000,782.00000,783.50000,864797
1707724800,796.00000,822.50000,788.50000,822.50000,350399
1707811200,811.00000,826.11499,800.00000,806.00000,432025
1707897600,807.50000,832.00000,802.50000,829.00000,512224
1707984000,837.00000,844.00000,827.00000,827.00000,1001016
1708070400,820.50000,840.00000,820.50000,829.50000,222735
1708329600,830.00000,840.50000,826.00000,839.50000,222484
1708416000,848.00000,855.00000,829.00000,831.00000,141500
1708502400,835.50000,842.50000,826.00000,837.00000,398387
1708588800,830.00000,842.00000,830.00000,832.00000,160218
1708675200,840.50000,840.50000,828.00000,834.00000,105006
1708934400,842.50000,842.50000,827.50000,831.50000,185844
1709020800,839.50000,840.50000,814.00000,816.00000,257323
1709107200,817.50000,819.50000,807.50000,815.00000,192976
1709193600,822.50000,824.00000,807.50000,809.00000,589800
1709280000,812.00000,817.00000,800.50000,813.50000,313330
1709539200,802.00000,819.00000,798.50000,802.00000,311609
1709625600,798.00000,801.50000,794.50000,800.00000,350938
1709712000,818.00000,818.00000,796.50000,800.00000,696948
1709798400,807.00000,814.50000,793.00000,806.00000,1140665
1709884800,809.00000,809.00000,790.00000,804.00000,365519
1710144000,793.50000,810.50000,793.50000,802.50000,184166
1710230400,812.00000,812.00000,802.00000,812.00000,478284
1710316800,821.50000,821.50000,799.00000,801.50000,284928
1710403200,804.50000,817.00000,799.50000,802.50000,412822
1710489600,802.00000,808.00000,800.00000,801.00000,622536
1710748800,804.50000,807.50000,791.50000,795.50000,507078
1710835200,790.00000,791.00000,779.00000,785.50000,1178492
1710921600,784.00000,795.50000,784.00000,791.00000,540513
1711008000,806.50000,806.50000,795.50000,803.00000,397373
1711094400,807.00000,807.00000,787.50000,792.00000,352810
1711353600,792.00000,796.50000,777.00000,791.50000,242406
1711440000,780.50000,805.50000,780.50000,803.50000,254894
1711526400,810.00000,810.00000,800.00000,800.00000,141155
1711612800,809.00000,819.00000,799.00000,811.00000,1238695
1712041200,806.50000,818.50000,792.00000,797.00000,1172074
1712127600,786.00000,802.50000,786.00000,799.50000,280308
1712214000,803.50000,803.50000,785.22498,795.50000,298383
1712300400,788.50000,790.00000,775.00000,788.00000,407177
1712559600,785.00000,802.50000,783.81403,801.00000,331086
1712646000,800.50000,814.50000,795.00000,802.00000,253794
1712732400,801.00000,815.50000,798.96802,799.00000,1140612
1712818800,795.00000,805.00000,795.00000,799.50000,346239
1712905200,806.50000,806.50000,793.50000,794.50000,278039
1713164400,790.00000,800.00000,785.50000,794.50000,196498
1713250800,783.50000,784.00000,773.00000,776.00000,388248
1713337200,772.00000,789.50000,771.50000,782.50000,276775
1713423600,794.50000,794.50000,783.00000,786.50000,522782
1713510000,781.00000,789.00000,776.50000,784.50000,326490
1713769200,798.50000,803.50000,794.00000,798.00000,314356
1713855600,802.00000,812.00000,796.00000,803.50000,210910
1713942000,794.50000,807.00000,794.50000,795.00000,464256
1714028400,791.50000,802.00000,773.00000,790.50000,664536
1714114800,790.50000,801.00000,790.50000,796.00000,353732
1714374000,820.00000,828.50000,806.44000,820.50000,513385
1714460400,824.50000,833.00000,816.50000,816.50000,399844
1714546800,803.50000,820.50000,801.00000,805.50000,200318
1714633200,805.50000,812.50000,801.00000,805.00000,266843
1714719600,807.50000,817.50000,802.50000,817.50000,293962
1715065200,826.50000,831.00000,816.00000,816.00000,510321
1715151600,824.50000,828.50000,817.29999,823.00000,226140
1715238000,831.00000,835.50000,824.00000,835.50000,217750
1715324400,837.50000,840.00000,830.00000,832.00000,284909
1715583600,832.00000,838.00000,812.00000,817.50000,285906
1715670000,827.50000,833.50000,806.00000,825.50000,293352
1715756400,829.50000,833.50000,815.50000,824.00000,302302
1715842800,832.00000,832.00000,821.00000,829.00000,158584
1715929200,837.50000,837.50000,819.50000,828.00000,156809
1716188400,830.00000,838.46997,815.00000,816.50000,205625
1716274800,802.00000,824.50000,802.00000,817.00000,220279
1716361200,819.50000,822.50000,805.00000,821.00000,168091
1716447600,833.50000,833.50000,819.50000,828.00000,246210
1716534000,815.50000,832.00000,815.50000,829.50000,196444
1716879600,825.50000,833.21997,817.00000,820.50000,658069
1716966000,822.00000,830.00000,815.00000,825.00000,587185
1717052400,818.50000,878.00000,817.50000,875.00000,641625
1717138800,873.00000,889.00000,859.50000,881.50000,804748
1717398000,893.50000,914.00000,890.00000,897.50000,359888
1717484400,910.50000,910.50000,894.50000,897.00000,220580
1717570800,884.00000,898.50000,884.00000,886.50000,206029
1717657200,869.00000,889.00000,867.00000,883.50000,172742
1717743600,905.00000,905.00000,872.00000,880.00000,204455
1718002800,870.50000,888.50000,861.50000,872.00000,235747
1718089200,876.50000,876.50000,861.50000,864.50000,208228
1718175600,855.50000,884.00000,824.50000,874.00000,192320
1718262000,878.00000,886.00000,855.50000,857.50000,302820
1718348400,863.00000,864.50000,845.00000,848.50000,214402
1718607600,863.00000,863.00000,848.50000,855.50000,379377
1718694000,871.50000,876.00000,855.50000,862.50000,184848
1718780400,861.50000,871.50000,852.00000,862.50000,146603
1718866800,863.00000,871.50000,858.00000,871.50000,283618
1718953200,852.00000,870.00000,851.50000,870.00000,1984306
1719212400,886.00000,906.00000,870.00000,903.50000,231438
1719298800,920.50000,920.50000,894.50000,897.50000,255457
1719385200,902.00000,905.50000,883.50000,885.00000,321795
1719471600,892.00000,892.00000,849.50000,882.00000,284713
1719558000,881.00000,886.00000,862.50000,882.50000,308250
1719817200,882.00000,885.50000,875.50000,875.50000,207182
1719903600,860.00000,874.50000,853.50000,864.00000,267192
1719990000,874.50000,876.50000,861.00000,863.50000,848935
1720076400,884.50000,884.50000,861.50000,864.00000,198577
1720162800,877.00000,877.00000,853.50000,862.00000,163404
1720422000,834.50000,873.00000,834.50000,866.50000,261248
1720508400,869.00000,871.00000,828.50000,840.50000,876937
1720594800,851.00000,853.00000,836.50000,836.50000,1188333
1720681200,822.50000,851.50000,822.50000,851.50000,237467
1720767600,867.50000,876.00000,851.00000,875.00000,302525
1721026800,874.00000,874.00000,823.00000,843.50000,396644
1721113200,861.50000,861.50000,822.50000,844.00000,755082
1721199600,847.50000,857.00000,821.50000,821.50000,280423
1721286000,860.00000,916.00000,853.87000,897.00000,1532798
1721372400,881.50000,892.50000,872.50000,885.00000,307538
1721631600,889.50000,894.50000,881.00000,881.00000,385132
1721718000,869.50000,884.50000,869.50000,873.50000,767738
1721804400,861.00000,873.50000,861.00000,868.50000,159434
1721890800,851.00000,867.00000,847.00000,860.50000,232961
1721977200,859.00000,875.50000,855.50000,875.50000,156452
1722236400,889.00000,911.50000,876.00000,885.50000,235114
1722322800,895.00000,898.00000,881.00000,893.50000,228383
1722409200,913.50000,914.00000,889.50000,895.50000,210525
1722495600,910.50000,912.00000,876.00000,876.50000,287859
1722582000,883.00000,889.00000,861.00000,867.50000,515819
1722841200,861.50000,862.00000,834.00000,849.50000,370015
1722927600,843.50000,854.50000,823.00000,841.50000,218468
1723014000,852.00000,864.50000,836.50000,857.50000,184355
1723100400,855.00000,855.67999,833.00000,843.00000,194234
1723186800,826.50000,851.99701,825.50000,842.00000,83358
1723446000,828.50000,842.50000,827.00000,838.50000,179683
1723532400,838.50000,842.00000,827.50403,839.50000,129035
1723618800,842.50000,846.50000,835.50000,837.00000,112279
1723705200,843.50000,851.00000,830.50000,847.00000,137633
1723791600,863.50000,863.50000,842.00598,848.50000,147149
1724050800,869.00000,869.00000,849.08398,863.00000,162769
1724137200,853.00000,880.50000,839.50000,842.50000,172979
1724223600,837.50000,853.50000,837.50000,844.00000,113061
1724310000,829.00000,868.50000,829.00000,860.00000,172971
1724396400,861.50000,873.00000,836.50000,867.00000,198768
1724742000,877.00000,877.00000,851.00000,857.50000,107957
1724828400,869.00000,869.00000,847.50000,850.00000,120153
1724914800,855.00000,865.00000,847.50000,862.00000,136806
1725001200,866.50000,874.50000,859.50000,863.00000,149536
1725260400,848.00000,870.00000,848.00000,865.00000,104307
1725346800,857.50000,866.00000,857.50000,861.00000,214351
1725433200,858.00000,858.50000,837.00000,846.00000,168387
1725519600,831.00000,849.00000,831.00000,843.50000,157435
1725606000,856.50000,856.50000,821.50000,823.50000,176114
1725865200,832.50000,835.50000,824.50000,830.00000,360243
1725951600,814.50000,835.44000,814.50000,826.00000,182618
1726038000,837.50000,837.50000,812.50000,819.00000,114281
1726124400,810.50000,831.50000,810.00000,828.50000,938056
1726210800,836.50000,849.50000,831.00000,845.00000,232915
1726470000,844.50000,853.00000,836.00000,853.00000,143655
1726556400,854.50000,870.00000,847.00000,870.00000,222803
1726642800,870.00000,882.50000,861.50000,865.00000,165366
1726729200,869.50000,885.00000,869.50000,882.00000,256283
1726815600,874.00000,881.50000,842.50000,842.50000,939606
1727074800,836.50000,852.50000,831.00000,841.00000,382292
1727161200,852.50000,852.50000,836.50000,837.00000,125165
1727247600,822.00000,842.00000,822.00000,828.50000,167256
1727334000,843.00000,859.00000,832.00000,846.00000,219488
1727420400,851.50000,869.00000,848.50000,867.00000,204081
1727679600,850.00000,903.01703,833.00000,833.50000,670206
1727766000,833.00000,838.98798,810.50000,815.50000,306247
1727852400,830.50000,830.50000,804.50000,811.50000,257266
1727938800,816.00000,818.00000,799.50000,806.50000,218458
1728025200,806.00000,819.00000,805.50000,813.00000,176922
1728284400,829.00000,829.00000,808.00000,821.50000,241151
1728370800,815.50000,816.00000,808.50000,811.50000,1068230
1728457200,818.50000,821.00000,813.50000,817.50000,104108
1728543600,801.00000,817.00000,801.00000,808.50000,1365185
1728630000,816.00000,817.00000,805.00000,811.00000,159519
1728889200,806.00000,813.50000,797.00000,798.50000,311107
1728975600,809.00000,814.00000,797.00000,806.00000,259630
1729062000,813.00000,822.00000,806.00000,819.50000,172797
1729148400,820.50000,824.00000,814.50000,821.50000,176947
1729234800,815.00000,834.50000,815.00000,825.50000,659269
1729494000,825.50000,830.28998,810.00000,810.00000,699312
1729580400,798.50000,820.50000,793.50000,810.00000,256836
1729666800,810.00000,813.00000,795.50000,795.50000,211045
1729753200,796.00000,803.00000,779.00000,794.50000,213119
1729839600,804.00000,804.00000,789.50000,792.50000,189584
1730102400,800.00000,806.00000,794.00000,803.00000,159285
1730188800,824.00000,824.00000,784.00000,786.00000,169515
1730275200,791.00000,802.50000,780.50000,784.50000,279583
1730361600,788.00000,789.21600,753.00000,761.00000,616657
1730448000,754.50000,770.50000,754.50000,767.00000,246552
1730707200,779.00000,790.50000,769.50000,780.00000,254591
1730793600,769.50000,786.00000,769.50000,775.00000,160331
1730880000,776.00000,790.50000,748.00000,754.50000,351331
1730966400,761.00000,766.50000,753.50000,765.50000,363094
1731052800,765.50000,768.00000,750.00000,757.00000,3845102
1731312000,761.50000,772.00000,750.00000,750.00000,255478
1731398400,740.00000,749.50000,719.00000,727.50000,333369
1731484800,731.00000,739.50000,724.00000,730.00000,260691
1731571200,727.50000,737.50000,718.50000,733.00000,290975
1731657600,741.50000,748.00000,732.50000,748.00000,483150
1731916800,745.50000,753.00000,744.50000,750.50000,214275
1732003200,765.50000,766.50000,736.50000,749.50000,365438
1732089600,749.50000,754.01001,736.50000,737.00000,168798
1732176000,751.00000,756.50000,714.50000,732.50000,423061
1732262400,741.00000,751.50000,736.00000,747.50000,208639
1732521600,747.50000,764.50000,747.50000,762.00000,239296
1732608000,762.00000,764.00000,750.00000,750.00000,519458
1732694400,761.00000,761.00000,745.00000,752.50000,202261
1732780800,760.00000,768.00000,729.00000,738.00000,554042
1732867200,735.50000,745.98199,730.00000,736.50000,384682
1733126400,738.00000,744.50000,728.00000,741.00000,215866
1733212800,745.00000,751.00000,739.00000,751.00000,323667
1733299200,753.50000,762.50000,739.00000,741.00000,671024
1733385600,640.00000,677.00000,626.50000,662.00000,3335597
1733472000,653.00000,667.50000,638.00000,638.00000,875212
1733731200,629.50000,638.00000,621.00000,632.00000,723373
1733817600,646.00000,646.00000,628.78003,632.00000,532740
1733904000,625.00000,630.00000,622.00000,624.50000,436769
1733990400,625.00000,630.00000,619.50000,624.00000,435067
1734076800,613.50000,622.50000,613.50000,616.50000,687920
1734336000,616.50000,616.50000,604.00000,612.50000,483137
1734422400,604.50000,613.00000,604.50000,606.50000,1930294
1734508800,611.00000,619.50000,605.50000,610.00000,540147
1734595200,605.50000,614.50000,604.93500,609.50000,440609
1734681600,613.50000,635.50000,606.00000,626.50000,3539461
1734940800,620.00000,623.00000,603.50000,605.50000,1308176
1735027200,613.50000,620.00000,606.00000,615.50000,98664
1735286400,608.50000,614.00000,601.50000,605.50000,259007
1735545600,617.00000,617.00000,601.50000,605.50000,142873
1735632000,613.00000,613.00000,604.50000,609.00000,65904
1735804800,615.00000,625.00000,602.93402,605.00000,135295
1735891200,601.00000,608.00000,597.00000,597.00000,246377
1736150400,595.00000,613.03497,585.00000,603.50000,214018
1736236800,597.00000,605.98602,587.50000,589.50000,309433
1736323200,589.00000,599.00000,571.00000,571.00000,350379
1736409600,587.50000,587.50000,565.00000,586.00000,1179605
1736496000,575.00000,586.50000,575.00000,581.00000,217958
1736755200,588.00000,588.00000,575.50000,577.50000,243748
1736841600,568.00000,583.00000,567.00000,580.50000,367194
1736928000,592.00000,596.36298,579.50000,594.00000,225690
1737014400,601.50000,601.50000,589.50000,601.00000,254753
1737100800,601.00000,611.00000,591.00000,593.50000,243963
1737360000,582.00000,601.00000,582.00000,596.00000,204552
1737446400,613.50000,613.50000,591.50000,602.50000,241000
1737532800,614.00000,614.00000,594.50000,595.00000,213375
1737619200,584.50000,599.50000,584.50000,599.50000,819471
1737705600,594.00000,609.00000,594.00000,604.00000,203907
1737964800,588.00000,605.50000,588.00000,598.50000,185981
1738051200,599.50000,620.00000,594.50000,618.50000,327126
1738137600,610.00000,628.50000,610.00000,621.00000,244223
1738224000,623.00000,638.00000,619.00000,630.50000,285485
1738310400,632.50000,637.50000,625.00000,636.00000,239415
1738569600,640.00000,640.00000,619.50000,622.00000,190205
1738656000,622.00000,632.00000,619.50000,625.50000,203524
1738742400,636.00000,636.00000,620.00000,626.50000,238918
1738828800,615.00000,638.00000,615.00000,628.00000,242084
1738915200,617.50000,632.00000,617.50000,629.00000,490976
1739174400,631.50000,635.50000,624.50000,629.00000,1167680
1739260800,616.50000,634.00000,616.50000,631.50000,329928
1739347200,616.50000,638.11700,616.50000,631.00000,227778
1739433600,651.00000,651.00000,607.00000,609.50000,375823
1739520000,608.50000,625.50000,607.50000,621.00000,308693
1739779200,621.00000,625.50000,620.50000,624.50000,160548
1739865600,621.00000,623.90002,618.50000,621.00000,272009
1739952000,618.00000,624.00000,614.00000,621.00000,505121
1740038400,607.50000,622.00000,607.50000,621.00000,277747
1740124800,619.50000,631.50000,619.00000,621.50000,168935
1740384000,627.00000,627.50000,619.50000,622.00000,1151198
1740470400,621.00000,625.00000,620.50000,621.00000,175351
1740556800,620.50000,627.50000,620.50000,621.00000,153629
1740643200,620.50000,623.00000,616.50000,621.00000,550985
1740729600,616.50000,636.00000,613.00000,626.50000,1416991
1740988800,620.50000,635.00000,620.50000,630.50000,499827
1741075200,615.00000,627.50000,615.00000,619.00000,508368
1741161600,626.00000,629.00000,619.50000,627.50000,861937
1741248000,635.00000,641.06799,625.00000,632.00000,245569
1741334400,629.50000,640.50000,628.50000,640.50000,283031
1741593600,649.50000,650.50000,638.06403,645.50000,190398
1741680000,661.50000,661.50000,640.00000,641.00000,1346051
1741766400,656.50000,656.50000,629.50000,640.00000,846786
1741852800,640.50000,648.00000,615.00000,618.00000,1073119
1741939200,612.00000,624.00000,612.00000,623.00000,310052
1742198400,637.50000,637.50000,622.00000,633.50000,265938
1742284800,646.00000,653.00000,634.00000,653.00000,166201
1742371200,650.50000,657.50000,641.00000,647.00000,476045
1742457600,648.50000,657.18597,642.00500,647.50000,1385281
1742544000,647.50000,647.50000,636.50000,640.00000,968194
1742803200,626.50000,646.50000,626.50000,642.50000,302614
1742889600,638.00000,651.00000,638.00000,643.00000,242129
1742976000,661.00000,661.00000,640.00000,641.00000,172915
1743062400,635.00000,648.49597,622.50299,643.50000,588318
1743148800,629.50000,655.00000,629.50000,639.50000,256922
1743404400,654.50000,654.50000,622.00000,622.00000,738221
1743490800,642.00000,642.00000,610.00000,615.00000,255047
1743577200,603.50000,619.00000,603.50000,617.50000,112020
1743663600,621.00000,621.00000,577.00000,582.00000,184847
1743750000,597.00000,597.00000,547.00000,570.00000,567209
1744009200,554.00000,567.50000,534.00000,546.00000,910982
1744095600,545.50000,587.00000,545.50000,572.50000,274326
1744182000,547.50000,567.00000,544.00000,551.50000,231575
1744268400,570.00000,588.00000,562.00000,579.00000,330930
1744354800,592.50000,606.00000,579.00000,598.50000,170391
1744614000,613.50000,622.00000,601.50000,615.50000,170353
1744700400,615.00000,641.67499,615.00000,625.50000,197101
1744786800,622.00000,632.00000,610.50000,613.00000,68855
1744873200,603.00000,624.00000,603.00000,620.50000,88258
1745305200,615.50000,630.50000,615.00000,629.00000,67714
1745391600,643.50000,657.50000,641.00000,649.00000,176919
1745478000,643.00000,656.00000,643.00000,650.50000,202508
1745564400,659.50000,664.50000,648.50000,655.00000,188824
1745823600,654.50000,667.00000,645.00000,657.50000,118246
1745910000,657.50000,671.50000,657.50000,670.00000,216583
1745996400,675.00000,676.00000,658.50000,662.00000,169226
1746082800,678.00000,678.00000,661.50000,667.50000,140520
1746169200,674.50000,676.00000,653.50000,670.50000,117854
1746514800,677.00000,686.50000,654.50000,680.50000,407357
1746601200,667.50000,681.00000,667.50000,679.50000,613407
1746687600,686.00000,706.00000,675.50000,683.50000,139667
1746774000,671.50000,701.00000,671.50000,690.00000,97239
1747033200,671.50000,713.50000,671.50000,696.00000,319339
1747119600,680.00000,706.50000,680.00000,697.00000,134442
1747206000,700.00000,720.50000,697.00000,709.50000,158185
1747292400,693.00000,710.66998,693.00000,708.50000,623057
1747378800,714.00000,720.44202,699.50000,714.50000,89420
1747638000,734.50000,734.50000,694.50000,714.50000,123260
1747724400,721.00000,721.00000,711.50000,720.50000,193409
1747810800,699.00000,721.50000,699.00000,710.00000,101581
1747897200,688.00000,714.00000,688.00000,705.00000,126160
1747983600,696.50000,711.50000,684.96899,695.50000,145473
1748329200,709.50000,728.50000,697.50000,725.00000,238590
1748415600,728.00000,740.50000,709.00000,734.50000,151451
1748502000,736.00000,743.50000,728.61902,737.50000,297100
1748588400,740.50000,753.99200,732.00000,732.00000,355109
1748847600,753.00000,753.00000,719.00000,734.00000,170199
1748934000,753.00000,753.00000,728.00000,745.00000,260797
1749020400,750.00000,750.00000,732.50000,733.50000,135202
1749106800,732.00000,742.50000,726.00000,737.50000,283299
1749193200,735.00000,743.00000,722.00800,728.50000,80587
1749452400,748.00000,748.00000,716.50000,723.00000,117527
1749538800,740.00000,740.00000,715.50000,722.50000,313774
1749625200,733.00000,735.02502,712.40002,717.00000,91824
1749711600,738.00000,738.00000,705.50000,716.50000,95745
1749798000,702.00000,722.00000,702.00000,705.50000,64832
1750057200,687.00000,713.00000,687.00000,693.00000,149520
1750143600,709.50000,709.50000,678.00000,680.00000,100898
1750230000,661.50000,688.00000,661.50000,683.00000,2330668
1750316400,685.00000,698.50000,671.50000,681.50000,149704
1750402800,680.00000,702.00000,680.00000,687.50000,484359
1750662000,715.50000,715.50000,660.50000,663.00000,350493
1750748400,664.00000,680.00000,664.00000,674.00000,1143586
1750834800,682.00000,682.00000,673.50000,673.50000,110113
1750921200,673.00000,677.00000,669.50000,674.00000,188705
1751007600,670.00000,681.00000,670.00000,680.00000,233961
1751266800,674.00000,688.00000,674.00000,680.50000,101021
1751353200,698.00000,698.00000,672.00000,687.00000,215168
1751439600,695.00000,700.50000,681.00000,685.50000,585141
1751526000,668.00000,692.00000,668.00000,691.50000,233914
1751612400,688.50000,689.50000,675.00000,676.50000,101994
1751871600,697.50000,697.50000,663.50000,664.50000,124199
1751958000,660.00000,682.00000,655.00000,659.50000,223169
1752044400,657.00000,664.50000,651.50000,658.00000,112188
1752130800,658.00000,666.50000,658.00000,666.50000,137018
1752217200,667.00000,667.50000,656.00000,656.00000,167858
1752476400,650.00000,659.50000,648.50000,649.00000,124443
1752562800,650.50000,651.50000,638.50000,638.50000,217019
1752649200,634.50000,645.00000,631.50000,645.00000,368474
1752735600,640.00000,687.50000,608.50000,678.50000,452539
1752822000,665.00000,705.00000,665.00000,695.00000,680934
1753081200,697.00000,700.00000,681.00000,685.50000,228081
1753167600,683.50000,692.50000,677.25299,678.00000,163494
1753254000,662.50000,687.50000,662.50000,679.00000,97236
1753340400,681.00000,696.50000,664.00000,694.00000,117677
1753426800,701.00000,701.00000,680.00000,681.00000,73369
1753686000,674.00000,690.00000,673.00000,680.00000,126309
1753772400,685.50000,691.00000,678.00000,687.00000,128408
1753858800,672.50000,692.00000,672.50000,686.00000,75165
1753945200,686.00000,705.00000,683.50000,688.50000,199143
1754031600,689.50000,692.50000,678.00000,678.00000,232276
1754290800,700.00000,700.00000,657.50000,667.00000,252299
1754377200,660.00000,683.00000,660.00000,676.00000,305790
1754463600,692.50000,692.50000,662.00000,671.00000,148204
1754550000,658.00000,674.00000,658.00000,664.50000,108094
1754636400,680.50000,680.50000,662.50000,669.00000,84342
1754895600,683.50000,683.50000,667.00000,669.50000,84551
1754982000,658.50000,675.50000,658.50000,671.50000,55103
1755068400,658.00000,688.50000,658.00000,685.00000,92545
1755154800,687.00000,706.00000,670.00000,700.50000,149610
1755241200,686.50000,707.00000,680.50000,682.00000,111438
1755500400,682.50000,688.00000,679.50000,680.50000,71178
1755586800,683.00000,712.00000,678.70502,708.50000,98159
1755673200,707.50000,713.00000,699.50000,701.00000,141354
1755759600,688.00000,706.00000,687.00000,692.00000,125728
1755846000,688.50000,701.50000,678.50000,700.00000,100867
1756191600,696.00000,704.50000,686.00000,690.50000,111937
1756278000,678.00000,692.50000,676.00000,685.50000,90158
1756364400,677.00000,691.50000,677.00000,686.00000,84990
1756450800,680.00000,689.00000,674.50000,676.00000,101290
1756710000,695.00000,695.00000,664.50000,669.50000,75184
1756796400,664.00000,675.50000,644.50000,648.50000,155808
1756882800,633.50000,669.50000,633.50000,669.50000,191667
1756969200,680.50000,696.00000,667.50000,687.00000,243359
1757055600,701.00000,701.00000,684.50000,693.00000,73918
1757314800,701.00000,710.50000,689.50000,710.50000,204175
1757401200,708.50000,716.00000,700.50000,707.50000,73761
1757487600,705.00000,713.50000,698.50000,704.00000,114445
1757574000,714.00000,722.50000,705.00000,709.00000,160391
1757660400,702.00000,712.00000,687.00000,691.50000,160476
1757919600,694.00000,715.00000,678.50000,715.00000,64491
1758006000,725.00000,725.00000,700.00000,706.00000,209236
1758092400,722.50000,722.50000,703.00000,710.00000,163376
1758178800,708.00000,724.00000,703.50000,715.50000,757913
1758265200,737.00000,737.00000,697.00000,701.50000,249901
1758524400,718.00000,718.00000,688.00000,706.50000,50366
1758610800,718.00000,744.00000,700.76501,728.00000,180475
1758697200,722.50000,729.00000,720.00000,722.50000,67871
1758783600,709.50000,726.00000,709.50000,712.50000,64799
1758870000,712.50000,723.00000,709.83502,719.50000,81977
1759129200,740.50000,740.50000,705.00000,737.50000,130636
1759215600,733.50000,750.50000,732.50000,743.00000,140714
1759302000,747.00000,759.00000,734.00000,751.00000,228495
1759388400,765.00000,771.50000,750.50000,770.00000,193338
1759474800,775.00000,775.00000,749.00000,763.50000,206972
1759734000,764.00000,764.00000,741.50000,743.00000,96090
1759820400,721.50000,741.50000,711.00000,718.00000,91446
1759906800,710.50000,729.50000,710.50000,722.50000,72243
1759993200,702.00000,734.00000,702.00000,715.50000,141504
1760079600,721.50000,721.50000,693.50000,697.50000,152990
1760338800,678.50000,709.00000,678.50000,704.00000,77436
1760425200,683.00000,703.50000,683.00000,699.00000,93159
1760511600,693.00000,711.50000,684.50000,699.50000,159203
1760598000,718.00000,718.00000,692.50000,704.50000,156837
1760684400,692.50000,704.00000,680.00000,696.50000,152223
1760943600,690.00000,709.00000,690.00000,704.50000,82751
1761030000,718.50000,719.00000,700.50000,716.00000,30186
1761116400,720.00000,738.50000,720.00000,738.50000,161280
1761202800,740.50000,762.00000,723.00000,761.00000,219961
1761289200,775.00000,775.00000,749.50000,759.00000,88036
1761552000,739.00000,769.00000,739.00000,753.00000,182653
1761638400,741.00000,755.00000,739.00000,746.00000,79817
1761724800,753.50000,767.50000,736.81201,761.50000,108155
1761811200,770.00000,770.00000,752.50000,759.50000,109291
1761897600,775.00000,775.00000,729.00000,729.00000,129007
1762156800,706.50000,728.50000,687.87799,690.00000,192120
1762243200,675.00000,700.50000,675.00000,684.00000,239621
1762329600,669.50000,696.50000,669.50000,692.00000,104565
1762416000,692.50000,704.00000,674.50000,690.00000,74983
1762502400,689.00000,705.50000,676.00000,698.00000,134175
1762761600,715.50000,715.50000,696.50000,701.00000,122068
1762848000,707.00000,716.50000,692.50000,712.50000,93322
1762934400,711.00000,716.00000,694.50000,709.00000,52971
1763020800,716.00000,716.00000,697.52600,710.00000,41413
1763107200,679.50000,708.50000,679.50000,702.00000,81821
1763366400,717.00000,717.00000,685.00000,685.50000,55347
1763452800,680.50000,702.50000,670.00000,682.50000,90353
1763539200,671.50000,691.00000,668.50000,686.50000,52829
1763625600,680.00000,697.50000,678.50000,685.00000,61606
1763712000,700.50000,729.00000,686.00000,715.50000,439100
1763971200,718.50000,736.50000,700.50000,725.00000,374693
1764057600,726.50000,739.50000,718.00000,738.00000,140436
1764144000,738.50000,750.62500,726.00000,739.50000,171212
1764230400,748.50000,761.06097,737.55798,761.00000,219314
1764316800,774.00000,774.00000,758.00000,769.00000,232583
1764576000,774.00000,774.00000,753.00000,757.00000,53349
1764662400,761.00000,773.50000,744.50000,751.00000,92283
1764748800,740.00000,740.00000,699.50000,723.50000,284208
1764835200,726.00000,726.00000,695.00000,704.00000,351377
1764921600,726.50000,726.50000,678.50000,678.50000,492215
1765180800,684.00000,684.50000,653.50000,655.00000,219240
1765267200,637.00000,663.50000,637.00000,646.50000,194740
1765353600,639.50000,652.50000,634.50000,642.50000,575093
1765440000,639.50000,657.00000,635.50000,639.50000,331916
1765526400,625.50000,643.00000,625.50000,629.50000,206368
1765785600,650.50000,689.50000,626.50000,686.00000,496459
1765872000,684.50000,695.00000,679.00000,681.50000,149448
1765958400,689.50000,692.50000,676.00000,682.00000,250143
1766044800,680.00000,707.00000,680.00000,696.50000,392738
1766131200,714.00000,714.00000,676.00000,677.50000,425000
1766390400,664.50000,678.50000,661.00000,674.00000,299281
1766476800,686.50000,686.50000,669.00000,669.00000,197506
1766563200,685.00000,685.00000,663.57098,670.00000,98353
1766995200,659.50000,676.50000,657.50000,672.50000,165793
1767081600,675.50000,682.50000,665.50000,674.00000,136967
1767168000,674.00000,683.50000,666.00000,678.00000,104493
1767340800,697.00000,697.00000,667.00000,670.00000,181150
1767600000,663.00000,684.50000,661.50000,684.50000,301546
1767686400,685.00000,695.00000,677.00000,686.50000,170133
1767772800,701.00000,701.00000,680.00000,690.00000,150953
1767859200,708.00000,708.00000,681.50000,694.00000,109684
1767945600,678.50000,702.00000,678.50000,694.00000,186034
1768204800,695.00000,701.50000,684.50000,685.00000,146660
1768291200,675.50000,690.50000,675.50000,687.00000,169656
1768377600,687.50000,690.00000,670.09998,679.50000,263670
1768464000,668.00000,688.00000,668.00000,680.00000,653974
1768550400,670.00000,683.00000,665.50000,675.50000,372120
1768809600,683.00000,683.00000,662.50000,677.00000,271684
1768896000,676.50000,686.00000,668.00000,671.50000,124013
1768982400,671.50000,691.00000,663.50000,684.00000,155699
1769068800,671.00000,702.00000,671.00000,695.50000,190448
1769155200,695.50000,703.50000,678.50000,681.50000,115071
1769414400,696.00000,696.00000,678.00000,686.50000,120891
1769500800,691.00000,695.00000,672.00000,695.00000,140200
1769587200,689.00000,706.50000,687.50000,700.00000,168108
1769673600,689.00000,704.50000,689.00000,693.50000,202504
1769760000,699.50000,704.00000,691.50000,695.50000,206284
1770019200,689.00000,716.00000,689.00000,710.50000,500167
1770105600,710.50000,717.00000,696.50000,697.00000,189388
1770192000,700.00000,728.00000,695.50000,719.50000,215033
1770278400,735.50000,735.50000,699.50000,706.00000,218053
1770364800,692.00000,714.50000,692.00000,710.50000,102080
1770624000,691.50000,716.00000,691.50000,703.00000,139529
1770710400,692.50000,716.50000,692.50000,716.50000,113766
1770796800,695.50000,719.00000,695.50000,703.00000,154566
1770883200,694.00000,719.00000,694.00000,699.50000,130978
1770969600,721.00000,721.00000,699.50000,700.00000,116794
1771228800,689.50000,712.00000,689.50000,704.00000,125586
1771315200,710.00000,719.50000,698.52002,716.50000,112318
1771401600,723.00000,723.00000,702.00000,711.50000,139268
1771488000,723.00000,723.00000,704.21997,712.50000,63265
1771574400,722.50000,727.00000,706.00000,706.00000,144641
1771833600,697.50000,718.50000,697.50000,707.00000,167643
1771920000,689.00000,723.00000,689.00000,714.50000,132461
1772006400,717.50000,725.50000,707.00000,707.00000,141377
1772092800,696.50000,726.00000,696.50000,726.00000,80653
1772179200,725.00000,731.50000,705.00000,705.00000,261649
1772524800,665.00000,683.50000,664.47803,664.50000,268761
1772611200,677.50000,683.00000,660.50000,681.00000,105753
1772697600,689.50000,692.00000,673.50000,679.00000,129636
1772784000,666.50000,697.50000,666.50000,679.50000,168218
1773043200,670.00000,676.00000,659.00000,659.00000,123273
1773129600,669.50000,681.71002,661.50000,671.50000,116350
1773216000,656.00000,682.00000,654.00000,678.50000,113593
1773302400,691.50000,692.00000,672.50000,680.50000,158375
1773388800,699.00000,699.00000,670.00000,673.00000,192789
1773648000,691.50000,691.50000,666.00000,666.00000,109633
1773734400,660.00000,675.50000,660.00000,669.50000,154365
1773820800,670.00000,681.50000,653.00000,661.50000,126190
1773907200,667.00000,671.00000,630.00000,630.00000,172941
1773993600,644.00000,644.00000,618.50000,618.50000,377600
1774252800,608.50000,642.50000,598.00000,629.50000,200298
1774339200,629.50000,641.00000,625.50000,631.50000,155099
1774425600,647.00000,647.00000,637.50000,642.00000,120232
1774512000,642.00000,655.00000,633.50000,638.50000,117355
1774598400,647.00000,651.50000,626.50000,627.50000,169078
1774854000,626.50000,628.00000,612.50000,623.00000,220959
1774940400,635.00000,644.50000,623.00000,637.00000,165195
1775026800,656.50000,657.50000,646.00000,650.50000,111169
1775113200,667.50000,667.50000,635.93201,645.00000,170466
1775545200,633.00000,652.50000,629.76703,631.50000,128220
1775631600,655.50000,683.00000,647.56799,666.50000,411553
1775718000,660.00000,673.50000,660.00000,673.50000,114770
1775804400,662.50000,688.50000,662.50000,672.50000,210072
1776063600,661.50000,673.00000,658.50000,663.50000,111638
1776150000,646.00000,675.50000,646.00000,670.00000,111318
1776236400,673.00000,676.00000,656.00000,662.00000,123469
1776322800,669.50000,682.50000,659.50000,673.50000,143303
1776409200,658.50000,693.89502,658.50000,690.00000,379541
1776668400,704.50000,704.50000,672.00000,683.50000,153265
1776754800,684.50000,699.00000,684.50000,686.50000,117635
1776841200,682.00000,691.50000,674.50000,674.50000,113846
1776927600,662.50000,672.00000,657.50000,660.00000,109728
1777014000,656.50000,663.00000,647.00000,659.00000,122010
1777273200,667.00000,686.00000,659.50000,666.50000,192072
1777359600,650.50000,670.50000,650.50000,657.50000,127395
1777446000,652.00000,660.50000,643.50000,649.00000,123957
1777532400,680.50000,680.50000,646.00000,655.50000,104237
1777618800,660.00000,660.00000,646.89600,652.00000,65061
1777964400,654.00000,667.50000,645.00000,666.50000,189986
1778050800,671.00000,695.50000,661.50000,680.00000,147600
1778137200,681.50000,697.50000,678.50000,682.00000,147621
1778223600,679.00000,696.50000,673.00000,692.00000,104379
1778482800,668.00000,695.00000,668.00000,692.50000,108749
1778569200,705.50000,705.50000,680.00000,680.50000,150388
1778655600,685.50000,691.00000,667.00000,669.00000,145551
1778742000,677.50000,677.50000,663.50000,673.00000,166975
1778828400,659.00000,678.50000,657.50000,678.50000,128881
1779087600,673.50000,697.50000,669.00000,691.00000,224418
1779174000,700.00000,719.00000,690.50000,714.50000,205869
1779260400,695.50000,717.50000,695.50000,711.50000,100336
1779346800,729.00000,729.00000,704.50000,717.00000,194264
1779433200,704.50000,727.00000,704.50000,726.00000,112783
1779778800,733.50000,746.00000,721.50000,739.00000,419720
1779865200,750.00000,770.50000,728.50000,765.00000,160308
1779951600,784.50000,784.50000,752.00000,764.50000,591198
1780038000,774.00000,774.00000,764.00000,771.50000,579176
1780297200,774.50000,781.50000,751.00000,751.00000,185268
1780383600,736.50000,775.50000,731.50000,733.00000,339307
1780470000,741.00000,749.00000,714.00000,733.50000,114325
1780556400,714.50000,740.50000,714.50000,737.50000,151198
1780642800,749.50000,766.00000,732.50000,745.50000,167593
1780902000,742.50000,752.00000,730.50000,748.50000,63525
1780988400,730.00000,764.00000,730.00000,741.00000,82886
1781074800,761.00000,771.50000,744.50000,771.00000,105865
1781161200,780.00000,796.50000,750.50000,779.00000,328440
1781247600,784.00000,800.20502,774.50000,792.00000,388015
1781506800,815.00000,819.50000,750.50000,753.00000,163380
1781593200,736.50000,753.00000,700.50000,720.00000,430225
1781679600,724.50000,734.00000,718.00000,723.00000,151979
1781766000,720.00000,733.00000,714.00000,727.00000,281570
1781852400,712.00000,730.50000,703.00000,710.50000,1517542
1782111600,709.00000,712.00000,696.50000,712.00000,234605
1782198000,701.00000,718.00000,700.00000,715.00000,143034
1782284400,697.00000,726.00000,697.00000,726.00000,126194
1782370800,722.00000,739.00000,719.00000,732.00000,113092
1782457200,750.00000,750.00000,718.25000,729.50000,185618
1782716400,730.50000,741.50000,724.50000,726.50000,157502
1782802800,750.00000,750.00000,717.00000,719.00000,116647
1782889200,721.50000,756.00000,710.50000,753.00000,227956
1782975600,749.00000,765.50000,743.35602,757.50000,214236
1783062000,760.50000,770.50000,740.50000,757.00000,289249
1783321200,737.00000,769.50000,737.00000,747.50000,77802
1783407600,741.00000,754.50000,740.50000,748.50000,91487
1783494000,741.00000,758.00000,728.00000,730.50000,543806
1783580400,739.50000,748.00000,718.00000,736.00000,42013
1783666800,718.50000,748.00000,718.50000,747.50000,44292
1783926000,751.00000,762.50000,743.50000,757.50000,107970
1784012400,757.50000,787.00000,744.62000,755.00000,228693
1784098800,745.00000,763.00000,741.50000,763.00000,79389
1784185200,741.00000,755.50000,715.79797,748.50000,255232
1784271600,745.50000,752.50000,716.50000,730.00000,238061
1784530800,758.00000,769.00000,733.50000,751.50000,348738
1784617200,733.00000,760.50000,730.00000,754.00000,162922
1784703600,739.00000,770.00000,739.00000,765.00000,145744
1784790000,741.00000,767.50000,741.00000,752.00000,153816
1784876400,736.50000,771.00000,725.50000,765.00000,135744
1785135600,748.50000,786.50000,743.50000,779.50000,182660
1785222000,790.00000,800.00000,775.50000,799.00000,90103
1785308400,799.00000,817.50000,797.50000,815.50000,98577
1785394800,820.00000,828.50000,795.00000,811.00000,124257
1785481200,811.00000,816.50000,805.50000,810.50000,74749
1785740400,831.00000,839.50000,810.84003,827.50000,127192
1785826800,831.00000,833.00000,809.00000,826.00000,84368
1785913200,840.00000,840.00000,732.00000,813.00000,143950
1785999600,814.00000,824.50000,795.50000,815.00000,72558
1786086000,825.00000,825.00000,804.00000,808.50000,122285
1786345200,785.00000,816.50000,785.00000,802.00000,118739
1786431600,787.00000,809.00000,787.00000,799.00000,355682
1786518000,819.00000,819.00000,788.50000,804.50000,114229
1786604400,779.00000,822.50000,779.00000,817.50000,82777
1786690800,833.50000,833.50000,799.00000,814.50000,100880
1786950000,824.00000,824.00000,794.50000,794.50000,112254
1787036400,821.50000,821.50000,789.50000,808.50000,193423
1787122800,823.50000,823.50000,797.00000,811.50000,131543
1787209200,810.50000,815.00000,801.50000,807.00000,90410
1787295600,821.00000,823.50000,793.50000,823.50000,96796
1787554800,822.50000,840.00000,820.00000,820.00000,105741
1787641200,806.50000,843.50000,806.50000,827.50000,97277
1787727600,840.00000,840.00000,820.00000,835.00000,94882
1787814000,845.00000,845.00000,822.00000,823.50000,84175
