time,open,high,low,close,tick_volume
1472477400,106.60000,108.80000,105.80000,108.00000,278925
1472563800,108.40000,109.00000,106.60000,107.20000,187070
1472650200,106.20000,107.40000,105.40000,106.60000,301165
1472736600,107.20000,109.80000,106.80000,107.80000,281085
1472823000,108.80000,109.40000,106.60000,107.20000,209460
1473168600,104.80000,110.80000,104.80000,110.40000,335940
1473255000,111.00000,111.00000,107.40000,107.60000,245435
1473341400,107.40000,109.00000,106.00000,106.20000,173040
1473427800,105.40000,106.40000,105.00000,105.60000,344495
1473687000,103.60000,105.20000,101.20000,103.80000,312430
1473773400,103.20000,103.80000,100.80000,102.20000,268780
1473859800,102.20000,102.60000,100.00000,100.80000,203345
1473946200,100.60000,104.80000,100.00000,103.80000,278720
1474032600,103.40000,104.20000,102.20000,103.60000,555830
1474291800,103.80000,104.40000,101.60000,102.20000,128665
1474378200,103.00000,106.80000,102.40000,103.60000,350410
1474464600,104.00000,107.40000,103.80000,107.40000,246190
1474551000,108.00000,110.60000,107.20000,108.60000,313940
1474637400,108.00000,108.60000,106.40000,106.40000,143680
1474896600,104.60000,106.80000,103.60000,103.60000,178570
1474983000,106.00000,109.00000,104.00000,106.60000,270835
1475069400,106.40000,107.80000,105.00000,105.20000,170255
1475155800,105.00000,105.60000,101.20000,102.00000,281435
1475242200,103.20000,104.60000,101.20000,103.00000,310310
1475501400,103.80000,105.20000,102.20000,104.60000,233940
1475587800,105.00000,107.00000,103.20000,105.80000,299225
1475674200,106.20000,107.80000,105.40000,106.20000,358170
1475760600,104.80000,105.80000,102.60000,102.80000,248680
1475847000,103.60000,104.00000,101.60000,103.00000,215545
1476106200,103.20000,104.40000,103.20000,103.40000,105495
1476192600,103.20000,103.40000,101.00000,101.20000,173295
1476279000,101.80000,103.60000,99.80000,100.00000,155415
1476365400,99.20000,99.40000,96.20000,98.00000,221250
1476451800,98.80000,100.40000,98.60000,100.20000,210490
1476711000,105.20000,107.60000,101.20000,101.80000,666950
1476797400,103.40000,105.00000,101.40000,101.40000,340550
1476883800,101.60000,102.20000,99.80000,100.20000,329545
1476970200,100.00000,101.00000,99.80000,100.40000,159140
1477056600,100.00000,100.60000,98.80000,100.40000,242350
1477315800,101.40000,104.40000,101.20000,103.40000,234930
1477402200,104.20000,107.20000,104.20000,106.40000,427565
1477488600,107.40000,107.40000,103.20000,105.20000,881875
1477575000,96.00000,96.80000,81.00000,82.00000,2182295
1477661400,84.60000,84.60000,80.40000,81.20000,790555
1477920600,82.40000,82.80000,78.00000,79.80000,952425
1478007000,79.80000,80.20000,76.00000,77.60000,916995
1478093400,77.00000,79.00000,76.00000,76.80000,536805
1478179800,76.60000,79.00000,76.60000,78.80000,749260
1478266200,78.60000,79.00000,75.40000,75.60000,710190
1478529000,77.40000,79.80000,76.20000,78.20000,1199925
1478615400,78.00000,81.20000,77.20000,79.20000,924445
1478701800,76.20000,82.00000,75.80000,80.40000,1073605
1478788200,81.80000,83.20000,78.20000,81.00000,1017370
1478874600,80.20000,83.20000,79.60000,83.00000,653600
1479133800,83.00000,83.40000,79.20000,80.00000,983000
1479220200,80.20000,81.60000,79.60000,80.40000,968725
1479306600,79.80000,83.20000,79.80000,81.80000,898390
1479393000,81.20000,82.00000,78.80000,79.20000,773020
1479479400,79.60000,80.20000,77.40000,78.80000,616175
1479738600,79.80000,80.20000,78.40000,79.60000,1005650
1479825000,80.20000,82.20000,80.00000,81.00000,602665
1479911400,80.60000,83.00000,79.20000,81.00000,813080
1480084200,81.40000,83.60000,81.00000,82.20000,506130
1480343400,82.20000,82.80000,79.60000,79.80000,817175
1480429800,80.00000,80.40000,78.40000,79.20000,633355
1480516200,79.80000,81.00000,78.40000,79.40000,707645
1480602600,79.40000,79.80000,74.40000,75.00000,1034575
1480689000,76.80000,77.80000,75.00000,75.80000,891235
1480948200,76.00000,78.00000,74.80000,76.00000,1096150
1481034600,76.00000,76.80000,75.20000,76.40000,627325
1481121000,76.20000,80.00000,76.00000,79.20000,1036835
1481207400,79.80000,80.00000,77.00000,77.80000,1003945
1481293800,78.40000,78.80000,77.00000,77.40000,721505
1481553000,77.00000,78.00000,74.00000,75.60000,1141540
1481639400,76.80000,76.80000,74.20000,75.20000,1016645
1481725800,74.60000,75.00000,72.20000,72.80000,919720
1481812200,72.80000,74.00000,71.40000,71.80000,951480
1481898600,72.40000,73.20000,71.80000,72.40000,658070
1482157800,72.00000,73.40000,71.40000,71.80000,689750
1482244200,72.40000,74.00000,71.60000,72.80000,464910
1482330600,73.20000,73.40000,71.60000,72.20000,617320
1482417000,72.00000,72.00000,70.00000,70.40000,441135
1482503400,70.20000,71.00000,69.40000,70.40000,415185
1482849000,70.20000,73.00000,70.00000,72.00000,339250
1482935400,72.00000,72.80000,69.60000,70.00000,241950
1483021800,70.20000,70.20000,65.80000,66.60000,796630
1483108200,66.80000,68.80000,66.20000,66.40000,574370
1483453800,68.80000,70.60000,68.00000,70.00000,619390
1483540200,70.00000,71.80000,69.60000,70.20000,579015
1483626600,70.40000,74.60000,70.40000,73.20000,905195
1483713000,73.80000,74.80000,70.40000,70.60000,533605
1483972200,70.80000,72.60000,70.20000,70.40000,359255
1484058600,70.40000,71.40000,70.00000,70.40000,326255
1484145000,70.20000,70.60000,68.80000,70.00000,340960
1484231400,69.60000,73.00000,67.80000,71.40000,898025
1484317800,71.80000,76.00000,71.20000,71.60000,632345
1484663400,71.40000,74.20000,70.20000,70.80000,465705
1484749800,71.00000,71.00000,68.60000,70.20000,346230
1484836200,70.00000,71.80000,69.40000,70.20000,410080
1484922600,70.60000,70.80000,68.40000,69.00000,365650
1485181800,69.00000,69.40000,67.60000,69.40000,460935
1485268200,69.60000,70.00000,68.60000,69.80000,320900
1485354600,70.00000,70.80000,69.20000,69.80000,308560
1485441000,69.80000,70.60000,68.20000,68.60000,317670
1485527400,69.00000,69.40000,68.00000,69.00000,232970
1485786600,68.40000,68.80000,65.40000,68.00000,344315
1485873000,67.00000,69.80000,66.20000,69.00000,421090
1485959400,69.00000,69.60000,67.20000,69.40000,318270
1486045800,69.60000,70.40000,68.00000,70.40000,422000
1486132200,69.80000,70.60000,68.40000,70.00000,241190
1486391400,69.60000,71.20000,69.40000,71.00000,266535
1486477800,70.80000,71.60000,69.60000,70.00000,249320
1486564200,69.60000,71.00000,68.40000,70.80000,274200
1486650600,71.00000,72.40000,70.60000,72.20000,255900
1486737000,72.00000,72.20000,69.80000,71.60000,433955
1486996200,71.60000,72.60000,70.80000,71.20000,347735
1487082600,71.20000,76.80000,71.20000,75.60000,1057965
1487169000,87.80000,94.20000,86.00000,92.80000,4151600
1487255400,90.60000,94.80000,88.80000,92.60000,1321835
1487341800,91.80000,96.00000,91.20000,93.20000,1045805
1487687400,93.40000,95.00000,92.00000,94.80000,791510
1487773800,94.00000,94.40000,90.20000,90.40000,812590
1487860200,90.40000,92.00000,88.20000,88.40000,530565
1487946600,86.40000,92.00000,85.60000,89.40000,509325
1488205800,90.20000,92.80000,89.00000,89.80000,552520
1488292200,88.60000,88.80000,84.40000,84.60000,836895
1488378600,86.00000,86.20000,82.60000,85.20000,887925
1488465000,85.80000,86.00000,82.60000,82.80000,410465
1488551400,82.40000,83.20000,80.00000,80.40000,669205
1488810600,80.00000,82.00000,79.00000,80.80000,502065
1488897000,80.40000,82.60000,79.60000,81.40000,390865
1488983400,82.00000,83.80000,81.80000,82.00000,353970
1489069800,81.80000,82.60000,79.60000,80.80000,391135
1489156200,81.40000,82.40000,78.20000,79.60000,615355
1489411800,79.60000,80.80000,79.00000,79.40000,387915
1489498200,78.80000,79.60000,77.20000,78.60000,363205
1489584600,77.60000,80.40000,77.00000,80.00000,431335
1489671000,80.60000,84.80000,80.20000,82.40000,701745
1489757400,82.20000,83.40000,81.60000,81.60000,461575
1490016600,81.20000,82.40000,80.40000,80.60000,224240
1490103000,81.20000,82.80000,77.80000,78.00000,616430
1490189400,77.60000,79.60000,77.40000,79.40000,330825
1490275800,79.40000,80.60000,78.20000,79.60000,309250
1490362200,78.00000,81.00000,78.00000,79.80000,276785
1490621400,79.00000,80.20000,78.20000,79.00000,291590
1490707800,78.80000,80.40000,78.80000,79.20000,283910
1490794200,77.80000,79.40000,77.20000,78.60000,288875
1490880600,78.80000,80.20000,78.20000,79.20000,711260
1490967000,79.00000,79.20000,77.60000,78.60000,343975
1491226200,78.40000,79.20000,76.60000,77.80000,279150
1491312600,77.60000,78.60000,75.60000,75.80000,495850
1491399000,75.40000,77.60000,74.20000,74.40000,520270
1491485400,74.80000,76.40000,74.20000,76.00000,441200
1491571800,75.60000,76.40000,74.40000,74.80000,197975
1491831000,74.80000,76.00000,74.00000,75.00000,331195
1491917400,74.60000,76.60000,74.60000,75.00000,285795
1492003800,75.00000,77.40000,75.00000,75.40000,567725
1492090200,75.00000,75.40000,73.00000,73.20000,388840
1492435800,73.40000,73.60000,71.80000,73.00000,415320
1492522200,72.60000,75.40000,72.60000,75.00000,324670
1492608600,75.60000,76.40000,75.00000,75.60000,317025
1492695000,77.00000,78.20000,76.20000,78.00000,632790
1492781400,78.00000,78.40000,77.20000,77.60000,285655
1493040600,75.00000,78.80000,74.60000,77.80000,672520
1493127000,78.00000,78.80000,77.20000,78.20000,250595
1493213400,78.20000,78.80000,77.60000,77.60000,158075
1493299800,77.60000,81.00000,77.60000,79.80000,474260
1493386200,79.80000,80.40000,77.80000,78.40000,385045
1493645400,78.60000,79.20000,78.00000,79.00000,287565
1493731800,80.20000,80.60000,79.20000,80.00000,752455
1493818200,70.00000,70.40000,65.40000,69.40000,1812395
1493904600,69.80000,70.00000,68.00000,68.60000,417605
1493991000,68.40000,70.20000,67.20000,67.60000,574560
1494250200,67.80000,71.60000,67.80000,71.00000,522415
1494336600,70.40000,73.40000,70.40000,71.20000,415845
1494423000,71.00000,72.80000,71.00000,71.60000,339925
1494509400,71.20000,71.80000,69.60000,70.00000,262320
1494595800,70.00000,70.00000,67.60000,68.40000,427990
1494855000,68.40000,69.40000,67.80000,68.60000,238710
1494941400,68.40000,68.60000,67.20000,67.80000,221240
1495027800,67.00000,67.60000,65.00000,65.20000,350325
1495114200,65.00000,66.80000,64.60000,66.20000,241665
1495200600,66.60000,67.00000,66.00000,66.40000,217220
1495459800,66.60000,67.60000,66.20000,66.60000,210940
1495546200,66.40000,66.80000,65.20000,65.60000,218645
1495632600,65.40000,66.60000,64.40000,66.60000,301955
1495719000,66.80000,67.40000,65.20000,65.40000,254015
1495805400,65.20000,65.40000,63.00000,63.40000,403325
1496151000,63.20000,64.00000,62.40000,63.20000,271785
1496237400,62.40000,63.00000,60.20000,60.20000,327585
1496323800,60.60000,62.60000,60.00000,62.20000,373030
1496410200,62.40000,63.60000,60.40000,60.60000,332350
1496669400,60.80000,61.60000,60.60000,61.00000,179215
1496755800,60.60000,61.20000,59.80000,60.60000,323645
1496842200,60.80000,61.20000,60.00000,60.60000,293060
1496928600,60.60000,62.00000,60.60000,61.20000,219565
1497015000,61.00000,61.80000,60.40000,60.80000,239545
1497274200,59.40000,61.00000,58.00000,60.60000,386660
1497360600,60.60000,62.60000,60.40000,61.60000,339725
1497447000,61.60000,63.20000,61.00000,63.00000,352020
1497533400,62.60000,65.00000,62.60000,64.40000,523880
1497619800,63.40000,65.20000,63.40000,64.40000,1116295
1497879000,64.80000,65.00000,62.80000,63.60000,180350
1497965400,63.20000,63.60000,61.00000,61.80000,257640
1498051800,61.80000,62.80000,61.60000,62.40000,193750
1498138200,62.00000,65.60000,61.80000,64.20000,397000
1498224600,63.20000,69.60000,63.20000,69.40000,2178455
1498483800,69.80000,71.00000,68.80000,69.00000,468090
1498570200,68.60000,72.00000,67.60000,68.60000,525770
1498656600,68.20000,71.00000,68.00000,68.80000,349105
1498743000,72.00000,73.40000,70.40000,72.20000,517465
1498829400,72.20000,77.40000,71.60000,76.80000,661535
1499088600,76.60000,77.80000,74.00000,76.60000,333655
1499261400,75.80000,77.00000,74.60000,76.20000,313140
1499347800,75.20000,75.60000,73.80000,74.00000,345715
1499434200,73.80000,75.40000,73.60000,74.20000,325785
1499693400,74.00000,74.20000,72.20000,73.00000,221590
1499779800,72.80000,76.80000,72.40000,75.00000,246285
1499866200,75.20000,77.80000,75.00000,77.60000,331970
1499952600,77.80000,79.00000,77.20000,78.80000,292665
1500039000,78.40000,79.80000,77.60000,79.80000,230240
1500298200,79.40000,79.40000,76.80000,77.60000,236250
1500384600,77.60000,79.20000,77.00000,78.80000,399565
1500471000,79.20000,80.80000,78.60000,79.80000,260625
1500557400,79.40000,80.00000,76.60000,76.60000,356700
1500643800,75.80000,76.20000,72.60000,73.00000,474410
1500903000,72.20000,74.20000,72.00000,73.00000,206855
1500989400,73.00000,74.40000,72.40000,73.80000,197025
1501075800,74.20000,75.40000,73.00000,75.20000,275585
1501162200,74.80000,76.80000,72.80000,75.00000,310285
1501248600,75.40000,77.00000,74.80000,76.00000,210810
1501507800,76.60000,76.60000,74.40000,75.20000,222380
1501594200,78.60000,78.80000,75.80000,77.40000,444390
1501680600,74.00000,85.40000,73.00000,84.60000,1609405
1501767000,84.20000,86.80000,82.40000,85.20000,539155
1501853400,84.40000,85.80000,80.80000,82.40000,456975
1502112600,82.00000,83.60000,80.60000,82.40000,260795
1502199000,82.40000,84.20000,80.80000,81.40000,291790
1502285400,79.20000,79.80000,77.20000,79.20000,511090
1502371800,78.80000,80.60000,77.80000,80.00000,402650
1502458200,79.40000,80.20000,77.80000,79.00000,244120
1502717400,79.20000,81.40000,79.20000,81.00000,312265
1502803800,80.40000,81.40000,79.00000,79.60000,232805
1502890200,80.20000,80.60000,78.00000,78.40000,241990
1502976600,78.20000,78.60000,76.40000,77.00000,209200
1503063000,76.40000,80.00000,76.00000,79.80000,274140
1503322200,80.00000,80.40000,79.00000,79.80000,208180
1503408600,80.20000,82.60000,80.00000,81.60000,224980
1503495000,80.80000,82.40000,79.80000,81.40000,249170
1503581400,81.20000,82.20000,80.40000,81.60000,182595
1503667800,81.80000,82.20000,80.80000,81.40000,181075
1503927000,81.00000,83.00000,80.80000,82.80000,251935
1504013400,82.40000,85.80000,81.60000,85.80000,392190
1504099800,85.60000,86.40000,84.20000,85.60000,229800
1504186200,85.80000,90.00000,85.80000,88.80000,539385
1504272600,88.00000,89.80000,87.80000,88.60000,230220
1504618200,88.20000,89.40000,85.80000,86.20000,257920
1504704600,86.60000,89.40000,86.40000,88.00000,291605
1504791000,87.60000,89.00000,86.80000,87.40000,192795
1504877400,87.00000,88.00000,85.60000,87.60000,274565
1505136600,87.40000,88.40000,83.20000,88.20000,314205
1505223000,88.00000,88.40000,86.40000,87.40000,189695
1505309400,87.40000,87.80000,86.80000,87.60000,232820
1505395800,87.00000,87.60000,86.40000,86.60000,193780
1505482200,87.00000,88.20000,85.60000,88.20000,584735
1505741400,88.00000,89.40000,87.00000,87.60000,302295
1505827800,87.40000,87.60000,86.20000,86.80000,190475
1505914200,87.00000,88.00000,85.60000,87.80000,228845
1506000600,88.00000,92.80000,87.80000,90.60000,446340
1506087000,91.20000,92.40000,91.00000,91.20000,232085
1506346200,91.00000,93.80000,91.00000,92.80000,397440
1506432600,92.40000,95.80000,92.40000,95.20000,456090
1506519000,95.80000,100.40000,95.00000,98.20000,590555
1506605400,98.00000,100.00000,96.00000,100.00000,356965
1506691800,99.60000,104.40000,98.40000,104.00000,635225
1506951000,104.00000,105.00000,100.20000,101.80000,325905
1507037400,102.00000,106.60000,101.60000,105.60000,457765
1507123800,105.20000,106.80000,103.20000,103.60000,318200
1507210200,103.40000,103.60000,101.20000,102.80000,351750
1507296600,103.40000,103.40000,100.20000,100.60000,230890
1507555800,100.40000,102.40000,99.80000,101.20000,316560
1507642200,101.40000,102.20000,98.60000,99.80000,238855
1507728600,96.00000,98.20000,95.40000,96.60000,471935
1507815000,96.40000,96.60000,93.20000,93.40000,467285
1507901400,93.20000,94.00000,92.20000,92.60000,203270
1508160600,94.00000,97.00000,93.80000,94.00000,464485
1508247000,95.00000,99.20000,94.40000,99.00000,335185
1508333400,100.00000,102.40000,99.40000,100.00000,471620
1508419800,99.80000,100.60000,97.40000,99.00000,278600
1508506200,99.60000,99.60000,91.20000,96.00000,974660
1508765400,95.60000,95.60000,92.00000,92.20000,213890
1508851800,93.40000,94.00000,92.20000,93.40000,231630
1508938200,92.80000,94.40000,92.80000,93.20000,148855
1509024600,93.40000,94.40000,91.60000,92.20000,417020
1509111000,92.00000,92.80000,89.80000,92.80000,370575
1509370200,92.40000,94.40000,92.00000,92.60000,370700
1509456600,93.00000,95.80000,91.20000,95.40000,847980
1509543000,100.40000,103.00000,96.80000,102.40000,1089935
1509629400,103.20000,106.60000,102.20000,105.40000,751430
1509715800,104.00000,109.80000,104.00000,109.20000,708040
1509978600,106.20000,112.60000,106.20000,109.60000,547740
1510065000,109.60000,109.80000,106.60000,108.80000,385700
1510151400,109.40000,111.80000,106.40000,111.80000,460365
1510237800,110.80000,113.40000,110.20000,112.20000,344180
1510324200,112.80000,112.80000,107.00000,107.40000,577690
1510583400,107.40000,107.60000,105.40000,106.40000,427680
1510669800,105.80000,107.00000,103.20000,103.60000,279290
1510756200,102.80000,107.20000,101.80000,104.40000,624430
1510842600,104.80000,109.20000,104.80000,108.80000,446815
1510929000,108.20000,111.00000,108.20000,109.40000,411050
1511188200,109.80000,111.80000,109.40000,110.20000,239385
1511274600,110.40000,114.00000,110.20000,112.40000,401435
1511361000,112.80000,114.00000,112.40000,113.60000,211470
1511533800,114.00000,115.20000,114.00000,114.40000,147680
1511793000,114.40000,115.00000,111.40000,113.80000,358865
1511879400,114.00000,119.80000,113.00000,116.40000,572720
1511965800,116.80000,118.60000,111.40000,115.20000,544060
1512052200,115.00000,116.40000,112.00000,112.80000,580090
1512138600,113.20000,115.20000,109.40000,112.60000,424490
1512397800,113.20000,115.80000,112.20000,114.60000,537460
1512484200,114.00000,115.20000,113.00000,114.20000,293680
1512570600,114.20000,116.60000,113.80000,115.80000,371060
1512657000,116.40000,117.00000,114.20000,114.40000,283740
1512743400,115.40000,116.80000,115.00000,116.20000,324110
1513002600,116.20000,117.40000,115.60000,117.20000,344540
1513089000,116.00000,117.60000,110.40000,111.00000,1082895
1513175400,111.60000,113.00000,109.80000,110.20000,357175
1513261800,110.60000,111.60000,105.80000,106.20000,383705
1513348200,106.40000,108.20000,103.40000,105.60000,556780
1513607400,106.80000,107.60000,104.60000,107.40000,407720
1513693800,107.80000,109.00000,106.40000,107.20000,384555
1513780200,107.40000,108.60000,107.00000,107.80000,166980
1513866600,108.20000,109.00000,105.00000,107.40000,317375
1513953000,107.00000,107.60000,103.80000,104.00000,250930
1514298600,103.60000,104.40000,100.80000,104.00000,308910
1514385000,103.80000,105.00000,102.00000,102.20000,162065
1514471400,102.00000,102.40000,100.80000,101.20000,201730
1514557800,101.60000,103.60000,101.20000,102.00000,242090
1514903400,103.00000,105.20000,102.80000,104.80000,417720
1514989800,105.00000,105.40000,102.60000,103.00000,488795
1515076200,103.40000,104.00000,100.80000,102.40000,267555
1515162600,102.40000,105.80000,101.60000,104.60000,542070
1515421800,104.40000,105.20000,102.80000,104.40000,344310
1515508200,104.80000,104.80000,101.40000,101.60000,314300
1515594600,101.40000,102.20000,100.40000,101.80000,250835
1515681000,102.40000,106.20000,101.60000,105.00000,598425
1515767400,102.60000,104.20000,101.40000,102.20000,548725
1516113000,103.00000,104.20000,99.00000,100.60000,597630
1516199400,103.00000,104.20000,101.00000,103.20000,482050
1516285800,102.80000,103.80000,101.40000,102.20000,306520
1516372200,103.40000,112.00000,102.60000,111.40000,943860
1516631400,110.00000,111.00000,108.40000,109.80000,461810
1516717800,110.20000,112.60000,109.00000,111.40000,453275
1516804200,111.80000,113.00000,107.60000,109.60000,447385
1516890600,110.00000,111.60000,109.20000,110.80000,302930
1516977000,111.00000,112.60000,109.40000,111.60000,233120
1517236200,111.00000,113.00000,109.00000,111.40000,303500
1517322600,109.80000,110.80000,105.80000,107.60000,465390
1517409000,107.80000,109.40000,105.60000,105.80000,276820
1517495400,105.60000,108.00000,103.60000,106.20000,206050
1517581800,105.80000,107.20000,104.20000,106.20000,449655
1517841000,104.80000,106.00000,100.40000,102.00000,639020
1517927400,100.20000,104.40000,99.80000,103.40000,492595
1518013800,104.40000,104.80000,102.20000,102.60000,304745
1518100200,102.40000,104.80000,101.00000,101.00000,602300
1518186600,101.80000,102.60000,93.60000,100.40000,957975
1518445800,102.00000,103.60000,99.00000,102.80000,429280
1518532200,102.80000,108.00000,101.40000,104.00000,1240280
1518618600,93.20000,97.00000,90.40000,94.20000,2340905
1518705000,92.40000,93.80000,91.40000,91.40000,769715
1518791400,91.00000,93.40000,90.00000,90.20000,611790
1519137000,89.40000,90.00000,85.40000,85.60000,599185
1519223400,86.20000,88.80000,85.60000,85.80000,387420
1519309800,86.40000,87.00000,83.40000,83.80000,337030
1519396200,84.40000,88.60000,83.40000,88.40000,502830
1519655400,88.20000,89.20000,85.60000,86.80000,377715
1519741800,86.80000,88.00000,84.20000,86.20000,732925
1519828200,86.60000,88.20000,85.40000,85.60000,298170
1519914600,85.40000,85.80000,82.60000,84.40000,383800
1520001000,83.00000,86.20000,83.00000,85.40000,357230
1520260200,87.40000,92.20000,86.60000,89.80000,633710
1520346600,90.60000,93.00000,89.20000,92.60000,351850
1520433000,91.40000,93.20000,91.00000,92.20000,268325
1520519400,92.20000,93.60000,91.00000,91.40000,319155
1520605800,91.80000,93.00000,89.60000,90.00000,329745
1520861400,90.20000,94.20000,88.60000,93.20000,359170
1520947800,94.00000,94.40000,91.60000,92.60000,314585
1521034200,92.60000,93.60000,90.00000,91.00000,315970
1521120600,90.80000,92.00000,90.00000,91.00000,204920
1521207000,91.20000,93.60000,91.00000,92.00000,521830
1521466200,91.40000,91.40000,86.60000,88.20000,448110
1521552600,88.00000,89.80000,87.00000,89.00000,305130
1521639000,89.40000,92.60000,88.80000,91.60000,303655
1521725400,91.60000,97.40000,90.20000,92.00000,800655
1521811800,91.80000,91.80000,85.60000,86.00000,525135
1522071000,87.20000,89.20000,86.00000,89.00000,509430
1522157400,89.60000,90.40000,87.40000,88.80000,330785
1522243800,88.60000,88.80000,85.60000,86.20000,395790
1522330200,86.60000,87.80000,86.00000,86.80000,349685
1522675800,87.00000,88.20000,84.80000,85.00000,381075
1522762200,86.20000,86.60000,84.20000,85.20000,243855
1522848600,84.20000,86.80000,83.00000,86.60000,231130
1522935000,86.80000,88.60000,85.80000,88.20000,310440
1523021400,87.40000,88.60000,86.60000,87.40000,142770
1523280600,88.00000,88.00000,83.60000,84.00000,359785
1523367000,85.60000,88.20000,85.20000,87.40000,244580
1523453400,87.20000,88.60000,86.00000,87.00000,174730
1523539800,87.20000,89.00000,87.00000,88.60000,145260
1523626200,89.00000,91.60000,87.20000,90.60000,402525
1523885400,91.20000,94.00000,89.80000,93.60000,278485
1523971800,94.00000,97.60000,94.00000,97.00000,250195
1524058200,97.40000,97.80000,95.20000,96.60000,179170
1524144600,96.20000,97.00000,94.60000,95.20000,300680
1524231000,94.80000,95.80000,92.80000,92.80000,200855
1524490200,92.00000,95.40000,91.60000,94.00000,283300
1524576600,94.00000,96.00000,92.60000,93.80000,287945
1524663000,93.60000,95.20000,92.00000,93.20000,215755
1524749400,93.40000,98.00000,92.40000,94.40000,396270
1524835800,93.80000,95.00000,91.20000,93.80000,476680
1525095000,93.80000,95.60000,92.80000,92.80000,257015
1525181400,93.00000,93.20000,91.00000,92.20000,232250
1525267800,91.80000,93.80000,91.80000,92.20000,253845
1525354200,91.40000,92.00000,89.40000,90.20000,351345
1525440600,91.00000,95.60000,90.40000,94.20000,404470
1525699800,94.40000,98.60000,94.20000,97.20000,397320
1525786200,96.80000,97.40000,95.60000,96.80000,335165
1525872600,107.00000,109.60000,96.00000,97.60000,1377755
1525959000,101.60000,104.20000,99.80000,103.60000,886085
1526045400,102.60000,104.80000,102.00000,104.00000,576650
1526304600,104.00000,104.80000,101.40000,101.80000,513675
1526391000,100.80000,101.20000,97.00000,97.40000,484075
1526477400,97.80000,99.00000,97.20000,98.40000,357420
1526563800,98.80000,100.00000,97.80000,98.00000,236080
1526650200,98.20000,98.60000,96.80000,96.80000,269745
1526909400,97.60000,97.80000,93.60000,96.00000,393535
1526995800,95.80000,96.20000,91.00000,92.40000,511710
1527082200,92.20000,93.80000,91.40000,92.80000,358460
1527168600,91.60000,94.80000,90.40000,93.40000,404320
1527255000,93.80000,93.80000,91.60000,92.80000,280795
1527600600,91.80000,94.60000,91.40000,94.40000,265010
1527687000,95.80000,97.00000,93.00000,95.80000,362215
1527773400,95.40000,96.80000,94.40000,96.20000,372925
1527859800,96.40000,98.80000,95.20000,95.20000,420800
1528119000,96.00000,97.40000,93.80000,96.00000,439140
1528205400,94.00000,94.60000,91.40000,93.20000,702270
1528291800,93.20000,93.40000,90.80000,92.00000,501040
1528378200,92.00000,93.40000,90.80000,93.00000,370675
1528464600,92.00000,94.40000,92.00000,93.80000,359510
1528723800,94.20000,94.20000,90.40000,90.80000,466605
1528810200,91.20000,91.80000,90.60000,91.20000,397310
1528896600,91.60000,91.60000,88.40000,90.40000,417890
1528983000,90.00000,92.40000,89.20000,92.40000,442165
1529069400,92.40000,93.60000,91.80000,93.60000,417470
1529328600,93.00000,95.60000,92.20000,95.00000,342525
1529415000,94.00000,95.00000,92.00000,93.60000,244325
1529501400,94.00000,94.80000,92.80000,94.40000,220935
1529587800,93.60000,93.80000,88.40000,89.00000,730525
1529674200,89.40000,90.60000,88.00000,90.00000,996245
1529933400,89.60000,89.60000,86.80000,88.60000,403690
1530019800,88.80000,88.80000,86.60000,87.40000,337185
1530106200,87.40000,88.40000,84.40000,84.60000,403955
1530192600,84.60000,85.60000,82.60000,83.60000,452885
1530279000,84.20000,86.40000,83.40000,86.00000,415620
1530538200,85.00000,87.80000,84.20000,86.20000,304810
1530624600,86.80000,87.00000,85.00000,85.20000,166615
1530797400,85.20000,88.60000,84.00000,87.60000,424805
1530883800,87.60000,88.20000,86.60000,87.20000,283465
1531143000,96.20000,99.20000,90.60000,96.60000,3123520
1531229400,97.00000,98.20000,94.40000,95.80000,766005
1531315800,93.80000,98.60000,93.60000,97.00000,555945
1531402200,98.00000,98.00000,93.60000,96.00000,512815
1531488600,95.80000,96.80000,93.20000,93.40000,321410
1531747800,93.60000,94.80000,90.80000,94.00000,333225
1531834200,94.00000,94.80000,92.20000,92.80000,304680
1531920600,92.80000,95.20000,92.00000,94.40000,321515
1532007000,94.00000,95.40000,92.40000,95.00000,222230
1532093400,94.60000,94.60000,93.00000,94.00000,196995
1532352600,93.60000,94.20000,91.60000,93.40000,287175
1532439000,93.60000,96.20000,93.60000,95.80000,358770
1532525400,95.20000,107.40000,92.20000,105.40000,1527215
1532611800,104.00000,110.40000,102.60000,105.00000,1118640
1532698200,104.60000,104.80000,95.40000,96.80000,700285
1532957400,96.00000,98.20000,92.60000,96.20000,445185
1533043800,96.00000,97.20000,93.60000,93.60000,378220
1533130200,93.80000,95.80000,92.00000,92.20000,426395
1533216600,92.00000,97.20000,89.80000,94.80000,783365
1533303000,88.00000,99.40000,85.00000,97.20000,2050595
1533562200,95.60000,96.20000,91.20000,91.60000,965445
1533648600,92.40000,92.60000,87.40000,89.20000,874300
1533735000,88.60000,91.80000,88.20000,88.40000,507885
1533821400,88.80000,90.40000,87.80000,89.20000,485215
1533907800,89.00000,89.80000,86.80000,87.00000,419415
1534167000,87.00000,91.60000,86.20000,91.00000,588270
1534253400,91.40000,95.00000,90.80000,94.20000,559945
1534339800,93.60000,93.60000,90.00000,92.60000,398540
1534426200,92.80000,93.80000,90.20000,90.40000,337260
1534512600,90.00000,90.60000,88.00000,88.20000,331910
1534771800,88.80000,89.60000,88.00000,88.60000,311645
1534858200,88.40000,92.00000,88.40000,90.40000,202085
1534944600,90.00000,94.00000,90.00000,92.00000,293860
1535031000,92.40000,93.00000,90.00000,90.40000,283485
1535117400,90.60000,91.40000,89.60000,90.80000,272280
1535376600,90.60000,91.20000,88.40000,89.20000,455435
1535463000,89.80000,90.80000,88.80000,89.60000,272510
1535549400,89.80000,90.20000,88.40000,88.40000,242545
1535635800,88.00000,88.80000,85.20000,86.00000,330950
1535722200,86.00000,86.40000,85.00000,85.40000,270680
1536067800,85.20000,85.60000,83.20000,84.40000,308800
1536154200,83.80000,84.20000,81.00000,83.40000,345230
1536240600,83.80000,84.00000,79.40000,79.40000,405170
1536327000,79.40000,81.40000,79.00000,80.40000,302490
1536586200,80.60000,81.00000,77.80000,78.40000,369230
1536672600,78.00000,79.00000,76.80000,77.60000,353220
1536759000,77.20000,79.20000,74.40000,76.60000,627985
1536845400,77.40000,78.00000,75.40000,76.40000,402535
1536931800,76.00000,80.20000,76.00000,80.00000,476170
1537191000,79.20000,80.60000,77.40000,78.40000,382500
1537277400,78.80000,79.00000,77.80000,78.20000,194595
1537363800,78.60000,79.80000,77.80000,79.40000,335695
1537450200,79.60000,80.00000,78.20000,78.40000,200750
1537536600,78.40000,78.80000,77.60000,78.00000,686215
1537795800,77.40000,77.80000,75.00000,75.40000,391180
1537882200,75.40000,75.80000,73.00000,74.00000,556650
1537968600,73.80000,74.20000,73.00000,73.60000,193275
1538055000,74.00000,75.20000,73.60000,74.20000,198955
1538141400,74.20000,75.80000,73.00000,75.40000,292065
1538400600,76.20000,80.00000,75.80000,77.40000,528085
1538487000,77.60000,78.00000,75.60000,76.20000,272720
1538573400,76.80000,76.80000,74.80000,76.40000,282815
1538659800,76.00000,76.60000,74.80000,76.00000,200830
1538746200,76.20000,76.40000,73.40000,75.20000,237725
1539005400,75.00000,76.80000,73.80000,75.80000,570600
1539091800,75.40000,76.20000,71.40000,71.80000,424640
1539178200,71.80000,72.00000,66.20000,66.20000,550015
1539264600,66.80000,70.80000,66.20000,70.40000,482720
1539351000,71.20000,72.40000,68.60000,69.60000,403730
1539610200,69.60000,71.20000,68.20000,70.20000,191905
1539696600,70.60000,72.40000,69.40000,72.00000,376920
1539783000,72.40000,72.40000,70.60000,71.40000,238755
1539869400,71.00000,73.00000,70.00000,70.40000,209390
1539955800,69.80000,70.00000,63.60000,64.40000,923355
1540215000,65.20000,66.20000,64.60000,65.00000,144300
1540301400,63.60000,65.60000,61.20000,64.80000,356615
1540387800,65.00000,66.60000,63.20000,63.40000,304570
1540474200,64.00000,65.80000,63.40000,65.60000,231530
1540560600,64.20000,65.40000,62.80000,63.20000,348730
1540819800,63.80000,64.20000,60.80000,61.80000,374440
1540906200,61.80000,65.60000,60.80000,65.00000,227200
1540992600,66.00000,66.60000,63.80000,65.40000,270555
1541079000,65.80000,68.60000,65.20000,68.00000,312110
1541165400,68.20000,68.80000,66.80000,67.20000,293470
1541428200,67.20000,67.20000,63.40000,65.40000,323590
1541514600,65.80000,67.20000,64.20000,65.20000,489615
1541601000,69.40000,70.40000,57.80000,58.40000,1643870
1541687400,58.40000,64.80000,58.00000,60.00000,727630
1541773800,59.80000,60.00000,58.20000,59.20000,343435
1542033000,58.60000,59.60000,58.20000,58.60000,304910
1542119400,57.60000,60.60000,57.00000,59.80000,305370
1542205800,60.20000,61.80000,58.40000,58.60000,303140
1542292200,58.40000,59.20000,56.00000,57.00000,435015
1542378600,57.00000,62.40000,56.80000,60.40000,677985
1542637800,60.00000,60.80000,58.00000,58.80000,433230
1542724200,57.40000,59.40000,56.40000,58.60000,381855
1542810600,58.40000,60.80000,58.20000,59.60000,210295
1542983400,59.20000,60.00000,59.00000,59.40000,99170
1543242600,60.40000,61.00000,59.80000,61.00000,246250
1543329000,60.40000,61.00000,59.60000,61.00000,232625
1543415400,60.60000,63.60000,60.40000,63.60000,343970
1543501800,63.00000,64.20000,61.80000,62.20000,200630
1543588200,62.60000,62.60000,60.80000,61.40000,206130
1543847400,62.40000,64.00000,61.20000,62.40000,386900
1543933800,62.80000,63.60000,61.80000,63.00000,324820
1544106600,61.60000,62.00000,59.60000,61.60000,410840
1544193000,61.60000,63.00000,61.00000,62.00000,441960
1544452200,61.40000,62.20000,60.80000,61.40000,478625
1544538600,62.00000,62.40000,60.60000,61.20000,448665
1544625000,61.80000,66.60000,61.40000,65.40000,906950
1544711400,65.40000,66.40000,61.40000,62.20000,426090
1544797800,62.00000,63.80000,61.20000,62.80000,272220
1545057000,63.00000,63.00000,60.20000,60.40000,385370
1545143400,60.80000,62.60000,59.60000,61.80000,419325
1545229800,62.00000,62.40000,59.60000,60.40000,416675
1545316200,60.20000,61.40000,58.60000,59.80000,712365
1545402600,59.60000,61.20000,57.40000,58.00000,607010
1545661800,57.20000,58.40000,56.20000,57.40000,331710
1545834600,58.20000,63.00000,57.80000,62.80000,371040
1545921000,61.60000,63.60000,60.60000,63.00000,252905
1546007400,63.20000,64.40000,62.00000,64.00000,203090
1546266600,64.20000,65.40000,63.40000,64.00000,293480
1546439400,63.00000,66.60000,63.00000,65.20000,211500
1546525800,65.00000,65.80000,63.20000,64.40000,186985
1546612200,65.80000,70.20000,65.20000,68.80000,432950
1546871400,68.60000,71.00000,68.40000,70.00000,215140
1546957800,70.60000,71.80000,70.00000,70.60000,284400
1547044200,70.80000,71.80000,70.20000,71.40000,220175
1547130600,70.80000,71.60000,69.00000,71.40000,172635
1547217000,70.80000,72.20000,70.20000,71.80000,232045
1547476200,71.00000,77.40000,70.40000,74.80000,465095
1547562600,74.80000,76.20000,73.80000,74.80000,148190
1547649000,75.00000,75.60000,73.20000,74.20000,155080
1547735400,73.80000,75.60000,73.80000,74.60000,122530
1547821800,75.20000,76.80000,74.00000,75.80000,202645
1548167400,75.40000,76.60000,72.00000,72.40000,544665
1548253800,72.60000,73.40000,70.80000,71.80000,416555
1548340200,72.00000,73.00000,71.20000,72.60000,255050
1548426600,73.00000,76.00000,72.60000,75.40000,444795
1548685800,74.40000,75.40000,72.40000,74.20000,335590
1548772200,74.00000,76.20000,73.60000,74.00000,217890
1548858600,74.40000,75.00000,72.20000,74.40000,299520
1548945000,74.60000,75.60000,74.20000,75.40000,218955
1549031400,75.20000,75.80000,74.60000,75.60000,219610
1549290600,75.40000,76.00000,74.00000,74.20000,261095
1549377000,74.60000,75.40000,74.20000,75.00000,283525
1549463400,75.00000,75.40000,73.80000,74.20000,315405
1549549800,73.60000,74.20000,70.60000,72.00000,331930
1549636200,72.20000,72.80000,71.20000,72.00000,393815
1549895400,73.00000,75.60000,72.20000,75.00000,467235
1549981800,75.60000,79.60000,75.20000,79.20000,652465
1550068200,72.00000,72.00000,66.20000,70.40000,1439405
1550154600,70.00000,72.40000,68.00000,71.60000,430630
1550241000,71.00000,72.00000,69.20000,69.80000,568790
1550586600,68.40000,71.80000,68.20000,69.80000,399210
1550673000,70.20000,70.80000,68.20000,68.40000,319325
1550759400,68.80000,68.80000,66.00000,67.20000,323640
1550845800,67.20000,68.20000,66.20000,67.20000,278585
1551105000,67.40000,68.80000,66.20000,66.40000,280225
1551191400,66.20000,67.20000,65.60000,66.00000,277025
1551277800,65.80000,67.60000,65.40000,66.00000,296140
1551364200,66.00000,66.80000,65.00000,65.40000,274875
1551450600,65.80000,68.00000,65.60000,67.40000,503940
1551709800,67.40000,68.00000,66.60000,67.40000,228660
1551796200,67.80000,69.60000,66.80000,68.40000,274670
1551882600,68.20000,69.00000,66.60000,67.00000,331155
1551969000,66.80000,67.40000,65.20000,65.60000,339340
1552055400,65.00000,67.60000,64.60000,67.20000,204895
1552311000,67.20000,68.20000,67.00000,68.00000,184795
1552397400,67.80000,68.20000,67.00000,67.80000,150030
1552483800,67.80000,68.60000,67.20000,67.80000,129960
1552570200,67.60000,68.40000,67.20000,67.80000,128055
1552656600,67.80000,71.40000,67.20000,70.60000,449480
1552915800,71.00000,71.00000,68.60000,69.20000,184010
1553002200,69.40000,70.40000,68.80000,68.80000,243145
1553088600,68.80000,70.00000,68.20000,69.20000,172940
1553175000,69.20000,71.40000,69.20000,70.60000,181760
1553261400,70.20000,71.00000,67.60000,67.60000,203025
1553520600,67.80000,68.80000,67.00000,67.60000,161555
1553607000,69.00000,69.20000,67.40000,68.40000,287760
1553693400,68.20000,70.20000,67.80000,69.20000,195900
1553779800,69.20000,70.20000,69.00000,69.60000,168490
1553866200,70.00000,71.20000,69.40000,71.00000,224655
1554125400,71.00000,72.00000,71.00000,71.20000,136290
1554211800,71.00000,71.60000,69.20000,70.00000,136575
1554298200,70.40000,71.20000,69.80000,70.00000,117990
1554384600,70.00000,71.80000,69.60000,71.60000,162125
1554471000,71.40000,72.20000,70.60000,71.20000,164365
1554730200,70.80000,71.80000,70.60000,71.00000,84885
1554816600,70.80000,71.40000,69.40000,69.40000,159045
1554903000,69.60000,71.60000,69.20000,71.20000,143525
1554989400,71.00000,72.20000,70.20000,70.40000,170495
1555075800,70.60000,71.00000,69.20000,70.00000,119070
1555335000,70.00000,70.20000,68.40000,69.20000,135835
1555421400,69.60000,71.40000,69.20000,71.20000,210475
1555507800,71.20000,71.20000,69.00000,69.00000,204805
1555594200,68.80000,70.00000,68.60000,69.80000,85965
1555939800,69.80000,69.80000,67.20000,68.00000,179715
1556026200,68.20000,69.60000,67.80000,69.00000,167380
1556112600,69.20000,70.20000,68.60000,70.00000,106785
1556199000,70.00000,70.80000,68.00000,70.20000,157585
1556285400,69.60000,73.00000,69.60000,72.20000,260740
1556544600,72.20000,73.20000,70.40000,70.60000,244355
1556631000,71.40000,72.00000,69.40000,70.40000,325135
1556717400,75.20000,76.40000,70.80000,72.80000,509740
1556803800,72.80000,73.60000,70.40000,70.80000,301675
1556890200,70.80000,72.80000,70.60000,71.80000,241885
1557149400,69.80000,73.00000,69.60000,73.00000,199525
1557235800,71.80000,73.00000,71.00000,72.20000,165940
1557322200,71.80000,72.80000,71.20000,72.40000,167940
1557408600,71.60000,71.60000,69.60000,70.80000,191345
1557495000,70.00000,71.40000,68.60000,70.40000,172330
1557754200,69.20000,69.80000,67.60000,68.00000,201970
1557840600,68.20000,69.80000,68.00000,69.60000,103945
1557927000,68.80000,70.60000,68.40000,69.40000,87285
1558013400,69.60000,71.60000,69.40000,70.00000,136520
1558099800,69.00000,70.40000,68.60000,68.60000,133655
1558359000,68.40000,69.60000,68.00000,68.80000,83100
1558445400,69.00000,70.80000,68.80000,70.60000,101285
1558531800,69.80000,72.00000,69.40000,70.80000,119585
1558618200,70.40000,70.80000,69.60000,70.20000,141615
1558704600,70.60000,71.40000,69.80000,70.20000,168230
1559050200,70.00000,72.80000,70.00000,72.00000,259020
1559136600,71.20000,71.40000,69.80000,70.00000,204650
1559223000,70.20000,71.40000,69.60000,70.00000,191430
1559309400,69.60000,70.60000,69.40000,70.60000,184525
1559568600,70.40000,72.20000,70.00000,70.20000,313020
1559655000,71.00000,75.00000,71.00000,75.00000,305700
1559741400,74.40000,74.80000,70.60000,70.80000,329850
1559827800,70.60000,70.60000,66.80000,67.60000,580825
1559914200,67.40000,71.40000,67.00000,70.60000,242925
1560173400,70.40000,73.00000,70.40000,72.60000,192420
1560259800,72.40000,74.40000,72.20000,72.80000,206360
1560346200,72.60000,75.00000,72.60000,74.00000,174575
1560432600,73.60000,75.00000,72.80000,73.40000,292620
1560519000,73.00000,73.80000,71.20000,71.40000,229545
1560778200,71.40000,72.80000,71.20000,71.20000,289150
1560864600,71.60000,72.80000,69.60000,69.60000,390645
1560951000,70.00000,70.40000,68.40000,70.00000,241070
1561037400,70.20000,71.40000,69.00000,69.60000,289535
1561123800,69.40000,70.00000,68.40000,69.00000,323755
1561383000,69.00000,70.40000,68.60000,68.80000,175355
1561469400,68.80000,69.60000,68.00000,68.20000,238900
1561555800,68.60000,71.00000,68.40000,70.00000,196515
1561642200,70.00000,71.20000,69.80000,70.20000,149170
1561728600,70.60000,71.80000,70.20000,71.60000,383225
1561987800,72.00000,73.00000,70.60000,71.60000,345950
1562074200,71.60000,72.20000,69.00000,70.00000,190980
1562160600,69.80000,71.60000,69.80000,71.60000,95965
1562333400,70.60000,71.80000,70.20000,71.60000,112885
1562592600,71.60000,72.00000,70.40000,70.80000,133570
1562679000,70.40000,71.00000,69.60000,70.00000,137155
1562765400,70.80000,71.80000,70.00000,71.20000,181055
1562851800,71.00000,71.60000,69.40000,69.40000,175065
1562938200,70.00000,70.60000,69.40000,69.60000,126535
1563197400,70.00000,70.00000,68.40000,68.80000,159860
1563283800,68.60000,69.40000,68.40000,68.40000,128150
1563370200,68.80000,69.00000,67.80000,68.20000,174620
1563456600,68.00000,68.60000,67.40000,68.20000,132480
1563543000,67.60000,68.80000,67.60000,67.60000,177195
1563802200,67.60000,68.20000,65.60000,68.00000,277615
1563888600,68.20000,69.20000,67.60000,69.00000,113670
1563975000,68.80000,71.00000,68.60000,70.80000,207280
1564061400,70.60000,71.20000,69.60000,70.20000,177110
1564147800,70.60000,71.20000,70.00000,70.20000,100365
1564407000,69.80000,70.80000,68.60000,69.20000,225200
1564493400,69.40000,69.60000,67.20000,68.00000,339020
1564579800,62.80000,67.20000,62.00000,63.00000,583945
1564666200,62.80000,66.00000,61.20000,62.00000,721530
1564752600,61.60000,63.00000,61.20000,62.40000,245960
1565011800,60.80000,61.40000,57.20000,58.20000,346125
1565098200,58.60000,59.80000,56.20000,56.40000,287265
1565184600,56.80000,57.00000,53.80000,54.20000,331645
1565271000,54.40000,55.00000,53.00000,53.40000,302310
1565357400,54.20000,54.20000,50.20000,50.20000,408540
1565616600,50.40000,51.60000,48.80000,51.20000,473660
1565703000,51.40000,54.00000,50.40000,51.00000,386045
1565789400,50.20000,50.40000,47.80000,47.80000,374775
1565875800,47.80000,48.40000,46.20000,46.40000,456145
1565962200,47.60000,48.00000,47.00000,47.20000,312695
1566221400,48.20000,49.40000,47.80000,49.20000,328075
1566307800,48.60000,50.80000,48.20000,50.20000,384625
1566394200,50.80000,50.80000,49.60000,50.20000,257090
1566480600,49.80000,53.40000,49.20000,49.40000,461285
1566567000,49.00000,49.40000,47.40000,48.00000,420235
1566826200,48.20000,48.60000,46.80000,47.40000,310305
1566912600,47.80000,48.40000,46.80000,47.20000,232275
1566999000,47.00000,48.40000,46.80000,47.80000,191725
1567085400,48.00000,50.20000,48.00000,49.80000,260230
1567171800,51.20000,51.60000,48.80000,49.60000,263765
1567517400,49.20000,49.80000,47.60000,48.20000,307630
1567603800,48.80000,50.00000,48.20000,49.60000,233790
1567690200,51.40000,51.60000,50.60000,51.60000,313325
1567776600,51.20000,52.60000,50.40000,50.80000,231190
1568035800,51.00000,55.40000,51.00000,55.20000,380660
1568122200,55.60000,60.00000,55.00000,59.80000,516190
1568208600,59.00000,61.20000,57.80000,60.20000,324385
1568295000,59.40000,59.60000,55.80000,57.80000,397730
1568381400,58.00000,59.40000,57.20000,58.60000,250815
1568640600,58.20000,60.80000,57.40000,59.60000,331900
1568727000,59.40000,59.40000,58.00000,58.40000,171265
1568813400,58.40000,59.40000,57.00000,57.20000,177145
1568899800,57.60000,59.40000,57.00000,57.00000,168085
1568986200,57.00000,57.80000,56.40000,56.40000,457720
1569245400,56.60000,56.80000,54.40000,56.20000,166655
1569331800,56.00000,56.40000,54.20000,54.40000,371590
1569418200,54.20000,56.20000,54.20000,56.00000,208225
1569504600,56.80000,56.80000,53.40000,53.80000,204800
1569591000,54.00000,55.40000,52.60000,53.40000,172455
1569850200,53.60000,54.00000,52.40000,53.20000,302415
1569936600,53.00000,54.00000,52.40000,52.60000,164405
1570023000,52.20000,52.40000,50.80000,51.40000,174380
1570109400,51.20000,53.40000,50.40000,53.40000,193700
1570195800,53.40000,54.80000,52.40000,53.80000,209135
1570455000,53.60000,55.40000,52.80000,55.20000,195630
1570541400,54.40000,54.80000,53.40000,54.00000,193800
1570627800,54.00000,55.00000,53.40000,53.80000,111090
1570714200,53.80000,55.20000,53.80000,55.00000,161780
1570800600,55.60000,57.60000,55.60000,56.40000,341095
1571059800,56.20000,56.80000,55.00000,55.80000,154215
1571146200,56.00000,57.20000,55.40000,57.00000,189215
1571232600,56.80000,58.40000,56.80000,57.60000,123730
1571319000,56.80000,60.40000,56.80000,60.20000,194425
1571405400,59.80000,60.20000,58.60000,59.20000,135540
1571664600,59.40000,60.80000,58.80000,58.80000,158685
1571751000,58.80000,60.40000,58.20000,59.60000,119825
1571837400,59.40000,60.80000,58.80000,60.60000,108690
1571923800,60.60000,60.60000,59.00000,59.60000,120000
1572010200,58.80000,61.00000,58.80000,61.00000,146280
1572269400,60.80000,61.00000,60.20000,60.60000,248890
1572355800,60.40000,60.60000,57.60000,57.60000,196000
1572442200,57.20000,57.60000,54.60000,55.60000,312235
1572528600,56.00000,56.40000,54.60000,55.60000,136770
1572615000,55.80000,58.00000,55.60000,57.40000,336735
1572877800,57.80000,60.40000,57.60000,60.00000,389010
1572964200,54.60000,60.40000,54.60000,60.00000,397810
1573050600,58.20000,59.20000,57.20000,58.40000,378785
1573137000,58.60000,59.40000,57.60000,58.20000,330475
1573223400,57.80000,59.00000,57.60000,58.80000,156690
1573482600,58.20000,59.00000,57.80000,58.80000,169385
1573569000,58.40000,58.80000,57.60000,58.40000,175055
1573655400,57.60000,59.00000,57.60000,58.60000,592720
1573741800,58.40000,59.80000,58.40000,58.80000,96965
1573828200,59.20000,60.60000,59.00000,60.00000,202505
1574087400,59.60000,59.60000,57.00000,57.00000,197830
1574173800,57.60000,57.80000,56.20000,56.80000,142915
1574260200,56.40000,57.40000,56.00000,56.80000,217105
1574346600,56.80000,57.00000,54.40000,54.40000,261140
1574433000,55.20000,56.60000,54.80000,56.40000,151365
1574692200,55.80000,58.60000,55.00000,58.40000,258060
1574778600,58.40000,59.00000,57.40000,57.40000,287435
1574865000,58.00000,58.60000,57.60000,58.20000,151240
1575037800,58.00000,58.80000,57.80000,58.00000,130775
1575297000,58.20000,58.40000,55.20000,56.00000,223105
1575383400,55.80000,57.00000,55.40000,56.00000,180320
1575469800,56.20000,58.60000,56.00000,58.00000,270980
1575556200,57.00000,59.80000,57.00000,58.80000,274455
1575642600,58.80000,60.60000,58.40000,59.00000,366450
1575901800,59.20000,59.80000,58.40000,58.60000,214415
1575988200,58.80000,59.60000,58.00000,59.20000,231895
1576074600,58.20000,58.80000,54.80000,55.00000,316405
1576161000,55.20000,55.80000,54.20000,54.40000,346740
1576247400,55.00000,55.60000,52.00000,52.20000,404435
1576506600,52.80000,54.40000,52.40000,52.60000,467565
1576593000,50.80000,51.40000,47.00000,47.80000,912695
1576679400,48.40000,48.80000,47.60000,47.80000,232280
1576765800,47.80000,48.00000,44.80000,45.60000,594725
1576852200,45.60000,45.80000,44.20000,44.60000,567720
1577111400,45.00000,45.40000,43.40000,45.20000,324705
1577197800,45.40000,47.00000,45.00000,46.80000,245375
1577370600,46.60000,47.60000,46.00000,47.00000,335090
1577457000,46.60000,47.20000,46.20000,46.60000,218085
1577716200,46.60000,47.80000,45.00000,47.20000,536955
1577802600,47.00000,48.60000,46.80000,47.80000,517260
1577975400,48.40000,48.40000,47.20000,47.40000,451820
1578061800,47.40000,47.60000,45.80000,45.80000,292525
1578321000,46.00000,46.80000,45.40000,46.20000,334760
1578407400,46.60000,47.60000,45.80000,47.00000,556195
1578493800,47.00000,48.80000,47.00000,48.20000,338655
1578580200,48.20000,50.40000,48.00000,50.20000,428285
1578666600,49.80000,50.20000,48.20000,50.00000,371430
1578925800,50.00000,52.80000,49.00000,52.80000,329550
1579012200,52.20000,54.00000,51.60000,53.20000,494020
1579098600,53.20000,54.40000,52.80000,54.40000,335280
1579185000,54.40000,56.20000,54.40000,56.00000,367750
1579271400,58.00000,60.20000,56.60000,60.20000,736845
1579617000,59.20000,63.00000,57.00000,62.80000,797630
1579703400,62.40000,63.20000,59.60000,60.60000,659540
1579789800,60.20000,61.80000,58.80000,60.40000,377785
1579876200,61.20000,61.20000,58.40000,59.40000,302240
1580135400,58.00000,59.00000,57.20000,58.20000,294100
1580221800,58.40000,59.20000,57.60000,59.00000,245245
1580308200,59.00000,59.20000,57.20000,57.60000,188390
1580394600,57.00000,59.20000,56.20000,59.20000,195095
1580481000,58.80000,59.60000,57.00000,57.60000,341845
1580740200,58.20000,58.40000,57.00000,58.00000,216465
1580826600,58.60000,60.80000,57.80000,60.60000,241055
1580913000,60.80000,62.00000,60.00000,61.80000,270230
1580999400,62.00000,63.20000,61.00000,62.60000,187050
1581085800,62.20000,62.20000,60.00000,61.00000,292925
1581345000,60.40000,60.40000,57.60000,58.60000,490200
1581431400,58.40000,59.60000,57.20000,57.80000,290920
1581517800,58.20000,60.00000,58.00000,59.00000,219260
1581604200,58.40000,59.60000,58.20000,59.20000,211290
1581690600,59.20000,59.60000,56.40000,56.60000,336550
1582036200,57.00000,61.80000,56.60000,61.00000,711215
1582122600,38.60000,40.40000,34.00000,34.00000,7766890
1582209000,34.40000,35.80000,34.00000,34.00000,2015390
1582295400,34.60000,34.60000,31.40000,33.00000,1445975
1582554600,31.20000,31.80000,29.60000,31.20000,861210
1582641000,31.60000,31.80000,28.60000,29.80000,1075405
1582727400,30.00000,30.20000,27.40000,28.00000,929150
1582813800,26.60000,29.20000,25.40000,26.40000,1073085
1582900200,25.60000,27.40000,25.40000,26.80000,736655
1583159400,27.60000,28.00000,25.20000,26.00000,774065
1583245800,26.00000,27.00000,23.40000,24.00000,803160
1583332200,24.60000,25.20000,23.80000,24.80000,453540
1583418600,24.40000,24.60000,22.20000,23.00000,708830
1583505000,22.40000,23.00000,21.60000,22.00000,406080
1583760600,19.80000,20.80000,19.40000,19.60000,567115
1583847000,20.60000,20.80000,19.20000,19.60000,656140
1583933400,19.20000,20.00000,16.20000,17.20000,566630
1584019800,15.00000,17.00000,13.40000,14.80000,590460
1584106200,16.00000,16.80000,15.20000,16.60000,676515
1584365400,15.80000,15.80000,13.60000,13.60000,553115
1584451800,14.60000,14.60000,12.80000,13.00000,722705
1584538200,12.60000,12.80000,9.60000,9.80000,918755
1584624600,10.20000,13.00000,9.60000,11.20000,945485
1584711000,12.40000,13.00000,10.60000,11.00000,936140
1584970200,11.60000,12.80000,11.40000,12.40000,696265
1585056600,12.80000,16.20000,12.80000,15.80000,1478125
1585143000,18.20000,19.00000,14.80000,17.80000,1818310
1585229400,17.60000,21.40000,16.40000,20.40000,2082730
1585315800,19.60000,28.40000,18.40000,25.60000,6287385
1585575000,22.60000,23.60000,18.20000,19.20000,1817000
1585661400,19.80000,20.60000,18.40000,19.60000,769995
1585747800,18.00000,18.40000,17.00000,17.20000,658275
1585834200,17.60000,18.00000,15.60000,15.80000,571185
1585920600,16.40000,16.60000,14.20000,14.60000,719900
1586179800,16.00000,18.20000,15.80000,16.60000,759460
1586266200,18.00000,18.60000,16.80000,17.20000,715355
1586352600,17.60000,18.40000,16.80000,18.00000,1013010
1586439000,18.40000,19.40000,17.40000,17.80000,973975
1586784600,18.40000,18.40000,16.80000,17.40000,537955
1586871000,17.60000,18.40000,17.00000,17.00000,609445
1586957400,17.20000,17.20000,15.00000,16.40000,586955
1587043800,16.60000,17.20000,16.40000,17.20000,456165
1587130200,18.00000,18.80000,17.80000,18.60000,706220
1587389400,18.20000,19.60000,18.20000,18.80000,518805
1587475800,18.20000,19.00000,17.80000,18.60000,446475
1587562200,18.80000,20.60000,18.80000,20.40000,722800
1587648600,21.20000,22.80000,20.00000,21.20000,766465
1587735000,22.00000,22.60000,21.20000,22.20000,512640
1587994200,22.40000,25.20000,22.40000,24.80000,1004325
1588080600,27.00000,29.40000,25.00000,27.80000,1223225
1588167000,29.60000,29.60000,25.60000,26.20000,1488845
1588253400,25.40000,25.40000,23.20000,24.40000,795740
1588339800,22.60000,24.60000,22.40000,24.00000,530145
1588599000,23.00000,23.00000,21.40000,22.80000,378620
1588685400,23.40000,24.00000,23.00000,23.20000,279865
1588771800,23.20000,23.40000,21.20000,22.40000,407090
1588858200,22.60000,23.00000,21.40000,22.40000,317385
1588944600,22.40000,23.80000,22.00000,23.20000,371985
1589203800,23.20000,23.40000,22.00000,22.20000,302435
1589290200,22.80000,23.60000,22.20000,23.00000,375390
1589376600,23.00000,23.00000,20.40000,21.60000,458665
1589463000,21.20000,21.80000,20.00000,21.40000,394645
1589549400,21.00000,22.00000,20.40000,21.80000,306030
1589808600,22.60000,24.40000,22.60000,24.40000,664565
1589895000,24.60000,25.80000,23.80000,24.20000,468735
1589981400,25.40000,26.00000,24.60000,25.20000,462485
1590067800,25.40000,25.40000,24.00000,25.00000,315880
1590154200,24.80000,25.00000,24.00000,25.00000,222315
1590499800,25.60000,26.20000,25.20000,25.60000,383120
1590586200,26.00000,26.20000,24.00000,24.60000,437325
1590672600,24.80000,25.20000,23.40000,23.60000,389880
1590759000,23.80000,25.80000,23.40000,25.40000,570270
1591018200,25.00000,26.00000,24.40000,25.00000,523590
1591104600,25.40000,25.60000,24.60000,24.80000,309725
1591191000,25.00000,27.00000,25.00000,27.00000,609455
1591277400,27.00000,27.40000,25.20000,25.60000,526050
1591363800,27.00000,31.60000,26.20000,30.20000,1282305
1591623000,31.80000,35.80000,31.40000,35.40000,1357485
1591709400,34.20000,34.80000,31.80000,32.00000,717670
1591795800,32.40000,32.40000,27.40000,27.80000,1093295
1591882200,21.06000,23.86000,20.08000,20.58000,3073600
1591968600,22.11000,22.39000,20.08000,21.75000,2950900
1592227800,21.04000,24.64000,20.28000,24.17000,3022400
1592314200,25.78000,27.94000,24.75000,27.23000,3120600
1592400600,28.32000,28.32000,21.47000,21.52000,6096400
1592487000,21.71000,22.44000,20.60000,20.89000,3634200
1592573400,21.02000,23.46000,20.96000,21.59000,6469800
1592832600,21.80000,22.26000,19.30000,20.06000,3505000
1592919000,20.62000,21.47000,20.40000,21.25000,2548100
1593005400,20.45000,20.79000,19.02000,19.89000,1903000
1593091800,19.40000,20.60000,19.40000,20.22000,1361800
1593178200,20.25000,20.27000,18.65000,18.69000,3314500
1593437400,18.93000,19.47000,18.09000,19.08000,2710000
1593523800,18.94000,19.08000,18.06000,18.12000,3624300
1593610200,18.21000,18.96000,17.38000,17.52000,2598500
1593696600,17.95000,18.21000,17.09000,17.98000,2069900
1594042200,18.29000,18.55000,17.52000,18.11000,1597400
1594128600,17.73000,17.85000,16.88000,17.03000,1873000
1594215000,17.00000,17.66000,16.66000,17.34000,1836700
1594301400,17.24000,17.24000,16.06000,16.19000,1822000
1594387800,16.09000,16.99000,15.66000,16.92000,1295800
1594647000,17.05000,17.68000,16.42000,16.44000,1703900
1594733400,16.50000,16.75000,16.02000,16.31000,1200400
1594819800,16.93000,17.85000,16.79000,17.67000,1838900
1594906200,17.35000,18.13000,17.17000,17.67000,1326300
1594992600,17.56000,17.58000,16.63000,16.78000,1441900
1595251800,16.66000,16.69000,15.82000,16.22000,1337200
1595338200,16.35000,16.78000,16.21000,16.67000,1027900
1595424600,16.48000,17.32000,16.31000,16.82000,1041100
1595511000,16.64000,16.88000,16.12000,16.43000,988900
1595597400,16.30000,16.40000,15.89000,16.05000,962600
1595856600,16.07000,16.07000,15.18000,15.27000,1150900
1595943000,15.25000,15.52000,15.08000,15.19000,865500
1596029400,15.20000,15.73000,15.05000,15.69000,878000
1596115800,15.50000,15.72000,14.96000,15.44000,928300
1596202200,15.41000,15.45000,14.95000,15.35000,826900
1596461400,15.31000,16.10000,15.13000,15.90000,775800
1596547800,16.11000,16.80000,16.01000,16.46000,1009300
1596634200,16.57000,17.23000,16.20000,16.54000,894100
1596720600,16.44000,17.10000,16.35000,16.45000,3419200
1596807000,22.00000,26.45000,21.33000,25.77000,38209900
1597066200,25.08000,26.78000,24.56000,24.91000,6979500
1597152600,25.25000,27.55000,25.04000,25.40000,8097200
1597239000,25.61000,25.74000,23.09000,23.71000,2546300
1597325400,24.25000,24.88000,23.63000,24.01000,1442900
1597411800,23.79000,24.33000,23.53000,24.00000,917600
1597671000,23.89000,23.91000,22.77000,23.87000,1018600
1597757400,23.91000,29.21000,23.35000,28.88000,6985500
1597843800,28.60000,30.59000,27.23000,29.99000,5960400
1597930200,29.49000,30.27000,28.12000,28.90000,2679600
1598016600,28.44000,29.57000,27.79000,28.04000,2262400
1598275800,28.40000,33.44000,28.18000,32.58000,6715600
1598362200,32.17000,32.78000,31.19000,32.17000,2024400
1598448600,32.25000,34.59000,31.78000,31.88000,2293300
1598535000,32.13000,32.47000,30.93000,31.63000,1222900
1598621400,31.84000,33.23000,31.50000,32.84000,1181800
1598880600,32.75000,32.80000,31.77000,31.83000,752000
1598967000,31.54000,32.61000,31.00000,32.00000,713500
1599053400,32.21000,34.76000,31.57000,34.43000,1937800
1599139800,33.92000,34.51000,31.03000,31.20000,1646300
1599226200,31.91000,33.50000,30.98000,33.05000,1918800
1599571800,31.83000,32.61000,31.50000,31.62000,1045600
1599658200,32.37000,35.68000,31.67000,34.41000,2566400
1599744600,33.96000,35.31000,33.04000,33.18000,1599400
1599831000,33.43000,33.82000,32.08000,32.39000,882700
1600090200,32.47000,32.96000,28.22000,28.48000,4087800
1600176600,29.06000,29.25000,27.02000,27.53000,1771400
1600263000,27.47000,27.88000,26.88000,27.02000,1105000
1600349400,26.34000,26.67000,25.25000,25.39000,1287300
1600435800,25.62000,26.79000,25.12000,26.05000,4096300
1600695000,25.10000,25.54000,24.15000,25.36000,975800
1600781400,25.86000,26.18000,24.95000,25.95000,976300
1600867800,26.00000,26.45000,23.00000,23.09000,1317000
1600954200,22.73000,22.83000,21.67000,21.79000,1405900
1601040600,21.70000,23.04000,21.26000,22.93000,1469400
1601299800,23.49000,24.31000,23.21000,23.82000,1200300
1601386200,23.74000,23.74000,21.19000,21.58000,2092500
1601472600,21.92000,21.98000,20.38000,20.40000,2080300
1601559000,20.54000,21.46000,20.15000,21.23000,1213800
1601645400,20.23000,21.63000,20.03000,21.42000,895700
1601904600,21.70000,22.28000,21.62000,22.06000,902900
1601991000,22.19000,22.30000,20.14000,20.30000,1143700
1602077400,20.58000,21.24000,20.38000,20.94000,805800
1602163800,21.23000,21.31000,20.74000,21.21000,770300
1602250200,21.47000,21.66000,20.84000,21.14000,772700
1602509400,21.25000,21.31000,20.64000,21.30000,829000
1602595800,21.05000,21.46000,20.65000,21.11000,584800
1602682200,20.98000,21.07000,20.29000,20.97000,918000
1602768600,20.39000,20.68000,19.71000,20.14000,1249700
1602855000,20.10000,21.25000,19.98000,20.24000,849800
1603114200,20.53000,20.67000,19.30000,19.43000,778800
1603200600,19.49000,19.96000,19.17000,19.36000,723900
1603287000,19.30000,19.66000,18.98000,19.25000,796500
1603373400,19.40000,19.98000,19.05000,19.94000,556700
1603459800,20.12000,20.47000,19.58000,20.44000,594300
1603719000,20.00000,20.30000,19.34000,19.88000,657800
1603805400,19.91000,20.06000,19.35000,19.70000,558400
1603891800,19.10000,19.58000,18.54000,19.26000,678600
1603978200,19.74000,21.00000,18.94000,20.81000,1288700
1604064600,20.49000,20.62000,19.18000,19.39000,1271100
1604327400,19.78000,20.04000,19.11000,19.98000,979700
1604413800,20.15000,21.09000,20.12000,20.63000,912900
1604500200,20.85000,21.50000,20.21000,21.43000,998500
1604586600,21.65000,23.10000,21.32000,22.40000,1986500
1604673000,21.10000,23.74000,19.30000,22.32000,3364100
1604932200,24.94000,26.49000,23.62000,24.82000,3209500
1605018600,24.49000,24.73000,22.38000,23.07000,1539300
1605105000,23.55000,25.00000,23.38000,24.61000,3076400
1605191400,23.86000,24.41000,23.38000,23.54000,880000
1605277800,23.93000,24.72000,23.04000,24.64000,1030100
1605537000,25.48000,25.76000,24.22000,24.72000,1033100
1605623400,24.57000,25.79000,24.50000,25.42000,1334600
1605709800,25.52000,28.46000,25.17000,26.77000,2787700
1605796200,26.75000,28.10000,26.50000,27.75000,934300
1605882600,28.25000,28.25000,26.84000,27.84000,875200
1606141800,28.24000,29.97000,28.14000,29.14000,1336200
1606228200,29.93000,32.24000,29.80000,31.49000,1253300
1606314600,30.90000,31.90000,30.50000,31.33000,537100
1606487400,31.49000,32.14000,31.12000,31.84000,375800
1606746600,31.62000,31.78000,30.02000,30.16000,937500
1606833000,30.83000,30.83000,29.97000,30.54000,635000
1606919400,30.10000,31.73000,29.72000,31.40000,551500
1607005800,31.49000,32.52000,31.14000,31.86000,1086000
1607092200,32.31000,34.67000,32.04000,34.61000,1162800
1607351400,34.30000,35.65000,33.51000,33.75000,1270700
1607437800,33.60000,34.78000,33.52000,34.11000,405800
1607524200,34.70000,38.49000,34.51000,35.60000,1994500
1607610600,36.38000,36.44000,34.51000,35.14000,685100
1607697000,34.87000,35.35000,33.65000,34.47000,560700
1607956200,35.45000,37.85000,34.63000,35.25000,1179500
1608042600,35.38000,36.37000,34.70000,36.35000,748000
1608129000,36.79000,38.25000,36.76000,37.79000,967800
1608215400,37.57000,39.64000,37.57000,39.42000,944600
1608301800,38.78000,39.36000,37.14000,39.17000,979900
1608561000,37.84000,38.61000,36.86000,37.56000,743600
1608647400,37.95000,38.34000,36.13000,36.44000,668000
1608733800,37.04000,38.77000,36.45000,38.42000,659800
1608820200,38.53000,38.79000,37.18000,37.76000,212700
1609165800,38.09000,40.24000,37.89000,39.99000,830500
1609252200,40.05000,40.14000,38.13000,38.34000,553200
1609338600,38.80000,39.23000,38.18000,38.31000,422300
1609425000,38.41000,38.52000,37.67000,37.99000,374900
1609770600,37.74000,38.18000,34.70000,35.28000,915400
1609857000,35.00000,36.94000,34.80000,36.15000,538800
1609943400,36.66000,38.65000,36.22000,37.49000,778500
1610029800,37.48000,38.33000,36.50000,36.64000,462200
1610116200,36.65000,36.99000,34.93000,35.75000,604900
1610375400,34.93000,35.97000,34.71000,35.36000,491900
1610461800,35.33000,36.65000,35.20000,36.36000,363200
1610548200,36.15000,36.36000,34.08000,34.31000,536100
1610634600,34.43000,36.41000,34.43000,35.23000,598500
1610721000,34.87000,35.06000,33.38000,34.36000,621200
1611066600,35.00000,35.53000,34.41000,34.87000,532000
1611153000,34.88000,34.88000,33.55000,33.74000,430500
1611239400,34.00000,34.20000,32.40000,32.92000,608500
1611325800,32.45000,33.91000,31.56000,32.49000,686900
1611585000,32.71000,32.86000,29.79000,31.74000,1214500
1611671400,32.28000,33.32000,31.82000,32.90000,943500
1611757800,32.04000,32.96000,30.17000,30.94000,1267100
1611844200,31.28000,32.03000,30.84000,31.74000,985700
1611930600,31.52000,34.87000,31.50000,34.17000,1848300
1612189800,34.72000,37.08000,34.52000,36.17000,1352900
1612276200,36.99000,38.13000,36.07000,37.40000,485700
1612362600,37.86000,39.25000,37.58000,39.02000,503300
1612449000,39.43000,39.59000,35.86000,36.19000,1144600
1612535400,36.67000,36.87000,34.83000,35.68000,631700
1612794600,36.25000,36.99000,35.42000,35.95000,595500
1612881000,35.59000,36.07000,34.86000,34.93000,590500
1612967400,35.17000,38.29000,35.17000,37.28000,985500
1613053800,37.51000,39.54000,36.90000,37.57000,558200
1613140200,37.65000,38.08000,35.40000,35.57000,836300
1613485800,36.01000,36.68000,34.88000,36.50000,675800
1613572200,36.20000,36.40000,35.18000,36.26000,560500
1613658600,36.06000,37.07000,35.36000,36.08000,454800
1613745000,36.79000,38.98000,36.25000,38.11000,1102400
1614004200,37.87000,41.49000,37.81000,40.94000,1415500
1614090600,39.53000,39.82000,36.62000,39.00000,740900
1614177000,38.96000,38.96000,37.18000,38.55000,1106100
1614263400,38.25000,38.88000,36.50000,36.97000,1738600
1614349800,38.69000,44.46000,35.41000,43.40000,3300900
1614609000,44.80000,60.17000,44.01000,57.53000,9700600
1614695400,56.94000,59.84000,55.68000,57.59000,2026100
1614781800,58.93000,61.77000,57.22000,61.18000,2136500
1614868200,60.00000,61.53000,58.04000,60.72000,1752900
1614954600,61.60000,64.69000,57.25000,62.84000,1637100
1615213800,63.15000,63.15000,60.71000,62.31000,989000
1615300200,63.00000,63.71000,57.74000,58.43000,1011500
1615386600,59.02000,61.19000,58.09000,59.59000,927800
1615473000,60.00000,60.95000,57.31000,58.92000,895400
1615559400,57.29000,60.18000,56.11000,59.32000,1340500
1615815000,58.95000,60.15000,58.27000,59.97000,1192600
1615901400,59.85000,61.22000,56.20000,56.27000,1531200
1615987800,56.05000,59.51000,54.59000,58.94000,654400
1616074200,58.75000,60.12000,56.50000,56.87000,735600
1616160600,57.34000,58.79000,56.19000,57.98000,632200
1616419800,56.07000,56.52000,49.66000,52.40000,2960700
1616506200,51.28000,51.82000,47.88000,47.98000,1857200
1616592600,48.05000,48.88000,45.09000,45.15000,1294800
1616679000,45.06000,48.29000,43.85000,47.76000,1741700
1616765400,47.91000,48.68000,46.16000,47.59000,1097900
1617024600,47.03000,48.92000,46.60000,48.43000,774600
1617111000,48.90000,49.95000,47.30000,48.20000,920700
1617197400,47.97000,50.92000,47.86000,50.55000,1487600
1617283800,50.75000,50.87000,48.56000,49.97000,827000
1617629400,50.98000,50.99000,48.55000,50.15000,1584400
1617715800,49.76000,51.30000,48.89000,50.85000,952900
1617802200,50.60000,51.39000,49.70000,50.13000,1530000
1617888600,50.27000,50.45000,48.04000,48.61000,636500
1617975000,48.55000,49.50000,48.34000,48.73000,411800
1618234200,48.17000,49.22000,46.66000,47.37000,549400
1618320600,47.75000,49.11000,46.66000,48.07000,898900
1618407000,48.77000,50.98000,48.40000,49.52000,1111300
1618493400,49.86000,51.34000,49.56000,51.14000,1154400
1618579800,51.49000,51.65000,48.97000,49.74000,957000
1618839000,49.57000,50.59000,48.46000,49.08000,542700
1618925400,48.96000,49.04000,44.85000,45.85000,655400
1619011800,44.98000,45.91000,43.79000,45.20000,1030400
1619098200,45.27000,46.46000,44.32000,45.05000,1116300
1619184600,45.52000,45.88000,44.55000,45.52000,465000
1619443800,45.68000,47.00000,45.05000,46.66000,1042600
1619530200,46.68000,48.81000,46.55000,48.19000,1244700
1619616600,48.33000,50.77000,47.54000,50.47000,705000
1619703000,50.83000,52.69000,49.88000,52.59000,851500
1619789400,51.72000,52.48000,50.30000,50.63000,759400
1620048600,50.59000,52.19000,49.71000,51.77000,860100
1620135000,50.81000,50.81000,47.84000,49.98000,769200
1620221400,50.29000,52.97000,50.02000,50.76000,776600
1620307800,50.29000,51.00000,47.48000,48.94000,1146800
1620394200,51.42000,55.37000,48.86000,49.76000,2303200
1620653400,49.09000,49.68000,46.28000,46.62000,1747600
1620739800,45.39000,49.85000,44.43000,49.51000,1520400
1620826200,49.00000,49.39000,45.34000,45.70000,2208200
1620912600,45.88000,46.95000,44.14000,45.52000,993200
1620999000,45.68000,47.79000,45.50000,46.24000,597000
1621258200,45.97000,46.27000,42.38000,44.01000,1216600
1621344600,44.02000,46.63000,43.80000,45.17000,965600
1621431000,44.13000,45.06000,43.17000,44.84000,805200
1621517400,45.04000,45.76000,44.23000,44.69000,842300
1621603800,44.69000,45.65000,43.25000,45.47000,758700
1621863000,45.76000,47.03000,44.85000,46.80000,484700
1621949400,47.28000,48.17000,46.22000,46.60000,409300
1622035800,46.97000,49.19000,46.40000,48.07000,507900
1622122200,48.09000,48.71000,47.19000,48.21000,554400
1622208600,48.51000,48.93000,47.16000,47.25000,421100
1622554200,47.34000,48.00000,46.43000,47.62000,459600
1622640600,47.88000,47.88000,46.71000,47.03000,492500
1622727000,46.55000,47.14000,45.46000,47.01000,531600
1622813400,47.06000,47.47000,45.34000,45.64000,400400
1623072600,45.87000,47.25000,45.37000,45.99000,468600
1623159000,46.20000,46.84000,45.02000,45.86000,458100
1623245400,46.60000,46.75000,45.19000,45.48000,530300
1623331800,45.45000,46.10000,44.33000,44.79000,427600
1623418200,45.93000,47.55000,45.29000,46.29000,683800
1623677400,46.21000,46.32000,43.51000,43.92000,866000
1623763800,43.65000,44.30000,42.64000,43.33000,679800
1623850200,43.01000,43.92000,42.49000,43.71000,528300
1623936600,43.45000,44.34000,43.19000,43.82000,399200
1624023000,43.34000,43.98000,42.51000,43.05000,549100
1624282200,43.48000,44.90000,43.08000,44.55000,512600
1624368600,44.50000,45.75000,43.56000,45.38000,533100
1624455000,45.69000,47.47000,45.05000,46.00000,825000
1624541400,46.26000,46.79000,45.60000,46.36000,410400
1624627800,46.11000,46.83000,45.51000,45.80000,1277400
1624887000,45.78000,45.80000,43.64000,44.85000,660100
1624973400,44.65000,45.25000,44.00000,45.20000,461800
1625059800,45.08000,45.08000,43.16000,43.16000,733400
1625146200,43.77000,44.71000,43.32000,44.45000,412700
1625232600,44.56000,44.69000,43.18000,43.46000,399900
1625578200,43.41000,43.45000,42.14000,42.77000,392400
1625664600,42.44000,43.00000,39.64000,40.21000,901300
1625751000,39.43000,40.12000,38.55000,39.59000,661100
1625837400,39.77000,40.58000,39.62000,40.55000,654400
1626096600,40.63000,41.44000,39.95000,40.79000,564100
1626183000,40.41000,41.49000,40.28000,40.80000,401200
1626269400,41.18000,41.98000,40.21000,40.48000,304200
1626355800,40.10000,41.25000,39.49000,39.78000,382400
1626442200,39.93000,40.17000,37.16000,37.84000,666400
1626701400,36.48000,37.52000,35.70000,36.38000,735900
1626787800,36.38000,39.22000,36.10000,38.99000,609500
1626874200,39.00000,40.44000,38.83000,39.31000,567800
1626960600,39.27000,39.39000,37.81000,38.09000,551100
1627047000,38.34000,38.82000,37.09000,37.80000,570100
1627306200,37.75000,38.45000,36.94000,37.24000,525400
1627392600,37.24000,37.42000,35.33000,36.24000,718200
1627479000,36.82000,37.64000,36.25000,36.34000,549300
1627565400,36.71000,37.58000,36.20000,36.81000,714000
1627651800,37.38000,37.50000,36.07000,36.37000,836100
1627911000,36.46000,37.96000,36.03000,36.13000,656200
1627997400,36.17000,36.76000,34.94000,36.72000,666400
1628083800,36.21000,37.20000,35.24000,35.84000,768200
1628170200,35.61000,36.01000,35.21000,35.63000,1759000
1628256600,40.00000,41.66000,30.25000,30.61000,6490200
1628515800,29.93000,29.93000,27.86000,28.29000,2835900
1628602200,28.29000,28.29000,26.12000,26.90000,2685500
1628688600,27.00000,27.02000,25.27000,26.22000,2212900
1628775000,26.11000,26.30000,24.69000,25.51000,3160900
1628861400,25.29000,25.40000,24.38000,24.95000,1355600
1629120600,24.92000,25.19000,23.80000,24.52000,1686400
1629207000,24.06000,24.21000,22.52000,22.82000,2239700
1629293400,23.00000,24.87000,22.86000,23.53000,2036300
1629379800,23.17000,24.05000,22.55000,22.74000,1221000
1629466200,22.61000,23.07000,22.31000,22.56000,1137700
1629725400,22.87000,23.46000,22.56000,23.28000,1071400
1629811800,23.58000,24.44000,23.25000,24.39000,1237200
1629898200,24.34000,25.10000,24.06000,24.82000,1475500
1629984600,24.59000,24.96000,24.05000,24.42000,784200
1630071000,24.18000,25.17000,24.18000,24.60000,919700
1630330200,25.00000,25.07000,23.68000,23.72000,829400
1630416600,23.78000,25.13000,23.78000,24.77000,1413500
1630503000,24.85000,24.92000,23.72000,23.80000,928300
1630589400,23.85000,23.96000,23.15000,23.16000,2181800
1630675800,23.16000,23.67000,22.67000,22.71000,1073000
1631021400,22.61000,23.10000,22.50000,23.09000,861600
1631107800,23.16000,23.27000,21.92000,22.09000,1424900
1631194200,22.08000,22.57000,21.72000,22.16000,782900
1631280600,22.25000,22.27000,21.59000,21.94000,971900
1631539800,22.00000,22.64000,21.90000,22.21000,1098000
1631626200,22.10000,22.18000,21.04000,21.23000,931100
1631712600,21.28000,21.71000,20.91000,21.57000,841800
1631799000,21.33000,21.58000,21.05000,21.26000,694500
1631885400,21.39000,22.08000,21.21000,22.04000,1491300
1632144600,21.19000,21.86000,20.76000,21.83000,765000
1632231000,21.93000,22.17000,21.21000,21.29000,672200
1632317400,21.64000,22.66000,21.54000,22.59000,1057000
1632403800,22.77000,23.92000,22.66000,23.79000,979300
1632490200,23.63000,24.30000,23.33000,24.13000,873600
1632749400,24.37000,24.86000,24.23000,24.72000,1064300
1632835800,24.56000,24.69000,23.61000,23.75000,1057100
1632922200,23.69000,23.94000,23.08000,23.20000,703000
1633008600,23.43000,23.45000,22.64000,22.81000,964200
1633095000,23.08000,24.19000,23.08000,23.56000,884800
1633354200,23.57000,23.75000,23.00000,23.22000,698000
1633440600,23.18000,23.62000,22.72000,23.00000,779600
1633527000,22.51000,22.82000,22.12000,22.36000,639100
1633613400,22.91000,23.60000,22.71000,23.24000,589100
1633699800,23.47000,23.80000,23.15000,23.15000,369300
1633959000,23.28000,23.28000,22.35000,22.47000,605000
1634045400,22.61000,22.95000,22.18000,22.31000,637200
1634131800,22.48000,23.61000,21.98000,23.48000,1003900
1634218200,23.12000,23.80000,22.96000,23.54000,664700
1634304600,24.01000,24.13000,23.35000,23.39000,491900
1634563800,23.22000,23.39000,22.76000,23.31000,379600
1634650200,23.50000,23.65000,23.13000,23.57000,248600
1634736600,23.56000,23.97000,23.32000,23.59000,532900
1634823000,23.43000,23.97000,23.33000,23.82000,574600
1634909400,23.48000,23.56000,22.71000,23.23000,1115800
1635168600,23.30000,23.86000,22.95000,23.50000,1333400
1635255000,23.71000,23.71000,22.22000,22.32000,1161700
1635341400,22.12000,22.31000,21.25000,21.32000,1102900
1635427800,21.25000,21.94000,21.06000,21.86000,990000
1635514200,21.58000,21.75000,20.86000,21.22000,1162100
1635773400,21.30000,22.78000,21.11000,22.70000,1452300
1635859800,23.40000,23.62000,21.59000,22.21000,1990000
1635946200,22.19000,23.90000,21.92000,23.50000,1774700
1636032600,23.61000,23.94000,22.44000,22.91000,1564700
1636119000,23.75000,26.66000,23.30000,25.55000,4536500
1636381800,25.93000,26.77000,24.92000,26.26000,1587200
1636468200,26.00000,26.74000,25.55000,26.10000,1203900
1636554600,25.90000,26.70000,25.24000,25.28000,1845500
1636641000,25.45000,27.40000,25.31000,27.33000,1284300
1636727400,27.35000,27.68000,26.54000,27.64000,847200
1636986600,27.75000,27.88000,26.57000,26.92000,944400
1637073000,26.67000,26.74000,25.88000,26.64000,918100
1637159400,26.59000,27.50000,26.12000,26.40000,508300
1637245800,26.38000,26.68000,25.18000,25.63000,626500
1637332200,25.46000,25.57000,24.05000,24.09000,847700
1637591400,24.23000,24.57000,22.80000,23.76000,1073200
1637677800,23.81000,24.40000,23.50000,24.10000,722700
1637764200,23.66000,23.82000,22.74000,23.35000,485700
1637937000,22.30000,23.22000,21.74000,22.89000,593000
1638196200,23.25000,23.25000,21.85000,21.94000,800800
1638282600,21.51000,21.89000,20.39000,20.66000,1003500
1638369000,21.72000,22.22000,19.93000,19.97000,1177900
1638455400,20.00000,21.00000,19.49000,20.89000,1323900
1638541800,20.80000,20.90000,19.23000,19.35000,1442700
1638801000,19.35000,21.89000,19.00000,21.27000,1212600
1638887400,21.97000,22.16000,21.36000,21.57000,742300
1638973800,21.48000,22.90000,21.26000,22.54000,584500
1639060200,22.27000,22.98000,22.13000,22.69000,578100
1639146600,22.67000,22.91000,21.83000,22.34000,678100
1639405800,22.11000,22.14000,20.72000,21.34000,637300
1639492200,20.98000,22.10000,20.98000,21.35000,677700
1639578600,21.09000,21.15000,19.32000,20.73000,1025400
1639665000,20.93000,21.14000,20.32000,20.86000,1034700
1639751400,20.85000,22.23000,20.12000,22.05000,1201100
1640010600,21.35000,23.22000,20.80000,23.20000,1173100
1640097000,24.75000,25.82000,24.18000,24.56000,2164900
1640183400,24.19000,26.36000,24.19000,25.57000,1182700
1640269800,25.60000,25.90000,25.04000,25.41000,649900
1640615400,25.54000,25.87000,25.00000,25.03000,523700
1640701800,24.82000,25.17000,24.03000,24.25000,859000
1640788200,23.93000,24.84000,23.60000,23.70000,612700
1640874600,23.66000,24.92000,23.66000,24.34000,672000
1640961000,24.31000,24.59000,23.08000,23.16000,856600
1641220200,23.83000,26.99000,23.83000,26.83000,1573200
1641306600,26.65000,27.18000,25.98000,26.42000,795400
1641393000,26.50000,27.77000,25.36000,25.36000,960200
1641479400,25.66000,26.19000,24.07000,24.15000,912800
1641565800,24.18000,24.88000,23.65000,23.66000,516200
1641825000,23.58000,23.58000,22.02000,23.11000,859500
1641911400,22.93000,23.80000,22.79000,23.16000,715500
1641997800,23.50000,23.83000,22.64000,23.00000,834900
1642084200,23.08000,23.98000,22.72000,22.90000,632200
1642170600,22.39000,22.50000,21.34000,22.05000,1336600
1642516200,22.00000,22.44000,21.26000,21.65000,1012700
1642602600,21.70000,22.63000,21.59000,21.91000,761600
1642689000,22.10000,23.18000,21.96000,22.10000,720300
1642775400,21.81000,22.23000,21.01000,21.41000,1223200
1643034600,20.51000,22.06000,19.84000,21.95000,1396800
1643121000,21.79000,22.40000,20.73000,22.23000,1188000
1643207400,22.57000,28.72000,22.08000,26.68000,13617800
1643293800,27.18000,29.41000,26.70000,27.86000,8416700
1643380200,27.10000,27.75000,26.05000,27.11000,1930500
1643639400,28.00000,31.15000,27.92000,30.54000,5234200
1643725800,30.28000,30.69000,28.87000,30.44000,2032100
1643812200,28.60000,28.71000,23.50000,23.67000,4448100
1643898600,22.98000,24.19000,22.85000,23.19000,1614800
1643985000,23.16000,23.36000,22.13000,22.98000,1177600
1644244200,23.27000,24.46000,23.21000,23.95000,1052200
1644330600,24.05000,25.08000,23.81000,24.76000,751900
1644417000,24.85000,25.15000,24.59000,24.81000,543300
1644503400,24.46000,25.59000,24.25000,24.36000,797400
1644589800,24.35000,25.44000,23.92000,24.01000,604900
1644849000,24.07000,25.54000,23.91000,25.26000,726000
1644935400,25.68000,27.38000,25.66000,26.92000,1273100
1645021800,26.53000,27.15000,25.99000,26.28000,729400
1645108200,26.31000,26.65000,25.06000,25.20000,558800
1645194600,25.00000,25.28000,23.00000,23.46000,1302900
1645540200,23.10000,23.91000,22.48000,22.66000,729100
1645626600,22.68000,22.76000,21.88000,21.95000,1008500
1645713000,20.81000,23.33000,20.58000,23.15000,956900
1645799400,23.02000,23.43000,22.01000,22.98000,705000
1646058600,22.51000,22.98000,21.44000,21.72000,1789200
1646145000,19.90000,21.87000,19.67000,20.05000,2914400
1646231400,19.69000,20.16000,18.60000,19.24000,2066300
1646317800,19.36000,19.39000,18.04000,18.35000,1246400
1646404200,18.12000,18.35000,16.88000,17.00000,1718000
1646663400,17.00000,17.20000,16.37000,17.00000,1726600
1646749800,17.31000,19.07000,16.76000,18.31000,1417000
1646836200,18.68000,19.32000,18.38000,18.51000,889900
1646922600,18.12000,18.80000,17.88000,18.74000,707400
1647009000,18.91000,18.92000,17.76000,18.01000,770300
1647264600,18.05000,18.18000,17.32000,17.85000,764100
1647351000,17.96000,18.61000,17.59000,18.20000,742700
1647437400,18.62000,19.46000,18.61000,19.36000,722000
1647523800,19.14000,19.25000,18.70000,18.75000,956000
1647610200,18.54000,19.31000,18.52000,19.09000,1460400
1647869400,19.18000,19.18000,18.41000,18.89000,552700
1647955800,19.00000,19.94000,19.00000,19.28000,729200
1648042200,18.93000,19.80000,18.74000,18.88000,470100
1648128600,19.07000,19.40000,18.59000,19.37000,515200
1648215000,19.54000,19.64000,18.71000,18.99000,405400
1648474200,19.18000,19.67000,18.83000,19.65000,620100
1648560600,19.82000,20.75000,19.81000,20.66000,770900
1648647000,20.36000,20.66000,19.14000,19.25000,672700
1648733400,19.33000,19.42000,18.72000,19.23000,712600
1648819800,19.47000,19.80000,18.87000,19.16000,504800
1649079000,19.41000,20.08000,19.21000,19.96000,573200
1649165400,20.69000,20.95000,19.82000,20.28000,866000
1649251800,19.86000,20.32000,19.58000,19.78000,691100
1649338200,20.24000,20.27000,19.39000,19.96000,554400
1649424600,20.01000,20.84000,19.60000,20.06000,731500
1649683800,19.60000,20.44000,19.32000,19.44000,756300
1649770200,20.00000,20.52000,19.47000,19.59000,700100
1649856600,19.46000,19.99000,19.27000,19.66000,503200
1649943000,19.55000,19.91000,19.22000,19.82000,613400
1650288600,19.65000,19.85000,19.22000,19.36000,567800
1650375000,19.25000,21.01000,19.20000,20.70000,911500
1650461400,21.16000,21.18000,19.69000,19.74000,732100
1650547800,19.94000,20.45000,19.49000,19.51000,788600
1650634200,19.69000,19.80000,18.75000,18.78000,606000
1650893400,18.40000,20.11000,18.37000,20.09000,873500
1650979800,19.86000,20.10000,19.29000,19.37000,776800
1651066200,19.09000,20.27000,19.09000,19.12000,803700
1651152600,19.46000,20.37000,19.02000,20.28000,665600
1651239000,20.03000,20.85000,19.40000,19.51000,1160800
1651498200,19.28000,20.36000,19.16000,20.35000,674100
1651584600,20.25000,20.25000,18.59000,19.13000,907400
1651671000,18.98000,19.46000,18.08000,19.39000,818800
1651757400,19.13000,19.13000,18.17000,18.53000,662200
1651843800,18.42000,18.42000,16.41000,16.45000,1500400
1652103000,15.97000,16.05000,14.91000,15.66000,3269300
1652189400,13.62000,14.73000,13.50000,13.70000,5728000
1652275800,13.66000,14.12000,12.66000,12.73000,2012900
1652362200,13.50000,15.23000,13.27000,14.23000,2379800
1652448600,14.70000,15.07000,14.12000,14.76000,1367000
1652707800,14.77000,14.88000,14.06000,14.12000,1025900
1652794200,14.33000,15.04000,14.09000,14.31000,859200
1652880600,13.81000,13.97000,12.61000,12.70000,1146000
1652967000,12.50000,12.82000,12.33000,12.52000,934100
1653053400,12.72000,12.74000,11.53000,12.07000,1094300
1653312600,12.15000,12.25000,11.55000,12.13000,1053900
1653399000,11.82000,11.91000,11.17000,11.43000,1544200
1653485400,11.42000,14.22000,11.41000,13.97000,1824800
1653571800,14.17000,15.97000,14.11000,15.49000,1851800
1653658200,15.52000,16.48000,15.39000,15.58000,1826800
1654003800,15.32000,15.95000,15.07000,15.45000,846600
1654090200,16.00000,16.40000,15.44000,15.45000,1060900
1654176600,15.29000,15.92000,15.12000,15.68000,686600
1654263000,15.49000,15.50000,14.84000,14.91000,532500
1654522200,15.17000,15.31000,14.66000,15.02000,504300
1654608600,14.81000,15.03000,14.54000,14.76000,427300
1654695000,14.85000,16.45000,14.77000,16.37000,919000
1654781400,16.13000,16.34000,15.78000,16.27000,809800
1654867800,15.82000,16.13000,15.27000,15.30000,768700
1655127000,14.64000,15.05000,14.26000,14.69000,545000
1655213400,14.74000,15.26000,14.64000,14.79000,581300
1655299800,14.98000,15.38000,14.66000,15.07000,608400
1655386200,14.59000,14.71000,13.78000,14.06000,734200
1655472600,14.09000,14.98000,14.09000,14.89000,852500
1655818200,15.00000,15.84000,15.00000,15.34000,932900
1655904600,14.94000,15.55000,14.88000,14.91000,619600
1655991000,14.96000,15.56000,14.59000,15.53000,600400
1656077400,15.66000,16.09000,15.16000,15.70000,1230200
1656336600,15.92000,15.99000,14.07000,14.09000,773200
1656423000,14.16000,14.42000,13.02000,13.26000,892900
1656509400,13.17000,13.17000,11.71000,11.90000,1112100
1656595800,11.61000,11.69000,11.11000,11.30000,1148500
1656682200,11.31000,11.61000,10.57000,10.99000,1212700
1657027800,10.99000,11.78000,10.51000,11.77000,1030900
1657114200,11.67000,11.80000,10.59000,10.64000,741600
1657200600,10.70000,11.24000,10.57000,10.96000,769300
1657287000,10.80000,10.99000,10.34000,10.65000,772000
1657546200,10.47000,10.55000,9.59000,9.72000,1120400
1657632600,9.73000,10.14000,9.62000,9.74000,592900
1657719000,9.63000,9.68000,9.25000,9.52000,869400
1657805400,9.28000,9.40000,8.78000,8.89000,1129500
1657891800,9.04000,9.65000,8.79000,9.64000,1501100
1658151000,9.85000,10.48000,9.84000,10.18000,1104600
1658237400,10.34000,11.29000,10.33000,11.28000,1321400
1658323800,11.30000,12.11000,11.06000,12.05000,1530200
1658410200,11.92000,11.94000,11.39000,11.76000,596000
1658496600,11.64000,11.94000,10.49000,10.58000,828800
1658755800,10.58000,10.66000,10.36000,10.48000,439600
1658842200,10.19000,10.27000,10.01000,10.04000,392900
1658928600,10.22000,10.57000,10.01000,10.52000,372800
1659015000,10.44000,10.78000,10.03000,10.65000,436100
1659101400,10.69000,10.72000,10.34000,10.60000,662100
1659360600,10.48000,11.56000,10.43000,11.48000,771700
1659447000,11.33000,12.29000,11.29000,12.23000,800900
1659533400,12.40000,12.68000,12.28000,12.64000,871300
1659619800,12.59000,12.85000,12.37000,12.46000,396400
1659706200,12.33000,12.98000,12.29000,12.82000,574900
1659965400,12.99000,14.25000,12.97000,13.87000,1947200
1660051800,13.74000,14.85000,12.39000,12.56000,1853500
1660138200,12.90000,13.08000,11.82000,12.69000,1142700
1660224600,12.84000,13.60000,12.75000,12.84000,772100
1660311000,12.92000,12.96000,12.19000,12.71000,866500
1660570200,12.51000,13.04000,12.44000,12.87000,700600
1660656600,12.71000,14.18000,12.42000,13.40000,1776500
1660743000,13.08000,13.08000,11.95000,12.01000,883500
1660829400,12.03000,12.11000,11.25000,11.55000,792000
1660915800,11.19000,11.26000,10.96000,10.98000,701700
1661175000,10.66000,10.85000,10.28000,10.46000,767700
1661261400,10.65000,10.78000,10.25000,10.35000,512400
1661347800,10.29000,10.52000,10.17000,10.23000,504500
1661434200,10.26000,10.70000,10.25000,10.56000,563600
1661520600,10.60000,10.66000,9.95000,10.11000,710300
1661779800,9.96000,10.23000,9.91000,10.15000,620500
1661866200,10.29000,10.56000,9.87000,10.01000,603300
1661952600,10.10000,10.40000,9.90000,9.91000,599600
1662039000,9.77000,10.29000,9.31000,10.28000,944300
1662125400,10.68000,11.33000,10.58000,11.05000,1070800
1662471000,11.01000,11.14000,10.38000,10.38000,649600
1662557400,10.23000,10.89000,10.18000,10.87000,504600
1662643800,10.74000,10.76000,10.25000,10.74000,461800
1662730200,10.86000,11.36000,10.86000,11.31000,579200
1662989400,11.42000,12.17000,11.42000,12.12000,779900
1663075800,11.57000,12.20000,11.17000,12.16000,1047800
1663162200,12.20000,12.50000,11.58000,12.48000,947200
1663248600,12.42000,12.66000,11.05000,11.13000,1442500
1663335000,10.84000,10.90000,10.55000,10.73000,2129200
1663594200,10.44000,10.56000,10.06000,10.32000,763700
1663680600,10.07000,10.40000,10.05000,10.18000,645700
1663767000,10.19000,10.58000,10.11000,10.17000,524500
1663853400,10.10000,10.20000,9.49000,9.54000,744100
1663939800,9.31000,9.43000,9.10000,9.26000,643900
1664199000,9.17000,9.56000,8.97000,8.99000,688000
1664285400,9.24000,9.71000,9.16000,9.19000,580500
1664371800,9.17000,9.29000,9.04000,9.11000,577100
1664458200,8.87000,8.92000,8.45000,8.74000,830300
1664544600,8.61000,8.64000,7.93000,7.96000,942300
1664803800,8.08000,8.17000,7.82000,8.07000,808100
1664890200,8.27000,8.83000,8.27000,8.78000,956100
1664976600,8.48000,8.73000,8.23000,8.69000,637100
1665063000,8.71000,9.37000,8.67000,9.16000,1193500
1665149400,8.98000,9.01000,7.84000,8.24000,1397000
1665408600,8.16000,8.39000,7.99000,8.09000,500200
1665495000,8.06000,8.10000,7.49000,7.55000,1032500
1665581400,7.52000,7.58000,7.13000,7.37000,989900
1665667800,7.10000,7.39000,6.92000,7.35000,797400
1665754200,7.46000,7.58000,7.18000,7.22000,512500
1666013400,7.18000,7.44000,7.09000,7.37000,640200
1666099800,7.61000,7.86000,7.44000,7.47000,719400
1666186200,7.44000,7.48000,6.90000,6.94000,772000
1666272600,6.89000,7.27000,6.80000,6.81000,711100
1666359000,6.81000,6.93000,6.66000,6.86000,736600
1666618200,6.84000,6.84000,6.38000,6.40000,1229300
1666704600,6.40000,6.73000,6.35000,6.58000,1921800
1666791000,6.54000,7.64000,6.54000,7.37000,1301500
1666877400,7.40000,7.80000,7.40000,7.58000,707000
1666963800,7.58000,7.83000,7.21000,7.58000,1298100
1667223000,7.50000,7.66000,7.30000,7.37000,283400
1667309400,7.59000,7.89000,7.56000,7.71000,632700
1667395800,7.73000,7.73000,7.09000,7.13000,718500
1667482200,7.09000,7.26000,6.82000,6.84000,469700
1667568600,7.07000,7.13000,6.74000,7.07000,520700
1667831400,7.14000,7.25000,6.76000,7.04000,1891100
1667917800,6.97000,9.07000,6.58000,8.97000,4209500
1668004200,8.84000,8.84000,8.08000,8.33000,2022900
1668090600,8.99000,9.97000,8.96000,9.65000,1797800
1668177000,9.48000,10.29000,9.16000,10.10000,1428000
1668436200,9.88000,10.24000,9.04000,9.05000,3259700
1668522600,9.50000,9.90000,8.96000,9.06000,990200
1668609000,8.85000,8.99000,8.50000,8.55000,907200
1668695400,8.26000,8.74000,8.15000,8.59000,494300
1668781800,8.80000,8.86000,8.21000,8.25000,688700
1669041000,8.23000,8.68000,8.11000,8.28000,635200
1669127400,8.26000,8.28000,7.99000,8.06000,567600
1669213800,8.00000,8.25000,7.99000,8.14000,482200
1669386600,8.06000,8.44000,8.04000,8.40000,278200
1669645800,8.32000,8.40000,7.84000,8.02000,701500
1669732200,8.00000,8.20000,7.95000,8.09000,503000
1669818600,8.20000,8.42000,7.96000,8.33000,1140000
1669905000,8.40000,8.82000,8.31000,8.74000,667700
1669991400,8.49000,8.63000,8.34000,8.40000,436300
1670250600,8.27000,8.32000,7.98000,7.99000,774300
1670337000,7.96000,7.98000,7.65000,7.66000,638900
1670423400,7.60000,7.60000,7.04000,7.28000,1164100
1670509800,7.32000,7.51000,6.90000,7.49000,1082500
1670596200,7.43000,7.57000,7.02000,7.06000,869100
1670855400,7.08000,7.13000,6.88000,7.11000,881900
1670941800,7.46000,8.00000,7.13000,7.19000,1298000
1671028200,7.16000,7.38000,7.04000,7.25000,948800
1671114600,7.02000,7.14000,6.74000,6.77000,1322500
1671201000,6.70000,6.92000,6.63000,6.88000,1644000
1671460200,6.80000,6.84000,6.25000,6.30000,1921100
1671546600,6.28000,6.95000,6.22000,6.83000,1800900
1671633000,6.97000,7.57000,6.91000,7.23000,1951500
1671719400,7.15000,7.29000,6.88000,7.22000,1541400
1671805800,7.26000,7.31000,6.92000,7.27000,1122200
1672151400,7.29000,7.73000,7.27000,7.55000,1387600
1672237800,7.55000,7.62000,6.66000,6.86000,791000
1672324200,6.99000,7.65000,6.86000,7.57000,1072200
1672410600,7.36000,8.63000,7.15000,8.58000,3227600
1672756200,8.82000,9.04000,8.53000,8.86000,1604800
1672842600,8.98000,8.99000,8.53000,8.82000,758200
1672929000,8.76000,8.78000,8.05000,8.08000,1067200
1673015400,8.11000,8.40000,7.94000,8.30000,1030700
1673274600,8.52000,8.78000,8.39000,8.42000,971500
1673361000,8.33000,8.49000,8.24000,8.48000,622500
1673447400,8.49000,8.61000,8.19000,8.19000,726700
1673533800,8.30000,8.43000,7.94000,8.21000,883000
1673620200,8.13000,8.75000,8.02000,8.57000,772900
1673965800,8.46000,8.63000,8.18000,8.33000,598700
1674052200,8.43000,8.60000,7.98000,8.02000,437400
1674138600,7.84000,8.01000,7.76000,7.82000,579700
1674225000,7.96000,8.03000,7.80000,8.01000,563000
1674484200,8.08000,8.31000,8.01000,8.22000,544100
1674570600,8.13000,8.80000,8.13000,8.60000,1141000
1674657000,8.37000,8.82000,7.96000,8.80000,978500
1674743400,8.96000,9.11000,8.75000,8.91000,527000
1674829800,8.94000,9.39000,8.94000,9.24000,549000
1675089000,9.00000,9.03000,8.31000,8.35000,745300
1675175400,8.45000,8.84000,8.18000,8.26000,886500
1675261800,8.26000,8.82000,8.03000,8.73000,1339800
1675348200,8.92000,9.47000,8.92000,9.35000,728900
1675434600,9.08000,9.27000,8.73000,8.78000,508600
1675693800,8.61000,8.69000,8.11000,8.13000,795500
1675780200,8.11000,8.14000,7.81000,7.98000,730200
1675866600,8.02000,8.14000,7.64000,7.69000,706900
1675953000,7.82000,7.93000,7.35000,7.37000,749300
1676039400,7.31000,7.34000,7.07000,7.10000,682800
1676298600,7.13000,7.36000,7.01000,7.31000,421900
1676385000,7.22000,7.55000,7.08000,7.51000,599400
1676471400,7.37000,7.76000,7.31000,7.75000,2894300
1676557800,7.57000,7.85000,7.39000,7.60000,752900
1676644200,7.59000,7.60000,7.20000,7.53000,537700
1676989800,7.32000,7.51000,7.11000,7.19000,551600
1677076200,7.19000,7.36000,7.18000,7.29000,412700
1677162600,7.37000,7.41000,7.08000,7.30000,404800
1677249000,7.08000,7.25000,7.05000,7.14000,553900
1677508200,7.22000,7.48000,7.10000,7.40000,817400
1677594600,7.50000,7.72000,7.29000,7.51000,711200
1677681000,7.47000,7.47000,6.73000,6.84000,839500
1677767400,6.78000,6.83000,6.53000,6.75000,612700
1677853800,6.88000,7.03000,6.74000,6.82000,673500
1678113000,6.87000,6.93000,6.30000,6.30000,1139200
1678199400,6.30000,6.47000,6.12000,6.17000,917400
1678285800,6.14000,6.23000,5.99000,6.03000,917800
1678372200,6.01000,6.07000,5.72000,5.73000,1022300
1678458600,5.76000,5.87000,5.52000,5.61000,901400
1678714200,5.55000,5.77000,5.31000,5.61000,814900
1678800600,5.79000,5.91000,5.48000,5.55000,720900
1678887000,5.37000,5.50000,4.98000,5.10000,2393500
1678973400,5.08000,5.10000,4.81000,4.90000,2276300
1679059800,4.51000,4.51000,3.85000,4.09000,5337000
1679319000,4.05000,4.11000,3.89000,4.06000,1503600
1679405400,4.08000,4.32000,4.08000,4.21000,1133400
1679491800,4.22000,4.29000,3.92000,3.93000,1392200
1679578200,4.01000,4.01000,3.66000,3.72000,1458800
1679664600,3.64000,3.82000,3.64000,3.67000,652400
1679923800,3.72000,3.75000,3.62000,3.63000,697200
1680010200,3.60000,3.70000,3.56000,3.57000,739400
1680096600,3.61000,3.62000,3.46000,3.51000,1701400
1680183000,3.56000,3.68000,3.37000,3.37000,1077100
1680269400,3.57000,4.26000,3.51000,4.21000,3741100
1680528600,4.22000,4.27000,3.93000,4.11000,1463700
1680615000,4.10000,4.18000,3.87000,3.96000,907700
1680701400,3.94000,3.95000,3.74000,3.79000,785100
1680787800,3.78000,3.99000,3.66000,3.97000,651500
1681133400,3.88000,4.10000,3.78000,3.97000,770600
1681219800,3.97000,4.09000,3.87000,4.00000,764300
1681306200,4.07000,4.13000,3.67000,3.72000,961500
1681392600,3.75000,3.91000,3.73000,3.87000,768800
1681479000,3.84000,3.93000,3.65000,3.75000,774000
1681738200,3.77000,4.24000,3.73000,4.16000,1646000
1681824600,4.19000,4.21000,3.93000,4.10000,577100
1681911000,4.06000,4.15000,3.91000,4.08000,622300
1681997400,4.02000,4.19000,3.96000,3.97000,628800
1682083800,3.97000,3.97000,3.84000,3.91000,546000
1682343000,3.92000,3.92000,3.76000,3.79000,633800
1682429400,3.75000,3.86000,3.58000,3.70000,1430400
1682515800,3.68000,3.81000,3.65000,3.69000,463000
1682602200,3.74000,3.93000,3.73000,3.78000,413100
1682688600,3.76000,3.92000,3.47000,3.58000,1645300
1682947800,3.60000,3.60000,3.38000,3.44000,959300
1683034200,3.44000,3.45000,3.31000,3.35000,771100
1683120600,3.38000,3.44000,3.30000,3.34000,677700
1683207000,3.32000,3.40000,3.27000,3.32000,498700
1683293400,3.38000,3.47000,3.36000,3.46000,485400
1683552600,3.49000,3.57000,3.41000,3.53000,448900
1683639000,3.50000,3.69000,3.42000,3.67000,709700
1683725400,3.73000,4.19000,3.73000,3.97000,2210800
1683811800,3.74000,3.75000,3.03000,3.33000,3403700
1683898200,3.28000,3.32000,3.06000,3.28000,1469000
1684157400,3.25000,3.31000,3.03000,3.08000,1841800
1684243800,3.06000,3.07000,2.89000,2.97000,1517100
1684330200,2.98000,3.75000,2.94000,3.53000,3809100
1684416600,3.52000,4.34000,3.52000,4.33000,3713300
1684503000,4.30000,4.54000,3.81000,4.03000,1925500
1684762200,4.00000,4.68000,3.86000,4.53000,1885000
1684848600,4.49000,4.71000,4.38000,4.44000,1268000
1684935000,4.46000,4.50000,4.20000,4.48000,703200
1685021400,4.43000,5.30000,4.42000,5.15000,2432300
1685107800,5.17000,5.43000,4.71000,5.31000,1653400
1685453400,5.43000,5.61000,4.77000,5.52000,2172700
1685539800,5.40000,5.58000,4.99000,5.40000,1627100
1685626200,5.38000,5.61000,4.87000,5.40000,1254700
1685712600,5.55000,6.05000,5.49000,6.04000,1619100
1685971800,6.04000,6.19000,5.72000,5.92000,1122200
1686058200,5.86000,6.29000,5.79000,6.12000,766000
1686144600,6.27000,6.33000,5.64000,5.64000,988000
1686231000,5.66000,5.80000,4.86000,5.72000,1450300
1686317400,5.68000,5.82000,5.13000,5.22000,926100
1686576600,5.19000,5.30000,4.99000,5.04000,748500
1686663000,5.04000,5.20000,4.73000,4.84000,1294800
1686749400,4.85000,4.85000,4.43000,4.53000,1369600
1686835800,4.53000,4.76000,4.47000,4.73000,1101600
1686922200,4.79000,5.09000,4.65000,4.93000,1191900
1687267800,5.00000,5.05000,4.25000,4.26000,1433400
1687354200,4.37000,4.89000,4.18000,4.81000,1491800
1687440600,4.70000,5.63000,4.50000,5.45000,1936900
1687527000,5.37000,5.84000,5.19000,5.49000,3942000
1687786200,5.49000,6.02000,5.14000,5.23000,1388600
1687872600,5.21000,5.73000,5.10000,5.56000,1205400
1687959000,5.60000,6.00000,5.49000,5.93000,1152800
1688045400,5.91000,6.33000,5.64000,6.28000,1160000
1688131800,6.35000,6.40000,5.86000,5.91000,1074800
1688391000,5.88000,6.29000,5.82000,6.20000,506400
1688563800,6.19000,6.44000,6.03000,6.19000,775900
1688650200,6.14000,6.16000,5.84000,6.06000,625900
1688736600,5.94000,6.28000,5.93000,6.11000,758200
1688995800,6.18000,7.10000,6.04000,6.72000,1828200
1689082200,6.89000,7.05000,6.51000,6.87000,1092800
1689168600,7.08000,7.20000,6.69000,6.73000,800900
1689255000,6.81000,7.13000,6.74000,6.91000,631000
1689341400,6.94000,6.98000,6.21000,6.24000,887800
1689600600,6.22000,6.62000,6.06000,6.51000,570100
1689687000,6.55000,6.91000,6.45000,6.86000,1006400
1689773400,7.11000,8.57000,6.97000,7.38000,4092900
1689859800,7.28000,7.40000,6.86000,6.92000,1263300
1689946200,7.04000,7.23000,6.52000,6.79000,978100
1690205400,6.79000,6.86000,6.38000,6.61000,964900
1690291800,6.56000,7.11000,6.35000,6.87000,942300
1690378200,6.83000,7.99000,6.83000,7.98000,2174500
1690464600,7.89000,8.50000,7.60000,7.66000,1495600
1690551000,7.76000,8.27000,7.76000,8.05000,1192500
1690810200,8.13000,8.44000,7.24000,7.90000,1984200
1690896600,7.90000,7.90000,7.25000,7.69000,879200
1690983000,7.36000,7.65000,7.26000,7.44000,542000
1691069400,7.34000,8.01000,7.10000,7.79000,958600
1691155800,7.82000,8.16000,7.61000,7.89000,758500
1691415000,7.88000,8.17000,7.38000,8.03000,1028900
1691501400,7.91000,8.33000,7.60000,8.25000,927700
1691587800,8.35000,8.68000,7.91000,7.94000,1793800
1691674200,8.18000,8.48000,7.01000,7.60000,2107600
1691760600,7.62000,9.67000,7.62000,9.49000,3519500
1692019800,9.47000,10.50000,9.30000,9.77000,2245300
1692106200,9.57000,10.65000,9.55000,10.63000,1482800
1692192600,10.65000,11.55000,10.31000,11.00000,2182400
1692279000,11.20000,12.61000,10.95000,11.74000,2471100
1692365400,11.50000,11.59000,10.73000,11.29000,1570300
1692624600,11.28000,11.39000,10.31000,10.47000,1011600
1692711000,10.50000,10.80000,10.07000,10.49000,843700
1692797400,10.50000,11.78000,10.37000,11.78000,1446600
1692883800,13.39000,13.78000,12.12000,12.18000,2675400
1692970200,12.21000,13.35000,12.01000,12.99000,1914900
1693229400,13.05000,13.25000,12.01000,12.01000,1280800
1693315800,11.73000,12.27000,11.46000,11.86000,944300
1693402200,11.80000,11.94000,11.43000,11.67000,948800
1693488600,11.70000,12.51000,11.38000,12.37000,916100
1693575000,12.39000,12.39000,11.64000,11.77000,782100
1693920600,11.77000,11.79000,10.89000,11.20000,1033000
1694007000,11.23000,11.31000,10.76000,11.00000,547100
1694093400,10.91000,11.68000,10.58000,11.50000,1621900
1694179800,11.40000,12.48000,11.37000,12.04000,1561300
1694439000,12.27000,12.91000,11.95000,12.45000,1469500
1694525400,12.48000,12.62000,11.51000,11.55000,996500
1694611800,11.61000,12.12000,11.15000,11.30000,899800
1694698200,11.42000,12.33000,11.31000,12.10000,906400
1694784600,12.25000,12.95000,11.63000,11.82000,1719100
1695043800,11.92000,13.23000,11.82000,13.02000,1871000
1695130200,13.08000,13.20000,12.21000,12.25000,991100
1695216600,12.37000,12.94000,11.96000,12.00000,694900
1695303000,11.78000,11.88000,11.18000,11.30000,742300
1695389400,11.38000,11.87000,11.27000,11.71000,523200
1695648600,11.60000,12.42000,11.36000,12.41000,570900
1695735000,12.25000,12.98000,12.18000,12.70000,985000
1695821400,12.90000,13.79000,12.60000,12.82000,1456400
1695907800,12.84000,13.48000,12.64000,13.36000,694600
1695994200,13.69000,15.78000,13.66000,15.32000,3726400
1696253400,15.46000,16.25000,15.05000,15.75000,2432400
1696339800,15.73000,15.88000,14.13000,14.19000,1734400
1696426200,14.24000,14.58000,13.33000,14.12000,1227400
1696512600,14.11000,14.91000,13.82000,14.53000,777600
1696599000,14.43000,14.99000,14.21000,14.59000,806200
1696858200,14.40000,15.33000,14.10000,15.20000,786500
1696944600,15.18000,15.18000,9.73000,9.88000,8067600
1697031000,9.82000,10.47000,9.40000,9.98000,2670000
1697117400,9.99000,11.12000,9.99000,10.94000,2128600
1697203800,11.86000,13.09000,11.29000,12.71000,3239000
1697463000,12.82000,13.93000,12.62000,12.84000,2358900
1697549400,12.99000,13.50000,12.33000,12.71000,1428700
1697635800,12.69000,13.15000,11.94000,13.12000,1068600
1697722200,13.12000,13.33000,12.45000,12.57000,1026100
1697808600,12.75000,12.98000,12.05000,12.61000,1039500
1698067800,12.29000,12.89000,11.46000,11.48000,1404300
1698154200,12.00000,12.00000,11.44000,11.68000,674700
1698240600,11.46000,11.82000,11.15000,11.41000,631900
1698327000,11.21000,11.75000,10.87000,11.22000,861500
1698413400,12.00000,12.31000,11.52000,11.77000,974100
1698672600,11.82000,12.70000,11.82000,12.27000,623100
1698759000,12.16000,12.84000,11.95000,12.79000,683600
1698845400,12.89000,13.36000,12.64000,13.00000,578400
1698931800,13.34000,13.96000,13.30000,13.61000,773100
1699018200,13.75000,14.50000,13.75000,14.49000,987600
1699281000,14.51000,14.96000,14.33000,14.91000,1090800
1699367400,14.92000,15.53000,14.65000,14.90000,944600
1699453800,15.08000,15.08000,13.72000,13.92000,1002800
1699540200,14.27000,14.27000,13.34000,13.54000,2171300
1699626600,9.84000,9.92000,8.08000,8.82000,8057200
1699885800,8.70000,9.74000,8.52000,9.65000,2410900
1699972200,9.96000,10.03000,9.18000,9.61000,1713800
1700058600,9.83000,10.46000,9.57000,10.03000,2014600
1700145000,9.85000,9.85000,9.02000,9.35000,1770600
1700231400,9.39000,9.75000,9.22000,9.54000,879100
1700490600,9.56000,10.18000,9.54000,9.72000,1084500
1700577000,10.39000,10.53000,9.76000,9.95000,1423800
1700663400,9.99000,10.51000,9.99000,10.08000,978400
1700836200,10.22000,10.80000,9.97000,10.52000,682900
1701095400,10.58000,10.78000,10.47000,10.65000,1056700
1701181800,10.70000,11.65000,10.70000,10.92000,1495600
1701268200,11.02000,11.20000,10.72000,11.05000,911500
1701354600,11.07000,11.40000,10.83000,11.31000,1175900
1701441000,11.44000,12.21000,11.08000,11.90000,1588700
1701700200,11.78000,12.37000,11.71000,11.98000,1042500
1701786600,11.94000,12.31000,11.85000,11.97000,685100
1701873000,12.05000,12.18000,11.51000,11.63000,507200
1701959400,11.87000,11.89000,11.44000,11.49000,456200
1702045800,11.39000,11.70000,11.22000,11.31000,711500
1702305000,11.35000,11.80000,11.27000,11.55000,508500
1702391400,11.48000,11.49000,11.11000,11.40000,440100
1702477800,11.30000,11.62000,11.02000,11.61000,657400
1702564200,11.80000,11.94000,11.25000,11.61000,1216400
1702650600,11.72000,11.72000,11.20000,11.41000,910200
1702909800,11.34000,11.37000,10.97000,11.04000,554900
1702996200,10.99000,12.13000,10.99000,11.93000,1191700
1703082600,12.00000,12.25000,11.68000,11.68000,431200
1703169000,11.81000,12.74000,11.71000,12.74000,855600
1703255400,12.75000,12.85000,12.10000,12.11000,640400
1703601000,12.12000,12.48000,11.90000,12.43000,542600
1703687400,12.51000,12.60000,12.23000,12.42000,484000
1703773800,12.41000,13.19000,12.20000,12.90000,1079700
1703860200,12.75000,13.21000,12.57000,12.84000,1012000
1704205800,12.57000,12.74000,12.17000,12.19000,596500
1704292200,12.08000,12.86000,11.96000,12.65000,921700
1704378600,12.77000,13.13000,12.59000,12.64000,644500
1704465000,12.55000,13.64000,12.36000,13.52000,861900
1704724200,13.30000,13.83000,13.00000,13.66000,900700
1704810600,13.57000,13.90000,13.42000,13.59000,418100
1704897000,13.55000,13.56000,12.89000,13.13000,547500
1704983400,13.22000,13.22000,12.60000,12.77000,569300
1705069800,13.35000,14.17000,13.10000,13.38000,2149100
1705415400,13.25000,13.35000,12.01000,12.17000,1523500
1705501800,12.00000,12.28000,11.34000,11.78000,1506200
1705588200,11.51000,12.50000,11.51000,11.82000,1061700
1705674600,11.86000,12.26000,11.50000,11.73000,1068400
1705933800,12.26000,12.28000,11.37000,11.56000,1373300
1706020200,11.47000,12.05000,11.47000,11.64000,762300
1706106600,11.98000,12.47000,11.71000,11.93000,916400
1706193000,12.02000,13.16000,12.02000,13.01000,1146300
1706279400,13.10000,13.65000,13.04000,13.58000,856000
1706538600,13.60000,14.43000,13.53000,14.30000,1219300
1706625000,14.24000,14.38000,13.63000,13.76000,556600
1706711400,13.55000,14.08000,13.26000,13.66000,601700
1706797800,13.68000,14.24000,13.53000,14.04000,610400
1706884200,13.98000,14.28000,13.73000,14.03000,462300
1707143400,13.91000,14.55000,13.53000,14.24000,616200
1707229800,14.20000,15.54000,13.63000,15.52000,1508700
1707316200,15.52000,16.11000,15.33000,16.03000,1158400
1707402600,16.15000,16.75000,15.90000,16.55000,881700
1707489000,16.68000,16.68000,15.85000,16.04000,717200
1707748200,15.89000,16.98000,15.63000,16.94000,1148700
1707834600,16.42000,16.65000,15.79000,16.33000,679100
1707921000,16.46000,17.00000,16.29000,16.73000,587800
1708007400,17.05000,18.18000,16.93000,17.99000,1369600
1708093800,17.86000,18.35000,17.47000,18.22000,717900
1708439400,18.08000,18.12000,17.60000,18.03000,550400
1708525800,17.97000,18.11000,17.50000,17.70000,505100
1708612200,17.99000,18.37000,17.58000,17.92000,442900
1708698600,18.10000,18.26000,17.57000,17.81000,429900
1708957800,17.84000,18.80000,17.57000,18.51000,657200
1709044200,18.59000,19.00000,18.11000,18.34000,541000
1709130600,18.30000,18.40000,17.76000,18.37000,465700
1709217000,18.50000,18.91000,18.25000,18.51000,422800
1709303400,18.84000,18.99000,18.25000,18.92000,474000
1709562600,18.95000,19.52000,18.03000,18.22000,767800
1709649000,17.75000,19.10000,17.72000,18.55000,504600
1709735400,18.95000,18.95000,18.07000,18.18000,649000
1709821800,18.14000,19.11000,18.13000,18.61000,522800
1709908200,18.60000,19.43000,18.60000,18.98000,678800
1710163800,18.98000,18.98000,17.25000,17.56000,1195700
1710250200,17.56000,18.69000,17.38000,18.58000,918200
1710336600,18.50000,19.56000,17.94000,18.09000,1119300
1710423000,17.90000,18.74000,17.85000,18.17000,1515900
1710509400,16.18000,17.13000,12.31000,12.59000,9844800
1710768600,12.80000,14.44000,11.83000,14.36000,5490300
1710855000,14.18000,15.44000,13.82000,15.40000,2866900
1710941400,15.37000,15.38000,14.64000,14.92000,1264500
1711027800,14.88000,15.58000,14.55000,15.02000,1215300
1711114200,14.93000,14.94000,14.27000,14.41000,752500
1711373400,14.54000,14.58000,13.07000,13.11000,1363500
1711459800,13.17000,13.54000,12.67000,12.91000,1674500
1711546200,13.05000,13.13000,12.63000,12.82000,1065100
1711632600,12.73000,13.81000,12.73000,13.34000,1660400
1711978200,13.46000,13.73000,12.69000,12.71000,1046000
1712064600,12.45000,12.45000,11.56000,11.65000,1926200
1712151000,11.84000,11.86000,11.35000,11.48000,1910400
1712237400,11.80000,12.14000,11.19000,11.26000,1396500
1712323800,11.22000,11.59000,11.04000,11.19000,745100
1712583000,11.12000,11.58000,11.07000,11.14000,1049900
1712669400,11.22000,11.54000,11.05000,11.25000,925800
1712755800,11.05000,11.46000,10.86000,11.10000,1043700
1712842200,11.28000,11.30000,10.67000,10.70000,1277900
1712928600,10.73000,10.80000,10.10000,10.37000,1422900
1713187800,10.26000,10.32000,9.84000,10.00000,1424700
1713274200,10.36000,10.97000,10.00000,10.81000,1753700
1713360600,10.82000,11.25000,9.72000,9.77000,1969500
1713447000,9.78000,10.20000,9.64000,9.71000,997100
1713533400,9.80000,9.90000,9.40000,9.51000,1369700
1713792600,9.50000,9.76000,9.26000,9.58000,1259700
1713879000,9.79000,11.15000,9.73000,10.54000,1851800
1713965400,10.59000,11.07000,10.41000,10.60000,1122700
1714051800,10.47000,11.58000,10.17000,11.47000,1456600
1714138200,11.42000,11.92000,11.23000,11.67000,909100
1714397400,11.60000,11.82000,11.46000,11.65000,1236700
1714483800,11.58000,11.87000,11.40000,11.56000,985900
1714570200,11.64000,11.64000,10.93000,11.12000,953700
1714656600,11.41000,11.44000,11.00000,11.28000,667000
1714743000,11.59000,11.66000,11.03000,11.22000,730900
1715002200,11.23000,11.38000,10.87000,10.97000,907200
1715088600,10.98000,11.49000,10.87000,10.94000,1046800
1715175000,10.88000,10.97000,10.55000,10.73000,987900
1715261400,11.03000,11.03000,10.09000,10.50000,2205000
1715347800,11.80000,14.00000,11.80000,12.97000,6093200
1715607000,13.18000,15.41000,12.73000,15.11000,3465700
1715693400,15.51000,17.42000,15.50000,16.89000,3734500
1715779800,16.95000,17.57000,16.59000,16.64000,1737400
1715866200,16.64000,16.90000,16.04000,16.40000,1095000
1715952600,16.40000,16.99000,16.02000,16.79000,1249900
1716211800,16.72000,17.47000,16.50000,17.05000,1389300
1716298200,16.87000,17.37000,16.53000,16.83000,1460700
1716384600,16.66000,17.11000,16.17000,16.51000,1111400
1716471000,16.60000,16.74000,16.03000,16.35000,927200
1716557400,16.49000,16.63000,16.10000,16.44000,653200
1716903000,16.51000,17.22000,15.28000,15.72000,1575200
1716989400,15.31000,15.47000,14.99000,15.00000,1096800
1717075800,15.20000,16.05000,15.17000,15.84000,822300
1717162200,15.88000,16.18000,15.71000,15.83000,957300
1717421400,16.28000,16.43000,15.53000,15.68000,800100
1717507800,15.53000,15.65000,14.73000,15.03000,732200
1717594200,15.11000,15.31000,14.35000,14.44000,776500
1717680600,14.38000,14.70000,14.16000,14.40000,743200
1717767000,14.16000,14.48000,14.08000,14.18000,424300
1718026200,14.31000,14.63000,14.04000,14.32000,920700
1718112600,14.32000,15.92000,14.31000,15.76000,1148000
1718199000,16.08000,16.76000,15.73000,16.36000,1041200
1718285400,16.29000,16.33000,15.68000,15.72000,845500
1718371800,15.50000,15.58000,14.71000,14.87000,889200
1718631000,14.72000,15.28000,14.61000,15.28000,573900
1718717400,15.25000,15.54000,14.90000,14.92000,512000
1718890200,15.00000,15.06000,14.46000,14.65000,605600
1718976600,14.51000,14.87000,14.23000,14.85000,828600
1719235800,14.67000,15.01000,14.29000,14.39000,546300
1719322200,14.32000,14.60000,14.19000,14.25000,620900
1719408600,14.21000,15.00000,14.06000,14.89000,738800
1719495000,14.82000,15.11000,14.28000,15.04000,826800
1719581400,15.17000,15.45000,14.69000,15.30000,3856400
1719840600,15.27000,15.65000,15.18000,15.49000,761600
1719927000,15.46000,15.58000,14.88000,15.19000,510200
1720013400,15.34000,15.47000,15.10000,15.24000,326700
1720186200,15.23000,15.38000,14.17000,14.41000,1279500
1720445400,14.49000,15.15000,14.43000,14.55000,780800
1720531800,14.49000,14.50000,13.16000,13.83000,1370200
1720618200,14.20000,14.97000,13.92000,14.58000,1666700
1720704600,14.77000,15.31000,14.46000,15.28000,925300
1720791000,15.46000,17.36000,15.35000,16.65000,2884100
1721050200,16.58000,17.33000,16.34000,16.68000,1323000
1721136600,16.92000,18.24000,16.92000,17.98000,1606500
1721223000,17.68000,17.91000,16.68000,17.35000,1106200
1721309400,17.12000,18.17000,16.75000,16.94000,935100
1721395800,16.81000,17.30000,16.72000,16.74000,551200
1721655000,16.98000,17.60000,16.74000,17.39000,861400
1721741400,17.31000,18.13000,17.31000,18.08000,743200
1721827800,17.77000,17.91000,17.11000,17.28000,730500
1721914200,17.21000,18.16000,16.95000,17.46000,1120000
1722000600,17.80000,18.07000,17.23000,17.99000,961400
1722259800,18.15000,18.47000,16.97000,17.12000,1465300
1722346200,17.20000,17.39000,15.53000,15.71000,2582200
1722432600,14.77000,15.47000,13.07000,13.32000,4442000
1722519000,13.42000,13.45000,12.02000,12.23000,2717200
1722605400,11.63000,11.99000,11.25000,11.55000,2580800
1722864600,10.70000,11.72000,10.37000,11.41000,1993600
1722951000,11.60000,11.82000,11.05000,11.45000,1049700
1723037400,11.68000,11.68000,10.64000,10.66000,1665600
1723123800,10.69000,10.99000,10.23000,10.34000,1258800
1723210200,10.47000,11.05000,10.47000,10.63000,1157000
1723469400,11.18000,12.20000,10.89000,12.12000,1913400
1723555800,12.12000,13.05000,11.91000,12.92000,1999100
1723642200,12.99000,12.99000,12.04000,12.26000,1262700
1723728600,12.83000,13.81000,12.75000,13.72000,1492500
1723815000,13.61000,14.25000,13.58000,13.70000,839300
1724074200,13.73000,13.99000,13.29000,13.70000,924300
1724160600,13.69000,13.98000,13.38000,13.60000,590800
1724247000,13.75000,13.96000,13.51000,13.63000,475000
1724333400,13.64000,13.75000,13.10000,13.13000,870500
1724419800,13.47000,14.02000,13.40000,13.72000,878200
1724679000,13.81000,13.90000,13.33000,13.85000,798300
1724765400,13.75000,13.92000,13.19000,13.73000,887000
1724851800,13.57000,13.73000,13.09000,13.32000,692700
1724938200,13.56000,13.94000,13.40000,13.88000,661700
1725024600,14.02000,14.06000,13.67000,13.87000,539900
1725370200,13.72000,13.77000,12.87000,12.87000,684100
1725456600,12.74000,13.28000,12.37000,12.41000,985500
1725543000,12.35000,12.73000,11.68000,11.70000,1096900
1725629400,11.56000,11.82000,10.87000,10.94000,1398000
1725888600,10.98000,11.46000,10.86000,11.05000,1033500
1725975000,11.19000,11.38000,10.55000,10.94000,1109300
1726061400,10.77000,11.16000,10.60000,10.83000,910200
1726147800,11.11000,11.31000,10.71000,10.95000,1256900
1726234200,11.24000,11.93000,11.15000,11.50000,2297900
1726493400,11.49000,12.02000,11.39000,11.86000,1260800
1726579800,12.20000,12.78000,12.04000,12.40000,1585100
1726666200,12.36000,12.63000,11.72000,11.78000,1199200
1726752600,12.19000,12.25000,11.68000,11.75000,772100
1726839000,11.66000,11.82000,10.73000,10.85000,1644900
1727098200,10.88000,11.25000,10.68000,10.68000,1366400
1727184600,10.83000,10.86000,10.43000,10.51000,1219900
1727271000,10.51000,10.54000,10.00000,10.08000,1550600
1727357400,10.28000,10.37000,10.03000,10.19000,1155300
1727443800,10.27000,10.44000,9.86000,9.96000,1669600
1727703000,9.90000,10.06000,9.69000,9.78000,2351200
1727789400,9.74000,9.85000,9.15000,9.47000,1391900
1727875800,9.45000,9.82000,9.31000,9.60000,1247100
1727962200,9.40000,9.58000,8.96000,9.09000,1565400
1728048600,9.24000,9.87000,9.23000,9.72000,1391600
1728307800,9.76000,10.75000,9.61000,10.63000,2786000
1728394200,10.50000,10.77000,10.22000,10.27000,1056900
1728480600,10.22000,10.56000,10.14000,10.34000,791400
1728567000,10.36000,10.58000,10.09000,10.56000,763400
1728653400,10.51000,11.07000,10.48000,10.67000,1154200
1728912600,10.65000,10.67000,9.65000,9.70000,1881200
1728999000,9.70000,10.88000,9.62000,10.76000,2221900
1729085400,10.95000,11.28000,10.60000,11.26000,1577600
1729171800,11.36000,11.41000,10.95000,11.07000,1062600
1729258200,11.18000,11.30000,10.55000,10.66000,706200
1729517400,10.61000,10.61000,9.94000,10.18000,1122000
1729603800,10.14000,10.45000,9.92000,9.93000,800400
1729690200,9.85000,9.90000,9.65000,9.73000,830200
1729776600,9.86000,10.40000,9.76000,10.13000,984600
1729863000,10.40000,10.58000,10.12000,10.25000,761500
1730122200,10.47000,10.79000,10.21000,10.27000,1075700
1730208600,10.27000,10.55000,10.12000,10.55000,730800
1730295000,10.50000,10.95000,10.41000,10.83000,971900
1730381400,10.82000,10.89000,10.25000,10.26000,1087700
1730467800,10.39000,10.80000,10.31000,10.33000,925000
1730730600,10.20000,10.68000,10.05000,10.67000,780900
1730817000,10.70000,10.86000,10.50000,10.72000,560500
1730903400,10.81000,11.11000,10.37000,10.72000,1006200
1730989800,10.75000,11.17000,10.51000,10.90000,843500
1731076200,10.85000,11.10000,10.56000,10.96000,1073900
1731335400,11.10000,11.80000,11.02000,11.76000,1907300
1731421800,11.49000,11.83000,11.17000,11.32000,4156100
1731508200,8.75000,8.91000,7.75000,8.26000,8159500
1731594600,8.29000,8.80000,8.12000,8.31000,2271300
1731681000,8.29000,8.36000,7.88000,8.12000,1852500
1731940200,8.02000,8.80000,7.86000,8.72000,1991700
1732026600,8.70000,9.09000,8.47000,8.88000,1333200
1732113000,8.82000,8.92000,8.35000,8.50000,1248300
1732199400,8.53000,9.39000,8.42000,9.20000,1697000
1732285800,9.20000,9.66000,9.16000,9.32000,1811200
1732545000,9.53000,9.92000,9.44000,9.53000,1567000
1732631400,9.26000,9.47000,9.01000,9.14000,1365900
1732717800,9.24000,9.43000,9.11000,9.36000,667200
1732890600,9.39000,9.54000,9.31000,9.38000,401500
1733149800,9.33000,9.58000,9.06000,9.55000,732500
1733236200,9.54000,9.59000,9.22000,9.51000,592200
1733322600,9.52000,11.38000,9.45000,11.27000,3882100
1733409000,11.25000,12.08000,11.10000,11.61000,2561500
1733495400,11.82000,13.10000,11.60000,12.95000,2995800
1733754600,13.10000,13.10000,12.06000,12.31000,1866700
1733841000,12.48000,12.65000,11.26000,12.47000,2576800
1733927400,12.71000,13.19000,12.42000,12.51000,1401900
1734013800,12.29000,12.69000,11.83000,11.85000,1465700
1734100200,11.96000,12.06000,11.20000,11.48000,1476700
1734359400,11.52000,11.74000,11.27000,11.32000,894800
1734445800,11.23000,11.73000,11.23000,11.48000,858900
1734532200,11.59000,11.74000,10.66000,10.82000,1074000
1734618600,11.01000,11.09000,10.33000,10.34000,975200
1734705000,10.16000,10.92000,10.02000,10.40000,2198100
1734964200,10.36000,11.29000,10.17000,11.25000,1121700
1735050600,11.43000,12.10000,11.36000,12.10000,802600
1735223400,11.88000,12.08000,11.43000,12.01000,1168500
1735309800,12.00000,12.12000,11.53000,11.93000,865200
1735569000,11.65000,12.36000,11.45000,12.08000,1142700
1735655400,12.21000,12.33000,11.90000,12.15000,953600
1735828200,12.19000,12.42000,11.77000,12.00000,713400
1735914600,12.07000,12.31000,11.81000,12.06000,554700
1736173800,12.31000,12.53000,11.98000,12.29000,690200
1736260200,12.43000,12.75000,12.09000,12.69000,1320300
1736346600,12.46000,12.74000,12.14000,12.22000,1132200
1736519400,12.00000,12.34000,11.66000,12.16000,1028100
1736778600,11.82000,11.99000,11.40000,11.51000,1005800
1736865000,11.76000,11.93000,10.95000,10.97000,961800
1736951400,11.47000,11.47000,10.66000,10.86000,1222200
1737037800,10.92000,11.17000,10.54000,10.94000,773300
1737124200,11.19000,11.26000,10.53000,10.65000,840700
1737469800,10.75000,10.89000,10.55000,10.79000,790700
1737556200,10.84000,10.85000,10.29000,10.35000,875300
1737642600,10.15000,10.60000,10.15000,10.56000,789800
1737729000,10.55000,10.68000,10.34000,10.61000,521700
1737988200,10.53000,10.63000,10.30000,10.50000,640700
1738074600,10.52000,10.85000,10.27000,10.63000,518600
1738161000,10.65000,10.93000,10.54000,10.56000,559300
1738247400,10.61000,10.77000,10.47000,10.50000,477400
1738333800,10.57000,10.71000,10.37000,10.47000,697700
1738593000,10.14000,10.58000,10.08000,10.43000,638000
1738679400,10.31000,11.58000,10.31000,11.32000,1511700
1738765800,11.31000,11.83000,11.24000,11.59000,986200
1738852200,11.69000,11.96000,11.25000,11.75000,578700
1738938600,11.75000,11.95000,11.57000,11.75000,603500
1739197800,11.91000,11.93000,11.44000,11.76000,569900
1739284200,11.65000,11.87000,11.59000,11.73000,533100
1739370600,11.61000,11.99000,11.30000,11.92000,719100
1739457000,11.94000,12.78000,11.69000,12.73000,1289800
1739543400,12.82000,12.89000,12.45000,12.83000,849400
1739889000,12.95000,13.60000,12.94000,13.43000,1216200
1739975400,13.19000,13.82000,13.19000,13.60000,1151800
1740061800,13.53000,13.56000,12.76000,12.98000,1026300
1740148200,13.13000,13.13000,12.36000,12.38000,935900
1740407400,12.39000,12.39000,11.60000,11.93000,891100
1740493800,11.83000,11.94000,11.52000,11.80000,935100
1740580200,11.85000,11.99000,11.55000,11.66000,664200
1740666600,11.68000,11.68000,10.91000,10.99000,916700
1740753000,10.80000,11.14000,10.60000,11.12000,1287100
1741012200,11.30000,11.33000,10.37000,10.43000,802600
1741098600,10.20000,10.52000,9.60000,10.26000,911100
1741185000,10.35000,10.66000,10.02000,10.65000,931000
1741271400,10.44000,10.84000,10.16000,10.33000,623600
1741357800,10.33000,10.68000,10.12000,10.54000,877600
1741613400,10.28000,10.37000,9.52000,9.83000,1092700
1741699800,9.90000,9.98000,9.21000,9.77000,2821900
1741786200,12.25000,14.14000,12.09000,13.98000,11165000
1741872600,13.92000,14.88000,13.42000,14.86000,4367000
1741959000,14.97000,15.10000,14.49000,14.85000,2584800
1742218200,15.00000,16.23000,14.61000,15.98000,2932300
1742304600,15.67000,16.66000,15.51000,15.93000,2187000
1742391000,16.01000,16.92000,15.86000,16.79000,1748500
1742477400,16.57000,16.87000,16.05000,16.52000,1660400
1742563800,16.35000,17.33000,16.22000,17.09000,1826200
1742823000,17.40000,18.34000,17.24000,17.99000,2289400
1742909400,17.89000,18.50000,17.83000,18.24000,1730400
1742995800,18.25000,18.60000,17.88000,18.19000,1412100
1743082200,18.21000,18.97000,18.06000,18.83000,1653100
1743168600,18.74000,18.99000,18.43000,18.82000,1439300
1743427800,18.32000,19.17000,18.32000,18.77000,1920400
1743514200,18.74000,18.95000,17.94000,18.53000,1352100
1743600600,18.29000,18.94000,18.21000,18.60000,1052500
1743687000,17.85000,18.44000,17.63000,18.16000,1076300
1743773400,17.51000,17.80000,16.35000,16.99000,1820700
1744032600,16.31000,18.18000,15.84000,16.80000,1693200
1744119000,17.60000,18.02000,16.49000,16.80000,1224800
1744205400,16.73000,18.24000,16.04000,17.60000,1698500
1744291800,17.21000,18.20000,17.11000,17.91000,1406900
1744378200,17.88000,19.25000,17.75000,19.05000,2175900
1744637400,19.57000,19.78000,18.60000,18.94000,1892300
1744723800,18.89000,19.69000,18.60000,19.00000,1372700
1744810200,18.96000,19.85000,18.82000,18.96000,1418900
1744896600,19.16000,19.33000,18.72000,18.99000,1205500
1745242200,19.00000,19.14000,18.36000,18.78000,1111600
1745328600,19.03000,19.60000,18.37000,18.45000,1553400
1745415000,18.80000,19.40000,18.62000,18.71000,1046500
1745501400,18.72000,19.98000,18.50000,19.64000,2181700
1745587800,19.75000,20.22000,19.03000,19.89000,2217200
1745847000,19.94000,19.95000,16.25000,18.10000,5686700
1745933400,18.26000,18.61000,17.70000,18.10000,1328300
1746019800,17.59000,18.24000,17.07000,18.21000,1316400
1746106200,18.38000,18.49000,17.90000,18.37000,844800
1746192600,18.50000,18.71000,17.75000,17.82000,973100
1746451800,17.58000,17.68000,16.74000,16.78000,1781500
1746538200,16.60000,17.12000,16.42000,16.92000,1398100
1746624600,17.04000,17.30000,16.85000,16.98000,1624600
1746711000,18.70000,24.36000,18.70000,24.21000,8274100
1746797400,24.60000,25.35000,23.61000,24.99000,3545400
1747056600,25.70000,26.40000,25.00000,26.04000,2162500
1747143000,26.05000,26.74000,25.73000,26.45000,1815800
1747229400,26.50000,26.90000,25.15000,25.22000,2244700
1747315800,25.00000,26.31000,24.85000,26.06000,1387700
1747402200,26.02000,26.49000,25.60000,26.00000,1192300
1747661400,25.51000,26.62000,25.37000,26.48000,904500
1747747800,26.50000,26.75000,26.16000,26.57000,697500
1747834200,26.34000,26.68000,25.67000,26.17000,1132800
1747920600,26.04000,26.79000,25.65000,26.67000,955000
1748007000,26.41000,27.87000,26.34000,26.75000,1318400
1748352600,26.87000,28.48000,26.87000,28.42000,1280100
1748439000,28.52000,29.49000,28.22000,28.91000,1108500
1748525400,28.95000,29.93000,28.66000,29.45000,1153200
1748611800,28.42000,29.32000,28.25000,29.13000,1298700
1748871000,29.50000,32.45000,29.39000,32.38000,2778300
1748957400,32.34000,32.97000,31.34000,32.44000,1655000
1749043800,32.73000,33.05000,32.01000,32.53000,824800
1749130200,32.53000,32.83000,31.62000,31.97000,769500
1749216600,32.63000,32.97000,31.90000,32.94000,1016400
1749475800,33.03000,33.52000,29.46000,31.33000,3759500
1749562200,31.50000,32.64000,30.98000,32.61000,1238100
1749648600,32.97000,33.16000,32.39000,32.66000,1193300
1749735000,32.67000,33.14000,32.22000,32.33000,895300
1749821400,32.05000,34.33000,31.75000,33.89000,1710300
1750080600,34.30000,35.87000,33.89000,35.40000,1514800
1750167000,34.97000,36.42000,34.50000,36.03000,1207900
1750253400,35.88000,37.11000,35.23000,37.03000,1721900
1750426200,37.81000,41.26000,36.32000,36.44000,4012900
1750685400,36.00000,37.33000,34.68000,36.93000,2170700
1750771800,37.19000,37.28000,35.63000,36.10000,1221400
1750858200,36.11000,36.79000,34.56000,35.74000,1431200
1750944600,35.55000,36.15000,33.13000,33.91000,2167600
1751031000,34.05000,34.72000,33.48000,34.45000,1452300
1751290200,34.51000,34.64000,32.85000,33.45000,1271900
1751376600,33.43000,35.25000,33.34000,34.29000,961800
1751463000,34.23000,35.42000,33.61000,35.06000,916900
1751549400,35.49000,36.32000,35.46000,35.78000,505900
1751895000,35.23000,37.15000,35.23000,36.71000,1269900
1751981400,36.75000,37.58000,36.71000,37.37000,832100
1752067800,37.61000,38.23000,36.50000,36.53000,1174200
1752154200,36.38000,36.64000,35.37000,35.44000,1265300
1752240600,35.48000,35.95000,33.56000,33.63000,800300
1752499800,33.82000,34.50000,33.34000,33.90000,649900
1752586200,34.06000,34.18000,32.53000,32.75000,780400
1752672600,33.02000,33.04000,32.15000,32.81000,633000
1752759000,32.89000,34.26000,32.71000,33.49000,789200
1752845400,33.80000,33.94000,32.18000,32.43000,850700
1753104600,32.60000,34.42000,32.30000,34.33000,1179600
1753191000,34.87000,35.51000,33.12000,34.20000,1419400
1753277400,34.48000,34.60000,32.58000,34.24000,1111100
1753363800,34.15000,34.24000,32.40000,33.21000,751400
1753450200,33.15000,33.58000,32.39000,32.95000,749400
1753709400,33.05000,33.55000,32.00000,32.97000,1246200
1753795800,33.10000,33.41000,31.34000,31.43000,1162200
1753882200,31.62000,31.83000,30.95000,31.72000,1245100
1753968600,31.94000,31.98000,30.40000,30.84000,1294400
1754055000,30.13000,30.13000,28.52000,29.06000,2078800
1754314200,29.25000,30.98000,29.24000,30.97000,1101500
1754400600,31.11000,31.50000,29.78000,30.44000,1452800
1754487000,30.58000,31.59000,30.04000,30.67000,1814800
1754573400,39.00000,43.08000,35.83000,36.89000,4221700
1754659800,36.72000,37.06000,32.67000,32.98000,2428900
1754919000,32.88000,35.18000,31.40000,31.67000,2350400
1755005400,31.67000,31.96000,30.20000,30.34000,1583100
1755091800,30.48000,31.21000,29.67000,30.34000,1543700
1755178200,30.02000,30.26000,29.26000,29.35000,936000
1755264600,29.54000,29.90000,28.33000,28.50000,1202900
1755523800,28.26000,29.42000,28.12000,29.41000,1034900
1755610200,29.52000,29.52000,27.75000,27.78000,1223500
1755696600,27.66000,27.89000,26.88000,27.50000,1925800
1755783000,27.21000,27.40000,26.25000,27.14000,1641700
1755869400,27.14000,27.79000,26.66000,26.69000,1754200
1756128600,26.50000,26.66000,26.04000,26.16000,752800
1756215000,26.19000,26.57000,25.84000,26.25000,767300
1756301400,26.20000,26.51000,25.93000,26.25000,668700
1756387800,26.42000,27.05000,26.38000,26.39000,1199900
1756474200,26.40000,26.55000,25.99000,26.10000,1118000
1756819800,25.86000,26.08000,25.40000,25.84000,1001200
1756906200,25.84000,25.87000,24.28000,24.48000,990500
1756992600,24.56000,24.66000,23.27000,23.30000,1899800
1757079000,23.35000,24.05000,22.65000,24.01000,2022900
1757338200,24.10000,24.10000,22.57000,22.75000,1968400
1757424600,22.89000,23.31000,22.64000,23.00000,1675300
1757511000,22.99000,23.07000,22.40000,22.67000,1330100
1757597400,22.72000,23.54000,22.46000,23.51000,1185800
1757683800,23.23000,23.43000,22.81000,22.83000,1088600
1757943000,23.80000,24.18000,22.12000,22.53000,2139700
1758029400,22.65000,22.73000,22.16000,22.28000,1230200
1758115800,22.18000,22.54000,21.43000,21.91000,1343500
1758202200,22.14000,22.70000,21.77000,22.42000,1519700
1758288600,22.55000,23.16000,22.20000,22.52000,1887800
1758547800,22.32000,22.93000,21.55000,22.79000,1492800
1758634200,22.88000,23.13000,22.11000,22.33000,1049800
1758720600,22.47000,23.20000,21.94000,22.66000,1745200
1758807000,22.35000,22.67000,21.78000,22.56000,1528400
1758893400,22.60000,23.57000,22.22000,22.74000,1357800
1759152600,22.72000,23.34000,22.22000,23.25000,1921100
1759239000,23.01000,23.38000,22.64000,23.35000,1547800
1759325400,23.33000,23.48000,22.29000,22.29000,1159400
1759411800,22.16000,22.58000,21.60000,22.50000,1087800
1759498200,22.66000,23.73000,22.42000,22.96000,1430900
1759757400,23.30000,23.94000,22.54000,22.57000,1239900
1759843800,22.64000,23.16000,21.95000,22.69000,1253300
1759930200,22.74000,22.80000,21.95000,22.12000,1074100
1760016600,22.12000,22.12000,21.51000,21.62000,986200
1760103000,21.62000,22.00000,19.87000,19.94000,2056200
1760362200,20.36000,21.22000,20.11000,21.18000,1248100
1760448600,20.95000,22.30000,20.80000,21.43000,1332200
1760535000,21.39000,21.48000,20.51000,20.81000,1010100
1760621400,21.03000,21.12000,20.24000,20.53000,1030900
1760707800,20.25000,21.10000,20.13000,20.27000,1066900
1760967000,20.61000,21.86000,20.53000,21.20000,1115600
1761053400,21.27000,21.51000,20.88000,21.39000,1039000
1761139800,21.01000,21.81000,20.78000,21.38000,1343000
1761226200,21.38000,21.55000,20.70000,21.21000,923800
1761312600,21.56000,21.70000,20.90000,20.99000,857800
1761571800,21.05000,21.53000,20.82000,20.85000,983600
1761658200,20.63000,20.82000,19.60000,19.99000,1498500
1761744600,19.96000,21.12000,19.96000,20.64000,1542600
1761831000,20.77000,20.77000,19.45000,19.62000,1863900
1761917400,19.62000,20.37000,19.50000,20.13000,1236800
1762180200,20.07000,21.58000,20.07000,21.55000,1938100
1762266600,21.13000,21.13000,18.87000,19.06000,2042300
1762353000,19.38000,20.64000,19.01000,20.47000,1623800
1762439400,20.17000,20.26000,18.73000,18.90000,2341200
1762525800,17.76000,19.40000,17.21000,17.95000,3186000
1762785000,17.75000,19.45000,17.31000,18.87000,2243000
1762871400,18.71000,18.81000,18.00000,18.56000,1200300
1762957800,18.54000,19.57000,18.37000,18.98000,1223600
1763044200,19.02000,19.40000,18.36000,18.51000,1156800
1763130600,18.50000,18.90000,18.21000,18.54000,826700
1763389800,18.43000,18.44000,16.89000,17.05000,1440300
1763476200,16.84000,17.30000,16.74000,16.91000,727700
1763562600,16.82000,17.15000,15.81000,16.00000,1530500
1763649000,16.29000,16.61000,15.34000,15.60000,1400800
1763735400,15.66000,16.44000,15.41000,16.32000,1444900
1763994600,16.44000,16.60000,16.02000,16.07000,1157700
1764081000,16.23000,17.08000,16.23000,16.49000,1242000
1764167400,16.52000,16.98000,16.38000,16.95000,752900
1764340200,16.95000,17.14000,16.70000,16.91000,596000
1764599400,16.71000,17.38000,16.47000,17.04000,892500
1764685800,17.07000,17.80000,17.02000,17.68000,942300
1764772200,17.78000,18.09000,17.40000,17.91000,936000
1764858600,17.90000,18.80000,17.69000,18.52000,1204500
1764945000,18.50000,18.88000,17.68000,17.75000,713400
1765204200,17.93000,17.93000,16.49000,16.53000,909900
1765290600,16.44000,17.01000,16.30000,16.65000,1124900
1765377000,16.55000,17.46000,16.40000,16.91000,888500
1765463400,16.86000,17.00000,16.64000,16.74000,623000
1765549800,16.86000,16.86000,15.99000,16.10000,879000
1765809000,16.05000,16.05000,15.52000,15.57000,1039300
1765895400,15.50000,16.03000,15.50000,15.87000,1419300
1765981800,16.01000,16.80000,15.85000,16.23000,1389200
1766068200,16.65000,16.74000,16.25000,16.48000,735600
1766154600,16.60000,16.75000,16.32000,16.62000,1478100
1766413800,16.66000,17.57000,16.66000,17.46000,940600
1766500200,17.55000,18.17000,17.44000,18.15000,1286700
1766586600,18.23000,18.68000,17.96000,18.17000,926500
1766759400,18.18000,18.48000,17.89000,18.06000,915600
1767018600,17.83000,18.10000,17.43000,17.59000,1277700
1767105000,17.56000,18.14000,17.51000,17.84000,1043100
1767191400,17.71000,17.79000,17.48000,17.61000,960400
1767364200,17.93000,17.93000,17.02000,17.31000,1090600
1767623400,17.42000,17.86000,16.71000,16.74000,1140600
1767709800,17.03000,17.05000,16.30000,16.72000,1174700
1767796200,16.56000,16.90000,16.17000,16.27000,1121200
1767882600,16.18000,16.97000,16.06000,16.61000,990400
1767969000,17.12000,17.30000,16.26000,16.49000,917900
1768228200,16.40000,16.65000,15.90000,16.11000,1075500
1768314600,16.11000,16.28000,15.72000,16.14000,639900
1768401000,16.13000,16.32000,15.74000,16.13000,589900
1768487400,16.21000,16.81000,15.64000,16.69000,1070900
1768573800,16.70000,16.75000,15.73000,16.16000,987900
1768919400,15.98000,16.41000,15.75000,16.23000,794800
1769005800,16.23000,16.44000,15.95000,16.20000,726700
1769092200,16.43000,16.80000,16.14000,16.18000,672400
1769178600,16.20000,16.45000,16.08000,16.20000,675600
1769437800,16.22000,16.47000,16.10000,16.14000,674400
1769524200,16.24000,16.29000,14.92000,15.78000,1704000
1769610600,15.84000,16.02000,15.47000,15.49000,1176900
1769697000,15.51000,15.58000,14.69000,14.76000,1033400
1769783400,14.54000,14.87000,13.99000,14.15000,1383300
1770042600,14.15000,14.72000,14.15000,14.41000,824600
1770129000,14.25000,14.45000,13.26000,13.59000,1071100
1770215400,13.57000,13.66000,12.97000,13.62000,1159100
1770301800,13.54000,13.65000,12.40000,12.60000,1030800
1770388200,12.78000,13.41000,12.68000,13.29000,1094500
1770647400,13.35000,13.42000,12.84000,13.01000,738200
1770733800,12.90000,13.15000,12.52000,12.57000,777300
1770820200,12.63000,12.63000,11.87000,12.01000,799600
1770906600,12.20000,12.41000,11.89000,11.92000,1239100
1770993000,12.05000,12.56000,11.94000,12.48000,963900
1771338600,12.49000,12.60000,12.04000,12.40000,817300
1771425000,12.49000,13.80000,12.38000,13.49000,1489600
1771511400,13.49000,13.49000,12.58000,12.96000,1046000
1771597800,12.65000,13.55000,12.65000,13.06000,807400
1771857000,12.91000,13.00000,11.85000,12.16000,966700
1771943400,12.07000,12.32000,11.95000,12.26000,793900
1772029800,12.29000,12.53000,12.14000,12.35000,510800
1772116200,12.55000,13.00000,12.51000,12.85000,1013300
1772202600,12.80000,12.80000,12.43000,12.62000,1139900
1772461800,12.18000,12.81000,12.18000,12.48000,898300
1772548200,12.17000,12.49000,11.73000,12.27000,679800
1772634600,12.34000,12.58000,12.11000,12.49000,866000
1772721000,12.47000,13.09000,11.98000,12.39000,1036900
1772807400,12.23000,12.40000,11.97000,12.20000,955100
1773063000,12.20000,12.20000,11.63000,12.07000,1598000
1773149400,12.53000,12.80000,11.35000,11.58000,3109300
1773235800,10.99000,12.59000,10.45000,11.08000,3855300
1773322200,10.75000,10.80000,9.63000,9.66000,2700400
1773408600,9.71000,9.75000,9.17000,9.64000,1756700
1773667800,9.55000,10.49000,9.39000,10.29000,2246700
1773754200,10.91000,11.62000,10.70000,10.80000,2909900
1773840600,10.50000,10.94000,10.50000,10.73000,1533400
1773927000,10.57000,11.27000,10.57000,10.98000,1567000
1774013400,10.91000,11.63000,10.78000,11.43000,2308700
1774272600,11.51000,11.73000,11.20000,11.45000,1720400
1774359000,11.21000,11.41000,10.56000,10.60000,1558200
1774445400,10.79000,11.47000,10.27000,11.28000,1735300
1774531800,11.19000,11.59000,11.10000,11.14000,1361500
1774618200,11.12000,11.21000,10.47000,10.47000,1256900
1774877400,10.53000,11.23000,10.41000,10.97000,1331900
1774963800,11.11000,12.05000,11.00000,11.90000,1596100
1775050200,12.07000,12.27000,11.18000,11.19000,1131200
1775136600,10.81000,11.60000,10.76000,11.50000,1074100
1775482200,11.58000,12.22000,11.51000,12.06000,1105200
1775568600,11.91000,12.28000,11.91000,12.03000,1103800
1775655000,12.50000,12.99000,11.90000,11.97000,1114000
1775741400,11.97000,12.18000,11.30000,11.47000,1175200
1775827800,11.52000,11.88000,11.41000,11.86000,1074200
1776087000,11.77000,12.27000,11.68000,12.04000,900200
1776173400,12.20000,12.68000,12.08000,12.59000,1543000
1776259800,12.82000,13.93000,12.67000,12.92000,2004400
1776346200,13.22000,15.55000,13.01000,15.52000,3697800
1776432600,15.57000,15.82000,14.00000,14.21000,4047400
1776691800,14.04000,15.08000,13.95000,14.95000,1770800
1776778200,17.48000,18.69000,15.71000,16.66000,8797300
1776864600,16.97000,17.88000,15.48000,15.93000,3492600
1776951000,15.88000,15.93000,13.35000,14.62000,3363000
1777037400,14.83000,15.01000,14.25000,14.67000,1273600
1777296600,14.30000,15.49000,14.30000,14.96000,1504700
1777383000,14.91000,15.21000,14.25000,14.29000,1282300
1777469400,14.24000,14.35000,13.55000,14.24000,1379000
1777555800,14.14000,14.52000,13.45000,14.21000,1572300
1777642200,14.34000,15.06000,14.23000,14.89000,1400300
1777901400,14.96000,16.49000,14.93000,15.51000,2246800
1777987800,15.87000,16.10000,15.05000,15.08000,1382200
1778074200,15.19000,16.05000,14.95000,15.85000,1597100
1778160600,15.61000,16.08000,15.10000,15.46000,2918400
1778247000,16.00000,19.00000,15.86000,17.78000,6213000
1778506200,17.69000,17.77000,15.76000,16.87000,3211200
1778592600,16.66000,17.61000,16.27000,17.42000,1882100
1778679000,17.35000,18.92000,16.78000,18.38000,2491800
1778765400,18.34000,18.34000,16.90000,17.16000,1793100
1778851800,16.91000,17.79000,16.91000,17.46000,1653900
1779111000,17.39000,18.56000,16.92000,16.93000,1826900
1779197400,17.18000,17.72000,16.59000,17.41000,2001300
1779283800,17.30000,17.53000,16.54000,17.32000,1337700
1779370200,17.05000,18.48000,16.64000,18.22000,1572400
1779456600,18.09000,19.66000,17.92000,18.93000,1694200
1779802200,18.90000,21.17000,17.50000,20.69000,4104300
1779888600,20.69000,22.39000,20.40000,21.46000,2780900
1779975000,21.42000,22.17000,20.74000,21.20000,1630000
1780061400,21.37000,21.37000,19.90000,20.23000,1395100
1780320600,20.00000,20.58000,18.79000,18.91000,2504200
1780407000,18.63000,19.23000,18.40000,18.80000,1253300
1780493400,18.59000,18.59000,16.92000,17.35000,1865100
1780579800,17.61000,19.11000,17.61000,18.53000,1791500
1780666200,18.25000,18.47000,16.32000,16.46000,1725900
1780925400,16.81000,17.29000,15.95000,16.18000,1392700
1781011800,16.33000,16.79000,15.59000,16.61000,1444200
1781098200,16.47000,17.20000,15.84000,16.09000,1482200
1781184600,16.26000,16.95000,15.62000,16.87000,1129300
1781271000,16.94000,17.83000,16.52000,17.01000,1118800
1781530200,17.53000,17.89000,17.30000,17.45000,1028200
1781616600,17.49000,18.20000,17.05000,17.26000,1335300
1781703000,17.21000,17.88000,16.45000,16.56000,929100
1781789400,16.84000,16.89000,15.99000,16.19000,1409000
1782135000,16.04000,17.43000,16.01000,16.90000,1495300
1782221400,16.83000,17.43000,16.69000,16.76000,990200
1782307800,16.72000,18.43000,16.72000,18.32000,1744800
1782394200,18.63000,23.00000,18.58000,22.88000,3900100
1782480600,22.41000,23.57000,21.08000,22.60000,3596500
1782739800,22.63000,24.28000,22.40000,23.60000,2526700
1782826200,23.66000,24.75000,22.61000,24.06000,1870700
1782912600,24.61000,25.99000,24.05000,25.68000,1803500
1782999000,25.80000,25.80000,24.55000,25.58000,1138400
1783344600,25.96000,27.09000,25.58000,26.57000,1772000
1783431000,26.25000,27.99000,26.25000,26.85000,1637100
1783517400,26.50000,26.55000,24.72000,25.53000,1793200
1783603800,25.41000,26.87000,25.09000,26.61000,1128300
1783690200,26.64000,27.14000,26.04000,26.05000,964200
1783949400,25.89000,26.63000,22.62000,23.54000,2687900
1784035800,23.69000,25.81000,23.69000,25.60000,1231600
1784122200,26.05000,26.42000,24.98000,25.98000,689100
1784208600,25.79000,28.59000,25.52000,28.58000,2665300
1784295000,27.77000,28.46000,26.84000,27.83000,1780200
1784554200,28.00000,28.57000,27.33000,27.95000,1345900
1784640600,27.73000,28.30000,25.90000,26.05000,2013700
1784727000,25.95000,28.16000,25.26000,27.92000,1423100
1784813400,27.51000,27.63000,24.75000,25.42000,1190700
1784899800,25.62000,26.49000,25.23000,25.81000,975900
1785159000,26.72000,28.00000,26.02000,27.53000,1715500
1785245400,27.43000,28.67000,26.62000,28.10000,1320000
1785331800,27.81000,29.16000,27.14000,27.22000,1203100
1785418200,27.67000,28.03000,26.66000,27.89000,1200700
1785504600,27.89000,28.23000,27.30000,27.58000,767900
1785763800,28.35000,28.58000,27.48000,27.65000,1281200
1785850200,27.99000,28.74000,27.38000,27.49000,1649100
1785936600,28.32000,29.90000,27.00000,27.29000,1777700
1786023000,26.61000,27.09000,25.06000,25.15000,2298900
1786109400,27.51000,27.70000,24.57000,25.03000,2579100
1786368600,24.29000,24.50000,22.73000,22.95000,2758000
1786455000,22.51000,23.00000,21.11000,21.87000,2307800
1786541400,21.89000,22.64000,21.59000,22.15000,1179200
1786627800,21.74000,22.29000,21.33000,21.98000,888100
1786714200,21.86000,22.18000,21.15000,21.51000,916400
1786973400,21.47000,22.39000,20.16000,20.30000,1421400
1787059800,20.29000,20.73000,20.13000,20.22000,1296100
1787146200,20.44000,20.84000,19.90000,20.35000,963500
1787232600,20.00000,20.04000,18.75000,19.60000,1847500
1787319000,19.77000,20.00000,19.22000,19.59000,1087800
1787578200,19.60000,19.80000,19.12000,19.63000,783000
1787664600,19.81000,20.12000,19.58000,19.59000,962900
1787751000,19.31000,19.52000,18.72000,19.06000,912000
1787837400,19.01000,19.64000,18.83000,19.47000,763000
1787923800,19.42000,19.93000,19.27000,19.53000,649100
