time,open,high,low,close,tick_volume
1472540400,612.00000,625.00000,612.00000,619.00000,1927241
1472626800,618.00000,623.50000,612.14099,614.50000,2837611
1472713200,617.50000,637.50000,615.50000,630.50000,2798462
1472799600,633.50000,646.00000,628.50000,642.50000,2956250
1473058800,643.00000,647.00000,636.50000,640.50000,1037136
1473145200,640.00000,641.50000,631.00000,633.00000,1547128
1473231600,635.50000,640.00000,629.50000,630.50000,2240464
1473318000,629.00000,640.00000,629.00000,637.50000,1350977
1473404400,633.50000,637.65698,624.00000,626.00000,1097292
1473663600,615.00000,619.00000,611.02100,617.50000,1694952
1473750000,622.00000,626.50000,616.00000,616.00000,1297867
1473836400,621.50000,631.50000,616.00000,626.50000,1640581
1473922800,624.00000,634.50000,620.90002,634.50000,2176497
1474009200,634.50000,642.00000,628.50000,631.50000,3316746
1474268400,636.00000,641.59998,636.00000,640.50000,1920180
1474354800,640.50000,649.50000,640.50000,644.00000,1465084
1474441200,651.00000,656.00000,647.90002,649.00000,1870792
1474527600,653.00000,656.00000,650.00000,652.50000,1232731
1474614000,652.00000,653.00000,644.50000,645.00000,1793112
1474873200,645.50000,647.50000,635.50000,639.50000,1437981
1474959600,644.50000,645.00000,630.00000,637.00000,1787070
1475046000,637.00000,644.00000,636.50000,640.50000,1098442
1475132400,641.00000,650.00000,641.00000,650.00000,2107542
1475218800,643.50000,652.00000,634.00000,650.50000,2262248
1475478000,640.50000,657.00000,640.50000,652.00000,2755296
1475564400,657.50000,675.00000,656.00000,670.00000,3314722
1475650800,669.00000,675.50000,663.22601,673.50000,2697864
1475737200,676.50000,679.50000,670.50000,671.00000,1810202
1475823600,676.50000,678.00000,662.50000,675.00000,1778571
1476082800,678.50000,678.50000,669.00000,672.50000,1433351
1476169200,670.50000,673.45801,667.50000,669.00000,1395318
1476255600,669.00000,672.50000,664.50000,666.00000,1607912
1476342000,665.00000,670.00000,656.50000,658.50000,3021564
1476428400,660.00000,665.00000,656.50000,657.00000,3008238
1476687600,658.00000,659.50000,648.50000,650.00000,1374903
1476774000,651.50000,660.00000,649.50000,650.50000,1732700
1476860400,654.50000,657.50000,647.50000,654.50000,1491758
1476946800,657.50000,662.50000,652.00000,662.00000,1715709
1477033200,661.50000,664.50000,658.00000,661.00000,1472158
1477292400,665.50000,668.00000,662.00000,663.50000,1591174
1477378800,667.50000,668.00000,661.50000,664.00000,1307318
1477465200,661.50000,664.59998,650.00000,653.50000,1939913
1477551600,656.00000,662.00000,651.00000,659.50000,2110492
1477638000,658.00000,666.50000,654.50000,665.00000,2206509
1477900800,665.00000,674.50000,665.00000,671.00000,3480793
1477987200,670.50000,673.00000,665.00000,666.50000,1987543
1478073600,661.00000,662.00000,649.00000,654.50000,1535619
1478160000,651.00000,663.50000,650.00000,653.00000,1503695
1478246400,649.00000,652.00000,623.17999,632.00000,2168791
1478505600,642.50000,646.00000,636.00000,640.00000,1934233
1478592000,637.00000,641.50000,635.00000,639.50000,1838442
1478678400,620.00000,655.50000,613.00000,655.50000,2330133
1478764800,663.00000,668.50000,600.50000,604.50000,4119722
1478851200,612.00000,625.50000,600.00000,607.00000,2920738
1479110400,614.00000,618.50000,599.50000,611.00000,2693817
1479196800,611.50000,621.50000,610.00000,621.50000,2509194
1479283200,625.00000,636.50000,624.00000,630.00000,2797726
1479369600,630.00000,644.00000,630.00000,644.00000,2709543
1479456000,641.50000,649.62000,639.00000,646.00000,3357153
1479715200,643.00000,647.50000,640.50000,647.50000,3642778
1479801600,647.00000,657.50000,647.00000,655.50000,2076944
1479888000,653.00000,666.17999,653.00000,665.50000,2850545
1479974400,670.50000,680.50000,669.50000,674.00000,1522813
1480060800,670.50000,678.50000,670.00000,678.50000,1617227
1480320000,679.00000,681.00000,669.50000,675.50000,2828477
1480406400,677.00000,677.00000,667.00000,672.50000,2401491
1480492800,675.00000,689.20697,672.50000,689.00000,5684215
1480579200,688.50000,689.50000,675.00000,683.50000,2475656
1480665600,681.50000,683.00000,672.00000,679.00000,2157558
1480924800,680.00000,688.50000,675.50000,687.00000,1633735
1481011200,683.00000,690.50000,678.50000,690.00000,2161786
1481097600,690.50000,705.00000,690.50000,700.50000,2681184
1481184000,693.50000,701.00000,691.50000,699.00000,2515879
1481270400,695.50000,702.00000,688.00000,693.50000,1701113
1481529600,690.00000,695.47803,672.00000,675.50000,3787642
1481616000,678.00000,695.00000,673.50000,690.00000,1922786
1481702400,685.50000,688.50000,669.50000,679.00000,2569934
1481788800,678.00000,683.00000,672.00000,680.00000,2141085
1481875200,680.00000,681.64001,676.50000,680.00000,2235352
1482134400,680.00000,687.00000,672.50000,686.00000,1594678
1482220800,687.00000,697.50000,683.50000,690.50000,1638511
1482307200,691.00000,698.00000,682.00000,682.00000,2015663
1482393600,682.50000,687.00000,681.82001,687.00000,1272728
1482480000,690.00000,695.00000,686.50000,695.00000,350476
1482912000,695.00000,697.00000,692.00000,695.50000,996108
1482998400,692.50000,696.50000,691.50000,696.50000,798127
1483084800,696.00000,704.00000,694.50000,704.00000,838981
1483430400,709.00000,714.42499,707.00000,712.00000,2006767
1483516800,713.00000,719.00000,710.50000,717.00000,1963742
1483603200,715.50000,724.39398,715.50000,722.50000,1698874
1483689600,718.50000,726.00000,718.50000,723.50000,2003358
1483948800,724.50000,729.50000,721.50000,725.50000,1876628
1484035200,720.00000,725.00000,708.75000,716.00000,2442734
1484121600,714.00000,724.00000,714.00000,720.00000,2011016
1484208000,718.00000,719.00000,714.00000,717.50000,1906484
1484294400,721.00000,729.00000,720.50000,725.00000,2941755
1484553600,726.00000,726.00000,719.00000,723.00000,2343160
1484640000,724.00000,724.00000,718.50000,721.50000,2129402
1484726400,721.50000,727.00000,713.50000,717.00000,4391714
1484812800,715.50000,718.08002,708.50000,711.00000,3589112
1484899200,710.50000,715.50000,706.00000,708.00000,1984887
1485158400,705.00000,707.00000,696.50000,701.50000,1358846
1485244800,703.50000,706.00000,695.00000,700.00000,2043651
1485331200,699.50000,703.50000,689.50000,694.00000,1976247
1485417600,694.00000,698.50000,678.00000,697.00000,1516447
1485504000,700.50000,700.50000,694.00000,698.00000,1451839
1485763200,695.00000,695.00000,689.00000,693.50000,2178684
1485849600,693.50000,705.17999,691.00000,700.00000,2129068
1485936000,705.00000,712.00000,705.00000,708.00000,1981164
1486022400,706.00000,706.00000,690.50000,692.50000,2167529
1486108800,693.00000,700.00000,690.50000,695.00000,1370548
1486368000,695.00000,700.64001,693.94000,694.00000,992337
1486454400,695.50000,708.50000,694.50000,708.50000,2006566
1486540800,708.50000,718.57501,707.00000,715.50000,3712923
1486627200,717.00000,722.00000,713.50000,720.50000,1670497
1486713600,721.00000,724.00000,714.00000,714.50000,2054769
1486972800,714.00000,719.00000,712.75000,714.50000,1030673
1487059200,716.50000,717.50000,710.00000,714.00000,3693101
1487145600,713.50000,720.18201,710.50000,719.50000,1664655
1487232000,718.50000,722.50000,716.00000,720.00000,1419170
1487318400,720.00000,720.50000,712.00000,720.00000,1384748
1487577600,720.00000,724.50000,715.50000,718.00000,1485420
1487664000,716.00000,719.50000,710.00000,710.00000,1696375
1487750400,709.50000,713.50000,704.50000,708.50000,3247958
1487836800,711.50000,717.50000,704.00000,704.00000,2157823
1487923200,704.50000,704.50000,686.00000,687.50000,2271055
1488182400,693.50000,694.25000,685.50000,689.00000,1294547
1488268800,693.50000,693.50000,684.00000,688.50000,1856679
1488355200,690.00000,710.50000,685.50000,710.00000,2843029
1488441600,706.50000,713.00000,695.00000,695.50000,1819575
1488528000,695.50000,704.50000,691.50000,702.00000,1841481
1488787200,699.50000,703.50000,698.37500,699.50000,1154321
1488873600,701.00000,708.00000,699.50000,705.50000,1293027
1488960000,701.50000,726.50000,700.00000,723.50000,2343722
1489046400,726.00000,727.50000,719.50000,726.00000,3462391
1489132800,729.50000,732.20001,724.00000,725.00000,1336682
1489392000,725.50000,732.50000,723.00000,729.50000,1242958
1489478400,735.00000,739.00000,727.50000,731.50000,1832706
1489564800,731.00000,733.00000,721.00000,726.50000,1755236
1489651200,728.50000,734.50000,719.00000,725.50000,1965246
1489737600,726.50000,729.00000,720.50000,721.00000,2643435
1489996800,723.00000,735.50000,716.50000,734.00000,1321190
1490083200,734.00000,735.00000,716.00000,717.50000,1570212
1490169600,713.50000,713.50000,704.25000,711.50000,1544685
1490256000,711.00000,723.00000,705.50000,718.50000,1213590
1490342400,719.00000,722.50000,707.50000,710.00000,1732125
1490598000,703.50000,705.50000,697.50000,701.50000,1509371
1490684400,703.00000,705.50000,694.00000,700.50000,1132501
1490770800,717.00000,740.50000,714.50000,740.50000,2688246
1490857200,743.00000,745.50000,733.45599,737.50000,2562992
1490943600,735.00000,756.00000,734.50000,749.50000,3609033
1491202800,752.50000,754.50000,735.00000,736.50000,1680000
1491289200,737.00000,756.50000,737.00000,753.00000,1798143
1491375600,755.50000,759.50000,744.50000,745.50000,1782474
1491462000,737.00000,747.50000,735.00000,746.00000,1805921
1491548400,742.50000,755.50000,742.50000,755.50000,1300684
1491807600,754.00000,766.00000,754.00000,762.00000,1420557
1491894000,758.50000,773.50000,757.50000,764.50000,2672857
1491980400,764.50000,769.50000,756.50000,766.00000,1694742
1492066800,764.50000,775.00000,762.50000,771.00000,1449349
1492498800,771.50000,775.00000,763.50000,764.00000,2097160
1492585200,766.00000,777.00000,766.00000,772.50000,2481213
1492671600,769.50000,777.50000,769.50000,773.50000,2232061
1492758000,770.50000,784.00000,770.50000,775.00000,2130307
1493017200,790.00000,803.00000,783.50000,799.50000,2444994
1493103600,799.00000,804.50000,794.00000,794.00000,1940742
1493190000,796.50000,802.50000,795.00000,799.50000,1777022
1493276400,795.00000,807.00000,793.00000,805.00000,1975811
1493362800,805.00000,806.00000,793.50000,793.50000,3093859
1493708400,797.00000,805.50000,795.00000,804.00000,1741784
1493794800,803.50000,807.50000,798.00000,803.50000,1534005
1493881200,806.50000,827.50000,804.50000,823.50000,3026675
1493967600,819.00000,822.50000,811.00000,817.00000,1621190
1494226800,817.50000,821.50000,815.50000,819.00000,1414700
1494313200,817.50000,828.50000,817.50000,821.50000,1391577
1494399600,819.50000,831.00000,817.50000,828.00000,1889506
1494486000,823.50000,836.50000,820.06000,831.50000,2222932
1494572400,828.50000,834.50000,828.00000,831.50000,1801500
1494831600,827.00000,837.00000,824.00000,836.00000,1651369
1494918000,833.50000,840.50000,832.00000,838.50000,1500191
1495004400,835.50000,841.50000,834.00000,840.50000,2111398
1495090800,844.50000,844.50000,823.00000,832.50000,2753877
1495177200,833.50000,834.50000,826.50000,828.50000,2453080
1495436400,831.00000,842.00000,831.00000,836.50000,1815744
1495522800,836.00000,843.50000,831.21997,838.50000,1899777
1495609200,842.00000,843.00000,836.00000,840.50000,1917663
1495695600,842.00000,875.50000,838.70001,871.50000,2848003
1495782000,869.00000,875.50000,865.85999,868.50000,2008736
1496127600,869.50000,892.50000,867.00000,888.50000,3182958
1496214000,888.00000,904.23999,885.78003,895.00000,4453069
1496300400,900.00000,931.50000,895.00000,927.00000,4627636
1496386800,930.00000,934.50000,924.82001,930.50000,2535995
1496646000,928.00000,933.50000,926.00000,932.50000,1697835
1496732400,929.50000,936.63599,927.50000,932.50000,2261363
1496818800,929.50000,947.50000,927.50000,944.50000,4084237
1496905200,948.00000,948.00000,931.97803,932.50000,3101908
1496991600,930.00000,936.50000,920.00000,930.50000,2971493
1497250800,925.00000,931.00000,919.00000,928.50000,1967394
1497337200,925.00000,925.00000,894.00000,901.00000,4003269
1497423600,901.00000,910.00000,894.00000,895.00000,2898164
1497510000,882.50000,899.50000,871.50000,880.50000,2716724
1497596400,881.00000,911.50000,876.87000,911.50000,7491176
1497855600,910.00000,914.50000,903.37000,904.00000,74817
1497942000,906.00000,913.00000,901.50000,901.50000,265025
1498028400,899.50000,900.81702,886.50000,896.50000,175956
1498114800,896.50000,905.50000,889.67401,900.00000,417350
1498460400,911.50000,923.44000,910.00000,916.21198,135689
1498546800,915.50000,917.00000,909.50000,914.38202,120468
1498633200,913.50000,921.00000,908.50000,915.50000,239598
1498719600,921.00000,923.00000,899.15002,900.50000,224260
1498806000,900.50000,909.00000,897.00000,902.50000,409696
1499065200,899.50000,906.50000,894.50000,904.50000,1931449
1499151600,903.00000,905.50000,893.50000,893.50000,1674078
1499238000,892.00000,906.50000,884.50000,904.50000,1773160
1499324400,904.00000,904.50000,888.00000,904.50000,2166364
1499410800,903.00000,904.50000,887.85999,898.50000,1620149
1499670000,902.50000,910.00000,901.00000,904.00000,1328781
1499756400,905.00000,910.00000,900.00000,907.50000,1889184
1499842800,909.50000,916.50000,908.00000,913.50000,1633407
1499929200,916.00000,926.00000,913.00000,924.50000,2561573
1500015600,924.50000,926.00000,912.00000,918.00000,1963472
1500274800,918.00000,923.50000,914.00000,921.00000,1856823
1500361200,921.00000,921.50000,913.00000,916.50000,1537256
1500447600,919.50000,928.50000,915.00000,926.00000,1423766
1500534000,925.00000,933.50000,923.00000,927.50000,1205986
1500620400,927.00000,939.00000,925.00000,934.50000,2246243
1500879600,931.00000,933.50000,921.13599,926.50000,2264107
1500966000,931.50000,936.50000,926.00000,934.00000,1622916
1501052400,933.50000,940.50000,924.50000,935.00000,1680239
1501138800,932.50000,938.00000,929.00000,932.50000,1406700
1501225200,926.00000,928.00000,921.00000,925.00000,1557645
1501484400,921.00000,938.50000,917.50000,936.00000,1554324
1501570800,938.00000,944.00000,933.85999,940.00000,1079544
1501657200,941.50000,947.00000,939.00000,947.00000,1448696
1501743600,946.50000,952.00000,938.00000,949.00000,1541906
1501830000,949.00000,955.00000,945.50000,951.50000,980502
1502089200,952.00000,957.00000,948.00000,951.00000,984615
1502175600,954.00000,959.50000,948.50000,954.50000,1033356
1502262000,948.00000,958.00000,936.50000,954.00000,1374100
1502348400,956.00000,961.50000,944.50000,947.50000,1344242
1502434800,947.00000,947.00000,935.00000,940.00000,1140896
1502694000,943.50000,948.50000,932.50000,934.50000,1749952
1502780400,939.00000,945.00000,935.00000,942.00000,1506040
1502866800,946.00000,965.50000,946.00000,960.00000,1803635
1502953200,961.00000,963.50000,952.00000,953.50000,1562251
1503039600,949.50000,949.50000,936.50000,940.50000,1295512
1503298800,936.50000,946.00000,933.00000,939.50000,2385961
1503385200,945.00000,948.50000,941.50000,946.50000,919987
1503471600,947.50000,952.00000,944.34998,949.50000,1001791
1503558000,951.00000,962.50000,948.50000,951.00000,1489503
1503644400,951.00000,958.50000,947.50000,951.00000,1186263
1503990000,950.00000,952.00000,935.50000,949.00000,1999564
1504076400,954.50000,961.00000,950.50000,958.00000,1542266
1504162800,963.50000,969.59698,959.00000,969.50000,3087185
1504249200,970.00000,974.50000,962.00000,964.00000,1840423
1504508400,958.50000,963.50000,958.50000,959.00000,864363
1504594800,958.00000,960.92700,944.50000,947.00000,1623124
1504681200,944.00000,944.00000,932.50000,936.00000,1952175
1504767600,939.00000,939.00000,928.50000,929.00000,1698128
1504854000,925.50000,931.00000,919.00000,930.50000,2290982
1505113200,933.00000,947.50000,933.00000,943.00000,1692476
1505199600,944.00000,945.25000,933.50000,936.00000,1727886
1505286000,936.50000,936.50000,921.00000,922.00000,2776371
1505372400,922.00000,926.50000,912.00000,914.00000,1931703
1505458800,911.50000,918.00000,907.00000,911.00000,3602890
1505718000,917.50000,923.00000,914.56500,922.00000,1466081
1505804400,923.50000,934.50000,919.00000,925.50000,1676680
1505890800,928.00000,930.00000,920.50000,923.00000,976665
1505977200,922.50000,926.34998,907.00000,907.50000,1346922
1506063600,907.50000,919.00000,901.00000,917.00000,1903810
1506322800,915.50000,929.00000,914.24298,924.00000,1512940
1506409200,923.50000,928.50000,914.50000,915.50000,1797718
1506495600,916.50000,918.00000,904.50000,909.50000,1838634
1506582000,910.00000,916.50000,900.50000,916.50000,1457012
1506668400,917.00000,920.00000,908.50000,913.00000,1617812
1506927600,911.50000,921.50000,910.50000,918.00000,2033394
1507014000,918.50000,934.50000,915.50000,932.00000,1187796
1507100400,929.50000,935.50000,927.50000,931.00000,1191004
1507186800,930.50000,937.00000,924.84998,929.50000,1435240
1507273200,932.00000,937.50000,929.50000,936.00000,912710
1507532400,934.00000,936.07703,928.50000,936.00000,2635836
1507618800,936.50000,945.50000,935.50000,945.00000,2264126
1507705200,946.50000,946.50000,936.00000,945.00000,1473971
1507791600,942.50000,965.00000,942.50000,963.50000,1324273
1507878000,964.50000,970.00000,956.40002,967.00000,1285629
1508137200,969.00000,972.00000,948.50000,968.00000,2485697
1508223600,966.50000,966.50000,940.00000,940.00000,1948179
1508310000,941.00000,949.00000,935.00000,937.50000,1337869
1508396400,938.50000,942.00000,928.00000,935.00000,2859788
1508482800,940.50000,945.50000,936.29999,945.00000,1418805
1508742000,945.50000,949.70001,939.00000,945.50000,1006675
1508828400,943.50000,947.50000,935.50000,939.50000,1215346
1508914800,941.00000,947.50000,935.00000,943.00000,1045413
1509001200,946.50000,964.50000,943.50000,960.50000,1483663
1509087600,959.50000,963.00000,943.00000,946.00000,1604735
1509350400,951.00000,958.00000,946.50000,954.00000,1158980
1509436800,953.00000,966.00000,953.00000,961.00000,1182199
1509523200,960.00000,965.50000,957.00000,957.00000,2077068
1509609600,957.00000,975.00000,956.25000,963.00000,1511516
1509696000,965.50000,971.50000,964.50000,967.50000,915382
1509955200,968.00000,969.50000,958.80798,959.00000,972583
1510041600,959.50000,959.50000,951.06000,952.00000,1465482
1510128000,954.50000,954.50000,944.00000,951.50000,1936181
1510214400,953.00000,956.00000,938.50000,940.00000,1425019
1510300800,948.00000,948.00000,934.50000,945.50000,1452327
1510560000,947.50000,947.50000,922.56000,926.50000,1686095
1510646400,929.50000,936.00000,927.00000,930.00000,1458232
1510732800,929.00000,929.00000,898.50000,898.50000,2508813
1510819200,921.00000,940.00000,911.50000,916.50000,2872275
1510905600,910.00000,924.50000,909.00000,923.50000,2606597
1511164800,904.50000,921.50000,897.50000,915.00000,1661244
1511251200,916.00000,918.00000,901.00000,914.50000,2039051
1511337600,912.50000,922.00000,909.50000,919.50000,2096699
1511424000,919.00000,919.00000,906.50000,914.00000,916869
1511510400,915.00000,933.50000,911.00000,929.50000,1493695
1511769600,929.50000,938.00000,918.50000,920.00000,1597218
1511856000,921.00000,942.50000,916.50000,941.50000,1964368
1511942400,941.50000,941.50000,915.00000,915.50000,1847028
1512028800,914.50000,916.50000,897.50000,901.00000,2919696
1512115200,896.50000,900.50000,882.50000,884.50000,2482498
1512374400,894.00000,897.00000,885.00000,885.50000,2376436
1512460800,889.50000,891.00000,876.00000,879.00000,1795456
1512547200,880.50000,883.50000,870.00000,875.00000,1797684
1512633600,876.00000,876.50000,864.00000,865.50000,1892857
1512720000,866.00000,870.00000,862.50000,868.50000,1726113
1512979200,873.00000,875.50000,866.00000,869.00000,1588852
1513065600,870.50000,878.50000,865.00000,875.50000,1756394
1513152000,872.00000,900.00000,869.50000,888.58002,3344747
1513238400,881.50000,912.50000,881.00000,891.00000,3612355
1513324800,890.00000,893.00000,878.00000,891.50000,2308816
1513584000,904.00000,920.00000,903.00000,915.00000,2080505
1513670400,912.50000,916.00000,897.50000,901.00000,1706557
1513756800,903.00000,903.50000,885.50000,891.50000,2899378
1513843200,893.50000,903.50000,885.00000,901.50000,1444021
1513929600,896.50000,907.50000,896.50000,901.50000,1348112
1514361600,900.50000,913.50000,892.00000,910.00000,1415875
1514448000,915.00000,915.00000,905.00000,907.50000,814888
1514534400,910.00000,917.50000,907.00000,913.50000,608892
1514880000,914.59998,922.20001,907.20001,918.59998,1487259
1514966400,921.00000,929.40002,911.20001,922.59998,1516521
1515052800,928.79999,934.20001,921.40002,933.79999,1813790
1515139200,936.00000,943.79999,935.59998,943.79999,1665672
1515398400,946.59998,946.59998,918.20001,920.20001,2650112
1515484800,922.00000,926.40002,913.59998,918.79999,2454523
1515571200,924.40002,954.59998,922.40002,946.40002,3322763
1515657600,944.40002,956.40002,944.40002,949.00000,2710594
1515744000,949.40002,956.20001,947.20001,950.59998,1807104
1516003200,952.59998,956.00000,937.00000,940.59998,1663562
1516089600,942.40002,953.79999,941.40002,949.00000,2166509
1516176000,951.59998,956.00000,946.20001,950.00000,1607895
1516262400,954.20001,955.40002,927.40002,941.40002,2663009
1516348800,944.20001,946.20001,932.00000,934.00000,1910493
1516608000,934.00000,935.59998,918.20001,921.40002,6379125
1516694400,925.20001,925.20001,910.00000,920.40002,2354894
1516780800,922.20001,934.59998,921.59998,925.00000,2408256
1516867200,921.59998,925.40002,907.20001,908.59998,2002972
1516953600,909.40002,930.20001,908.00000,930.20001,2276120
1517212800,927.40002,940.59998,925.79999,940.20001,3133044
1517299200,932.00000,937.00000,922.40002,935.00000,2618676
1517385600,939.79999,941.00000,928.79999,931.40002,3068284
1517472000,944.00000,968.00000,938.79999,951.40002,3712415
1517558400,952.79999,954.40002,942.20001,949.40002,2935917
1517817600,941.00000,941.00000,922.79999,931.40002,2737373
1517904000,897.59998,913.00000,881.40002,895.59998,4013848
1517990400,903.59998,936.59998,897.59998,935.59998,3176806
1518076800,928.59998,936.40002,909.79999,913.00000,3426777
1518163200,909.00000,916.40002,880.59998,888.40002,4437538
1518422400,899.59998,907.40002,885.59998,890.20001,2511274
1518508800,887.79999,898.59998,887.40002,887.79999,1832249
1518595200,896.20001,915.20001,881.79999,891.00000,2229978
1518681600,895.20001,902.00000,884.40002,893.59998,2051268
1518768000,898.40002,910.40002,898.40002,905.00000,2493885
1519027200,907.40002,907.79999,899.20001,899.79999,1139313
1519113600,904.40002,917.20001,901.59998,917.20001,1903083
1519200000,914.40002,931.20001,899.40002,930.20001,3042490
1519286400,925.59998,937.40002,923.20001,936.79999,5636862
1519372800,937.20001,942.79999,930.59998,937.00000,2204743
1519632000,940.00000,947.79999,930.00000,945.59998,2005733
1519718400,945.00000,953.00000,937.59998,948.00000,2402894
1519804800,940.20001,946.59998,934.59998,939.59998,2726683
1519891200,940.79999,946.00000,921.40002,924.20001,1958935
1519977600,914.59998,922.40002,903.59998,906.00000,2508740
1520236800,906.79999,926.00000,903.79999,922.00000,1546910
1520323200,931.79999,936.59998,923.20001,927.40002,1534815
1520409600,925.79999,931.79999,921.40002,927.00000,2464986
1520496000,928.20001,933.00000,922.00000,929.79999,2083246
1520582400,929.20001,931.79999,917.00000,922.40002,1961034
1520841600,926.79999,926.79999,915.00000,923.00000,1294766
1520928000,922.59998,922.79999,895.59998,898.00000,3601294
1521014400,896.40002,909.40002,895.00000,905.59998,2517308
1521100800,906.00000,920.40002,898.20001,916.79999,1774740
1521187200,915.00000,918.59998,907.20001,907.20001,4287931
1521446400,906.40002,906.40002,892.59998,893.20001,1384461
1521532800,898.79999,912.00000,895.40002,904.40002,1910434
1521619200,902.20001,905.00000,885.00000,886.00000,2393119
1521705600,880.00000,892.40002,863.79999,871.40002,3970935
1521792000,861.40002,871.40002,855.00000,861.40002,1884620
1522047600,865.00000,884.00000,857.79999,862.20001,6963421
1522134000,872.20001,880.79999,865.20001,867.79999,2864379
1522220400,856.79999,870.40002,849.79999,868.59998,2622363
1522306800,862.00000,873.20001,859.00000,859.00000,3602682
1522738800,849.00000,866.40002,847.59998,858.20001,2499213
1522825200,855.59998,860.00000,845.20001,853.00000,2329902
1522911600,867.00000,881.59998,866.00000,880.20001,2397185
1522998000,879.00000,886.40002,877.20001,878.00000,1955979
1523257200,883.20001,885.20001,857.79999,878.79999,1435565
1523343600,884.20001,891.00000,882.59998,888.79999,1710980
1523430000,884.79999,904.00000,884.20001,893.20001,2263021
1523516400,896.79999,902.20001,891.00000,892.40002,1817284
1523602800,894.40002,902.20001,891.40002,896.59998,1259548
1523862000,898.79999,900.79999,885.40002,886.20001,1506365
1523948400,886.00000,906.20001,883.79999,904.00000,2260672
1524034800,907.59998,909.59998,899.00000,908.40002,1543656
1524121200,907.79999,918.20001,904.59998,917.00000,1497394
1524207600,921.20001,923.79999,915.40002,917.79999,1351166
1524466800,919.40002,929.00000,913.00000,926.40002,1773692
1524553200,926.00000,935.00000,920.79999,923.40002,2955786
1524639600,919.00000,925.00000,912.20001,916.00000,1425626
1524726000,918.59998,934.79999,912.20001,932.40002,2144967
1524812400,935.00000,946.59998,932.00000,943.00000,1292958
1525071600,944.79999,947.79999,938.59998,941.59998,1849292
1525158000,947.00000,956.40002,938.59998,941.00000,1299170
1525244400,943.59998,954.40002,939.59998,951.40002,2562124
1525330800,951.40002,953.20001,933.00000,938.79999,1755176
1525417200,942.79999,949.59998,938.79999,945.00000,1764958
1525762800,947.20001,950.40002,936.59998,941.20001,3000599
1525849200,939.20001,958.40002,934.00000,956.59998,2832766
1525935600,959.00000,975.40002,958.20001,974.59998,1847460
1526022000,976.40002,984.59998,974.00000,981.40002,2189629
1526281200,979.20001,982.20001,966.40002,973.00000,1691376
1526367600,973.20001,986.20001,973.20001,984.40002,2286141
1526454000,979.40002,984.40002,971.79999,974.00000,2404705
1526540400,954.79999,977.79999,938.40002,976.40002,2729128
1526626800,977.79999,991.20001,975.20001,989.00000,3145252
1526886000,991.59998,1029.00000,991.59998,1026.50000,3049548
1526972400,1027.50000,1038.00000,1022.00000,1029.50000,3339655
1527058800,1029.50000,1031.50000,1004.50000,1014.00000,3461818
1527145200,1014.50000,1016.00000,985.40002,985.40002,7492732
1527231600,993.40002,997.20001,978.20001,981.79999,3386907
1527577200,976.00000,977.40002,956.00000,956.00000,2864794
1527663600,961.20001,961.20001,951.20001,957.59998,2058040
1527750000,960.20001,964.00000,952.79999,953.00000,4029518
1527836400,962.40002,966.40002,953.79999,955.20001,3036037
1528095600,959.79999,962.20001,948.40002,957.59998,2822553
1528182000,953.00000,958.59998,947.20001,948.59998,2106383
1528268400,949.79999,969.00000,948.20001,968.00000,5213632
1528354800,987.40002,990.40002,967.40002,970.00000,2449066
1528441200,966.20001,973.20001,954.79999,967.40002,2064682
1528700400,974.59998,981.20001,968.79999,976.79999,1652500
1528786800,978.79999,979.40002,967.20001,974.79999,1875193
1528873200,973.40002,990.79999,968.79999,985.79999,3004413
1528959600,956.40002,983.40002,945.79999,979.59998,4521099
1529046000,980.59998,984.59998,971.79999,971.79999,5764859
1529305200,970.59998,972.00000,950.00000,953.40002,3008018
1529391600,949.40002,950.79999,939.00000,945.00000,2020375
1529478000,952.79999,952.79999,934.00000,935.00000,2635691
1529564400,939.59998,939.59998,917.20001,919.59998,2315297
1529650800,923.59998,933.00000,922.00000,932.40002,1799137
1529910000,927.79999,929.00000,902.40002,903.79999,2462046
1529996400,907.40002,912.00000,899.79999,907.59998,1990558
1530082800,909.59998,911.59998,897.40002,909.40002,2032141
1530169200,904.20001,907.79999,888.00000,893.40002,2732751
1530255600,902.40002,906.79999,896.20001,900.59998,3021658
1530514800,893.20001,894.59998,886.00000,891.00000,2620831
1530601200,893.00000,901.20001,888.59998,892.40002,1870083
1530687600,890.40002,892.59998,884.00000,891.59998,1290054
1530774000,891.20001,904.79999,891.20001,900.40002,1676977
1530860400,904.40002,905.20001,893.20001,903.79999,1636756
1531119600,907.20001,918.20001,905.00000,915.40002,2065709
1531206000,915.00000,924.59998,912.40002,917.20001,3154929
1531292400,908.79999,908.79999,898.00000,903.59998,2053349
1531378800,907.79999,912.59998,899.20001,905.59998,1434878
1531465200,912.00000,914.00000,902.79999,907.40002,1638659
1531724400,909.20001,912.40002,903.20001,908.96899,3190102
1531810800,911.40002,929.40002,911.40002,925.20001,6634451
1531897200,934.40002,940.20001,930.20001,937.20001,1666941
1531983600,935.40002,941.79999,923.40002,929.40002,1816915
1532070000,928.79999,933.20001,921.59998,929.00000,1789854
1532329200,926.40002,926.40002,915.40002,918.20001,1006122
1532415600,927.20001,935.00000,920.00000,921.20001,2764243
1532502000,916.40002,961.59998,916.40002,946.59998,3488264
1532588400,948.59998,956.59998,938.20001,939.59998,2046768
1532674800,944.59998,950.59998,941.59998,945.00000,1440936
1532934000,940.20001,952.59998,938.79999,943.00000,1469580
1533020400,946.00000,957.00000,942.79999,947.59998,1840841
1533106800,950.59998,955.59998,934.00000,937.40002,1645441
1533193200,929.59998,934.20001,912.59998,920.20001,1807761
1533279600,925.00000,940.00000,918.00000,933.00000,1357532
1533538800,939.79999,943.40002,931.79999,939.00000,1477423
1533625200,936.20001,946.20001,933.59998,939.20001,1304952
1533711600,941.20001,955.79999,936.00000,950.79999,1424900
1533798000,948.79999,951.20001,943.79999,951.20001,1042159
1533884400,948.40002,950.59998,939.79999,946.40002,1322401
1534143600,938.20001,949.00000,934.59998,946.00000,1197319
1534230000,949.40002,951.59998,929.59998,932.00000,1893267
1534316400,939.20001,942.00000,912.00000,917.00000,1832646
1534402800,917.79999,929.79999,917.79999,926.00000,1006291
1534489200,925.00000,930.00000,913.59998,922.20001,1128031
1534748400,920.00000,930.00000,917.00000,920.40002,1773948
1534834800,921.40002,932.20001,919.59998,924.00000,1147378
1534921200,919.20001,927.79999,917.40002,920.40002,1704346
1535007600,923.00000,925.20001,913.79999,914.40002,1226681
1535094000,912.00000,918.40002,910.00000,910.00000,1262248
1535439600,910.00000,922.20001,909.00000,917.59998,1911909
1535526000,920.40002,923.59998,906.59998,910.40002,1177708
1535612400,912.20001,912.20001,901.40002,910.20001,1583609
1535698800,911.59998,911.59998,894.00000,896.40002,2028621
1535958000,898.79999,912.00000,896.79999,909.40002,1122537
1536044400,914.79999,921.40002,904.00000,909.00000,1902229
1536130800,905.20001,926.59998,905.20001,918.79999,4244037
1536217200,916.00000,923.79999,912.79999,916.20001,1494980
1536303600,917.40002,918.20001,906.00000,912.59998,2159979
1536562800,912.59998,916.40002,902.20001,910.59998,1680552
1536649200,907.59998,913.40002,903.20001,913.20001,1503547
1536735600,909.20001,924.40002,907.20001,916.20001,2269312
1536822000,912.20001,919.59998,911.00000,916.40002,1568339
1536908400,923.20001,930.00000,918.20001,929.79999,1451764
1537167600,928.40002,938.79999,923.40002,933.79999,1777153
1537254000,929.20001,952.00000,928.20001,947.79999,2403221
1537340400,942.79999,952.79999,941.59998,945.00000,2422229
1537426800,942.40002,954.59998,942.40002,952.40002,2253445
1537513200,953.00000,966.20001,953.00000,959.00000,4187773
1537772400,953.59998,960.40002,953.40002,953.40002,1073412
1537858800,950.40002,961.20001,949.79999,956.00000,1700899
1537945200,953.79999,956.59998,944.79999,952.59998,1944067
1538031600,951.20001,964.40002,949.00000,962.00000,1954803
1538118000,960.00000,961.20001,939.79999,941.20001,3589595
1538377200,943.79999,950.00000,937.20001,948.59998,3081606
1538463600,947.59998,947.59998,933.20001,939.20001,1568059
1538550000,941.79999,953.20001,940.59998,950.79999,1098010
1538636400,951.00000,951.20001,943.40002,943.59998,2328570
1538722800,942.40002,942.40002,922.59998,923.00000,1575937
1538982000,920.40002,933.79999,916.00000,917.79999,1632802
1539068400,918.00000,919.00000,903.40002,912.59998,1734217
1539154800,909.59998,911.40002,887.00000,892.59998,2627224
1539241200,881.59998,881.79999,843.40002,849.40002,4598505
1539327600,853.79999,868.00000,852.20001,852.79999,4620649
1539586800,852.20001,853.20001,842.40002,847.40002,1888731
1539673200,846.00000,863.00000,842.79999,863.00000,2881824
1539759600,874.79999,877.59998,856.59998,861.20001,1876548
1539846000,864.40002,870.59998,858.40002,858.40002,1386866
1539932400,861.40002,861.59998,844.40002,844.40002,1519319
1540191600,840.79999,862.79999,840.79999,851.00000,5227930
1540278000,841.20001,853.40002,832.20001,844.00000,3507676
1540364400,847.20001,853.00000,832.40002,832.40002,2300638
1540450800,823.40002,849.79999,819.00000,849.79999,2170633
1540537200,836.40002,848.00000,832.00000,841.00000,2715942
1540800000,847.79999,871.00000,844.20001,860.20001,2521028
1540886400,865.40002,866.79999,854.00000,861.59998,1424048
1540972800,874.20001,883.00000,865.00000,878.20001,4775588
1541059200,871.79999,895.00000,867.40002,881.59998,2652914
1541145600,887.20001,896.40002,873.40002,873.40002,1911088
1541404800,871.00000,878.59998,859.20001,861.79999,1272142
1541491200,861.20001,868.00000,854.59998,860.00000,1490495
1541577600,865.20001,871.59998,859.79999,865.40002,1420888
1541664000,868.00000,872.40002,862.20001,869.20001,1986855
1541750400,866.20001,869.00000,859.20001,865.20001,1349400
1542009600,874.79999,875.40002,844.20001,850.79999,1454179
1542096000,853.40002,862.40002,850.00000,860.00000,1704245
1542182400,861.40002,868.00000,849.79999,860.00000,2099103
1542268800,847.40002,873.79999,785.79999,789.79999,5193216
1542355200,800.59998,813.79999,795.40002,795.40002,5655230
1542614400,794.59998,822.00000,794.59998,809.59998,4461408
1542700800,811.00000,835.00000,799.00000,832.59998,4384401
1542787200,838.59998,849.00000,824.00000,849.00000,3070760
1542873600,851.40002,852.20001,837.20001,838.20001,2387538
1542960000,834.20001,853.00000,829.79999,841.20001,1169283
1543219200,860.00000,871.40002,852.79999,867.00000,3295781
1543305600,870.59998,875.20001,851.79999,858.79999,2988281
1543392000,860.00000,875.79999,855.40002,865.79999,3828743
1543478400,874.40002,879.20001,855.20001,858.20001,5022457
1543564800,860.00000,860.00000,828.79999,833.59998,3765538
1543824000,844.00000,859.00000,817.79999,829.40002,6118675
1543910400,820.00000,838.40002,803.79999,815.40002,3297727
1543996800,804.59998,815.79999,796.00000,804.00000,3074129
1544083200,800.00000,800.00000,760.20001,763.00000,4159137
1544169600,771.59998,778.00000,762.79999,765.59998,3574683
1544428800,773.40002,794.79999,765.59998,780.40002,3697079
1544515200,791.79999,798.79999,763.20001,791.40002,3282906
1544601600,792.00000,810.59998,787.00000,805.20001,3448649
1544688000,795.40002,795.40002,771.40002,783.00000,3113836
1544774400,778.20001,783.20001,766.20001,779.59998,2031982
1545033600,779.20001,782.20001,754.59998,764.00000,2727081
1545120000,767.40002,779.00000,762.00000,768.59998,2391026
1545206400,768.00000,782.59998,762.79999,775.40002,2076223
1545292800,763.00000,779.00000,758.00000,773.40002,2670302
1545379200,774.59998,790.20001,770.40002,789.59998,9540470
1545638400,789.59998,794.20001,755.59998,756.20001,723496
1545897600,775.00000,781.79999,762.20001,772.40002,1847032
1545984000,777.00000,795.40002,764.59998,795.40002,1669024
1546243200,793.00000,801.40002,773.40002,773.40002,664327
1546416000,768.40002,785.20001,756.00000,783.59998,1579277
1546502400,780.59998,788.79999,774.00000,774.00000,1517442
1546588800,783.40002,805.79999,781.79999,804.40002,1410544
1546848000,806.20001,812.40002,801.40002,802.40002,2181466
1546934400,805.00000,813.79999,802.00000,806.59998,1883658
1547020800,809.00000,824.00000,806.59998,815.00000,2296978
1547107200,811.40002,824.59998,811.40002,823.00000,1214808
1547193600,825.00000,833.59998,821.40002,825.59998,1439706
1547452800,828.00000,830.20001,807.59998,815.00000,1339321
1547539200,823.40002,838.79999,819.59998,835.79999,2342405
1547625600,859.00000,859.00000,829.20001,837.79999,4341519
1547712000,833.20001,839.79999,808.00000,817.00000,2216809
1547798400,824.20001,844.00000,821.40002,838.79999,2299003
1548057600,837.20001,841.00000,833.59998,837.20001,899047
1548144000,827.40002,845.59998,827.40002,837.20001,1092373
1548230400,840.00000,840.00000,811.79999,812.59998,1370257
1548316800,819.40002,835.79999,816.40002,824.00000,1505349
1548403200,832.00000,838.79999,819.79999,819.79999,1610646
1548662400,817.79999,824.59998,808.59998,810.79999,853570
1548748800,812.40002,834.00000,812.40002,830.40002,1370646
1548835200,825.20001,850.20001,825.20001,843.79999,1368765
1548921600,831.00000,857.20001,831.00000,849.59998,3730995
1549008000,851.59998,874.00000,851.59998,870.20001,1590110
1549267200,868.79999,886.59998,867.20001,885.59998,1735872
1549353600,882.79999,908.40002,880.40002,908.40002,2397869
1549440000,910.79999,916.20001,899.59998,911.79999,2154658
1549526400,910.40002,924.40002,907.79999,908.20001,1521377
1549612800,913.20001,913.20001,903.40002,904.79999,1431962
1549872000,911.40002,921.40002,906.40002,921.00000,1241999
1549958400,921.00000,922.20001,907.00000,910.00000,1373058
1550044800,908.79999,931.20001,908.79999,930.79999,1528222
1550131200,937.20001,949.20001,932.20001,935.20001,1725409
1550217600,936.20001,955.20001,933.79999,947.00000,1673969
1550476800,942.20001,948.59998,935.59998,940.79999,1983145
1550563200,939.79999,952.00000,936.59998,944.20001,1070674
1550649600,942.00000,951.00000,940.59998,950.59998,1215290
1550736000,949.00000,953.00000,939.00000,945.59998,1395897
1550822400,947.00000,959.59998,944.40002,953.00000,1699082
1551081600,954.20001,958.59998,950.00000,955.79999,1033835
1551168000,947.79999,965.00000,943.20001,958.00000,1377725
1551254400,951.40002,957.00000,931.79999,935.40002,1872954
1551340800,933.79999,952.20001,927.79999,945.79999,1794181
1551427200,950.00000,965.20001,946.79999,956.59998,2395419
1551686400,958.79999,963.40002,953.79999,955.40002,1024802
1551772800,952.20001,967.59998,952.20001,961.79999,1404511
1551859200,956.79999,968.59998,956.20001,966.40002,1138519
1551945600,959.40002,967.20001,950.40002,957.59998,1300300
1552032000,950.59998,957.40002,937.79999,942.20001,1871518
1552291200,951.20001,965.79999,949.79999,956.40002,1507635
1552377600,957.00000,970.00000,954.79999,959.20001,2021103
1552464000,955.79999,974.00000,955.79999,965.00000,1453349
1552550400,966.59998,972.40002,960.00000,960.00000,2044636
1552636800,961.59998,968.59998,949.20001,949.20001,8225649
1552896000,955.00000,972.00000,951.40002,972.00000,2709208
1552982400,967.00000,978.79999,967.00000,973.59998,1678022
1553068800,972.59998,981.00000,965.00000,965.59998,1980256
1553155200,960.59998,978.40002,960.59998,969.20001,2490477
1553241600,970.00000,978.79999,955.59998,959.79999,2421642
1553500800,961.59998,963.20001,949.59998,950.79999,1888551
1553587200,959.20001,963.20001,949.20001,957.20001,1645577
1553673600,963.79999,970.59998,957.59998,970.59998,1906489
1553760000,967.40002,977.79999,967.40002,971.00000,1881895
1553846400,970.00000,988.40002,970.00000,984.79999,2587818
1554102000,986.00000,996.00000,983.79999,996.00000,1740829
1554188400,1002.00000,1017.00000,996.20001,1009.50000,2050748
1554274800,1017.50000,1034.50000,1008.50000,1031.50000,1962341
1554361200,1030.00000,1033.00000,1024.00000,1029.00000,5809392
1554447600,1032.50000,1036.50000,1028.00000,1032.00000,1444127
1554706800,1030.50000,1036.50000,1024.00000,1035.00000,1598808
1554793200,1035.50000,1039.50000,1028.50000,1028.50000,3153162
1554879600,1030.00000,1034.00000,1022.50000,1031.50000,1875644
1554966000,1029.50000,1047.00000,1027.50000,1042.50000,1061718
1555052400,1047.00000,1060.50000,1043.50000,1060.00000,1668235
1555311600,1056.50000,1067.00000,1056.00000,1063.00000,1608226
1555398000,1065.00000,1069.00000,1063.00000,1068.50000,1926693
1555484400,1069.00000,1082.50000,1067.00000,1078.50000,1579822
1555570800,1081.50000,1081.50000,1066.50000,1080.00000,710135
1556002800,1045.00000,1088.50000,1044.00000,1088.50000,2361730
1556089200,1091.00000,1093.50000,1081.50000,1082.00000,2095146
1556175600,1083.00000,1085.50000,1071.50000,1079.50000,1674973
1556262000,1084.00000,1085.00000,1074.50000,1079.00000,2781233
1556521200,1083.00000,1087.00000,1077.00000,1081.00000,2171624
1556607600,1078.50000,1085.00000,1061.00000,1070.50000,2487150
1556694000,1074.50000,1076.50000,1067.50000,1073.50000,1459794
1556780400,1066.50000,1076.00000,1062.00000,1068.50000,1806529
1556866800,1070.00000,1072.50000,1064.00000,1066.00000,1012654
1557212400,1064.00000,1076.00000,1051.50000,1057.50000,1611576
1557298800,1052.50000,1063.50000,1050.50000,1057.50000,2112575
1557385200,1053.50000,1066.50000,1046.50000,1050.50000,1604897
1557471600,1053.50000,1059.00000,1039.50000,1042.50000,3543322
1557730800,1038.50000,1043.50000,1028.50000,1032.50000,1438698
1557817200,1033.00000,1046.50000,1031.00000,1044.00000,1772339
1557903600,1047.50000,1062.50000,1041.50000,1054.00000,1518615
1557990000,1050.50000,1087.50000,1048.00000,1087.50000,2337800
1558076400,1089.00000,1089.00000,1067.00000,1077.50000,2656851
1558335600,1074.50000,1088.50000,1071.00000,1071.50000,1636292
1558422000,1076.50000,1083.50000,1062.00000,1068.00000,1658628
1558508400,1072.00000,1079.00000,1065.50000,1070.00000,2087933
1558594800,1065.00000,1066.50000,1037.50000,1047.50000,2267853
1558681200,1047.50000,1064.50000,1047.50000,1059.00000,1989266
1559026800,1067.50000,1075.00000,1062.50000,1074.00000,3728341
1559113200,1063.50000,1067.50000,1039.00000,1047.00000,1383665
1559199600,1049.50000,1062.00000,1047.50000,1060.50000,1232716
1559286000,1050.00000,1055.50000,1042.50000,1051.00000,1911931
1559545200,1046.00000,1048.00000,1031.50000,1037.00000,1931462
1559631600,1028.50000,1055.00000,1026.00000,1049.50000,2654860
1559718000,1051.50000,1062.50000,1047.00000,1055.00000,1886013
1559804400,1054.50000,1060.00000,1035.00000,1043.00000,2072643
1559890800,1044.50000,1060.00000,1041.50000,1055.50000,1333959
1560150000,1061.50000,1063.00000,1052.50000,1060.00000,888305
1560236400,1065.00000,1075.00000,1058.00000,1068.00000,991788
1560322800,1065.50000,1074.00000,1063.50000,1074.00000,3665312
1560409200,1055.50000,1056.00000,1026.50000,1027.00000,1973219
1560495600,1027.00000,1030.00000,1018.50000,1025.00000,1441028
1560754800,1031.00000,1038.50000,1022.50000,1027.00000,1415443
1560841200,1028.50000,1047.50000,1020.00000,1045.00000,2251859
1560927600,1044.00000,1050.50000,1040.00000,1047.00000,2034024
1561014000,1049.50000,1064.00000,1047.00000,1056.00000,1664883
1561100400,1065.00000,1072.50000,1058.00000,1063.00000,7951644
1561359600,1061.00000,1069.50000,1057.00000,1063.00000,1231225
1561446000,1063.50000,1101.50000,1060.50000,1098.50000,9663796
1561532400,1099.00000,1112.00000,1097.00000,1106.50000,1909514
1561618800,1105.00000,1117.00000,1097.50000,1108.00000,2057535
1561705200,1108.00000,1120.00000,1104.50000,1113.50000,2637618
1561964400,1123.00000,1134.00000,1106.50000,1127.50000,1626821
1562050800,1135.00000,1146.50000,1126.50000,1142.00000,1652550
1562137200,1152.00000,1162.00000,1149.00000,1158.50000,1362604
1562223600,1158.50000,1165.00000,1158.00000,1164.50000,604927
1562310000,1166.00000,1166.00000,1143.00000,1148.00000,1216407
1562569200,1146.00000,1149.00000,1130.00000,1140.50000,1629435
1562655600,1137.50000,1137.50000,1125.00000,1127.00000,2590954
1562742000,1123.50000,1133.00000,1122.50000,1128.50000,1603337
1562828400,1134.50000,1135.50000,1123.50000,1133.00000,1292582
1562914800,1132.50000,1136.00000,1128.50000,1129.00000,1203016
1563174000,1128.50000,1138.00000,1128.00000,1133.00000,974197
1563260400,1131.50000,1143.00000,1129.00000,1136.50000,1309697
1563346800,1133.00000,1144.50000,1129.00000,1130.50000,2106404
1563433200,1124.00000,1125.50000,1109.00000,1113.50000,1265525
1563519600,1117.50000,1122.50000,1109.50000,1116.50000,1556271
1563778800,1113.00000,1124.50000,1109.00000,1117.00000,870369
1563865200,1119.00000,1130.00000,1118.50000,1121.00000,1550401
1563951600,1119.00000,1138.50000,1118.00000,1134.00000,1526743
1564038000,1144.50000,1144.50000,1108.00000,1111.00000,1296470
1564124400,1112.50000,1117.50000,1101.00000,1111.50000,1202930
1564383600,1119.00000,1152.00000,1113.50000,1139.00000,1734317
1564470000,1137.00000,1144.00000,1132.50000,1135.00000,1152713
1564556400,1140.00000,1141.50000,1112.50000,1112.50000,2164637
1564642800,1107.00000,1126.50000,1105.50000,1126.50000,1770513
1564729200,1114.50000,1114.50000,1093.50000,1103.00000,1726415
1564988400,1094.00000,1094.00000,1065.50000,1069.00000,1242923
1565074800,1071.00000,1079.00000,1063.00000,1065.00000,1489548
1565161200,1072.50000,1082.00000,1066.50000,1076.00000,1574917
1565247600,1086.50000,1101.00000,1079.00000,1101.00000,1634083
1565334000,1100.00000,1108.50000,1095.00000,1099.50000,1332795
1565593200,1105.50000,1115.50000,1091.50000,1094.50000,1472318
1565679600,1091.00000,1094.50000,1072.00000,1086.00000,1423029
1565766000,1090.00000,1094.50000,1065.50000,1071.00000,2121288
1565852400,1072.00000,1078.00000,1052.00000,1064.00000,1681366
1565938800,1074.50000,1080.50000,1062.00000,1070.00000,1454332
1566198000,1085.00000,1090.00000,1079.50000,1082.00000,1288899
1566284400,1086.50000,1111.00000,1084.50000,1086.50000,2961797
1566370800,1094.50000,1104.00000,1089.00000,1098.00000,1080644
1566457200,1094.00000,1096.50000,1077.50000,1086.00000,1666089
1566543600,1076.00000,1111.50000,1076.00000,1086.50000,1412464
1566889200,1086.50000,1090.00000,1071.50000,1079.00000,2221361
1566975600,1083.00000,1086.50000,1073.00000,1081.00000,1757320
1567062000,1076.50000,1100.50000,1076.50000,1095.00000,2858930
1567148400,1101.50000,1108.50000,1092.50000,1096.50000,1239094
1567407600,1105.00000,1124.49597,1102.54395,1121.50000,1255153
1567494000,1119.50000,1127.00000,1106.50000,1127.00000,1506911
1567580400,1127.50000,1139.50500,1127.00000,1132.50000,1351882
1567666800,1139.50000,1153.00000,1132.50000,1153.00000,1725635
1567753200,1151.00000,1156.37500,1144.00000,1145.50000,1357423
1568012400,1156.00000,1156.00000,1135.00000,1142.00000,1092472
1568098800,1134.50000,1137.00000,1112.50000,1127.00000,2413284
1568185200,1135.00000,1154.50000,1125.50000,1126.00000,2318224
1568271600,1128.50000,1128.50000,1093.50000,1100.50000,1985748
1568358000,1096.00000,1119.00000,1095.00000,1115.00000,1181952
1568617200,1102.50000,1125.00000,1096.00000,1125.00000,1702026
1568703600,1122.00000,1140.50000,1113.50000,1138.50000,1954158
1568790000,1134.00000,1134.00000,1113.50000,1113.50000,2002021
1568876400,1116.50000,1125.00000,1110.50000,1121.50000,2408798
1568962800,1111.00000,1134.50000,1109.50000,1110.00000,4559579
1569222000,1109.50000,1120.00000,1101.50000,1117.00000,3726103
1569308400,1127.00000,1127.00000,1115.50000,1118.50000,1795756
1569394800,1115.50000,1115.50000,1089.50000,1111.50000,1721670
1569481200,1115.00000,1151.50000,1110.00000,1146.00000,2999483
1569567600,1159.00000,1184.50000,1121.16296,1184.50000,3063555
1569826800,1176.00000,1189.00000,1166.50000,1166.50000,2474027
1569913200,1170.00000,1175.00000,1147.50000,1152.50000,1886181
1569999600,1141.00000,1144.50000,1085.50000,1088.00000,2113831
1570086000,1082.00000,1084.50000,1060.00000,1076.50000,2911932
1570172400,1075.00000,1095.50000,1068.50000,1094.50000,2518905
1570431600,1093.50000,1097.00000,1072.50000,1089.50000,2109784
1570518000,1093.00000,1098.50000,1075.00000,1075.50000,3539835
1570604400,1069.50000,1081.00000,1069.00000,1072.00000,1638793
1570690800,1078.50000,1081.50000,1057.50000,1060.50000,2601410
1570777200,1056.00000,1099.50000,1056.00000,1092.50000,1998195
1571036400,1095.00000,1097.50000,1058.25000,1071.00000,1414521
1571122800,1067.00000,1079.50000,1056.00000,1064.00000,3556520
1571209200,1060.00000,1080.00000,1049.99902,1059.00000,2329008
1571295600,1064.50000,1097.00000,1048.00000,1083.00000,2619081
1571382000,1082.00000,1093.50000,1070.50000,1081.50000,1752999
1571641200,1083.00000,1098.50000,1078.50000,1081.50000,979520
1571727600,1088.00000,1088.00000,1063.49902,1069.50000,1151857
1571814000,1068.50000,1080.50000,1053.50000,1078.50000,2747923
1571900400,1077.50000,1119.50000,1075.50000,1106.50000,2018017
1571986800,1102.50000,1106.50000,1079.24805,1097.00000,975667
1572249600,1100.00000,1133.00000,1079.25000,1130.00000,1435105
1572336000,1129.50000,1153.50000,1106.50000,1153.00000,2053429
1572422400,1152.00000,1154.49500,1122.50000,1133.00000,1469547
1572508800,1139.00000,1149.50000,1123.00000,1128.00000,1198369
1572595200,1128.00000,1135.50000,1125.50000,1129.00000,1448718
1572854400,1141.50000,1151.50403,1135.50000,1148.50000,917148
1572940800,1154.50000,1154.50000,1138.00000,1150.00000,1218263
1573027200,1145.00000,1150.50000,1141.00000,1149.50000,1496049
1573113600,1149.50000,1158.75098,1136.00000,1142.00000,4751798
1573200000,1133.00000,1153.00000,1133.00000,1139.00000,1081702
1573459200,1133.00000,1138.00000,1119.81396,1129.00000,1499201
1573545600,1129.00000,1146.00000,1121.50000,1141.00000,1658496
1573632000,1135.00000,1138.50000,1119.50000,1125.00000,1653599
1573718400,1050.00000,1094.00000,1016.52100,1073.50000,7252191
1573804800,1073.50000,1082.50000,1056.00000,1063.00000,2274506
1574064000,1059.00000,1066.00000,1043.00000,1043.00000,2550449
1574150400,1050.00000,1075.50000,1046.50000,1055.00000,2609796
1574236800,1055.50000,1055.50000,1022.81799,1035.00000,2689376
1574323200,1024.50000,1028.34302,1010.50000,1028.00000,2270244
1574409600,1035.50000,1050.00000,1032.50000,1040.50000,1805974
1574668800,1042.50000,1063.50000,1042.50000,1059.50000,3202911
1574755200,1064.50000,1089.50000,1055.50000,1079.50000,2889630
1574841600,1090.50000,1091.50000,1066.50000,1088.00000,1413493
1574928000,1093.00000,1093.00000,1075.00000,1080.50000,775378
1575014400,1068.50000,1083.50000,1067.00000,1071.00000,1097186
1575273600,1065.00000,1076.50000,1045.50000,1051.50000,1348082
1575360000,1046.50000,1061.00000,1035.00000,1045.50000,4337806
1575446400,1047.50000,1062.50000,1047.50000,1062.50000,2674027
1575532800,1053.50000,1060.00000,1048.50000,1053.00000,1825059
1575619200,1059.00000,1074.75195,1056.75403,1070.50000,1345421
1575878400,1062.50000,1071.00000,1062.00000,1065.00000,1036282
1575964800,1060.00000,1062.00000,1039.00000,1055.00000,1834881
1576051200,1062.00000,1062.50000,1040.50000,1049.50000,6095703
1576137600,1040.50000,1052.00000,1033.50000,1045.00000,2459211
1576224000,1044.00000,1095.16199,1040.00000,1071.50000,2910869
1576483200,1082.00000,1122.50000,1077.00000,1107.50000,2720164
1576569600,1108.00000,1113.00000,1094.50000,1104.50000,4341275
1576656000,1098.00000,1115.25098,1098.00000,1111.50000,1555403
1576742400,1116.50000,1135.50000,1107.00000,1125.00000,5599062
1576828800,1123.50000,1129.00000,1103.50000,1106.00000,9461100
1577088000,1107.50000,1113.50000,1091.00000,1097.50000,1272969
1577174400,1098.00000,1108.50000,1090.49597,1100.00000,509325
1577433600,1107.00000,1118.46802,1098.00000,1103.50000,729734
1577692800,1101.50000,1106.50000,1096.00000,1103.00000,615396
1577779200,1109.50000,1111.00000,1091.50000,1098.00000,460111
1577952000,1108.00000,1123.00000,1107.50000,1116.50000,757547
1578038400,1110.50000,1110.50000,1090.50000,1108.00000,855061
1578297600,1101.00000,1102.50000,1074.00000,1088.50000,1012938
1578384000,1096.50000,1101.00000,1086.50000,1086.50000,1181752
1578470400,1079.50000,1089.50000,1075.00000,1088.00000,1484903
1578556800,1090.50000,1096.00000,1083.00000,1094.00000,1204995
1578643200,1100.00000,1100.00000,1085.00000,1088.50000,2569558
1578902400,1090.00000,1103.50000,1083.00000,1103.50000,1531749
1578988800,1105.50000,1105.50000,1094.50000,1100.50000,2108725
1579075200,1098.50000,1105.00000,1093.00000,1095.00000,1386153
1579161600,1096.50000,1108.50000,1082.00000,1108.00000,1285624
1579248000,1110.50000,1140.50000,1109.40295,1126.50000,1728705
1579507200,1126.00000,1129.50000,1119.50000,1124.00000,704350
1579593600,1120.00000,1121.50000,1108.50000,1121.50000,1761334
1579680000,1124.50000,1130.00598,1115.50000,1121.50000,1780947
1579766400,1126.00000,1127.50000,1102.50000,1104.00000,1046894
1579852800,1115.00000,1143.00000,1110.41003,1117.00000,1586247
1580112000,1104.00000,1104.00000,1075.00000,1082.00000,2222660
1580198400,1085.50000,1101.00000,1078.99597,1099.00000,1632126
1580284800,1120.00000,1131.50000,1105.00000,1112.00000,1731067
1580371200,1098.00000,1126.50000,1094.00000,1120.00000,3011453
1580457600,1127.50000,1132.00000,1102.50000,1104.50000,2642238
1580716800,1106.50000,1131.00000,1095.00000,1126.00000,2366961
1580803200,1127.50000,1155.50000,1127.50000,1148.00000,1276290
1580889600,1139.00000,1161.50000,1132.00000,1148.00000,2291130
1580976000,1158.00000,1160.50000,1145.00000,1145.00000,1241198
1581062400,1155.50000,1155.50000,1134.50000,1147.50000,1371100
1581321600,1136.00000,1153.50000,1135.00000,1143.00000,1130166
1581408000,1148.00000,1159.00000,1143.00000,1156.50000,1382673
1581494400,1159.00000,1164.50000,1135.00000,1156.00000,1419756
1581580800,1156.00000,1160.50000,1141.50000,1160.50000,1174241
1581667200,1165.00000,1175.50000,1154.00000,1166.00000,983923
1581926400,1166.00000,1178.50000,1166.00000,1168.50000,577483
1582012800,1155.00000,1170.50000,1155.00000,1163.00000,1043468
1582099200,1172.00000,1179.00000,1164.00000,1167.50000,1073154
1582185600,1165.00000,1186.00000,1161.00000,1174.00000,1687912
1582272000,1175.00000,1185.50000,1164.00000,1171.00000,1090874
1582531200,1144.00000,1147.50000,1119.00000,1130.50000,2249079
1582617600,1131.50000,1140.50000,1112.00000,1112.00000,1756757
1582704000,1105.00000,1107.50000,1071.50000,1106.00000,2448936
1582790400,1087.00000,1090.00000,1036.50000,1044.50000,2003812
1582876800,1004.00000,1044.50000,991.39502,1008.00000,5747697
1583136000,1020.00000,1038.26196,983.59998,987.79999,3768402
1583222400,1000.00000,1040.50000,993.99298,1020.00000,4767086
1583308800,1023.50000,1045.50000,1011.00000,1026.50000,2047945
1583395200,1026.50000,1035.74097,965.40002,973.59998,3341879
1583481600,948.40002,955.20001,910.79999,930.40002,3661687
1583740800,877.00000,887.79999,786.00000,858.59998,4277923
1583827200,874.00000,903.59998,861.79999,862.59998,4015261
1583913600,872.40002,880.40002,824.59998,830.40002,3994595
1584000000,783.59998,789.20001,706.40002,713.40002,5681976
1584086400,791.40002,818.20001,718.59998,730.59998,4952812
1584345600,688.20001,693.20001,606.59998,682.79999,6552894
1584432000,716.20001,721.70099,606.49902,630.79999,5697145
1584518400,608.79999,614.23199,529.79999,597.79999,6148102
1584604800,603.59998,706.20001,588.80603,604.79999,5947962
1584691200,650.40002,692.10498,629.20001,667.59998,7234724
1584950400,626.79999,668.59998,619.00000,621.59998,5128669
1585036800,654.00000,727.40002,633.00000,727.40002,2967213
1585123200,764.59998,792.20001,722.00000,757.00000,3675535
1585209600,753.40002,814.79999,725.20001,814.79999,4536890
1585296000,792.00000,792.00000,731.00000,748.00000,2887222
1585551600,757.59998,784.50500,706.00000,763.79999,2544678
1585638000,786.20001,797.20001,715.04999,792.20001,4490216
1585724400,765.79999,767.20001,710.20001,713.59998,3150287
1585810800,716.59998,742.00000,698.62299,714.40002,3046008
1585897200,711.20001,711.20001,680.00000,688.40002,2625206
1586156400,699.20001,736.79999,697.51001,734.59998,2510936
1586242800,751.59998,797.20001,739.79999,769.40002,2879288
1586329200,748.79999,765.20001,733.59998,761.79999,2498025
1586415600,771.79999,800.00000,748.40002,773.20001,2137746
1586847600,780.20001,787.88397,746.00000,746.00000,3358520
1586934000,736.40002,755.40002,719.10498,728.00000,3400915
1587020400,733.79999,753.20001,710.40002,723.40002,3123596
1587106800,755.40002,785.59998,745.79999,769.79999,2400530
1587366000,780.59998,781.36499,752.59998,772.20001,1292398
1587452400,752.00000,759.32501,716.00000,716.00000,2111327
1587538800,729.00000,754.00000,720.79999,745.40002,2231191
1587625200,751.20001,755.40002,732.00000,744.20001,1869987
1587711600,732.79999,749.59998,714.79999,737.79999,1715280
1587970800,757.00000,774.79999,747.61499,772.00000,1944873
1588057200,772.00000,808.59998,769.20001,793.20001,3093745
1588143600,795.40002,839.00000,793.40002,827.59998,1643165
1588230000,845.79999,851.59998,783.40002,784.00000,2447484
1588316400,765.79999,776.00000,740.40002,742.20001,1273553
1588575600,741.79999,761.79999,721.79999,755.79999,2143999
1588662000,770.59998,781.20001,752.79999,768.79999,1570541
1588748400,773.20001,780.79999,754.00000,754.79999,1216338
1588834800,749.79999,767.06702,738.20001,765.00000,2615690
1589180400,772.59998,783.40002,722.31000,735.40002,2227161
1589266800,736.00000,758.40002,731.20001,754.20001,2767989
1589353200,741.00000,752.40002,726.50403,749.79999,2280425
1589439600,747.40002,799.79999,744.40002,797.00000,3093933
1589526000,795.79999,807.10303,763.79999,766.00000,2043403
1589785200,778.20001,818.59998,766.59998,810.40002,1944340
1589871600,820.00000,831.79999,799.40002,813.20001,2170855
1589958000,800.00000,809.59998,790.20001,805.40002,2071117
1590044400,790.59998,810.59998,779.20001,796.20001,1699141
1590130800,780.00000,816.79999,769.79999,813.20001,1989696
1590476400,833.20001,854.20001,827.59998,838.20001,2387665
1590562800,851.20001,868.40002,832.79999,845.79999,2689914
1590649200,850.79999,868.08899,812.00000,835.40002,3023954
1590735600,820.00000,830.20001,803.20001,825.00000,5546872
1590994800,832.20001,844.22699,827.59998,836.79999,2427508
1591081200,842.00000,861.40002,830.20001,858.00000,1837110
1591167600,870.00000,900.20001,853.83197,892.00000,2522565
1591254000,883.20001,890.00403,869.52002,880.59998,5058743
1591340400,888.40002,926.00000,880.40002,923.20001,3290501
1591599600,914.20001,924.40302,895.59998,912.40002,3506327
1591686000,910.20001,919.40002,863.20001,870.00000,3343694
1591772400,870.40002,891.20001,861.59998,872.59998,2425195
1591858800,838.59998,842.40002,816.59998,820.79999,2646632
1591945200,810.00000,837.40002,803.40002,813.00000,2166276
1592204400,803.26202,835.59998,790.63000,810.59998,1674519
1592290800,831.79999,846.20001,818.20001,825.20001,2482976
1592377200,825.59998,844.20001,820.00000,823.00000,1966232
1592463600,815.79999,823.41803,798.40002,816.59998,2567009
1592550000,819.59998,847.20001,811.40002,844.20001,4955953
1592809200,835.00000,857.14502,818.40002,826.40002,2950338
1592895600,831.20001,850.12201,825.59998,834.40002,1768950
1592982000,825.00000,831.00000,788.00000,788.00000,2681073
1593068400,786.00000,818.00000,773.59998,816.79999,2428500
1593154800,831.59998,844.40002,819.20001,823.40002,1630167
1593414000,820.40002,854.40002,816.38898,845.59998,2440171
1593500400,847.79999,853.00000,828.40002,832.59998,2224639
1593586800,831.79999,855.00000,817.40002,831.20001,2650691
1593673200,843.79999,864.40002,837.04303,846.40002,2038996
1593759600,846.40002,858.20001,822.40002,833.40002,2448240
1594018800,849.20001,865.59998,848.40002,863.40002,1330624
1594105200,856.20001,861.00000,836.79999,841.40002,1836816
1594191600,832.59998,838.40002,821.40002,821.40002,1648410
1594278000,837.00000,847.40002,815.79999,815.79999,2304652
1594364400,810.20001,835.77899,810.20001,825.20001,1577800
1594623600,831.20001,857.50000,830.59998,844.20001,1815804
1594710000,832.20001,849.50000,818.59998,831.20001,2321453
1594796400,852.00000,882.00000,848.71100,874.00000,2485468
1594882800,867.20001,880.29797,856.20001,867.00000,1869573
1594969200,865.20001,868.00000,849.20001,862.79999,2315687
1595228400,855.59998,866.00000,846.51398,865.00000,1239041
1595314800,875.59998,877.20001,865.59998,870.00000,1520641
1595401200,866.00000,878.79999,866.00000,871.00000,1512135
1595487600,874.00000,876.40002,864.59998,867.00000,1986052
1595574000,856.79999,880.59998,852.79999,870.00000,1857484
1595833200,871.20001,873.59998,860.20001,870.00000,1942275
1595919600,874.00000,883.59998,867.79999,869.79999,1578630
1596006000,868.20001,893.40002,866.20001,884.20001,2350691
1596092400,906.79999,909.20001,864.40002,868.40002,3800910
1596178800,876.20001,904.20001,861.18597,889.59998,3881096
1596438000,895.00000,911.59998,884.79999,911.59998,3559012
1596524400,912.00000,918.00000,887.00000,903.40002,3299946
1596610800,909.79999,928.59998,907.11603,925.79999,2358717
1596697200,917.20001,924.44098,898.40002,918.20001,1740999
1596783600,912.79999,925.40002,912.40002,925.40002,2202644
1597042800,931.20001,939.20001,912.20001,917.00000,1691556
1597129200,939.59998,946.59998,930.20001,934.59998,2475274
1597215600,934.79999,958.20001,929.20001,951.00000,2497118
1597302000,945.79999,948.79999,926.00000,926.20001,1366380
1597388400,928.40002,928.59998,909.59998,922.79999,1480530
1597647600,915.79999,933.79999,912.20001,932.00000,1991944
1597734000,919.00000,937.20001,914.40002,922.00000,1844590
1597820400,923.40002,932.59998,907.00000,927.59998,1216588
1597906800,917.00000,918.79999,906.48602,911.00000,863332
1597993200,906.00000,916.00000,896.20001,909.79999,1165407
1598252400,916.20001,927.79999,897.20001,925.00000,686713
1598338800,935.40002,937.00000,918.20001,925.00000,1241957
1598425200,927.00000,933.00000,918.79999,929.59998,720807
1598511600,931.20001,934.20001,923.59998,927.59998,1173222
1598598000,930.40002,942.00000,921.40002,938.00000,2150909
1598943600,930.20001,930.20001,910.59998,915.20001,1997364
1599030000,920.00000,930.00000,901.00000,904.40002,1785646
1599116400,906.00000,915.79999,880.40002,882.79999,1373886
1599202800,878.20001,893.00000,865.40002,870.40002,1355274
1599462000,872.79999,903.59998,871.00000,901.40002,2291878
1599548400,915.40002,915.40002,893.40002,906.59998,1094158
1599634800,905.59998,929.59998,903.79999,925.79999,1344972
1599721200,925.20001,932.79999,916.20001,932.59998,1791831
1599807600,933.59998,952.00000,926.71802,947.79999,1669604
1600066800,960.00000,960.00000,945.40002,948.20001,1434646
1600153200,948.00000,954.59998,941.49500,950.00000,1509249
1600239600,957.20001,974.59998,950.40002,974.59998,1892544
1600326000,964.79999,974.59998,964.25500,971.79999,1873746
1600412400,972.00000,995.40002,970.00000,984.59998,5769968
1600671600,976.40002,979.79999,936.00000,936.79999,2470750
1600758000,941.79999,943.40002,917.59998,921.40002,2818771
1600844400,940.79999,956.00000,933.20001,936.79999,1851609
1600930800,926.00000,945.20001,923.59998,937.59998,2156403
1601017200,941.40002,948.59998,923.59998,948.59998,1515393
1601276400,955.79999,983.20001,954.59998,980.40002,2003450
1601362800,980.00000,986.20001,973.40002,978.20001,1615360
1601449200,970.00000,1005.00000,970.00000,996.59998,2438102
1601535600,1006.50000,1027.00000,1001.00000,1027.00000,3043013
1601622000,1018.50000,1040.00000,1014.50000,1040.00000,2949012
1601881200,1051.00000,1058.50000,1047.00000,1055.50000,1218700
1601967600,1054.00000,1056.68201,1040.50000,1054.00000,2237237
1602054000,1052.00000,1066.50000,1050.50000,1065.00000,1995878
1602140400,1063.50000,1077.50000,1059.00000,1060.00000,1224813
1602226800,1062.50000,1075.00500,1058.00000,1074.00000,1345622
1602486000,1076.00000,1092.00000,1073.50000,1080.00000,1574669
1602572400,1080.50000,1080.50000,1061.50000,1070.00000,2125473
1602658800,1071.00000,1077.50000,1061.98999,1067.00000,1102018
1602745200,1051.00000,1054.00000,1034.50000,1050.50000,1209530
1602831600,1062.00000,1065.74097,1051.00000,1055.00000,1334856
1603090800,1062.00000,1065.00000,1055.50000,1061.50000,867975
1603177200,1055.00000,1062.00000,1052.50000,1055.00000,1065887
1603263600,1060.00000,1060.50000,1039.50000,1042.00000,1450342
1603350000,1040.00000,1051.75000,1032.50000,1048.00000,2106833
1603436400,1046.00000,1071.50000,1045.00000,1067.00000,1034648
1603699200,1043.50000,1071.00000,1041.50000,1046.50000,1254709
1603785600,1038.00000,1044.00000,1018.50000,1020.00000,2577065
1603872000,1001.50000,1009.00000,966.79999,976.79999,2223009
1603958400,976.20001,990.20001,953.20001,960.40002,2014992
1604044800,955.59998,964.40002,946.59998,961.00000,2410742
1604304000,962.20001,963.00000,952.30499,960.00000,1970457
1604390400,967.59998,1002.50000,965.20001,999.59998,1686635
1604476800,984.59998,1021.50000,978.79999,1021.50000,1362262
1604563200,1018.00000,1051.50000,1018.00000,1037.50000,3752840
1604649600,1020.50000,1048.00000,1020.50000,1040.50000,4713553
1604908800,1049.50000,1099.00000,1042.00000,1059.00000,1744698
1604995200,1061.00000,1069.50000,1041.00000,1045.00000,2032189
1605081600,1038.50000,1085.50000,1034.50000,1084.00000,1902732
1605168000,1099.50000,1137.00000,1095.71204,1111.00000,2427991
1605254400,1110.50000,1123.00000,1095.50000,1111.00000,2368873
1605513600,1122.50000,1127.19702,1104.50000,1117.00000,3604395
1605600000,1118.50000,1135.50000,1096.00000,1097.50000,2266697
1605686400,1089.00000,1112.50000,1089.00000,1104.50000,1635137
1605772800,1050.00000,1116.00000,1050.00000,1106.00000,2817009
1605859200,1101.00000,1116.00000,1095.00000,1116.00000,1872882
1606118400,1121.00000,1129.50000,1089.00000,1089.00000,2393555
1606204800,1090.50000,1102.00000,1059.00000,1081.00000,2692509
1606291200,1085.00000,1090.00000,1066.00000,1075.00000,3219343
1606377600,1075.00000,1078.00000,1058.70703,1070.50000,1342216
1606464000,1069.50000,1078.00000,1056.50000,1076.00000,4250211
1606723200,1076.00000,1088.75305,1069.50000,1070.50000,8459152
1606809600,1081.50000,1112.50000,1078.00000,1112.50000,2275976
1606896000,1105.50000,1112.50000,1095.00000,1104.50000,2345595
1606982400,1105.00000,1129.50000,1100.00000,1127.00000,1737245
1607068800,1131.00000,1138.00000,1118.50000,1123.50000,1333666
1607328000,1124.00000,1137.00000,1110.00000,1127.50000,1444625
1607414400,1116.50000,1167.00000,1115.53003,1160.50000,2525704
1607500800,1160.50000,1169.00000,1138.00000,1138.00000,2960397
1607587200,1145.50000,1159.00000,1125.50000,1129.00000,1720642
1607673600,1129.50000,1137.50000,1121.00000,1133.00000,3191745
1607932800,1152.50000,1152.50000,1128.00000,1136.50000,2647994
1608019200,1135.00000,1153.51001,1124.50000,1137.00000,1128843
1608105600,1140.00000,1154.51001,1139.50000,1141.50000,3959648
1608192000,1150.00000,1165.00000,1148.50000,1159.00000,996178
1608278400,1157.50000,1163.50000,1150.50000,1157.50000,3522402
1608537600,1141.50000,1162.50000,1107.50000,1127.50000,915572
1608624000,1109.00000,1147.00000,1109.00000,1142.00000,820079
1608710400,1144.00000,1162.00000,1142.50000,1159.00000,1009123
1608796800,1159.50000,1172.72498,1156.00000,1157.00000,305091
1609228800,1170.00000,1198.50000,1170.00000,1181.50000,820939
1609315200,1183.00000,1185.50000,1167.00000,1168.00000,698443
1609401600,1145.00000,1161.00000,1137.00000,1158.00000,731127
1609747200,1179.00000,1186.74500,1162.00000,1171.50000,790358
1609833600,1160.50000,1182.50000,1151.50000,1165.00000,1182498
1609920000,1170.00000,1209.00000,1164.50000,1202.00000,2062996
1610006400,1200.00000,1215.00000,1177.00000,1195.50000,2776999
1610092800,1206.50000,1213.50000,1168.50000,1170.00000,1880374
1610352000,1171.50000,1177.00000,1152.50000,1157.00000,1565595
1610438400,1162.00000,1168.50000,1131.50000,1150.00000,1994648
1610524800,1148.50000,1167.00000,1138.50000,1158.50000,1559703
1610611200,1163.00000,1167.00000,1152.01001,1161.50000,1121056
1610697600,1139.00000,1163.50000,1132.00000,1142.00000,1149004
1610956800,1146.00000,1159.50000,1139.00000,1145.00000,496066
1611043200,1142.50000,1149.00000,1121.50000,1129.50000,1535241
1611129600,1139.00000,1155.50000,1124.50000,1147.50000,1228156
1611216000,1147.50000,1157.74097,1140.00000,1149.00000,947577
1611302400,1151.00000,1153.00000,1136.50000,1144.00000,1459800
1611561600,1146.50000,1154.00000,1132.00000,1134.50000,2036293
1611648000,1142.50000,1165.51001,1135.50000,1156.00000,1740598
1611734400,1157.00000,1158.50000,1121.00000,1125.50000,2163713
1611820800,1118.00000,1127.00000,1094.00000,1127.00000,1459891
1611907200,1111.00000,1123.01001,1089.50000,1111.50000,1670252
1612166400,1116.50000,1143.00000,1110.00000,1143.00000,1567181
1612252800,1147.50000,1173.50000,1142.25903,1172.50000,1332743
1612339200,1180.00000,1191.50000,1162.00000,1169.00000,1189098
1612425600,1169.00000,1194.50000,1166.50000,1190.00000,1538268
1612512000,1192.50000,1199.50000,1162.00000,1174.00000,11528893
1612771200,1170.00000,1183.00000,1159.50000,1160.00000,927217
1612857600,1158.50000,1158.50000,1143.00000,1147.00000,2087538
1612944000,1143.50000,1152.50000,1121.00000,1126.00000,1158381
1613030400,1126.50000,1148.50000,1126.50000,1145.50000,997536
1613116800,1139.50000,1148.30005,1128.00000,1147.00000,747316
1613376000,1157.00000,1188.50000,1154.96997,1185.00000,958256
1613462400,1187.50000,1191.50000,1169.00000,1175.50000,1177944
1613548800,1175.50000,1176.00000,1152.00000,1156.50000,1243591
1613635200,1150.50000,1164.00000,1131.50000,1140.50000,1087219
1613721600,1144.00000,1149.00000,1131.00000,1136.00000,1542105
1613980800,1130.00000,1139.74695,1114.00000,1135.00000,1188866
1614067200,1138.00000,1147.00000,1116.00000,1132.50000,20865890
1614153600,1120.50000,1148.00000,1117.41394,1142.00000,987596
1614240000,1132.50000,1152.50000,1131.50000,1136.50000,837627
1614326400,1117.00000,1127.50000,1104.50000,1107.00000,2331336
1614585600,1114.00000,1144.00000,1114.00000,1133.00000,2972800
1614672000,1126.50000,1149.50000,1126.50000,1135.50000,4055571
1614758400,1145.00000,1163.50000,1139.50000,1152.00000,1116504
1614844800,1141.50000,1152.00000,1136.00000,1140.00000,1435702
1614931200,1130.00000,1149.00500,1118.00000,1135.50000,2921897
1615190400,1144.00000,1151.00000,1126.50000,1147.50000,1368159
1615276800,1146.50000,1171.25305,1136.00000,1166.00000,3320144
1615363200,1162.50000,1166.50500,1150.00000,1150.00000,1340839
1615449600,1152.50000,1179.50000,1151.00000,1164.50000,1179015
1615536000,1157.50000,1167.50000,1151.50000,1162.00000,915745
1615795200,1164.50000,1180.00000,1164.00000,1175.50000,1703208
1615881600,1184.00000,1216.59998,1182.50000,1210.00000,3624563
1615968000,1209.00000,1213.50000,1190.50000,1197.00000,1981028
1616054400,1197.00000,1200.00000,1178.50000,1181.50000,1536749
1616140800,1166.00000,1175.50000,1141.00000,1154.00000,6464514
1616400000,1149.00000,1168.50000,1135.50000,1163.50000,959595
1616486400,1147.50000,1158.00000,1138.50000,1141.00000,1383478
1616572800,1131.50000,1159.50000,1128.52502,1152.00000,1659187
1616659200,1148.50000,1167.50000,1141.50000,1157.00000,1487565
1616745600,1166.00000,1178.50000,1160.50000,1169.50000,1326499
1617001200,1169.00000,1178.04004,1143.50000,1160.50000,1694155
1617087600,1168.00000,1174.00000,1156.00000,1167.50000,1623245
1617174000,1165.50000,1181.00000,1149.50000,1153.50000,2037538
1617260400,1155.00000,1177.50000,1150.50000,1173.50000,811662
1617692400,1175.50000,1208.00000,1175.50000,1204.00000,1416908
1617778800,1204.50000,1213.00000,1194.00000,1211.00000,1000470
1617865200,1214.50000,1255.00000,1214.50000,1253.00000,3347555
1617951600,1257.50000,1261.00000,1233.50000,1241.00000,1135047
1618210800,1240.00000,1247.00000,1220.00000,1238.00000,1177525
1618297200,1231.00000,1254.50000,1228.50000,1240.50000,1854134
1618383600,1237.00000,1246.00000,1233.94995,1244.50000,713545
1618470000,1250.50000,1257.50000,1239.00000,1256.50000,988420
1618556400,1257.00000,1263.00000,1250.00000,1257.00000,2365538
1618815600,1256.50000,1269.50000,1237.00000,1244.00000,1313669
1618902000,1247.50000,1248.75305,1212.00000,1214.50000,3356257
1618988400,1218.00000,1230.50000,1214.50000,1223.00000,995359
1619074800,1237.00000,1237.18994,1220.00000,1235.50000,864543
1619161200,1226.50000,1240.50000,1225.50000,1236.50000,730670
1619420400,1239.00000,1255.00000,1235.50000,1255.00000,3436774
1619506800,1250.50000,1257.50000,1243.50000,1251.00000,1413649
1619593200,1250.00000,1261.50000,1248.50000,1252.50000,717222
1619679600,1258.00000,1278.50000,1258.00000,1270.50000,864583
1619766000,1269.00000,1284.50000,1269.00000,1282.00000,1614995
1620111600,1285.50000,1292.34595,1221.50000,1226.00000,1529646
1620198000,1227.50000,1240.00000,1222.50000,1235.50000,2278923
1620284400,1234.50000,1244.00000,1218.50000,1244.00000,1890973
1620370800,1249.00000,1251.50000,1235.50000,1248.00000,2408268
1620630000,1250.00000,1253.50000,1227.00000,1233.50000,1373477
1620716400,1219.00000,1221.00000,1189.50000,1195.00000,1468169
1620802800,1193.50000,1210.50000,1180.00000,1198.00000,1280176
1620889200,1182.50000,1231.50000,1176.25098,1224.00000,2009516
1620975600,1243.50000,1250.00000,1232.00000,1244.50000,1192250
1621234800,1240.00000,1256.50000,1221.50000,1222.00000,829660
1621321200,1232.00000,1235.50000,1219.50000,1232.00000,1074675
1621407600,1217.50000,1218.00000,1201.50000,1209.00000,891012
1621494000,1220.00000,1236.50000,1216.00000,1236.50000,981581
1621580400,1230.00000,1247.50000,1229.50000,1246.00000,1129753
1621839600,1250.00000,1253.50000,1239.50000,1253.00000,612739
1621926000,1252.00000,1255.00000,1242.50000,1244.00000,795603
1622012400,1237.50000,1248.00000,1225.00000,1232.50000,6050697
1622098800,1235.00000,1247.00000,1229.50000,1229.50000,3791485
1622185200,1230.50000,1252.25098,1229.50000,1243.00000,1154701
1622530800,1244.00000,1274.00500,1244.00000,1261.00000,1533007
1622617200,1258.50000,1266.00000,1246.00000,1255.50000,3895386
1622703600,1258.00000,1259.50000,1234.50000,1244.00000,904090
1622790000,1243.00000,1255.50000,1241.00000,1252.00000,748461
1623049200,1265.00000,1265.00000,1247.50000,1252.00000,793625
1623135600,1250.00000,1260.50000,1246.00000,1246.00000,931276
1623222000,1235.00000,1244.50000,1206.00000,1208.00000,1257496
1623308400,1211.50000,1223.50000,1203.50000,1219.50000,1534088
1623394800,1222.50000,1252.00000,1218.50000,1247.00000,1606377
1623654000,1255.50000,1260.74194,1235.82996,1241.50000,887375
1623740400,1251.00000,1252.50000,1239.50000,1251.00000,1112455
1623826800,1257.50000,1268.50000,1248.98999,1258.00000,4109074
1623913200,1237.50000,1237.50000,1207.00000,1219.50000,6535783
1623999600,1216.00000,1218.50000,1184.50000,1190.50000,4630166
1624258800,1182.00000,1207.50000,1175.00000,1207.50000,1176026
1624345200,1210.00000,1211.00000,1199.50000,1205.50000,1347228
1624431600,1205.00000,1207.00000,1189.00000,1189.00000,979781
1624518000,1186.00000,1197.00000,1180.50000,1182.50000,1224066
1624604400,1183.00000,1195.00000,1180.00000,1195.00000,1004528
1624863600,1191.50000,1195.00000,1185.50000,1185.50000,1212047
1624950000,1183.50000,1203.00000,1183.50000,1185.50000,1320695
1625036400,1183.50000,1189.00000,1171.75806,1173.00000,1826530
1625122800,1184.50000,1196.50000,1175.00000,1186.50000,1182294
1625209200,1190.00000,1198.92798,1188.00000,1193.50000,1117459
1625468400,1193.00000,1214.00000,1192.50000,1213.50000,1024653
1625554800,1212.00000,1221.00000,1200.50000,1209.50000,994515
1625641200,1208.00000,1215.00000,1204.50000,1209.50000,1125488
1625727600,1201.00000,1205.63794,1168.50000,1173.00000,2034286
1625814000,1181.50000,1202.50000,1178.00000,1202.50000,1289719
1626073200,1201.00000,1208.50000,1191.00000,1203.00000,784074
1626159600,1204.50000,1207.00000,1192.50000,1196.50000,1760491
1626246000,1189.50000,1191.00000,1178.00000,1184.50000,698983
1626332400,1184.50000,1186.00000,1162.00000,1165.50000,1003906
1626418800,1177.50000,1177.50500,1154.00000,1159.50000,1002531
1626678000,1157.00000,1176.50000,1146.00000,1151.00000,2054291
1626764400,1155.50000,1169.43103,1141.00000,1158.50000,1857151
1626850800,1164.00000,1217.50000,1164.00000,1212.00000,1532980
1626937200,1231.00000,1263.00000,1228.50000,1263.00000,2427300
1627023600,1271.00000,1296.50000,1267.00000,1295.50000,2063401
1627282800,1291.50000,1295.00000,1274.04895,1290.00000,2291390
1627369200,1285.00000,1297.50000,1271.00000,1280.50000,1912419
1627455600,1276.00000,1287.50000,1276.00000,1287.00000,2052279
1627542000,1290.00000,1294.50000,1278.50000,1286.50000,852593
1627628400,1275.00000,1282.50000,1261.50000,1279.50000,1338411
1627887600,1294.50000,1296.50000,1286.00000,1293.00000,810307
1627974000,1292.50000,1293.13794,1276.50000,1280.00000,2473697
1628060400,1288.00000,1307.00000,1281.00000,1307.00000,1427653
1628146800,1305.50000,1324.00000,1302.00000,1304.50000,1819717
1628233200,1299.50000,1307.00000,1292.50000,1300.50000,712646
1628492400,1300.50000,1308.00000,1291.00000,1308.00000,1388544
1628578800,1309.00000,1322.00000,1306.00000,1322.00000,2140682
1628665200,1324.00000,1345.50000,1319.00000,1337.00000,2292079
1628751600,1336.50000,1347.00000,1327.00000,1330.50000,2960015
1628838000,1331.00000,1343.50000,1331.00000,1336.50000,585603
1629097200,1330.50000,1331.50000,1312.50000,1321.00000,896970
1629183600,1312.00000,1335.50000,1304.50000,1330.50000,1405159
1629270000,1335.00000,1336.50000,1316.50000,1327.00000,914603
1629356400,1309.50000,1311.00000,1284.50000,1310.00000,875017
1629442800,1311.00000,1323.50000,1299.00000,1318.00000,926642
1629702000,1327.50000,1331.00000,1306.25305,1317.00000,667182
1629788400,1308.50000,1322.00000,1304.50000,1322.00000,878469
1629874800,1328.00000,1329.00000,1311.50000,1322.50000,636580
1629961200,1319.00000,1329.00000,1313.50000,1321.50000,733765
1630047600,1328.00000,1331.50000,1316.99500,1331.00000,1719071
1630393200,1336.00000,1350.50000,1324.50000,1337.50000,2078783
1630479600,1345.50000,1348.00000,1333.00000,1339.00000,710718
1630566000,1332.50000,1344.50000,1331.50000,1338.50000,1143079
1630652400,1341.00000,1344.00000,1334.00000,1335.50000,956961
1630911600,1340.00000,1347.00000,1334.00000,1339.00000,569215
1630998000,1339.00000,1339.00000,1325.50000,1330.50000,830698
1631084400,1323.50000,1323.50000,1300.50000,1306.00000,1192192
1631170800,1291.50000,1311.00000,1283.00000,1308.00000,1279457
1631257200,1316.50000,1319.50000,1297.00000,1300.00000,967934
1631516400,1302.00000,1306.50000,1292.00000,1293.00000,25408
1631602800,1295.50000,1296.50000,1263.50000,1271.00000,1169837
1631689200,1271.50000,1288.00000,1266.50000,1279.50000,2120784
1631775600,1284.00000,1301.50000,1284.00000,1292.50000,977753
1631862000,1305.50000,1310.00000,1285.00000,1285.50000,4453180
1632121200,1270.00000,1276.00000,1261.50000,1272.00000,1358896
1632207600,1278.50000,1302.50000,1277.50000,1297.00000,1229322
1632294000,1305.50000,1320.50000,1305.00000,1318.00000,1043271
1632380400,1325.50000,1345.50000,1321.63403,1328.00000,1024529
1632466800,1327.00000,1327.00000,1294.50000,1300.50000,1211508
1632726000,1316.50000,1323.50000,1271.50000,1275.00000,1921850
1632812400,1273.00000,1281.15405,1249.50000,1272.50000,2776985
1632898800,1270.00000,1296.50000,1264.50000,1274.00000,1809369
1632985200,1282.50000,1289.50000,1270.00000,1281.50000,1958093
1633071600,1260.00000,1284.00000,1257.00000,1281.00000,1114241
1633330800,1274.50000,1278.00000,1250.50000,1252.00000,1137676
1633417200,1254.00000,1267.00000,1251.02600,1265.00000,1119407
1633503600,1252.00000,1256.00000,1227.00000,1247.00000,799148
1633590000,1262.00000,1266.00000,1245.50000,1266.00000,1107404
1633676400,1265.50000,1268.52502,1244.50000,1256.50000,1009845
1633935600,1250.00000,1272.50000,1248.50000,1271.00000,1194160
1634022000,1254.00000,1270.50000,1248.00000,1266.00000,852416
1634108400,1265.50000,1291.00000,1259.00000,1287.50000,1030838
1634194800,1298.00000,1311.00000,1296.50000,1305.00000,1451506
1634281200,1311.50000,1321.00000,1304.00000,1315.50000,1439169
1634540400,1311.00000,1321.00000,1306.00000,1306.00000,674748
1634626800,1311.00000,1316.50000,1300.99500,1314.00000,592595
1634713200,1312.50000,1319.50000,1303.50000,1303.50000,718772
1634799600,1301.00000,1323.00000,1292.50000,1323.00000,909038
1634886000,1326.50000,1326.50000,1313.00000,1321.50000,818220
1635145200,1328.00000,1336.00000,1323.00000,1326.50000,922333
1635231600,1330.50000,1340.50000,1328.00000,1340.00000,955650
1635318000,1338.00000,1345.25000,1328.50000,1334.00000,1106403
1635404400,1331.00000,1359.00000,1322.00000,1356.50000,1564183
1635490800,1351.50000,1370.50000,1344.00000,1364.00000,1342113
1635753600,1375.00000,1376.50000,1069.00000,1362.00000,2106620
1635840000,1361.00000,1370.00000,1353.00000,1366.00000,1674094
1635926400,1364.00000,1370.50000,1363.00000,1368.00000,959009
1636012800,1378.00000,1386.00000,1364.50000,1383.50000,1348855
1636099200,1379.50000,1392.00000,1363.50000,1372.50000,1477199
1636358400,1368.00000,1385.50000,1354.00000,1378.00000,1398578
1636444800,1375.00000,1377.30200,1343.50000,1349.00000,2005929
1636531200,1347.00000,1367.50000,1341.34705,1365.50000,3585736
1636617600,1384.00000,1434.50000,1367.50000,1429.00000,1921094
1636704000,1442.50000,1460.00000,1428.50000,1453.50000,2966962
1636963200,1447.00000,1457.50000,1442.00000,1444.50000,1043217
1637049600,1446.00000,1450.00000,1429.50000,1446.50000,1591928
1637136000,1439.00000,1444.00000,1426.50000,1434.00000,3335149
1637222400,1435.00000,1458.00000,1431.45105,1450.50000,1032994
1637308800,1453.00000,1453.00000,1433.50000,1443.00000,4548741
1637568000,1450.00000,1450.00000,1430.00000,1433.00000,1181141
1637654400,1420.00000,1427.50000,1403.00000,1416.50000,1122399
1637740800,1414.00000,1428.50000,1404.50000,1421.50000,824855
1637827200,1427.50000,1444.50000,1418.00000,1444.50000,797238
1637913600,1408.00000,1410.00000,1356.50000,1362.50000,2453177
1638172800,1385.00000,1403.50000,1378.47595,1388.00000,2131020
1638259200,1375.50000,1398.00000,1363.00000,1387.00000,4313470
1638345600,1374.50000,1435.50000,1374.50000,1433.50000,1509892
1638432000,1394.00000,1406.50000,1387.50000,1400.00000,1436692
1638518400,1409.50000,1426.00000,1402.50000,1408.50000,1730138
1638777600,1419.50000,1419.50000,1374.00000,1400.00000,1802703
1638864000,1410.50000,1465.50000,1402.50000,1454.00000,3024376
1638950400,1458.50000,1463.50000,1400.00000,1405.00000,2186744
1639036800,1409.00000,1412.93994,1388.00000,1399.50000,1095094
1639123200,1388.00000,1397.50000,1379.00000,1392.50000,1079477
1639382400,1393.00000,1420.50000,1393.00000,1396.00000,3819045
1639468800,1404.00000,1416.50000,1387.50000,1389.50000,968832
1639555200,1394.50000,1410.00000,1391.50000,1400.00000,899698
1639641600,1425.00000,1432.50000,1400.00000,1418.50000,1997065
1639728000,1411.00000,1427.50000,1402.50000,1424.00000,2453159
1639987200,1399.50000,1407.00000,1383.00000,1397.50000,1356763
1640073600,1418.50000,1419.50000,1396.50000,1405.50000,1025348
1640160000,1403.50000,1429.50000,1399.49500,1429.50000,949425
1640246400,1435.50000,1449.00000,1432.00000,1444.50000,1293579
1640332800,1462.00000,1462.00000,1440.50000,1454.50000,138655
1640764800,1471.00000,1477.00000,1460.00000,1467.50000,797819
1640851200,1466.00000,1469.00000,1447.00000,1458.00000,575929
1640937600,1449.00000,1457.00000,1449.00000,1449.00000,271769
1641283200,1478.00000,1507.50000,1465.50000,1503.50000,1287513
1641369600,1499.00000,1505.00000,1478.50000,1480.50000,1919416
1641456000,1457.50000,1471.50000,1442.00000,1444.50000,1210133
1641542400,1446.50000,1452.00000,1423.50000,1452.00000,2527588
1641801600,1457.00000,1457.00000,1410.00000,1414.00000,2259853
1641888000,1420.00000,1426.00000,1406.50000,1417.00000,2284127
1641974400,1430.00000,1436.00000,1418.00000,1434.50000,1408026
1642060800,1433.00000,1435.38000,1386.50000,1407.50000,2458642
1642147200,1392.50000,1440.00000,1392.50000,1415.50000,1526192
1642406400,1421.00000,1437.50000,1414.00000,1432.00000,722242
1642492800,1429.00000,1429.00000,1399.00000,1406.00000,1229306
1642579200,1393.00000,1416.00000,1383.00000,1410.00000,2226431
1642665600,1412.00000,1414.50000,1399.00000,1412.50000,1143734
1642752000,1392.50000,1403.44495,1360.96997,1370.00000,2888838
1643011200,1359.50000,1367.50000,1296.00000,1298.50000,2687077
1643097600,1320.00000,1328.50000,1296.50000,1307.50000,1123867
1643184000,1318.50000,1341.50000,1311.50000,1321.00000,2542864
1643270400,1312.00000,1358.00000,1310.00000,1347.00000,2422554
1643356800,1337.00000,1346.50000,1312.49902,1327.00000,3109533
1643616000,1347.50000,1375.00000,1333.00000,1370.00000,2663523
1643702400,1384.00000,1408.50000,1384.00000,1387.50000,1789821
1643788800,1404.50000,1417.00403,1394.50000,1396.50000,2160077
1643875200,1397.50000,1400.42700,1377.50000,1390.00000,3430719
1643961600,1395.00000,1404.00000,1349.50000,1352.50000,1958918
1644220800,1359.00000,1362.00000,1342.50000,1347.50000,2050989
1644307200,1350.50000,1351.95703,1339.00000,1339.00000,1670518
1644393600,1350.50000,1383.50000,1348.50000,1375.50000,2411520
1644480000,1382.00000,1389.50000,1355.00000,1370.50000,1095248
1644566400,1355.50000,1364.00000,1345.00000,1360.00000,1151799
1644825600,1334.50000,1356.00000,1293.50000,1322.00000,1640429
1644912000,1315.50000,1345.00000,1314.50000,1343.50000,4428101
1644998400,1338.50000,1345.00000,1326.00000,1345.00000,1110778
1645084800,1349.50000,1356.00000,1313.00000,1320.50000,1063128
1645171200,1318.50000,1328.50000,1312.49695,1313.00000,1442961
1645430400,1320.50000,1326.00000,1285.50000,1298.00000,1094317
1645516800,1272.00000,1320.00000,1266.97400,1309.00000,1025662
1645603200,1318.00000,1347.00000,1309.00000,1313.00000,1327527
1645689600,1247.50000,1285.00000,1235.00000,1245.50000,2325185
1645776000,1270.00000,1313.00000,1245.50000,1307.00000,3248744
1646035200,1285.50000,1335.50000,1281.42896,1335.50000,4886828
1646121600,1330.50000,1337.00000,1296.00000,1296.00000,3816126
1646208000,1290.50000,1319.00000,1282.00000,1304.50000,3054895
1646294400,1304.50000,1311.50000,1230.00000,1233.50000,1700940
1646380800,1220.50000,1231.50000,1155.00000,1155.00000,2976844
1646640000,1116.50000,1162.50000,1071.00000,1138.50000,3426552
1646726400,1113.00000,1182.00000,1108.00000,1143.50000,4339019
1646812800,1176.50000,1232.00000,1170.00000,1232.00000,3876167
1646899200,1236.00000,1240.00000,1203.50000,1217.50000,2564040
1646985600,1231.00000,1265.00000,1231.00000,1242.00000,1294909
1647244800,1258.00000,1298.50000,1248.00000,1276.00000,7151014
1647331200,1269.00000,1289.00000,1254.50000,1271.00000,1680642
1647417600,1302.50000,1339.50000,1299.75098,1320.50000,2582880
1647504000,1334.50000,1350.00000,1314.00000,1350.00000,1791809
1647590400,1350.50000,1367.50000,1335.00000,1359.50000,6758100
1647849600,1363.50000,1370.10095,1342.00000,1352.50000,1465980
1647936000,1356.50000,1369.50000,1353.00000,1361.00000,1219400
1648022400,1364.00000,1370.34302,1335.50000,1336.50000,1283161
1648108800,1336.50000,1363.50000,1325.50000,1325.50000,1585405
1648195200,1328.50000,1356.75000,1326.00000,1350.00000,1489688
1648450800,1359.50000,1365.50000,1345.00000,1359.00000,1163973
1648537200,1357.50000,1421.50000,1357.50000,1406.00000,1444868
1648623600,1406.00000,1407.00000,1374.50000,1381.00000,2091803
1648710000,1403.50000,1410.00000,1385.00000,1388.50000,1585639
1648796400,1393.00000,1396.50000,1373.00000,1381.50000,1425274
1649055600,1387.00000,1403.00000,1379.50000,1402.50000,1252364
1649142000,1401.50000,1412.50000,1392.50000,1398.00000,1813946
1649228400,1394.00000,1404.00000,1357.50000,1360.00000,2099696
1649314800,1369.00000,1375.50000,1349.00000,1359.50000,1316594
1649401200,1388.50000,1388.50000,1361.50000,1371.50000,1007535
1649660400,1370.50000,1383.50000,1346.00000,1346.00000,1092066
1649746800,1333.00000,1344.00000,1317.00000,1320.00000,1647500
1649833200,1316.00000,1324.50000,1296.50000,1313.50000,1434060
1649919600,1319.50000,1339.50000,1305.00000,1332.50000,1621552
1650351600,1332.50000,1345.50000,1315.00000,1334.50000,5821581
1650438000,1340.00000,1362.50000,1327.00000,1362.50000,3509755
1650524400,1371.50000,1383.00000,1357.00000,1373.50000,3530430
1650610800,1361.00000,1378.50000,1354.00000,1354.00000,1340596
1650870000,1327.00000,1333.00000,1306.00000,1318.50000,1653209
1650956400,1336.50000,1351.00000,1283.50000,1283.50000,4010416
1651042800,1286.50000,1308.00000,1267.00000,1287.50000,2461969
1651129200,1302.50000,1332.00000,1300.00000,1317.50000,1978839
1651215600,1334.00000,1343.00000,1316.50000,1325.00000,1456836
1651561200,1320.50000,1334.50000,1301.00000,1302.50000,1348666
1651647600,1305.00000,1314.00000,1295.00000,1305.50000,2715038
1651734000,1332.50000,1345.00000,1301.50000,1308.50000,1509024
1651820400,1300.50000,1310.00000,1255.00000,1260.50000,2479296
1652079600,1249.00000,1265.00000,1231.00000,1235.00000,3129355
1652166000,1251.50000,1267.00000,1242.00000,1247.00000,3559459
1652252400,1258.00000,1288.00000,1246.50000,1288.00000,3295189
1652338800,1278.50000,1282.50000,1244.50000,1272.50000,2476111
1652425200,1281.50000,1317.00000,1270.00000,1310.00000,1748160
1652684400,1302.00000,1323.50000,1296.50000,1323.00000,1674010
1652770800,1326.50000,1368.00000,1322.00000,1348.00000,1883512
1652857200,1353.00000,1370.50000,1324.00000,1324.00000,4637150
1652943600,1310.50000,1310.50000,1167.50000,1178.00000,4583943
1653030000,1190.00000,1230.50000,1178.00000,1221.50000,4399510
1653289200,1240.00000,1259.00000,1233.50000,1257.00000,1645668
1653375600,1236.50000,1248.50000,1221.90198,1222.00000,2656011
1653462000,1240.50000,1244.00000,1208.50000,1236.00000,2296281
1653548400,1239.00000,1268.00000,1239.00000,1263.00000,2240285
1653634800,1269.00000,1291.27698,1265.76501,1282.50000,2110981
1653894000,1294.00000,1304.50000,1285.00000,1296.00000,2776638
1653980400,1293.50000,1299.00000,1262.50000,1269.50000,4371219
1654066800,1279.00000,1281.00000,1237.00000,1238.50000,2410103
1654498800,1254.00000,1265.98401,1249.50000,1250.00000,3504231
1654585200,1235.00000,1245.50000,1198.50000,1214.00000,3612806
1654671600,1219.00000,1223.00000,1194.00000,1199.00000,2013393
1654758000,1192.00000,1192.00000,1159.50000,1166.50000,1439692
1654844400,1153.00000,1176.50000,1146.00000,1151.00000,2881244
1655103600,1140.00000,1141.00000,1101.50000,1123.00000,2680942
1655190000,1135.50000,1137.50000,1104.50000,1104.50000,2200410
1655276400,1118.50000,1136.00000,1111.00000,1125.00000,2712370
1655362800,1094.00000,1102.50000,1046.00000,1060.00000,2421277
1655449200,1068.00000,1083.00000,1051.25000,1059.00000,3746941
1655708400,1063.50000,1072.00000,1057.00000,1066.50000,2072287
1655794800,1069.50000,1093.00000,1064.50000,1069.00000,1029015
1655881200,1056.00000,1087.50000,1042.00000,1076.50000,3178122
1655967600,1073.00000,1095.50000,1061.50000,1086.50000,2163608
1656054000,1097.50000,1130.00000,1092.00000,1122.50000,2081863
1656313200,1131.50000,1137.50000,1118.00000,1123.50000,3904800
1656399600,1133.00000,1135.50000,1112.49902,1120.50000,3468397
1656486000,1107.00000,1123.50000,1094.50000,1112.00000,1418383
1656572400,1086.50000,1114.00000,1073.00000,1108.50000,2145832
1656658800,1100.00000,1117.00000,1091.50000,1102.00000,1185933
1656918000,1112.00000,1118.00000,1080.50000,1085.00000,1138971
1657004400,1081.00000,1109.00000,1081.00000,1098.50000,2990333
1657090800,1114.00000,1137.50000,1102.50000,1126.00000,3082425
1657177200,1129.50000,1152.00000,1109.50000,1152.00000,3636335
1657263600,1149.00000,1165.00000,1139.50000,1158.00000,1123073
1657522800,1140.00000,1161.00000,1133.00000,1152.50000,882289
1657609200,1137.50000,1182.00000,1132.50000,1177.00000,1482912
1657695600,1172.00000,1194.00000,1158.50000,1179.00000,5219382
1657782000,1177.00000,1184.00000,1148.50000,1155.00000,2027925
1657868400,1159.00000,1190.00000,1152.00000,1187.00000,1600682
1658127600,1198.50000,1205.50000,1188.00000,1190.50000,1783978
1658214000,1183.00000,1202.00000,1171.00000,1198.00000,1085653
1658300400,1205.50000,1214.00000,1186.00000,1197.00000,3482469
1658386800,1202.00000,1250.25000,1199.00000,1247.00000,2535389
1658473200,1254.00000,1257.50000,1237.00000,1237.00000,1775861
1658732400,1229.00000,1237.00000,1223.00000,1227.00000,7532866
1658818800,1227.00000,1229.50000,1191.00000,1202.00000,2566731
1658905200,1210.00000,1233.00000,1204.00000,1220.00000,843411
1658991600,1234.50000,1246.00000,1226.00000,1246.00000,1570806
1659078000,1257.00000,1274.00000,1249.69995,1269.50000,2406165
1659337200,1267.00000,1275.50000,1252.50000,1260.50000,877065
1659423600,1259.50000,1259.50000,1237.50000,1243.50000,1247815
1659510000,1242.50000,1257.00000,1234.50000,1257.00000,1007918
1659596400,1261.00000,1268.50000,1249.00000,1259.50000,2427628
1659682800,1264.00000,1266.50000,1222.00000,1222.50000,1885949
1659942000,1226.00000,1260.00000,1226.00000,1250.50000,979960
1660028400,1256.50000,1258.95996,1237.00000,1241.50000,1794826
1660114800,1238.50000,1278.00000,1235.50000,1273.50000,2046240
1660201200,1286.00000,1286.00000,1255.00000,1255.00000,1102746
1660287600,1251.00000,1259.00000,1247.50000,1259.00000,729234
1660546800,1267.00000,1267.00000,1243.50000,1251.50000,1116144
1660633200,1259.00000,1268.00000,1249.50000,1253.50000,864704
1660719600,1257.00000,1279.00000,1252.50000,1258.50000,1238891
1660806000,1263.00000,1274.00000,1251.25000,1260.50000,693484
1660892400,1257.00000,1257.00000,1237.23303,1240.00000,2787270
1661151600,1244.00000,1247.69495,1225.00000,1229.50000,2379263
1661238000,1226.00000,1234.00000,1219.00000,1222.50000,6523424
1661324400,1227.00000,1230.00000,1200.50000,1222.50000,990171
1661410800,1241.00000,1251.00000,1222.00000,1224.00000,805374
1661497200,1232.50000,1236.50000,1192.98804,1193.00000,1986222
1661842800,1175.00000,1226.50000,1175.00000,1209.00000,1710629
1661929200,1217.00000,1231.00000,1194.00000,1215.50000,6349437
1662015600,1209.00000,1210.50000,1130.50000,1133.50000,2351367
1662102000,1144.50000,1170.50000,1125.50000,1170.50000,1422327
1662361200,1141.00000,1161.00000,1128.00000,1161.00000,1653707
1662447600,1161.00000,1187.00000,1160.00000,1175.00000,1253723
1662534000,1162.50000,1185.50000,1156.50000,1179.00000,1675217
1662620400,1185.00000,1188.00000,1131.00000,1155.50000,1109332
1662706800,1157.00000,1183.50000,1157.00000,1166.50000,1554869
1662966000,1180.50000,1200.00000,1174.00000,1195.00000,1567538
1663052400,1197.00000,1205.50000,1163.00000,1163.00000,1278732
1663138800,1145.50000,1159.96301,1127.00000,1133.00000,1338471
1663225200,1138.50000,1147.50000,1126.00000,1132.00000,880196
1663311600,1121.00000,1146.50000,1112.00195,1134.00000,3519396
1663657200,1134.00000,1143.50000,1099.00000,1099.00000,1214832
1663743600,1094.50000,1138.50000,1089.87500,1138.50000,2335855
1663830000,1124.50000,1132.00000,1104.00000,1114.00000,1700800
1663916400,1105.50000,1114.50000,1074.50000,1087.50000,2305030
1664175600,1080.00000,1125.00000,1080.00000,1081.71594,2075083
1664262000,1133.50000,1154.50000,1117.00000,1117.00000,1975095
1664348400,1106.50000,1133.00000,1098.00000,1119.00000,2366379
1664434800,1106.00000,1112.77795,1063.00000,1079.50000,4096325
1664521200,1078.00000,1109.71204,1076.50000,1093.00000,2621899
1664780400,1081.50000,1102.50000,1069.50000,1098.50000,1368857
1664866800,1101.50000,1155.00000,1099.00000,1152.50000,1930863
1664953200,1159.50000,1159.50000,1117.00000,1126.50000,1773612
1665039600,1130.00000,1147.50000,1122.00000,1130.00000,2580582
1665126000,1123.50000,1131.00000,1105.00000,1109.50000,2040908
1665385200,1101.50000,1124.50000,1100.69995,1115.00000,1725690
1665471600,1114.50000,1118.50000,1067.00000,1081.50000,2372803
1665558000,1080.50000,1092.00000,1056.50000,1062.00000,2058067
1665644400,1056.00000,1094.50000,1044.50000,1084.50000,2280233
1665730800,1106.00000,1109.75000,1074.00000,1080.00000,2079747
1665990000,1077.50000,1117.00000,1067.00000,1101.00000,1236554
1666076400,1109.50000,1126.50000,1104.00000,1115.00000,1507635
1666162800,1116.50000,1121.50000,1094.00000,1097.50000,988378
1666249200,1093.50000,1103.50000,1083.00000,1097.00000,2910284
1666335600,1084.50000,1096.50000,1073.00000,1090.00000,1397652
1666594800,1098.00000,1125.50000,1084.25195,1115.50000,1125921
1666681200,1120.00000,1152.50000,1116.50000,1146.00000,1217784
1666767600,1145.00000,1177.50000,1138.00000,1174.50000,1488280
1666854000,1164.50000,1180.50000,1158.00000,1175.50000,3514335
1666940400,1164.00000,1168.00000,1147.25195,1166.00000,986304
1667203200,1167.00000,1170.00000,1148.00000,1160.50000,1320196
1667289600,1180.50000,1211.00000,1178.50000,1194.00000,1979710
1667376000,1194.50000,1212.50000,1187.37500,1200.00000,1077826
1667462400,1187.50000,1197.00000,1165.50000,1197.00000,6647711
1667548800,1203.50000,1225.50000,1195.50000,1221.00000,2157005
1667808000,1216.50000,1243.50000,1215.00000,1235.50000,1220733
1667894400,1230.00000,1255.50000,1222.75098,1255.50000,1726641
1667980800,1252.00000,1262.50000,1240.50000,1253.00000,1163752
1668067200,1260.00000,1321.00000,1237.00000,1300.00000,5150658
1668153600,1323.00000,1325.50000,1297.50000,1297.50000,3831617
1668412800,1304.50000,1308.63000,1255.50000,1283.50000,2468999
1668499200,1291.50000,1307.00000,1282.00000,1294.50000,1868657
1668585600,1286.50000,1296.50000,1257.50000,1257.50000,2689083
1668672000,1265.00000,1285.50000,1259.50000,1282.50000,1257163
1668758400,1289.50000,1325.00000,1282.50000,1313.50000,2044664
1669017600,1307.50000,1329.50000,1299.50000,1316.50000,1781980
1669104000,1307.50000,1331.00000,1307.50000,1320.50000,1314945
1669190400,1329.00000,1352.00098,1323.50000,1348.50000,1180778
1669276800,1353.50000,1368.00000,1351.00000,1357.50000,767421
1669363200,1357.50000,1364.50000,1347.00000,1357.00000,963159
1669622400,1350.50000,1364.50000,1338.00000,1343.00000,2501825
1669708800,1340.50000,1360.00000,1340.50000,1340.50000,3215733
1669795200,1349.00000,1364.50000,1327.00000,1348.50000,8231218
1669881600,1345.00000,1346.00000,1311.00000,1315.50000,2237302
1669968000,1326.00000,1334.00000,1308.00000,1318.00000,2085361
1670227200,1315.00000,1324.50000,1306.50000,1313.50000,2127397
1670313600,1309.50000,1318.50098,1298.50000,1311.50000,1913250
1670400000,1311.50000,1322.50000,1305.50000,1314.50000,1476102
1670486400,1314.50000,1336.50000,1314.50000,1330.00000,2329021
1670572800,1336.00000,1348.00000,1320.50000,1338.00000,2671151
1670832000,1330.00000,1350.50000,1330.00000,1333.00000,1311973
1670918400,1338.50000,1375.00000,1326.00000,1356.00000,1935331
1671004800,1353.50000,1353.50000,1338.50000,1345.00000,1342084
1671091200,1335.50000,1351.50000,1328.00000,1336.50000,4291527
1671177600,1333.50000,1335.00000,1276.50000,1276.50000,5290061
1671436800,1281.50000,1295.50000,1276.50000,1287.50000,1504286
1671523200,1276.00000,1296.50000,1271.00000,1288.50000,2734943
1671609600,1295.00000,1331.00000,1295.00000,1329.00000,1147237
1671696000,1332.00000,1335.50000,1316.00000,1321.00000,1723867
1671782400,1321.00000,1325.50000,1314.50000,1315.50000,675956
1672214400,1313.00000,1336.50000,1313.00000,1333.00000,1326495
1672300800,1330.50000,1340.50000,1321.50000,1337.00000,1315678
1672387200,1345.50000,1345.50000,1331.50000,1341.50000,974564
1672732800,1345.50000,1366.50000,1332.50000,1340.00000,1650828
1672819200,1349.00000,1360.00000,1343.50000,1349.50000,1747073
1672905600,1348.50000,1360.00000,1336.00000,1350.50000,1765046
1672992000,1351.50000,1375.00000,1348.50000,1375.00000,1797700
1673251200,1378.50000,1392.00000,1371.00000,1388.00000,1372414
1673337600,1383.50000,1404.50000,1379.00000,1399.00000,2903584
1673424000,1404.00000,1452.00000,1402.84998,1426.00000,4555689
1673510400,1437.50000,1438.60999,1400.50000,1411.00000,3638763
1673596800,1407.00000,1442.50000,1396.50000,1437.50000,2968311
1673856000,1440.50000,1451.00000,1437.00000,1440.50000,1157036
1673942400,1444.00000,1457.50000,1431.50000,1445.00000,3495133
1674028800,1446.00000,1453.50000,1430.50000,1431.00000,1669305
1674115200,1428.00000,1437.50000,1409.00000,1415.50000,1346541
1674201600,1425.00000,1464.00000,1421.00000,1462.50000,2810733
1674460800,1465.00000,1481.50000,1456.50000,1477.00000,1267151
1674547200,1481.50000,1491.50000,1468.50000,1468.50000,3048011
1674633600,1472.50000,1480.50000,1449.00000,1460.00000,2755949
1674720000,1489.00000,1600.24902,1489.00000,1594.00000,7223851
1674806400,1599.50000,1609.50000,1581.50000,1607.50000,3885938
1675065600,1604.00000,1610.50000,1570.50000,1586.50000,3009432
1675152000,1580.50000,1583.00000,1559.44995,1575.00000,3507175
1675238400,1577.50000,1610.00000,1574.50000,1610.00000,3523411
1675324800,1620.50000,1651.50000,1617.50000,1640.00000,2666813
1675411200,1639.00000,1644.00000,1626.50000,1636.50000,2935967
1675670400,1630.50000,1641.25000,1625.50000,1634.50000,1167010
1675756800,1631.50000,1634.95996,1619.50000,1628.50000,1461942
1675843200,1634.50000,1645.21997,1626.00000,1631.00000,1286053
1675929600,1639.50000,1661.00000,1633.50000,1646.00000,7549104
1676016000,1635.00000,1646.00000,1615.00000,1632.00000,2010831
1676275200,1631.00000,1656.00000,1629.50000,1654.50000,1932284
1676361600,1655.50000,1665.50000,1637.50000,1641.50000,1440043
1676448000,1641.00000,1673.00000,1637.50000,1673.00000,1556771
1676534400,1685.00000,1685.00000,1639.00000,1641.00000,2708705
1676620800,1626.50000,1650.50000,1622.00000,1645.00000,11758800
1676880000,1645.50000,1660.00000,1638.96106,1650.00000,2083140
1676966400,1645.00000,1645.00000,1616.50000,1632.00000,4200524
1677052800,1625.00000,1625.00000,1596.50000,1614.50000,2641771
1677139200,1614.50000,1639.50000,1614.50000,1629.50000,1265031
1677225600,1634.50000,1637.00000,1613.00000,1624.00000,1230637
1677484800,1635.00000,1655.50000,1630.50000,1651.00000,2873772
1677571200,1642.50000,1657.99805,1627.00000,1627.00000,3388072
1677657600,1625.50000,1664.50000,1625.50000,1637.00000,1887081
1677744000,1632.50000,1653.50000,1630.50000,1649.50000,4242471
1677830400,1640.50000,1662.00000,1632.50000,1632.50000,3342931
1678089600,1637.50000,1648.50000,1623.50000,1647.00000,1370955
1678176000,1641.50000,1657.50000,1635.00000,1640.50000,1752125
1678262400,1629.00000,1640.50000,1623.00000,1639.50000,905419
1678348800,1628.50000,1639.68604,1612.50000,1634.00000,2428446
1678435200,1616.50000,1616.50000,1567.00000,1581.50000,3065712
1678694400,1586.00000,1586.50000,1503.00000,1509.50000,2877943
1678780800,1510.50000,1540.00000,1493.00000,1539.50000,1856816
1678867200,1535.00000,1536.50000,1471.80005,1488.00000,1802721
1678953600,1518.00000,1529.50000,1494.50000,1519.00000,3310881
1679040000,1525.50000,1541.20105,1465.00000,1482.50000,4419802
1679299200,1464.50000,1531.00000,1440.49805,1520.00000,6802632
1679385600,1533.50000,1571.50000,1531.99695,1567.50000,2731345
1679472000,1555.50000,1578.00000,1549.31995,1569.00000,1303514
1679558400,1593.00000,1610.00000,1568.00000,1583.50000,3547684
1679644800,1569.50000,1572.38000,1527.50000,1542.50000,1621622
1679900400,1569.50000,1612.50000,1560.00000,1609.00000,3671240
1679986800,1622.50000,1625.27502,1603.50000,1610.50000,8872328
1680073200,1639.50000,1662.00000,1630.00000,1658.50000,2397453
1680159600,1673.00000,1683.50000,1659.00000,1678.00000,2872990
1680246000,1677.50000,1903.96301,1667.50000,1685.00000,4818213
1680505200,1677.50000,1682.86597,1659.50000,1668.00000,1836061
1680591600,1676.00000,1686.49902,1665.00000,1668.50000,4191300
1680678000,1671.50000,1675.00000,1648.50000,1664.50000,1869984
1680764400,1661.50000,1686.87500,1658.50000,1676.50000,2216734
1681196400,1684.00000,1703.00000,1676.50098,1696.50000,5958895
1681282800,1700.00000,1716.50000,1692.50000,1700.00000,4704535
1681369200,1711.00000,1730.73804,1707.37500,1718.00000,2362057
1681455600,1720.50000,1734.50000,1715.00000,1718.00000,2135166
1681714800,1723.00000,1728.00000,1683.50000,1690.50000,2414502
1681801200,1695.00000,1704.00000,1685.00000,1697.50000,1463183
1681887600,1694.00000,1702.50000,1687.50000,1697.50000,1800761
1681974000,1702.00000,1702.37500,1686.91101,1697.50000,1270188
1682060400,1702.50000,1712.50000,1689.50000,1712.50000,1473323
1682319600,1705.00000,1731.26599,1698.00305,1722.50000,969288
1682406000,1713.00000,1732.50000,1705.00000,1732.50000,1154704
1682492400,1725.00000,1732.00000,1705.25000,1723.50000,5538640
1682578800,1723.00000,1733.00000,1704.75195,1730.00000,5377223
1682665200,1736.00000,1769.00000,1727.50000,1767.00000,2158990
1683010800,1771.00000,1787.50000,1757.00000,1761.00000,3243754
1683097200,1766.00000,1779.50000,1762.00000,1774.00000,4569508
1683183600,1768.00000,1773.00098,1749.50000,1760.00000,3317398
1683270000,1770.50000,1783.00000,1756.50000,1773.00000,1671549
1683615600,1771.00000,1787.50000,1764.00000,1770.50000,2543545
1683702000,1774.00000,1778.00000,1741.50000,1746.00000,1305887
1683788400,1711.00000,1798.50000,1709.50000,1798.50000,2718810
1683874800,1803.00000,1887.00000,1793.94897,1828.50000,3936702
1684134000,1845.50000,1889.12000,1837.00000,1876.00000,5123420
1684220400,1900.00000,1922.50000,1878.00000,1885.50000,2674070
1684306800,1877.50000,1886.50000,1860.00000,1881.00000,2602094
1684393200,1900.00000,1917.50000,1892.00000,1917.50000,3960466
1684479600,1919.00000,1936.50000,1905.50000,1929.50000,2425807
1684738800,1943.50000,1955.00000,1924.00000,1946.00000,4634304
1684825200,1940.50000,1960.50000,1925.00000,1925.00000,2453105
1684911600,1911.00000,1925.00000,1867.15503,1898.50000,3503868
1684998000,1912.50000,1917.50000,1886.25000,1903.50000,4129221
1685084400,1914.50000,1944.50000,1906.00000,1938.00000,2293528
1685430000,1950.00000,1974.00000,1933.50000,1959.00000,5229820
1685516400,1936.00000,1992.50000,1930.50000,1955.50000,15476456
1685602800,1948.00000,1957.00000,1919.50000,1936.50000,3585031
1685689200,1951.00000,1970.00000,1947.50000,1960.00000,2173452
1685948400,1964.00000,1968.25000,1944.50000,1955.50000,1775357
1686034800,1954.50000,2000.00000,1954.00000,2000.00000,2704986
1686121200,2005.00000,2016.00000,1966.50000,1982.00000,2325228
1686207600,1979.50000,2015.00000,1979.50000,1998.00000,5162583
1686294000,2003.00000,2003.51599,1980.00000,1991.50000,1341746
1686553200,2009.00000,2014.00000,1990.00000,2001.00000,1305609
1686639600,2013.00000,2025.00000,1998.50000,2018.00000,1970558
1686726000,2017.00000,2036.00000,2009.00000,2031.00000,2211985
1686812400,2036.00000,2036.00000,1995.50000,2001.00000,1799678
1686898800,2000.00000,2009.00195,1983.50000,1990.00000,7922947
1687158000,1977.00000,1984.50000,1954.50000,1971.50000,3282475
1687244400,1970.00000,1983.50000,1957.00000,1983.50000,1704728
1687330800,1967.00000,1973.62500,1953.00000,1957.00000,1714983
1687417200,1915.50000,1921.15002,1895.00000,1907.00000,3099571
1687503600,1901.00000,1901.55200,1854.50000,1857.00000,2703069
1687762800,1865.50000,1869.50000,1837.50000,1851.00000,4238683
1687849200,1857.00000,1863.50000,1840.50000,1848.00000,3765464
1687935600,1855.00000,1891.00000,1843.50000,1881.50000,1637595
1688022000,1882.50000,1913.50000,1855.00000,1910.50000,9142006
1688108400,1922.50000,1950.00000,1914.50000,1948.50000,3838295
1688367600,1949.00000,1950.00000,1912.50000,1926.00000,2631308
1688454000,1923.50000,1928.50000,1895.50000,1899.50000,1985880
1688540400,1881.00000,1894.00000,1870.00000,1878.00000,2192485
1688626800,1869.00000,1876.00000,1849.00000,1859.50000,2238972
1688713200,1854.00000,1877.50000,1843.50000,1862.50000,1924588
1688972400,1858.00000,1878.00000,1853.50000,1871.00000,837579
1689058800,1879.00000,1885.00000,1868.50000,1872.00000,2719434
1689145200,1878.50000,1916.88000,1876.50000,1913.50000,2710209
1689231600,1912.50000,1927.50000,1900.50000,1917.00000,2588155
1689318000,1915.00000,1932.00000,1906.50000,1923.00000,3066407
1689577200,1919.50000,1928.50000,1911.50000,1927.00000,1317390
1689663600,1922.50000,1933.00000,1913.00000,1931.00000,1417481
1689750000,1959.50000,1971.49304,1949.00000,1953.00000,5746808
1689836400,1927.00000,1970.50000,1927.00000,1950.00000,1456996
1689922800,1947.00000,1977.50000,1936.50403,1960.00000,1573593
1690182000,1943.50000,1967.50000,1943.00000,1965.00000,3236014
1690268400,1964.00000,1988.00098,1949.00000,1981.00000,6247670
1690354800,1981.00000,1985.50000,1961.50000,1979.50000,1138059
1690441200,1994.50000,2000.00000,1978.25195,1998.00000,4373196
1690527600,1988.50000,1998.00000,1976.00000,1990.50000,3412848
1690786800,1986.50000,1998.49402,1973.00000,1977.00000,1875856
1690873200,1966.00000,1974.00000,1937.50000,1949.00000,1416420
1690959600,1926.00000,1930.22498,1884.00000,1892.50000,1056785
1691046000,1879.50000,1911.00000,1863.50000,1887.00000,4543676
1691132400,1892.00000,1903.50000,1874.50000,1900.00000,837800
1691391600,1893.00000,1931.50000,1891.74695,1925.50000,2214554
1691478000,1917.50000,1933.00000,1904.00000,1917.00000,2661449
1691564400,1930.00000,1946.00000,1924.50000,1925.50000,6463772
1691650800,1935.00000,1948.00000,1932.00000,1947.50000,1960972
1691737200,1926.50000,1943.50000,1899.32397,1907.50000,1773908
1691996400,1895.50000,1913.00000,1888.50000,1910.00000,2808733
1692082800,1915.50000,1917.00000,1888.00000,1911.50000,940491
1692169200,1910.00000,1958.00098,1906.00000,1940.00000,2338434
1692255600,1931.00000,1938.00195,1884.50000,1891.50000,1369058
1692342000,1883.50000,1889.50000,1858.50000,1888.00000,2387101
1692601200,1882.50000,1903.00000,1882.50000,1884.50000,1056996
1692687600,1901.00000,1919.00000,1878.50000,1905.50000,2932491
1692774000,1911.50000,1939.50000,1911.50000,1920.00000,1922735
1692860400,1939.50000,1954.00000,1922.00000,1923.50000,508176
1692946800,1919.00000,1948.00000,1915.00000,1924.00000,924120
1693292400,1942.00000,1981.00000,1933.00000,1970.50000,3130991
1693378800,1979.50000,1983.25098,1962.50000,1982.00000,619120
1693465200,1985.00000,2000.00000,1984.00000,1993.50000,8793412
1693551600,1990.50000,2005.00000,1981.00000,1998.50000,1439083
1693810800,2007.00000,2012.00195,1998.50000,2002.00000,1309672
1693897200,1994.00000,2004.00000,1966.00000,1983.50000,1800344
1693983600,1973.00000,1978.00000,1935.00000,1957.00000,1134044
1694070000,1945.50000,1991.50000,1945.00000,1986.00000,1798609
1694156400,1997.00000,2009.00000,1970.50000,1993.50000,1310417
1694415600,1996.00000,2021.00000,1995.50000,2020.00000,4153474
1694502000,2030.00000,2058.00000,2025.00000,2038.00000,2389781
1694588400,2041.00000,2046.00000,2011.00000,2038.00000,1860765
1694674800,2044.00000,2051.00000,2017.00000,2047.00000,2215489
1694761200,2063.00000,2095.00000,2050.00000,2084.00000,5840625
1695020400,2086.00000,2093.00000,2038.00000,2047.00000,994012
1695106800,2047.00000,2085.00000,2042.50500,2085.00000,2316738
1695193200,2083.00000,2107.00000,2046.00000,2054.00000,3531228
1695279600,2053.00000,2076.50098,2044.00000,2062.00000,3088631
1695366000,2037.00000,2066.00000,2027.00000,2035.00000,2716899
1695625200,2032.00000,2032.00000,2015.00000,2032.00000,1458212
1695711600,2029.00000,2064.00000,2020.00000,2050.00000,1187384
1695798000,2046.00000,2054.00000,2022.00000,2037.00000,4352355
1695884400,2041.00000,2066.00000,2033.00000,2066.00000,2193160
1695970800,2085.00000,2088.00000,2064.00000,2073.00000,3395634
1696230000,2073.00000,2093.00000,2012.00000,2019.00000,1448949
1696316400,2008.00000,2043.00000,1997.46106,1998.50000,1827893
1696402800,1982.00000,2012.00000,1975.50000,1982.50000,1956795
1696489200,1987.00000,2022.00000,1983.50000,2008.00000,1716835
1696575600,2020.00000,2030.00000,1991.50000,2016.00000,1809433
1696834800,2025.00000,2025.00000,1982.50000,1999.50000,1853725
1696921200,2020.00000,2058.00000,1984.50000,2054.00000,1408978
1697007600,2043.00000,2073.00000,2030.00000,2057.00000,1509407
1697094000,2073.00000,2086.00000,2057.00000,2072.00000,1283911
1697180400,2066.00000,2087.00000,2056.00000,2070.00000,1719819
1697439600,2085.00000,2085.00000,2048.00000,2073.00000,1814567
1697526000,2059.00000,2093.00000,2043.00000,2093.00000,1641336
1697612400,2094.00000,2109.00000,2046.00000,2053.00000,1611716
1697698800,2043.00000,2048.00000,2015.49695,2031.00000,1204779
1697785200,2015.00000,2036.00000,1999.50000,2005.00000,1823233
1698044400,2008.00000,2033.00000,1984.72205,2029.00000,1414204
1698130800,2021.00000,2031.00000,1989.00000,1991.50000,3248240
1698217200,1991.00000,2008.00000,1977.50000,1996.00000,2748390
1698303600,1982.50000,2007.00000,1939.00000,1978.00000,3313792
1698390000,1985.50000,1991.50000,1959.50000,1968.50000,1913911
1698652800,1978.50000,1995.00000,1940.29004,1943.00000,4147225
1698739200,1949.50000,1979.50000,1925.00000,1934.50000,3184532
1698825600,1951.00000,1994.74902,1942.50000,1988.00000,3046919
1698912000,2011.00000,2032.00000,1973.50000,2019.00000,2048591
1698998400,2026.00000,2039.00000,1987.00000,1993.00000,2402394
1699257600,1993.50000,2005.00000,1975.50000,1981.00000,1825101
1699344000,1980.50000,2001.00000,1966.00000,1993.00000,3072953
1699430400,1977.50000,2048.00000,1971.00000,2041.00000,3819435
1699516800,2040.00000,2082.00000,1973.19995,2022.00000,5685903
1699603200,2038.00000,2051.00000,2009.00000,2026.00000,6880356
1699862400,2036.00000,2052.00000,2005.00000,2038.00000,2052481
1699948800,2037.00000,2077.00000,2031.49805,2072.00000,2166983
1700035200,2077.00000,2115.00000,2060.00000,2109.00000,1959257
1700121600,2113.00000,2139.00000,2092.00000,2117.00000,8036612
1700208000,2125.00000,2173.00000,2099.00000,2171.00000,1872970
1700467200,2169.00000,2182.00000,2152.00000,2159.00000,1910560
1700553600,2157.00000,2167.00000,2140.00000,2151.00000,837003
1700640000,2160.00000,2187.00000,2141.00000,2174.00000,1416348
1700726400,2176.00000,2200.00000,2155.00000,2160.00000,666442
1700812800,2156.00000,2186.00000,2140.00000,2179.00000,2790269
1701072000,2177.00000,2200.00000,2163.00000,2190.00000,923219
1701158400,2179.00000,2206.00000,2167.00000,2204.00000,1780243
1701244800,2200.00000,2231.00000,2196.00000,2231.00000,1124484
1701331200,2202.00000,2240.00000,2202.00000,2232.00000,6255124
1701417600,2242.00000,2251.00000,2230.00000,2248.00000,1070997
1701676800,2239.00000,2262.00000,2226.00000,2252.00000,1615800
1701763200,2232.00000,2266.00000,2223.00000,2258.00000,2050102
1701849600,2288.00000,2325.00000,2244.00000,2316.00000,2244546
1701936000,2307.00000,2319.00000,2293.00000,2316.00000,1762518
1702022400,2324.00000,2352.00000,2318.00000,2344.00000,977664
1702281600,2344.00000,2365.00000,2342.19995,2357.00000,2027595
1702368000,2368.00000,2387.50098,2342.00000,2380.00000,2292623
1702454400,2389.00000,2406.00000,2365.00000,2390.00000,1433625
1702540800,2410.00000,2439.00000,2338.00000,2370.00000,4486358
1702627200,2374.00000,2383.00000,2333.00000,2349.00000,4067934
1702886400,2346.00000,2381.00000,2333.00000,2378.00000,1318921
1702972800,2380.00000,2398.00000,2363.00000,2384.00000,2903760
1703059200,2404.00000,2424.00000,2369.00000,2414.00000,2509953
1703145600,2412.00000,2429.00000,2395.00000,2417.00000,1511193
1703232000,2417.00000,2444.00000,2403.00000,2421.00000,703349
1703664000,2432.00000,2446.00000,2418.00000,2442.00000,1541032
1703750400,2445.00000,2455.00000,2422.99805,2437.00000,515670
1703836800,2431.00000,2441.00000,2400.00000,2421.00000,483316
1704182400,2421.00000,2422.00000,2329.99805,2344.00000,1518998
1704268800,2333.00000,2350.00000,2286.00000,2314.00000,1851814
1704355200,2307.00000,2337.00000,2297.00000,2337.00000,2246140
1704441600,2317.00000,2317.00000,2273.00000,2293.00000,1606657
1704700800,2281.00000,2319.00000,2269.00000,2319.00000,1368504
1704787200,2321.00000,2332.00000,2276.00000,2280.00000,3681954
1704873600,2299.00000,2309.00000,2279.50098,2297.00000,4262384
1704960000,2310.00000,2321.36206,2271.00000,2277.00000,3333700
1705046400,2290.00000,2420.00000,2283.00000,2324.00000,1993201
1705305600,2311.00000,2344.00000,2307.00000,2321.00000,845106
1705392000,2309.00000,2336.00000,2298.00000,2333.00000,1896276
1705478400,2308.00000,2324.00000,2279.99707,2319.00000,1830322
1705564800,2327.00000,2327.00000,2283.00000,2326.00000,2855790
1705651200,2340.00000,2369.00000,2329.00000,2336.00000,5776258
1705910400,2361.00000,2380.00000,2335.00000,2369.00000,2020204
1705996800,2374.00000,2383.00000,2356.00000,2368.00000,1115706
1706083200,2355.00000,2387.00000,2323.00000,2358.00000,2475315
1706169600,2345.00000,2380.00000,2338.00000,2374.00000,2235501
1706256000,2370.00000,2411.00000,2356.00000,2411.00000,1780498
1706515200,2440.00000,2447.00000,2414.00000,2433.00000,3257739
1706601600,2447.00000,2507.00000,2447.00000,2497.00000,2453880
1706688000,2501.00000,2507.00000,2472.00000,2479.00000,3064916
1706774400,2430.00000,2449.00000,2336.00000,2351.00000,3165826
1706860800,2365.00000,2378.00000,2322.60010,2352.00000,1884292
1707120000,2362.00000,2376.00000,2334.00000,2341.00000,1761400
1707206400,2357.00000,2362.00000,2312.00000,2316.00000,3756031
1707292800,2317.00000,2343.00000,2307.00000,2334.00000,1996534
1707379200,2346.00000,2395.00000,2346.00000,2382.00000,1683075
1707465600,2382.00000,2416.31909,2379.67212,2414.00000,5042049
1707724800,2419.00000,2433.00000,2397.40088,2409.00000,2858923
1707811200,2399.00000,2402.86792,2352.00000,2376.00000,1144227
1707897600,2376.00000,2409.21606,2376.00000,2388.00000,773309
1707984000,2409.00000,2432.00000,2392.00000,2428.00000,1587692
1708070400,2442.00000,2484.00000,2436.00000,2476.00000,2552878
1708329600,2468.00000,2481.00000,2456.00000,2464.00000,1250613
1708416000,2465.00000,2471.00000,2446.00000,2452.00000,1153288
1708502400,2450.00000,2452.87891,2431.00000,2441.00000,1904852
1708588800,2462.00000,2468.00000,2438.00000,2442.00000,1638557
1708675200,2446.00000,2453.00000,2431.00000,2436.00000,1746091
1708934400,2431.00000,2464.00000,2426.00000,2449.00000,1961096
1709020800,2449.00000,2459.00000,2404.00000,2416.00000,1631637
1709107200,2427.00000,2450.00000,2415.60010,2449.00000,1208203
1709193600,2458.00000,2484.00000,2447.00000,2468.00000,3829337
1709280000,2482.00000,2512.00000,2459.00000,2507.00000,2089244
1709539200,2494.00000,2498.00000,2472.00000,2485.00000,1873691
1709625600,2476.00000,2509.00000,2471.00000,2496.00000,1476129
1709712000,2502.00000,2534.00000,2495.00000,2522.00000,1771414
1709798400,2511.00000,2539.00000,2498.39990,2531.00000,2134069
1709884800,2537.00000,2538.00000,2503.00000,2523.00000,965730
1710144000,2498.00000,2525.00000,2485.00000,2519.00000,2522204
1710230400,2531.00000,2576.15894,2526.00000,2573.00000,1993930
1710316800,2569.00000,2585.00000,2552.90894,2556.00000,2742788
1710403200,2557.00000,2559.00000,2524.00000,2535.00000,1733536
1710489600,2524.00000,2566.00000,2524.00000,2555.00000,4416652
1710748800,2555.00000,2562.00000,2522.81812,2527.00000,1562018
1710835200,2523.00000,2538.00000,2512.00000,2525.00000,2823272
1710921600,2521.00000,2544.00000,2517.00000,2528.00000,3425955
1711008000,2577.00000,2761.00000,2562.00000,2748.00000,3218171
1711094400,2766.00000,2780.00000,2720.61792,2761.00000,1799769
1711353600,2814.00000,2820.00000,2780.00000,2791.00000,2428568
1711440000,2789.00000,2827.00000,2789.00000,2822.00000,2720280
1711526400,2822.00000,2828.00000,2792.00000,2802.00000,1692960
1711612800,2806.00000,2826.00000,2794.39990,2809.00000,2413267
1712041200,2813.00000,2842.99194,2782.00000,2793.00000,1838854
1712127600,2788.00000,2806.00000,2776.00000,2806.00000,4218235
1712214000,2803.00000,2822.00000,2797.00000,2819.00000,2194554
1712300400,2772.00000,2810.00000,2744.00000,2810.00000,3037951
1712559600,2805.00000,2833.42310,2801.00000,2823.00000,1852113
1712646000,2810.00000,2820.00000,2776.00000,2777.00000,2934604
1712732400,2802.00000,2827.00000,2794.00000,2827.00000,3736908
1712818800,2825.00000,2839.00000,2766.00000,2819.00000,1868059
1712905200,2857.00000,2870.00000,2829.00000,2829.00000,1785858
1713164400,2829.00000,2876.10205,2829.00000,2851.00000,1466498
1713250800,2801.00000,2830.00000,2787.00000,2801.00000,1139706
1713337200,2798.00000,2858.39990,2798.00000,2840.00000,3419757
1713423600,2858.00000,2864.00000,2825.00000,2846.00000,2074506
1713510000,2822.00000,2841.00000,2789.00000,2835.00000,1528912
1713769200,2852.00000,2866.00000,2825.00000,2844.00000,1743874
1713855600,2871.00000,2882.50000,2837.00000,2859.00000,2020282
1713942000,2871.00000,2893.00000,2844.00000,2850.00000,1194375
1714028400,2841.00000,2868.00000,2812.00000,2843.00000,1763828
1714114800,2862.00000,2886.00000,2850.00000,2879.00000,1360542
1714374000,2887.00000,2899.00000,2864.00000,2875.00000,749747
1714460400,2891.00000,2905.00000,2861.00000,2876.00000,1281473
1714633200,2843.00000,2864.00000,2816.00000,2842.00000,1675037
1714719600,2853.00000,2891.00000,2824.00000,2891.00000,1407052
1715065200,2935.00000,2968.00000,2924.00000,2950.00000,1963419
1715151600,2947.00000,2979.00000,2934.00000,2974.00000,2112613
1715238000,2883.00000,2992.00000,2811.00000,2820.00000,3889291
1715324400,2831.00000,2865.00000,2795.39990,2851.00000,2151338
1715583600,2853.00000,2924.00000,2831.00000,2919.00000,2094027
1715670000,2916.00000,2955.50000,2895.00000,2950.00000,2064440
1715756400,2966.00000,2984.00000,2932.00000,2966.00000,843050
1715842800,2975.00000,2992.00000,2948.00000,2977.00000,1512213
1715929200,2964.00000,2971.00000,2936.00000,2958.00000,1619993
1716188400,2959.00000,2982.00000,2957.00000,2977.00000,632514
1716274800,2963.00000,2995.00000,2942.00000,2960.00000,1330177
1716361200,2955.00000,2978.00000,2847.00000,2898.00000,2348041
1716447600,2904.00000,2936.00000,2896.00000,2927.00000,1934306
1716534000,2900.00000,2963.00000,2887.00000,2950.00000,860368
1716879600,2954.00000,2973.00000,2903.00000,2922.00000,1463334
1716966000,2910.00000,2940.00000,2887.00000,2891.00000,877791
1717052400,2872.00000,2909.00000,2861.00000,2885.00000,1723263
1717138800,2892.00000,2910.00000,2846.00000,2863.00000,8212273
1717398000,2904.00000,2929.00000,2887.00000,2926.00000,2195181
1717484400,2930.00000,2959.00000,2915.00000,2942.00000,3067380
1717570800,2950.00000,2969.00000,2912.24390,2959.00000,1494890
1717657200,2966.00000,2986.00000,2922.00000,2952.00000,1571886
1717743600,2941.00000,2971.00000,2903.00000,2926.00000,1913556
1718002800,2901.00000,2947.00000,2883.00000,2947.00000,1067523
1718089200,2958.00000,2977.00000,2927.00000,2970.00000,2239751
1718175600,2985.00000,3083.00000,2981.00000,3082.00000,2220962
1718262000,3065.00000,3073.00000,3024.00000,3030.00000,2534520
1718348400,3027.00000,3051.00000,2963.65405,3040.00000,1434406
1718607600,3050.00000,3075.00000,3038.00000,3051.00000,998291
1718694000,3062.00000,3085.00000,3031.00000,3079.00000,3112038
1718780400,3074.00000,3105.00000,3069.00000,3100.00000,1608060
1718866800,3082.00000,3160.00000,3061.00000,3160.00000,1954339
1718953200,3156.00000,3180.00000,3086.00000,3150.00000,8853559
1719212400,3133.00000,3179.00000,3113.00000,3128.00000,8568400
1719298800,3085.00000,3147.00000,3065.00000,3110.00000,2803081
1719385200,3130.00000,3133.00000,3089.00000,3089.00000,1441996
1719471600,3090.00000,3119.00000,2980.00000,2999.00000,3176586
1719558000,3047.00000,3117.00000,3037.00000,3066.00000,2847371
1719817200,3088.00000,3098.00000,2986.00000,2986.00000,1635048
1719903600,2980.00000,3063.00000,2964.00000,3045.00000,1314460
1719990000,3022.00000,3028.00000,2994.00000,3008.00000,2055111
1720076400,3027.00000,3054.00000,2989.00000,3030.00000,1006790
1720162800,3036.00000,3052.00000,2990.00000,2998.00000,1237339
1720422000,2992.00000,3040.00000,2980.00000,3001.00000,1819214
1720508400,3000.00000,3018.00000,2938.00000,2938.00000,2019433
1720594800,2945.00000,2989.00000,2920.00000,2980.00000,2061002
1720681200,2979.00000,3000.00000,2955.00000,2992.00000,1205020
1720767600,2999.00000,3023.00000,2974.00000,3016.00000,752185
1721026800,2997.00000,3067.00000,2986.00000,3067.00000,1733515
1721113200,3048.00000,3086.00000,3023.00000,3061.00000,1563984
1721199600,3056.00000,3089.00000,3043.00000,3068.00000,1346089
1721286000,3114.00000,3177.00000,3044.00000,3044.00000,1956190
1721372400,3029.00000,3087.00000,2966.82104,3047.00000,1564202
1721631600,3057.00000,3089.00000,3041.00000,3075.00000,949658
1721718000,3080.00000,3095.00000,3050.23804,3071.00000,2035816
1721804400,3047.00000,3048.89111,2994.00000,3012.00000,785128
1721890800,2973.00000,3000.00000,2935.00000,2993.00000,2301334
1721977200,3008.00000,3038.00000,2993.00000,3028.00000,933495
1722236400,3054.00000,3092.00000,3042.00000,3042.00000,994238
1722322800,3041.00000,3072.00000,3029.00000,3072.00000,1229883
1722409200,3119.00000,3129.00000,3097.00000,3128.00000,2134394
1722495600,3127.00000,3138.20288,3076.00000,3092.00000,1126991
1722582000,3044.00000,3064.19995,2873.00000,2914.00000,2610341
1722841200,2812.00000,2918.00000,2750.00000,2892.00000,2733449
1722927600,2933.00000,2954.00000,2886.00000,2954.00000,2665829
1723014000,2980.00000,3002.00000,2954.80103,2985.00000,1039047
1723100400,2955.00000,3010.00000,2927.00000,2987.00000,1135540
1723186800,2999.00000,3014.19995,2976.00000,3011.00000,3422750
1723446000,3031.00000,3040.00000,3002.00000,3018.00000,829811
1723532400,3031.00000,3053.00000,3015.00000,3053.00000,1026687
1723618800,3073.00000,3101.00000,3045.00000,3097.00000,1539578
1723705200,3111.00000,3148.00000,3086.00000,3130.00000,1437851
1723791600,3127.00000,3149.00000,3108.00000,3132.00000,1907319
1724050800,3127.00000,3201.00000,3111.00806,3191.00000,1418388
1724137200,3188.00000,3217.00000,3181.00000,3217.00000,3209505
1724223600,3205.00000,3216.00000,3126.00000,3172.00000,2274563
1724310000,3177.00000,3216.00000,3167.00000,3197.00000,623406
1724396400,3198.00000,3222.00000,3176.00000,3211.00000,829454
1724742000,3149.00000,3203.00000,3132.00000,3190.00000,1332600
1724828400,3200.00000,3204.00000,3160.00000,3160.00000,933517
1724914800,3168.00000,3188.00000,3158.00000,3169.00000,1525551
1725001200,3166.00000,3208.00000,3160.00000,3179.00000,1697958
1725260400,3180.00000,3187.00000,3127.00000,3147.00000,1715836
1725346800,3144.00000,3160.00000,3080.00000,3111.00000,1357869
1725433200,3073.00000,3110.00000,3054.00000,3081.00000,951913
1725519600,3070.00000,3113.49707,3057.10010,3076.00000,2671755
1725606000,3074.00000,3128.00000,3060.34497,3075.00000,1729783
1725865200,3097.00000,3127.00000,3094.00000,3094.00000,1302000
1725951600,3084.00000,3117.00000,3074.00000,3084.00000,615906
1726038000,3104.00000,3126.00000,3086.00000,3099.00000,985127
1726124400,3160.00000,3198.00000,3152.00000,3193.00000,2186157
1726210800,3200.00000,3221.00000,3176.00000,3200.00000,2542275
1726470000,3193.00000,3245.00000,3180.00000,3239.00000,836688
1726556400,3250.00000,3269.00000,3238.00000,3255.00000,1625046
1726642800,3246.00000,3261.00000,3203.00000,3218.00000,3144883
1726729200,3252.00000,3308.00000,3234.00000,3304.00000,1935479
1726815600,3287.00000,3317.00000,3277.00000,3303.00000,3957332
1727074800,3288.00000,3359.00000,3282.00000,3341.00000,2319144
1727161200,3320.00000,3379.00000,3320.00000,3364.00000,1116269
1727247600,3342.00000,3368.00000,3285.00000,3297.00000,1281863
1727334000,3350.00000,3381.00000,3335.13989,3353.00000,998683
1727420400,3352.00000,3405.00000,3344.00000,3389.00000,1617899
1727679600,3332.00000,3346.00000,3244.00000,3305.00000,2492944
1727766000,3308.00000,3309.00000,3184.00000,3226.00000,1947137
1727852400,3229.00000,3269.00000,3199.00000,3260.00000,1283765
1727938800,3268.00000,3289.00000,3223.00000,3240.00000,2119367
1728025200,3232.00000,3271.00000,3220.00000,3262.00000,643339
1728284400,3270.00000,3303.00000,3232.00000,3282.00000,864124
1728370800,3281.00000,3294.00000,3211.00000,3216.00000,1316857
1728457200,3231.00000,3257.50000,3204.30005,3257.00000,890969
1728543600,3253.00000,3276.00000,3236.00000,3247.00000,813810
1728630000,3252.00000,3275.00000,3231.99805,3267.00000,714365
1728889200,3266.00000,3301.00000,3252.00000,3301.00000,694110
1728975600,3308.00000,3334.00000,3273.00000,3288.00000,1342506
1729062000,3308.00000,3351.00000,3301.00000,3326.00000,1648997
1729148400,3339.00000,3416.13696,3338.00000,3416.00000,2220815
1729234800,3394.00000,3419.00000,3373.45898,3403.00000,3381378
1729494000,3397.00000,3431.61011,3379.00000,3389.00000,862785
1729580400,3384.00000,3387.00000,3336.00000,3383.00000,885808
1729666800,3380.00000,3381.00000,3293.00000,3300.00000,2062127
1729753200,3299.00000,3309.00000,3262.00000,3281.00000,595040
1729839600,3272.00000,3312.21704,3259.54004,3278.00000,1075301
1730102400,3283.00000,3321.00000,3265.48804,3314.00000,1274880
1730188800,3337.00000,3343.00000,3239.21997,3242.00000,1387018
1730275200,3218.00000,3273.00000,3209.94312,3238.00000,957991
1730361600,3200.00000,3218.00000,3141.45996,3172.00000,1796169
1730448000,3166.00000,3217.00000,3156.00000,3200.00000,1397224
1730707200,3192.00000,3215.00000,3186.00000,3201.00000,975616
1730793600,3223.00000,3354.00000,3203.00000,3340.00000,959142
1730880000,3441.00000,3503.00000,3413.00000,3493.00000,2308094
1730966400,3511.00000,3511.00000,3444.00000,3449.00000,1567428
1731052800,3448.00000,3450.00000,3357.00000,3387.00000,1370971
1731312000,3416.00000,3466.00000,3401.91992,3459.00000,969272
1731398400,3408.00000,3426.00000,3377.00000,3396.00000,1279875
1731484800,3385.00000,3385.00000,3292.00000,3330.00000,1484014
1731571200,3422.00000,3509.00000,3399.00000,3447.00000,1149112
1731657600,3408.00000,3454.00000,3404.00000,3426.00000,1012310
1731916800,3422.00000,3462.00000,3417.00000,3458.00000,869726
1732003200,3463.00000,3477.00000,3406.00000,3467.00000,1527708
1732089600,3481.00000,3493.00000,3432.00000,3468.00000,3086042
1732176000,3464.00000,3549.00000,3448.00000,3543.00000,2154956
1732262400,3586.00000,3595.00000,3538.00000,3569.00000,732368
1732521600,3615.00000,3673.00000,3594.00000,3660.00000,4262074
1732608000,3642.00000,3671.00000,3633.00000,3657.00000,1426618
1732694400,3652.00000,3693.00000,3632.00000,3674.00000,1829460
1732780800,3674.00000,3687.00000,3658.00000,3674.00000,1113726
1732867200,3669.00000,3709.00000,3665.59692,3709.00000,1692660
1733126400,3708.00000,3734.00000,3703.00000,3726.00000,663743
1733212800,3721.00000,3771.10205,3721.00000,3740.00000,3414804
1733299200,3756.00000,3764.00000,3720.00000,3744.00000,981152
1733385600,3758.00000,3779.00000,3726.00000,3742.00000,1363244
1733472000,3750.00000,3760.00000,3697.00000,3730.00000,2539317
1733731200,3742.00000,3742.00000,3678.00000,3686.00000,1171606
1733817600,3653.00000,3674.00000,3607.00000,3617.00000,1516080
1733904000,3604.00000,3645.00000,3589.89795,3631.00000,3112640
1733990400,3634.00000,3656.00000,3618.00000,3631.00000,1208364
1734076800,3633.00000,3668.00000,3632.00000,3646.00000,2834113
1734336000,3640.00000,3715.00000,3640.00000,3697.00000,694085
1734422400,3678.00000,3702.00000,3617.00000,3617.00000,2846374
1734508800,3650.00000,3650.00000,3612.00000,3632.00000,2004385
1734595200,3572.00000,3580.00000,3514.90796,3558.00000,2701281
1734681600,3528.00000,3569.00000,3485.00000,3548.00000,2481078
1734940800,3525.00000,3557.00000,3495.20190,3556.00000,672865
1735027200,3571.00000,3581.00000,3559.00000,3581.00000,294089
1735286400,3597.00000,3609.00000,3580.00000,3596.00000,512647
1735545600,3580.00000,3590.00000,3557.00000,3581.00000,546885
1735632000,3556.00000,3587.00000,3549.00000,3564.00000,563043
1735804800,3563.00000,3627.00000,3492.00000,3620.00000,747754
1735891200,3610.00000,3627.00000,3600.00000,3604.00000,7399986
1736150400,3610.00000,3628.00000,3571.00000,3622.00000,1324388
1736236800,3635.00000,3692.00000,3624.00000,3655.00000,905387
1736323200,3674.00000,3703.00000,3621.28906,3634.00000,798119
1736409600,3647.00000,3677.00000,3630.00000,3649.00000,2271442
1736496000,3630.00000,3669.00000,3587.00000,3594.00000,1350476
1736755200,3570.00000,3582.00000,3514.00000,3555.00000,1516932
1736841600,3569.00000,3611.00000,3537.00000,3580.00000,1232723
1736928000,3600.00000,3658.00000,3592.00000,3634.00000,1155361
1737014400,3651.00000,3734.00000,3636.00000,3734.00000,1412327
1737100800,3749.00000,3769.00000,3725.00000,3746.00000,1339792
1737360000,3745.00000,3797.00000,3745.00000,3785.00000,996956
1737446400,3792.00000,3832.00000,3792.00000,3814.00000,1348619
1737532800,3821.00000,3873.00000,3821.00000,3873.00000,874055
1737619200,3871.00000,3906.49902,3859.00000,3895.00000,1614641
1737705600,3910.00000,3915.00000,3819.00000,3828.00000,1162689
1737964800,3798.00000,3828.00000,3747.00000,3766.00000,868628
1738051200,3779.00000,3828.00000,3766.00000,3790.00000,901358
1738137600,3816.00000,3844.00000,3803.33594,3811.00000,1406143
1738224000,3818.00000,3863.00000,3756.00000,3861.00000,1219052
1738310400,3878.00000,3914.00000,3855.00000,3904.00000,2303031
1738569600,3836.00000,3933.00000,3813.00000,3933.00000,1567612
1738656000,3920.00000,3946.00000,3892.00000,3900.00000,865592
1738742400,3890.00000,3965.00000,3864.00000,3965.00000,1114541
1738828800,3997.00000,4049.00000,3976.00000,4027.00000,1271838
1738915200,4017.00000,4038.00000,3993.00000,4001.00000,572891
1739174400,4016.00000,4043.00000,4015.00000,4021.00000,890756
1739260800,4019.00000,4043.00000,3987.00000,4005.00000,1398616
1739347200,4019.00000,4040.00000,3996.00000,4018.00000,910621
1739433600,4057.00000,4085.00000,4033.00000,4064.00000,744080
1739520000,4078.00000,4088.00000,4054.00000,4074.00000,905826
1739779200,4077.00000,4131.00000,4074.00000,4131.00000,830676
1739865600,4143.00000,4153.59619,4105.00000,4134.00000,572163
1739952000,4133.00000,4150.29980,4079.00000,4102.00000,686745
1740038400,4116.00000,4138.00000,4090.00000,4094.00000,786986
1740124800,4098.00000,4118.00000,4071.00000,4103.00000,1028815
1740384000,4100.00000,4115.00000,4037.00000,4082.00000,1264488
1740470400,4063.00000,4113.00000,4034.00000,4057.00000,996683
1740556800,4084.00000,4124.00000,4075.00000,4100.00000,1680891
1740643200,4068.00000,4097.00000,3943.00000,4006.00000,1450795
1740729600,3992.00000,3993.00000,3921.00000,3957.00000,3521355
1740988800,3981.00000,4037.00000,3954.00000,4013.00000,1338715
1741075200,3972.00000,3990.00000,3851.00000,3860.00000,2205489
1741161600,3897.00000,3927.00000,3832.00000,3860.00000,1413242
1741248000,3917.00000,3917.00000,3733.00000,3824.00000,2079274
1741334400,3758.00000,3873.00000,3744.00000,3856.00000,1205036
1741593600,3839.00000,3860.00000,3704.00000,3706.00000,2127732
1741680000,3703.00000,3729.00000,3668.00000,3696.00000,2846309
1741766400,3715.00000,3800.00000,3696.00000,3767.00000,3555909
1741852800,3759.00000,3806.00000,3687.00000,3687.00000,1477911
1741939200,3697.00000,3775.00000,3674.00000,3736.00000,1855616
1742198400,3747.00000,3803.00000,3728.00000,3803.00000,1268617
1742284800,3823.00000,3846.00000,3789.00000,3822.00000,1304019
1742371200,3812.00000,3848.00000,3786.00000,3815.00000,2646564
1742457600,3662.00000,3740.00000,3497.00000,3689.00000,3025530
1742544000,3698.00000,3759.00000,3675.00000,3713.00000,4281691
1742803200,3734.00000,3765.00000,3702.00000,3739.00000,2769977
1742889600,3743.00000,3784.00000,3718.00000,3770.00000,2678940
1742976000,3794.00000,3801.89502,3732.00000,3743.00000,757262
1743062400,3723.00000,3755.00000,3692.00000,3749.00000,1044020
1743148800,3733.00000,3744.00000,3670.00000,3712.00000,709921
1743404400,3669.00000,3676.00000,3581.00000,3616.00000,2767862
1743490800,3665.00000,3683.87695,3623.00000,3647.00000,889063
1743577200,3621.00000,3661.00000,3585.00000,3647.00000,1132560
1743663600,3587.00000,3727.00000,3546.00000,3718.00000,2657564
1743750000,3698.00000,3708.00000,3483.00000,3529.00000,3494716
1744009200,3410.00000,3571.00000,3296.00000,3367.00000,2706636
1744095600,3422.00000,3571.00000,3400.00000,3545.00000,2373137
1744182000,3447.00000,3606.00000,3443.00000,3600.00000,3840224
1744268400,3816.00000,3956.05005,3739.00000,3879.00000,4511633
1744354800,3897.00000,3931.00000,3772.00000,3846.00000,3461406
1744614000,3900.00000,3930.00000,3831.00000,3904.00000,1431741
1744700400,3904.00000,4146.00000,3898.00000,4130.00000,3140515
1744786800,4110.00000,4144.00000,4054.00000,4144.00000,1877734
1744873200,4143.00000,4158.00000,4093.00000,4115.00000,1084942
1745305200,4106.00000,4177.00000,4065.00000,4154.00000,1136144
1745391600,4182.00000,4220.00000,4147.00000,4164.00000,1179224
1745478000,4160.00000,4214.00000,4154.99805,4190.00000,1445967
1745564400,4233.00000,4249.00000,4174.00000,4209.00000,1466129
1745823600,4213.00000,4220.00000,4177.00000,4180.00000,1027318
1745910000,4198.00000,4204.31006,4165.00000,4192.00000,968451
1745996400,4200.00000,4246.00000,4188.00000,4234.00000,2158726
1746082800,4226.00000,4261.00000,4207.58789,4230.00000,861733
1746169200,4292.00000,4292.00000,4216.00000,4260.00000,1186655
1746514800,4344.00000,4403.75000,4251.00000,4298.00000,1969856
1746601200,4298.00000,4328.64014,4202.00000,4215.00000,1058852
1746687600,4248.00000,4275.00000,4155.00000,4191.00000,1373668
1746774000,4196.00000,4212.76416,4155.00000,4170.00000,1490198
1747033200,4180.00000,4212.00000,4057.00000,4097.00000,1822647
1747119600,4097.00000,4168.00000,4080.00000,4141.00000,1623141
1747206000,4167.00000,4211.00000,4138.91992,4197.00000,1489748
1747292400,4050.00000,4107.00000,3848.00000,4020.00000,6133950
1747378800,4076.00000,4083.00000,3943.00000,3974.00000,2348414
1747638000,3950.00000,4019.00000,3928.00000,4019.00000,954843
1747724400,4045.00000,4066.00000,3997.00000,4029.00000,943872
1747810800,4025.00000,4081.00000,3997.00000,4054.00000,1195735
1747897200,4017.00000,4067.00000,3994.00000,4067.00000,1285212
1747983600,4063.00000,4146.00000,4042.00000,4117.00000,1722696
1748329200,4150.00000,4179.00000,4115.00000,4137.00000,1622295
1748415600,4123.00000,4129.00000,4049.43994,4065.00000,890358
1748502000,4087.00000,4090.00000,4014.00000,4056.00000,885648
1748588400,4070.00000,4117.00000,4028.00000,4072.00000,3848870
1748847600,4050.00000,4109.00000,4049.00000,4062.00000,1213914
1748934000,4062.00000,4089.00000,4006.50000,4077.00000,1324038
1749020400,4091.00000,4171.00000,4065.00000,4167.00000,1618317
1749106800,4174.00000,4180.00000,4122.00000,4150.00000,1104536
1749193200,4150.00000,4275.00000,4147.00000,4265.00000,1772666
1749452400,4288.00000,4350.00000,4274.79980,4334.00000,1188929
1749538800,4323.00000,4349.00000,4253.00000,4253.00000,750439
1749625200,4255.00000,4268.00000,4152.00000,4238.00000,787185
1749711600,4212.00000,4237.00000,4176.00000,4188.00000,756817
1749798000,4125.00000,4148.00000,4093.00000,4123.00000,612972
1750057200,4128.00000,4145.00000,4092.00000,4118.00000,2152525
1750143600,4110.00000,4134.00000,4083.00000,4091.00000,1021360
1750230000,4120.00000,4155.00000,4091.00000,4141.00000,914077
1750316400,4078.00000,4086.00000,4027.00000,4040.00000,531537
1750402800,4064.00000,4100.00000,4044.79810,4045.00000,5733435
1750662000,4005.00000,4060.00000,3971.00000,4022.00000,864820
1750748400,4102.00000,4106.00000,4016.00000,4030.00000,1528548
1750834800,4045.00000,4046.00000,3944.00000,3949.00000,2208418
1750921200,3935.00000,4156.00000,3934.00000,4138.00000,1628250
1751007600,4127.00000,4187.00000,4093.00000,4161.00000,1642225
1751266800,4184.00000,4200.00000,4118.00000,4120.00000,1276220
1751353200,4137.00000,4150.00000,4064.00000,4101.00000,1042073
1751439600,4101.00000,4104.23682,4013.00000,4050.00000,1077233
1751526000,4050.00000,4093.00000,4030.00000,4078.00000,555035
1751612400,4055.00000,4062.00000,4028.00000,4042.00000,265968
1751871600,4050.00000,4190.00000,4044.00000,4176.00000,1781262
1751958000,4155.00000,4222.00000,4136.00000,4200.00000,1494771
1752044400,4227.00000,4238.00000,4135.00000,4176.00000,643186
1752130800,4208.00000,4240.00000,4180.00000,4205.00000,1014952
1752217200,4222.00000,4222.00000,4147.00000,4185.00000,4088869
1752476400,4158.00000,4203.00000,4140.00000,4197.00000,453806
1752562800,4197.00000,4213.20020,4131.00000,4150.00000,3369881
1752649200,4144.00000,4240.00000,4128.00000,4210.00000,650942
1752735600,4229.00000,4261.00000,4198.00000,4244.00000,708240
1752822000,4281.00000,4340.00000,4266.00000,4340.00000,1422914
1753081200,4333.00000,4363.00000,4307.00000,4349.00000,759870
1753167600,4349.00000,4366.00000,4262.00000,4281.00000,1555669
1753254000,4326.00000,4364.00000,4297.00000,4344.00000,2216861
1753340400,4317.00000,4342.00000,4218.00000,4264.00000,1552693
1753426800,4286.00000,4292.00000,4144.00000,4144.00000,1399294
1753686000,4158.00000,4185.00000,4091.00000,4112.00000,624966
1753772400,4110.00000,4195.00000,4099.00000,4138.00000,962084
1753858800,4133.00000,4150.20801,4112.00000,4150.00000,1036415
1753945200,4163.00000,4210.00000,4147.00000,4151.00000,996190
1754031600,4134.00000,4150.00000,4110.00000,4131.00000,1477529
1754290800,4115.00000,4151.00000,4088.00000,4113.00000,757619
1754377200,4121.00000,4123.00000,4004.00000,4029.00000,1258355
1754463600,4069.00000,4080.00000,4045.00000,4079.00000,1971393
1754550000,4082.00000,4095.00000,4000.00000,4039.00000,1900674
1754636400,4070.00000,4093.00000,4019.00000,4075.00000,2045420
1754895600,4086.00000,4123.00000,4086.00000,4109.00000,1205442
1754982000,4128.00000,4162.00000,4081.00000,4088.00000,535560
1755068400,4105.00000,4108.00000,4080.00000,4085.00000,779764
1755154800,4102.00000,4109.00000,4042.00000,4067.00000,1669353
1755241200,4099.00000,4110.00000,3948.00000,3971.00000,1210235
1755500400,3984.00000,4013.00000,3956.00000,4010.00000,3141072
1755586800,4019.00000,4038.00000,3984.00000,4038.00000,2965362
1755673200,4038.00000,4102.00000,4028.98608,4091.00000,1631841
1755759600,4092.00000,4104.00000,4046.00000,4075.00000,539533
1755846000,4083.00000,4133.00000,4056.00000,4110.00000,724831
1756191600,4099.00000,4100.50098,4048.00000,4100.00000,1969436
1756278000,4123.00000,4123.00000,4080.00000,4095.00000,1967832
1756364400,4098.00000,4109.00000,4039.00000,4039.00000,1118986
1756450800,4033.00000,4050.00000,4014.00000,4019.00000,1150748
1756710000,4003.00000,4023.00000,3920.00000,3962.00000,612813
1756796400,3958.00000,3967.00000,3854.00000,3887.00000,1181269
1756882800,3901.00000,3905.00000,3855.99805,3905.00000,2395500
1756969200,3904.00000,3920.00000,3878.00000,3908.00000,1003580
1757055600,3929.00000,3949.00000,3897.00000,3922.00000,755104
1757314800,3926.00000,3988.00000,3912.00000,3980.00000,1239066
1757401200,4002.00000,4002.00000,3923.00000,3923.00000,863470
1757487600,3920.00000,3945.00000,3811.00000,3811.00000,1754926
1757574000,3809.00000,3868.00000,3803.00000,3853.00000,3890148
1757660400,3864.00000,3877.00000,3809.00000,3809.00000,1402883
1757919600,3845.00000,3868.39990,3815.80396,3862.00000,1311749
1758006000,3870.00000,3876.00000,3783.00000,3784.00000,691258
1758092400,3803.00000,3850.00000,3774.39990,3831.00000,1263056
1758178800,3864.00000,3937.00000,3863.00000,3908.00000,1926644
1758265200,3926.00000,3931.00000,3862.00000,3878.00000,3421176
1758524400,3887.00000,3941.00000,3875.00000,3930.00000,1802635
1758610800,3936.00000,4003.00903,3930.00000,3935.00000,821201
1758697200,3955.00000,3958.00000,3871.00000,3871.00000,903058
1758783600,3870.00000,3977.00000,3799.49902,3947.00000,1787141
1758870000,3964.00000,4058.00000,3947.00000,4022.00000,1840328
1759129200,4025.00000,4086.00000,3996.49512,4025.00000,2711379
1759215600,4066.00000,4116.00000,4055.00000,4089.00000,1483448
1759302000,4072.00000,4165.00000,4053.00000,4142.00000,1401341
1759388400,4223.00000,4328.00000,4205.00000,4310.00000,2747746
1759474800,4330.00000,4426.00000,4281.47998,4426.00000,3986834
1759734000,4432.00000,4447.00000,4302.00000,4356.00000,2504388
1759820400,4342.00000,4376.00000,4337.00000,4363.00000,1239424
1759906800,4370.00000,4446.00000,4352.00000,4385.00000,2425645
1759993200,4380.00000,4401.00000,4352.96680,4389.00000,1715027
1760079600,4411.00000,4425.00000,4326.00000,4328.00000,962636
1760338800,4340.00000,4367.00000,4300.00000,4311.00000,3477268
1760425200,4298.00000,4360.00000,4262.50000,4352.00000,1421271
1760511600,4383.00000,4394.00000,4285.00000,4302.00000,1035234
1760598000,4321.00000,4333.00000,4244.00000,4264.00000,887458
1760684400,4203.00000,4287.00000,4196.00000,4272.00000,1529965
1760943600,4279.00000,4318.00000,4261.00000,4299.00000,954060
1761030000,4300.00000,4335.00000,4295.00000,4326.00000,1054111
1761116400,4352.00000,4380.00000,4323.00000,4364.00000,1149812
1761202800,4370.00000,4374.00000,4320.00000,4354.00000,1379471
1761289200,4364.00000,4437.00000,4357.50000,4437.00000,534802
1761552000,4450.00000,4497.00000,4432.00000,4459.00000,537352
1761638400,4459.00000,4466.00000,4365.00000,4447.00000,886503
1761724800,4437.00000,4485.00000,4418.00000,4446.00000,686312
1761811200,4395.00000,4455.00000,4371.00000,4442.00000,789311
1761897600,4454.00000,4462.00000,4369.00000,4400.00000,724049
1762156800,4394.00000,4403.00000,4351.00000,4385.00000,717447
1762243200,4354.00000,4378.00000,4269.00000,4363.00000,1771308
1762329600,4345.00000,4378.00000,4312.00000,4358.00000,2104108
1762416000,4323.00000,4363.00000,4237.00000,4245.00000,1295517
1762502400,4262.00000,4263.00000,4176.00000,4207.00000,1027024
1762761600,4278.00000,4329.00000,4254.00000,4302.00000,1394427
1762848000,4327.00000,4351.00000,4153.00000,4211.00000,2017244
1762934400,4210.00000,4216.00000,4036.00000,4069.00000,2482946
1763020800,3798.00000,3806.00000,3288.00000,3360.00000,7023178
1763107200,3304.00000,3437.00000,3242.00000,3335.00000,5062064
1763366400,3372.00000,3458.00000,3372.00000,3399.00000,3624122
1763452800,3325.00000,3365.00000,3276.00000,3276.00000,3441573
1763539200,3289.00000,3338.00000,3258.00000,3320.00000,5294030
1763625600,3348.00000,3388.00000,3297.00000,3297.00000,1882052
1763712000,3232.00000,3301.00000,3200.00000,3273.00000,2511525
1763971200,3300.00000,3341.35791,3226.00000,3236.00000,7766971
1764057600,3216.00000,3257.00000,3165.00000,3244.00000,3467071
1764144000,3267.00000,3267.00000,3191.00000,3246.00000,1996546
1764230400,3190.00000,3256.00000,3187.50000,3196.00000,809219
1764316800,3193.00000,3211.00000,3140.00000,3158.00000,1451027
1764576000,3132.00000,3136.00000,3044.00000,3044.00000,2721276
1764662400,3040.00000,3056.83911,2982.00000,3008.00000,2537862
1764748800,3008.00000,3024.00000,2957.00000,2999.00000,1909201
1764835200,3030.00000,3179.00000,3018.62793,3153.00000,5400308
1764921600,3154.00000,3284.00000,3153.00000,3231.00000,3139047
1765180800,3220.00000,3242.00000,3170.00000,3194.00000,2301249
1765267200,3208.00000,3254.00000,3159.00000,3159.00000,1505336
1765353600,3134.00000,3212.00000,3111.00000,3122.00000,2001072
1765440000,3125.00000,3183.00000,3122.00000,3175.00000,2484348
1765526400,3190.00000,3206.50000,3113.00000,3128.00000,1022425
1765785600,3146.00000,3199.00000,3139.00000,3155.00000,1598619
1765872000,3150.00000,3215.00000,3144.00000,3210.00000,1426893
1765958400,3232.00000,3239.00000,3187.00000,3213.00000,2384290
1766044800,3213.00000,3311.00000,3199.00000,3271.00000,2836298
1766131200,3243.00000,3290.66406,3232.00000,3275.00000,8261487
1766390400,3249.00000,3289.00000,3194.00000,3240.00000,1190599
1766476800,3250.00000,3287.00000,3224.00000,3235.00000,989307
1766563200,3206.00000,3250.00000,3206.00000,3224.00000,298101
1766995200,3226.00000,3277.00000,3217.00000,3230.00000,775548
1767081600,3243.00000,3272.00000,3225.00000,3244.00000,520506
1767168000,3251.00000,3263.00000,3239.00000,3263.00000,379553
1767340800,3272.00000,3306.00000,3210.00000,3210.00000,1302124
1767600000,3246.00000,3269.00000,3166.00000,3250.00000,1219274
1767686400,3266.00000,3310.00000,3244.00000,3244.00000,1322445
1767772800,3253.00000,3276.00000,3181.00000,3181.00000,2785496
1767859200,3174.00000,3222.00000,3056.00000,3150.00000,2004698
1767945600,3150.00000,3183.00000,3113.00000,3122.00000,2134280
1768204800,3125.00000,3142.00000,3070.00000,3127.00000,2427096
1768291200,3138.00000,3152.00000,3063.00000,3063.00000,2998805
1768377600,3090.00000,3115.00000,3035.00000,3035.00000,2233771
1768464000,3089.00000,3341.00000,3072.00000,3341.00000,5113661
1768550400,3340.00000,3395.60010,3315.00000,3361.00000,4393546
1768809600,3329.00000,3353.00000,3252.00000,3252.00000,1884844
1768896000,3217.00000,3254.00000,3173.00000,3222.00000,2751870
1768982400,3192.00000,3276.00000,3191.00000,3272.00000,6644999
1769068800,3351.00000,3359.00000,3252.00000,3273.00000,4230571
1769155200,3244.00000,3301.00000,3231.00000,3289.00000,1647596
1769414400,3261.00000,3267.39990,3086.80200,3129.00000,2186337
1769500800,3154.00000,3164.00000,3105.00000,3135.00000,1819751
1769587200,3130.00000,3168.00000,3118.00000,3147.00000,4333137
1769673600,3468.00000,3626.00000,3397.00000,3423.00000,3882764
1769760000,3430.00000,3453.00000,3340.10498,3351.00000,1986920
1770019200,3344.00000,3380.00000,3301.00000,3333.00000,4458992
1770105600,3335.00000,3361.00000,3249.00000,3249.00000,2671496
1770192000,3234.00000,3376.00000,3195.00000,3357.00000,2270981
1770278400,3383.00000,3421.05005,3269.00000,3302.00000,2385884
1770364800,3255.00000,3359.00000,3255.00000,3353.00000,1403855
1770624000,3339.00000,3386.00000,3314.00000,3314.00000,2021464
1770710400,3329.00000,3344.00000,3277.00000,3291.00000,1461561
1770796800,3300.00000,3351.00000,3244.00000,3343.00000,1887485
1770883200,3390.00000,3396.19995,3269.00000,3269.00000,2566412
1770969600,3323.00000,3436.00000,3310.00000,3436.00000,2253933
1771228800,3452.00000,3525.00000,3452.00000,3497.00000,1622982
1771315200,3517.00000,3564.00000,3359.67505,3430.00000,1506830
1771401600,3424.00000,3462.00000,3318.00000,3421.00000,1586147
1771488000,3441.00000,3452.00000,3377.00000,3388.00000,1112404
1771574400,3384.00000,3455.00000,3380.00000,3399.00000,1263635
1771833600,3389.00000,3400.00000,3333.00000,3354.00000,1019593
1771920000,3361.00000,3372.34399,3285.00000,3288.00000,1331881
1772006400,3298.00000,3322.00000,3226.00000,3240.00000,1621506
1772092800,3284.00000,3308.00000,3260.00000,3272.00000,1544422
1772179200,3265.00000,3322.33203,3228.00000,3322.00000,3411108
1772438400,3297.00000,3297.00000,3214.00000,3233.00000,2255284
1772524800,3216.00000,3216.00000,3104.00000,3120.00000,1440144
1772611200,3120.00000,3230.00000,3111.00000,3187.00000,1441563
1772697600,3173.00000,3183.00000,2929.00000,2929.00000,2087749
1772784000,3004.00000,3020.00000,2941.00000,3014.00000,2771289
1773043200,2996.00000,3045.00000,2896.69995,2927.00000,2244709
1773129600,3005.00000,3032.00000,2927.00000,2930.00000,2295926
1773216000,2920.00000,2975.00000,2887.00000,2950.00000,1980201
1773302400,2921.00000,2984.00000,2904.00000,2932.00000,1897836
1773388800,2916.00000,3007.00000,2900.00000,2969.00000,1174060
1773648000,2972.00000,3035.00000,2932.00000,2935.00000,2293581
1773734400,2963.00000,3049.00000,2943.00000,3020.00000,1225981
1773820800,3006.00000,3024.00000,2844.00000,2875.00000,3030581
1773907200,2839.00000,2868.00000,2736.00000,2764.00000,3280760
1773993600,2810.00000,2835.00000,2701.00000,2701.00000,8542332
1774252800,2653.00000,2742.00000,2584.00000,2692.00000,2286869
1774339200,2730.00000,2788.00000,2712.00000,2750.00000,2009294
1774425600,2780.00000,2820.00000,2740.00000,2775.00000,1694666
1774512000,2740.00000,2769.00000,2255.00000,2299.00000,4370805
1774598400,2267.00000,2395.00000,2267.00000,2323.00000,6894403
1774854000,2282.00000,2370.00000,2274.47998,2358.00000,3124682
1774940400,2366.00000,2477.00000,2360.00000,2438.00000,6019281
1775026800,2486.00000,2614.00000,2469.00000,2584.00000,4337858
1775113200,2532.00000,2694.00000,2521.00000,2687.00000,3768212
1775545200,2741.00000,2744.50000,2579.50000,2601.00000,5028858
1775631600,2811.00000,2879.50000,2660.50000,2660.50000,3450453
1775718000,2667.00000,2697.50000,2654.50000,2697.50000,2141628
1775804400,2679.50000,2713.00000,2648.00000,2690.50000,2429561
1776063600,2695.00000,2759.00000,2688.00000,2759.00000,1978547
1776150000,2768.00000,2777.50000,2711.00000,2765.50000,1798977
1776236400,2796.00000,2830.50000,2780.50000,2817.00000,1455445
1776322800,2831.00000,2880.50000,2786.00000,2786.00000,1720602
1776409200,2793.00000,2934.00000,2767.00000,2907.50000,2343532
1776668400,2880.00000,2900.00000,2828.00000,2836.50000,2773368
1776754800,2853.00000,2936.39502,2827.00000,2838.00000,1370518
1776841200,2829.00000,2843.00000,2773.00000,2773.00000,2180433
1776927600,2749.00000,2749.00000,2658.50000,2676.50000,2014375
1777014000,2646.50000,2679.00000,2627.50000,2627.50000,1921409
1777273200,2626.50000,2639.00000,2588.96509,2590.00000,1347120
1777359600,2587.50000,2612.50000,2564.49194,2592.00000,1398092
1777446000,2590.00000,2595.00000,2510.00000,2535.00000,1806052
1777532400,2528.50000,2583.50000,2492.66211,2562.00000,2310184
1777618800,2591.00000,2597.00000,2545.00000,2563.50000,799735
1777964400,2615.00000,2622.50000,2535.50000,2611.50000,2291387
1778050800,2671.50000,2784.00000,2649.00000,2668.50000,1951522
1778137200,2689.00000,2696.00000,2605.00000,2618.50000,1727577
1778223600,2577.50000,2622.00000,2570.50000,2590.00000,1116346
1778482800,2581.00000,2596.00000,2516.00000,2516.00000,2675943
1778569200,2480.00000,2480.00000,2391.00000,2400.00000,3792264
1778655600,2426.00000,2440.00000,2388.00000,2421.00000,5430769
1778742000,2069.00000,2203.00000,1825.00000,2112.00000,11353607
1778828400,2170.00000,2246.00000,2158.00000,2210.00000,5328989
1779087600,2191.00000,2200.00000,2043.00000,2082.00000,4010906
1779174000,2110.00000,2212.00000,2110.00000,2204.00000,3634374
1779260400,2188.00000,2207.00000,2133.00000,2179.00000,5396176
1779346800,2189.00000,2256.00000,2180.00000,2250.00000,3577378
1779433200,2286.00000,2328.00000,2274.00000,2310.00000,3763458
1779778800,2340.00000,2364.00000,2311.00000,2315.00000,1971236
1779865200,2289.00000,2364.00000,2286.00000,2315.00000,2930147
1779951600,2300.00000,2326.00000,2267.00000,2267.00000,2855662
1780038000,2290.00000,2341.00000,2275.00000,2275.00000,7508419
1780297200,2268.00000,2287.00000,2179.00000,2179.00000,4586390
1780383600,2193.00000,2224.00000,2133.00000,2154.00000,3788434
1780470000,2150.00000,2170.00000,2105.00000,2131.00000,3102220
1780556400,2143.00000,2212.00000,2135.00000,2190.00000,2624527
1780642800,2190.00000,2247.00000,2182.00000,2209.00000,2309439
1780902000,2201.00000,2212.00000,2179.00000,2192.00000,3507505
1780988400,2195.00000,2236.00000,2175.00000,2179.00000,3132620
1781074800,2174.00000,2209.00000,2163.00000,2187.00000,1874583
1781161200,2197.00000,2256.00000,2187.00000,2225.00000,2377332
1781247600,2266.00000,2319.00000,2250.00000,2309.00000,2215585
1781506800,2333.00000,2393.00000,2285.00000,2285.00000,3099924
1781593200,2274.00000,2355.00000,2261.00000,2323.00000,2974632
1781679600,2321.00000,2374.00000,2287.00000,2303.00000,2181134
1781766000,2241.00000,2246.00000,2195.00000,2245.00000,3300071
1781852400,2242.00000,2253.29102,2200.00000,2202.00000,5601298
1782111600,2220.00000,2267.00000,2207.00000,2259.00000,1784887
1782198000,2207.00000,2277.00000,2207.00000,2276.00000,3579429
1782284400,2257.00000,2304.00000,2229.00000,2273.00000,3029858
1782370800,2447.00000,2540.00000,2411.00000,2534.00000,4272027
1782457200,2522.00000,2580.00000,2503.00000,2532.00000,2238558
1782716400,2523.00000,2566.00000,2477.00000,2496.00000,2591365
1782802800,2480.00000,2870.00000,2456.00000,2486.00000,2461876
1782889200,2500.00000,2522.00000,2482.00000,2515.00000,2998030
1782975600,2500.00000,2600.00000,2498.00000,2585.00000,2387367
1783062000,2590.00000,2613.00000,2562.00000,2611.00000,1340559
1783321200,2606.00000,2630.00000,2594.00000,2630.00000,2146788
1783407600,2650.00000,2697.00000,2619.00000,2624.00000,2410411
1783494000,2600.00000,2636.00000,2578.00000,2603.00000,2619839
1783580400,2603.00000,2662.00000,2580.00000,2658.00000,2650263
1783666800,2658.00000,2707.00000,2646.00000,2704.00000,2613970
1783926000,2697.00000,2724.00000,2656.00000,2686.00000,2130827
1784012400,2664.00000,2710.00000,2600.00000,2641.00000,2832067
1784098800,2632.00000,2682.00000,2623.00000,2658.00000,2598840
1784185200,2659.00000,2666.00000,2621.00000,2643.00000,2851131
1784271600,2623.00000,2657.00000,2576.00000,2576.00000,3752913
1784530800,2565.00000,2575.00000,2512.00000,2512.00000,2148481
1784617200,2507.00000,2523.00000,2466.00000,2503.00000,5129775
1784703600,2473.00000,2600.00000,2453.00000,2552.00000,4013014
1784790000,2782.00000,2782.00000,2627.00000,2674.00000,5012972
1784876400,2699.00000,2792.00000,2680.00000,2758.00000,2837352
1785135600,2800.00000,2835.00000,2736.00000,2802.00000,1784455
1785222000,2856.00000,2914.00000,2806.00000,2913.00000,3044543
1785308400,2901.00000,2915.00000,2856.00000,2897.00000,2446667
1785394800,2864.00000,2894.00000,2835.00000,2847.00000,2638034
1785481200,2884.00000,2929.00000,2864.00000,2864.00000,2341984
1785740400,2901.00000,2972.00000,2867.00000,2867.00000,2009511
1785826800,2865.00000,2937.00000,2849.00000,2886.00000,1923068
1785913200,2914.00000,2978.00000,2892.76099,2922.00000,1663167
1785999600,2936.00000,2957.00000,2870.00000,2871.00000,2073432
1786086000,2873.00000,2887.00000,2835.00000,2867.00000,1309599
1786345200,2866.00000,2872.00000,2792.00000,2803.00000,1225145
1786431600,2805.00000,2816.00000,2742.00000,2742.00000,2608961
1786518000,2745.00000,2814.00000,2745.00000,2813.00000,1988763
1786604400,2829.00000,2833.00000,2776.00000,2780.00000,1581918
1786690800,2799.00000,2820.00000,2760.00000,2785.00000,1458443
1786950000,2786.00000,2821.00000,2780.00000,2788.00000,1811938
1787036400,2794.00000,2872.00000,2779.00000,2802.00000,1758450
1787122800,2789.00000,2825.00000,2768.00000,2821.00000,1780986
1787209200,2820.00000,2831.98804,2771.00000,2793.00000,2415957
1787295600,2796.00000,2900.00000,2783.00000,2891.00000,1531168
1787554800,2911.00000,2957.00000,2898.91211,2934.00000,3919304
1787641200,2932.00000,2943.00000,2903.00000,2904.00000,1865039
1787727600,2892.00000,2915.00000,2811.00000,2844.00000,1904496
1787814000,2845.00000,2867.00000,2814.00000,2834.00000,1432845
