time,open,high,low,close,tick_volume
1472477400,14.57000,14.86000,14.56000,14.80000,850900
1472563800,14.75000,14.92000,14.75000,14.86000,826000
1472650200,14.85000,15.01000,14.62000,14.99000,1152200
1472736600,14.99000,15.11000,14.69000,14.78000,864900
1472823000,14.81000,14.98000,14.79000,14.80000,842900
1473168600,14.81000,14.99000,14.58000,14.84000,1453300
1473255000,14.83000,15.12000,14.70000,15.00000,1868500
1473341400,15.09000,15.43000,15.01000,15.28000,1559500
1473427800,15.20000,15.25000,14.71000,14.74000,1768600
1473687000,14.62000,14.94000,14.42000,14.88000,1437100
1473773400,14.71000,14.74000,14.45000,14.56000,1574200
1473859800,14.60000,14.70000,14.41000,14.47000,1031700
1473946200,14.47000,14.95000,14.44000,14.74000,1252900
1474032600,14.58000,14.68000,14.29000,14.35000,1805500
1474291800,14.36000,14.58000,14.25000,14.38000,1374900
1474378200,14.53000,14.54000,14.33000,14.38000,1152200
1474464600,14.45000,14.59000,14.24000,14.41000,1458500
1474551000,14.54000,14.60000,14.35000,14.48000,1311900
1474637400,14.36000,14.51000,14.27000,14.34000,1061500
1474896600,14.25000,14.25000,13.95000,14.07000,1621700
1474983000,13.99000,14.13000,13.91000,14.01000,1286100
1475069400,14.03000,14.17000,13.97000,14.14000,1003800
1475155800,14.12000,14.31000,14.04000,14.05000,1364500
1475242200,14.05000,14.36000,14.04000,14.26000,5548300
1475501400,14.24000,14.41000,14.22000,14.27000,1314000
1475587800,14.34000,14.36000,14.15000,14.20000,1552900
1475674200,14.23000,14.42000,14.22000,14.36000,1254200
1475760600,14.36000,14.41000,14.18000,14.26000,1332000
1475847000,14.26000,14.32000,14.14000,14.23000,1062100
1476106200,14.25000,14.49000,14.25000,14.37000,1295200
1476192600,14.37000,14.38000,14.19000,14.24000,2352000
1476279000,14.22000,14.25000,13.97000,14.00000,4329100
1476365400,13.91000,13.94000,13.69000,13.77000,9175700
1476451800,13.92000,14.02000,13.69000,13.75000,1284900
1476711000,13.79000,13.85000,13.63000,13.64000,1376300
1476797400,13.80000,13.88000,13.70000,13.72000,1448800
1476883800,13.72000,13.90000,13.70000,13.88000,1510800
1476970200,13.88000,13.99000,13.83000,13.89000,3612700
1477056600,13.80000,14.18000,13.80000,14.02000,1598000
1477315800,14.14000,14.63000,14.14000,14.48000,2632700
1477402200,14.69000,15.07000,14.59000,14.88000,7098900
1477488600,14.77000,15.14000,14.74000,14.87000,2367500
1477575000,14.90000,14.98000,14.72000,14.75000,1924200
1477661400,14.68000,14.82000,14.42000,14.51000,1980000
1477920600,14.43000,14.59000,14.18000,14.19000,1961600
1478007000,14.29000,14.50000,14.02000,14.07000,2439500
1478093400,14.04000,14.17000,13.82000,14.08000,3294900
1478179800,14.18000,14.20000,13.85000,13.89000,1884900
1478266200,13.82000,13.92000,13.63000,13.64000,1375300
1478529000,13.78000,14.04000,13.75000,13.96000,3517700
1478615400,13.81000,14.00000,13.71000,13.89000,2182800
1478701800,13.79000,13.93000,13.58000,13.61000,4406900
1478788200,13.70000,14.27000,13.64000,14.25000,10375700
1478874600,14.19000,14.81000,14.07000,14.74000,4682200
1479133800,14.75000,15.23000,14.74000,15.13000,5500900
1479220200,15.10000,15.28000,14.94000,15.05000,3780700
1479306600,14.92000,15.00000,14.75000,14.76000,3518900
1479393000,14.79000,15.37000,14.79000,15.22000,4167900
1479479400,15.25000,15.63000,15.25000,15.40000,4208600
1479738600,15.40000,15.49000,15.29000,15.46000,3059900
1479825000,15.49000,15.55000,15.34000,15.44000,2332400
1479911400,15.38000,15.67000,15.38000,15.55000,1811800
1480084200,15.53000,15.94000,15.52000,15.94000,1265500
1480343400,15.74000,15.82000,15.35000,15.37000,1499300
1480429800,15.35000,15.36000,15.14000,15.26000,1661000
1480516200,15.33000,15.49000,15.19000,15.30000,1701000
1480602600,15.42000,15.79000,15.38000,15.67000,3006800
1480689000,15.71000,15.71000,15.45000,15.48000,1268800
1480948200,15.55000,15.72000,15.51000,15.67000,1829100
1481034600,15.73000,15.90000,15.60000,15.87000,8538800
1481121000,15.87000,16.41000,15.86000,16.34000,4030900
1481207400,16.50000,17.18000,16.37000,16.99000,5193100
1481293800,17.01000,17.57000,16.81000,17.13000,5247900
1481553000,17.02000,17.18000,16.79000,16.96000,3143600
1481639400,17.00000,17.09000,16.77000,16.85000,2194300
1481725800,16.74000,16.88000,16.43000,16.52000,1805200
1481812200,16.10000,16.90000,16.10000,16.65000,3750400
1481898600,16.72000,16.82000,16.62000,16.65000,5213900
1482157800,16.60000,16.70000,16.50000,16.65000,1930000
1482244200,16.73000,17.07000,16.73000,16.84000,2158000
1482330600,16.81000,16.93000,16.61000,16.62000,1275400
1482417000,16.56000,16.73000,16.32000,16.34000,1425400
1482503400,16.31000,16.31000,15.97000,16.07000,2695200
1482849000,16.03000,16.19000,15.88000,15.92000,2077600
1482935400,15.87000,15.95000,15.59000,15.61000,1359000
1483021800,15.60000,15.73000,15.46000,15.47000,1638100
1483108200,15.46000,15.47000,15.30000,15.39000,1840200
1483453800,15.67000,15.84000,15.51000,15.83000,1514600
1483540200,15.96000,16.65000,15.93000,16.38000,3192300
1483626600,16.33000,16.43000,16.08000,16.41000,1635700
1483713000,16.44000,16.81000,16.38000,16.73000,2818200
1483972200,17.19000,17.27000,16.76000,17.14000,6670100
1484058600,17.22000,17.40000,17.04000,17.11000,3653500
1484145000,17.21000,17.31000,17.00000,17.25000,2774100
1484231400,17.34000,17.39000,17.01000,17.23000,2319300
1484317800,17.25000,17.47000,17.02000,17.23000,2577400
1484663400,17.06000,17.19000,16.85000,16.99000,3467500
1484749800,16.95000,17.16000,16.86000,17.14000,2414400
1484836200,17.14000,17.15000,16.94000,17.04000,1932700
1484922600,17.05000,17.24000,17.01000,17.22000,1576400
1485181800,17.19000,17.35000,17.12000,17.19000,3526000
1485268200,17.24000,17.67000,17.19000,17.62000,3477200
1485354600,17.75000,17.86000,17.50000,17.69000,2644600
1485441000,17.71000,17.83000,17.69000,17.80000,1645600
1485527400,17.80000,17.80000,17.68000,17.74000,1869500
1485786600,17.59000,17.59000,17.36000,17.54000,1372500
1485873000,17.34000,17.58000,17.20000,17.36000,2431100
1485959400,17.48000,17.79000,17.43000,17.58000,3277500
1486045800,17.46000,17.61000,17.35000,17.56000,2339200
1486132200,17.79000,17.98000,17.61000,17.61000,2164100
1486391400,17.51000,17.58000,17.40000,17.47000,1933900
1486477800,17.49000,18.02000,17.43000,17.94000,3501800
1486564200,17.94000,18.40000,17.85000,18.37000,4020500
1486650600,18.37000,18.37000,17.77000,18.24000,5065700
1486737000,18.21000,18.38000,18.10000,18.17000,4701800
1486996200,18.13000,18.28000,17.67000,18.00000,5091700
1487082600,17.62000,18.07000,17.60000,18.01000,3236400
1487169000,17.99000,18.21000,17.95000,18.18000,2190700
1487255400,17.98000,18.04000,17.83000,18.01000,5978900
1487341800,17.95000,18.29000,17.91000,18.25000,2947300
1487687400,18.14000,18.35000,18.14000,18.27000,2318900
1487773800,18.04000,18.25000,18.04000,18.24000,2582000
1487860200,18.23000,18.27000,18.05000,18.19000,2182600
1487946600,17.95000,18.15000,17.69000,18.00000,4035300
1488205800,17.83000,18.13000,17.34000,18.12000,2952700
1488292200,17.88000,18.14000,17.88000,18.03000,2444000
1488378600,18.23000,18.30000,18.15000,18.18000,6489400
1488465000,18.18000,18.24000,18.07000,18.09000,2572000
1488551400,18.05000,18.13000,17.95000,18.09000,1504000
1488810600,17.97000,18.20000,17.94000,18.04000,2460400
1488897000,18.07000,18.10000,17.75000,17.91000,2551500
1488983400,18.01000,18.10000,17.89000,18.01000,2873100
1489069800,18.00000,18.16000,17.93000,18.02000,2931700
1489156200,18.14000,18.25000,18.04000,18.21000,2576000
1489411800,18.16000,18.35000,18.10000,18.27000,2850900
1489498200,18.19000,18.28000,18.11000,18.26000,2334600
1489584600,18.36000,18.50000,18.25000,18.43000,2077900
1489671000,18.44000,18.49000,18.27000,18.35000,1171800
1489757400,18.32000,18.35000,18.09000,18.16000,2729000
1490016600,18.10000,18.29000,18.10000,18.25000,2150900
1490103000,18.30000,18.31000,17.89000,17.93000,4734700
1490189400,17.92000,18.33000,17.73000,18.22000,3207000
1490275800,18.19000,18.31000,18.11000,18.24000,2444000
1490362200,18.23000,18.30000,18.08000,18.17000,2060600
1490621400,17.91000,18.02000,17.53000,17.68000,6646500
1490707800,17.60000,18.00000,17.60000,17.85000,4303900
1490794200,17.78000,17.89000,17.65000,17.77000,1607100
1490880600,17.66000,18.44000,17.66000,18.37000,3730800
1490967000,18.20000,18.52000,18.20000,18.23000,2556000
1491226200,18.16000,18.22000,17.83000,17.94000,1566100
1491312600,17.84000,18.13000,17.84000,18.04000,1786300
1491399000,18.12000,18.17000,17.61000,17.68000,3066100
1491485400,17.62000,17.81000,17.58000,17.68000,2339800
1491571800,17.56000,17.68000,17.43000,17.45000,2498500
1491831000,17.42000,17.90000,17.36000,17.89000,2022600
1491917400,17.83000,17.93000,17.70000,17.88000,2180000
1492003800,17.80000,17.88000,17.54000,17.57000,1790500
1492090200,17.50000,17.63000,17.23000,17.27000,1321900
1492435800,16.89000,17.42000,16.85000,17.31000,1764000
1492522200,17.16000,17.25000,16.92000,17.04000,2211900
1492608600,17.12000,17.23000,16.77000,16.86000,2489400
1492695000,16.91000,17.28000,16.89000,17.22000,2617000
1492781400,17.25000,17.32000,16.95000,17.04000,1362200
1493040600,17.34000,17.39000,17.16000,17.26000,1397800
1493127000,17.35000,17.54000,17.31000,17.49000,2212500
1493213400,17.52000,17.95000,17.51000,17.77000,3091300
1493299800,18.15000,19.09000,17.91000,18.73000,10718800
1493386200,19.19000,19.30000,18.75000,18.98000,3206400
1493645400,18.92000,19.03000,18.70000,18.90000,2743100
1493731800,18.75000,18.85000,18.62000,18.74000,1445600
1493818200,18.70000,18.72000,18.54000,18.60000,1197800
1493904600,18.50000,18.65000,18.22000,18.25000,1831200
1493991000,18.25000,18.60000,18.17000,18.59000,1978500
1494250200,18.60000,18.79000,18.51000,18.74000,1618200
1494336600,18.65000,19.03000,18.50000,18.97000,2664000
1494423000,18.85000,19.02000,18.77000,18.83000,2541400
1494509400,18.77000,18.86000,18.54000,18.69000,2315400
1494595800,18.60000,18.68000,18.21000,18.36000,2447000
1494855000,18.32000,18.68000,18.28000,18.53000,2194500
1494941400,18.55000,18.69000,18.51000,18.63000,1684400
1495027800,18.45000,18.47000,17.91000,17.93000,3135700
1495114200,17.83000,18.23000,17.61000,18.14000,2324600
1495200600,18.20000,18.66000,18.18000,18.45000,2294100
1495459800,18.56000,18.98000,18.54000,18.84000,3398700
1495546200,18.76000,19.00000,18.59000,18.70000,1582700
1495632600,18.78000,18.79000,18.55000,18.74000,917900
1495719000,18.75000,18.80000,18.50000,18.63000,1297500
1495805400,18.57000,18.72000,18.50000,18.67000,955000
1496151000,18.52000,18.73000,18.50000,18.61000,1084200
1496237400,18.55000,18.63000,18.26000,18.42000,1209400
1496323800,18.42000,18.79000,18.41000,18.76000,1764800
1496410200,18.80000,18.90000,18.74000,18.79000,2396400
1496669400,18.77000,18.81000,18.43000,18.50000,2000000
1496755800,18.33000,18.57000,18.25000,18.53000,1373000
1496842200,18.55000,18.71000,18.49000,18.54000,1828900
1496928600,18.52000,18.72000,18.50000,18.64000,2377900
1497015000,18.70000,19.14000,18.70000,18.96000,3150800
1497274200,18.94000,19.02000,18.71000,18.71000,1914600
1497360600,18.80000,19.15000,18.80000,19.11000,2302300
1497447000,19.10000,19.10000,18.43000,18.60000,5055900
1497533400,18.38000,18.79000,18.38000,18.43000,1031800
1497619800,18.43000,18.48000,18.21000,18.26000,1480200
1497879000,18.46000,20.34000,18.43000,18.84000,5012900
1497965400,18.80000,18.89000,18.55000,18.62000,2842900
1498051800,18.61000,18.78000,18.44000,18.55000,2745900
1498138200,18.63000,18.79000,18.45000,18.77000,2321200
1498224600,18.83000,18.83000,18.50000,18.53000,2597100
1498483800,18.49000,18.67000,17.99000,18.23000,3429700
1498570200,18.66000,18.87000,18.17000,18.20000,3446300
1498656600,18.28000,18.60000,18.26000,18.54000,2352100
1498743000,18.63000,18.65000,18.15000,18.42000,2800800
1498829400,18.48000,18.83000,18.33000,18.60000,2093700
1499088600,18.63000,18.87000,18.52000,18.54000,1546800
1499261400,18.59000,18.61000,18.15000,18.43000,3677300
1499347800,18.37000,18.43000,18.22000,18.32000,2340100
1499434200,18.37000,18.56000,18.21000,18.55000,2203400
1499693400,18.59000,18.99000,18.52000,18.86000,2756100
1499779800,18.83000,19.02000,18.78000,18.97000,2144900
1499866200,19.09000,19.17000,18.94000,19.17000,4330600
1499952600,19.25000,19.30000,19.09000,19.16000,4980100
1500039000,19.23000,19.43000,19.14000,19.25000,2399600
1500298200,19.35000,19.60000,19.25000,19.44000,2685000
1500384600,19.41000,19.45000,18.99000,19.13000,3042700
1500471000,19.21000,19.50000,19.07000,19.44000,2964900
1500557400,19.50000,19.64000,19.28000,19.31000,3320700
1500643800,19.41000,19.60000,19.35000,19.38000,3120900
1500903000,19.45000,19.47000,19.19000,19.30000,4093100
1500989400,19.34000,19.55000,19.34000,19.46000,2637300
1501075800,19.50000,19.55000,19.31000,19.31000,2834300
1501162200,19.88000,20.02000,19.25000,19.25000,4573100
1501248600,19.26000,19.41000,18.86000,19.30000,2884800
1501507800,19.36000,19.57000,19.26000,19.38000,3138700
1501594200,19.42000,19.76000,19.42000,19.46000,2829100
1501680600,19.48000,19.57000,19.32000,19.35000,4108300
1501767000,19.24000,19.57000,19.24000,19.40000,3941500
1501853400,19.48000,19.71000,19.48000,19.52000,2859300
1502112600,19.56000,19.68000,19.46000,19.50000,3280100
1502199000,19.50000,19.77000,19.49000,19.52000,2935000
1502285400,19.51000,19.51000,19.00000,19.12000,3161900
1502371800,19.05000,19.11000,18.49000,18.50000,3416000
1502458200,18.45000,18.55000,18.15000,18.34000,3739100
1502717400,18.54000,18.86000,18.54000,18.64000,2906400
1502803800,18.70000,18.74000,18.29000,18.46000,3036600
1502890200,18.53000,18.69000,18.32000,18.38000,2328300
1502976600,18.37000,18.42000,17.97000,18.03000,3563500
1503063000,18.11000,18.38000,17.96000,18.14000,3505900
1503322200,18.11000,18.33000,18.05000,18.14000,2719100
1503408600,18.47000,18.67000,18.33000,18.64000,6146500
1503495000,18.56000,18.66000,18.42000,18.57000,2481800
1503581400,18.67000,18.69000,18.28000,18.32000,2500000
1503667800,18.41000,18.58000,18.26000,18.44000,2763400
1503927000,18.57000,18.75000,18.43000,18.65000,3325500
1504013400,18.37000,18.51000,18.32000,18.44000,2814200
1504099800,18.44000,19.10000,18.44000,18.95000,5097300
1504186200,19.03000,19.11000,18.80000,19.01000,3461900
1504272600,19.10000,19.14000,18.95000,18.98000,3945800
1504618200,18.91000,18.98000,18.13000,18.35000,4180800
1504704600,18.50000,18.53000,18.15000,18.32000,3473700
1504791000,18.35000,18.41000,18.13000,18.26000,3467200
1504877400,18.24000,18.35000,18.08000,18.16000,2797700
1505136600,18.38000,18.77000,18.35000,18.66000,3465800
1505223000,18.74000,18.97000,18.67000,18.76000,3095900
1505309400,18.68000,18.86000,18.27000,18.58000,3562600
1505395800,18.54000,18.84000,18.50000,18.70000,2890700
1505482200,18.64000,18.95000,18.64000,18.93000,3418100
1505741400,19.05000,19.25000,18.87000,18.94000,3461000
1505827800,19.00000,19.10000,18.89000,19.09000,3348700
1505914200,19.06000,19.33000,19.02000,19.25000,3412300
1506000600,19.27000,19.40000,19.17000,19.31000,4077300
1506087000,19.18000,19.77000,19.16000,19.73000,4501400
1506346200,19.72000,20.01000,19.61000,19.71000,4600100
1506432600,19.74000,19.93000,19.70000,19.80000,4285500
1506519000,19.98000,20.05000,19.74000,19.91000,2354400
1506605400,19.91000,20.05000,19.83000,19.99000,1484300
1506691800,20.05000,20.43000,20.02000,20.33000,4749400
1506951000,20.33000,20.41000,19.99000,20.23000,8310400
1507037400,20.23000,20.38000,20.10000,20.28000,1324200
1507123800,20.26000,20.45000,20.20000,20.36000,1941800
1507210200,20.38000,20.64000,20.38000,20.50000,2580400
1507296600,20.45000,20.57000,20.23000,20.30000,1918700
1507555800,20.32000,20.40000,20.05000,20.20000,1908600
1507642200,20.26000,20.32000,20.12000,20.25000,1752900
1507728600,20.15000,20.25000,20.04000,20.24000,1441200
1507815000,20.27000,20.27000,20.00000,20.03000,1296000
1507901400,20.05000,20.06000,19.85000,19.91000,1829700
1508160600,20.30000,20.48000,20.18000,20.20000,2181600
1508247000,20.24000,20.24000,20.05000,20.18000,774500
1508333400,20.25000,20.49000,20.19000,20.22000,1603200
1508419800,20.13000,20.56000,20.10000,20.36000,2494400
1508506200,20.45000,20.55000,20.38000,20.38000,1363200
1508765400,20.40000,20.53000,20.29000,20.37000,3127400
1508851800,20.48000,20.76000,20.41000,20.75000,3197000
1508938200,20.75000,20.77000,20.11000,20.52000,3249200
1509024600,19.87000,20.49000,19.55000,20.30000,2486100
1509111000,20.27000,20.39000,20.00000,20.35000,1839400
1509370200,20.22000,20.35000,19.89000,20.05000,2899700
1509456600,19.94000,20.07000,19.92000,20.05000,1509000
1509543000,20.19000,20.21000,19.79000,19.91000,2674300
1509629400,19.91000,20.15000,19.15000,19.90000,5246500
1509715800,19.62000,20.08000,19.62000,20.02000,3149900
1509978600,19.96000,20.09000,19.88000,20.07000,1833900
1510065000,20.00000,20.12000,19.91000,19.99000,2997000
1510151400,19.79000,19.90000,19.63000,19.76000,1766700
1510237800,19.47000,19.66000,19.40000,19.50000,2048100
1510324200,19.42000,19.43000,19.16000,19.26000,1954700
1510583400,19.15000,19.28000,19.08000,19.23000,2237400
1510669800,19.17000,19.25000,19.05000,19.20000,2559700
1510756200,19.00000,19.27000,18.74000,19.22000,2200800
1510842600,19.29000,19.56000,19.29000,19.55000,2700100
1510929000,19.50000,19.64000,19.48000,19.56000,1258200
1511188200,19.55000,19.58000,19.39000,19.50000,1998800
1511274600,19.60000,19.68000,19.47000,19.50000,1975000
1511361000,19.50000,19.55000,19.41000,19.52000,2025800
1511533800,19.49000,19.56000,19.45000,19.51000,737400
1511793000,19.48000,19.54000,19.36000,19.49000,2729200
1511879400,19.49000,19.65000,19.30000,19.63000,2677900
1511965800,19.61000,19.86000,19.57000,19.78000,2338900
1512052200,19.81000,19.99000,19.75000,19.92000,2185800
1512138600,19.90000,19.97000,19.50000,19.88000,1894900
1512397800,19.95000,20.18000,19.88000,19.95000,2220100
1512484200,19.94000,20.00000,19.50000,19.58000,1678600
1512570600,19.43000,19.46000,19.19000,19.19000,1270100
1512657000,19.14000,19.75000,19.11000,19.66000,3366700
1512743400,19.74000,20.01000,19.70000,19.99000,2710500
1513002600,20.00000,20.20000,19.97000,20.18000,1566600
1513089000,20.09000,20.29000,20.09000,20.11000,2485400
1513175400,20.08000,20.13000,19.83000,19.94000,1815000
1513261800,19.94000,20.00000,19.88000,19.93000,1515500
1513348200,19.91000,20.13000,19.81000,20.10000,2922600
1513607400,20.17000,20.63000,20.15000,20.63000,5607100
1513693800,20.68000,20.97000,20.58000,20.77000,4264900
1513780200,20.84000,21.39000,20.83000,20.91000,3268900
1513866600,21.00000,21.30000,20.96000,21.15000,2535700
1513953000,21.17000,21.41000,21.10000,21.18000,1934900
1514298600,21.21000,21.24000,20.94000,20.99000,1729200
1514385000,21.15000,21.20000,20.87000,21.07000,1783600
1514471400,21.10000,21.16000,20.87000,21.13000,1974200
1514557800,21.12000,21.16000,20.88000,21.06000,980300
1514903400,21.06000,21.64000,20.94000,21.51000,3483200
1514989800,21.59000,22.00000,21.57000,21.97000,3079500
1515076200,22.00000,22.14000,21.74000,21.99000,1677600
1515162600,21.97000,21.98000,21.71000,21.92000,2047200
1515421800,21.89000,22.08000,21.57000,22.03000,1969400
1515508200,22.47000,23.06000,22.32000,22.67000,6937600
1515594600,22.77000,23.32000,22.63000,22.85000,2817900
1515681000,22.99000,23.25000,22.86000,23.03000,1666700
1515767400,23.15000,23.30000,23.00000,23.08000,1606700
1516113000,23.20000,23.36000,22.53000,22.79000,2150500
1516199400,22.88000,23.05000,22.68000,22.85000,1325100
1516285800,22.77000,22.83000,22.38000,22.55000,1953400
1516372200,22.40000,22.78000,22.28000,22.77000,2038300
1516631400,22.78000,23.02000,22.69000,23.02000,1542700
1516717800,23.01000,23.76000,22.98000,23.76000,3314900
1516804200,23.80000,24.02000,23.55000,23.99000,4308500
1516890600,24.03000,24.45000,23.81000,24.41000,4826300
1516977000,24.47000,24.50000,24.20000,24.40000,3747000
1517236200,24.25000,24.33000,23.91000,24.25000,4555400
1517322600,23.97000,24.08000,23.74000,23.96000,3887100
1517409000,24.01000,24.11000,23.73000,24.08000,3376100
1517495400,23.98000,24.41000,23.98000,24.31000,5113400
1517581800,24.13000,24.16000,23.37000,23.48000,3726100
1517841000,23.10000,23.10000,21.65000,21.94000,7425200
1517927400,21.34000,22.18000,20.92000,22.07000,5105400
1518013800,21.97000,22.45000,21.93000,22.19000,3483100
1518100200,22.19000,22.42000,21.08000,21.08000,4432200
1518186600,21.03000,21.62000,20.59000,21.19000,4659600
1518445800,21.24000,21.60000,20.92000,21.53000,3483100
1518532200,21.32000,21.42000,21.15000,21.25000,3525400
1518618600,21.25000,21.61000,21.16000,21.59000,4843200
1518705000,21.91000,22.73000,21.85000,22.48000,7793400
1518791400,22.31000,22.46000,22.10000,22.23000,2183800
1519137000,22.03000,22.36000,21.75000,21.87000,4285200
1519223400,21.96000,22.44000,21.81000,21.89000,1678800
1519309800,22.00000,22.12000,21.74000,21.78000,2171800
1519396200,21.89000,22.02000,21.77000,21.96000,2423300
1519655400,22.06000,22.26000,21.95000,22.06000,3790300
1519741800,22.01000,22.09000,21.53000,21.54000,3358100
1519828200,21.61000,21.81000,21.42000,21.46000,2551000
1519914600,21.46000,21.88000,21.33000,21.43000,3009100
1520001000,21.32000,21.72000,21.07000,21.56000,1629300
1520260200,21.34000,22.01000,21.31000,21.98000,1832000
1520346600,22.07000,22.29000,21.78000,22.28000,1787900
1520433000,22.06000,22.28000,21.93000,22.19000,1035700
1520519400,22.26000,22.35000,21.81000,22.12000,1274900
1520605800,22.30000,22.75000,22.28000,22.71000,1630500
1520861400,22.78000,22.89000,22.58000,22.69000,1635100
1520947800,22.75000,22.84000,22.37000,22.42000,1049300
1521034200,22.44000,22.55000,22.03000,22.12000,10216400
1521120600,22.17000,22.19000,21.71000,21.76000,2218800
1521207000,21.81000,22.10000,21.80000,21.97000,1080200
1521466200,21.84000,21.86000,21.49000,21.64000,1819500
1521552600,21.74000,21.81000,21.55000,21.75000,886900
1521639000,21.73000,21.96000,21.70000,21.81000,880500
1521725400,21.55000,21.62000,21.07000,21.07000,7330800
1521811800,21.08000,21.14000,20.60000,20.61000,4864700
1522071000,20.95000,21.04000,20.42000,20.70000,2626900
1522157400,20.67000,20.82000,20.16000,20.37000,1802300
1522243800,20.37000,20.61000,20.14000,20.20000,2450400
1522330200,20.27000,20.43000,20.07000,20.30000,1846800
1522675800,20.19000,20.27000,19.73000,19.89000,12939200
1522762200,20.03000,20.21000,19.65000,19.71000,2256000
1522848600,19.44000,20.17000,19.37000,20.10000,2593600
1522935000,20.30000,20.52000,20.13000,20.33000,1817700
1523021400,20.03000,20.27000,19.86000,20.01000,2152400
1523280600,20.16000,20.37000,19.99000,20.01000,2069000
1523367000,20.20000,20.48000,20.13000,20.41000,964700
1523453400,20.24000,20.57000,20.20000,20.23000,2724200
1523539800,20.34000,20.69000,20.29000,20.58000,1515700
1523626200,20.67000,20.77000,20.27000,20.33000,1696100
1523885400,20.39000,20.76000,20.29000,20.72000,1389300
1523971800,20.84000,21.07000,20.79000,20.98000,1537300
1524058200,21.00000,21.21000,20.92000,20.97000,1271100
1524144600,20.96000,21.22000,20.83000,21.15000,1880800
1524231000,21.20000,21.49000,21.14000,21.42000,1820300
1524490200,21.49000,21.60000,21.24000,21.31000,2287400
1524576600,21.45000,21.57000,20.98000,21.15000,1539700
1524663000,21.05000,21.15000,20.73000,20.75000,1972200
1524749400,20.75000,20.98000,20.61000,20.89000,882900
1524835800,20.85000,20.90000,20.65000,20.86000,752800
1525095000,20.90000,21.67000,20.66000,20.94000,3875000
1525181400,20.88000,21.57000,20.81000,21.40000,3840800
1525267800,21.39000,21.71000,21.24000,21.50000,4789400
1525354200,23.24000,23.29000,22.03000,22.14000,11826800
1525440600,22.25000,23.00000,22.11000,23.00000,16582900
1525699800,23.00000,23.00000,22.34000,22.59000,11318900
1525786200,22.80000,22.82000,22.41000,22.67000,7031000
1525872600,22.73000,22.97000,22.66000,22.88000,6678000
1525959000,22.27000,22.82000,22.04000,22.51000,5705800
1526045400,22.34000,22.62000,21.80000,22.03000,3250300
1526304600,22.05000,22.17000,21.47000,21.75000,2573300
1526391000,21.73000,21.95000,21.54000,21.60000,2436700
1526477400,21.80000,22.68000,21.80000,22.32000,3631600
1526563800,22.31000,22.80000,22.25000,22.71000,3106900
1526650200,22.73000,22.73000,22.31000,22.40000,1787200
1526909400,22.50000,22.90000,22.43000,22.65000,1973500
1526995800,22.69000,22.85000,22.38000,22.57000,5888400
1527082200,22.49000,22.57000,22.10000,22.29000,3125300
1527168600,22.19000,22.58000,22.05000,22.50000,2638300
1527255000,22.39000,22.65000,22.33000,22.46000,1353500
1527600600,22.22000,22.33000,21.65000,21.91000,2827300
1527687000,22.00000,22.32000,21.93000,22.15000,1722500
1527773400,22.05000,22.30000,22.01000,22.23000,1130700
1527859800,22.35000,22.68000,22.35000,22.47000,1446500
1528119000,22.60000,22.68000,22.41000,22.52000,1134500
1528205400,22.45000,22.53000,22.27000,22.45000,1330900
1528291800,22.50000,22.74000,22.43000,22.66000,1363100
1528378200,22.74000,22.75000,22.41000,22.48000,1071400
1528464600,22.45000,23.00000,22.40000,22.98000,2236500
1528723800,22.86000,23.42000,22.85000,23.26000,2653100
1528810200,23.39000,23.39000,23.01000,23.24000,1574600
1528896600,23.31000,23.94000,23.31000,23.63000,3303800
1528983000,23.67000,23.86000,23.44000,23.76000,1981900
1529069400,23.60000,24.16000,23.40000,23.91000,3699100
1529328600,23.80000,24.09000,23.68000,23.96000,2542900
1529415000,23.78000,24.25000,23.67000,24.18000,3132200
1529501400,24.24000,24.50000,24.20000,24.28000,3041700
1529587800,24.33000,24.59000,23.98000,24.57000,3601500
1529674200,24.65000,25.00000,24.60000,24.85000,5731700
1529933400,24.80000,24.84000,24.36000,24.54000,3978000
1530019800,24.47000,25.04000,24.32000,25.00000,7870800
1530106200,25.08000,25.10000,24.81000,24.84000,9263300
1530192600,24.83000,24.91000,24.21000,24.45000,5477600
1530279000,24.69000,25.00000,24.55000,24.85000,5112600
1530538200,24.95000,25.93000,24.86000,25.93000,23224600
1530624600,26.00000,26.95000,25.83000,26.68000,18420900
1530797400,26.68000,27.12000,26.42000,26.85000,32439600
1530883800,26.76000,27.25000,26.71000,27.04000,14864100
1531143000,27.02000,27.56000,27.02000,27.11000,11919100
1531229400,27.17000,27.18000,26.21000,26.28000,11534600
1531315800,26.05000,26.34000,25.83000,26.29000,6477800
1531402200,26.41000,26.60000,26.01000,26.60000,4509500
1531488600,26.53000,26.66000,26.31000,26.53000,3551200
1531747800,26.54000,26.68000,26.35000,26.60000,3917600
1531834200,26.52000,26.91000,26.52000,26.90000,3315700
1531920600,26.22000,27.38000,26.06000,27.20000,7242500
1532007000,27.07000,27.18000,26.65000,27.06000,6161800
1532093400,27.00000,27.42000,27.00000,27.27000,4327100
1532352600,27.19000,27.50000,27.19000,27.34000,3805600
1532439000,27.34000,27.62000,27.34000,27.50000,4241900
1532525400,27.48000,27.86000,27.44000,27.74000,7802000
1532611800,27.01000,27.90000,27.01000,27.85000,7650300
1532698200,27.89000,27.95000,27.62000,27.66000,5799700
1532957400,27.36000,27.72000,27.16000,27.31000,5386800
1533043800,27.44000,27.56000,27.37000,27.38000,3563100
1533130200,27.39000,27.47000,27.29000,27.39000,4773500
1533216600,27.18000,27.36000,27.13000,27.13000,2425400
1533303000,27.03000,27.10000,26.65000,26.95000,2929100
1533562200,26.94000,26.98000,26.51000,26.64000,3007100
1533648600,26.65000,26.76000,26.37000,26.38000,2692700
1533735000,26.40000,26.56000,26.12000,26.14000,2361400
1533821400,26.05000,26.44000,25.99000,26.24000,2133600
1533907800,25.98000,25.98000,25.57000,25.73000,3332400
1534167000,25.73000,25.80000,25.13000,25.20000,3368700
1534253400,25.25000,25.57000,25.19000,25.44000,4125700
1534339800,25.22000,25.46000,25.05000,25.10000,2238600
1534426200,25.35000,25.47000,25.30000,25.37000,1476800
1534512600,25.32000,25.51000,25.22000,25.40000,1661800
1534771800,25.30000,25.83000,25.27000,25.55000,3506400
1534858200,25.61000,26.06000,25.57000,25.89000,1989800
1534944600,25.89000,26.37000,25.62000,26.21000,2036500
1535031000,26.25000,26.62000,26.21000,26.49000,2015000
1535117400,26.64000,26.79000,26.50000,26.69000,1228700
1535376600,26.86000,26.88000,26.36000,26.46000,2836600
1535463000,26.51000,26.79000,26.23000,26.32000,1815500
1535549400,26.27000,26.43000,25.94000,26.33000,2147500
1535635800,26.25000,26.29000,25.96000,26.06000,2452600
1535722200,26.02000,26.18000,25.83000,26.08000,1755600
1536067800,26.00000,26.11000,25.73000,25.96000,2424700
1536154200,25.90000,26.09000,25.41000,25.45000,3174400
1536240600,25.43000,25.78000,25.13000,25.17000,2525200
1536327000,25.07000,25.19000,24.92000,25.12000,1389600
1536586200,25.39000,26.91000,25.39000,26.35000,15628700
1536672600,26.12000,26.72000,26.01000,26.53000,9540000
1536759000,26.41000,27.00000,26.25000,26.87000,5399000
1536845400,26.91000,27.45000,26.85000,27.18000,5494500
1536931800,27.22000,27.61000,27.22000,27.52000,4718400
1537191000,27.59000,27.99000,27.56000,27.62000,7216800
1537277400,27.61000,27.88000,27.13000,27.67000,6904400
1537363800,27.66000,27.93000,27.58000,27.89000,11983100
1537450200,27.90000,28.59000,27.88000,28.02000,13006200
1537536600,28.14000,28.73000,27.98000,28.25000,35684900
1537795800,28.15000,28.41000,27.94000,28.25000,13015500
1537882200,28.48000,28.48000,28.07000,28.12000,14615300
1537968600,28.17000,28.21000,27.78000,28.00000,3785500
1538055000,27.99000,28.24000,27.45000,27.50000,4477600
1538141400,27.35000,27.40000,27.06000,27.27000,4873500
1538400600,27.52000,27.59000,27.27000,27.50000,2730100
1538487000,27.59000,27.62000,27.31000,27.52000,2715700
1538573400,27.72000,28.44000,27.68000,28.03000,4433600
1538659800,27.88000,28.17000,27.43000,27.70000,5464900
1538746200,27.65000,27.80000,26.77000,26.97000,4580100
1539005400,26.79000,26.90000,26.18000,26.36000,5569400
1539091800,26.15000,26.32000,25.96000,26.06000,5854800
1539178200,25.77000,25.92000,24.37000,24.42000,10614600
1539264600,24.35000,24.69000,24.06000,24.25000,6648000
1539351000,24.68000,24.84000,24.17000,24.49000,6132500
1539610200,24.50000,25.09000,24.48000,24.82000,3366500
1539696600,25.07000,25.77000,24.97000,25.65000,3858600
1539783000,25.65000,25.74000,25.17000,25.55000,5374100
1539869400,25.45000,25.48000,24.60000,24.67000,2745500
1539955800,24.71000,24.82000,24.17000,24.17000,3379300
1540215000,24.30000,24.51000,23.87000,23.91000,5837500
1540301400,23.44000,23.69000,22.60000,23.15000,8665100
1540387800,23.02000,23.30000,22.00000,22.12000,6631000
1540474200,22.63000,23.73000,22.50000,23.51000,13643200
1540560600,23.26000,23.45000,22.76000,22.94000,5778500
1540819800,22.94000,23.29000,21.39000,21.79000,6300600
1540906200,21.82000,23.18000,21.79000,23.14000,4697400
1540992600,23.50000,24.09000,23.43000,23.65000,5980900
1541079000,23.81000,24.64000,23.59000,24.57000,5210200
1541165400,24.75000,25.34000,23.83000,23.89000,4544600
1541428200,23.89000,24.24000,23.73000,24.00000,2920900
1541514600,23.94000,24.25000,23.91000,23.99000,3555000
1541601000,24.17000,24.89000,23.91000,24.74000,5364300
1541687400,24.90000,24.94000,24.27000,24.44000,4314200
1541773800,24.18000,24.37000,23.58000,23.79000,2496900
1542033000,23.68000,23.71000,22.74000,22.81000,4013100
1542119400,22.99000,23.38000,22.75000,22.87000,6478100
1542205800,22.83000,23.40000,22.38000,22.42000,4739100
1542292200,22.27000,22.53000,21.86000,22.30000,5141300
1542378600,22.25000,22.27000,21.79000,21.83000,3930000
1542637800,21.76000,21.82000,21.06000,21.10000,8198900
1542724200,20.67000,21.08000,20.42000,20.94000,5574800
1542810600,21.16000,22.08000,21.14000,21.74000,3588800
1542983400,21.62000,22.35000,21.60000,22.16000,1480300
1543242600,22.40000,22.74000,22.29000,22.68000,3012100
1543329000,22.46000,22.68000,22.31000,22.32000,1595900
1543415400,22.50000,23.06000,22.02000,23.00000,3984900
1543501800,22.89000,23.10000,22.70000,22.74000,2514500
1543588200,22.70000,23.30000,22.60000,22.92000,7026400
1543847400,23.36000,23.71000,23.16000,23.65000,4588200
1543933800,23.48000,23.65000,22.11000,22.20000,4188100
1544106600,21.60000,21.64000,20.80000,21.61000,5531400
1544193000,21.52000,21.86000,20.97000,21.00000,4556600
1544452200,21.00000,21.20000,20.26000,21.11000,4445900
1544538600,21.45000,21.53000,20.59000,20.91000,4391300
1544625000,21.29000,21.60000,21.14000,21.15000,1835000
1544711400,21.25000,21.36000,20.59000,20.79000,4097500
1544797800,20.50000,20.81000,20.00000,20.12000,5411100
1545057000,19.95000,20.24000,19.66000,19.80000,5947600
1545143400,19.95000,20.11000,19.78000,19.91000,4747900
1545229800,19.85000,20.11000,19.15000,19.35000,4984800
1545316200,19.20000,19.39000,18.87000,19.11000,8232500
1545402600,19.10000,19.68000,18.93000,19.02000,5119300
1545661800,18.84000,19.08000,18.50000,18.68000,2603800
1545834600,18.69000,19.66000,18.30000,19.62000,5861000
1545921000,19.14000,19.84000,19.13000,19.84000,6766200
1546007400,20.00000,20.09000,19.36000,19.64000,5548100
1546266600,19.75000,19.90000,19.23000,19.63000,3189300
1546439400,19.31000,19.90000,19.04000,19.62000,2595900
1546525800,19.43000,19.48000,18.58000,18.71000,3965000
1546612200,19.05000,20.14000,19.01000,20.00000,6077300
1546871400,20.00000,20.70000,19.87000,20.69000,4546100
1546957800,20.91000,21.23000,20.77000,21.13000,4254300
1547044200,21.30000,21.72000,21.05000,21.48000,3598700
1547130600,21.17000,21.51000,21.06000,21.12000,2783100
1547217000,20.95000,21.15000,20.70000,20.90000,3045400
1547476200,20.72000,21.05000,20.68000,20.76000,2585900
1547562600,20.74000,21.14000,20.74000,21.10000,2317100
1547649000,21.65000,22.43000,21.64000,22.25000,6745300
1547735400,21.97000,22.82000,21.96000,22.65000,7132500
1547821800,22.77000,22.91000,22.52000,22.82000,5189600
1548167400,22.48000,22.95000,22.01000,22.16000,3819700
1548253800,22.23000,22.46000,21.95000,22.29000,2966400
1548340200,22.25000,22.57000,22.14000,22.36000,1896900
1548426600,22.61000,22.96000,22.50000,22.83000,2803300
1548685800,22.53000,22.85000,22.49000,22.78000,2458400
1548772200,22.75000,22.89000,22.42000,22.46000,2336100
1548858600,22.58000,22.66000,22.19000,22.56000,4613400
1548945000,22.40000,22.91000,22.29000,22.45000,5156400
1549031400,22.78000,23.86000,22.68000,23.48000,5706800
1549290600,23.64000,23.79000,23.18000,23.71000,3669100
1549377000,23.70000,23.78000,23.21000,23.74000,4762700
1549463400,23.60000,23.79000,23.14000,23.24000,3549600
1549549800,23.07000,23.26000,22.18000,23.25000,5748200
1549636200,22.93000,23.17000,22.65000,23.17000,4056400
1549895400,23.19000,23.50000,23.14000,23.44000,3647300
1549981800,23.48000,23.82000,23.48000,23.61000,4946300
1550068200,23.73000,23.89000,23.28000,23.50000,3430900
1550154600,23.45000,23.62000,23.17000,23.39000,6795700
1550241000,23.64000,23.70000,23.45000,23.53000,2862600
1550586600,23.46000,23.76000,23.12000,23.70000,4375000
1550673000,23.62000,23.93000,23.45000,23.65000,4614400
1550759400,23.65000,23.71000,23.39000,23.66000,3911500
1550845800,23.71000,23.93000,22.97000,23.35000,5078300
1551105000,23.43000,23.71000,22.74000,22.79000,5350800
1551191400,22.63000,22.90000,22.32000,22.79000,7008500
1551277800,22.79000,22.83000,22.34000,22.83000,5602800
1551364200,22.72000,22.85000,22.21000,22.23000,21589600
1551450600,22.46000,22.93000,22.46000,22.56000,4927100
1551709800,22.62000,23.23000,22.58000,23.08000,9179800
1551796200,23.07000,23.13000,22.80000,22.87000,4913300
1551882600,22.88000,23.05000,22.66000,22.77000,4505200
1551969000,22.77000,22.77000,22.41000,22.72000,4098000
1552055400,22.48000,22.56000,22.20000,22.39000,3520200
1552311000,22.50000,23.01000,22.45000,22.96000,2366200
1552397400,23.07000,23.19000,23.00000,23.19000,2896600
1552483800,23.26000,23.88000,23.15000,23.82000,3551800
1552570200,23.84000,24.41000,23.68000,24.14000,5826400
1552656600,24.22000,24.27000,23.96000,24.16000,2766000
1552915800,24.26000,24.58000,24.23000,24.51000,2510000
1553002200,24.62000,24.62000,24.06000,24.21000,4030100
1553088600,24.04000,24.20000,23.76000,24.08000,3031800
1553175000,23.98000,24.70000,23.90000,24.52000,1987300
1553261400,24.29000,24.41000,23.50000,23.66000,3757900
1553520600,23.63000,23.64000,23.17000,23.56000,3002100
1553607000,23.81000,23.89000,23.42000,23.69000,2242800
1553693400,23.69000,24.04000,23.18000,23.22000,1877100
1553779800,23.20000,23.48000,23.10000,23.26000,1926300
1553866200,23.50000,23.60000,23.15000,23.49000,2376500
1554125400,23.72000,24.23000,23.60000,24.13000,1780800
1554211800,23.75000,23.89000,23.16000,23.25000,4380100
1554298200,23.44000,23.73000,23.29000,23.59000,3445100
1554384600,23.60000,23.71000,23.41000,23.65000,2367100
1554471000,23.71000,23.98000,23.68000,23.80000,1837000
1554730200,23.73000,23.78000,23.54000,23.65000,1860700
1554816600,23.51000,23.51000,22.89000,22.90000,2387300
1554903000,22.93000,23.10000,22.82000,23.07000,2638700
1554989400,23.07000,23.25000,22.83000,22.97000,1102600
1555075800,23.29000,23.53000,23.25000,23.34000,1845000
1555335000,23.49000,23.51000,23.28000,23.35000,2374400
1555421400,23.42000,23.88000,23.40000,23.86000,3874300
1555507800,24.00000,24.03000,23.34000,23.47000,2880800
1555594200,23.65000,23.98000,23.49000,23.76000,5132100
1555939800,23.67000,23.80000,23.42000,23.42000,2361000
1556026200,23.44000,23.91000,23.03000,23.78000,3070200
1556112600,23.78000,23.97000,23.58000,23.83000,1820800
1556199000,24.00000,24.19000,23.64000,24.11000,2720000
1556285400,24.00000,24.59000,23.92000,24.56000,3173000
1556544600,24.59000,24.89000,24.49000,24.81000,3364900
1556631000,24.88000,25.00000,24.17000,24.45000,4546000
1556717400,24.67000,25.32000,24.63000,24.64000,3373000
1556803800,23.98000,24.34000,23.81000,24.22000,5261000
1556890200,24.28000,24.68000,24.18000,24.67000,2401500
1557149400,24.05000,24.24000,23.82000,24.16000,2755600
1557235800,24.00000,24.19000,23.67000,23.91000,3006300
1557322200,23.88000,24.11000,23.72000,23.76000,2215700
1557408600,23.51000,24.00000,23.11000,23.92000,3071000
1557495000,23.67000,24.30000,23.55000,24.15000,2179800
1557754200,23.63000,23.75000,23.13000,23.29000,4099100
1557840600,23.42000,24.17000,23.40000,24.09000,2402900
1557927000,23.84000,24.46000,23.74000,24.21000,2684100
1558013400,24.23000,24.84000,24.23000,24.66000,2555800
1558099800,24.41000,24.79000,24.38000,24.67000,2417000
1558359000,24.45000,24.68000,24.37000,24.50000,2187400
1558445400,24.51000,25.00000,24.47000,24.97000,4086400
1558531800,24.80000,24.97000,24.70000,24.90000,3327800
1558618200,24.55000,24.65000,24.02000,24.04000,3364800
1558704600,24.21000,24.32000,23.95000,23.99000,2266800
1559050200,23.99000,24.02000,23.47000,23.55000,4597500
1559136600,23.33000,23.38000,22.97000,23.20000,5013500
1559223000,23.31000,23.70000,23.21000,23.38000,2063300
1559309400,22.99000,22.99000,22.26000,22.28000,3515700
1559568600,22.18000,22.74000,22.01000,22.72000,2953900
1559655000,23.11000,23.58000,22.89000,23.57000,2310300
1559741400,23.72000,23.81000,23.31000,23.71000,2645600
1559827800,23.68000,23.91000,23.65000,23.79000,1509400
1559914200,23.85000,24.09000,23.75000,23.96000,1861800
1560173400,24.21000,24.41000,23.92000,23.96000,1349000
1560259800,24.24000,24.31000,23.86000,24.04000,1538000
1560346200,23.92000,24.10000,23.64000,24.10000,2180900
1560432600,24.27000,24.64000,24.11000,24.31000,2686600
1560519000,24.26000,24.26000,23.79000,23.79000,2282300
1560778200,23.78000,24.07000,23.52000,23.52000,3021000
1560864600,23.60000,23.80000,23.10000,23.38000,4568800
1560951000,23.45000,24.29000,23.45000,24.29000,3615800
1561037400,24.50000,24.92000,24.37000,24.64000,2983600
1561123800,24.58000,24.79000,24.13000,24.59000,3298600
1561383000,24.59000,24.62000,24.09000,24.09000,2371400
1561469400,24.10000,24.56000,23.71000,23.96000,3005100
1561555800,24.17000,24.60000,24.10000,24.53000,1775200
1561642200,24.69000,24.98000,24.56000,24.90000,1731800
1561728600,24.97000,25.27000,24.85000,25.27000,4803200
1561987800,25.60000,25.94000,25.44000,25.88000,4063700
1562074200,25.94000,25.94000,25.40000,25.85000,3352900
1562160600,25.79000,26.00000,25.74000,25.99000,2097500
1562333400,25.96000,26.00000,25.57000,25.94000,1676200
1562592600,25.74000,25.93000,25.28000,25.40000,5764200
1562679000,25.25000,26.17000,25.14000,26.09000,4843800
1562765400,26.23000,26.51000,25.88000,26.21000,4727900
1562851800,26.31000,26.58000,26.19000,26.46000,3863100
1562938200,26.48000,26.85000,26.31000,26.79000,3721700
1563197400,26.76000,26.94000,26.40000,26.54000,2657100
1563283800,26.50000,26.53000,26.04000,26.05000,2490500
1563370200,26.04000,26.13000,25.45000,25.45000,2741200
1563456600,25.40000,25.58000,25.20000,25.44000,2804500
1563543000,25.49000,25.61000,25.14000,25.14000,1870000
1563802200,25.21000,26.45000,25.13000,26.14000,5867000
1563888600,26.35000,26.76000,26.22000,26.72000,2854700
1563975000,26.54000,27.37000,26.34000,27.29000,4768900
1564061400,27.08000,27.77000,26.90000,27.39000,3869700
1564147800,27.44000,27.49000,26.99000,27.30000,2544300
1564407000,26.97000,27.14000,26.81000,26.91000,2753000
1564493400,26.68000,27.01000,26.59000,27.01000,1799500
1564579800,27.02000,27.19000,26.72000,26.75000,3928300
1564666200,26.60000,26.67000,25.23000,25.69000,3909400
1564752600,25.45000,25.45000,24.74000,25.13000,2203700
1565011800,24.54000,24.54000,23.90000,24.39000,3748300
1565098200,24.35000,25.10000,24.35000,25.09000,2602700
1565184600,24.71000,24.71000,24.15000,24.46000,4039500
1565271000,24.91000,25.24000,24.78000,25.19000,3734200
1565357400,25.13000,25.29000,24.95000,25.17000,1652600
1565616600,24.78000,24.82000,24.32000,24.47000,1909000
1565703000,24.22000,25.07000,24.22000,25.03000,2452600
1565789400,24.37000,24.76000,24.17000,24.31000,2201800
1565875800,24.51000,24.64000,23.91000,23.98000,1865200
1565962200,23.97000,24.62000,23.97000,24.47000,1353600
1566221400,24.92000,25.03000,23.91000,24.71000,1405600
1566307800,24.91000,25.12000,24.62000,24.93000,1863100
1566394200,25.19000,25.71000,25.12000,25.70000,2668200
1566480600,25.80000,25.94000,25.60000,25.67000,3024500
1566567000,25.48000,26.10000,25.38000,25.46000,7021200
1566826200,25.59000,25.72000,24.98000,25.70000,3227700
1566912600,25.71000,25.90000,25.40000,25.66000,3243500
1566999000,25.50000,25.78000,25.27000,25.68000,2321500
1567085400,26.10000,26.32000,25.96000,25.96000,1898400
1567171800,26.18000,26.28000,25.80000,25.84000,1295400
1567517400,25.54000,25.64000,24.92000,25.27000,2035300
1567603800,25.51000,25.87000,25.37000,25.79000,1784500
1567690200,26.32000,26.84000,26.22000,26.76000,2217300
1567776600,26.76000,27.14000,26.65000,26.82000,3334100
1568035800,27.04000,27.06000,26.60000,26.94000,2048100
1568122200,27.03000,27.18000,26.70000,26.89000,3022900
1568208600,26.93000,27.21000,26.62000,27.20000,2120700
1568295000,27.23000,28.26000,27.20000,28.05000,3628900
1568381400,28.60000,28.69000,28.02000,28.13000,3742700
1568640600,27.97000,28.46000,27.91000,28.25000,1818900
1568727000,28.23000,28.64000,28.07000,28.56000,1619700
1568813400,28.30000,28.35000,27.67000,28.00000,2866600
1568899800,28.72000,29.44000,28.67000,28.84000,3907200
1568986200,28.94000,29.25000,28.73000,29.15000,3303000
1569245400,29.46000,29.70000,29.21000,29.44000,2189400
1569331800,29.58000,29.95000,29.13000,29.26000,3011700
1569418200,29.11000,29.63000,29.00000,29.60000,1552900
1569504600,29.43000,29.57000,29.20000,29.39000,1508200
1569591000,29.50000,29.50000,26.98000,27.32000,6852400
1569850200,27.30000,27.39000,26.67000,26.85000,4435400
1569936600,27.02000,27.42000,25.95000,26.06000,4548500
1570023000,25.81000,25.88000,25.04000,25.38000,4138300
1570109400,25.27000,25.72000,24.92000,25.68000,2825500
1570195800,25.71000,26.11000,25.49000,25.88000,3359700
1570455000,25.88000,26.30000,25.55000,26.26000,3859600
1570541400,26.19000,26.19000,25.49000,25.70000,2508100
1570627800,26.04000,26.46000,25.74000,26.23000,2030200
1570714200,26.05000,26.35000,25.89000,26.17000,1534000
1570800600,26.46000,26.98000,26.29000,26.30000,2476700
1571059800,26.12000,26.16000,25.89000,26.13000,1062000
1571146200,26.25000,26.87000,26.19000,26.79000,1812700
1571232600,27.00000,27.05000,26.48000,26.77000,2138300
1571319000,26.84000,27.47000,26.84000,27.28000,2475800
1571405400,27.19000,27.61000,27.19000,27.45000,1970100
1571664600,27.68000,27.90000,27.36000,27.79000,1315600
1571751000,27.73000,28.05000,27.41000,27.47000,1837700
1571837400,27.34000,28.63000,27.32000,28.60000,3526500
1571923800,28.54000,28.81000,27.88000,27.91000,3686600
1572010200,27.76000,28.33000,27.65000,28.15000,4083400
1572269400,28.32000,28.81000,27.83000,28.70000,3496500
1572355800,27.47000,29.16000,27.26000,28.64000,4359400
1572442200,28.64000,28.92000,28.47000,28.82000,1825800
1572528600,28.48000,28.85000,27.99000,28.83000,4900200
1572615000,28.56000,29.50000,28.20000,29.46000,4349100
1572877800,29.55000,29.57000,28.80000,29.00000,5562500
1572964200,29.17000,29.75000,29.11000,29.36000,3743200
1573050600,29.34000,29.53000,29.15000,29.30000,2546700
1573137000,29.33000,29.61000,28.94000,29.05000,2310100
1573223400,29.00000,29.40000,28.86000,29.15000,997800
1573482600,29.00000,29.44000,28.86000,29.26000,1244500
1573569000,29.22000,29.59000,29.16000,29.42000,2874900
1573655400,29.30000,29.51000,29.10000,29.40000,1350500
1573741800,29.40000,29.93000,29.35000,29.80000,2050500
1573828200,29.94000,29.99000,29.79000,29.84000,1545100
1574087400,29.75000,29.75000,29.34000,29.46000,2375000
1574173800,29.50000,29.59000,28.97000,29.13000,2928000
1574260200,29.08000,29.45000,28.95000,29.31000,2301800
1574346600,29.45000,29.54000,29.02000,29.06000,1535500
1574433000,29.16000,29.36000,29.05000,29.14000,1249000
1574692200,29.20000,29.61000,29.10000,29.54000,2145600
1574778600,29.46000,29.79000,29.44000,29.65000,1966900
1574865000,29.78000,29.87000,29.38000,29.77000,2370000
1575037800,29.76000,29.88000,29.43000,29.49000,866000
1575297000,29.50000,29.50000,28.91000,28.99000,1553700
1575383400,28.47000,28.51000,28.21000,28.26000,2889600
1575469800,28.47000,28.89000,28.46000,28.72000,2165400
1575556200,28.95000,29.24000,28.89000,29.11000,1657600
1575642600,29.31000,29.47000,29.13000,29.13000,1391100
1575901800,29.17000,29.33000,28.96000,28.99000,1555900
1575988200,29.00000,29.22000,28.93000,29.13000,1800400
1576074600,29.22000,29.27000,29.04000,29.14000,2049500
1576161000,29.20000,29.40000,28.97000,29.26000,2521500
1576247400,29.18000,29.49000,29.12000,29.15000,2855900
1576506600,29.36000,29.67000,29.33000,29.51000,5714000
1576593000,29.53000,29.56000,29.09000,29.41000,5924300
1576679400,29.44000,29.66000,29.34000,29.34000,3346500
1576765800,29.45000,29.90000,29.41000,29.78000,7464600
1576852200,29.96000,30.18000,29.49000,29.65000,5267800
1577111400,29.77000,29.83000,29.02000,29.04000,2378400
1577197800,29.02000,29.13000,28.84000,29.00000,957600
1577370600,29.44000,29.53000,29.19000,29.28000,1193900
1577457000,29.28000,29.44000,29.08000,29.17000,1300100
1577716200,29.25000,29.34000,28.90000,29.05000,1542800
1577802600,28.86000,29.36000,28.80000,29.17000,1630400
1577975400,29.41000,29.50000,29.13000,29.37000,2899000
1578061800,29.00000,29.27000,28.87000,29.02000,2001900
1578321000,28.71000,29.07000,28.59000,29.05000,2549600
1578407400,29.00000,29.34000,29.00000,29.07000,1765500
1578493800,29.13000,29.77000,29.09000,29.66000,3036500
1578580200,29.94000,30.30000,29.81000,29.94000,4061500
1578666600,29.94000,30.07000,29.85000,29.98000,2711600
1578925800,29.83000,30.08000,29.67000,30.00000,2237600
1579012200,29.90000,30.11000,29.28000,29.29000,3933700
1579098600,29.21000,29.72000,29.16000,29.53000,2549900
1579185000,29.70000,30.54000,29.67000,30.51000,3764800
1579271400,30.74000,31.34000,30.65000,31.20000,3839500
1579617000,31.24000,31.36000,30.68000,30.73000,3157800
1579703400,31.08000,31.84000,30.89000,31.49000,3211700
1579789800,31.50000,31.53000,31.07000,31.20000,3101400
1579876200,31.32000,31.49000,30.50000,30.69000,3698600
1580135400,29.81000,30.34000,29.35000,30.31000,4322200
1580221800,30.51000,30.81000,30.33000,30.43000,2560100
1580308200,30.59000,31.20000,30.46000,31.02000,3552000
1580394600,30.77000,31.23000,30.04000,30.39000,4495000
1580481000,30.75000,32.12000,29.69000,31.90000,9965700
1580740200,32.78000,32.98000,31.65000,31.74000,4204900
1580826600,32.08000,32.93000,32.00000,32.60000,3505800
1580913000,32.95000,33.17000,32.82000,33.14000,2963600
1580999400,33.29000,33.91000,33.11000,33.69000,2965500
1581085800,33.33000,33.58000,33.12000,33.32000,2730800
1581345000,33.00000,33.65000,32.66000,33.60000,2609300
1581431400,33.79000,34.08000,33.66000,33.82000,2776400
1581517800,34.14000,34.14000,33.34000,33.36000,1393700
1581604200,33.29000,33.64000,33.20000,33.51000,2543400
1581690600,33.73000,33.78000,33.44000,33.54000,1746400
1582036200,33.29000,33.88000,33.20000,33.57000,3245400
1582122600,33.63000,34.00000,33.54000,33.93000,1993800
1582209000,33.85000,34.06000,33.20000,33.70000,2253800
1582295400,33.50000,33.54000,33.00000,33.11000,1701300
1582554600,31.87000,32.11000,31.23000,31.63000,4519300
1582641000,31.77000,31.89000,29.87000,30.19000,3916700
1582727400,30.26000,30.96000,30.09000,30.16000,2873600
1582813800,29.26000,29.72000,28.41000,28.85000,4130400
1582900200,27.76000,28.61000,26.70000,28.60000,8726300
1583159400,28.86000,29.99000,28.37000,29.99000,4239500
1583245800,30.20000,30.73000,28.66000,28.96000,3624500
1583332200,29.60000,29.64000,28.64000,29.43000,3032700
1583418600,28.48000,29.10000,27.82000,28.19000,4986700
1583505000,26.94000,27.21000,26.22000,26.95000,6122500
1583760600,24.50000,25.22000,22.58000,23.85000,8690100
1583847000,25.50000,25.67000,24.18000,25.42000,5819300
1583933400,24.47000,25.38000,23.74000,24.12000,6879900
1584019800,21.86000,24.07000,21.21000,22.02000,7711500
1584106200,24.23000,25.38000,22.44000,25.35000,7655100
1584365400,21.66000,23.62000,21.17000,21.88000,7086800
1584451800,22.33000,22.69000,20.84000,21.71000,6840200
1584538200,20.09000,20.41000,15.55000,19.54000,10613400
1584624600,19.23000,21.23000,17.19000,20.60000,8355900
1584711000,21.04000,21.40000,19.02000,19.07000,7535400
1584970200,18.31000,19.15000,16.60000,18.50000,6496000
1585056600,20.00000,21.89000,19.73000,21.84000,5320100
1585143000,22.83000,25.14000,22.23000,24.00000,8080300
1585229400,24.25000,26.37000,24.06000,25.60000,8308100
1585315800,24.50000,24.89000,23.00000,24.56000,4780000
1585575000,24.16000,24.87000,23.32000,24.52000,4936600
1585661400,24.47000,25.41000,23.31000,23.47000,5575900
1585747800,22.05000,22.26000,21.12000,21.92000,4388700
1585834200,21.58000,22.06000,21.35000,21.96000,3557300
1585920600,21.96000,22.35000,21.53000,22.22000,7074700
1586179800,23.34000,24.49000,23.24000,24.36000,5655200
1586266200,25.95000,25.95000,24.05000,24.12000,5702300
1586352600,24.50000,25.05000,23.95000,24.69000,4412100
1586439000,25.42000,26.09000,24.75000,25.30000,7383400
1586784600,24.76000,25.00000,23.21000,23.95000,4360400
1586871000,24.46000,24.90000,23.90000,24.21000,3833800
1586957400,23.08000,23.54000,22.87000,23.25000,4065700
1587043800,23.15000,23.36000,22.53000,23.12000,3031300
1587130200,24.03000,24.20000,23.36000,23.92000,3859800
1587389400,23.32000,23.59000,22.55000,22.95000,4560900
1587475800,22.22000,22.44000,21.47000,21.84000,3515900
1587562200,22.27000,22.39000,21.95000,22.17000,4077800
1587648600,22.23000,23.33000,22.18000,23.10000,3450100
1587735000,23.30000,23.70000,23.12000,23.61000,1765800
1587994200,23.90000,25.19000,23.90000,24.96000,3546600
1588080600,25.72000,26.17000,25.20000,25.42000,3933800
1588167000,26.22000,26.86000,25.99000,26.49000,2611500
1588253400,25.94000,25.98000,25.02000,25.21000,4776600
1588339800,24.54000,24.81000,23.95000,24.38000,2502300
1588599000,23.86000,24.28000,23.55000,24.27000,2312800
1588685400,24.59000,25.10000,24.41000,24.60000,1837400
1588771800,24.85000,26.12000,24.78000,26.03000,3578800
1588858200,26.55000,27.25000,26.35000,26.89000,2988000
1588944600,26.95000,27.37000,26.46000,26.66000,3871800
1589203800,26.38000,26.95000,26.15000,26.40000,4704500
1589290200,26.50000,26.56000,25.63000,25.71000,3934800
1589376600,25.34000,25.65000,24.15000,24.37000,3024900
1589463000,23.93000,24.91000,23.43000,24.85000,2840900
1589549400,24.45000,24.86000,24.21000,24.73000,2208600
1589808600,25.76000,26.13000,25.25000,25.85000,4442200
1589895000,25.89000,26.59000,25.87000,25.87000,1968100
1589981400,26.51000,26.79000,26.32000,26.69000,3672900
1590067800,26.53000,26.82000,26.25000,26.55000,1931700
1590154200,26.65000,26.95000,26.25000,26.84000,1353700
1590499800,27.50000,28.83000,27.40000,28.56000,3430400
1590586200,29.29000,29.50000,27.97000,28.67000,3017500
1590672600,29.00000,29.00000,28.16000,28.27000,4084600
1590759000,28.00000,28.64000,27.38000,27.75000,5758900
1591018200,27.96000,28.51000,27.68000,28.29000,2186500
1591104600,28.67000,29.37000,28.27000,29.34000,4060900
1591191000,29.80000,30.34000,29.56000,30.18000,4187100
1591277400,30.07000,30.40000,29.60000,30.31000,2507500
1591363800,31.00000,31.63000,30.07000,30.36000,4031800
1591623000,30.94000,31.72000,30.77000,31.70000,5450400
1591709400,30.85000,31.81000,30.54000,31.55000,3819500
1591795800,31.52000,31.52000,30.54000,30.64000,4055000
1591882200,29.28000,29.43000,27.95000,27.95000,3961000
1591968600,28.97000,29.51000,28.45000,29.15000,3134100
1592227800,28.23000,30.16000,28.07000,30.11000,4617100
1592314200,31.23000,31.47000,30.31000,30.65000,4101400
1592400600,31.14000,31.35000,30.76000,30.83000,2321700
1592487000,30.50000,31.87000,30.40000,31.71000,3213300
1592573400,32.02000,32.16000,31.33000,31.80000,5917200
1592832600,31.40000,31.69000,31.17000,31.33000,3870600
1592919000,31.77000,32.18000,31.38000,31.49000,3039200
1593005400,31.23000,31.23000,30.14000,30.31000,3560000
1593091800,30.20000,31.59000,30.15000,31.47000,4869300
1593178200,31.24000,31.32000,29.24000,29.59000,32113300
1593437400,29.77000,30.30000,29.24000,30.17000,6637200
1593523800,30.14000,31.09000,30.02000,30.88000,4168800
1593610200,31.06000,31.35000,30.25000,30.85000,1953800
1593696600,31.45000,31.63000,30.84000,31.20000,3378100
1594042200,31.93000,32.05000,31.46000,31.58000,5345400
1594128600,31.35000,31.35000,30.67000,30.80000,3022300
1594215000,32.50000,33.91000,32.46000,33.88000,7836900
1594301400,33.94000,35.03000,33.59000,34.73000,8263900
1594387800,34.75000,35.04000,34.11000,34.89000,3808400
1594647000,35.07000,35.24000,34.11000,34.19000,4117000
1594733400,34.05000,34.57000,34.01000,34.49000,2739200
1594819800,35.26000,35.34000,34.55000,35.01000,2060200
1594906200,34.65000,34.78000,34.37000,34.67000,1497000
1594992600,34.68000,35.14000,34.61000,34.98000,1783200
1595251800,34.96000,35.17000,34.95000,35.01000,2390600
1595338200,35.16000,35.88000,35.12000,35.62000,2435400
1595424600,35.55000,35.65000,35.20000,35.57000,2123700
1595511000,35.46000,35.67000,34.80000,35.05000,2298500
1595597400,34.99000,35.08000,34.53000,34.69000,1331000
1595856600,34.55000,35.24000,34.42000,35.20000,1662600
1595943000,34.97000,35.28000,34.82000,34.96000,2583200
1596029400,35.22000,35.98000,35.15000,35.91000,2496300
1596115800,35.29000,35.70000,35.23000,35.41000,1760500
1596202200,35.53000,35.67000,34.85000,35.37000,1808600
1596461400,35.36000,35.83000,34.82000,35.80000,2481800
1596547800,36.58000,36.90000,35.44000,36.23000,5236300
1596634200,36.80000,36.83000,35.99000,36.31000,2472800
1596720600,36.42000,36.74000,36.21000,36.64000,1654500
1596807000,36.52000,36.92000,36.44000,36.90000,1570100
1597066200,36.70000,37.17000,36.63000,37.01000,4498000
1597152600,36.48000,36.59000,34.95000,35.00000,8492900
1597239000,36.50000,36.87000,36.17000,36.36000,7162300
1597325400,36.15000,36.64000,36.10000,36.37000,2625200
1597411800,36.14000,36.72000,36.02000,36.63000,2952700
1597671000,36.50000,36.64000,35.86000,36.03000,2862700
1597757400,36.06000,36.32000,35.72000,35.73000,2504700
1597843800,35.89000,36.01000,35.55000,35.77000,3613200
1597930200,34.84000,35.15000,34.17000,34.33000,5312500
1598016600,34.35000,34.88000,34.15000,34.82000,3880400
1598275800,34.91000,35.00000,34.56000,34.79000,2680100
1598362200,34.79000,35.04000,34.45000,34.72000,2401400
1598448600,34.99000,35.01000,34.63000,34.99000,4572900
1598535000,35.00000,35.18000,34.74000,34.82000,3240700
1598621400,35.00000,35.11000,34.87000,34.93000,6122200
1598880600,35.14000,35.99000,35.05000,35.82000,4811600
1598967000,35.80000,36.68000,35.68000,36.26000,3284500
1599053400,36.35000,36.91000,35.91000,36.78000,2343000
1599139800,36.84000,36.85000,35.34000,35.67000,2850200
1599226200,35.90000,36.19000,34.67000,35.70000,4500800
1599571800,34.94000,34.99000,34.10000,34.26000,3278500
1599658200,34.85000,35.19000,34.56000,34.96000,4248600
1599744600,35.36000,35.80000,34.50000,34.68000,2662000
1599831000,34.82000,35.13000,33.84000,34.65000,2435900
1600090200,35.01000,35.39000,34.71000,35.19000,1876300
1600176600,35.37000,36.14000,35.12000,36.03000,2646900
1600263000,36.00000,36.77000,35.74000,36.14000,3256800
1600349400,35.51000,35.58000,34.94000,35.40000,3244100
1600435800,35.50000,36.03000,35.01000,35.04000,10195600
1600695000,34.13000,34.58000,33.65000,34.53000,3510700
1600781400,34.80000,34.94000,34.03000,34.65000,2382400
1600867800,34.81000,35.39000,34.10000,34.10000,2713000
1600954200,33.92000,33.96000,32.88000,33.06000,3537800
1601040600,32.87000,33.95000,32.73000,33.91000,3862000
1601299800,34.45000,35.08000,33.95000,34.95000,2835600
1601386200,35.01000,35.06000,34.11000,34.19000,2896800
1601472600,34.34000,34.87000,34.03000,34.34000,3148600
1601559000,34.64000,35.01000,34.38000,34.69000,2920200
1601645400,34.20000,35.48000,34.01000,35.11000,2188400
1601904600,35.46000,36.21000,35.32000,36.06000,2052000
1601991000,36.10000,36.23000,34.95000,34.95000,2901000
1602077400,35.26000,35.72000,35.21000,35.25000,2171300
1602163800,35.72000,36.11000,35.49000,36.05000,1832500
1602250200,36.21000,36.42000,35.72000,35.83000,3758000
1602509400,36.28000,36.39000,35.95000,36.27000,1265900
1602595800,36.34000,36.77000,36.03000,36.30000,1876300
1602682200,36.23000,36.91000,36.17000,36.41000,1444800
1602768600,36.18000,37.10000,35.60000,37.09000,2629800
1602855000,37.09000,37.33000,36.92000,36.94000,1481200
1603114200,37.16000,37.49000,36.74000,36.80000,2511000
1603200600,37.07000,37.91000,36.93000,37.47000,2297400
1603287000,37.51000,37.97000,37.03000,37.15000,2834800
1603373400,37.26000,37.61000,36.72000,37.25000,2201200
1603459800,37.50000,37.69000,36.95000,37.40000,2704500
1603719000,36.95000,37.27000,35.95000,36.50000,2611100
1603805400,36.38000,36.69000,35.80000,35.81000,1847900
1603891800,35.03000,35.07000,34.48000,34.77000,1418300
1603978200,34.76000,35.02000,34.14000,34.79000,2770900
1604064600,34.94000,35.10000,33.65000,34.15000,2290000
1604327400,34.80000,35.61000,34.53000,35.05000,1822200
1604413800,34.16000,34.99000,33.80000,34.89000,4281400
1604500200,35.42000,37.70000,35.32000,37.15000,4783400
1604586600,37.56000,39.34000,37.37000,38.19000,3890400
1604673000,38.05000,38.49000,37.47000,38.23000,1882100
1604932200,39.65000,39.80000,37.97000,38.01000,3282000
1605018600,38.10000,38.47000,37.73000,38.38000,2758300
1605105000,36.62000,37.10000,36.32000,36.72000,8400100
1605191400,36.64000,37.26000,36.27000,36.74000,4027800
1605277800,36.94000,37.77000,36.83000,37.51000,4756800
1605537000,38.25000,38.33000,37.63000,37.74000,2102000
1605623400,37.77000,37.99000,37.41000,37.97000,1826200
1605709800,38.17000,38.66000,38.00000,38.06000,3022100
1605796200,38.03000,38.48000,37.58000,38.47000,2627100
1605882600,38.35000,38.55000,37.91000,38.19000,2286100
1606141800,38.33000,38.70000,38.19000,38.61000,2498600
1606228200,39.08000,39.19000,37.77000,38.19000,4572300
1606314600,38.24000,38.91000,38.08000,38.87000,1738700
1606487400,39.01000,39.18000,38.63000,38.71000,1092200
1606746600,38.58000,38.71000,37.84000,37.93000,3897000
1606833000,38.54000,39.08000,38.41000,38.92000,1866100
1606919400,38.96000,39.39000,38.48000,39.22000,2261900
1607005800,39.35000,39.80000,39.09000,39.22000,1530600
1607092200,39.44000,39.86000,39.06000,39.57000,1492600
1607351400,39.54000,39.98000,39.37000,39.87000,1603200
1607437800,39.69000,40.24000,39.53000,39.74000,1659000
1607524200,39.93000,40.02000,39.09000,39.15000,1852700
1607610600,38.82000,39.05000,38.54000,39.01000,2539400
1607697000,38.75000,39.63000,38.72000,39.62000,2044200
1607956200,39.96000,40.26000,39.22000,39.22000,2410900
1608042600,39.58000,39.69000,39.24000,39.63000,1520700
1608129000,39.76000,40.37000,39.66000,40.21000,2087500
1608215400,40.29000,40.71000,40.10000,40.42000,1923100
1608301800,40.50000,40.54000,39.86000,40.04000,5724100
1608561000,39.65000,39.98000,39.15000,39.70000,2202700
1608647400,39.74000,39.85000,39.35000,39.49000,2771900
1608733800,39.72000,40.08000,39.63000,39.65000,2811500
1608820200,39.74000,39.85000,39.53000,39.84000,771700
1609165800,40.10000,40.29000,39.47000,39.48000,2087500
1609252200,39.73000,39.85000,39.20000,39.43000,1220200
1609338600,39.60000,40.27000,39.55000,39.69000,1056900
1609425000,39.68000,40.56000,39.46000,40.49000,1297600
1609770600,40.52000,40.69000,39.18000,39.65000,2287600
1609857000,39.69000,39.99000,39.15000,39.27000,1970900
1609943400,39.39000,39.65000,38.45000,39.35000,4619900
1610029800,39.68000,40.43000,39.60000,40.17000,2836700
1610116200,40.41000,40.85000,40.00000,40.49000,2264400
1610375400,40.23000,40.83000,40.14000,40.58000,1440400
1610461800,40.62000,40.74000,40.29000,40.42000,1031700
1610548200,40.49000,41.48000,40.17000,41.20000,3500700
1610634600,41.29000,41.49000,40.81000,40.98000,1726100
1610721000,40.68000,40.90000,40.16000,40.72000,2105200
1611066600,41.12000,41.13000,40.57000,40.97000,1983000
1611153000,41.27000,41.60000,41.18000,41.46000,1719700
1611239400,41.54000,41.74000,40.95000,41.14000,1437100
1611325800,40.81000,41.19000,40.18000,40.20000,1873100
1611585000,40.05000,40.48000,39.20000,39.55000,3013700
1611671400,39.94000,40.00000,39.06000,39.15000,2703600
1611757800,38.25000,38.51000,37.49000,37.56000,2888800
1611844200,37.99000,39.32000,37.65000,38.94000,2067000
1611930600,38.63000,39.34000,38.17000,38.95000,3789500
1612189800,39.25000,40.86000,39.22000,40.44000,1844700
1612276200,41.09000,42.51000,40.96000,42.31000,2545000
1612362600,42.15000,42.49000,41.90000,42.10000,2728400
1612449000,42.22000,43.86000,42.11000,43.86000,3781700
1612535400,44.12000,44.66000,44.01000,44.65000,2497800
1612794600,45.14000,45.43000,44.52000,45.27000,3532500
1612881000,45.00000,47.32000,44.80000,46.55000,4149000
1612967400,48.55000,49.29000,47.60000,48.56000,3025800
1613053800,48.66000,48.80000,47.90000,48.21000,4170400
1613140200,47.70000,48.36000,47.70000,48.21000,2452400
1613485800,48.67000,48.81000,47.91000,47.95000,3033100
1613572200,47.48000,48.06000,47.10000,47.55000,1950900
1613658600,47.45000,47.77000,47.08000,47.09000,2501700
1613745000,47.25000,47.53000,46.64000,46.77000,2189700
1614004200,46.28000,46.47000,45.28000,45.35000,4831700
1614090600,45.24000,45.32000,43.68000,45.12000,5657600
1614177000,45.00000,45.60000,44.57000,45.44000,4511600
1614263400,45.25000,45.60000,44.19000,44.96000,4421300
1614349800,45.00000,45.99000,44.36000,45.56000,4906400
1614609000,46.00000,46.46000,45.85000,46.30000,3696100
1614695400,46.11000,46.57000,45.83000,46.45000,2807700
1614781800,46.63000,47.10000,46.15000,47.01000,3674900
1614868200,46.75000,47.31000,45.96000,46.69000,4232300
1614954600,47.00000,47.14000,45.61000,46.90000,3369100
1615213800,47.00000,47.39000,46.43000,47.08000,4613600
1615300200,47.50000,47.73000,46.79000,47.07000,3459200
1615386600,47.52000,48.09000,47.13000,47.77000,2142700
1615473000,48.07000,48.48000,47.78000,48.21000,3912600
1615559400,48.10000,48.43000,47.47000,48.43000,2792400
1615815000,48.76000,49.36000,48.18000,49.35000,3266300
1615901400,49.32000,49.79000,48.52000,48.93000,2386300
1615987800,49.07000,49.12000,48.13000,48.98000,1856900
1616074200,48.71000,48.93000,47.65000,47.81000,2144000
1616160600,47.62000,48.33000,47.39000,48.20000,3308300
1616419800,48.12000,49.07000,47.89000,48.76000,2296500
1616506200,48.71000,48.75000,47.79000,47.87000,2008900
1616592600,48.20000,48.83000,47.92000,47.98000,2082100
1616679000,47.51000,47.99000,46.95000,47.92000,1844200
1616765400,48.30000,48.86000,47.79000,48.47000,2484500
1617024600,48.09000,48.91000,47.94000,48.54000,2659200
1617111000,48.34000,49.28000,48.34000,49.19000,1916400
1617197400,49.27000,49.62000,48.81000,48.85000,2853700
1617283800,49.55000,50.39000,49.30000,50.35000,2397400
1617629400,50.74000,51.25000,50.74000,51.16000,1890300
1617715800,51.02000,51.37000,50.76000,51.18000,1792400
1617802200,51.18000,51.43000,50.72000,51.05000,1683700
1617888600,51.30000,51.72000,51.00000,51.61000,1642800
1617975000,51.85000,51.85000,50.61000,51.33000,2361600
1618234200,51.08000,52.14000,50.88000,52.01000,2191500
1618320600,52.04000,52.52000,51.29000,52.03000,3359100
1618407000,52.40000,53.53000,52.33000,53.11000,3594000
1618493400,53.55000,53.66000,52.69000,52.92000,2103300
1618579800,53.04000,53.50000,52.56000,53.31000,2430800
1618839000,53.28000,53.53000,53.02000,53.31000,1821700
1618925400,52.90000,53.19000,52.22000,52.60000,2787600
1619011800,52.62000,53.14000,52.26000,53.10000,1843500
1619098200,53.26000,54.13000,52.95000,53.72000,2923700
1619184600,53.87000,55.33000,53.71000,55.10000,2142100
1619443800,55.21000,55.62000,54.86000,55.57000,1882800
1619530200,55.69000,56.67000,55.46000,56.64000,1252700
1619616600,56.67000,56.77000,56.39000,56.71000,1414900
1619703000,57.18000,57.18000,56.23000,56.81000,1877900
1619789400,56.80000,56.91000,56.10000,56.58000,3011500
1620048600,57.01000,57.05000,56.27000,56.27000,2123100
1620135000,55.75000,56.91000,55.29000,55.63000,3106500
1620221400,56.32000,58.18000,56.11000,58.11000,2920900
1620307800,58.23000,58.64000,55.58000,57.68000,4897900
1620394200,57.59000,59.15000,57.33000,58.72000,2574700
1620653400,58.65000,58.78000,57.08000,57.09000,2746900
1620739800,56.29000,57.00000,55.74000,56.27000,2471500
1620826200,56.10000,56.32000,53.97000,54.10000,2907000
1620912600,54.35000,55.32000,54.27000,55.12000,2754500
1620999000,55.33000,56.36000,55.00000,56.14000,2314900
1621258200,55.92000,56.17000,55.14000,55.44000,1987500
1621344600,55.65000,56.00000,54.95000,54.99000,2849100
1621431000,54.12000,54.84000,53.78000,54.80000,1700200
1621517400,55.00000,55.80000,54.91000,55.39000,2200300
1621603800,55.66000,55.85000,55.10000,55.24000,2281800
1621863000,55.50000,55.64000,54.89000,55.32000,2066300
1621949400,55.66000,56.39000,55.53000,55.58000,3121700
1622035800,55.50000,55.73000,55.18000,55.53000,2751200
1622122200,55.50000,55.88000,55.25000,55.70000,3960200
1622208600,55.86000,55.93000,55.29000,55.69000,2247000
1622554200,56.33000,56.69000,55.68000,55.73000,2059700
1622640600,55.73000,55.82000,54.95000,55.00000,1838200
1622727000,54.67000,55.73000,54.50000,55.59000,2057600
1622813400,55.64000,55.93000,55.06000,55.40000,1257300
1623072600,55.44000,55.55000,53.92000,54.13000,3537600
1623159000,54.22000,55.37000,53.88000,55.30000,3799900
1623245400,55.27000,55.68000,55.07000,55.28000,3343500
1623331800,55.68000,56.36000,55.39000,56.02000,3052100
1623418200,56.33000,56.51000,55.83000,56.50000,3217100
1623677400,56.56000,56.70000,55.27000,55.29000,3437500
1623763800,55.30000,55.81000,54.67000,55.69000,1993300
1623850200,56.06000,57.04000,55.74000,57.03000,5276300
1623936600,57.16000,57.82000,56.06000,57.14000,5337000
1624023000,56.44000,56.66000,55.66000,56.39000,5646400
1624282200,56.92000,57.94000,56.45000,57.90000,3554000
1624368600,58.00000,58.70000,57.67000,58.56000,3262200
1624455000,58.74000,59.88000,58.50000,59.36000,2311800
1624541400,59.91000,60.19000,59.16000,60.13000,1952800
1624627800,60.29000,61.05000,60.06000,60.76000,3100800
1624887000,60.92000,61.00000,59.68000,60.52000,1676100
1624973400,60.60000,61.05000,60.29000,60.38000,1954300
1625059800,60.16000,60.25000,59.23000,59.24000,2327700
1625146200,59.45000,59.94000,59.25000,59.75000,2014200
1625232600,59.96000,60.08000,59.61000,59.79000,1286700
1625578200,59.85000,60.13000,59.44000,59.93000,1473400
1625664600,59.95000,60.06000,58.89000,59.37000,1981400
1625751000,58.22000,58.62000,57.46000,58.03000,1706100
1625837400,58.60000,59.21000,58.06000,59.10000,1701500
1626096600,59.80000,60.58000,59.06000,60.46000,2199600
1626183000,61.11000,61.47000,59.38000,59.41000,1112800
1626269400,59.48000,59.68000,58.64000,58.91000,1289600
1626355800,58.69000,59.32000,58.31000,58.82000,1467000
1626442200,59.15000,59.20000,58.17000,58.24000,1116700
1626701400,57.08000,57.76000,56.80000,57.37000,1888100
1626787800,57.74000,58.97000,57.44000,58.56000,2527300
1626874200,58.96000,59.64000,58.79000,59.38000,1209500
1626960600,59.66000,60.83000,59.34000,60.71000,2556500
1627047000,60.74000,62.32000,60.74000,61.42000,2369200
1627306200,61.50000,62.07000,61.02000,61.83000,1577400
1627392600,61.61000,62.91000,61.19000,62.33000,1773900
1627479000,62.61000,62.68000,61.65000,62.45000,1427700
1627565400,62.40000,64.18000,62.15000,63.81000,2273900
1627651800,63.39000,64.31000,63.34000,63.76000,2665900
1627911000,64.23000,64.39000,63.43000,63.54000,2504500
1627997400,65.57000,65.73000,63.40000,64.80000,2888300
1628083800,65.06000,66.24000,65.06000,66.03000,2755200
1628170200,66.80000,67.42000,66.46000,67.24000,3249800
1628256600,67.56000,67.77000,66.76000,67.58000,2861600
1628515800,67.70000,67.81000,66.68000,66.84000,2771200
1628602200,66.82000,67.10000,65.74000,65.80000,2918700
1628688600,66.67000,66.75000,65.71000,65.81000,2604000
1628775000,65.60000,66.14000,65.29000,66.10000,1918800
1628861400,66.15000,66.71000,66.01000,66.04000,1350500
1629120600,65.69000,65.93000,65.20000,65.40000,2145500
1629207000,64.82000,65.40000,63.24000,63.52000,2397500
1629293400,63.48000,64.27000,63.18000,63.19000,1813500
1629379800,61.92000,62.75000,61.61000,62.20000,2399100
1629466200,62.34000,63.81000,62.21000,63.31000,2951900
1629725400,63.89000,64.68000,63.82000,64.42000,1690800
1629811800,64.42000,64.85000,64.25000,64.45000,1288300
1629898200,64.38000,64.95000,64.38000,64.52000,1473300
1629984600,64.73000,64.88000,64.22000,64.23000,1562300
1630071000,64.29000,64.59000,63.84000,64.20000,2705500
1630330200,64.32000,64.97000,64.12000,64.31000,2443900
1630416600,64.38000,64.67000,64.02000,64.29000,2167200
1630503000,64.25000,64.88000,63.51000,64.52000,2635200
1630589400,65.00000,65.00000,64.06000,64.45000,3140600
1630675800,64.22000,65.17000,64.09000,64.44000,2721900
1631021400,64.11000,64.20000,62.73000,62.77000,3449300
1631107800,62.42000,63.15000,61.76000,63.07000,2514200
1631194200,63.05000,63.89000,62.52000,62.91000,1910200
1631280600,63.20000,63.62000,61.93000,62.76000,2654500
1631539800,63.99000,64.01000,62.88000,63.32000,2733500
1631626200,63.65000,64.07000,62.88000,63.39000,3565000
1631712600,63.25000,64.84000,63.18000,64.62000,5075900
1631799000,64.50000,66.66000,63.96000,66.64000,7308200
1631885400,66.66000,67.05000,66.00000,66.48000,7995600
1632144600,64.02000,64.46000,61.15000,62.45000,11430500
1632231000,63.36000,63.96000,62.75000,63.54000,5286200
1632317400,64.15000,64.23000,63.02000,63.60000,1862800
1632403800,63.89000,64.31000,63.27000,63.65000,2896200
1632490200,63.19000,63.51000,61.96000,62.03000,2627500
1632749400,61.78000,62.17000,60.56000,61.53000,2332600
1632835800,61.00000,61.14000,59.42000,60.02000,2209200
1632922200,60.35000,61.21000,59.84000,60.84000,1941200
1633008600,61.03000,61.73000,60.60000,60.88000,2969100
1633095000,61.35000,62.07000,60.63000,61.68000,2234200
1633354200,61.60000,61.90000,59.66000,60.27000,2094500
1633440600,60.79000,62.25000,60.28000,61.88000,1962700
1633527000,61.26000,62.38000,60.31000,61.86000,2731800
1633613400,62.82000,64.40000,62.69000,63.38000,2178000
1633699800,63.37000,65.74000,63.30000,65.51000,4013600
1633959000,66.03000,67.33000,65.26000,65.43000,2872200
1634045400,65.71000,65.99000,64.84000,65.29000,2055000
1634131800,66.08000,66.20000,65.07000,65.77000,2016100
1634218200,66.54000,66.92000,65.84000,66.81000,1574400
1634304600,67.49000,67.50000,66.02000,66.21000,1593600
1634563800,66.35000,67.15000,66.05000,67.13000,1684400
1634650200,67.53000,68.53000,67.02000,68.51000,2446400
1634736600,69.01000,70.59000,68.72000,70.58000,3231500
1634823000,70.46000,73.16000,70.40000,73.12000,3390000
1634909400,73.00000,73.83000,72.04000,73.54000,2843900
1635168600,74.25000,75.09000,73.54000,74.86000,2165600
1635255000,75.59000,77.04000,75.38000,76.55000,4030500
1635341400,76.09000,76.85000,74.97000,76.34000,4092300
1635427800,76.45000,79.29000,76.33000,79.25000,3684200
1635514200,78.41000,79.74000,77.77000,79.67000,6016200
1635773400,79.99000,80.00000,77.25000,77.65000,3668400
1635859800,75.35000,80.99000,75.21000,80.76000,8553400
1635946200,81.25000,83.44000,80.30000,83.40000,6857800
1636032600,83.86000,83.90000,80.47000,81.08000,2466400
1636119000,81.55000,81.93000,78.97000,80.28000,2803100
1636381800,79.50000,80.69000,78.08000,78.93000,4542900
1636468200,79.13000,79.80000,78.74000,79.65000,1761200
1636554600,78.33000,78.71000,76.01000,76.07000,3101800
1636641000,76.97000,78.36000,76.50000,78.10000,2364400
1636727400,78.00000,78.94000,78.00000,78.78000,1209500
1636986600,78.84000,79.08000,77.60000,77.77000,1365400
1637073000,77.03000,78.38000,76.97000,78.14000,2025700
1637159400,78.28000,78.96000,77.69000,78.50000,1680600
1637245800,78.50000,79.16000,77.90000,78.41000,1581300
1637332200,78.65000,78.85000,77.06000,78.31000,1979700
1637591400,78.75000,79.89000,77.56000,78.30000,2242600
1637677800,77.81000,78.18000,76.32000,76.68000,2328200
1637764200,76.02000,76.80000,75.12000,76.71000,1718700
1637937000,74.90000,75.10000,73.71000,74.35000,2079800
1638196200,76.66000,76.79000,74.75000,76.31000,1764700
1638282600,75.74000,76.33000,74.27000,74.45000,3916700
1638369000,76.07000,76.83000,73.94000,74.00000,2585800
1638455400,73.46000,75.72000,73.34000,75.48000,3484500
1638541800,75.95000,76.79000,72.58000,73.62000,2520900
1638801000,73.96000,74.87000,71.85000,74.40000,2344500
1638887400,76.56000,77.88000,75.98000,77.70000,2630400
1638973800,77.42000,78.32000,76.44000,76.98000,1801000
1639060200,76.55000,77.27000,75.61000,75.76000,1675200
1639146600,76.39000,76.80000,74.58000,75.34000,1299500
1639405800,75.22000,75.49000,72.39000,72.39000,2955700
1639492200,71.68000,73.41000,71.19000,73.04000,2888400
1639578600,73.36000,74.42000,71.60000,73.94000,3098600
1639665000,75.50000,75.79000,70.78000,71.09000,3320700
1639751400,70.00000,72.16000,69.02000,71.58000,3681500
1640010600,70.17000,70.74000,68.95000,70.58000,2950700
1640097000,71.21000,72.45000,71.11000,72.16000,1772900
1640183400,72.25000,74.21000,72.18000,74.00000,2675600
1640269800,74.39000,76.37000,74.39000,75.74000,2084800
1640615400,75.82000,77.49000,75.51000,77.25000,1692300
1640701800,78.07000,78.40000,76.58000,76.73000,1671000
1640788200,76.56000,76.85000,74.11000,74.50000,2138800
1640874600,74.80000,75.83000,74.68000,74.77000,1308300
1640961000,74.34000,74.84000,74.11000,74.50000,1269600
1641220200,74.47000,75.19000,72.71000,73.52000,2061700
1641306600,74.27000,74.70000,72.78000,74.31000,5905500
1641393000,74.17000,74.29000,68.42000,68.98000,6245900
1641479400,70.66000,71.05000,68.16000,70.59000,4383300
1641565800,70.37000,70.68000,68.94000,69.50000,2937600
1641825000,69.55000,69.55000,67.20000,69.31000,3005600
1641911400,69.66000,71.98000,69.24000,71.68000,3126800
1641997800,72.10000,73.10000,70.81000,72.14000,2577900
1642084200,72.42000,73.28000,69.78000,69.86000,3778900
1642170600,68.81000,69.66000,67.80000,69.40000,2946500
1642516200,68.01000,69.15000,67.47000,67.96000,2782900
1642602600,68.75000,68.95000,66.87000,66.88000,1648000
1642689000,67.77000,69.46000,66.93000,67.08000,1689500
1642775400,66.31000,67.63000,65.47000,65.82000,1957200
1643034600,64.05000,65.69000,61.13000,65.41000,4461000
1643121000,63.75000,65.83000,62.92000,64.76000,3302500
1643207400,66.30000,67.16000,64.27000,64.53000,4259400
1643293800,66.31000,67.72000,65.99000,66.00000,3718100
1643380200,66.09000,68.23000,65.29000,68.19000,4423200
1643639400,68.22000,71.22000,67.61000,71.16000,3496700
1643725800,71.66000,72.48000,70.86000,72.46000,2287800
1643812200,73.00000,73.30000,71.82000,73.18000,2407800
1643898600,71.27000,72.17000,70.77000,70.91000,1769900
1643985000,70.41000,71.58000,69.83000,70.93000,3417500
1644244200,70.85000,71.61000,70.15000,70.73000,3496000
1644330600,67.62000,68.65000,64.48000,66.38000,8759600
1644417000,67.50000,69.30000,67.39000,68.83000,3520400
1644503400,67.00000,68.82000,65.81000,66.00000,4075500
1644589800,66.01000,66.25000,62.38000,62.76000,5143900
1644849000,62.06000,62.73000,60.42000,60.57000,5940300
1644935400,62.32000,62.82000,61.25000,62.50000,3534700
1645021800,62.12000,62.51000,61.69000,62.20000,2175500
1645108200,61.43000,61.96000,58.34000,58.41000,4065300
1645194600,59.12000,59.74000,57.88000,59.14000,3921800
1645540200,57.66000,59.91000,57.66000,58.03000,4641200
1645626600,60.16000,61.03000,56.78000,57.99000,4226600
1645713000,55.60000,59.14000,55.11000,58.76000,4292300
1645799400,59.30000,61.06000,59.21000,61.01000,4212400
1646058600,60.06000,61.14000,59.62000,60.12000,3509600
1646145000,59.94000,60.37000,57.47000,57.75000,3078300
1646231400,58.44000,60.40000,57.69000,60.13000,3548800
1646317800,60.13000,60.42000,57.52000,57.78000,3816200
1646404200,56.97000,57.55000,55.25000,55.89000,3637800
1646663400,55.30000,55.75000,51.10000,51.16000,7045400
1646749800,52.02000,53.47000,51.10000,52.27000,5375000
1646836200,54.41000,55.58000,53.70000,54.97000,4897400
1646922600,53.70000,54.73000,52.93000,53.45000,3426000
1647009000,54.49000,54.76000,52.22000,52.29000,3386000
1647264600,52.69000,53.01000,50.55000,50.85000,4425100
1647351000,50.95000,52.23000,50.55000,52.08000,3419400
1647437400,53.75000,55.84000,52.91000,55.46000,3462200
1647523800,55.04000,57.92000,54.70000,57.66000,4110200
1647610200,58.21000,59.55000,57.50000,59.47000,4677700
1647869400,59.43000,60.09000,57.82000,58.40000,2401200
1647955800,59.00000,60.59000,58.84000,60.15000,2841200
1648042200,59.36000,60.13000,58.73000,58.98000,3282400
1648128600,59.66000,59.93000,58.80000,59.25000,2469500
1648215000,59.46000,59.89000,58.15000,58.66000,3898900
1648474200,58.84000,59.31000,57.29000,58.58000,2485400
1648560600,59.52000,62.29000,59.52000,61.78000,3417600
1648647000,61.20000,61.65000,58.81000,59.31000,2692000
1648733400,59.30000,60.31000,58.45000,58.47000,3452200
1648819800,58.89000,60.10000,58.55000,59.78000,2667800
1649079000,60.13000,61.52000,59.71000,59.94000,1912300
1649165400,59.50000,59.69000,56.65000,57.48000,3073100
1649251800,56.51000,56.66000,55.31000,56.30000,3142100
1649338200,55.85000,56.25000,54.35000,55.81000,3540400
1649424600,55.53000,58.33000,55.50000,57.70000,4032400
1649683800,57.15000,57.25000,55.84000,56.26000,2885700
1649770200,56.60000,57.56000,54.90000,55.50000,2903600
1649856600,56.07000,56.73000,55.63000,56.49000,1572800
1649943000,56.48000,56.90000,55.18000,55.25000,1825400
1650288600,54.98000,55.27000,53.88000,54.55000,2725500
1650375000,54.61000,56.62000,54.26000,56.43000,3427600
1650461400,56.92000,58.40000,56.58000,57.93000,2122500
1650547800,59.15000,59.33000,53.41000,53.87000,4008300
1650634200,53.63000,53.91000,51.68000,51.77000,3101200
1650893400,51.52000,53.04000,50.90000,53.00000,3805500
1650979800,52.66000,52.77000,50.65000,50.88000,4870600
1651066200,50.68000,52.07000,50.41000,51.68000,4228900
1651152600,52.27000,53.10000,50.01000,52.58000,4756500
1651239000,52.43000,53.95000,50.82000,50.97000,4619100
1651498200,50.69000,52.98000,50.55000,52.94000,5681500
1651584600,52.19000,56.25000,51.27000,54.29000,6928100
1651671000,54.39000,57.81000,54.24000,57.35000,5456400
1651757400,56.02000,56.92000,54.58000,55.36000,6069800
1651843800,55.11000,55.87000,51.95000,53.55000,4837100
1652103000,52.64000,54.00000,49.52000,49.86000,6135000
1652189400,51.01000,52.20000,49.48000,51.16000,3805400
1652275800,50.39000,52.07000,49.43000,50.15000,6939500
1652362200,49.33000,50.36000,47.51000,48.30000,10746000
1652448600,49.58000,52.38000,49.57000,51.57000,4879400
1652707800,50.75000,51.61000,50.11000,50.94000,2540900
1652794200,52.44000,53.15000,51.31000,53.08000,4567700
1652880600,51.98000,52.94000,50.20000,50.76000,4415600
1652967000,49.81000,51.19000,49.75000,50.46000,2885100
1653053400,51.67000,52.58000,49.97000,51.76000,3579400
1653312600,52.28000,53.04000,51.37000,51.95000,2593000
1653399000,51.04000,51.19000,49.24000,49.99000,4140000
1653485400,48.86000,50.95000,48.83000,50.60000,2506400
1653571800,50.92000,54.81000,50.72000,54.44000,3833300
1653658200,55.06000,56.25000,55.00000,56.04000,2656700
1654003800,55.37000,55.72000,54.06000,54.81000,4388300
1654090200,54.63000,55.73000,53.58000,54.46000,2323700
1654176600,54.54000,56.68000,53.85000,56.35000,2611000
1654263000,55.38000,56.38000,55.09000,55.32000,2587300
1654522200,56.15000,57.68000,55.55000,56.51000,2782700
1654608600,55.85000,57.25000,55.85000,56.95000,1947200
1654695000,56.25000,56.51000,54.67000,54.85000,1597400
1654781400,54.50000,54.60000,53.13000,53.17000,1395100
1654867800,52.00000,52.34000,50.55000,51.05000,1947300
1655127000,48.84000,49.21000,46.54000,46.76000,3242700
1655213400,47.05000,47.70000,46.63000,47.10000,3394700
1655299800,48.00000,49.46000,47.45000,48.69000,3323800
1655386200,46.67000,47.30000,44.28000,45.06000,3510200
1655472600,44.92000,46.47000,44.92000,45.18000,6186100
1655818200,46.36000,47.24000,46.18000,46.37000,2383000
1655904600,45.57000,46.70000,45.41000,45.82000,2559000
1655991000,46.09000,47.55000,45.34000,46.39000,2703900
1656077400,47.24000,48.59000,46.88000,48.57000,4085200
1656336600,48.75000,49.24000,47.51000,48.47000,2870800
1656423000,49.15000,50.05000,48.27000,48.56000,5603200
1656509400,48.63000,48.63000,46.54000,47.35000,2394500
1656595800,46.16000,47.17000,44.91000,46.29000,2552100
1656682200,45.88000,46.98000,45.17000,46.73000,2350000
1657027800,45.58000,47.69000,44.83000,47.65000,2067400
1657114200,47.91000,48.64000,46.53000,47.34000,3089500
1657200600,47.98000,49.18000,47.98000,48.69000,2715500
1657287000,48.35000,48.79000,47.09000,47.55000,1739700
1657546200,46.94000,47.47000,46.57000,47.27000,1811200
1657632600,47.27000,48.33000,46.63000,46.67000,2259500
1657719000,45.65000,46.68000,44.88000,46.17000,2267900
1657805400,45.27000,45.90000,44.40000,45.83000,3341500
1657891800,46.67000,48.33000,45.96000,48.24000,2773500
1658151000,49.19000,49.72000,48.53000,48.71000,3334300
1658237400,49.57000,50.83000,49.53000,50.79000,2702400
1658323800,50.51000,51.93000,50.30000,51.61000,2233600
1658410200,51.04000,52.60000,50.00000,52.45000,3096000
1658496600,52.60000,53.43000,51.00000,51.33000,2232600
1658755800,51.27000,52.28000,51.09000,52.14000,1801200
1658842200,51.94000,52.18000,50.63000,51.10000,1458200
1658928600,51.48000,52.82000,51.36000,52.63000,1664500
1659015000,53.00000,55.46000,52.81000,55.44000,3366300
1659101400,55.44000,56.25000,55.22000,55.46000,4572000
1659360600,54.58000,56.48000,54.37000,55.53000,4048700
1659447000,53.37000,53.92000,51.94000,52.24000,4516700
1659533400,52.77000,53.88000,51.80000,53.29000,3857800
1659619800,53.39000,53.90000,52.46000,53.24000,2649800
1659706200,52.33000,53.03000,52.07000,52.42000,2305400
1659965400,52.90000,53.79000,52.49000,52.81000,2407400
1660051800,52.44000,52.52000,51.14000,51.75000,1680700
1660138200,53.38000,55.50000,53.38000,55.50000,2943600
1660224600,56.54000,57.54000,56.20000,56.66000,4157400
1660311000,57.00000,57.18000,56.24000,57.12000,2030100
1660570200,56.50000,57.58000,56.36000,57.52000,2044100
1660656600,57.02000,57.68000,56.29000,57.20000,1981200
1660743000,56.34000,57.00000,55.31000,56.54000,2456000
1660829400,56.43000,56.53000,55.52000,55.83000,2145700
1660915800,54.86000,55.14000,53.71000,54.09000,1839500
1661175000,53.00000,53.35000,52.36000,52.92000,1710200
1661261400,52.93000,53.76000,52.70000,52.83000,1566800
1661347800,52.64000,53.59000,52.53000,53.16000,1158800
1661434200,53.50000,54.42000,53.06000,54.42000,1173000
1661520600,54.15000,54.52000,51.63000,51.63000,1385600
1661779800,50.94000,52.03000,49.35000,51.15000,2427000
1661866200,51.66000,51.79000,50.03000,50.70000,2287200
1661952600,50.79000,51.38000,50.27000,50.56000,2638300
1662039000,49.74000,50.15000,48.30000,50.13000,2386400
1662125400,51.07000,51.07000,48.88000,49.25000,2327700
1662471000,49.07000,49.25000,47.48000,48.52000,3602000
1662557400,48.37000,49.74000,47.62000,49.43000,3009100
1662643800,48.85000,50.19000,48.60000,50.07000,2086000
1662730200,50.61000,51.63000,50.57000,51.50000,2132700
1662989400,52.10000,53.02000,51.87000,52.68000,2143300
1663075800,50.59000,51.32000,49.68000,50.00000,2881300
1663162200,50.23000,50.56000,49.43000,50.14000,3504700
1663248600,49.87000,50.60000,49.29000,49.64000,5377100
1663335000,48.68000,48.77000,47.36000,48.52000,6309800
1663594200,47.71000,49.56000,47.69000,49.51000,2793400
1663680600,48.89000,49.16000,47.47000,47.68000,3838400
1663767000,48.33000,48.60000,46.08000,46.12000,2982200
1663853400,46.00000,46.18000,44.56000,45.11000,4181500
1663939800,44.70000,44.77000,42.92000,43.89000,5820500
1664199000,43.35000,44.67000,43.24000,43.66000,5711300
1664285400,44.48000,44.77000,43.20000,43.93000,3709800
1664371800,43.96000,45.25000,43.69000,45.02000,4032000
1664458200,44.17000,44.37000,42.73000,43.30000,4531800
1664544600,43.17000,44.25000,42.93000,43.00000,4107100
1664803800,43.37000,44.41000,42.51000,43.97000,4196600
1664890200,44.98000,47.57000,44.98000,47.39000,5245900
1664976600,46.00000,47.50000,46.00000,47.29000,2382100
1665063000,46.96000,47.65000,46.82000,47.04000,3630600
1665149400,46.08000,46.41000,44.77000,44.90000,4139100
1665408600,45.03000,45.31000,43.98000,44.99000,4073600
1665495000,44.46000,44.73000,43.28000,44.14000,4993900
1665581400,44.09000,44.72000,43.53000,44.38000,3410400
1665667800,42.66000,45.74000,41.77000,45.52000,4729800
1665754200,46.04000,46.48000,44.15000,44.32000,2805000
1666013400,45.74000,46.07000,44.91000,45.18000,2907800
1666099800,46.58000,46.96000,45.73000,46.44000,2167700
1666186200,45.68000,46.22000,45.22000,45.77000,2258000
1666272600,45.78000,46.59000,44.66000,44.91000,2413500
1666359000,44.90000,46.34000,44.32000,46.34000,2503300
1666618200,46.46000,46.56000,45.40000,46.26000,2729000
1666704600,46.33000,47.61000,46.33000,47.27000,5846800
1666791000,47.07000,48.85000,46.64000,48.24000,3705200
1666877400,48.66000,49.27000,48.12000,48.73000,3330100
1666963800,48.71000,49.43000,47.82000,49.38000,4017200
1667223000,48.97000,49.34000,48.61000,48.63000,3895200
1667309400,49.40000,50.99000,48.71000,49.47000,4136300
1667395800,50.13000,52.16000,49.48000,49.84000,3744600
1667482200,48.65000,49.09000,47.79000,48.48000,2369900
1667568600,49.35000,51.44000,49.01000,51.33000,3009200
1667831400,51.96000,52.96000,51.68000,52.54000,3441500
1667917800,52.63000,53.61000,51.90000,52.66000,2928100
1668004200,52.00000,52.22000,50.36000,50.50000,2475200
1668090600,52.96000,56.40000,52.71000,56.38000,6769600
1668177000,56.43000,57.55000,55.94000,57.08000,6603000
1668436200,56.21000,56.59000,53.59000,53.62000,3105000
1668522600,54.98000,55.73000,53.53000,54.17000,3339400
1668609000,53.67000,53.94000,52.64000,53.14000,2260200
1668695400,52.05000,52.31000,51.33000,51.94000,2576600
1668781800,52.75000,52.75000,51.44000,51.84000,1419700
1669041000,51.15000,51.92000,50.67000,51.33000,2627900
1669127400,51.21000,52.01000,50.65000,51.85000,2914500
1669213800,51.67000,52.34000,51.61000,52.08000,1010000
1669386600,51.73000,52.15000,51.37000,51.85000,783400
1669645800,51.45000,51.64000,50.50000,50.55000,1722600
1669732200,50.69000,50.96000,50.24000,50.55000,1833100
1669818600,50.81000,52.01000,48.74000,51.92000,8686300
1669905000,52.21000,52.95000,50.88000,52.55000,6561400
1669991400,51.56000,52.41000,50.62000,52.25000,3864400
1670250600,51.89000,52.09000,48.96000,49.57000,2635600
1670337000,49.50000,49.91000,48.77000,49.05000,2288400
1670423400,48.69000,48.99000,47.26000,47.35000,4520300
1670509800,47.65000,48.39000,47.62000,48.27000,3904500
1670596200,48.22000,48.58000,47.86000,48.00000,1972500
1670855400,47.68000,48.44000,47.68000,48.33000,3005700
1670941800,50.52000,51.41000,49.24000,49.94000,2422300
1671028200,49.85000,50.45000,48.78000,49.35000,2767600
1671114600,48.42000,48.42000,47.34000,47.47000,3034800
1671201000,46.72000,47.19000,45.79000,46.58000,4228700
1671460200,46.19000,46.47000,45.51000,46.00000,2968600
1671546600,45.68000,46.40000,45.56000,46.23000,2568400
1671633000,46.91000,47.95000,46.64000,47.65000,3629400
1671719400,46.73000,47.06000,45.50000,46.61000,3690700
1671805800,46.52000,46.93000,45.93000,46.87000,1666300
1672151400,46.51000,46.60000,45.73000,45.89000,2705000
1672237800,45.65000,46.15000,45.03000,45.20000,1577900
1672324200,45.57000,46.90000,45.26000,46.74000,1417600
1672410600,45.81000,46.53000,45.71000,46.42000,1712900
1672756200,47.29000,47.82000,46.31000,46.68000,4108200
1672842600,47.50000,48.45000,47.09000,48.10000,2865400
1672929000,47.77000,47.95000,47.21000,47.40000,2393500
1673015400,47.97000,48.33000,47.01000,48.18000,2388600
1673274600,48.83000,50.09000,48.51000,49.64000,2929100
1673361000,49.39000,50.30000,49.38000,50.13000,2494700
1673447400,50.59000,52.50000,50.59000,52.23000,3862000
1673533800,52.90000,53.74000,52.15000,53.67000,5687600
1673620200,53.65000,54.43000,53.31000,54.00000,3012900
1673965800,54.00000,54.62000,53.50000,53.53000,3642600
1674052200,53.75000,54.06000,52.93000,53.01000,2238400
1674138600,52.18000,52.58000,49.54000,50.50000,5307300
1674225000,50.88000,53.25000,50.64000,53.18000,5984700
1674484200,53.57000,54.54000,53.03000,53.89000,2593200
1674570600,53.81000,54.23000,53.08000,53.37000,2094700
1674657000,52.32000,53.60000,51.66000,53.57000,2167700
1674743400,54.09000,55.39000,53.79000,55.32000,2710900
1674829800,55.19000,56.00000,54.88000,55.50000,2546400
1675089000,54.75000,55.20000,54.34000,54.43000,2262300
1675175400,54.40000,55.81000,54.33000,55.81000,2720200
1675261800,55.65000,57.40000,54.89000,56.99000,3092300
1675348200,58.00000,58.92000,57.43000,58.01000,3472500
1675434600,56.84000,58.44000,56.81000,57.15000,2662600
1675693800,56.07000,56.30000,55.18000,56.02000,3043200
1675780200,56.22000,59.37000,55.39000,58.94000,6339500
1675866600,58.65000,60.53000,57.92000,58.27000,4691100
1675953000,58.62000,59.08000,57.60000,57.70000,3992800
1676039400,57.16000,58.17000,56.74000,57.99000,2548900
1676298600,58.25000,59.27000,58.17000,59.10000,2877600
1676385000,58.50000,59.63000,57.98000,58.60000,3091900
1676471400,58.50000,59.12000,58.13000,58.90000,2619400
1676557800,57.37000,58.26000,57.17000,57.55000,3011900
1676644200,57.18000,57.38000,56.56000,57.18000,1936700
1676989800,56.17000,56.49000,55.42000,55.70000,2404100
1677076200,55.84000,56.41000,55.02000,55.51000,1844500
1677162600,56.14000,56.42000,55.18000,55.90000,1910000
1677249000,54.97000,55.29000,54.12000,55.03000,2648600
1677508200,55.91000,56.33000,55.47000,55.65000,3023700
1677594600,55.66000,56.88000,55.56000,56.35000,2966500
1677681000,55.47000,56.57000,55.47000,55.95000,2020200
1677767400,55.43000,55.93000,54.88000,55.81000,1890100
1677853800,56.01000,56.96000,55.28000,56.96000,1784700
1678113000,56.86000,57.39000,56.44000,57.08000,1974200
1678199400,56.75000,57.06000,55.69000,55.85000,2861900
1678285800,56.15000,57.04000,55.91000,57.00000,2968200
1678372200,56.93000,56.98000,54.37000,54.45000,3543400
1678458600,53.52000,53.89000,48.82000,50.31000,10674000
1678714200,48.24000,50.56000,47.60000,49.83000,5910700
1678800600,51.58000,52.43000,50.41000,50.87000,4010600
1678887000,49.28000,50.66000,49.00000,49.83000,3122400
1678973400,49.10000,50.67000,48.62000,49.74000,4595900
1679059800,49.35000,49.61000,47.46000,48.44000,4769300
1679319000,48.30000,48.84000,47.81000,48.60000,4244200
1679405400,49.55000,51.40000,49.28000,51.03000,2931200
1679491800,51.09000,52.05000,50.33000,50.36000,2601900
1679578200,50.82000,51.73000,49.69000,50.57000,3090100
1679664600,49.31000,50.17000,48.50000,50.05000,3184200
1679923800,51.04000,51.14000,49.98000,50.42000,2405600
1680010200,50.61000,50.83000,49.95000,50.35000,2085400
1680096600,51.00000,51.28000,50.42000,51.13000,1984400
1680183000,51.80000,51.94000,51.03000,51.35000,1829300
1680269400,51.80000,52.58000,51.70000,52.52000,2007200
1680528600,52.24000,52.43000,51.06000,51.93000,2236500
1680615000,52.22000,52.29000,50.64000,51.01000,2066400
1680701400,50.41000,50.55000,49.21000,49.81000,2951500
1680787800,49.50000,49.84000,49.13000,49.31000,2388700
1681133400,49.00000,50.48000,48.95000,50.40000,3326600
1681219800,50.95000,52.15000,50.80000,51.50000,3212000
1681306200,52.08000,52.27000,51.15000,51.29000,2237100
1681392600,51.82000,52.25000,51.39000,52.00000,1697500
1681479000,52.06000,52.31000,51.14000,51.91000,2188300
1681738200,51.95000,52.41000,51.70000,52.32000,1636500
1681824600,52.91000,53.58000,52.64000,53.03000,3192200
1681911000,52.42000,54.42000,52.42000,53.92000,2651000
1681997400,53.17000,53.50000,52.72000,52.96000,3537900
1682083800,52.97000,53.10000,52.22000,52.52000,2957900
1682343000,52.69000,52.86000,52.26000,52.49000,2305600
1682429400,52.23000,52.31000,51.01000,51.04000,3531000
1682515800,51.00000,51.30000,50.10000,50.30000,2792300
1682602200,50.73000,51.46000,50.26000,51.36000,1961300
1682688600,51.39000,53.09000,51.21000,53.07000,2733800
1682947800,52.98000,54.02000,52.97000,53.25000,2915000
1683034200,52.60000,53.21000,50.60000,51.22000,2858800
1683120600,51.46000,52.63000,50.95000,51.31000,3151700
1683207000,50.78000,50.79000,48.83000,49.60000,3856600
1683293400,50.05000,51.53000,50.05000,51.51000,4398700
1683552600,51.51000,52.10000,48.94000,49.31000,5085300
1683639000,48.64000,49.78000,48.63000,49.01000,2643600
1683725400,49.56000,50.03000,48.98000,49.18000,3310900
1683811800,49.12000,49.35000,48.36000,48.61000,2630500
1683898200,48.75000,49.12000,47.91000,48.49000,2529400
1684157400,48.36000,49.40000,48.10000,49.11000,2674500
1684243800,48.84000,49.07000,47.79000,47.79000,2607900
1684330200,48.26000,49.69000,47.93000,49.39000,2269600
1684416600,49.50000,49.97000,48.88000,49.97000,2329500
1684503000,50.14000,50.74000,49.57000,50.03000,2834000
1684762200,50.08000,51.39000,50.00000,51.19000,2514000
1684848600,50.85000,51.48000,50.02000,50.12000,2018900
1684935000,49.45000,49.69000,48.92000,49.44000,2049900
1685021400,49.86000,50.95000,49.72000,50.70000,2756100
1685107800,51.18000,51.96000,51.00000,51.68000,1946900
1685453400,52.02000,52.25000,51.29000,51.67000,2583100
1685539800,51.70000,51.89000,50.69000,51.49000,5241000
1685626200,51.16000,52.90000,50.97000,52.43000,2313200
1685712600,53.19000,54.24000,53.19000,53.63000,2826500
1685971800,53.34000,54.42000,53.31000,54.05000,2443100
1686058200,53.72000,55.25000,53.65000,54.53000,2417800
1686144600,55.02000,55.67000,54.55000,54.70000,3012400
1686231000,54.85000,54.97000,53.96000,54.71000,2310100
1686317400,54.81000,55.43000,54.65000,55.18000,2109900
1686576600,55.51000,55.96000,55.20000,55.67000,2249600
1686663000,56.11000,56.95000,56.06000,56.89000,2028600
1686749400,56.95000,57.70000,56.47000,57.03000,2068100
1686835800,57.00000,58.72000,57.00000,58.61000,3081200
1686922200,58.71000,58.89000,57.17000,57.20000,4649300
1687267800,56.44000,56.78000,56.18000,56.63000,2669000
1687354200,56.29000,56.31000,55.55000,55.78000,3991300
1687440600,55.43000,55.58000,54.61000,55.19000,4533700
1687527000,54.00000,54.23000,53.01000,53.59000,9377000
1687786200,53.34000,53.83000,53.08000,53.09000,6229400
1687872600,53.34000,55.12000,53.30000,54.92000,2390100
1687959000,54.66000,55.86000,54.12000,55.74000,3331700
1688045400,55.89000,56.34000,55.63000,55.95000,2773100
1688131800,56.26000,56.86000,55.99000,56.00000,3683400
1688391000,56.00000,56.65000,55.92000,56.50000,1342900
1688563800,55.91000,55.98000,55.21000,55.27000,1755800
1688650200,54.31000,54.44000,52.95000,53.91000,2835900
1688736600,53.62000,55.36000,53.62000,54.87000,1910200
1688995800,54.70000,55.43000,54.70000,55.17000,1887000
1689082200,55.64000,56.55000,55.29000,56.31000,2657300
1689168600,57.45000,58.66000,57.08000,58.59000,4318100
1689255000,59.34000,61.34000,59.07000,61.21000,5505000
1689341400,61.49000,61.59000,60.09000,60.56000,2687700
1689600600,60.44000,61.24000,60.20000,60.68000,2720000
1689687000,61.05000,62.14000,60.81000,61.75000,2560000
1689773400,61.63000,62.44000,60.99000,61.09000,4655800
1689859800,60.34000,61.33000,60.19000,60.99000,2811700
1689946200,61.27000,61.30000,60.33000,60.49000,2640900
1690205400,60.49000,61.26000,60.26000,60.77000,2017400
1690291800,60.64000,61.09000,60.42000,60.93000,1902400
1690378200,60.91000,61.11000,60.04000,60.68000,2004300
1690464600,61.21000,61.21000,59.09000,59.13000,2495800
1690551000,60.00000,60.15000,59.47000,59.95000,1642400
1690810200,60.03000,60.15000,59.09000,59.38000,2452300
1690896600,58.90000,59.98000,58.54000,59.73000,1568200
1690983000,58.77000,59.01000,58.22000,58.91000,1808100
1691069400,58.44000,59.44000,58.23000,59.24000,2053200
1691155800,59.59000,60.99000,59.31000,60.19000,3211100
1691415000,60.46000,63.64000,60.46000,61.81000,5203800
1691501400,61.05000,61.69000,59.88000,61.19000,3451700
1691587800,61.19000,61.75000,60.67000,61.57000,4422800
1691674200,62.38000,63.45000,62.01000,62.31000,4354000
1691760600,61.93000,62.01000,60.82000,61.91000,2093300
1692019800,61.58000,62.43000,61.31000,61.78000,2441400
1692106200,61.07000,61.20000,60.28000,60.45000,2043400
1692192600,60.37000,60.37000,59.06000,59.14000,3338700
1692279000,59.31000,59.87000,58.86000,59.15000,2232100
1692365400,58.41000,60.33000,58.23000,60.20000,2205600
1692624600,60.20000,60.56000,59.20000,59.86000,2087100
1692711000,60.27000,60.39000,58.89000,59.04000,2403600
1692797400,59.33000,60.34000,59.02000,60.22000,3819600
1692883800,60.52000,60.89000,59.33000,59.55000,2609800
1692970200,59.61000,59.87000,58.38000,59.50000,1980900
1693229400,59.88000,60.66000,59.60000,60.64000,4215500
1693315800,60.65000,61.83000,60.18000,61.72000,3502500
1693402200,61.80000,62.13000,61.38000,61.87000,4135000
1693488600,62.00000,62.93000,61.70000,62.81000,8895100
1693575000,63.28000,63.31000,62.00000,62.20000,3926600
1693920600,62.21000,62.57000,61.71000,61.98000,5758100
1694007000,61.53000,61.88000,61.04000,61.72000,3483500
1694093400,61.07000,61.51000,60.50000,61.38000,3865100
1694179800,61.36000,62.86000,61.19000,62.82000,3700100
1694439000,63.46000,63.55000,62.81000,63.20000,3542400
1694525400,63.30000,64.22000,63.24000,63.79000,3360900
1694611800,63.80000,64.31000,63.20000,63.22000,3957700
1694698200,64.05000,64.14000,63.20000,63.72000,4974400
1694784600,63.55000,64.58000,63.46000,64.40000,8069900
1695043800,64.36000,64.63000,63.95000,64.46000,2570000
1695130200,64.33000,64.58000,63.23000,63.43000,2765700
1695216600,63.69000,64.77000,63.54000,63.63000,2755500
1695303000,62.68000,62.68000,61.36000,61.38000,2982300
1695389400,62.12000,62.64000,61.60000,62.16000,3991600
1695648600,61.87000,63.77000,61.87000,63.55000,3966900
1695735000,62.76000,63.21000,61.49000,61.51000,2579300
1695821400,62.00000,62.25000,61.28000,62.09000,2667300
1695907800,61.90000,62.79000,61.84000,62.55000,2152700
1695994200,63.20000,63.20000,61.46000,61.60000,3514100
1696253400,61.55000,61.87000,60.84000,60.99000,1973700
1696339800,60.37000,60.66000,58.53000,59.00000,4492600
1696426200,59.00000,59.99000,58.96000,59.77000,4120100
1696512600,59.68000,60.60000,59.20000,60.42000,2783000
1696599000,60.06000,62.21000,59.98000,62.03000,3795300
1696858200,61.26000,61.83000,60.92000,61.60000,1874800
1696944600,61.89000,62.76000,61.89000,62.07000,2498600
1697031000,62.26000,63.19000,62.04000,63.10000,3355300
1697117400,63.23000,63.27000,61.22000,61.30000,3807900
1697203800,61.71000,61.71000,59.17000,60.25000,4286400
1697463000,60.12000,61.03000,59.48000,60.34000,3542400
1697549400,59.81000,61.38000,59.67000,60.44000,4310000
1697635800,59.96000,60.02000,57.73000,57.95000,3555000
1697722200,56.87000,58.00000,55.34000,55.61000,5312400
1697808600,55.27000,55.53000,54.33000,54.91000,3637600
1698067800,54.73000,55.85000,54.31000,55.23000,3136200
1698154200,55.22000,56.44000,55.22000,56.22000,2726000
1698240600,55.71000,56.02000,54.69000,54.88000,1749900
1698327000,54.59000,55.62000,54.42000,54.57000,2919700
1698413400,54.64000,54.85000,53.72000,54.10000,1982500
1698672600,54.66000,55.25000,54.14000,55.06000,2330300
1698759000,55.17000,55.90000,54.91000,55.40000,2734800
1698845400,55.78000,57.16000,55.78000,56.95000,3229700
1698931800,57.86000,58.88000,57.49000,58.72000,3934900
1699018200,59.57000,61.74000,59.57000,61.09000,3803800
1699281000,60.99000,61.59000,58.94000,59.38000,3829800
1699367400,59.08000,63.40000,59.08000,62.34000,5975200
1699453800,62.61000,62.79000,61.94000,62.41000,3262500
1699540200,62.64000,63.66000,62.24000,62.30000,2914600
1699626600,63.17000,63.59000,62.29000,63.55000,2885900
1699885800,62.92000,64.09000,62.92000,63.97000,2403400
1699972200,66.24000,67.55000,66.21000,66.63000,5561000
1700058600,66.72000,67.25000,66.31000,66.41000,2968400
1700145000,66.44000,66.92000,65.91000,66.03000,2743400
1700231400,66.26000,67.30000,66.11000,66.92000,2358200
1700490600,66.83000,68.25000,66.75000,68.09000,2322400
1700577000,67.87000,68.28000,67.64000,68.22000,2078600
1700663400,68.83000,68.99000,68.04000,68.45000,2260200
1700836200,67.99000,69.44000,67.99000,69.20000,1342500
1701095400,68.75000,69.49000,68.58000,69.06000,3121000
1701181800,69.00000,69.52000,68.90000,69.38000,3722900
1701268200,72.28000,75.15000,71.59000,74.74000,11030500
1701354600,74.75000,75.86000,74.27000,75.84000,7853500
1701441000,75.60000,75.93000,74.84000,74.87000,5213800
1701700200,73.06000,76.13000,73.04000,75.22000,4967200
1701786600,74.86000,75.86000,74.47000,75.44000,2901700
1701873000,76.05000,76.10000,74.69000,74.73000,3098500
1701959400,74.86000,75.78000,74.85000,75.49000,1837200
1702045800,75.16000,77.01000,75.16000,76.95000,3281000
1702305000,76.61000,77.69000,76.60000,77.23000,2069200
1702391400,77.24000,77.96000,76.87000,77.54000,2368400
1702477800,77.14000,80.10000,77.02000,79.58000,4566900
1702564200,80.57000,83.42000,80.46000,83.01000,6023500
1702650600,83.01000,84.18000,82.41000,83.81000,8285100
1702909800,83.85000,85.21000,83.78000,84.47000,5461000
1702996200,84.50000,85.66000,84.18000,84.69000,3374700
1703082600,84.26000,84.74000,82.01000,82.03000,4570900
1703169000,82.85000,82.97000,80.01000,81.85000,5426700
1703255400,81.62000,82.44000,81.12000,81.92000,4140300
1703601000,81.50000,82.50000,81.16000,82.18000,2245200
1703687400,82.50000,83.74000,82.05000,83.34000,1353400
1703773800,82.97000,83.72000,82.97000,83.58000,974100
1703860200,83.73000,83.73000,82.66000,82.85000,1699700
1704205800,82.00000,82.39000,80.22000,81.31000,3273200
1704292200,80.23000,80.62000,78.95000,79.89000,3172000
1704378600,80.00000,80.80000,79.88000,79.96000,1666400
1704465000,79.53000,81.54000,79.53000,81.27000,2314400
1704724200,81.85000,82.21000,81.02000,82.12000,2299200
1704810600,81.35000,81.69000,80.68000,81.40000,2075700
1704897000,81.17000,82.78000,80.64000,82.42000,3451900
1704983400,82.68000,82.85000,81.16000,81.87000,3192400
1705069800,82.44000,82.85000,81.50000,81.79000,1991800
1705415400,80.95000,81.75000,80.20000,81.55000,2334300
1705501800,80.54000,81.69000,80.48000,81.20000,1692300
1705588200,82.01000,82.38000,80.89000,81.56000,1519900
1705674600,81.91000,84.34000,81.14000,84.19000,3990300
1705933800,85.00000,85.33000,84.12000,84.26000,2247400
1706020200,84.20000,84.47000,83.54000,83.99000,2083400
1706106600,84.66000,84.66000,83.01000,83.34000,3310800
1706193000,84.00000,85.38000,83.37000,85.35000,3838200
1706279400,85.17000,86.79000,84.68000,86.75000,4084900
1706538600,86.89000,87.42000,86.10000,87.16000,2614300
1706625000,86.54000,88.17000,86.33000,87.77000,3921800
1706711400,87.87000,88.51000,86.55000,86.58000,4442600
1706797800,87.03000,88.28000,85.19000,88.15000,3807600
1706884200,87.79000,89.84000,87.62000,89.52000,2798700
1707143400,88.68000,88.87000,87.28000,88.45000,4246700
1707229800,92.08000,93.69000,90.40000,93.58000,7651700
1707316200,94.09000,95.47000,93.28000,94.73000,5437100
1707402600,95.51000,97.94000,94.92000,96.55000,6753600
1707489000,96.93000,97.27000,96.10000,97.03000,5026000
1707748200,97.32000,98.63000,96.35000,97.62000,3042700
1707834600,94.83000,96.98000,94.20000,95.88000,4600600
1707921000,97.37000,97.79000,95.88000,95.95000,7349300
1708007400,95.87000,96.92000,95.47000,96.22000,5921900
1708093800,96.22000,96.46000,95.36000,95.66000,3478000
1708439400,94.83000,94.89000,93.10000,93.14000,4874500
1708525800,92.44000,93.68000,92.15000,93.66000,3569800
1708612200,95.54000,97.11000,95.32000,95.77000,3943800
1708698600,96.40000,97.46000,95.26000,95.80000,2373800
1708957800,96.81000,96.95000,95.46000,95.80000,2048800
1709044200,95.97000,96.61000,95.42000,96.02000,3406600
1709130600,95.87000,96.20000,95.18000,95.85000,2616400
1709217000,96.53000,98.54000,96.11000,98.26000,6604700
1709303400,100.10000,101.80000,97.54000,98.93000,5458600
1709562600,95.96000,99.48000,95.47000,98.62000,7643700
1709649000,98.00000,98.24000,96.30000,96.61000,3222600
1709735400,97.51000,98.41000,96.59000,97.00000,3419800
1709821800,96.89000,98.51000,96.89000,97.98000,2598300
1709908200,98.42000,99.67000,98.00000,98.65000,3107900
1710163800,98.27000,98.52000,97.02000,97.39000,3479700
1710250200,98.00000,99.41000,97.53000,99.18000,1804100
1710336600,99.00000,100.39000,97.72000,97.96000,3886200
1710423000,98.60000,98.75000,95.93000,96.84000,1958100
1710509400,95.90000,97.65000,95.90000,96.70000,2904400
1710768600,97.33000,97.50000,94.88000,95.15000,3950300
1710855000,95.14000,96.56000,94.66000,95.76000,2027700
1710941400,95.91000,98.70000,95.48000,98.60000,2837000
1711027800,99.32000,103.48000,99.32000,101.64000,4760200
1711114200,101.66000,101.66000,100.26000,100.76000,2588900
1711373400,100.76000,101.77000,100.76000,100.85000,1937900
1711459800,101.53000,101.91000,100.85000,101.05000,2330000
1711546200,101.94000,102.44000,100.09000,100.51000,3257500
1711632600,100.60000,101.47000,99.74000,100.58000,3235200
1711978200,100.24000,100.97000,99.57000,100.00000,2316800
1712064600,98.87000,98.87000,96.61000,97.90000,2262000
1712151000,97.94000,100.29000,97.94000,99.55000,2130000
1712237400,100.20000,101.29000,97.80000,98.17000,2156700
1712323800,98.93000,101.47000,98.46000,100.93000,2663000
1712583000,101.00000,102.12000,100.77000,101.65000,2078300
1712669400,102.00000,102.60000,98.98000,100.27000,1922400
1712755800,97.14000,101.23000,97.02000,99.01000,3808300
1712842200,98.99000,102.76000,98.96000,100.45000,5795900
1712928600,99.09000,99.83000,96.89000,97.29000,2829700
1713187800,98.81000,99.22000,95.11000,95.84000,3351100
1713274200,95.82000,97.09000,94.10000,96.29000,4909400
1713360600,97.20000,97.39000,94.05000,94.63000,2352300
1713447000,94.96000,95.88000,93.12000,93.35000,4645200
1713533400,93.71000,94.24000,91.92000,92.62000,4472800
1713792600,94.09000,95.22000,92.75000,94.47000,3079800
1713879000,95.00000,98.19000,94.37000,97.97000,3025700
1713965400,98.42000,98.55000,95.98000,96.77000,3639200
1714051800,93.74000,96.22000,93.61000,94.87000,4945000
1714138200,95.82000,96.86000,94.72000,95.54000,1965900
1714397400,95.60000,96.11000,94.29000,95.28000,3229200
1714483800,93.88000,95.21000,92.98000,93.07000,3465000
1714570200,95.80000,97.57000,94.03000,95.12000,5697800
1714656600,94.79000,97.20000,93.94000,97.13000,6504100
1714743000,99.59000,100.17000,94.92000,95.01000,5831700
1715002200,95.85000,98.33000,94.65000,98.25000,3224900
1715088600,98.22000,99.81000,97.17000,99.54000,4596600
1715175000,98.64000,99.98000,97.58000,99.67000,2251700
1715261400,99.65000,102.32000,99.60000,102.22000,4506900
1715347800,102.87000,103.28000,102.05000,103.13000,4234900
1715607000,104.23000,104.40000,100.07000,100.24000,4755800
1715693400,100.00000,102.44000,100.00000,102.44000,4082600
1715779800,103.00000,107.94000,102.54000,107.67000,4534100
1715866200,107.00000,107.29000,104.12000,104.15000,4932900
1715952600,104.90000,105.01000,103.89000,104.64000,1865500
1716211800,104.43000,105.43000,103.93000,104.88000,2377200
1716298200,104.43000,106.71000,104.22000,106.49000,3393300
1716384600,107.11000,107.92000,105.16000,105.77000,3003200
1716471000,107.21000,107.23000,103.61000,103.98000,4143200
1716557400,104.68000,108.00000,104.57000,106.43000,2940100
1716903000,106.43000,107.24000,104.73000,105.44000,3379300
1716989400,104.00000,104.24000,102.84000,103.20000,2773500
1717075800,103.22000,104.49000,103.22000,103.83000,1770500
1717162200,104.13000,106.32000,101.16000,102.84000,6116000
1717421400,104.15000,104.21000,100.71000,103.17000,3807100
1717507800,102.48000,103.29000,100.96000,101.31000,3320500
1717594200,102.05000,103.63000,100.36000,103.40000,2825700
1717680600,103.54000,103.96000,98.83000,99.49000,5002600
1717767000,97.82000,99.99000,96.43000,97.99000,4983200
1718026200,105.10000,110.72000,104.00000,108.95000,20403600
1718112600,108.45000,110.47000,107.36000,110.21000,8319700
1718199000,113.70000,113.91000,110.69000,111.49000,6714400
1718285400,111.32000,111.68000,109.19000,109.36000,6530500
1718371800,108.20000,109.65000,107.84000,109.18000,5069600
1718631000,110.12000,111.00000,108.25000,110.17000,5211400
1718717400,110.68000,111.72000,110.02000,110.48000,5160100
1718890200,110.31000,111.53000,109.19000,110.05000,7441200
1718976600,110.00000,110.00000,105.93000,108.82000,145539500
1719235800,108.52000,110.30000,107.47000,107.47000,9103800
1719322200,106.99000,107.97000,106.54000,107.42000,4734000
1719408600,106.88000,107.35000,105.50000,105.78000,4425800
1719495000,105.36000,106.33000,104.50000,105.86000,3567600
1719581400,106.10000,107.88000,105.05000,105.24000,17507500
1719840600,106.65000,107.37000,103.92000,104.51000,3445700
1719927000,104.20000,105.97000,103.63000,105.93000,3318700
1720013400,106.54000,106.99000,105.28000,106.06000,1252200
1720186200,105.66000,106.12000,104.08000,106.08000,2250400
1720445400,106.13000,106.82000,104.71000,105.07000,1941700
1720531800,105.20000,106.61000,104.10000,105.58000,2796600
1720618200,106.64000,109.56000,106.01000,109.45000,3297200
1720704600,110.00000,110.65000,108.57000,108.85000,4103200
1720791000,108.70000,111.75000,108.01000,110.74000,2838500
1721050200,112.20000,115.00000,112.20000,114.96000,3618100
1721136600,115.43000,117.07000,114.81000,116.67000,3992600
1721223000,115.31000,116.06000,112.84000,113.78000,3954900
1721309400,113.73000,116.95000,112.67000,114.91000,4616300
1721395800,115.29000,116.84000,114.12000,115.15000,2826500
1721655000,116.55000,118.12000,115.69000,117.87000,4145500
1721741400,117.65000,119.86000,117.30000,117.96000,3173300
1721827800,117.43000,119.14000,115.51000,115.73000,3606400
1721914200,115.85000,118.99000,113.59000,116.71000,4108700
1722000600,119.46000,120.14000,118.04000,118.51000,3480300
1722259800,119.38000,119.38000,116.93000,118.60000,4037900
1722346200,119.75000,121.41000,118.57000,119.99000,3728200
1722432600,125.96000,128.78999,123.01000,123.45000,6604100
1722519000,123.77000,124.14000,118.69000,119.75000,5306600
1722605400,116.84000,116.85000,108.43000,108.62000,7437600
1722864600,101.81000,108.54000,98.25000,106.23000,8356800
1722951000,107.50000,111.76000,107.22000,109.60000,5872900
1723037400,111.43000,112.98000,108.33000,108.79000,3832200
1723123800,110.55000,113.47000,109.48000,112.78000,3773900
1723210200,113.49000,114.16000,112.32000,113.87000,2052300
1723469400,114.00000,114.39000,112.19000,112.69000,2613400
1723555800,113.69000,115.88000,113.62000,115.81000,2710000
1723642200,116.00000,118.79000,115.89000,118.38000,3052300
1723728600,120.00000,120.91000,118.49000,120.22000,2972200
1723815000,120.21000,120.55000,118.73000,119.08000,2462800
1724074200,119.39000,120.63000,118.86000,120.18000,2372500
1724160600,120.20000,120.36000,118.00000,118.65000,1867800
1724247000,118.59000,119.08000,117.83000,118.76000,1907900
1724333400,118.98000,119.54000,118.36000,118.73000,2057000
1724419800,119.94000,122.45000,119.09000,122.23000,2447700
1724679000,122.61000,123.28000,121.05000,122.15000,1443500
1724765400,121.73000,123.16000,121.39000,122.39000,1616800
1724851800,122.28000,123.42000,121.16000,121.63000,2392900
1724938200,122.08000,123.30000,121.21000,122.17000,1693900
1725024600,123.13000,124.20000,121.73000,123.77000,2849300
1725370200,122.06000,123.21000,117.29000,118.27000,4263300
1725456600,117.93000,119.65000,116.90000,117.67000,2540000
1725543000,117.79000,119.79000,117.08000,118.44000,2101000
1725629400,118.85000,119.32000,115.24000,116.24000,2657600
1725888600,117.99000,119.89000,117.51000,118.46000,2515800
1725975000,119.01000,119.29000,115.07000,118.06000,2015400
1726061400,117.34000,118.46000,113.92000,118.29000,3754700
1726147800,118.22000,120.94000,116.64000,120.36000,4590900
1726234200,120.96000,123.52000,120.96000,122.80000,3506000
1726493400,124.00000,126.79000,123.43000,126.54000,3297000
1726579800,127.55000,128.73000,126.49000,127.97000,2376600
1726666200,128.47000,130.92999,125.87000,129.25000,3673000
1726752600,132.72000,133.84000,130.88000,132.80000,3448600
1726839000,131.56000,133.47000,131.50000,133.23000,5417400
1727098200,134.00000,134.85001,131.45000,132.60001,1942400
1727184600,132.64999,133.13000,131.12000,132.39000,1987100
1727271000,132.48000,132.94000,131.50000,131.67000,1415100
1727357400,132.97000,133.88000,130.95000,131.38000,1903600
1727443800,131.95000,132.96001,130.73000,132.14000,2909300
1727703000,131.32001,131.84000,128.37000,130.58000,3315300
1727789400,130.58000,131.52000,128.70000,129.87000,2577500
1727875800,130.00000,132.86000,130.00000,132.22000,2118700
1727962200,131.69000,132.09000,129.63000,130.89999,2147200
1728048600,133.16000,133.55000,131.67999,133.28000,2096700
1728307800,132.91000,133.70000,130.23000,131.33000,2291700
1728394200,131.70000,132.45000,130.74001,131.35001,2069300
1728480600,131.78999,135.10001,131.55000,134.95000,2863900
1728567000,134.50999,135.25000,133.03000,133.12000,3215700
1728653400,134.08000,135.89999,134.08000,135.59000,2084600
1728912600,136.23000,137.11000,134.72000,136.53999,1940900
1728999000,136.86000,137.80000,135.14000,135.78000,2352600
1729085400,136.28999,137.88000,135.20000,135.67000,2433100
1729171800,137.00000,139.82001,136.36000,137.84000,3135700
1729258200,137.87000,140.14999,137.35001,139.81000,2954500
1729517400,139.80000,141.67999,139.74001,140.57001,2853700
1729603800,139.69000,140.98000,138.96001,140.17000,2200200
1729690200,140.03000,141.31000,137.94000,138.55000,4774700
1729776600,143.03999,147.14999,141.31000,143.28000,4353600
1729863000,144.60001,144.67000,138.89999,139.88000,2866200
1730122200,141.34000,142.14000,139.88000,140.75000,2716400
1730208600,140.00000,140.49001,138.74001,139.33000,2234400
1730295000,140.05000,141.82001,139.92999,140.17999,2023700
1730381400,139.09000,140.35001,137.39999,138.24001,2620300
1730467800,138.50000,140.86000,137.38000,137.58000,2672800
1730730600,137.52000,138.47000,135.83000,136.81000,2013000
1730817000,137.17000,139.66000,137.07001,138.99001,3421900
1730903400,147.48000,153.50999,147.06000,152.27000,7213800
1730989800,151.56000,152.25000,149.02000,150.71001,3261100
1731076200,150.21001,152.62000,150.21001,152.20000,3253500
1731335400,154.12000,156.53999,153.80000,155.89999,3900700
1731421800,155.00000,155.78999,152.32001,153.16000,2167700
1731508200,152.64999,153.89000,151.08000,152.13000,2142100
1731594600,152.42999,153.14000,150.11000,150.52000,2700500
1731681000,149.83000,151.47000,148.09000,150.02000,2929100
1731940200,150.58000,152.64000,149.33000,152.45000,3196400
1732026600,152.22000,153.05000,150.95000,152.78000,2457000
1732113000,153.21001,154.58000,150.67000,152.17999,3723000
1732199400,153.83000,158.46001,152.34000,157.67000,4027500
1732285800,157.67999,159.58000,157.00000,158.63000,3164000
1732545000,159.50000,161.11000,158.00999,158.94000,3856300
1732631400,159.00000,161.53000,158.28000,161.27000,3211500
1732717800,161.56000,162.73000,159.91000,160.03000,4272900
1732890600,161.89999,163.67999,161.66000,162.87000,2665400
1733149800,163.08000,163.66000,159.50000,159.64999,3866100
1733236200,160.25000,160.94000,157.20000,157.89999,2801100
1733322600,158.22000,158.85001,155.84000,157.60001,3971200
1733409000,157.39000,159.38000,156.83000,157.03999,3681500
1733495400,157.48000,158.89999,156.91000,158.00999,4057500
1733754600,158.37000,159.19000,151.71001,152.35001,6143200
1733841000,151.48000,153.56000,151.06000,151.81000,4270100
1733927400,153.44000,158.10001,153.39000,157.39000,4191900
1734013800,157.39000,157.87000,155.59000,155.75000,2434000
1734100200,157.33000,157.99001,154.25999,154.34000,2612600
1734359400,155.52000,156.55000,154.14000,156.12000,2311000
1734445800,154.82001,154.82001,149.69000,151.23000,3666000
1734532200,151.87000,152.25000,142.83000,142.96001,3762700
1734618600,146.94000,147.71001,143.03999,143.53000,5375800
1734705000,142.00999,149.42000,141.25999,147.58000,8311100
1734964200,147.00000,149.61000,145.39999,148.94000,2740600
1735050600,149.88000,152.58000,148.64000,152.58000,1232900
1735223400,151.80000,152.89000,150.61000,152.52000,1301000
1735309800,150.62000,151.77000,148.81000,149.86000,1571900
1735569000,147.09000,149.73000,146.03999,148.39000,1677100
1735655400,149.31000,150.06000,147.62000,147.91000,1713900
1735828200,149.36000,150.39000,147.03999,149.19000,1664700
1735914600,150.58000,152.19000,149.92999,152.03000,1687000
1736173800,153.81000,154.73000,150.64999,150.74001,3392600
1736260200,150.89999,151.60001,143.91000,146.62000,3786900
1736346600,146.39000,148.39000,145.69000,148.24001,3820400
1736519400,145.73000,147.00000,140.23000,140.92999,3968600
1736778600,139.08000,141.83000,138.88000,141.25000,3495300
1736865000,143.39999,144.77000,142.00000,143.64999,3942500
1736951400,151.49001,151.64999,148.67999,150.50000,5081900
1737037800,151.56000,154.00999,150.81000,153.24001,3446700
1737124200,155.63000,158.25000,153.88000,157.57001,3878800
1737469800,158.49001,161.10001,157.67999,160.71001,4618600
1737556200,161.56000,162.17999,158.88000,161.50999,3794500
1737642600,161.03000,165.42999,160.85001,165.34000,2980700
1737729000,164.89000,165.83000,164.58000,165.53000,2837000
1737988200,161.14000,161.34000,157.70000,161.20000,4432000
1738074600,161.67999,167.50000,160.21001,167.05000,3923200
1738161000,166.94000,170.16000,165.98000,166.30000,4096900
1738247400,167.48000,168.99001,165.41000,166.87000,2428400
1738333800,167.73000,170.39999,166.67999,167.07001,3400900
1738593000,162.00999,164.44000,159.39000,163.22000,4527500
1738679400,161.87000,162.39000,149.00000,149.30000,9268600
1738765800,146.92000,154.39999,146.92000,153.81000,6666700
1738852200,154.33000,155.61000,149.21001,151.59000,6031000
1738938600,152.23000,152.59000,148.39000,148.61000,3983000
1739197800,150.10001,151.39999,146.56000,147.92999,4150800
1739284200,146.11000,146.87000,141.88000,142.46001,6282600
1739370600,140.62000,141.02000,138.39999,139.53999,7075500
1739457000,140.97000,141.45000,137.84000,139.30000,3615100
1739543400,139.61000,141.78999,138.53999,140.56000,2196700
1739889000,141.89000,142.69000,140.06000,140.60001,4128100
1739975400,140.36000,140.60001,137.94000,138.47000,3765500
1740061800,138.08000,138.62000,132.59000,134.55000,7028600
1740148200,135.86000,136.86000,130.85001,132.22000,4231600
1740407400,133.41000,134.16000,128.07001,131.19000,6229300
1740493800,131.00000,131.70000,127.16000,129.59000,8522700
1740580200,130.50000,134.66000,130.00999,132.67999,5716100
1740666600,134.27000,135.97000,131.52000,132.20000,5070400
1740753000,132.00000,135.67000,131.35001,135.59000,6393200
1741012200,137.60001,138.87000,131.78999,133.00999,5242600
1741098600,127.55000,127.97000,119.47000,120.78000,17007500
1741185000,120.78000,123.53000,118.12000,123.03000,13089300
1741271400,119.31000,121.60000,115.12000,116.13000,9435800
1741357800,116.27000,116.68000,108.91000,115.27000,8870700
1741613400,111.73000,111.78000,105.29000,108.17000,11977400
1741699800,108.28000,113.15000,107.92000,112.11000,8742900
1741786200,115.96000,117.39000,112.79000,114.37000,7681800
1741872600,114.60000,115.07000,107.58000,108.69000,7530900
1741959000,112.17000,113.85000,110.14000,113.31000,6824400
1742218200,111.23000,117.06000,111.23000,115.68000,5191800
1742304600,115.42000,116.19000,112.78000,114.02000,3305100
1742391000,114.03000,118.28000,113.37000,116.54000,5525800
1742477400,115.12000,117.88000,115.03000,116.71000,3461800
1742563800,115.00000,117.15000,113.82000,116.50000,6084200
1742823000,119.70000,122.51000,118.93000,121.97000,5276500
1742909400,122.26000,123.48000,120.23000,122.18000,3955500
1742995800,122.21000,123.34000,118.37000,119.44000,3166000
1743082200,118.08000,118.78000,115.48000,117.54000,4323400
1743168600,117.06000,118.42000,113.94000,114.86000,6223800
1743427800,113.06000,116.56000,111.33000,115.61000,6067900
1743514200,116.06000,118.20000,114.62000,117.84000,4495600
1743600600,114.97000,121.65000,114.97000,120.90000,4058600
1743687000,111.12000,111.75000,101.84000,102.55000,13841800
1743773400,96.75000,97.10000,88.76000,92.79000,19028000
1744032600,89.78000,101.56000,86.15000,97.54000,15123600
1744119000,103.97000,105.01000,92.50000,94.51000,11700100
1744205400,92.81000,112.78000,91.50000,110.46000,13237500
1744291800,106.37000,106.82000,97.94000,101.87000,11494100
1744378200,100.04000,101.71000,96.45000,101.44000,8299500
1744637400,104.50000,105.08000,101.53000,103.13000,7461200
1744723800,104.53000,105.96000,103.64000,104.23000,4531500
1744810200,102.35000,104.37000,100.56000,102.05000,5310600
1744896600,103.39000,104.94000,102.42000,103.37000,3725800
1745242200,101.00000,102.03000,96.68000,97.95000,4405400
1745328600,99.50000,103.48000,99.50000,102.28000,5864000
1745415000,108.97000,111.66000,106.16000,106.81000,7390400
1745501400,107.26000,113.96000,106.07000,113.25000,5974600
1745587800,112.51000,114.51000,112.13000,113.63000,3554800
1745847000,114.00000,116.50000,112.11000,113.93000,4164200
1745933400,113.69000,115.16000,112.70000,114.35000,3815600
1746019800,110.26000,114.80000,109.05000,114.27000,4662100
1746106200,115.56000,118.10000,113.46000,114.49000,5459800
1746192600,116.50000,118.41000,115.94000,116.93000,3798200
1746451800,115.51000,117.61000,114.70000,114.79000,3639000
1746538200,113.00000,115.10000,112.02000,113.65000,3547700
1746624600,114.63000,116.91000,113.52000,116.21000,5239400
1746711000,118.42000,121.12000,116.87000,118.73000,7984900
1746797400,119.46000,120.72000,117.54000,118.08000,4073600
1747056600,126.72000,128.72000,124.10000,125.22000,6749400
1747143000,125.27000,128.67999,124.45000,126.90000,4778600
1747229400,128.69000,129.82001,127.51000,129.03000,5514200
1747315800,126.93000,128.03000,124.55000,125.64000,4336600
1747402200,125.89000,126.66000,124.61000,125.90000,2481500
1747661400,122.65000,125.95000,122.18000,125.49000,2537000
1747747800,123.66000,125.40000,123.25000,124.14000,3087700
1747834200,122.47000,122.89000,117.65000,117.76000,4098000
1747920600,117.56000,118.96000,116.50000,118.20000,3564300
1748007000,115.06000,118.19000,115.00000,117.18000,3021100
1748352600,119.02000,121.00000,117.43000,120.92000,4241100
1748439000,121.63000,122.00000,120.21000,121.04000,2937000
1748525400,122.50000,122.72000,120.98000,122.33000,3504800
1748611800,121.48000,121.98000,119.11000,121.46000,6807800
1748871000,120.66000,122.00000,118.86000,121.87000,3591200
1748957400,120.50000,121.23000,119.45000,120.48000,5727800
1749043800,121.28000,122.26000,120.49000,120.51000,2732100
1749130200,120.60000,121.43000,119.19000,120.64000,2600400
1749216600,122.98000,124.78000,122.00000,123.40000,2324800
1749475800,124.95000,124.95000,122.60000,123.25000,2459900
1749562200,123.22000,124.87000,122.44000,124.02000,2942000
1749648600,125.22000,127.37000,125.00000,126.00000,4846300
1749735000,124.43000,125.92000,124.43000,125.24000,2991000
1749821400,123.00000,123.77000,121.12000,121.33000,4210500
1750080600,122.41000,125.26000,121.64000,123.40000,2508400
1750167000,122.05000,122.83000,119.84000,121.06000,3065600
1750253400,120.82000,123.86000,120.39000,122.42000,2412500
1750426200,123.81000,125.16000,122.48000,122.60000,4080900
1750685400,121.80000,122.86000,117.85000,122.14000,2697000
1750771800,124.00000,128.13000,123.30000,127.77000,3624600
1750858200,128.67000,129.23000,127.04000,128.84000,3872700
1750944600,129.36000,132.34000,129.25000,131.94000,3916100
1751031000,132.38000,135.42000,131.94000,134.28999,5399500
1751290200,135.89999,136.14000,132.20000,133.03000,4036000
1751376600,132.56000,133.41000,130.86000,132.45000,2796800
1751463000,132.08000,134.96001,131.17999,134.53000,2199200
1751549400,136.75999,139.25000,136.00000,138.60001,2650600
1751895000,138.19000,139.69000,134.95000,135.53999,4556900
1751981400,136.70000,139.19000,135.91000,137.94000,4456900
1752067800,138.97000,140.25000,138.31000,139.22000,2995400
1752154200,139.53000,143.78000,139.12000,143.05000,3763300
1752240600,141.28999,142.22000,140.46001,141.05000,3204800
1752499800,139.48000,140.82001,139.10001,139.42999,3295800
1752586200,139.42999,140.27000,136.74001,137.21001,2678600
1752672600,138.64000,143.23000,137.69000,143.05000,4864600
1752759000,142.92999,148.02000,142.63000,147.60001,5075900
1752845400,147.72000,148.28999,145.39000,145.98000,3123400
1753104600,146.62000,146.66000,144.14000,144.28000,3401200
1753191000,144.33000,145.22000,142.25000,144.97000,2042400
1753277400,146.21001,148.44000,144.91000,148.25999,2490700
1753363800,153.20000,153.20000,149.64000,150.19000,4137600
1753450200,150.56000,152.92999,149.67000,152.16000,2894100
1753709400,152.37000,152.97000,151.64000,152.14999,2446300
1753795800,153.22000,153.87000,149.36000,151.00000,3049200
1753882200,152.64999,153.50000,148.67999,150.42999,3205800
1753968600,151.41000,151.60001,144.77000,146.58000,5111500
1754055000,143.05000,143.05000,138.73000,142.55000,5750300
1754314200,143.21001,145.50000,142.14000,145.13000,4014700
1754400600,145.36000,146.58000,141.46001,142.66000,4327400
1754487000,143.25999,145.30000,142.47000,144.56000,2873600
1754573400,146.64999,147.21001,140.46001,142.19000,2920400
1754659800,142.75999,143.88000,141.61000,142.67000,2163500
1754919000,142.80000,143.53999,141.38000,141.57001,1818600
1755005400,142.88000,148.10001,142.14000,147.24001,3024400
1755091800,148.96001,149.30000,144.31000,147.46001,3785200
1755178200,145.96001,146.86000,144.97000,146.06000,2668500
1755264600,146.88000,146.88000,142.20000,142.28000,2943600
1755523800,142.00000,142.27000,140.42000,141.20000,2913000
1755610200,141.00000,141.35001,138.39000,138.95000,2864400
1755696600,138.55000,138.97000,136.00999,138.09000,3185800
1755783000,137.64000,138.14999,136.64000,137.84000,2590000
1755869400,138.55000,145.00999,137.71001,141.77000,4084700
1756128600,141.28000,142.13000,138.61000,138.71001,2376800
1756215000,138.21001,140.16000,137.50999,140.08000,3315400
1756301400,139.47000,141.46001,139.00000,140.47000,2304300
1756387800,140.57001,141.13000,139.45000,140.09000,3663100
1756474200,140.25999,140.89000,139.22000,139.49001,2421700
1756819800,136.82001,138.87000,135.06000,138.74001,2418600
1756906200,138.08000,139.22000,133.34000,134.83000,3821600
1756992600,135.57001,138.02000,135.00000,137.35001,2167700
1757079000,138.63000,138.98000,132.98000,135.53000,3413000
1757338200,136.21001,138.82001,135.73000,138.69000,3458900
1757424600,138.61000,138.96001,136.87000,137.39000,2625200
1757511000,137.22000,141.19000,136.91000,139.28999,2499800
1757597400,139.28999,146.14000,139.17000,145.00999,4048100
1757683800,144.66000,145.03000,142.47000,143.34000,3554800
1757943000,143.80000,145.99001,143.50000,144.64999,2326800
1758029400,144.80000,145.80000,143.03999,144.38000,1828000
1758115800,144.42999,147.22000,143.13000,144.39999,2932200
1758202200,146.17000,151.11000,145.74001,149.34000,3129300
1758288600,150.82001,150.82001,147.00999,148.92000,8793900
1758547800,146.73000,147.50000,145.60001,146.95000,3652000
1758634200,147.07001,152.10001,146.66000,147.25000,3599600
1758720600,146.30000,148.73000,137.89000,137.94000,6485000
1758807000,135.39999,138.50999,134.67999,135.66000,5106900
1758893400,136.57001,137.22000,133.82001,134.00999,4592700
1759152600,136.07001,136.07001,133.75999,134.48000,4255700
1759239000,134.67000,135.53000,126.57000,129.95000,7784600
1759325400,128.25999,130.32001,127.24000,127.47000,5778800
1759411800,127.36000,128.03999,124.01000,124.63000,6360300
1759498200,126.92000,128.78999,126.45000,127.65000,4099400
1759757400,128.00000,128.70000,125.47000,126.87000,3521900
1759843800,126.98000,128.45000,123.76000,124.72000,3513800
1759930200,124.75000,125.49000,123.52000,124.73000,4544300
1760016600,124.60000,125.66000,122.80000,124.06000,3657100
1760103000,124.39000,124.65000,117.65000,117.82000,6810600
1760362200,119.47000,121.61000,118.02000,120.44000,4699500
1760448600,119.21000,127.15000,118.67000,125.98000,6083000
1760535000,128.62000,128.95000,124.13000,124.46000,4536300
1760621400,124.19000,124.83000,115.73000,117.52000,7072000
1760707800,117.76000,118.58000,116.29000,117.60000,4635100
1760967000,118.96000,120.63000,118.00000,120.11000,3778700
1761053400,120.50000,124.48000,120.06000,123.68000,4901000
1761139800,123.47000,125.05000,121.93000,123.30000,3441200
1761226200,123.62000,123.96000,119.74000,120.96000,4691800
1761312600,122.34000,124.23000,121.17000,121.24000,3753400
1761571800,122.96000,124.17000,121.77000,122.26000,3058900
1761658200,122.29000,122.58000,120.30000,120.61000,2881900
1761744600,119.73000,120.78000,117.93000,118.55000,5211300
1761831000,118.66000,120.26000,117.75000,118.11000,3865300
1761917400,116.95000,118.90000,115.05000,118.33000,4866300
1762180200,118.57000,118.75000,116.52000,117.63000,4340600
1762266600,116.61000,120.30000,116.44000,118.29000,4296700
1762353000,118.39000,120.55000,116.54000,118.89000,3791800
1762439400,118.96000,120.45000,117.58000,119.31000,6348400
1762525800,112.29000,122.13000,112.09000,121.32000,9118300
1762785000,123.52000,123.95000,119.23000,120.11000,5681300
1762871400,120.05000,122.06000,118.64000,121.36000,3123900
1762957800,121.69000,124.70000,121.59000,123.07000,3612500
1763044200,122.43000,123.60000,118.82000,120.75000,9600100
1763130600,118.77000,120.82000,118.52000,119.92000,4359700
1763389800,119.51000,120.05000,113.53000,114.02000,5278200
1763476200,113.01000,116.12000,112.00000,114.18000,5746900
1763562600,114.60000,117.52000,113.11000,117.50000,3708900
1763649000,119.86000,121.64000,114.30000,114.41000,5748000
1763735400,115.07000,118.89000,113.83000,118.67000,5949900
1763994600,118.70000,119.00000,116.74000,117.85000,4898300
1764081000,118.73000,120.92000,116.16000,120.81000,4734700
1764167400,121.11000,122.61000,120.30000,120.83000,3429500
1764340200,121.28000,122.85000,120.63000,122.31000,1187800
1764599400,120.49000,123.21000,119.09000,122.19000,2595300
1764685800,122.32000,123.85000,121.84000,122.68000,2440700
1764772200,123.00000,126.92000,122.12000,126.48000,3084000
1764858600,126.84000,128.50000,125.95000,128.42999,2872700
1764945000,128.14000,131.00000,127.51000,129.42000,2839700
1765204200,129.55000,130.47000,128.69000,130.24001,4116400
1765290600,130.10001,137.53999,129.67000,135.78000,5774800
1765377000,136.50000,142.30000,135.89000,141.53999,7348900
1765463400,141.53999,144.84000,141.23000,142.77000,6855400
1765549800,143.39000,143.39000,135.73000,136.60001,5443400
1765809000,137.78000,137.78000,133.39999,134.81000,5474700
1765895400,135.03999,135.83000,132.34000,133.38000,4249500
1765981800,133.52000,135.72000,132.03999,132.14999,3527100
1766068200,134.45000,135.78999,131.86000,131.97000,4291400
1766154600,131.84000,132.64999,130.38000,130.61000,6635100
1766413800,130.70000,132.42999,130.30000,131.42000,4238000
1766500200,131.10001,131.58000,130.64000,131.00000,2981500
1766586600,131.49001,131.49001,130.64000,130.78000,1199000
1766759400,130.70000,130.70000,129.89999,130.41000,2193900
1767018600,130.80000,130.82001,128.96001,129.42000,2306400
1767105000,129.39999,130.38000,128.53000,128.64000,1753500
1767191400,128.50999,128.75000,127.36000,127.48000,2021500
1767364200,128.88000,129.41000,127.40000,128.89999,2545400
1767623400,128.78999,135.78000,128.67999,134.57001,4368900
1767709800,134.45000,137.27000,133.75999,135.82001,3994400
1767796200,136.24001,137.28000,130.78999,130.83000,4180300
1767882600,129.35001,134.49001,128.91000,133.64000,3449300
1767969000,134.52000,135.31000,132.31000,134.64999,2643900
1768228200,132.00000,136.02000,130.94000,133.97000,5138600
1768314600,133.38000,133.99001,128.53999,130.08000,3241200
1768401000,128.74001,132.17000,126.23000,132.08000,6821200
1768487400,132.47000,134.47000,130.75000,131.32001,3233300
1768573800,130.53999,133.50999,130.07001,131.42000,3910200
1768919400,128.35001,129.16000,122.66000,122.90000,5008300
1769005800,124.44000,125.99000,123.28000,124.33000,3833700
1769092200,125.47000,127.00000,123.40000,123.48000,2728900
1769178600,122.80000,123.37000,120.92000,121.25000,3183300
1769437800,121.24000,121.60000,117.04000,118.65000,8576300
1769524200,119.60000,119.66000,115.90000,116.00000,5488400
1769610600,117.34000,118.35000,115.80000,116.77000,4604200
1769697000,117.75000,119.94000,113.77000,114.98000,6625500
1769783400,114.03000,115.69000,113.38000,114.26000,4944300
1770042600,114.15000,116.08000,112.63000,114.36000,4510700
1770129000,113.20000,113.71000,102.05000,103.28000,11515500
1770215400,102.69000,106.80000,99.36000,104.77000,20811300
1770301800,103.00000,104.81000,97.37000,99.17000,16545300
1770388200,102.56000,103.96000,99.99000,103.20000,13332100
1770647400,103.23000,108.41000,102.65000,107.29000,11737700
1770733800,107.21000,109.53000,106.60000,107.21000,9036600
1770820200,107.60000,109.25000,104.28000,105.06000,6812600
1770906600,106.93000,107.99000,98.48000,101.12000,8987100
1770993000,101.31000,102.92000,100.77000,101.73000,4234500
1771338600,102.00000,103.49000,99.71000,102.55000,6434000
1771425000,102.39000,105.41000,101.50000,103.60000,5660100
1771511400,102.64000,103.54000,98.92000,101.64000,10029100
1771597800,100.80000,104.27000,99.77000,101.18000,6749900
1771857000,99.90000,99.90000,91.45000,92.19000,15344700
1771943400,92.27000,97.09000,91.00000,95.72000,8821700
1772029800,96.45000,97.71000,93.55000,96.63000,9121300
1772116200,97.23000,98.04000,92.46000,93.62000,15504200
1772202600,92.21000,92.21000,86.35000,87.68000,21851200
1772461800,85.75000,91.36000,84.52000,90.61000,13703700
1772548200,86.65000,91.86000,85.37000,90.55000,10473300
1772634600,91.50000,94.57000,91.45000,93.83000,8929000
1772721000,93.50000,96.09000,93.45000,95.59000,8226500
1772807400,93.06000,93.06000,89.11000,91.33000,9266900
1773063000,89.32000,91.55000,87.00000,90.94000,8451700
1773149400,91.45000,91.79000,88.31000,89.96000,5684700
1773235800,89.98000,91.17000,85.43000,87.13000,8187500
1773322200,85.43000,87.08000,82.67000,83.88000,13740100
1773408600,85.01000,87.37000,84.57000,85.93000,7304500
1773667800,87.00000,87.31000,84.84000,86.10000,5915800
1773754200,87.19000,90.06000,86.66000,88.97000,4955800
1773840600,88.05000,92.44000,88.00000,90.63000,7226000
1773927000,89.50000,91.02000,88.86000,90.60000,5537900
1774013400,90.40000,90.77000,88.73000,90.00000,9441900
1774272600,92.68000,93.14000,89.79000,90.84000,6090400
1774359000,87.76000,91.09000,86.91000,90.91000,7082100
1774445400,92.30000,93.02000,88.86000,88.91000,5734900
1774531800,88.00000,90.96000,87.74000,89.99000,7207200
1774618200,88.67000,89.19000,86.31000,88.50000,8248100
1774877400,88.40000,92.10000,88.04000,90.36000,7323700
1774963800,92.12000,93.67000,89.88000,92.50000,8069700
1775050200,93.22000,93.66000,90.39000,91.36000,6574900
1775136600,88.22000,93.56000,88.08000,91.23000,5583500
1775482200,90.84000,91.74000,90.08000,91.05000,3611800
1775568600,89.88000,91.33000,89.88000,90.75000,2857300
1775655000,94.09000,96.45000,92.37000,93.96000,5159700
1775741400,92.99000,93.65000,91.59000,92.83000,5086600
1775827800,92.83000,93.00000,89.69000,91.22000,4067900
1776087000,91.15000,98.23000,90.82000,98.14000,6905700
1776173400,99.00000,101.61000,98.61000,100.43000,8151800
1776259800,101.50000,104.75000,101.50000,103.85000,6300600
1776346200,104.50000,105.37000,102.01000,102.02000,4254900
1776432600,104.02000,106.87000,103.09000,103.60000,5831900
1776691800,103.06000,104.96000,103.00000,103.92000,4746500
1776778200,104.34000,107.54000,103.76000,104.45000,5126100
1776864600,106.61000,107.65000,104.77000,105.92000,4813000
1776951000,104.00000,104.79000,100.28000,101.64000,4779800
1777037400,101.86000,102.51000,100.33000,101.83000,2419500
1777296600,100.36000,103.26000,99.90000,100.70000,3898100
1777383000,101.44000,102.25000,100.05000,101.40000,2793300
1777469400,101.22000,101.76000,98.50000,99.32000,4078900
1777555800,97.43000,104.80000,97.43000,104.34000,5270700
1777642200,105.00000,106.14000,103.21000,103.68000,4063800
1777901400,104.00000,105.95000,102.62000,103.33000,4101500
1777987800,103.01000,104.45000,100.00000,102.00000,5703900
1778074200,103.43000,103.46000,100.24000,100.79000,5120200
1778160600,101.81000,102.06000,99.05000,100.34000,6281600
1778247000,100.03000,102.94000,98.71000,102.52000,5948800
1778506200,101.00000,102.99000,98.61000,99.46000,5292100
1778592600,99.03000,99.64000,98.00000,99.47000,6366700
1778679000,98.48000,99.27000,96.90000,97.43000,4935800
1778765400,98.70000,100.52000,98.10000,99.57000,3751000
1778851800,99.24000,100.50000,96.92000,96.97000,5939700
1779111000,96.43000,98.70000,95.36000,95.97000,3582100
1779197400,95.43000,95.88000,92.48000,92.92000,4978700
1779283800,93.23000,94.66000,91.08000,94.34000,5532900
1779370200,93.86000,95.31000,93.06000,94.76000,3846800
1779456600,95.00000,96.07000,93.61000,94.04000,2824900
1779802200,94.50000,96.00000,94.00000,94.99000,3609800
1779888600,95.00000,96.70000,93.58000,95.03000,3745200
1779975000,95.20000,95.29000,92.27000,94.03000,4689600
1780061400,93.49000,97.25000,93.01000,95.94000,5164600
1780320600,96.75000,98.79000,94.76000,95.01000,4028800
1780407000,94.56000,96.00000,93.79000,94.45000,6039400
1780493400,89.40000,91.67000,87.50000,90.53000,7043000
1780579800,92.39000,96.45000,91.55000,95.46000,5505200
1780666200,95.88000,97.11000,92.43000,93.40000,3091000
1780925400,93.72000,94.52000,92.49000,93.21000,3870500
1781011800,94.00000,97.44000,93.60000,95.84000,3732600
1781098200,95.10000,97.05000,93.93000,95.02000,3192700
1781184600,94.46000,95.35000,91.76000,95.30000,4771900
1781271000,96.11000,98.66000,95.60000,96.24000,3937500
1781530200,98.49000,101.05000,97.81000,98.08000,3554000
1781616600,98.92000,99.97000,97.89000,98.97000,2934200
1781703000,98.46000,100.31000,96.60000,97.17000,4177400
1781789400,98.40000,98.99000,96.62000,97.01000,5464700
1782135000,97.49000,98.25000,95.07000,96.90000,4041900
1782221400,95.91000,96.69000,92.53000,93.50000,6533800
1782307800,93.74000,93.78000,90.84000,91.51000,7761400
1782394200,92.10000,97.59000,92.10000,92.65000,6621500
1782480600,92.32000,94.11000,89.10000,90.13000,8723300
1782739800,90.92000,91.43000,88.23000,88.94000,5838000
1782826200,89.56000,92.10000,88.39000,91.78000,5836400
1782912600,93.10000,94.29000,92.01000,92.56000,3505900
1782999000,94.85000,96.27000,92.75000,93.84000,3912100
1783344600,94.64000,96.99000,94.15000,95.97000,3860800
1783431000,96.42000,96.90000,94.78000,95.14000,3496800
1783517400,94.09000,94.16000,91.37000,93.30000,2772100
1783603800,93.54000,96.41000,92.89000,96.27000,3068000
1783690200,98.00000,99.22000,96.90000,96.94000,2839200
1783949400,97.02000,97.78000,95.78000,96.91000,2971400
1784035800,96.57000,98.38000,96.05000,97.21000,2524200
1784122200,98.80000,102.70000,97.87000,100.95000,5929200
1784208600,100.95000,102.85000,99.73000,102.75000,6358000
1784295000,101.25000,104.17000,100.40000,100.94000,3576700
1784554200,101.13000,101.48000,96.43000,96.97000,3398000
1784640600,97.00000,98.07000,96.50000,97.11000,2864000
1784727000,96.34000,97.47000,94.83000,95.53000,2564600
1784813400,95.98000,97.50000,94.13000,95.97000,2304200
1784899800,96.03000,99.49000,95.77000,99.36000,3867000
1785159000,100.00000,102.44000,100.00000,101.63000,3692100
1785245400,101.37000,102.95000,100.57000,102.66000,3401700
1785331800,100.17000,101.94000,98.97000,99.28000,4328500
1785418200,100.64000,101.51000,95.66000,100.98000,4884300
1785504600,99.47000,101.72000,99.13000,101.43000,6282800
1785763800,102.95000,107.30000,102.60000,106.56000,5799500
1785850200,105.40000,108.36000,104.35000,108.21000,5337500
1785936600,108.99000,109.62000,104.02000,105.65000,3995700
1786023000,106.02000,106.29000,102.34000,103.35000,3421000
1786109400,103.27000,104.92000,102.28000,102.81000,7048600
1786368600,101.81000,104.26000,101.15000,103.83000,6466900
1786455000,104.01000,111.34000,103.66000,110.97000,8319600
1786541400,112.00000,114.57000,109.10000,110.90000,6728500
1786627800,111.65000,116.57000,111.36000,115.30000,7227100
1786714200,115.50000,116.17000,113.40000,114.01000,5838500
1786973400,112.90000,113.63000,107.50000,108.83000,7075200
1787059800,108.40000,109.38000,106.53000,107.19000,4016200
1787146200,108.55000,113.00000,108.10000,110.46000,4756700
1787232600,109.82000,109.96000,106.91000,107.02000,3708300
1787319000,110.11000,110.11000,107.67000,108.48000,2680400
1787578200,108.25000,109.36000,107.08000,107.32000,2941900
1787664600,107.45000,108.02000,105.92000,107.58000,2023000
1787751000,107.45000,108.99000,106.88000,108.50000,2301400
1787837400,108.91000,111.12000,108.37000,109.32000,2588900
1787923800,109.82000,111.64000,108.62000,108.68000,2424200
