time,open,high,low,close,tick_volume
1472477400,13.71000,13.75000,13.63000,13.67000,351000
1472563800,13.89000,13.95000,13.78000,13.78000,201300
1472650200,13.43000,13.51000,13.34000,13.36000,407400
1472736600,13.25000,13.38000,13.23000,13.35000,137600
1472823000,13.49000,13.51000,13.40000,13.47000,266600
1473168600,13.88000,13.95000,13.65000,13.79000,1075300
1473255000,13.89000,14.02000,13.89000,13.96000,486500
1473341400,13.50000,13.53000,13.04000,13.09000,981000
1473427800,13.09000,13.11000,12.80000,12.80000,618400
1473687000,12.61000,12.91000,12.44000,12.87000,356900
1473773400,12.42000,12.48000,12.37000,12.43000,462300
1473859800,12.32000,12.56000,12.29000,12.50000,248300
1473946200,12.41000,12.65000,12.40000,12.58000,155700
1474032600,12.46000,12.56000,12.38000,12.44000,257800
1474291800,12.66000,12.85000,12.65000,12.76000,564700
1474378200,12.70000,12.82000,12.64000,12.79000,666100
1474464600,13.12000,13.16000,12.94000,13.16000,570300
1474551000,13.28000,13.30000,13.10000,13.15000,309300
1474637400,13.11000,13.11000,12.94000,12.96000,220600
1474896600,12.80000,12.84000,12.75000,12.76000,152600
1474983000,13.03000,13.05000,12.94000,13.01000,305400
1475069400,12.90000,13.16000,12.88000,13.14000,402000
1475155800,12.98000,13.02000,12.80000,12.87000,242000
1475242200,12.77000,12.83000,12.72000,12.72000,603500
1475501400,12.71000,12.84000,12.70000,12.83000,247100
1475587800,12.63000,12.69000,12.53000,12.60000,522900
1475674200,13.00000,13.23000,12.97000,13.15000,610600
1475760600,12.76000,12.88000,12.70000,12.84000,436900
1475847000,13.32000,13.48000,13.21000,13.44000,740400
1476106200,13.59000,13.66000,13.49000,13.50000,290500
1476192600,13.21000,13.21000,13.07000,13.18000,369800
1476279000,13.06000,13.07000,12.98000,13.04000,143700
1476365400,12.93000,13.04000,12.84000,12.98000,216000
1476451800,13.23000,13.30000,13.06000,13.06000,194400
1476711000,13.06000,13.09000,12.97000,12.99000,126400
1476797400,12.80000,12.83000,12.77000,12.79000,322000
1476883800,12.83000,12.93000,12.76000,12.88000,110200
1476970200,12.89000,12.95000,12.82000,12.90000,162200
1477056600,12.59000,12.62000,12.52000,12.59000,314000
1477315800,12.95000,12.97000,12.82000,12.91000,141600
1477402200,13.06000,13.10000,12.95000,12.96000,268300
1477488600,13.06000,13.20000,12.94000,12.98000,478400
1477575000,12.98000,13.06000,12.92000,12.96000,272300
1477661400,12.44000,12.49000,12.27000,12.29000,440800
1477920600,11.96000,12.01000,11.88000,12.01000,407000
1478007000,12.21000,12.22000,12.01000,12.08000,375800
1478093400,12.09000,12.10000,11.98000,12.04000,236200
1478179800,12.06000,12.06000,11.90000,11.92000,184300
1478266200,11.69000,11.75000,11.58000,11.65000,702400
1478529000,11.74000,11.86000,11.68000,11.82000,427900
1478615400,12.10000,12.14000,11.98000,12.05000,782300
1478701800,11.55000,11.56000,11.32000,11.37000,926600
1478788200,11.67000,11.69000,11.29000,11.31000,439700
1478874600,11.39000,11.52000,11.26000,11.40000,652200
1479133800,11.43000,11.50000,11.39000,11.47000,247800
1479220200,11.29000,12.35000,11.29000,11.82000,2527700
1479306600,11.86000,12.01000,11.77000,11.98000,598100
1479393000,12.01000,12.26000,12.00000,12.14000,1079200
1479479400,12.20000,12.22000,12.09000,12.15000,407800
1479738600,11.97000,12.09000,11.64000,11.70000,1201700
1479825000,12.06000,12.06000,11.95000,12.00000,390900
1479911400,12.15000,12.18000,12.07000,12.09000,281800
1480084200,12.08000,12.14000,12.03000,12.07000,85100
1480343400,12.16000,12.16000,12.02000,12.04000,401700
1480429800,12.02000,12.09000,11.98000,12.01000,155600
1480516200,11.98000,11.99000,11.86000,11.88000,244000
1480602600,12.05000,12.11000,11.87000,11.91000,440000
1480689000,11.85000,11.94000,11.80000,11.87000,241700
1480948200,11.91000,12.14000,11.89000,12.03000,449700
1481034600,12.31000,12.44000,12.31000,12.37000,394700
1481121000,12.71000,12.83000,12.59000,12.82000,369100
1481207400,12.87000,12.96000,12.81000,12.87000,402800
1481293800,12.86000,12.94000,12.76000,12.81000,385300
1481553000,12.63000,12.65000,12.55000,12.63000,169400
1481639400,12.93000,13.12000,12.90000,13.08000,393200
1481725800,12.94000,13.14000,12.83000,12.85000,443400
1481812200,12.97000,13.19000,12.92000,13.12000,279300
1481898600,12.96000,13.12000,12.96000,13.03000,298000
1482157800,12.82000,12.94000,12.80000,12.91000,337200
1482244200,12.88000,12.97000,12.80000,12.97000,224700
1482330600,13.27000,13.43000,13.27000,13.39000,385500
1482417000,13.10000,13.24000,13.03000,13.22000,264600
1482503400,13.09000,13.14000,13.02000,13.14000,99400
1482849000,13.08000,13.18000,13.02000,13.15000,157700
1482935400,13.22000,13.22000,12.97000,13.01000,189700
1483021800,13.00000,13.07000,12.92000,12.97000,192400
1483108200,13.06000,13.12000,12.80000,12.85000,170500
1483453800,13.16000,13.29000,13.11000,13.16000,281700
1483540200,13.11000,13.16000,12.98000,13.07000,245200
1483626600,13.20000,13.37000,13.17000,13.31000,338400
1483713000,13.29000,13.39000,13.18000,13.35000,487200
1483972200,13.36000,13.49000,13.36000,13.44000,339700
1484058600,13.29000,13.48000,13.23000,13.44000,457300
1484145000,13.42000,13.67000,13.42000,13.65000,218100
1484231400,13.67000,13.67000,13.48000,13.57000,341400
1484317800,13.60000,13.68000,13.57000,13.64000,121400
1484663400,13.39000,13.54000,13.39000,13.48000,294700
1484749800,13.52000,13.61000,13.45000,13.59000,292500
1484836200,13.31000,13.39000,13.20000,13.29000,236800
1484922600,13.59000,13.64000,13.40000,13.44000,663300
1485181800,13.86000,14.06000,13.78000,14.01000,1018100
1485268200,13.80000,13.90000,13.58000,13.64000,903600
1485354600,13.14000,13.38000,12.91000,13.34000,1193200
1485441000,13.07000,13.32000,13.05000,13.27000,677900
1485527400,13.10000,13.29000,13.03000,13.18000,372500
1485786600,13.10000,13.10000,13.02000,13.09000,431700
1485873000,13.31000,13.49000,13.30000,13.48000,362500
1485959400,13.53000,13.60000,13.44000,13.57000,240700
1486045800,13.34000,13.45000,13.28000,13.36000,538100
1486132200,13.15000,13.23000,13.03000,13.18000,603100
1486391400,12.88000,12.89000,12.45000,12.50000,1395500
1486477800,12.63000,12.63000,12.42000,12.44000,1321100
1486564200,12.73000,12.78000,12.65000,12.75000,985400
1486650600,12.82000,12.86000,12.70000,12.71000,651800
1486737000,12.66000,12.80000,12.66000,12.77000,288200
1486996200,12.17000,12.26000,12.17000,12.21000,605100
1487082600,12.41000,12.46000,12.27000,12.42000,388200
1487169000,12.13000,12.27000,12.09000,12.23000,645800
1487255400,12.26000,12.37000,12.26000,12.32000,395900
1487341800,12.31000,12.43000,12.31000,12.39000,289300
1487687400,12.50000,12.61000,12.47000,12.57000,439200
1487773800,12.40000,12.59000,12.39000,12.56000,399900
1487860200,12.66000,12.69000,12.57000,12.58000,298700
1487946600,12.21000,12.37000,12.18000,12.36000,361900
1488205800,12.14000,12.27000,12.10000,12.19000,678200
1488292200,12.17000,12.24000,12.12000,12.13000,317200
1488378600,12.18000,12.32000,12.17000,12.22000,359900
1488465000,12.17000,12.19000,12.07000,12.12000,342700
1488551400,12.10000,12.23000,12.08000,12.19000,404100
1488810600,12.06000,12.12000,11.91000,12.02000,771000
1488897000,12.34000,12.55000,12.29000,12.47000,1177100
1488983400,12.34000,12.42000,12.32000,12.39000,387900
1489069800,12.28000,12.35000,12.18000,12.23000,249600
1489156200,12.21000,12.24000,12.13000,12.18000,285200
1489411800,12.25000,12.30000,12.21000,12.22000,152500
1489498200,12.26000,12.27000,12.19000,12.20000,280800
1489584600,12.15000,12.42000,12.13000,12.41000,270800
1489671000,12.45000,12.50000,12.39000,12.43000,162500
1489757400,12.42000,12.42000,12.29000,12.36000,409000
1490016600,12.49000,12.60000,12.47000,12.55000,553200
1490103000,12.80000,12.87000,12.62000,12.62000,564600
1490189400,12.99000,13.15000,12.95000,13.07000,905500
1490275800,13.02000,13.10000,12.98000,13.08000,249500
1490362200,13.10000,13.26000,13.09000,13.24000,450200
1490621400,13.10000,13.17000,13.07000,13.15000,279200
1490707800,13.09000,13.18000,13.09000,13.17000,313000
1490794200,13.57000,13.82000,13.57000,13.76000,769300
1490880600,13.48000,13.62000,13.46000,13.57000,387400
1490967000,13.59000,13.64000,13.53000,13.62000,266200
1491226200,13.58000,13.60000,13.50000,13.57000,284900
1491312600,13.45000,13.56000,13.45000,13.53000,485500
1491399000,13.53000,13.57000,13.32000,13.32000,321900
1491485400,13.22000,13.23000,13.12000,13.17000,324000
1491571800,13.13000,13.17000,13.10000,13.14000,327700
1491831000,13.50000,13.50000,13.17000,13.21000,573700
1491917400,13.50000,13.53000,13.27000,13.37000,380000
1492003800,13.32000,13.35000,13.23000,13.32000,276400
1492090200,13.56000,13.64000,13.50000,13.54000,465600
1492435800,13.56000,13.66000,13.55000,13.66000,186300
1492522200,13.54000,13.57000,13.43000,13.45000,367900
1492608600,13.43000,13.48000,13.36000,13.44000,349600
1492695000,13.21000,13.29000,13.17000,13.27000,627400
1492781400,13.27000,13.27000,13.11000,13.14000,343000
1493040600,13.38000,13.47000,13.35000,13.38000,271300
1493127000,13.75000,13.91000,13.73000,13.88000,490400
1493213400,13.84000,13.96000,13.84000,13.84000,329700
1493299800,13.22000,13.28000,12.50000,12.85000,1214500
1493386200,12.86000,12.91000,12.81000,12.87000,495500
1493645400,12.95000,13.03000,12.74000,12.77000,566200
1493731800,13.03000,13.07000,12.95000,13.04000,480200
1493818200,13.03000,13.03000,12.89000,12.96000,315500
1493904600,13.10000,13.20000,13.07000,13.10000,396000
1493991000,13.10000,13.19000,13.06000,13.17000,235100
1494250200,13.33000,13.43000,13.19000,13.38000,608700
1494336600,13.42000,13.62000,13.31000,13.45000,707700
1494423000,13.19000,13.26000,13.09000,13.24000,387000
1494509400,13.11000,13.14000,13.03000,13.12000,335800
1494595800,12.99000,12.99000,12.80000,12.84000,359700
1494855000,12.85000,12.92000,12.82000,12.85000,275900
1494941400,12.86000,13.09000,12.86000,13.05000,503800
1495027800,13.02000,13.05000,12.78000,12.79000,502500
1495114200,12.96000,13.00000,12.89000,12.96000,452300
1495200600,13.06000,13.28000,13.06000,13.21000,314400
1495459800,13.13000,13.21000,13.03000,13.20000,207200
1495546200,13.06000,13.07000,12.86000,12.95000,277000
1495632600,12.96000,13.02000,12.91000,12.98000,191900
1495719000,12.86000,12.98000,12.86000,12.94000,246800
1495805400,13.30000,13.43000,13.30000,13.41000,564700
1496151000,14.24000,14.70000,14.21000,14.46000,1572300
1496237400,14.61000,14.75000,14.53000,14.57000,726700
1496323800,14.60000,14.67000,14.51000,14.64000,545500
1496410200,14.84000,14.95000,14.83000,14.90000,505100
1496669400,15.10000,15.47000,15.10000,15.29000,788100
1496755800,15.28000,15.51000,15.24000,15.37000,568400
1496842200,15.52000,15.93000,15.52000,15.86000,622500
1496928600,16.19000,16.29000,16.13000,16.25000,822400
1497015000,16.28000,16.35000,15.91000,15.99000,1013200
1497274200,15.63000,15.67000,15.17000,15.56000,1249600
1497360600,16.68000,16.96000,16.46000,16.49000,2097600
1497447000,16.62000,16.67000,16.35000,16.45000,1015700
1497533400,16.52000,16.66000,16.41000,16.63000,1028100
1497619800,16.51000,16.52000,16.28000,16.41000,516200
1497879000,16.38000,16.45000,16.26000,16.36000,750500
1497965400,16.20000,16.23000,16.00000,16.00000,481200
1498051800,16.03000,16.13000,15.98000,16.12000,455200
1498138200,16.07000,16.20000,15.97000,16.14000,718400
1498224600,16.10000,16.23000,16.10000,16.18000,429400
1498483800,16.31000,16.37000,16.15000,16.23000,488900
1498570200,16.39000,16.97000,16.37000,16.78000,1446300
1498656600,16.78000,16.78000,16.42000,16.66000,896000
1498743000,16.55000,16.59000,16.04000,16.10000,1216100
1498829400,16.20000,16.21000,16.01000,16.07000,805100
1499088600,16.05000,16.09000,15.92000,16.05000,592400
1499261400,16.79000,17.05000,16.79000,16.87000,1418200
1499347800,16.47000,16.50000,16.10000,16.10000,1615200
1499434200,15.87000,15.88000,15.75000,15.76000,1302400
1499693400,15.52000,15.85000,15.36000,15.85000,1022900
1499779800,16.12000,16.24000,16.07000,16.17000,646500
1499866200,16.12000,16.29000,16.09000,16.28000,766300
1499952600,16.29000,16.38000,16.23000,16.31000,321600
1500039000,16.08000,16.21000,15.99000,16.17000,720200
1500298200,16.22000,16.22000,16.08000,16.17000,428900
1500384600,16.24000,16.41000,16.21000,16.39000,623600
1500471000,16.71000,16.82000,16.59000,16.62000,465600
1500557400,15.48000,15.55000,14.81000,15.25000,2301800
1500643800,15.22000,15.29000,15.08000,15.28000,1055700
1500903000,15.13000,15.16000,14.99000,15.08000,1261400
1500989400,14.77000,14.78000,14.25000,14.49000,1368900
1501075800,14.56000,14.60000,14.15000,14.27000,1259000
1501162200,14.34000,14.46000,14.16000,14.24000,878600
1501248600,13.88000,14.04000,13.78000,14.04000,1036500
1501507800,14.18000,14.29000,14.16000,14.23000,781000
1501594200,14.12000,14.16000,13.92000,13.96000,726700
1501680600,14.14000,14.27000,13.87000,14.00000,863100
1501767000,13.86000,13.86000,13.60000,13.62000,1001100
1501853400,13.62000,13.73000,13.50000,13.71000,926900
1502112600,13.75000,13.77000,13.62000,13.68000,451000
1502199000,13.65000,13.68000,13.52000,13.52000,422700
1502285400,13.14000,13.38000,13.06000,13.35000,669300
1502371800,13.01000,13.01000,12.75000,12.77000,1046000
1502458200,12.76000,13.18000,12.74000,12.96000,1315900
1502717400,13.12000,13.17000,13.04000,13.16000,905800
1502803800,13.16000,13.29000,13.07000,13.13000,567600
1502890200,13.01000,13.08000,12.94000,12.97000,496900
1502976600,13.23000,13.30000,13.00000,13.00000,735900
1503063000,13.12000,13.25000,13.09000,13.18000,577700
1503322200,13.52000,13.57000,13.43000,13.54000,988300
1503408600,13.60000,13.75000,13.60000,13.74000,695200
1503495000,13.68000,13.77000,13.65000,13.77000,596200
1503581400,13.59000,13.64000,13.57000,13.58000,505500
1503667800,13.75000,13.85000,13.70000,13.75000,382300
1503927000,13.67000,13.72000,13.56000,13.72000,412600
1504013400,13.51000,13.64000,13.42000,13.63000,731000
1504099800,13.68000,13.87000,13.68000,13.84000,312700
1504186200,13.93000,13.97000,13.81000,13.97000,512400
1504272600,13.85000,13.92000,13.80000,13.85000,431200
1504618200,14.15000,14.35000,14.15000,14.24000,1133800
1504704600,14.00000,14.29000,14.00000,14.11000,761900
1504791000,14.24000,14.26000,14.09000,14.09000,655200
1504877400,14.01000,14.06000,13.92000,13.95000,422300
1505136600,14.05000,14.30000,14.05000,14.29000,383000
1505223000,14.33000,14.52000,14.30000,14.43000,487600
1505309400,14.51000,14.57000,14.37000,14.37000,428700
1505395800,14.71000,14.84000,14.65000,14.67000,1013700
1505482200,14.80000,14.86000,14.74000,14.74000,804400
1505741400,14.91000,15.08000,14.89000,14.89000,765400
1505827800,14.32000,14.33000,14.23000,14.26000,608000
1505914200,14.02000,14.09000,13.92000,14.01000,745400
1506000600,13.98000,14.01000,13.87000,13.98000,474500
1506087000,13.63000,13.75000,13.56000,13.74000,1155200
1506346200,13.74000,13.74000,13.49000,13.51000,583700
1506432600,13.45000,13.61000,13.45000,13.53000,571900
1506519000,13.53000,13.58000,13.42000,13.53000,805800
1506605400,13.36000,13.40000,13.27000,13.38000,913900
1506691800,13.45000,13.47000,13.37000,13.42000,537500
1506951000,13.46000,13.66000,13.46000,13.66000,430200
1507037400,13.69000,13.87000,13.69000,13.80000,413900
1507123800,13.80000,13.82000,13.66000,13.69000,397500
1507210200,13.71000,13.80000,13.68000,13.79000,266300
1507296600,13.77000,13.82000,13.68000,13.74000,377900
1507555800,13.74000,13.78000,13.65000,13.68000,368400
1507642200,13.32000,13.33000,13.10000,13.16000,1010700
1507728600,13.25000,13.48000,13.23000,13.34000,1241300
1507815000,12.84000,12.87000,12.54000,12.61000,1639900
1507901400,12.85000,12.88000,12.72000,12.75000,879200
1508160600,12.99000,12.99000,12.84000,12.94000,686300
1508247000,12.86000,12.88000,12.71000,12.73000,328900
1508333400,12.71000,12.73000,12.63000,12.70000,669400
1508419800,12.69000,12.75000,12.51000,12.74000,1108500
1508506200,13.34000,13.58000,13.31000,13.32000,2184100
1508765400,13.18000,13.21000,12.85000,12.94000,850800
1508851800,12.99000,13.08000,12.96000,12.97000,603900
1508938200,13.07000,13.29000,12.97000,13.17000,885400
1509024600,12.94000,13.00000,12.50000,12.56000,1070700
1509111000,12.95000,13.16000,12.88000,13.12000,1027800
1509370200,13.08000,13.11000,12.93000,12.99000,781500
1509456600,13.00000,13.03000,12.86000,12.99000,875900
1509543000,13.12000,13.17000,13.04000,13.13000,816000
1509629400,13.17000,13.22000,13.08000,13.19000,1028600
1509715800,13.20000,13.23000,13.09000,13.18000,642300
1509978600,13.13000,13.22000,13.12000,13.21000,705900
1510065000,13.18000,13.20000,13.07000,13.09000,637800
1510151400,13.04000,13.12000,12.97000,13.07000,403200
1510237800,13.25000,13.36000,13.15000,13.28000,935300
1510324200,13.35000,13.51000,13.35000,13.50000,663400
1510583400,13.32000,13.37000,13.25000,13.32000,344100
1510669800,13.17000,13.18000,13.06000,13.10000,547800
1510756200,13.18000,13.20000,13.10000,13.17000,362300
1510842600,13.31000,13.57000,13.29000,13.56000,942100
1510929000,13.69000,13.78000,13.60000,13.74000,650100
1511188200,13.60000,13.70000,13.60000,13.66000,406700
1511274600,14.51000,14.52000,14.30000,14.36000,2205200
1511361000,14.44000,14.47000,14.37000,14.47000,737800
1511533800,14.41000,14.42000,14.27000,14.29000,469200
1511793000,14.03000,14.07000,13.92000,13.95000,664200
1511879400,14.16000,14.23000,14.09000,14.20000,863200
1511965800,14.20000,14.22000,13.86000,13.92000,1027800
1512052200,14.05000,14.14000,14.01000,14.06000,922600
1512138600,13.69000,13.70000,13.39000,13.58000,960900
1512397800,14.00000,14.02000,13.72000,13.78000,1254900
1512484200,13.96000,14.02000,13.85000,13.91000,1234300
1512570600,13.69000,13.69000,13.45000,13.48000,936000
1512657000,13.59000,13.63000,13.47000,13.59000,1141000
1512743400,13.59000,13.66000,13.57000,13.61000,1007800
1513002600,13.61000,13.62000,13.54000,13.59000,499500
1513089000,13.68000,13.69000,13.62000,13.63000,427000
1513175400,13.65000,13.65000,13.50000,13.58000,934200
1513261800,13.66000,13.69000,13.60000,13.61000,738800
1513348200,13.84000,13.87000,13.74000,13.84000,1232500
1513607400,13.71000,13.76000,13.63000,13.68000,670800
1513693800,13.61000,13.61000,13.37000,13.40000,749200
1513780200,13.52000,13.58000,13.44000,13.56000,721500
1513866600,13.50000,13.56000,13.45000,13.50000,639800
1513953000,13.72000,13.81000,13.70000,13.76000,566800
1514298600,13.65000,13.65000,13.54000,13.55000,371000
1514385000,13.82000,13.99000,13.81000,13.89000,353600
1514471400,13.89000,13.89000,13.74000,13.79000,429700
1514557800,13.89000,13.90000,13.74000,13.76000,572800
1514903400,13.92000,14.11000,13.86000,14.11000,787400
1514989800,14.39000,14.53000,14.36000,14.48000,727800
1515076200,14.26000,14.30000,14.16000,14.29000,543700
1515162600,14.17000,14.29000,14.10000,14.25000,815100
1515421800,14.21000,14.28000,14.12000,14.26000,967500
1515508200,14.23000,14.26000,14.08000,14.12000,750700
1515594600,13.98000,14.05000,13.87000,13.98000,630700
1515681000,14.00000,14.11000,14.00000,14.08000,433300
1515767400,13.72000,13.81000,13.62000,13.78000,997800
1516113000,14.48000,14.67000,14.38000,14.40000,927200
1516199400,14.62000,14.74000,14.60000,14.73000,1226000
1516285800,14.42000,14.48000,14.36000,14.41000,767800
1516372200,14.37000,14.41000,14.15000,14.18000,975100
1516631400,14.21000,14.30000,14.15000,14.26000,897800
1516717800,15.08000,15.66000,14.75000,15.59000,3875500
1516804200,15.71000,15.88000,15.54000,15.65000,1223500
1516890600,15.50000,15.74000,15.45000,15.59000,899200
1516977000,15.42000,15.46000,15.35000,15.45000,716000
1517236200,15.33000,15.53000,15.32000,15.40000,494300
1517322600,15.14000,15.23000,15.00000,15.14000,632000
1517409000,15.19000,15.20000,14.84000,14.91000,723500
1517495400,14.66000,14.79000,14.54000,14.74000,425200
1517581800,14.55000,14.55000,14.28000,14.30000,553200
1517841000,14.22000,14.25000,13.73000,13.74000,1200400
1517927400,13.78000,14.37000,13.75000,14.26000,1069500
1518013800,13.82000,14.02000,13.72000,13.80000,1036000
1518100200,13.83000,13.90000,13.44000,13.44000,962000
1518186600,13.73000,13.94000,13.46000,13.82000,1418400
1518445800,13.83000,13.83000,13.64000,13.75000,867300
1518532200,13.99000,14.05000,13.93000,14.00000,690700
1518618600,13.82000,14.25000,13.79000,14.25000,636600
1518705000,14.43000,14.44000,14.22000,14.42000,522400
1518791400,14.39000,14.64000,14.39000,14.49000,610600
1519137000,14.22000,14.29000,14.10000,14.16000,522500
1519223400,14.21000,14.38000,14.11000,14.11000,376400
1519309800,14.03000,14.07000,13.85000,13.89000,628400
1519396200,13.87000,13.91000,13.78000,13.88000,414300
1519655400,13.93000,14.06000,13.90000,14.05000,381400
1519741800,14.00000,14.03000,13.71000,13.72000,401000
1519828200,13.74000,13.83000,13.59000,13.60000,570300
1519914600,13.64000,13.73000,13.34000,13.45000,835400
1520001000,13.36000,13.54000,13.27000,13.53000,559100
1520260200,13.46000,13.46000,13.28000,13.37000,945100
1520346600,13.46000,13.50000,13.37000,13.41000,897500
1520433000,13.12000,13.12000,12.75000,12.93000,1838900
1520519400,13.03000,13.06000,12.92000,13.00000,837000
1520605800,13.04000,13.15000,13.02000,13.12000,453300
1520861400,13.20000,13.35000,13.20000,13.30000,493700
1520947800,13.33000,13.37000,13.14000,13.16000,755200
1521034200,13.17000,13.20000,13.03000,13.06000,566700
1521120600,13.10000,13.13000,13.01000,13.07000,562200
1521207000,13.10000,13.14000,13.04000,13.07000,764000
1521466200,12.95000,13.00000,12.77000,12.82000,736500
1521552600,12.82000,12.89000,12.67000,12.88000,1002200
1521639000,12.80000,12.87000,12.75000,12.78000,687900
1521725400,12.50000,12.50000,12.31000,12.31000,1110600
1521811800,12.50000,12.50000,11.86000,11.87000,1370300
1522071000,12.08000,12.16000,11.89000,12.12000,981900
1522157400,11.95000,11.95000,11.59000,11.68000,1421700
1522243800,11.95000,12.07000,11.90000,12.02000,1102000
1522330200,12.02000,12.14000,12.00000,12.10000,878500
1522675800,12.05000,12.08000,11.74000,11.85000,1071600
1522762200,11.90000,11.98000,11.77000,11.96000,934700
1522848600,11.48000,11.70000,11.42000,11.68000,926400
1522935000,11.71000,11.79000,11.59000,11.60000,683500
1523021400,11.49000,11.51000,11.28000,11.33000,997400
1523280600,11.79000,11.89000,11.73000,11.73000,1132700
1523367000,11.78000,11.80000,11.59000,11.70000,959400
1523453400,11.59000,11.61000,11.44000,11.53000,452200
1523539800,11.64000,11.77000,11.62000,11.69000,489800
1523626200,11.68000,11.68000,11.44000,11.47000,560600
1523885400,11.58000,11.58000,11.47000,11.53000,515500
1523971800,11.97000,12.04000,11.92000,11.93000,1167400
1524058200,12.04000,12.07000,11.99000,12.03000,1243200
1524144600,11.82000,11.85000,11.62000,11.71000,744300
1524231000,11.63000,11.64000,11.42000,11.47000,979300
1524490200,11.47000,11.55000,11.39000,11.39000,830700
1524576600,11.41000,11.43000,11.17000,11.20000,926200
1524663000,11.22000,11.37000,11.19000,11.28000,831100
1524749400,11.04000,11.06000,10.65000,10.67000,1798600
1524835800,10.96000,11.06000,10.92000,10.94000,1420700
1525095000,10.89000,10.89000,10.77000,10.80000,762900
1525181400,10.80000,10.85000,10.66000,10.84000,783800
1525267800,10.89000,10.94000,10.77000,10.85000,753400
1525354200,10.86000,10.86000,10.74000,10.84000,617400
1525440600,10.61000,10.71000,10.48000,10.69000,841600
1525699800,10.61000,10.71000,10.58000,10.62000,479300
1525786200,10.51000,10.51000,10.38000,10.48000,794000
1525872600,10.50000,10.60000,10.21000,10.53000,2062600
1525959000,10.53000,10.62000,10.47000,10.58000,808700
1526045400,10.91000,11.02000,10.89000,10.91000,686900
1526304600,10.91000,10.95000,10.88000,10.92000,364800
1526391000,10.74000,10.75000,10.57000,10.60000,604500
1526477400,10.60000,10.65000,10.56000,10.60000,432100
1526563800,10.58000,10.65000,10.52000,10.54000,578000
1526650200,10.48000,10.50000,10.34000,10.40000,932700
1526909400,10.35000,10.41000,10.29000,10.30000,349900
1526995800,10.36000,10.43000,10.31000,10.31000,559100
1527082200,10.30000,10.47000,10.30000,10.47000,717700
1527168600,10.40000,10.40000,10.16000,10.30000,538400
1527255000,10.23000,10.28000,10.16000,10.26000,375800
1527600600,10.65000,10.73000,10.31000,10.38000,1144900
1527687000,10.40000,10.41000,10.25000,10.39000,688400
1527773400,10.35000,10.35000,10.19000,10.27000,650400
1527859800,10.55000,10.74000,10.55000,10.65000,968500
1528119000,10.80000,10.80000,10.60000,10.69000,733800
1528205400,10.57000,10.60000,10.38000,10.45000,549600
1528291800,10.49000,10.57000,10.49000,10.55000,383300
1528378200,10.43000,10.54000,10.35000,10.47000,896000
1528464600,10.36000,10.44000,10.32000,10.44000,317100
1528723800,10.42000,10.44000,10.33000,10.42000,673600
1528810200,10.49000,10.53000,10.38000,10.41000,442300
1528896600,10.43000,10.44000,10.31000,10.34000,396300
1528983000,10.25000,10.29000,10.20000,10.27000,661700
1529069400,9.61000,9.68000,9.46000,9.52000,1732300
1529328600,9.24000,9.25000,9.02000,9.09000,1392500
1529415000,9.00000,9.00000,8.85000,8.92000,867300
1529501400,8.94000,8.95000,8.87000,8.90000,644700
1529587800,8.63000,8.63000,8.47000,8.48000,1046500
1529674200,8.54000,8.59000,8.50000,8.58000,779400
1529933400,8.49000,8.51000,8.32000,8.36000,900900
1530019800,8.14000,8.20000,8.10000,8.15000,1068800
1530106200,8.20000,8.30000,8.08000,8.09000,741900
1530192600,7.85000,7.91000,7.77000,7.88000,1039600
1530279000,8.17000,8.29000,8.17000,8.24000,978400
1530538200,8.16000,8.17000,8.03000,8.05000,931700
1530624600,7.99000,8.03000,7.88000,7.89000,527400
1530797400,8.12000,8.27000,8.07000,8.25000,1213600
1530883800,8.12000,8.22000,8.08000,8.17000,638500
1531143000,8.38000,8.64000,8.38000,8.62000,1207100
1531229400,8.83000,8.93000,8.80000,8.86000,1749300
1531315800,8.76000,8.86000,8.62000,8.68000,1190400
1531402200,8.77000,8.77000,8.62000,8.74000,818100
1531488600,8.72000,8.75000,8.60000,8.61000,364300
1531747800,8.82000,8.82000,8.65000,8.65000,472700
1531834200,8.93000,9.03000,8.88000,8.98000,1180000
1531920600,8.97000,9.02000,8.85000,8.99000,733700
1532007000,9.31000,9.41000,9.26000,9.37000,2023700
1532093400,9.60000,9.70000,9.50000,9.54000,1127200
1532352600,9.19000,9.38000,9.05000,9.36000,869000
1532439000,9.52000,9.84000,9.49000,9.73000,1538300
1532525400,9.07000,9.30000,8.89000,9.17000,2143800
1532611800,9.47000,9.61000,9.42000,9.54000,976000
1532698200,9.58000,9.61000,9.40000,9.48000,600300
1532957400,9.52000,9.52000,9.35000,9.36000,558600
1533043800,9.36000,9.41000,9.35000,9.38000,628300
1533130200,9.57000,9.67000,9.56000,9.66000,716500
1533216600,9.55000,9.64000,9.51000,9.62000,713900
1533303000,9.63000,9.76000,9.62000,9.76000,714700
1533562200,9.82000,9.88000,9.77000,9.86000,359500
1533648600,10.02000,10.11000,9.93000,10.04000,619300
1533735000,9.68000,9.77000,9.57000,9.75000,560800
1533821400,9.75000,9.81000,9.72000,9.74000,422100
1533907800,9.78000,9.79000,9.69000,9.72000,466400
1534167000,9.54000,9.54000,9.41000,9.44000,787900
1534253400,9.62000,9.86000,9.61000,9.83000,467100
1534339800,9.60000,9.65000,9.50000,9.50000,523900
1534426200,9.91000,9.92000,9.75000,9.84000,692300
1534512600,9.81000,9.97000,9.75000,9.94000,577500
1534771800,10.11000,10.25000,10.05000,10.23000,1085700
1534858200,10.33000,10.39000,10.25000,10.29000,721500
1534944600,9.97000,9.97000,9.78000,9.87000,843000
1535031000,9.80000,9.80000,9.60000,9.69000,908600
1535117400,9.52000,9.57000,9.44000,9.55000,515100
1535376600,9.48000,9.58000,9.40000,9.52000,802800
1535463000,9.58000,9.64000,9.53000,9.56000,368200
1535549400,9.56000,9.63000,9.48000,9.62000,290800
1535635800,9.54000,9.54000,9.41000,9.42000,855800
1535722200,9.42000,9.47000,9.35000,9.47000,453100
1536067800,9.43000,9.45000,9.35000,9.44000,411000
1536154200,9.74000,9.81000,9.69000,9.71000,864000
1536240600,9.54000,9.54000,9.41000,9.46000,324800
1536327000,9.30000,9.37000,9.20000,9.30000,393000
1536586200,9.33000,9.38000,9.31000,9.36000,264700
1536672600,8.91000,8.92000,8.76000,8.90000,733800
1536759000,8.98000,9.09000,8.89000,9.04000,518900
1536845400,9.13000,9.15000,9.03000,9.11000,411400
1536931800,9.90000,9.90000,9.13000,9.26000,1059100
1537191000,8.81000,8.84000,8.60000,8.62000,1208000
1537277400,8.69000,8.82000,8.66000,8.81000,753000
1537363800,8.46000,8.55000,8.41000,8.42000,711300
1537450200,8.50000,8.55000,8.44000,8.53000,451400
1537536600,8.53000,8.62000,8.51000,8.55000,419900
1537795800,8.50000,8.61000,8.45000,8.58000,380300
1537882200,8.60000,8.68000,8.56000,8.61000,483500
1537968600,8.62000,8.70000,8.51000,8.51000,404800
1538055000,8.74000,8.86000,8.74000,8.77000,403300
1538141400,8.59000,8.67000,8.55000,8.67000,427200
1538400600,8.67000,8.70000,8.60000,8.66000,415700
1538487000,8.67000,8.73000,8.61000,8.62000,512500
1538573400,8.60000,8.71000,8.60000,8.60000,215900
1538659800,8.48000,8.49000,8.33000,8.36000,470300
1538746200,8.34000,8.34000,8.06000,8.12000,663600
1539005400,8.06000,8.16000,8.04000,8.11000,365200
1539091800,8.11000,8.15000,8.05000,8.05000,339900
1539178200,7.91000,7.91000,7.65000,7.67000,687300
1539264600,7.63000,7.71000,7.50000,7.50000,684600
1539351000,7.93000,7.99000,7.78000,7.91000,628400
1539610200,7.73000,7.93000,7.72000,7.84000,495500
1539696600,7.98000,8.14000,7.98000,8.14000,348200
1539783000,8.07000,8.10000,7.95000,8.04000,399000
1539869400,8.07000,8.07000,7.82000,7.86000,487800
1539955800,7.85000,7.97000,7.82000,7.86000,236700
1540215000,8.02000,8.05000,7.93000,7.97000,259000
1540301400,7.54000,7.94000,7.54000,7.93000,783200
1540387800,7.70000,7.71000,7.16000,7.18000,1187900
1540474200,7.31000,7.50000,7.26000,7.47000,501700
1540560600,7.17000,7.17000,6.98000,7.06000,864500
1540819800,7.08000,7.08000,6.75000,6.83000,954600
1540906200,6.96000,7.17000,6.95000,7.16000,671900
1540992600,7.28000,7.38000,7.28000,7.34000,437700
1541079000,7.40000,7.50000,7.35000,7.49000,497300
1541165400,7.75000,7.88000,7.72000,7.74000,836700
1541428200,7.67000,7.72000,7.58000,7.67000,510100
1541514600,7.62000,7.65000,7.54000,7.60000,349100
1541601000,7.56000,7.63000,7.50000,7.62000,438800
1541687400,7.64000,7.71000,7.55000,7.56000,420200
1541773800,7.85000,7.95000,7.76000,7.86000,471400
1542033000,7.91000,7.96000,7.75000,7.75000,416600
1542119400,7.88000,8.07000,7.88000,8.03000,413900
1542205800,7.85000,7.92000,7.73000,7.82000,477200
1542292200,7.85000,8.00000,7.85000,7.96000,442600
1542378600,7.85000,8.01000,7.85000,8.00000,221400
1542637800,7.87000,7.87000,7.66000,7.68000,282000
1542724200,7.70000,7.79000,7.65000,7.73000,338800
1542810600,7.79000,7.85000,7.73000,7.74000,239600
1542983400,7.56000,7.57000,7.47000,7.50000,291700
1543242600,7.64000,7.76000,7.63000,7.74000,412300
1543329000,7.68000,7.78000,7.68000,7.71000,318600
1543415400,8.01000,8.20000,7.97000,8.19000,454200
1543501800,8.03000,8.08000,7.93000,7.95000,530700
1543588200,7.84000,7.84000,7.76000,7.79000,258500
1543847400,8.07000,8.16000,8.02000,8.10000,713800
1543933800,7.98000,8.02000,7.86000,7.87000,370000
1544106600,7.52000,7.65000,7.46000,7.64000,352800
1544193000,7.62000,7.67000,7.44000,7.48000,276700
1544452200,7.50000,7.54000,7.36000,7.54000,387500
1544538600,7.61000,7.66000,7.52000,7.53000,275800
1544625000,7.67000,7.78000,7.65000,7.66000,258900
1544711400,8.02000,8.13000,7.99000,8.11000,1570100
1544797800,7.92000,7.99000,7.83000,7.89000,281800
1545057000,7.94000,8.06000,7.84000,7.89000,374000
1545143400,8.08000,8.20000,8.05000,8.11000,534700
1545229800,8.14000,8.29000,7.97000,8.03000,274900
1545316200,8.03000,8.12000,7.85000,7.93000,290400
1545402600,8.00000,8.05000,7.85000,7.91000,677300
1545661800,7.96000,8.15000,7.96000,7.99000,259500
1545834600,8.02000,8.26000,7.98000,8.22000,648400
1545921000,8.13000,8.47000,8.11000,8.41000,505500
1546007400,8.15000,8.21000,8.05000,8.13000,383900
1546266600,8.15000,8.19000,8.06000,8.19000,337400
1546439400,8.00000,8.13000,7.95000,8.10000,158700
1546525800,7.90000,7.97000,7.80000,7.80000,384500
1546612200,8.10000,8.28000,8.05000,8.22000,306600
1546871400,8.23000,8.33000,8.19000,8.30000,185700
1546957800,8.45000,8.53000,8.40000,8.47000,196000
1547044200,8.45000,8.62000,8.42000,8.57000,316400
1547130600,8.74000,8.84000,8.73000,8.83000,267600
1547217000,8.82000,8.93000,8.81000,8.89000,157500
1547476200,8.86000,8.95000,8.85000,8.90000,151700
1547562600,8.87000,9.02000,8.76000,8.95000,327700
1547649000,8.97000,9.08000,8.95000,8.99000,277500
1547735400,8.93000,9.06000,8.83000,9.01000,257800
1547821800,9.04000,9.09000,8.99000,9.03000,288600
1548167400,8.74000,8.79000,8.62000,8.69000,308800
1548253800,8.86000,8.91000,8.73000,8.76000,251900
1548340200,8.78000,8.90000,8.78000,8.86000,217000
1548426600,9.09000,9.26000,9.09000,9.13000,434200
1548685800,9.00000,9.12000,8.93000,9.08000,707800
1548772200,9.21000,9.29000,9.14000,9.16000,281100
1548858600,8.84000,8.92000,8.65000,8.77000,947400
1548945000,8.47000,8.48000,8.31000,8.46000,646400
1549031400,8.46000,8.57000,8.45000,8.54000,337300
1549290600,8.53000,8.59000,8.49000,8.57000,162800
1549377000,8.51000,8.68000,8.51000,8.65000,261500
1549463400,8.65000,8.70000,8.59000,8.60000,382900
1549549800,8.49000,8.49000,8.32000,8.41000,178400
1549636200,8.32000,8.41000,8.30000,8.40000,128800
1549895400,8.48000,8.53000,8.47000,8.49000,153000
1549981800,8.54000,8.67000,8.54000,8.65000,253200
1550068200,8.48000,8.61000,8.42000,8.49000,499500
1550154600,8.55000,8.65000,8.55000,8.59000,275100
1550241000,8.58000,8.79000,8.58000,8.79000,282200
1550586600,8.78000,8.90000,8.78000,8.86000,233200
1550673000,8.83000,8.87000,8.79000,8.80000,420900
1550759400,9.08000,9.17000,9.07000,9.11000,325300
1550845800,9.18000,9.30000,9.18000,9.27000,328100
1551105000,9.31000,9.40000,9.30000,9.32000,340100
1551191400,9.30000,9.43000,9.30000,9.40000,398800
1551277800,9.43000,9.58000,9.43000,9.52000,489500
1551364200,9.52000,9.52000,9.41000,9.45000,371400
1551450600,9.48000,9.54000,9.47000,9.50000,268000
1551709800,9.33000,9.35000,9.21000,9.28000,363400
1551796200,9.30000,9.43000,9.29000,9.38000,559600
1551882600,9.50000,9.59000,9.49000,9.52000,432100
1551969000,9.46000,9.46000,9.24000,9.30000,426500
1552055400,9.33000,9.46000,9.33000,9.42000,277900
1552311000,9.37000,9.41000,9.33000,9.41000,275900
1552397400,9.42000,9.43000,9.31000,9.37000,322200
1552483800,9.23000,9.28000,9.18000,9.25000,311400
1552570200,9.28000,9.31000,9.21000,9.27000,207700
1552656600,9.30000,9.36000,9.12000,9.14000,1948200
1552915800,9.13000,9.21000,9.08000,9.15000,406300
1553002200,9.08000,9.08000,8.92000,8.95000,421800
1553088600,8.98000,9.06000,8.93000,9.02000,219800
1553175000,9.12000,9.38000,9.12000,9.33000,422400
1553261400,9.13000,9.15000,8.93000,8.94000,307500
1553520600,8.95000,8.97000,8.86000,8.92000,149000
1553607000,8.98000,9.17000,8.98000,9.04000,1155800
1553693400,8.94000,8.94000,8.78000,8.89000,370500
1553779800,8.62000,8.63000,8.51000,8.57000,370600
1553866200,8.64000,8.67000,8.59000,8.65000,252600
1554125400,8.80000,8.88000,8.80000,8.86000,179500
1554211800,8.85000,8.89000,8.77000,8.86000,255300
1554298200,8.87000,8.96000,8.83000,8.84000,330300
1554384600,8.87000,8.93000,8.85000,8.88000,233600
1554471000,8.99000,9.04000,8.97000,9.00000,158400
1554730200,9.07000,9.18000,9.03000,9.17000,329600
1554816600,9.47000,9.53000,9.41000,9.50000,575900
1554903000,9.59000,9.81000,9.57000,9.75000,431000
1554989400,9.70000,9.74000,9.65000,9.69000,172000
1555075800,9.63000,9.70000,9.60000,9.68000,234700
1555335000,9.67000,9.69000,9.60000,9.69000,124200
1555421400,9.68000,9.70000,9.63000,9.67000,205400
1555507800,9.62000,9.69000,9.60000,9.61000,275600
1555594200,9.60000,9.71000,9.60000,9.64000,220000
1555939800,9.47000,9.47000,9.26000,9.28000,252700
1556026200,9.30000,9.50000,9.29000,9.46000,402800
1556112600,8.72000,8.74000,8.22000,8.38000,1710100
1556199000,8.38000,8.38000,8.27000,8.33000,748700
1556285400,8.40000,8.43000,8.28000,8.37000,632100
1556544600,8.68000,8.68000,8.59000,8.63000,726600
1556631000,8.45000,8.49000,8.28000,8.35000,538300
1556717400,8.42000,8.47000,8.35000,8.36000,464000
1556803800,8.36000,8.41000,8.28000,8.34000,418000
1556890200,8.29000,8.34000,8.26000,8.32000,258400
1557149400,8.16000,8.22000,8.09000,8.19000,265400
1557235800,8.02000,8.02000,7.73000,7.79000,595800
1557322200,7.90000,7.97000,7.88000,7.90000,539100
1557408600,7.60000,7.60000,7.39000,7.49000,525600
1557495000,7.45000,7.64000,7.44000,7.58000,395100
1557754200,7.31000,7.40000,7.24000,7.31000,971700
1557840600,7.39000,7.43000,7.38000,7.39000,362900
1557927000,7.45000,7.54000,7.42000,7.46000,294600
1558013400,7.35000,7.35000,7.17000,7.20000,540800
1558099800,7.16000,7.19000,7.06000,7.07000,383300
1558359000,6.95000,7.00000,6.87000,6.87000,616200
1558445400,7.05000,7.05000,6.93000,7.00000,612700
1558531800,7.00000,7.04000,6.97000,6.99000,406700
1558618200,6.83000,6.83000,6.71000,6.75000,362100
1558704600,6.86000,6.86000,6.77000,6.80000,340800
1559050200,7.04000,7.07000,6.94000,6.94000,465500
1559136600,6.85000,6.85000,6.73000,6.78000,589700
1559223000,6.86000,6.96000,6.83000,6.90000,494700
1559309400,7.00000,7.12000,7.00000,7.09000,631600
1559568600,7.08000,7.15000,7.02000,7.09000,364000
1559655000,7.15000,7.24000,7.11000,7.23000,230300
1559741400,7.17000,7.18000,7.04000,7.06000,223100
1559827800,7.07000,7.14000,7.02000,7.12000,405600
1559914200,7.04000,7.10000,6.99000,7.07000,145000
1560173400,7.20000,7.21000,7.13000,7.14000,208400
1560259800,7.27000,7.38000,7.27000,7.32000,308500
1560346200,7.18000,7.21000,7.13000,7.15000,156000
1560432600,7.14000,7.20000,7.14000,7.18000,172400
1560519000,7.13000,7.13000,7.03000,7.07000,120700
1560778200,7.13000,7.19000,7.12000,7.13000,186000
1560864600,7.18000,7.28000,7.17000,7.25000,171500
1560951000,7.27000,7.30000,7.20000,7.22000,303200
1561037400,7.78000,7.82000,7.71000,7.79000,545200
1561123800,7.51000,7.56000,7.46000,7.48000,220500
1561383000,7.73000,7.73000,7.64000,7.66000,440200
1561469400,7.62000,7.63000,7.50000,7.50000,197900
1561555800,7.59000,7.69000,7.59000,7.61000,182600
1561642200,7.72000,7.73000,7.65000,7.65000,225100
1561728600,7.72000,7.76000,7.70000,7.75000,205400
1561987800,7.67000,7.75000,7.51000,7.54000,459600
1562074200,7.53000,7.53000,7.44000,7.48000,293000
1562160600,7.43000,7.45000,7.40000,7.42000,199200
1562333400,7.39000,7.45000,7.35000,7.45000,256900
1562592600,7.08000,7.09000,7.00000,7.03000,437300
1562679000,7.00000,7.05000,6.96000,7.03000,332200
1562765400,7.14000,7.20000,7.12000,7.19000,222400
1562851800,7.18000,7.20000,7.12000,7.13000,169300
1562938200,7.20000,7.20000,7.15000,7.18000,145900
1563197400,7.17000,7.22000,7.13000,7.19000,231300
1563283800,7.26000,7.33000,7.21000,7.21000,277400
1563370200,7.18000,7.24000,7.16000,7.18000,412800
1563456600,7.12000,7.20000,7.10000,7.17000,453700
1563543000,7.16000,7.21000,7.14000,7.17000,413800
1563802200,7.18000,7.50000,7.18000,7.45000,1471600
1563888600,7.30000,7.38000,7.21000,7.28000,459200
1563975000,7.02000,7.06000,6.98000,6.99000,601800
1564061400,6.84000,6.86000,6.65000,6.66000,498800
1564147800,6.71000,6.73000,6.59000,6.60000,459300
1564407000,6.64000,6.68000,6.59000,6.62000,174100
1564493400,6.56000,6.56000,6.22000,6.22000,953000
1564579800,6.19000,6.19000,5.96000,6.03000,756600
1564666200,6.02000,6.05000,5.86000,5.90000,460000
1564752600,5.61000,5.67000,5.49000,5.57000,1112400
1565011800,5.31000,5.32000,5.17000,5.23000,741800
1565098200,5.28000,5.35000,5.21000,5.27000,523400
1565184600,5.18000,5.28000,5.10000,5.25000,554300
1565271000,5.38000,5.42000,5.34000,5.36000,446100
1565357400,5.25000,5.25000,5.13000,5.19000,302400
1565616600,5.14000,5.15000,5.08000,5.12000,247100
1565703000,5.08000,5.33000,5.08000,5.30000,514200
1565789400,5.25000,5.25000,5.15000,5.21000,523400
1565875800,5.20000,5.31000,5.16000,5.25000,568300
1565962200,5.24000,5.35000,5.24000,5.32000,403000
1566221400,5.39000,5.42000,5.16000,5.36000,245600
1566307800,5.44000,5.49000,5.40000,5.40000,453500
1566394200,5.46000,5.47000,5.43000,5.44000,227200
1566480600,5.39000,5.40000,5.29000,5.30000,282400
1566567000,5.24000,5.27000,5.14000,5.18000,205200
1566826200,5.18000,5.20000,5.15000,5.19000,132900
1566912600,5.21000,5.24000,5.16000,5.17000,280900
1566999000,5.19000,5.29000,5.18000,5.27000,208400
1567085400,5.38000,5.53000,5.38000,5.49000,227700
1567171800,5.81000,5.83000,5.73000,5.78000,401400
1567517400,5.80000,5.87000,5.78000,5.83000,217300
1567603800,5.89000,6.02000,5.87000,5.99000,476300
1567690200,5.96000,5.96000,5.86000,5.87000,502600
1567776600,6.00000,6.03000,5.97000,5.97000,257100
1568035800,6.01000,6.03000,5.98000,6.01000,308000
1568122200,6.02000,6.07000,5.99000,6.05000,591000
1568208600,6.14000,6.51000,6.14000,6.45000,579600
1568295000,6.45000,6.52000,6.42000,6.48000,369500
1568381400,6.41000,6.53000,6.41000,6.43000,372200
1568640600,6.38000,6.50000,6.31000,6.41000,353100
1568727000,6.21000,6.21000,6.06000,6.12000,474300
1568813400,6.02000,6.06000,5.98000,6.04000,220100
1568899800,6.15000,6.19000,6.13000,6.13000,165200
1568986200,6.16000,6.18000,6.07000,6.11000,568100
1569245400,5.92000,6.02000,5.92000,6.00000,166600
1569331800,6.03000,6.03000,5.88000,5.93000,227700
1569418200,5.88000,5.99000,5.85000,5.97000,322700
1569504600,5.89000,5.89000,5.79000,5.80000,215300
1569591000,5.75000,5.79000,5.67000,5.69000,265400
1569850200,5.86000,5.96000,5.86000,5.95000,266900
1569936600,5.89000,5.91000,5.73000,5.77000,352200
1570023000,5.61000,5.63000,5.55000,5.59000,213600
1570109400,5.52000,5.70000,5.52000,5.68000,412000
1570195800,5.70000,5.77000,5.66000,5.73000,172100
1570455000,5.66000,5.70000,5.63000,5.64000,163100
1570541400,5.63000,5.67000,5.60000,5.61000,141900
1570627800,5.60000,5.70000,5.60000,5.69000,109100
1570714200,5.94000,6.06000,5.88000,6.02000,425800
1570800600,6.04000,6.14000,6.04000,6.08000,159000
1571059800,5.97000,6.11000,5.97000,6.09000,220700
1571146200,6.03000,6.24000,6.01000,6.18000,457100
1571232600,6.10000,6.10000,6.05000,6.07000,205800
1571319000,6.08000,6.11000,6.01000,6.06000,141900
1571405400,5.98000,6.00000,5.93000,5.94000,118400
1571664600,6.19000,6.26000,6.14000,6.24000,317100
1571751000,6.18000,6.25000,6.18000,6.21000,111500
1571837400,6.07000,6.20000,5.78000,5.81000,319300
1571923800,5.89000,5.91000,5.82000,5.87000,267300
1572010200,5.81000,5.92000,5.81000,5.92000,129200
1572269400,5.91000,5.99000,5.91000,5.98000,159000
1572355800,5.90000,5.91000,5.85000,5.85000,120300
1572442200,5.81000,5.85000,5.77000,5.85000,120200
1572528600,5.88000,5.93000,5.82000,5.86000,224800
1572615000,5.80000,5.87000,5.79000,5.83000,250000
1572877800,5.98000,6.07000,5.96000,6.02000,324200
1572964200,6.17000,6.41000,6.15000,6.37000,471300
1573050600,6.34000,6.38000,6.32000,6.33000,171300
1573137000,6.22000,6.27000,6.16000,6.17000,234500
1573223400,6.24000,6.30000,6.24000,6.27000,191000
1573482600,6.16000,6.18000,6.12000,6.14000,189100
1573569000,6.27000,6.28000,6.19000,6.21000,181600
1573655400,6.13000,6.17000,6.05000,6.07000,420600
1573741800,6.12000,6.19000,6.10000,6.14000,284300
1573828200,6.24000,6.28000,6.21000,6.23000,203100
1574087400,6.21000,6.23000,6.13000,6.14000,382500
1574173800,6.16000,6.20000,6.12000,6.16000,205800
1574260200,6.03000,6.04000,5.92000,5.96000,279100
1574346600,5.84000,5.85000,5.76000,5.79000,314600
1574433000,5.75000,5.75000,5.65000,5.65000,334600
1574692200,5.76000,5.82000,5.74000,5.82000,237500
1574778600,5.92000,6.01000,5.92000,5.93000,436000
1574865000,5.93000,5.93000,5.85000,5.90000,177400
1575037800,6.14000,6.25000,6.13000,6.23000,300400
1575297000,6.28000,6.30000,6.24000,6.29000,356800
1575383400,6.25000,6.25000,6.11000,6.17000,713700
1575469800,6.15000,6.15000,6.05000,6.08000,291100
1575556200,6.16000,6.20000,6.10000,6.11000,266500
1575642600,6.17000,6.24000,6.17000,6.23000,356000
1575901800,6.71000,6.92000,6.69000,6.88000,1238900
1575988200,6.86000,6.86000,6.75000,6.81000,433000
1576074600,6.66000,6.68000,6.62000,6.64000,348400
1576161000,6.75000,6.98000,6.73000,6.96000,619900
1576247400,6.82000,6.82000,6.72000,6.75000,300500
1576506600,6.99000,7.06000,6.94000,6.96000,482800
1576593000,7.02000,7.03000,6.95000,7.00000,301900
1576679400,6.95000,6.95000,6.89000,6.90000,234800
1576765800,6.87000,6.99000,6.86000,6.94000,378800
1576852200,7.05000,7.05000,6.94000,6.95000,238100
1577111400,6.91000,6.91000,6.81000,6.85000,312900
1577197800,6.76000,6.77000,6.65000,6.68000,274400
1577370600,6.77000,6.86000,6.77000,6.79000,196200
1577457000,6.98000,7.07000,6.98000,7.02000,313400
1577716200,6.95000,6.97000,6.90000,6.92000,191400
1577802600,6.94000,6.98000,6.91000,6.94000,177100
1577975400,7.03000,7.14000,7.02000,7.14000,187000
1578061800,6.99000,7.00000,6.92000,6.93000,113900
1578321000,6.81000,6.89000,6.81000,6.88000,115800
1578407400,6.97000,7.00000,6.93000,6.98000,124700
1578493800,6.77000,6.91000,6.75000,6.87000,339800
1578580200,6.86000,6.87000,6.77000,6.80000,264400
1578666600,6.85000,6.88000,6.79000,6.79000,236300
1578925800,6.68000,6.75000,6.64000,6.75000,336200
1579012200,6.82000,6.83000,6.74000,6.81000,186400
1579098600,6.77000,6.78000,6.70000,6.70000,177500
1579185000,6.69000,6.75000,6.68000,6.72000,154800
1579271400,6.81000,6.84000,6.78000,6.83000,166300
1579617000,6.63000,6.63000,6.54000,6.57000,212100
1579703400,6.55000,6.58000,6.49000,6.58000,242800
1579789800,6.43000,6.46000,6.39000,6.45000,169900
1579876200,6.46000,6.48000,6.41000,6.43000,240100
1580135400,6.19000,6.30000,6.14000,6.26000,696900
1580221800,6.26000,6.27000,6.21000,6.25000,445400
1580308200,6.33000,6.43000,6.28000,6.41000,787900
1580394600,6.24000,6.25000,6.14000,6.22000,419700
1580481000,6.42000,6.45000,6.14000,6.26000,489300
1580740200,6.32000,6.38000,6.30000,6.38000,248100
1580826600,6.82000,6.88000,6.72000,6.87000,597000
1580913000,6.85000,6.94000,6.81000,6.84000,295100
1580999400,6.99000,7.10000,6.97000,7.09000,461700
1581085800,6.87000,6.87000,6.79000,6.79000,251800
1581345000,6.81000,6.88000,6.79000,6.87000,127600
1581431400,6.94000,6.99000,6.90000,6.90000,254400
1581517800,6.98000,7.06000,6.98000,7.04000,293200
1581604200,6.80000,6.83000,6.77000,6.77000,277800
1581690600,6.73000,6.73000,6.66000,6.67000,185400
1582036200,6.61000,6.61000,6.55000,6.60000,237200
1582122600,6.65000,6.68000,6.63000,6.64000,138700
1582209000,6.44000,6.44000,6.28000,6.33000,535300
1582295400,6.26000,6.28000,6.21000,6.24000,301700
1582554600,6.01000,6.05000,5.95000,6.00000,361300
1582641000,6.10000,6.10000,5.91000,5.96000,588000
1582727400,6.00000,6.06000,5.95000,5.99000,364800
1582813800,5.85000,5.94000,5.75000,5.75000,379300
1582900200,5.60000,5.80000,5.58000,5.80000,568700
1583159400,5.71000,5.85000,5.65000,5.84000,552600
1583245800,5.87000,6.04000,5.84000,5.93000,861400
1583332200,5.99000,6.11000,5.96000,6.10000,363400
1583418600,5.96000,6.05000,5.91000,5.96000,400700
1583505000,5.85000,5.98000,5.84000,5.97000,341200
1583760600,5.35000,5.45000,5.19000,5.33000,461900
1583847000,5.56000,5.75000,5.52000,5.67000,377400
1583933400,5.48000,5.53000,5.35000,5.42000,372800
1584019800,4.83000,5.02000,4.72000,4.76000,605800
1584106200,4.94000,5.01000,4.79000,5.00000,485600
1584365400,4.21000,4.54000,4.21000,4.54000,734500
1584451800,4.56000,4.57000,4.45000,4.54000,441200
1584538200,4.08000,4.19000,3.85000,3.94000,698400
1584624600,3.72000,4.00000,3.64000,3.98000,898300
1584711000,4.20000,4.22000,4.00000,4.01000,524700
1584970200,3.94000,3.94000,3.64000,3.78000,823400
1585056600,4.16000,4.33000,4.16000,4.32000,602900
1585143000,4.37000,4.53000,4.30000,4.40000,336300
1585229400,4.48000,4.57000,4.39000,4.46000,432800
1585315800,4.48000,4.50000,4.30000,4.40000,360100
1585575000,4.51000,4.54000,4.34000,4.46000,519600
1585661400,4.44000,4.54000,4.40000,4.44000,394900
1585747800,4.16000,4.30000,4.14000,4.19000,235100
1585834200,4.32000,4.44000,4.31000,4.39000,395400
1585920600,4.31000,4.34000,4.20000,4.24000,308800
1586179800,4.46000,4.73000,4.46000,4.70000,663700
1586266200,4.80000,4.88000,4.59000,4.59000,708400
1586352600,4.64000,4.64000,4.47000,4.53000,569000
1586439000,4.66000,4.73000,4.61000,4.63000,322300
1586784600,4.64000,4.64000,4.52000,4.58000,255500
1586871000,4.62000,4.78000,4.60000,4.65000,440500
1586957400,4.57000,4.57000,4.48000,4.52000,200500
1587043800,4.52000,4.57000,4.46000,4.50000,246400
1587130200,4.66000,4.73000,4.63000,4.68000,239900
1587389400,4.61000,4.63000,4.45000,4.45000,407200
1587475800,4.43000,4.43000,4.32000,4.39000,445200
1587562200,4.48000,4.54000,4.41000,4.54000,255300
1587648600,4.52000,4.56000,4.47000,4.49000,142000
1587735000,4.38000,4.41000,4.27000,4.30000,284400
1587994200,4.45000,4.49000,4.39000,4.41000,358300
1588080600,4.58000,4.63000,4.48000,4.48000,475500
1588167000,4.70000,4.74000,4.56000,4.70000,708500
1588253400,4.58000,4.64000,4.49000,4.50000,282900
1588339800,4.44000,4.45000,4.24000,4.27000,225700
1588599000,4.28000,4.31000,4.14000,4.21000,390900
1588685400,4.36000,4.43000,4.33000,4.36000,237800
1588771800,4.43000,4.43000,4.34000,4.38000,181000
1588858200,4.41000,4.43000,4.36000,4.41000,272400
1588944600,4.40000,4.46000,4.39000,4.44000,152500
1589203800,4.31000,4.33000,4.19000,4.31000,309900
1589290200,4.25000,4.28000,4.14000,4.14000,170100
1589376600,4.20000,4.22000,4.08000,4.15000,595000
1589463000,4.09000,4.20000,4.04000,4.20000,395500
1589549400,4.05000,4.16000,4.03000,4.06000,412300
1589808600,4.14000,4.23000,4.06000,4.11000,551200
1589895000,4.25000,4.32000,4.06000,4.22000,814700
1589981400,4.24000,4.27000,4.21000,4.24000,210700
1590067800,4.28000,4.30000,4.16000,4.18000,294700
1590154200,4.06000,4.12000,4.01000,4.08000,292400
1590499800,4.26000,4.28000,4.15000,4.18000,311300
1590586200,4.27000,4.28000,4.16000,4.27000,320100
1590672600,4.22000,4.29000,4.16000,4.17000,230500
1590759000,4.10000,4.26000,4.09000,4.24000,659500
1591018200,4.30000,4.41000,4.27000,4.39000,219200
1591104600,4.50000,4.65000,4.48000,4.60000,408600
1591191000,4.82000,5.08000,4.82000,5.01000,1001300
1591277400,4.90000,4.95000,4.85000,4.87000,280700
1591363800,5.14000,5.20000,5.10000,5.14000,479100
1591623000,5.26000,5.43000,5.24000,5.39000,344300
1591709400,5.24000,5.31000,5.17000,5.24000,263700
1591795800,5.35000,5.41000,5.29000,5.34000,472400
1591882200,5.01000,5.09000,4.87000,4.89000,440600
1591968600,5.01000,5.09000,4.89000,4.98000,1574200
1592227800,4.75000,4.79000,4.53000,4.73000,878200
1592314200,5.03000,5.06000,4.86000,4.89000,845400
1592400600,5.01000,5.05000,4.93000,4.95000,803100
1592487000,4.94000,5.07000,4.90000,4.94000,761200
1592573400,4.92000,4.93000,4.80000,4.90000,738800
1592832600,4.96000,4.99000,4.87000,4.91000,391400
1592919000,4.95000,5.06000,4.94000,5.00000,759400
1593005400,5.03000,5.05000,4.87000,4.89000,300300
1593091800,4.82000,4.88000,4.74000,4.87000,261100
1593178200,4.86000,4.93000,4.76000,4.76000,230200
1593437400,4.73000,4.79000,4.67000,4.79000,223700
1593523800,4.76000,4.90000,4.76000,4.83000,351700
1593610200,4.86000,5.00000,4.86000,5.00000,316100
1593696600,5.01000,5.06000,4.97000,4.99000,397900
1594042200,5.32000,5.46000,5.32000,5.45000,545700
1594128600,5.18000,5.19000,5.12000,5.13000,369500
1594215000,5.20000,5.28000,5.17000,5.26000,332000
1594301400,5.25000,5.25000,5.10000,5.19000,415100
1594387800,5.12000,5.24000,5.11000,5.20000,612900
1594647000,5.28000,5.29000,5.16000,5.16000,234900
1594733400,5.15000,5.30000,5.13000,5.30000,304800
1594819800,5.35000,5.41000,5.33000,5.36000,339800
1594906200,5.31000,5.36000,5.27000,5.36000,160300
1594992600,5.32000,5.34000,5.27000,5.28000,255600
1595251800,5.28000,5.38000,5.26000,5.36000,191300
1595338200,5.49000,5.56000,5.47000,5.52000,259800
1595424600,5.48000,5.50000,5.43000,5.49000,204000
1595511000,5.42000,5.55000,5.28000,5.33000,803000
1595597400,5.24000,5.24000,5.07000,5.07000,1426500
1595856600,5.17000,5.18000,5.12000,5.15000,237400
1595943000,5.21000,5.21000,5.15000,5.18000,151000
1596029400,5.30000,5.38000,5.24000,5.36000,217400
1596115800,5.33000,5.43000,5.28000,5.42000,170900
1596202200,5.36000,5.36000,5.22000,5.31000,218600
1596461400,5.28000,5.31000,5.24000,5.29000,205300
1596547800,5.30000,5.33000,5.27000,5.32000,254700
1596634200,5.36000,5.39000,5.32000,5.32000,231000
1596720600,5.32000,5.44000,5.29000,5.42000,427800
1596807000,5.30000,5.30000,5.25000,5.28000,196100
1597066200,5.57000,5.60000,5.46000,5.55000,300900
1597152600,5.60000,5.62000,5.52000,5.53000,158800
1597239000,5.55000,5.69000,5.55000,5.66000,124300
1597325400,5.59000,5.69000,5.53000,5.66000,249400
1597411800,5.73000,5.80000,5.68000,5.77000,290600
1597671000,5.80000,5.87000,5.77000,5.81000,222000
1597757400,5.63000,5.63000,5.47000,5.57000,334600
1597843800,5.54000,5.62000,5.47000,5.50000,429000
1597930200,5.37000,5.42000,5.30000,5.40000,310700
1598016600,5.57000,5.67000,5.55000,5.59000,419300
1598275800,6.34000,6.39000,6.25000,6.28000,655800
1598362200,6.30000,6.46000,6.27000,6.46000,497200
1598448600,6.48000,6.59000,6.45000,6.58000,388500
1598535000,6.36000,6.42000,6.24000,6.31000,485800
1598621400,6.27000,6.37000,6.24000,6.35000,282500
1598880600,6.20000,6.21000,6.09000,6.17000,377200
1598967000,6.29000,6.34000,6.21000,6.32000,421800
1599053400,6.29000,6.43000,6.27000,6.39000,490600
1599139800,6.30000,6.37000,6.12000,6.24000,860900
1599226200,6.35000,6.35000,6.11000,6.24000,417300
1599571800,6.57000,6.86000,6.57000,6.65000,994500
1599658200,6.85000,6.85000,6.74000,6.81000,350300
1599744600,6.90000,6.97000,6.81000,6.83000,398300
1599831000,7.00000,7.10000,7.00000,7.09000,472300
1600090200,7.13000,7.17000,7.05000,7.08000,418800
1600176600,7.01000,7.02000,6.88000,6.90000,439300
1600263000,6.90000,7.01000,6.83000,6.91000,543800
1600349400,6.93000,6.96000,6.85000,6.95000,263300
1600435800,6.96000,7.01000,6.86000,6.91000,427900
1600695000,6.98000,6.98000,6.81000,6.94000,477200
1600781400,6.83000,6.90000,6.80000,6.85000,234500
1600867800,6.85000,6.88000,6.70000,6.72000,297500
1600954200,6.52000,6.57000,6.36000,6.47000,417000
1601040600,6.43000,6.46000,6.32000,6.41000,424300
1601299800,6.54000,6.64000,6.54000,6.62000,400700
1601386200,6.67000,6.68000,6.60000,6.62000,303400
1601472600,6.62000,6.70000,6.51000,6.53000,363500
1601559000,6.58000,6.63000,6.49000,6.54000,446200
1601645400,6.39000,6.54000,6.37000,6.47000,525000
1601904600,6.63000,6.76000,6.63000,6.76000,455000
1601991000,6.62000,6.66000,6.39000,6.51000,2077600
1602077400,6.54000,6.61000,6.53000,6.59000,1206900
1602163800,6.81000,6.88000,6.77000,6.78000,531900
1602250200,6.85000,6.91000,6.81000,6.89000,573900
1602509400,6.91000,6.94000,6.84000,6.92000,279300
1602595800,6.98000,7.04000,6.95000,6.96000,449100
1602682200,7.09000,7.17000,7.07000,7.13000,340400
1602768600,7.04000,7.05000,6.97000,7.04000,192300
1602855000,6.89000,6.95000,6.80000,6.81000,151200
1603114200,6.84000,6.87000,6.76000,6.79000,202300
1603200600,6.84000,6.90000,6.82000,6.85000,266800
1603287000,6.85000,6.94000,6.85000,6.90000,268200
1603373400,7.00000,7.10000,6.95000,7.01000,312200
1603459800,6.76000,6.85000,6.75000,6.80000,389500
1603719000,6.59000,6.63000,6.45000,6.52000,278700
1603805400,6.56000,6.56000,6.47000,6.47000,170800
1603891800,6.39000,6.40000,6.29000,6.31000,431800
1603978200,6.29000,6.33000,6.24000,6.30000,395000
1604064600,6.22000,6.27000,6.21000,6.27000,281300
1604327400,6.34000,6.42000,6.32000,6.40000,155600
1604413800,6.56000,6.62000,6.54000,6.60000,288400
1604500200,6.50000,6.58000,6.45000,6.50000,242100
1604586600,6.60000,6.69000,6.57000,6.64000,148100
1604673000,6.65000,6.69000,6.63000,6.68000,183300
1604932200,6.96000,7.00000,6.79000,6.81000,252200
1605018600,6.68000,6.69000,6.59000,6.61000,215300
1605105000,6.77000,6.77000,6.68000,6.74000,178500
1605191400,6.69000,6.70000,6.53000,6.54000,607800
1605277800,6.60000,6.66000,6.60000,6.63000,181000
1605537000,6.74000,6.81000,6.73000,6.76000,139800
1605623400,6.67000,6.75000,6.65000,6.72000,152400
1605709800,6.69000,6.75000,6.68000,6.69000,170900
1605796200,6.55000,6.65000,6.54000,6.61000,197800
1605882600,6.78000,6.83000,6.76000,6.80000,240500
1606141800,6.87000,6.98000,6.87000,6.95000,203400
1606228200,6.98000,7.12000,6.94000,7.09000,386100
1606314600,7.14000,7.23000,7.11000,7.21000,282100
1606487400,7.19000,7.21000,7.12000,7.19000,87200
1606746600,6.99000,7.02000,6.86000,6.87000,227500
1606833000,7.12000,7.21000,7.09000,7.15000,172600
1606919400,7.16000,7.21000,7.13000,7.15000,109800
1607005800,7.26000,7.29000,7.21000,7.21000,247300
1607092200,7.49000,7.72000,7.47000,7.72000,446300
1607351400,7.45000,7.48000,7.38000,7.46000,315000
1607437800,7.39000,7.46000,7.33000,7.35000,314300
1607524200,7.43000,7.45000,7.30000,7.32000,148300
1607610600,7.55000,7.66000,7.54000,7.61000,207900
1607697000,7.56000,7.56000,7.48000,7.56000,296600
1607956200,7.63000,7.66000,7.57000,7.60000,240800
1608042600,8.20000,8.32000,8.04000,8.32000,1109300
1608129000,8.21000,8.27000,8.15000,8.24000,238800
1608215400,8.42000,8.49000,8.39000,8.48000,384900
1608301800,8.25000,8.25000,8.13000,8.18000,287600
1608561000,7.92000,8.02000,7.90000,8.01000,393800
1608647400,7.82000,7.88000,7.78000,7.79000,240900
1608733800,8.25000,8.27000,8.16000,8.19000,283500
1608820200,8.10000,8.10000,8.02000,8.05000,98500
1609165800,8.28000,8.29000,8.11000,8.11000,267800
1609252200,8.54000,8.54000,8.39000,8.41000,320300
1609338600,8.51000,8.52000,8.44000,8.46000,214100
1609425000,8.50000,8.53000,8.43000,8.44000,230500
1609770600,8.78000,8.80000,8.60000,8.66000,256300
1609857000,8.59000,8.65000,8.56000,8.64000,168200
1609943400,8.86000,9.03000,8.84000,8.96000,522200
1610029800,9.08000,9.17000,9.05000,9.16000,305200
1610116200,9.15000,9.27000,9.14000,9.21000,530800
1610375400,8.93000,8.97000,8.87000,8.93000,410300
1610461800,9.10000,9.17000,9.06000,9.17000,260000
1610548200,9.27000,9.30000,9.21000,9.24000,287000
1610634600,9.75000,9.76000,9.60000,9.68000,702400
1610721000,9.55000,9.65000,9.47000,9.50000,476400
1611066600,9.57000,9.69000,9.57000,9.67000,531100
1611153000,9.72000,9.84000,9.70000,9.82000,398400
1611239400,10.50000,10.74000,10.45000,10.60000,992400
1611325800,10.57000,10.66000,10.50000,10.51000,854900
1611585000,10.65000,10.65000,10.35000,10.40000,1072000
1611671400,10.86000,10.86000,10.34000,10.44000,1025600
1611757800,10.23000,10.25000,9.47000,9.80000,1186600
1611844200,10.12000,10.32000,9.80000,10.15000,1280900
1611930600,9.76000,9.89000,9.44000,9.66000,1794800
1612189800,10.08000,10.14000,9.87000,10.10000,961900
1612276200,10.21000,10.25000,10.08000,10.17000,691600
1612362600,10.13000,10.31000,10.08000,10.20000,732800
1612449000,10.34000,10.34000,10.08000,10.33000,1564200
1612535400,10.33000,10.33000,10.12000,10.16000,869600
1612794600,10.20000,10.29000,10.12000,10.29000,491700
1612881000,10.36000,10.44000,10.27000,10.36000,1780100
1612967400,10.52000,10.71000,10.36000,10.62000,822300
1613053800,10.67000,10.79000,10.56000,10.73000,469400
1613140200,10.72000,10.89000,10.65000,10.84000,470100
1613485800,11.08000,11.20000,11.08000,11.17000,1800700
1613572200,11.05000,11.22000,11.05000,11.16000,699100
1613658600,10.87000,10.91000,10.68000,10.78000,637400
1613745000,11.15000,11.24000,11.09000,11.19000,728400
1614004200,11.14000,11.18000,10.91000,10.94000,530700
1614090600,10.85000,11.08000,10.58000,11.08000,645800
1614177000,10.63000,10.68000,10.46000,10.65000,748700
1614263400,10.66000,10.66000,10.14000,10.19000,933300
1614349800,10.12000,10.12000,9.91000,9.99000,958900
1614609000,10.24000,10.30000,10.08000,10.27000,484800
1614695400,10.24000,10.24000,10.12000,10.20000,456000
1614781800,10.13000,10.25000,9.92000,9.95000,491700
1614868200,10.05000,10.18000,9.69000,9.75000,880000
1614954600,9.96000,10.07000,9.68000,10.05000,641400
1615213800,9.78000,9.82000,9.51000,9.53000,636900
1615300200,9.82000,9.84000,9.53000,9.79000,745700
1615386600,9.61000,9.68000,9.49000,9.63000,1276600
1615473000,9.89000,9.95000,9.70000,9.80000,631400
1615559400,9.89000,9.94000,9.81000,9.90000,461900
1615815000,9.81000,9.88000,9.64000,9.87000,511200
1615901400,9.97000,9.98000,9.70000,9.77000,833900
1615987800,9.73000,9.85000,9.62000,9.84000,389800
1616074200,9.67000,9.72000,9.45000,9.46000,553600
1616160600,9.49000,9.60000,9.36000,9.55000,367200
1616419800,9.85000,9.98000,9.77000,9.86000,580500
1616506200,9.82000,9.87000,9.56000,9.57000,740600
1616592600,9.70000,9.75000,9.53000,9.53000,481600
1616679000,9.47000,9.65000,9.44000,9.63000,494100
1616765400,9.61000,9.82000,9.61000,9.82000,303700
1617024600,9.66000,9.74000,9.55000,9.65000,221900
1617111000,9.73000,9.86000,9.69000,9.83000,497900
1617197400,10.02000,10.12000,9.99000,9.99000,712700
1617283800,9.97000,10.04000,9.91000,10.02000,364700
1617629400,10.78000,10.92000,10.70000,10.74000,758300
1617715800,11.32000,11.37000,11.07000,11.08000,1511700
1617802200,11.21000,11.39000,11.19000,11.24000,1430100
1617888600,11.03000,11.12000,10.91000,11.07000,686700
1617975000,11.21000,11.30000,11.16000,11.23000,610400
1618234200,10.96000,10.98000,10.81000,10.89000,398000
1618320600,10.93000,10.96000,10.81000,10.82000,367500
1618407000,10.96000,11.02000,10.86000,10.90000,497300
1618493400,11.15000,11.18000,11.03000,11.13000,442600
1618579800,11.05000,11.07000,10.80000,10.95000,417200
1618839000,10.95000,11.00000,10.85000,10.92000,426400
1618925400,10.95000,11.05000,10.77000,10.90000,527200
1619011800,10.98000,11.18000,10.94000,11.14000,401200
1619098200,11.60000,11.76000,11.51000,11.64000,717800
1619184600,11.95000,12.16000,11.86000,12.12000,1207000
1619443800,12.00000,12.15000,11.98000,12.03000,561800
1619530200,12.14000,12.31000,12.11000,12.19000,575300
1619616600,11.95000,12.28000,11.87000,11.88000,587200
1619703000,11.56000,11.67000,11.23000,11.48000,1128500
1619789400,11.13000,11.15000,10.77000,10.78000,772000
1620048600,10.80000,10.80000,10.65000,10.65000,493300
1620135000,10.57000,10.58000,10.40000,10.51000,479400
1620221400,10.62000,10.62000,10.47000,10.57000,444200
1620307800,10.65000,10.74000,10.58000,10.73000,397500
1620394200,10.89000,11.06000,10.89000,11.06000,656100
1620653400,11.00000,11.09000,10.77000,10.77000,590300
1620739800,10.37000,10.37000,10.18000,10.31000,774100
1620826200,10.20000,10.20000,9.72000,9.78000,1189000
1620912600,9.68000,9.73000,9.58000,9.66000,580900
1620999000,9.74000,9.85000,9.71000,9.84000,342300
1621258200,9.80000,9.86000,9.65000,9.68000,728300
1621344600,10.08000,10.20000,10.06000,10.06000,592000
1621431000,9.93000,10.10000,9.86000,10.05000,558200
1621517400,9.90000,9.96000,9.83000,9.94000,451200
1621603800,10.04000,10.10000,9.96000,9.96000,434400
1621863000,10.06000,10.19000,10.05000,10.13000,267800
1621949400,10.14000,10.14000,9.94000,9.99000,489000
1622035800,10.10000,10.18000,10.08000,10.16000,265500
1622122200,10.18000,10.25000,10.16000,10.23000,350800
1622208600,10.43000,11.16000,10.39000,10.66000,2810500
1622554200,11.24000,11.26000,11.13000,11.15000,789900
1622640600,10.95000,10.98000,10.86000,10.98000,631400
1622727000,10.78000,10.78000,10.67000,10.75000,438100
1622813400,10.68000,10.78000,10.66000,10.77000,455700
1623072600,10.79000,10.79000,10.68000,10.75000,378800
1623159000,10.68000,10.68000,10.51000,10.61000,584400
1623245400,10.47000,10.47000,10.23000,10.24000,926800
1623331800,10.24000,10.31000,10.21000,10.27000,369000
1623418200,10.28000,10.29000,10.19000,10.24000,377700
1623677400,10.31000,10.42000,10.15000,10.27000,1072800
1623763800,10.19000,10.20000,10.03000,10.10000,604600
1623850200,10.12000,10.16000,9.80000,9.92000,614800
1623936600,10.36000,10.49000,10.30000,10.38000,962100
1624023000,10.59000,10.59000,10.44000,10.55000,742700
1624282200,10.67000,10.87000,10.67000,10.83000,762400
1624368600,10.73000,10.76000,10.61000,10.75000,572700
1624455000,10.48000,10.50000,10.40000,10.40000,674500
1624541400,10.52000,10.63000,10.50000,10.62000,288800
1624627800,10.69000,10.77000,10.62000,10.64000,394900
1624887000,10.70000,10.73000,10.63000,10.72000,282700
1624973400,10.59000,10.60000,10.51000,10.59000,449700
1625059800,10.74000,10.74000,10.68000,10.69000,445200
1625146200,10.70000,10.72000,10.65000,10.68000,324900
1625232600,10.87000,10.96000,10.83000,10.92000,520100
1625578200,10.67000,10.67000,10.44000,10.55000,402700
1625664600,10.43000,10.45000,10.27000,10.31000,331700
1625751000,10.05000,10.08000,9.97000,10.02000,554900
1625837400,10.04000,10.18000,10.04000,10.17000,370000
1626096600,10.20000,10.25000,10.11000,10.25000,228200
1626183000,10.22000,10.28000,10.18000,10.18000,477000
1626269400,10.19000,10.20000,10.04000,10.05000,846100
1626355800,10.21000,10.26000,10.12000,10.17000,377300
1626442200,10.21000,10.21000,9.98000,10.00000,400500
1626701400,9.80000,9.86000,9.68000,9.84000,734900
1626787800,9.94000,10.02000,9.88000,9.98000,361600
1626874200,9.71000,9.89000,9.71000,9.88000,565300
1626960600,9.85000,9.86000,9.75000,9.77000,438400
1627047000,9.85000,9.85000,9.73000,9.76000,344700
1627306200,9.60000,9.71000,9.56000,9.70000,360400
1627392600,9.63000,9.64000,9.42000,9.52000,538300
1627479000,10.01000,10.01000,9.62000,9.66000,666100
1627565400,9.73000,9.82000,9.69000,9.80000,505800
1627651800,9.55000,9.62000,9.51000,9.53000,424900
1627911000,9.51000,9.57000,9.45000,9.52000,660000
1627997400,9.66000,9.69000,9.61000,9.67000,327400
1628083800,9.89000,9.99000,9.85000,9.85000,345300
1628170200,9.89000,9.89000,9.80000,9.83000,226100
1628256600,9.67000,9.69000,9.59000,9.69000,379700
1628515800,9.59000,9.63000,9.52000,9.63000,348800
1628602200,9.65000,9.65000,9.55000,9.59000,299000
1628688600,9.56000,9.56000,9.47000,9.55000,223400
1628775000,9.31000,9.33000,9.10000,9.20000,773600
1628861400,8.95000,8.95000,8.85000,8.88000,551700
1629120600,8.69000,8.82000,8.69000,8.82000,671800
1629207000,8.81000,8.82000,8.60000,8.65000,564000
1629293400,9.06000,9.07000,8.92000,8.92000,719000
1629379800,8.57000,8.61000,8.49000,8.59000,600300
1629466200,8.34000,8.43000,8.30000,8.42000,457200
1629725400,8.42000,8.48000,8.38000,8.45000,714000
1629811800,8.57000,8.77000,8.57000,8.70000,1134700
1629898200,8.70000,9.11000,8.68000,9.11000,7180600
1629984600,8.81000,9.02000,8.75000,8.80000,2371800
1630071000,8.85000,8.96000,8.82000,8.95000,751700
1630330200,8.85000,8.88000,8.73000,8.81000,790000
1630416600,8.90000,8.93000,8.81000,8.81000,715700
1630503000,8.89000,9.01000,8.88000,8.94000,552800
1630589400,8.83000,8.85000,8.74000,8.83000,655300
1630675800,9.08000,9.15000,8.96000,8.98000,743600
1631021400,8.88000,8.93000,8.79000,8.87000,640200
1631107800,8.74000,8.74000,8.63000,8.70000,994700
1631194200,8.68000,8.75000,8.66000,8.72000,452200
1631280600,8.70000,8.75000,8.59000,8.63000,714000
1631539800,8.67000,8.78000,8.62000,8.74000,724900
1631626200,8.76000,8.81000,8.65000,8.66000,774400
1631712600,8.64000,8.68000,8.56000,8.65000,727600
1631799000,8.50000,8.50000,8.35000,8.46000,1089700
1631885400,8.46000,8.46000,8.16000,8.25000,5618000
1632144600,8.14000,8.53000,8.06000,8.49000,2801300
1632231000,8.45000,8.55000,8.21000,8.29000,1006100
1632317400,8.30000,8.55000,8.30000,8.51000,948300
1632403800,8.33000,8.47000,8.32000,8.35000,761200
1632490200,8.08000,8.13000,8.02000,8.05000,844000
1632749400,8.25000,8.32000,8.14000,8.22000,831700
1632835800,8.19000,8.19000,8.04000,8.07000,542000
1632922200,8.07000,8.07000,7.92000,7.95000,658700
1633008600,7.98000,8.01000,7.91000,7.95000,587000
1633095000,7.89000,7.93000,7.70000,7.79000,674800
1633354200,7.79000,7.79000,7.63000,7.63000,558100
1633440600,7.61000,7.74000,7.60000,7.66000,544800
1633527000,7.35000,7.40000,7.25000,7.40000,863500
1633613400,7.56000,7.68000,7.55000,7.62000,1209900
1633699800,7.58000,7.68000,7.57000,7.62000,1058000
1633959000,7.64000,7.64000,7.49000,7.51000,574000
1634045400,7.38000,7.41000,7.33000,7.34000,714500
1634131800,7.36000,7.43000,7.35000,7.40000,509200
1634218200,7.50000,7.58000,7.50000,7.55000,391200
1634304600,7.69000,7.80000,7.69000,7.72000,484200
1634563800,7.70000,7.74000,7.61000,7.64000,650300
1634650200,7.67000,7.81000,7.65000,7.78000,792500
1634736600,7.73000,7.74000,7.59000,7.62000,790400
1634823000,7.60000,7.64000,7.55000,7.63000,420900
1634909400,7.56000,7.60000,7.48000,7.49000,664400
1635168600,7.59000,7.70000,7.59000,7.62000,407000
1635255000,7.90000,7.99000,7.77000,7.77000,942700
1635341400,7.90000,7.90000,7.71000,7.81000,566600
1635427800,8.28000,8.47000,8.22000,8.44000,859200
1635514200,8.36000,8.37000,8.29000,8.35000,435300
1635773400,8.37000,8.44000,8.32000,8.42000,371400
1635859800,8.36000,8.44000,8.36000,8.38000,343700
1635946200,8.50000,8.57000,8.45000,8.56000,314400
1636032600,8.62000,8.65000,8.50000,8.58000,468800
1636119000,8.57000,8.61000,8.53000,8.59000,363300
1636381800,8.61000,8.66000,8.58000,8.65000,259300
1636468200,8.65000,8.69000,8.53000,8.57000,534400
1636554600,8.45000,8.50000,8.35000,8.39000,559000
1636641000,8.51000,8.61000,8.51000,8.57000,280500
1636727400,8.55000,8.63000,8.55000,8.62000,193500
1636986600,8.71000,8.81000,8.71000,8.71000,352800
1637073000,8.71000,8.72000,8.66000,8.68000,367700
1637159400,9.02000,9.06000,8.94000,9.01000,712000
1637245800,9.49000,9.50000,9.30000,9.32000,1339600
1637332200,9.33000,9.40000,9.32000,9.35000,754400
1637591400,9.45000,9.53000,9.41000,9.43000,735200
1637677800,9.22000,9.26000,9.15000,9.22000,713300
1637764200,9.28000,9.32000,9.21000,9.26000,465000
1637937000,8.71000,8.74000,8.56000,8.56000,766100
1638196200,8.60000,8.62000,8.53000,8.61000,462100
1638282600,8.34000,8.45000,8.30000,8.39000,753700
1638369000,8.57000,8.67000,8.44000,8.44000,520500
1638455400,8.32000,8.45000,8.32000,8.44000,716400
1638541800,8.66000,8.73000,8.48000,8.53000,569200
1638801000,9.12000,9.12000,9.00000,9.07000,858900
1638887400,9.44000,9.52000,9.36000,9.42000,817800
1638973800,9.19000,9.24000,9.14000,9.23000,652800
1639060200,9.13000,9.17000,9.09000,9.11000,236700
1639146600,9.33000,9.45000,9.29000,9.31000,754300
1639405800,9.43000,9.46000,9.29000,9.30000,483400
1639492200,9.23000,9.28000,9.20000,9.26000,642800
1639578600,9.56000,9.61000,9.44000,9.60000,587800
1639665000,9.60000,9.64000,9.39000,9.41000,678500
1639751400,9.33000,9.51000,9.31000,9.41000,931800
1640010600,9.26000,9.31000,9.20000,9.26000,423200
1640097000,9.32000,9.40000,9.32000,9.34000,511900
1640183400,9.54000,9.61000,9.52000,9.59000,413400
1640269800,9.60000,9.69000,9.60000,9.64000,421100
1640615400,9.75000,9.83000,9.72000,9.82000,330600
1640701800,9.68000,9.71000,9.54000,9.59000,282300
1640788200,10.00000,10.12000,9.95000,10.07000,713600
1640874600,10.20000,10.20000,10.04000,10.09000,630700
1640961000,10.08000,10.18000,10.07000,10.10000,509200
1641220200,10.13000,10.45000,10.13000,10.45000,821800
1641306600,10.66000,10.78000,10.58000,10.65000,746900
1641393000,10.26000,10.28000,10.07000,10.09000,1135200
1641479400,10.07000,10.13000,10.00000,10.01000,694700
1641565800,10.08000,10.16000,10.01000,10.16000,463500
1641825000,10.04000,10.07000,9.81000,9.97000,587600
1641911400,10.14000,10.32000,10.14000,10.32000,500100
1641997800,10.29000,10.40000,10.26000,10.40000,737600
1642084200,10.33000,10.35000,10.14000,10.16000,547100
1642170600,10.11000,10.23000,10.08000,10.23000,589100
1642516200,9.85000,9.95000,9.70000,9.88000,1311900
1642602600,9.64000,9.72000,9.61000,9.64000,837500
1642689000,9.78000,9.88000,9.62000,9.64000,729500
1642775400,9.38000,9.40000,9.18000,9.25000,1101600
1643034600,9.00000,9.16000,8.83000,9.15000,2021200
1643121000,8.93000,9.14000,8.89000,9.00000,1162800
1643207400,9.07000,9.17000,8.71000,8.80000,863700
1643293800,8.34000,8.38000,8.03000,8.07000,1755500
1643380200,8.21000,8.21000,7.94000,8.17000,1106800
1643639400,8.22000,8.31000,8.13000,8.29000,904100
1643725800,8.30000,8.32000,8.20000,8.28000,1011200
1643812200,8.31000,8.39000,8.25000,8.36000,678100
1643898600,8.00000,8.04000,7.91000,7.95000,882400
1643985000,8.01000,8.09000,7.97000,7.97000,737000
1644244200,8.09000,8.10000,8.02000,8.05000,446700
1644330600,8.00000,8.10000,7.98000,8.08000,435500
1644417000,8.27000,8.39000,8.26000,8.38000,337100
1644503400,8.19000,8.38000,8.16000,8.18000,626000
1644589800,8.15000,8.27000,8.03000,8.03000,630000
1644849000,8.02000,8.05000,7.93000,7.99000,430600
1644935400,8.09000,8.18000,8.09000,8.18000,348900
1645021800,8.11000,8.21000,8.11000,8.19000,296000
1645108200,8.11000,8.11000,7.95000,7.96000,386700
1645194600,7.94000,7.98000,7.89000,7.94000,371300
1645540200,7.93000,7.97000,7.78000,7.79000,836300
1645626600,7.95000,8.01000,7.83000,7.84000,523000
1645713000,7.59000,7.75000,7.47000,7.71000,994200
1645799400,7.80000,7.98000,7.80000,7.97000,370500
1646058600,7.67000,7.86000,7.65000,7.84000,398500
1646145000,7.82000,7.90000,7.66000,7.70000,494800
1646231400,7.73000,7.84000,7.71000,7.82000,352100
1646317800,7.78000,7.86000,7.75000,7.77000,382500
1646404200,7.55000,7.57000,7.46000,7.49000,375400
1646663400,7.39000,7.45000,7.30000,7.38000,706300
1646749800,7.44000,7.58000,7.34000,7.44000,593000
1646836200,7.59000,7.70000,7.56000,7.67000,356900
1646922600,7.67000,7.67000,7.54000,7.58000,384800
1647009000,7.62000,7.66000,7.50000,7.50000,230700
1647264600,7.50000,7.58000,7.42000,7.44000,303100
1647351000,7.76000,7.80000,7.67000,7.74000,634900
1647437400,7.79000,7.99000,7.79000,7.99000,485700
1647523800,7.90000,8.06000,7.89000,8.05000,271800
1647610200,8.15000,8.19000,8.10000,8.19000,648100
1647869400,8.15000,8.20000,8.01000,8.04000,451800
1647955800,8.14000,8.23000,8.14000,8.23000,331000
1648042200,8.23000,8.26000,8.14000,8.15000,321700
1648128600,8.17000,8.23000,8.15000,8.21000,305500
1648215000,8.36000,8.36000,8.27000,8.29000,412200
1648474200,8.29000,8.35000,8.26000,8.35000,274700
1648560600,8.45000,8.53000,8.36000,8.53000,379400
1648647000,8.28000,8.35000,8.18000,8.19000,354600
1648733400,8.45000,8.45000,8.25000,8.26000,596100
1648819800,8.19000,8.25000,8.07000,8.15000,296000
1649079000,8.15000,8.22000,8.15000,8.22000,235800
1649165400,7.89000,7.94000,7.72000,7.73000,778000
1649251800,7.59000,7.61000,7.45000,7.50000,509900
1649338200,7.34000,7.50000,7.34000,7.44000,457400
1649424600,7.54000,7.59000,7.46000,7.51000,504000
1649683800,7.45000,7.48000,7.33000,7.33000,514500
1649770200,7.47000,7.55000,7.42000,7.44000,572800
1649856600,7.63000,7.76000,7.62000,7.73000,552900
1649943000,7.79000,7.84000,7.70000,7.72000,327000
1650288600,7.45000,7.50000,7.40000,7.41000,384800
1650375000,7.55000,7.58000,7.52000,7.56000,472200
1650461400,7.61000,7.65000,7.58000,7.63000,403300
1650547800,7.50000,7.52000,7.26000,7.26000,486500
1650634200,7.39000,7.42000,7.25000,7.25000,474200
1650893400,7.21000,7.24000,7.09000,7.23000,496500
1650979800,7.15000,7.15000,6.91000,6.93000,514900
1651066200,6.81000,6.97000,6.73000,6.75000,785900
1651152600,6.61000,6.61000,6.29000,6.41000,692800
1651239000,6.55000,6.60000,6.41000,6.43000,824100
1651498200,6.48000,6.52000,6.35000,6.48000,940200
1651584600,6.71000,6.80000,6.69000,6.77000,584800
1651671000,6.78000,6.99000,6.71000,6.97000,505100
1651757400,6.85000,6.85000,6.64000,6.69000,531900
1651843800,6.61000,6.71000,6.57000,6.65000,608000
1652103000,6.52000,6.56000,6.43000,6.44000,498300
1652189400,6.61000,6.70000,6.56000,6.64000,640200
1652275800,6.55000,6.59000,6.38000,6.40000,382400
1652362200,6.40000,6.56000,6.40000,6.48000,523400
1652448600,6.64000,6.81000,6.64000,6.78000,495900
1652707800,6.62000,6.69000,6.59000,6.64000,358700
1652794200,6.72000,6.79000,6.71000,6.78000,297100
1652880600,6.74000,6.75000,6.53000,6.56000,431900
1652967000,6.51000,6.62000,6.51000,6.57000,496500
1653053400,6.74000,6.75000,6.51000,6.60000,398700
1653312600,6.81000,6.88000,6.77000,6.84000,513500
1653399000,6.72000,6.73000,6.60000,6.71000,530000
1653485400,6.65000,6.75000,6.65000,6.73000,509500
1653571800,6.74000,6.87000,6.74000,6.84000,273500
1653658200,6.86000,6.98000,6.86000,6.97000,192800
1654003800,6.95000,7.01000,6.89000,6.99000,270300
1654090200,7.05000,7.09000,6.89000,6.94000,310000
1654176600,6.95000,7.07000,6.94000,7.07000,190500
1654263000,6.90000,6.91000,6.82000,6.82000,295600
1654522200,6.92000,6.92000,6.81000,6.83000,206000
1654608600,6.73000,6.86000,6.73000,6.86000,240400
1654695000,6.85000,6.85000,6.75000,6.78000,308100
1654781400,6.77000,6.80000,6.63000,6.63000,285900
1654867800,6.58000,6.58000,6.46000,6.48000,346200
1655127000,6.29000,6.31000,6.17000,6.25000,617000
1655213400,6.25000,6.31000,6.24000,6.30000,596700
1655299800,6.34000,6.53000,6.31000,6.49000,990200
1655386200,6.27000,6.27000,6.10000,6.17000,770700
1655472600,6.22000,6.22000,6.06000,6.11000,739500
1655818200,6.03000,6.04000,5.96000,6.00000,350100
1655904600,5.87000,5.95000,5.83000,5.85000,472100
1655991000,5.83000,5.86000,5.73000,5.80000,364200
1656077400,5.86000,5.96000,5.86000,5.95000,243200
1656336600,5.99000,6.03000,5.97000,6.03000,321200
1656423000,5.99000,6.03000,5.72000,5.73000,646600
1656509400,5.73000,5.73000,5.66000,5.68000,338700
1656595800,5.58000,5.65000,5.52000,5.58000,531800
1656682200,5.45000,5.56000,5.43000,5.56000,348200
1657027800,5.60000,5.73000,5.53000,5.73000,578800
1657114200,5.88000,5.96000,5.85000,5.96000,615600
1657200600,5.96000,6.06000,5.96000,6.06000,300000
1657287000,5.92000,5.98000,5.88000,5.96000,257300
1657546200,5.82000,5.84000,5.76000,5.80000,466500
1657632600,5.66000,5.75000,5.64000,5.69000,756700
1657719000,5.68000,5.80000,5.68000,5.74000,551100
1657805400,5.64000,5.69000,5.54000,5.69000,402400
1657891800,5.78000,5.85000,5.75000,5.83000,208900
1658151000,5.93000,5.94000,5.81000,5.85000,311000
1658237400,5.90000,5.98000,5.89000,5.93000,497300
1658323800,5.90000,5.97000,5.87000,5.97000,347900
1658410200,5.99000,6.01000,5.93000,6.00000,153500
1658496600,5.89000,5.93000,5.84000,5.87000,194200
1658755800,5.88000,5.89000,5.79000,5.85000,276500
1658842200,5.74000,5.77000,5.70000,5.73000,291100
1658928600,5.69000,5.86000,5.55000,5.83000,269800
1659015000,5.93000,6.02000,5.92000,6.01000,232300
1659101400,5.93000,5.93000,5.86000,5.93000,305800
1659360600,5.83000,5.92000,5.83000,5.86000,339900
1659447000,5.83000,5.85000,5.77000,5.78000,408100
1659533400,5.89000,5.96000,5.86000,5.96000,174500
1659619800,6.06000,6.17000,6.06000,6.17000,256100
1659706200,6.04000,6.05000,5.97000,6.01000,274600
1659965400,5.93000,6.00000,5.93000,5.96000,167500
1660051800,6.09000,6.09000,6.04000,6.04000,251300
1660138200,6.11000,6.20000,6.11000,6.20000,163100
1660224600,6.43000,6.46000,6.37000,6.38000,280500
1660311000,6.37000,6.37000,6.32000,6.34000,331500
1660570200,6.31000,6.32000,6.23000,6.23000,203500
1660656600,6.29000,6.32000,6.26000,6.27000,156200
1660743000,6.20000,6.20000,6.14000,6.18000,160700
1660829400,6.16000,6.16000,6.08000,6.13000,195500
1660915800,6.29000,6.29000,6.21000,6.23000,223100
1661175000,5.82000,5.86000,5.80000,5.81000,259100
1661261400,5.66000,5.74000,5.66000,5.70000,330900
1661347800,5.74000,5.78000,5.72000,5.74000,352600
1661434200,5.79000,5.84000,5.78000,5.81000,261900
1661520600,5.76000,5.79000,5.57000,5.57000,222000
1661779800,5.42000,5.52000,5.42000,5.50000,246000
1661866200,5.72000,5.75000,5.59000,5.59000,353500
1661952600,5.76000,5.76000,5.71000,5.72000,369500
1662039000,5.74000,5.77000,5.69000,5.76000,366200
1662125400,5.75000,5.78000,5.64000,5.65000,309700
1662471000,5.83000,5.83000,5.73000,5.75000,404100
1662557400,5.56000,5.72000,5.56000,5.71000,321800
1662643800,5.51000,5.51000,5.40000,5.46000,417600
1662730200,5.50000,5.57000,5.49000,5.57000,197700
1662989400,5.62000,5.65000,5.60000,5.65000,211400
1663075800,5.62000,5.62000,5.44000,5.45000,545400
1663162200,5.37000,5.45000,5.37000,5.45000,332200
1663248600,5.36000,5.38000,5.25000,5.25000,397900
1663335000,5.12000,5.25000,5.12000,5.24000,449300
1663594200,5.15000,5.18000,5.10000,5.18000,432600
1663680600,5.12000,5.13000,5.08000,5.11000,406900
1663767000,5.01000,5.05000,4.95000,4.97000,439400
1663853400,4.92000,4.94000,4.87000,4.88000,270500
1663939800,4.62000,4.62000,4.53000,4.59000,575100
1664199000,4.29000,4.43000,4.29000,4.33000,649600
1664285400,4.33000,4.34000,4.24000,4.27000,629600
1664371800,4.20000,4.34000,4.20000,4.32000,572700
1664458200,4.22000,4.22000,4.13000,4.14000,360500
1664544600,4.17000,4.20000,4.08000,4.08000,409000
1664803800,4.13000,4.23000,4.11000,4.18000,334100
1664890200,4.40000,4.67000,4.40000,4.63000,1809000
1664976600,4.79000,4.87000,4.76000,4.86000,965900
1665063000,4.94000,4.97000,4.85000,4.86000,683800
1665149400,4.83000,4.83000,4.71000,4.72000,558400
1665408600,4.71000,4.71000,4.63000,4.63000,428100
1665495000,4.74000,4.89000,4.71000,4.83000,942600
1665581400,4.73000,4.76000,4.70000,4.74000,963600
1665667800,4.62000,4.81000,4.55000,4.75000,860900
1665754200,4.73000,4.74000,4.57000,4.59000,552100
1666013400,5.28000,5.28000,5.03000,5.03000,919900
1666099800,5.20000,5.21000,5.04000,5.08000,613000
1666186200,4.96000,4.96000,4.81000,4.90000,527900
1666272600,5.09000,5.18000,5.01000,5.01000,1073200
1666359000,5.00000,5.15000,4.98000,5.13000,494400
1666618200,4.90000,4.93000,4.85000,4.93000,455700
1666704600,4.70000,4.80000,4.67000,4.78000,1000900
1666791000,4.60000,4.79000,4.60000,4.68000,527400
1666877400,4.62000,4.62000,4.46000,4.47000,650200
1666963800,4.37000,4.45000,4.36000,4.44000,449500
1667223000,4.44000,4.44000,4.38000,4.44000,358900
1667309400,4.64000,4.65000,4.56000,4.62000,478700
1667395800,4.65000,4.72000,4.55000,4.56000,284000
1667482200,4.53000,4.53000,4.45000,4.49000,326600
1667568600,4.76000,4.84000,4.72000,4.84000,585200
1667831400,4.90000,4.91000,4.80000,4.83000,288400
1667917800,5.20000,5.32000,5.19000,5.30000,821000
1668004200,5.19000,5.19000,5.09000,5.13000,401100
1668090600,5.35000,5.44000,5.35000,5.43000,442600
1668177000,5.76000,5.86000,5.74000,5.85000,453100
1668436200,5.49000,5.56000,5.44000,5.54000,592600
1668522600,5.72000,5.74000,5.62000,5.67000,330100
1668609000,5.55000,5.56000,5.44000,5.46000,409000
1668695400,5.33000,5.39000,5.28000,5.39000,347900
1668781800,5.58000,5.59000,5.53000,5.56000,396600
1669041000,5.44000,5.45000,5.40000,5.42000,180300
1669127400,5.41000,5.47000,5.38000,5.47000,297000
1669213800,5.49000,5.57000,5.49000,5.56000,145200
1669386600,5.49000,5.52000,5.45000,5.51000,79500
1669645800,5.51000,5.56000,5.47000,5.49000,250700
1669732200,5.50000,5.50000,5.43000,5.46000,170800
1669818600,5.59000,5.67000,5.47000,5.66000,299900
1669905000,5.69000,5.74000,5.66000,5.72000,161900
1669991400,5.60000,5.64000,5.56000,5.63000,221400
1670250600,5.52000,5.54000,5.41000,5.44000,375200
1670337000,5.42000,5.43000,5.31000,5.33000,208500
1670423400,5.31000,5.34000,5.28000,5.32000,221600
1670509800,5.23000,5.29000,5.21000,5.27000,248800
1670596200,5.32000,5.38000,5.32000,5.34000,149000
1670855400,5.38000,5.41000,5.35000,5.40000,232100
1670941800,5.40000,5.51000,5.31000,5.33000,457700
1671028200,5.49000,5.55000,5.43000,5.48000,288200
1671114600,5.32000,5.34000,5.11000,5.12000,352800
1671201000,5.10000,5.12000,4.98000,5.05000,823800
1671460200,5.07000,5.12000,4.99000,5.01000,326500
1671546600,4.98000,5.04000,4.97000,4.99000,319500
1671633000,4.96000,5.00000,4.91000,5.00000,427600
1671719400,5.03000,5.03000,4.93000,4.97000,224500
1671805800,4.93000,4.97000,4.92000,4.94000,175800
1672151400,5.02000,5.04000,5.00000,5.03000,174300
1672237800,5.06000,5.14000,5.05000,5.05000,254500
1672324200,5.00000,5.00000,4.92000,4.99000,332300
1672410600,4.98000,4.98000,4.91000,4.96000,256400
1672756200,4.99000,5.02000,4.92000,4.98000,247000
1672842600,5.14000,5.18000,5.10000,5.14000,391500
1672929000,5.07000,5.12000,5.07000,5.10000,206000
1673015400,5.22000,5.37000,5.22000,5.37000,223100
1673274600,5.43000,5.49000,5.43000,5.45000,193900
1673361000,5.43000,5.45000,5.38000,5.44000,233700
1673447400,5.30000,5.34000,5.26000,5.33000,195400
1673533800,5.23000,5.30000,5.23000,5.28000,246900
1673620200,5.27000,5.35000,5.27000,5.35000,117100
1673965800,5.40000,5.45000,5.39000,5.42000,174600
1674052200,5.46000,5.48000,5.36000,5.37000,286500
1674138600,5.40000,5.42000,5.36000,5.37000,179800
1674225000,5.38000,5.44000,5.36000,5.43000,81000
1674484200,5.46000,5.50000,5.45000,5.50000,147600
1674570600,5.42000,5.49000,5.42000,5.47000,118800
1674657000,5.41000,5.47000,5.35000,5.47000,184100
1674743400,5.58000,5.63000,5.55000,5.62000,304200
1674829800,5.56000,5.80000,5.50000,5.79000,272700
1675089000,5.64000,5.68000,5.61000,5.62000,154900
1675175400,5.57000,5.60000,5.52000,5.60000,135400
1675261800,5.66000,5.78000,5.64000,5.72000,322700
1675348200,5.75000,5.79000,5.72000,5.79000,159500
1675434600,5.71000,5.77000,5.66000,5.68000,175400
1675693800,5.52000,5.52000,5.45000,5.48000,217500
1675780200,5.55000,5.65000,5.54000,5.62000,353400
1675866600,5.68000,5.73000,5.66000,5.72000,219100
1675953000,5.79000,5.81000,5.68000,5.71000,164900
1676039400,5.74000,5.75000,5.70000,5.75000,139600
1676298600,5.67000,5.71000,5.65000,5.68000,147700
1676385000,5.77000,5.83000,5.73000,5.78000,194500
1676471400,5.68000,5.73000,5.66000,5.71000,278100
1676557800,5.83000,5.93000,5.83000,5.89000,152000
1676644200,5.86000,5.95000,5.82000,5.95000,170400
1676989800,6.19000,6.30000,6.17000,6.23000,406400
1677076200,6.09000,6.09000,5.97000,6.00000,224800
1677162600,6.08000,6.11000,6.03000,6.11000,192300
1677249000,5.81000,5.85000,5.74000,5.80000,207800
1677508200,5.87000,5.87000,5.81000,5.84000,101500
1677594600,5.85000,5.89000,5.81000,5.82000,275500
1677681000,5.97000,5.99000,5.92000,5.93000,216400
1677767400,5.80000,5.85000,5.78000,5.84000,269800
1677853800,5.90000,5.95000,5.86000,5.95000,112300
1678113000,5.96000,6.00000,5.96000,5.99000,111800
1678199400,5.80000,5.90000,5.76000,5.78000,208600
1678285800,5.83000,5.86000,5.79000,5.83000,192900
1678372200,5.81000,5.84000,5.72000,5.76000,177800
1678458600,5.70000,5.70000,5.59000,5.62000,237000
1678714200,5.67000,5.76000,5.59000,5.70000,383900
1678800600,5.55000,5.55000,5.43000,5.49000,262300
1678887000,5.27000,5.33000,5.22000,5.32000,307900
1678973400,5.35000,5.52000,5.34000,5.52000,205800
1679059800,5.54000,5.62000,5.54000,5.57000,374200
1679319000,5.57000,5.64000,5.54000,5.64000,207300
1679405400,5.55000,5.57000,5.50000,5.53000,107900
1679491800,5.57000,5.70000,5.57000,5.58000,257400
1679578200,5.70000,5.84000,5.70000,5.76000,204500
1679664600,5.81000,5.93000,5.78000,5.92000,246500
1679923800,5.82000,5.82000,5.72000,5.75000,131300
1680010200,6.16000,6.32000,6.15000,6.32000,343400
1680096600,6.19000,6.25000,6.18000,6.25000,143000
1680183000,6.28000,6.34000,6.28000,6.34000,117300
1680269400,6.32000,6.38000,6.32000,6.38000,102800
1680528600,6.22000,6.27000,6.19000,6.27000,213300
1680615000,5.93000,5.97000,5.88000,5.95000,298100
1680701400,6.08000,6.13000,6.04000,6.09000,257000
1680787800,6.02000,6.13000,6.00000,6.12000,241700
1681133400,5.95000,5.99000,5.84000,5.98000,455600
1681219800,5.96000,5.96000,5.88000,5.89000,133500
1681306200,6.15000,6.19000,6.10000,6.14000,394100
1681392600,6.37000,6.57000,6.37000,6.56000,312200
1681479000,6.45000,6.45000,6.29000,6.39000,454800
1681738200,6.24000,6.24000,6.14000,6.16000,189800
1681824600,6.21000,6.27000,6.21000,6.27000,116200
1681911000,6.10000,6.10000,6.05000,6.10000,100100
1681997400,6.04000,6.11000,6.04000,6.07000,175200
1682083800,6.12000,6.18000,6.11000,6.16000,149200
1682343000,6.12000,6.13000,6.07000,6.10000,91800
1682429400,6.06000,6.06000,5.99000,6.01000,152600
1682515800,5.99000,5.99000,5.93000,5.95000,88300
1682602200,5.73000,5.77000,5.66000,5.77000,208100
1682688600,5.59000,5.64000,5.59000,5.62000,218800
1682947800,5.60000,5.65000,5.60000,5.61000,153900
1683034200,5.60000,5.64000,5.58000,5.61000,127000
1683120600,5.57000,5.66000,5.57000,5.58000,124200
1683207000,5.54000,5.58000,5.52000,5.56000,76200
1683293400,5.62000,5.67000,5.60000,5.65000,137800
1683552600,5.69000,5.79000,5.69000,5.78000,380900
1683639000,5.70000,5.76000,5.70000,5.74000,89400
1683725400,5.77000,5.80000,5.75000,5.80000,116600
1683811800,5.74000,5.74000,5.66000,5.67000,88200
1683898200,5.62000,5.62000,5.53000,5.56000,81700
1684157400,5.60000,5.69000,5.60000,5.69000,83700
1684243800,5.75000,5.75000,5.68000,5.74000,137800
1684330200,5.88000,6.03000,5.88000,6.02000,229000
1684416600,6.01000,6.04000,5.97000,6.04000,48900
1684503000,6.18000,6.23000,6.16000,6.20000,104200
1684762200,6.12000,6.15000,6.10000,6.14000,90000
1684848600,6.04000,6.05000,5.97000,6.00000,91600
1684935000,5.95000,6.01000,5.92000,6.00000,124500
1685021400,5.93000,5.95000,5.89000,5.94000,131800
1685107800,5.89000,5.97000,5.89000,5.97000,193300
1685453400,6.12000,6.18000,6.12000,6.15000,217200
1685539800,5.94000,6.04000,5.91000,6.04000,238200
1685626200,6.08000,6.17000,6.07000,6.16000,215100
1685712600,6.16000,6.24000,6.16000,6.23000,195500
1685971800,6.32000,6.37000,6.29000,6.36000,244500
1686058200,6.32000,6.42000,6.32000,6.42000,279700
1686144600,6.35000,6.37000,6.33000,6.36000,178200
1686231000,6.33000,6.39000,6.31000,6.39000,79500
1686317400,6.33000,6.38000,6.31000,6.35000,93500
1686576600,6.36000,6.45000,6.36000,6.45000,116400
1686663000,6.50000,6.56000,6.50000,6.55000,98700
1686749400,6.57000,6.57000,6.51000,6.57000,101400
1686835800,6.50000,6.55000,6.49000,6.54000,95200
1686922200,6.55000,6.59000,6.54000,6.59000,143800
1687267800,6.65000,6.69000,6.62000,6.65000,123300
1687354200,6.56000,6.57000,6.53000,6.57000,88100
1687440600,6.43000,6.49000,6.43000,6.49000,67300
1687527000,6.32000,6.35000,6.30000,6.34000,85700
1687786200,6.24000,6.26000,6.22000,6.24000,164200
1687872600,6.18000,6.24000,6.17000,6.24000,99500
1687959000,6.10000,6.10000,6.05000,6.10000,98900
1688045400,6.04000,6.05000,6.01000,6.04000,77700
1688131800,6.08000,6.10000,6.05000,6.06000,66800
1688391000,6.11000,6.22000,6.11000,6.22000,86600
1688563800,6.04000,6.07000,5.96000,5.99000,194500
1688650200,5.92000,5.98000,5.83000,5.88000,93700
1688736600,5.79000,5.86000,5.77000,5.82000,96000
1688995800,5.69000,5.71000,5.65000,5.70000,167300
1689082200,5.74000,5.91000,5.72000,5.78000,113600
1689168600,5.94000,5.94000,5.86000,5.88000,102300
1689255000,5.96000,6.02000,5.96000,6.02000,82000
1689341400,6.08000,6.08000,5.97000,5.98000,87400
1689600600,6.00000,6.08000,6.00000,6.08000,93100
1689687000,6.08000,6.08000,5.96000,6.00000,119400
1689773400,5.96000,5.96000,5.87000,5.91000,73200
1689859800,5.77000,5.77000,5.64000,5.66000,160600
1689946200,5.55000,5.56000,5.49000,5.49000,136600
1690205400,5.47000,5.48000,5.42000,5.43000,118000
1690291800,5.42000,5.42000,5.37000,5.39000,108700
1690378200,5.29000,5.31000,5.18000,5.23000,200100
1690464600,5.27000,5.31000,5.20000,5.20000,146100
1690551000,5.27000,5.33000,5.26000,5.33000,101100
1690810200,5.31000,5.35000,5.30000,5.31000,102700
1690896600,5.57000,5.62000,5.54000,5.57000,194500
1690983000,5.50000,5.50000,5.41000,5.45000,218300
1691069400,5.41000,5.41000,5.34000,5.34000,200500
1691155800,5.37000,5.40000,5.33000,5.33000,88800
1691415000,5.37000,5.40000,5.36000,5.38000,108100
1691501400,5.32000,5.33000,5.27000,5.32000,132300
1691587800,5.37000,5.38000,5.32000,5.34000,120200
1691674200,5.36000,5.43000,5.33000,5.33000,95200
1691760600,5.29000,5.29000,5.20000,5.24000,163600
1692019800,5.19000,5.20000,5.11000,5.13000,117100
1692106200,5.11000,5.14000,5.06000,5.07000,223100
1692192600,5.00000,5.01000,4.90000,4.92000,248000
1692279000,5.02000,5.03000,4.93000,4.95000,466200
1692365400,4.86000,4.90000,4.84000,4.88000,78900
1692624600,4.93000,4.99000,4.93000,4.98000,157500
1692711000,4.94000,4.94000,4.82000,4.82000,203700
1692797400,4.87000,4.97000,4.87000,4.96000,125000
1692883800,5.01000,5.03000,4.91000,4.95000,276100
1692970200,4.92000,4.93000,4.88000,4.91000,58000
1693229400,4.99000,5.02000,4.98000,4.98000,133700
1693315800,5.08000,5.19000,5.08000,5.17000,193800
1693402200,5.16000,5.16000,5.10000,5.14000,125900
1693488600,5.05000,5.05000,4.99000,5.02000,131800
1693575000,5.12000,5.12000,5.05000,5.05000,72400
1693920600,5.13000,5.19000,5.13000,5.16000,126500
1694007000,4.94000,4.97000,4.91000,4.93000,213900
1694093400,4.89000,4.89000,4.82000,4.87000,132400
1694179800,4.89000,4.91000,4.82000,4.82000,134900
1694439000,4.87000,4.92000,4.87000,4.90000,119700
1694525400,4.91000,4.96000,4.91000,4.94000,231000
1694611800,4.94000,5.01000,4.94000,4.98000,125300
1694698200,5.12000,5.16000,5.11000,5.12000,141300
1694784600,5.13000,5.16000,5.10000,5.10000,97200
1695043800,5.08000,5.14000,5.07000,5.13000,84300
1695130200,5.07000,5.10000,5.04000,5.10000,229400
1695216600,5.10000,5.25000,5.04000,5.05000,153500
1695303000,4.88000,4.88000,4.84000,4.85000,98500
1695389400,5.05000,5.08000,4.90000,5.02000,431200
1695648600,5.00000,5.01000,4.95000,4.99000,159000
1695735000,4.89000,4.90000,4.83000,4.84000,229700
1695821400,4.83000,4.83000,4.74000,4.80000,215900
1695907800,4.80000,4.88000,4.79000,4.87000,239800
1695994200,4.90000,4.92000,4.86000,4.88000,90100
1696253400,4.84000,4.84000,4.75000,4.76000,205000
1696339800,4.74000,4.75000,4.66000,4.66000,233600
1696426200,4.58000,4.65000,4.57000,4.65000,228700
1696512600,4.60000,4.60000,4.55000,4.55000,143900
1696599000,4.34000,4.38000,4.25000,4.37000,261200
1696858200,4.33000,4.36000,4.28000,4.35000,167500
1696944600,4.45000,4.59000,4.45000,4.53000,258500
1697031000,4.65000,4.72000,4.65000,4.72000,221800
1697117400,4.63000,4.66000,4.54000,4.59000,149900
1697203800,4.58000,4.59000,4.54000,4.54000,114300
1697463000,4.54000,4.63000,4.52000,4.62000,132800
1697549400,4.59000,4.64000,4.56000,4.59000,194700
1697635800,4.53000,4.53000,4.45000,4.46000,109900
1697722200,4.47000,4.49000,4.40000,4.41000,119300
1697808600,4.37000,4.42000,4.35000,4.37000,141900
1698067800,4.34000,4.39000,4.29000,4.33000,123600
1698154200,4.40000,4.44000,4.37000,4.40000,296500
1698240600,4.64000,4.70000,4.40000,4.48000,301100
1698327000,4.41000,4.47000,4.39000,4.41000,237600
1698413400,4.48000,4.50000,4.41000,4.42000,116900
1698672600,4.55000,4.58000,4.52000,4.54000,161300
1698759000,4.48000,4.50000,4.23000,4.44000,586800
1698845400,4.48000,4.52000,4.45000,4.52000,116000
1698931800,4.67000,4.79000,4.67000,4.78000,237200
1699018200,4.92000,4.96000,4.91000,4.93000,107800
1699281000,5.20000,5.29000,5.12000,5.20000,253100
1699367400,5.13000,5.20000,5.05000,5.19000,176800
1699453800,5.13000,5.15000,5.07000,5.12000,103400
1699540200,5.04000,5.08000,4.96000,5.00000,114100
1699626600,5.01000,5.08000,4.97000,5.08000,83700
1699885800,5.03000,5.03000,4.96000,4.97000,135600
1699972200,5.15000,5.21000,5.11000,5.20000,137900
1700058600,5.23000,5.36000,5.23000,5.31000,127900
1700145000,5.33000,5.37000,5.30000,5.35000,67100
1700231400,5.34000,5.34000,5.26000,5.27000,94800
1700490600,5.30000,5.35000,5.30000,5.32000,191200
1700577000,5.29000,5.30000,5.24000,5.26000,97600
1700663400,5.18000,5.20000,5.13000,5.15000,104400
1700836200,4.94000,4.96000,4.87000,4.88000,171900
1701095400,4.97000,4.99000,4.86000,4.88000,422500
1701181800,4.92000,4.93000,4.87000,4.88000,202100
1701268200,4.81000,4.86000,4.78000,4.81000,150200
1701354600,4.83000,4.83000,4.78000,4.81000,130300
1701441000,4.74000,4.89000,4.74000,4.89000,103700
1701700200,4.79000,4.82000,4.74000,4.80000,189000
1701786600,4.79000,4.80000,4.76000,4.79000,115000
1701873000,4.74000,4.78000,4.72000,4.74000,116000
1701959400,4.68000,4.71000,4.67000,4.68000,452800
1702045800,4.73000,4.78000,4.72000,4.76000,248100
1702305000,4.76000,4.84000,4.76000,4.82000,129700
1702391400,4.85000,4.87000,4.80000,4.85000,98700
1702477800,4.84000,4.97000,4.80000,4.96000,110000
1702564200,5.00000,5.04000,4.98000,4.99000,287400
1702650600,4.98000,4.99000,4.85000,4.87000,252100
1702909800,4.68000,4.68000,4.35000,4.35000,542600
1702996200,4.46000,4.53000,4.38000,4.48000,303100
1703082600,4.69000,4.73000,4.64000,4.65000,373500
1703169000,4.65000,4.73000,4.63000,4.71000,188200
1703255400,4.70000,4.83000,4.70000,4.79000,229600
1703601000,4.72000,4.78000,4.72000,4.73000,102000
1703687400,4.74000,4.81000,4.71000,4.73000,138200
1703773800,4.84000,4.92000,4.84000,4.90000,160500
1703860200,5.00000,5.00000,4.80000,4.82000,132800
1704205800,4.98000,5.05000,4.98000,5.04000,273900
1704292200,5.00000,5.46000,4.84000,4.97000,1817700
1704378600,4.91000,4.93000,4.77000,4.80000,1346600
1704465000,4.93000,5.07000,4.92000,5.03000,2211600
1704724200,5.30000,5.44000,5.29000,5.42000,1760300
1704810600,5.26000,5.29000,5.22000,5.23000,1433300
1704897000,5.13000,5.13000,5.04000,5.09000,486200
1704983400,5.13000,5.16000,5.07000,5.13000,391400
1705069800,5.07000,5.12000,5.06000,5.08000,210200
1705415400,4.88000,4.93000,4.71000,4.75000,558900
1705501800,4.68000,4.82000,4.66000,4.82000,2801200
1705588200,4.93000,5.04000,4.93000,4.99000,1099300
1705674600,4.94000,4.99000,4.88000,4.94000,511700
1705933800,5.01000,5.02000,4.93000,4.95000,687200
1706020200,5.17000,5.23000,5.12000,5.17000,881700
1706106600,5.18000,5.66000,5.09000,5.14000,427200
1706193000,4.63000,4.73000,4.52000,4.53000,494100
1706279400,4.60000,4.60000,4.50000,4.58000,599100
1706538600,4.58000,4.59000,4.50000,4.56000,545200
1706625000,4.49000,4.50000,4.40000,4.42000,231300
1706711400,4.42000,4.42000,4.27000,4.31000,430700
1706797800,4.48000,4.49000,4.37000,4.49000,273700
1706884200,4.49000,4.49000,4.42000,4.44000,226900
1707143400,4.40000,4.41000,4.35000,4.40000,251100
1707229800,4.42000,4.42000,4.37000,4.40000,163300
1707316200,4.38000,4.46000,4.35000,4.46000,174400
1707402600,4.47000,4.47000,4.34000,4.37000,284100
1707489000,4.37000,4.45000,4.36000,4.43000,220000
1707748200,4.45000,4.51000,4.44000,4.46000,157600
1707834600,4.39000,4.40000,4.34000,4.36000,114400
1707921000,4.45000,4.52000,4.42000,4.52000,220100
1708007400,4.52000,4.53000,4.46000,4.50000,123300
1708093800,4.49000,4.51000,4.46000,4.49000,109800
1708439400,4.48000,4.50000,4.44000,4.46000,325700
1708525800,4.47000,4.54000,4.39000,4.43000,464900
1708612200,4.42000,4.46000,4.41000,4.43000,143700
1708698600,4.37000,4.39000,4.34000,4.38000,398100
1708957800,4.38000,4.39000,4.31000,4.33000,337000
1709044200,4.30000,4.30000,4.11000,4.11000,343700
1709130600,4.18000,4.22000,4.14000,4.19000,339700
1709217000,4.28000,4.30000,4.12000,4.18000,649600
1709303400,4.15000,4.22000,4.15000,4.20000,160100
1709562600,4.15000,4.15000,4.05000,4.07000,201400
1709649000,4.01000,4.01000,3.87000,3.93000,480300
1709735400,4.00000,4.03000,3.95000,4.01000,317500
1709821800,4.02000,4.05000,3.99000,4.01000,158300
1709908200,4.09000,4.10000,4.01000,4.01000,104800
1710163800,4.13000,4.13000,4.04000,4.08000,194700
1710250200,4.12000,4.16000,4.08000,4.14000,188200
1710336600,4.15000,4.15000,4.08000,4.12000,292300
1710423000,4.22000,4.27000,4.17000,4.27000,254100
1710509400,4.22000,4.25000,4.17000,4.24000,451400
1710768600,4.22000,4.25000,4.15000,4.15000,292700
1710855000,4.11000,4.14000,4.10000,4.12000,145200
1710941400,4.16000,4.17000,4.09000,4.17000,184600
1711027800,4.19000,4.22000,4.14000,4.21000,180700
1711114200,4.10000,4.14000,4.06000,4.12000,265700
1711373400,4.10000,4.11000,4.07000,4.10000,94900
1711459800,4.12000,4.15000,4.06000,4.15000,181600
1711546200,4.12000,4.12000,4.00000,4.08000,428700
1711632600,4.00000,4.13000,4.00000,4.10000,200000
1711978200,4.20000,4.21000,4.11000,4.20000,191400
1712064600,4.12000,4.21000,4.09000,4.11000,341400
1712151000,4.04000,4.07000,3.90000,3.93000,342900
1712237400,4.00000,4.12000,3.97000,4.09000,335700
1712323800,4.03000,4.06000,3.99000,4.01000,468800
1712583000,4.02000,4.09000,4.00000,4.09000,167300
1712669400,4.06000,4.12000,4.04000,4.07000,335200
1712755800,4.01000,4.04000,3.92000,3.99000,271400
1712842200,3.97000,3.98000,3.92000,3.96000,133700
1712928600,3.90000,3.90000,3.71000,3.75000,429600
1713187800,3.75000,3.79000,3.73000,3.78000,202200
1713274200,3.70000,3.85000,3.67000,3.79000,297400
1713360600,3.85000,3.85000,3.76000,3.81000,254300
1713447000,3.86000,3.93000,3.83000,3.85000,157500
1713533400,3.77000,3.87000,3.77000,3.86000,84600
1713792600,3.85000,3.98000,3.85000,3.94000,103900
1713879000,3.87000,4.02000,3.86000,4.01000,219100
1713965400,4.05000,4.06000,3.95000,4.05000,107900
1714051800,4.02000,4.02000,3.90000,3.96000,164100
1714138200,4.04000,4.04000,3.89000,3.95000,86700
1714397400,4.01000,4.08000,3.95000,4.06000,250400
1714483800,3.97000,4.05000,3.97000,4.04000,98300
1714570200,4.02000,4.15000,3.99000,4.15000,127700
1714656600,4.04000,4.22000,4.04000,4.20000,111900
1714743000,4.20000,4.31000,4.17000,4.26000,410000
1715002200,4.32000,4.38000,4.15000,4.25000,172000
1715088600,4.10000,4.17000,3.99000,3.99000,6325600
1715175000,3.99000,4.03000,3.96000,4.00000,187300
1715261400,3.99000,3.99000,3.94000,3.94000,192500
1715347800,4.01000,4.01000,3.91000,3.95000,172100
1715607000,3.90000,3.97000,3.88000,3.92000,246400
1715693400,3.95000,3.99000,3.92000,3.98000,199400
1715779800,4.03000,4.05000,3.99000,4.01000,112700
1715866200,4.00000,4.08000,3.98000,4.06000,196800
1715952600,4.01000,4.02000,3.87000,3.91000,228800
1716211800,3.90000,3.92000,3.82000,3.82000,236500
1716298200,3.85000,3.86000,3.70000,3.71000,407100
1716384600,3.70000,3.77000,3.65000,3.65000,286800
1716471000,3.76000,3.76000,3.58000,3.58000,221300
1716557400,3.57000,3.68000,3.57000,3.63000,188600
1716903000,3.76000,3.78000,3.63000,3.68000,585500
1716989400,3.62000,3.68000,3.45000,3.52000,539200
1717075800,3.65000,3.66000,3.58000,3.63000,567400
1717162200,3.63000,3.63000,3.48000,3.51000,492000
1717421400,3.64000,3.70000,3.63000,3.69000,278500
1717507800,3.65000,3.67000,3.51000,3.53000,500800
1717594200,3.56000,3.64000,3.53000,3.60000,234100
1717680600,3.63000,3.71000,3.61000,3.67000,229900
1717767000,3.64000,3.68000,3.53000,3.54000,127400
1718026200,3.54000,3.60000,3.54000,3.56000,141700
1718112600,3.58000,3.58000,3.51000,3.55000,410700
1718199000,3.67000,3.75000,3.64000,3.68000,374900
1718285400,3.63000,3.63000,3.47000,3.48000,414500
1718371800,3.50000,3.54000,3.46000,3.47000,140200
1718631000,3.65000,3.67000,3.54000,3.63000,447000
1718717400,3.60000,3.62000,3.49000,3.51000,406600
1718890200,3.80000,3.87000,3.77000,3.81000,572600
1718976600,3.86000,3.90000,3.80000,3.81000,403700
1719235800,4.00000,4.09000,4.00000,4.08000,332100
1719322200,4.06000,4.10000,4.01000,4.06000,309400
1719408600,4.03000,4.10000,3.99000,4.04000,404500
1719495000,3.95000,4.04000,3.91000,4.02000,301100
1719581400,4.10000,4.16000,4.10000,4.12000,213200
1719840600,4.15000,4.26000,4.11000,4.25000,274000
1719927000,4.22000,4.34000,4.21000,4.33000,301800
1720013400,4.39000,4.49000,4.39000,4.42000,114500
1720186200,4.50000,4.65000,4.44000,4.64000,318600
1720445400,4.64000,4.64000,4.47000,4.51000,335600
1720531800,4.59000,4.67000,4.54000,4.64000,284200
1720618200,4.65000,4.78000,4.57000,4.71000,513800
1720704600,4.73000,4.75000,4.65000,4.70000,269100
1720791000,4.74000,4.86000,4.74000,4.81000,367300
1721050200,4.80000,4.80000,4.71000,4.74000,143900
1721136600,4.74000,4.80000,4.68000,4.80000,191800
1721223000,4.62000,4.63000,4.54000,4.55000,278800
1721309400,4.59000,4.61000,4.48000,4.48000,204100
1721395800,4.46000,4.49000,4.42000,4.45000,140500
1721655000,4.45000,4.49000,4.41000,4.49000,125500
1721741400,4.48000,4.57000,4.46000,4.56000,207500
1721827800,4.48000,4.54000,4.44000,4.46000,154900
1721914200,4.43000,4.43000,4.21000,4.36000,346400
1722000600,4.28000,4.29000,4.12000,4.12000,167400
1722259800,4.12000,4.14000,4.03000,4.03000,170200
1722346200,4.06000,4.10000,4.01000,4.02000,186200
1722432600,4.08000,4.12000,4.07000,4.07000,154200
1722519000,4.16000,4.22000,4.05000,4.13000,210600
1722605400,4.06000,4.06000,3.94000,3.95000,171100
1722864600,3.63000,3.72000,3.59000,3.66000,320900
1722951000,3.69000,3.75000,3.67000,3.72000,307400
1723037400,3.87000,3.94000,3.79000,3.81000,347300
1723123800,3.80000,3.89000,3.77000,3.87000,323300
1723210200,3.86000,3.86000,3.78000,3.85000,188900
1723469400,3.84000,3.89000,3.83000,3.83000,120200
1723555800,3.89000,3.97000,3.89000,3.95000,230400
1723642200,3.98000,4.02000,3.96000,4.00000,105800
1723728600,3.99000,4.03000,3.97000,4.01000,119100
1723815000,4.06000,4.11000,4.06000,4.08000,138300
1724074200,4.14000,4.20000,4.14000,4.16000,107100
1724160600,4.12000,4.12000,4.06000,4.12000,85900
1724247000,4.09000,4.13000,4.08000,4.12000,79100
1724333400,4.13000,4.13000,4.06000,4.07000,87700
1724419800,4.10000,4.18000,4.10000,4.18000,127500
1724679000,4.16000,4.16000,4.10000,4.10000,55100
1724765400,4.13000,4.16000,4.12000,4.14000,117500
1724851800,4.12000,4.12000,4.04000,4.04000,47100
1724938200,4.07000,4.10000,4.04000,4.05000,66900
1725024600,4.15000,4.17000,4.11000,4.14000,123800
1725370200,4.04000,4.04000,3.77000,3.78000,226400
1725456600,3.80000,3.85000,3.75000,3.80000,175800
1725543000,3.93000,3.95000,3.87000,3.87000,160400
1725629400,3.91000,3.94000,3.81000,3.85000,82200
1725888600,3.92000,3.95000,3.86000,3.87000,163100
1725975000,3.83000,3.85000,3.71000,3.73000,185700
1726061400,3.79000,3.82000,3.72000,3.79000,225600
1726147800,3.84000,3.84000,3.76000,3.82000,167400
1726234200,3.88000,3.90000,3.86000,3.88000,84900
1726493400,3.95000,3.98000,3.86000,3.93000,145100
1726579800,3.92000,3.97000,3.83000,3.88000,458200
1726666200,3.89000,3.93000,3.85000,3.86000,65800
1726752600,4.01000,4.04000,3.98000,4.00000,182200
1726839000,4.04000,4.14000,4.04000,4.12000,240500
1727098200,4.12000,4.12000,4.05000,4.06000,67500
1727184600,4.11000,4.11000,4.00000,4.01000,140300
1727271000,3.97000,4.02000,3.93000,3.98000,90300
1727357400,4.23000,4.29000,4.15000,4.26000,133600
1727443800,4.31000,4.31000,4.21000,4.23000,114100
1727703000,4.13000,4.13000,4.03000,4.05000,113000
1727789400,4.09000,4.09000,3.98000,4.01000,169500
1727875800,3.94000,4.02000,3.92000,4.02000,131800
1727962200,3.95000,3.97000,3.89000,3.89000,92900
1728048600,3.97000,3.99000,3.88000,3.91000,151700
1728307800,3.90000,3.92000,3.86000,3.92000,94100
1728394200,3.84000,3.87000,3.82000,3.86000,225300
1728480600,3.83000,3.86000,3.83000,3.84000,157400
1728567000,3.83000,3.83000,3.70000,3.73000,314000
1728653400,3.78000,3.83000,3.78000,3.81000,180900
1728912600,3.84000,3.92000,3.83000,3.90000,280100
1728999000,3.87000,3.91000,3.76000,3.76000,250700
1729085400,3.79000,3.83000,3.77000,3.79000,168100
1729171800,3.84000,3.87000,3.80000,3.86000,143400
1729258200,3.87000,3.87000,3.82000,3.86000,65900
1729517400,3.79000,3.83000,3.77000,3.77000,156000
1729603800,3.75000,3.80000,3.74000,3.77000,151300
1729690200,3.79000,3.89000,3.72000,3.86000,622800
1729776600,3.77000,3.80000,3.70000,3.71000,232500
1729863000,3.67000,3.69000,3.61000,3.61000,152700
1730122200,3.72000,3.73000,3.69000,3.70000,142900
1730208600,3.78000,3.84000,3.78000,3.79000,236300
1730295000,3.79000,3.83000,3.78000,3.81000,216100
1730381400,3.81000,3.81000,3.75000,3.76000,120200
1730467800,3.74000,3.75000,3.71000,3.71000,98000
1730730600,3.73000,3.74000,3.69000,3.71000,83100
1730817000,3.70000,3.74000,3.70000,3.74000,111100
1730903400,3.66000,3.66000,3.59000,3.60000,206100
1730989800,3.65000,3.65000,3.59000,3.60000,203700
1731076200,3.56000,3.57000,3.38000,3.52000,304800
1731335400,3.52000,3.52000,3.47000,3.51000,176100
1731421800,3.43000,3.45000,3.39000,3.42000,244900
1731508200,3.41000,3.42000,3.33000,3.34000,325300
1731594600,3.39000,3.43000,3.35000,3.37000,214000
1731681000,3.49000,3.50000,3.40000,3.42000,276800
1731940200,3.48000,3.50000,3.46000,3.49000,117800
1732026600,3.45000,3.53000,3.45000,3.52000,202100
1732113000,3.50000,3.50000,3.43000,3.46000,210700
1732199400,3.49000,3.51000,3.48000,3.51000,99300
1732285800,3.47000,3.47000,3.43000,3.45000,87700
1732545000,3.48000,3.50000,3.47000,3.48000,178500
1732631400,3.51000,3.51000,3.47000,3.48000,127500
1732717800,3.46000,3.48000,3.44000,3.47000,116900
1732890600,3.37000,3.39000,3.35000,3.38000,69800
1733149800,3.39000,3.40000,3.35000,3.40000,208000
1733236200,3.29000,3.37000,3.28000,3.34000,331000
1733322600,3.39000,3.40000,3.29000,3.31000,173900
1733409000,3.24000,3.24000,3.18000,3.19000,217600
1733495400,3.20000,3.21000,3.17000,3.17000,127100
1733754600,3.15000,3.18000,3.10000,3.10000,202900
1733841000,3.16000,3.16000,3.10000,3.11000,185100
1733927400,3.16000,3.19000,3.13000,3.18000,151100
1734013800,3.21000,3.26000,3.20000,3.20000,132100
1734100200,3.21000,3.23000,3.18000,3.18000,130400
1734359400,3.17000,3.21000,3.12000,3.19000,226700
1734445800,3.15000,3.15000,3.12000,3.12000,294800
1734532200,3.15000,3.24000,3.13000,3.15000,217200
1734618600,3.20000,3.22000,3.15000,3.18000,338400
1734705000,3.12000,3.23000,3.11000,3.21000,316100
1734964200,3.24000,3.42000,3.24000,3.39000,492000
1735050600,3.36000,3.42000,3.32000,3.42000,215000
1735223400,3.38000,3.38000,3.23000,3.24000,327000
1735309800,3.23000,3.24000,3.16000,3.18000,241400
1735569000,3.14000,3.15000,3.10000,3.11000,256400
1735655400,3.14000,3.14000,3.06000,3.07000,238500
1735828200,3.11000,3.11000,3.05000,3.10000,295300
1735914600,3.16000,3.17000,3.10000,3.16000,170100
1736173800,3.19000,3.27000,3.19000,3.25000,343700
1736260200,3.26000,3.28000,3.22000,3.25000,305200
1736346600,3.28000,3.28000,3.22000,3.27000,195400
1736519400,3.25000,3.30000,3.16000,3.20000,202800
1736778600,3.15000,3.20000,3.14000,3.19000,144400
1736865000,3.19000,3.27000,3.14000,3.25000,319100
1736951400,3.19000,3.22000,3.13000,3.18000,224500
1737037800,3.16000,3.18000,3.13000,3.18000,239800
1737124200,3.16000,3.24000,3.16000,3.24000,152000
1737469800,3.20000,3.30000,3.20000,3.30000,284100
1737556200,3.30000,3.31000,3.25000,3.28000,227200
1737642600,3.19000,3.24000,3.18000,3.21000,149800
1737729000,3.21000,3.25000,3.21000,3.25000,104400
1737988200,3.20000,3.23000,3.17000,3.19000,199800
1738074600,3.24000,3.24000,3.17000,3.23000,128300
1738161000,3.21000,3.24000,3.18000,3.23000,129000
1738247400,3.25000,3.25000,3.20000,3.25000,118000
1738333800,3.25000,3.26000,3.21000,3.23000,107100
1738593000,3.14000,3.16000,3.08000,3.08000,182000
1738679400,3.13000,3.14000,3.10000,3.13000,244600
1738765800,3.16000,3.22000,3.14000,3.20000,202000
1738852200,3.32000,3.38000,3.29000,3.38000,343800
1738938600,3.32000,3.32000,3.22000,3.23000,273100
1739197800,3.24000,3.24000,3.18000,3.20000,175800
1739284200,3.18000,3.24000,3.18000,3.21000,91200
1739370600,3.23000,3.27000,3.21000,3.27000,218100
1739457000,3.26000,3.38000,3.25000,3.36000,211800
1739543400,3.33000,3.39000,3.33000,3.39000,91800
1739889000,3.39000,3.41000,3.38000,3.40000,110600
1739975400,3.38000,3.42000,3.37000,3.42000,89200
1740061800,3.39000,3.46000,3.39000,3.46000,90800
1740148200,3.44000,3.51000,3.44000,3.49000,152500
1740407400,3.48000,3.50000,3.45000,3.47000,94700
1740493800,3.48000,3.48000,3.38000,3.43000,222500
1740580200,3.42000,3.43000,3.36000,3.41000,111500
1740666600,3.41000,3.41000,3.32000,3.36000,128900
1740753000,3.29000,3.29000,3.19000,3.28000,196000
1741012200,3.26000,3.33000,3.21000,3.25000,182400
1741098600,3.23000,3.26000,3.13000,3.26000,353000
1741185000,3.25000,3.30000,3.20000,3.30000,159600
1741271400,3.25000,3.25000,3.18000,3.22000,160200
1741357800,3.26000,3.26000,3.18000,3.24000,96000
1741613400,3.23000,3.23000,3.10000,3.16000,234400
1741699800,3.14000,3.24000,3.14000,3.21000,286800
1741786200,3.19000,3.27000,3.19000,3.25000,214600
1741872600,3.20000,3.24000,3.14000,3.16000,135700
1741959000,3.22000,3.22000,3.15000,3.19000,87900
1742218200,3.21000,3.28000,3.21000,3.27000,132100
1742304600,3.23000,3.26000,3.20000,3.21000,173200
1742391000,3.25000,3.27000,3.20000,3.25000,113600
1742477400,3.20000,3.24000,3.18000,3.21000,94500
1742563800,3.22000,3.30000,3.19000,3.27000,212100
1742823000,3.23000,3.26000,3.20000,3.23000,152300
1742909400,3.25000,3.25000,3.21000,3.24000,169600
1742995800,3.28000,3.28000,3.23000,3.25000,141500
1743082200,3.22000,3.24000,3.18000,3.23000,180500
1743168600,3.23000,3.24000,3.12000,3.15000,146600
1743427800,3.10000,3.13000,3.03000,3.11000,261800
1743514200,3.18000,3.18000,3.04000,3.08000,333100
1743600600,3.04000,3.07000,3.01000,3.04000,321100
1743687000,2.93000,2.99000,2.85000,2.85000,498300
1743773400,2.81000,2.85000,2.72000,2.73000,455600
1744032600,2.67000,2.86000,2.60000,2.72000,838200
1744119000,2.83000,2.83000,2.53000,2.56000,597900
1744205400,2.51000,2.70000,2.43000,2.67000,717200
1744291800,2.72000,2.74000,2.61000,2.66000,401300
1744378200,2.73000,2.81000,2.70000,2.80000,514700
1744637400,2.89000,2.90000,2.75000,2.80000,461800
1744723800,2.83000,2.86000,2.78000,2.83000,420300
1744810200,2.79000,2.83000,2.74000,2.75000,259700
1744896600,2.78000,2.81000,2.75000,2.78000,213400
1745242200,2.77000,2.79000,2.72000,2.73000,324800
1745328600,2.75000,2.84000,2.75000,2.81000,470400
1745415000,2.89000,2.95000,2.84000,2.91000,186900
1745501400,2.91000,2.94000,2.82000,2.93000,245700
1745587800,2.87000,2.93000,2.85000,2.90000,191700
1745847000,2.88000,2.92000,2.87000,2.89000,192200
1745933400,2.88000,2.94000,2.88000,2.91000,130300
1746019800,2.88000,2.95000,2.88000,2.93000,251800
1746106200,2.94000,2.98000,2.93000,2.95000,287100
1746192600,2.98000,3.04000,2.93000,3.02000,209800
1746451800,3.01000,3.06000,2.99000,3.05000,115900
1746538200,3.00000,3.06000,3.00000,3.06000,149600
1746624600,3.09000,3.10000,3.01000,3.09000,251100
1746711000,3.08000,3.08000,3.02000,3.05000,165500
1746797400,3.02000,3.11000,3.02000,3.09000,171600
1747056600,3.16000,3.22000,3.13000,3.20000,176800
1747143000,3.19000,3.24000,3.14000,3.23000,499300
1747229400,3.22000,3.25000,3.19000,3.20000,339000
1747315800,3.19000,3.20000,3.16000,3.19000,194800
1747402200,3.17000,3.18000,3.12000,3.14000,112400
1747661400,3.08000,3.13000,3.07000,3.10000,269000
1747747800,3.07000,3.09000,3.04000,3.05000,131100
1747834200,3.09000,3.10000,3.05000,3.07000,101900
1747920600,3.04000,3.07000,3.00000,3.01000,123000
1748007000,3.00000,3.03000,2.97000,3.01000,111000
1748352600,3.03000,3.06000,3.01000,3.03000,172000
1748439000,3.05000,3.15000,3.04000,3.14000,262900
1748525400,3.14000,3.15000,3.10000,3.13000,130200
1748611800,3.10000,3.19000,3.08000,3.17000,220000
1748871000,3.14000,3.14000,3.07000,3.12000,127600
1748957400,3.11000,3.16000,3.11000,3.16000,117500
1749043800,3.19000,3.20000,3.14000,3.15000,232200
1749130200,3.19000,3.24000,3.15000,3.24000,232700
1749216600,3.18000,3.24000,3.18000,3.24000,163700
1749475800,3.26000,3.34000,3.26000,3.33000,212700
1749562200,3.32000,3.38000,3.29000,3.38000,325700
1749648600,3.38000,3.43000,3.32000,3.43000,282700
1749735000,3.40000,3.48000,3.40000,3.45000,177500
1749821400,3.39000,3.41000,3.32000,3.32000,138100
1750080600,3.38000,3.39000,3.34000,3.35000,179900
1750167000,3.30000,3.38000,3.30000,3.38000,261200
1750253400,3.40000,3.49000,3.40000,3.44000,217200
1750426200,3.48000,3.48000,3.42000,3.43000,176900
1750685400,3.39000,3.42000,3.31000,3.37000,253200
1750771800,3.46000,3.60000,3.46000,3.57000,347200
1750858200,3.55000,3.57000,3.50000,3.55000,165100
1750944600,3.55000,3.56000,3.51000,3.54000,170900
1751031000,3.50000,3.51000,3.42000,3.48000,197300
1751290200,3.44000,3.45000,3.37000,3.42000,175700
1751376600,3.42000,3.53000,3.42000,3.47000,301400
1751463000,3.43000,3.54000,3.42000,3.52000,334500
1751549400,3.60000,3.65000,3.57000,3.61000,242200
1751895000,3.54000,3.54000,3.30000,3.31000,545800
1751981400,3.36000,3.41000,3.34000,3.39000,241400
1752067800,3.42000,3.44000,3.38000,3.44000,146200
1752154200,3.44000,3.45000,3.40000,3.43000,140500
1752240600,3.39000,3.43000,3.38000,3.42000,105700
1752499800,3.40000,3.45000,3.40000,3.43000,123500
1752586200,3.47000,3.47000,3.40000,3.43000,237600
1752672600,3.45000,3.45000,3.36000,3.43000,143100
1752759000,3.41000,3.47000,3.37000,3.47000,178500
1752845400,3.48000,3.48000,3.36000,3.36000,226300
1753104600,3.34000,3.44000,3.34000,3.42000,112300
1753191000,3.39000,3.43000,3.38000,3.43000,135400
1753277400,3.43000,3.47000,3.43000,3.45000,228400
1753363800,3.49000,3.64000,3.44000,3.59000,692100
1753450200,3.70000,3.86000,3.68000,3.83000,788300
1753709400,3.86000,3.87000,3.81000,3.83000,528200
1753795800,3.79000,3.80000,3.71000,3.78000,539600
1753882200,3.82000,3.93000,3.80000,3.93000,511300
1753968600,3.92000,3.94000,3.86000,3.92000,404300
1754055000,3.89000,3.89000,3.83000,3.88000,288900
1754314200,3.88000,3.94000,3.88000,3.94000,500300
1754400600,3.95000,4.03000,3.94000,4.02000,415500
1754487000,4.01000,4.06000,3.98000,4.05000,297600
1754573400,4.13000,4.13000,4.04000,4.08000,369800
1754659800,4.05000,4.08000,4.01000,4.08000,649700
1754919000,4.08000,4.08000,4.01000,4.06000,512300
1755005400,4.00000,4.08000,3.95000,4.08000,512900
1755091800,4.75000,4.97000,4.73000,4.88000,1718900
1755178200,4.35000,4.39000,4.29000,4.35000,876600
1755264600,4.40000,4.44000,4.34000,4.44000,432600
1755523800,4.39000,4.43000,4.34000,4.42000,506800
1755610200,4.33000,4.33000,4.22000,4.23000,706800
1755696600,4.13000,4.21000,4.13000,4.19000,716500
1755783000,4.13000,4.18000,4.13000,4.18000,540200
1755869400,4.15000,4.31000,4.15000,4.29000,684400
1756128600,4.30000,4.40000,4.27000,4.29000,945000
1756215000,4.30000,4.37000,4.29000,4.34000,590600
1756301400,4.31000,4.36000,4.27000,4.36000,632500
1756387800,4.39000,4.45000,4.38000,4.44000,517800
1756474200,4.42000,4.43000,4.35000,4.41000,393300
1756819800,4.33000,4.35000,4.24000,4.28000,433700
1756906200,4.32000,4.45000,4.32000,4.43000,418300
1756992600,4.42000,4.48000,4.38000,4.48000,515000
1757079000,4.49000,4.49000,4.41000,4.46000,430000
1757338200,4.39000,4.42000,4.35000,4.41000,599900
1757424600,4.39000,4.40000,4.34000,4.39000,586000
1757511000,4.32000,4.36000,4.28000,4.33000,616700
1757597400,4.38000,4.39000,4.29000,4.36000,588100
1757683800,4.40000,4.46000,4.39000,4.46000,540900
1757943000,4.46000,4.52000,4.42000,4.50000,1347800
1758029400,4.79000,4.96000,4.79000,4.96000,998500
1758115800,4.82000,4.88000,4.77000,4.80000,605600
1758202200,4.81000,4.86000,4.80000,4.84000,444700
1758288600,4.82000,4.82000,4.76000,4.79000,488700
1758547800,4.87000,4.96000,4.84000,4.95000,617900
1758634200,4.98000,5.00000,4.91000,4.93000,546400
1758720600,4.97000,4.99000,4.88000,4.94000,572300
1758807000,5.08000,5.21000,5.07000,5.19000,993600
1758893400,5.15000,5.15000,5.00000,5.09000,675100
1759152600,5.23000,5.30000,5.19000,5.23000,725000
1759239000,5.19000,5.27000,5.14000,5.22000,554600
1759325400,5.23000,5.29000,5.20000,5.29000,491200
1759411800,5.30000,5.39000,5.30000,5.37000,506100
1759498200,5.40000,5.44000,5.36000,5.38000,358600
1759757400,5.40000,5.47000,5.35000,5.46000,727700
1759843800,5.49000,5.49000,5.40000,5.41000,526000
1759930200,5.35000,5.50000,5.35000,5.50000,607000
1760016600,5.48000,5.56000,5.45000,5.48000,899700
1760103000,5.67000,5.67000,5.31000,5.32000,865300
1760362200,5.36000,5.38000,5.30000,5.37000,400300
1760448600,5.06000,5.17000,4.96000,5.07000,1378300
1760535000,5.21000,5.24000,5.10000,5.17000,904400
1760621400,5.19000,5.22000,5.12000,5.15000,705400
1760707800,5.11000,5.17000,5.08000,5.16000,560900
1760967000,5.23000,5.30000,5.19000,5.28000,528100
1761053400,5.12000,5.12000,4.98000,5.03000,997200
1761139800,5.04000,5.08000,4.94000,4.99000,835900
1761226200,4.97000,5.08000,4.96000,5.06000,572300
1761312600,4.87000,4.97000,4.86000,4.95000,918500
1761571800,5.08000,5.08000,4.97000,4.99000,866100
1761658200,5.00000,5.08000,4.98000,5.08000,696500
1761744600,5.14000,5.17000,5.08000,5.10000,532900
1761831000,5.01000,5.06000,4.82000,4.82000,986100
1761917400,5.03000,5.13000,4.99000,5.01000,818100
1762180200,5.07000,5.07000,4.96000,5.00000,850700
1762266600,4.85000,5.00000,4.66000,4.94000,1013700
1762353000,4.80000,4.86000,4.75000,4.83000,886300
1762439400,4.79000,4.86000,4.76000,4.76000,601300
1762525800,4.57000,4.57000,4.48000,4.56000,558000
1762785000,4.66000,4.70000,4.60000,4.64000,338400
1762871400,4.59000,4.59000,4.52000,4.57000,509500
1762957800,4.60000,4.62000,4.51000,4.53000,422600
1763044200,4.51000,4.53000,4.39000,4.40000,549000
1763130600,4.34000,4.49000,4.34000,4.47000,368700
1763389800,4.36000,4.40000,4.31000,4.37000,881400
1763476200,4.22000,4.31000,4.18000,4.28000,766200
1763562600,4.31000,4.33000,4.26000,4.27000,375200
1763649000,4.34000,4.34000,4.16000,4.20000,453700
1763735400,4.19000,4.21000,4.12000,4.20000,337700
1763994600,4.17000,4.28000,4.17000,4.27000,417900
1764081000,4.22000,4.31000,4.22000,4.27000,693400
1764167400,4.32000,4.39000,4.32000,4.36000,352800
1764340200,4.30000,4.37000,4.30000,4.33000,246300
1764599400,4.27000,4.32000,4.26000,4.26000,337800
1764685800,4.34000,4.40000,4.33000,4.40000,495200
1764772200,4.40000,4.42000,4.39000,4.41000,401600
1764858600,4.40000,4.44000,4.40000,4.44000,261600
1764945000,4.50000,4.59000,4.50000,4.54000,258000
1765204200,4.48000,4.50000,4.45000,4.48000,214400
1765290600,4.46000,4.47000,4.40000,4.44000,296400
1765377000,4.42000,4.45000,4.38000,4.43000,237200
1765463400,4.35000,4.36000,4.31000,4.35000,222600
1765549800,4.31000,4.32000,4.21000,4.23000,336400
1765809000,4.23000,4.27000,4.20000,4.21000,299800
1765895400,4.14000,4.16000,4.10000,4.12000,450200
1765981800,4.15000,4.19000,4.09000,4.10000,366800
1766068200,4.16000,4.16000,4.12000,4.13000,317700
1766154600,4.16000,4.16000,4.13000,4.15000,261700
1766413800,4.05000,4.09000,4.04000,4.09000,522400
1766500200,4.09000,4.17000,4.08000,4.16000,396600
1766586600,4.19000,4.27000,4.19000,4.27000,158100
1766759400,4.21000,4.24000,4.16000,4.22000,282300
1767018600,4.17000,4.26000,4.17000,4.25000,220500
1767105000,4.21000,4.24000,4.17000,4.22000,252500
1767191400,4.21000,4.21000,4.17000,4.21000,236500
1767364200,4.25000,4.25000,4.16000,4.25000,372500
1767623400,4.28000,4.28000,4.21000,4.23000,370000
1767709800,4.29000,4.39000,4.29000,4.37000,739400
1767796200,4.41000,4.41000,4.35000,4.40000,554300
1767882600,4.33000,4.37000,4.23000,4.26000,704200
1767969000,4.16000,4.19000,4.13000,4.17000,544100
1768228200,4.17000,4.20000,4.15000,4.16000,399400
1768314600,4.18000,4.20000,4.16000,4.19000,409400
1768401000,4.16000,4.20000,4.14000,4.19000,519600
1768487400,4.27000,4.32000,4.24000,4.26000,687900
1768573800,4.32000,4.36000,4.25000,4.33000,976200
1768919400,4.24000,4.30000,4.21000,4.23000,745800
1769005800,4.23000,4.33000,4.21000,4.32000,962500
1769092200,4.38000,4.47000,4.35000,4.45000,776600
1769178600,4.39000,4.44000,4.32000,4.43000,619300
1769437800,4.41000,4.46000,4.39000,4.41000,684700
1769524200,4.40000,4.40000,4.32000,4.36000,790400
1769610600,4.18000,4.29000,3.90000,3.97000,1741900
1769697000,4.08000,4.17000,3.92000,4.03000,1168400
1769783400,3.97000,4.07000,3.93000,3.97000,1176300
1770042600,3.85000,3.91000,3.83000,3.87000,764400
1770129000,3.91000,3.93000,3.81000,3.87000,703400
1770215400,3.92000,3.99000,3.83000,3.87000,1358300
1770301800,3.81000,3.90000,3.80000,3.88000,1122900
1770388200,3.91000,3.98000,3.87000,3.96000,667800
1770647400,3.96000,3.97000,3.92000,3.97000,716800
1770733800,4.00000,4.06000,3.95000,3.98000,536200
1770820200,4.06000,4.09000,4.02000,4.08000,793600
1770906600,4.09000,4.14000,4.00000,4.07000,764100
1770993000,4.06000,4.06000,3.95000,4.00000,551800
1771338600,3.96000,4.06000,3.94000,4.03000,715700
1771425000,4.02000,4.19000,4.02000,4.12000,995300
1771511400,4.20000,4.47000,4.16000,4.45000,1918900
1771597800,4.59000,4.79000,4.55000,4.76000,1256700
1771857000,4.88000,4.96000,4.85000,4.87000,815900
1771943400,4.88000,5.14000,4.88000,5.12000,1555500
1772029800,5.28000,5.36000,5.25000,5.35000,850400
1772116200,5.57000,5.67000,5.46000,5.58000,1600100
1772202600,5.10000,5.10000,4.94000,5.06000,1072300
1772461800,4.88000,4.98000,4.86000,4.97000,542000
1772548200,4.58000,4.59000,4.37000,4.56000,1360100
1772634600,4.25000,4.33000,4.15000,4.29000,1550500
1772721000,4.12000,4.13000,3.91000,3.96000,1919500
1772807400,3.91000,3.96000,3.86000,3.91000,1409000
1773063000,3.84000,4.07000,3.83000,4.05000,1485000
1773149400,4.13000,4.21000,4.08000,4.14000,1241300
1773235800,4.11000,4.14000,4.05000,4.10000,765800
1773322200,4.05000,4.05000,3.97000,3.99000,1064800
1773408600,3.96000,3.96000,3.85000,3.89000,1147100
1773667800,4.01000,4.05000,3.95000,4.01000,1045400
1773754200,4.00000,4.10000,4.00000,4.08000,925200
1773840600,4.11000,4.12000,4.01000,4.03000,802700
1773927000,3.94000,4.09000,3.90000,4.07000,1153500
1774013400,4.01000,4.10000,3.97000,4.02000,2078100
1774272600,4.08000,4.34000,4.00000,4.29000,3228700
1774359000,3.98000,4.11000,3.92000,4.08000,2513400
1774445400,4.13000,4.16000,4.00000,4.12000,2808000
1774531800,3.94000,3.97000,3.83000,3.85000,2710700
1774618200,3.84000,3.91000,3.80000,3.89000,2299600
1774877400,3.91000,3.91000,3.70000,3.75000,3271300
1774963800,3.70000,3.91000,3.67000,3.88000,3347500
1775050200,3.97000,4.06000,3.84000,3.97000,2206300
1775136600,3.78000,4.04000,3.78000,4.01000,3263900
1775482200,3.81000,3.93000,3.79000,3.87000,4349500
1775568600,3.84000,3.96000,3.79000,3.93000,3637700
1775655000,4.26000,4.32000,4.17000,4.29000,2868000
1775741400,4.10000,4.30000,4.07000,4.23000,2955900
1775827800,4.41000,4.57000,4.34000,4.49000,2324400
1776087000,4.29000,4.50000,4.17000,4.45000,3087600
1776173400,4.57000,4.58000,4.50000,4.56000,1738400
1776259800,4.65000,4.80000,4.64000,4.75000,1798300
1776346200,4.82000,4.88000,4.79000,4.86000,1850900
1776432600,5.09000,5.17000,5.03000,5.08000,1919700
1776691800,5.07000,5.08000,5.02000,5.07000,1775700
1776778200,5.07000,5.12000,5.00000,5.05000,2271900
1776864600,5.38000,5.43000,5.23000,5.37000,2692100
1776951000,4.47000,4.70000,4.24000,4.28000,3078500
1777037400,4.32000,4.39000,4.17000,4.18000,1964900
1777296600,4.21000,4.24000,4.13000,4.18000,1898900
1777383000,4.18000,4.26000,4.17000,4.22000,1505700
1777469400,4.22000,4.23000,4.11000,4.12000,1187900
1777555800,4.16000,4.28000,4.16000,4.28000,1222800
1777642200,4.30000,4.44000,4.27000,4.33000,1399300
1777901400,4.35000,4.35000,4.22000,4.32000,1292100
1777987800,4.40000,4.56000,4.37000,4.45000,1932300
1778074200,4.53000,4.60000,4.51000,4.54000,1594200
1778160600,4.38000,4.44000,4.30000,4.32000,2218500
1778247000,4.34000,4.41000,4.32000,4.39000,1293600
1778506200,4.34000,4.45000,4.34000,4.37000,1876000
1778592600,4.34000,4.46000,4.25000,4.44000,2762000
1778679000,4.85000,5.03000,4.75000,4.97000,3668200
1778765400,5.12000,5.36000,5.12000,5.33000,2628500
1778851800,4.77000,4.86000,4.73000,4.82000,1748500
1779111000,4.61000,4.67000,4.48000,4.52000,2034800
1779197400,4.31000,4.31000,4.17000,4.22000,1996300
1779283800,4.24000,4.38000,4.16000,4.37000,1625800
1779370200,4.86000,4.99000,4.79000,4.94000,1715600
1779456600,5.05000,5.12000,5.03000,5.05000,923000
1779802200,5.24000,5.44000,5.18000,5.41000,1530900
1779888600,4.88000,4.91000,4.77000,4.88000,1898600
1779975000,4.88000,5.11000,4.81000,5.03000,1370800
1780061400,5.35000,5.69000,5.33000,5.55000,2956200
1780320600,5.30000,5.66000,5.26000,5.51000,2444000
1780407000,5.59000,5.76000,5.59000,5.74000,1664000
1780493400,5.69000,5.83000,5.67000,5.76000,2171900
1780579800,5.33000,5.49000,5.29000,5.49000,1933500
1780666200,5.03000,5.06000,4.82000,4.86000,2431100
1780925400,4.94000,5.04000,4.87000,4.96000,2017800
1781011800,4.75000,4.77000,4.42000,4.62000,2697900
1781098200,4.35000,4.42000,4.28000,4.32000,2222800
1781184600,4.38000,4.56000,4.28000,4.53000,3079600
1781271000,4.60000,4.72000,4.59000,4.65000,1767400
1781530200,4.86000,4.89000,4.67000,4.73000,1560700
1781616600,4.73000,4.75000,4.61000,4.66000,1859800
1781703000,4.65000,4.72000,4.54000,4.55000,2166300
1781789400,4.64000,4.68000,4.53000,4.64000,2967600
1782135000,4.37000,4.52000,4.34000,4.44000,3187200
1782221400,4.11000,4.20000,4.05000,4.14000,3144600
1782307800,4.06000,4.07000,3.95000,3.99000,3284900
1782394200,4.05000,4.06000,3.94000,3.96000,2723300
1782480600,3.77000,3.86000,3.76000,3.84000,3156100
1782739800,3.95000,3.99000,3.89000,3.97000,2380700
1782826200,3.85000,3.89000,3.81000,3.89000,2700700
1782912600,3.77000,3.78000,3.63000,3.65000,3666800
1782999000,3.67000,3.76000,3.55000,3.59000,2785100
1783344600,3.60000,3.66000,3.57000,3.65000,2902800
1783431000,3.54000,3.61000,3.49000,3.60000,2714600
1783517400,3.68000,3.83000,3.68000,3.82000,2203700
1783603800,3.74000,3.74000,3.62000,3.68000,2366900
1783690200,3.72000,3.78000,3.70000,3.71000,1750300
1783949400,3.59000,3.60000,3.54000,3.59000,2795700
1784035800,3.64000,3.68000,3.35000,3.51000,13168400
1784122200,3.63000,3.66000,3.51000,3.55000,2868100
1784208600,3.48000,3.51000,3.35000,3.38000,2080200
1784295000,3.33000,3.33000,3.19000,3.29000,2707800
1784554200,3.30000,3.32000,3.16000,3.19000,3274500
1784640600,3.29000,3.32000,3.22000,3.26000,1849800
1784727000,3.40000,3.40000,3.28000,3.29000,2885300
1784813400,3.46000,3.51000,3.32000,3.37000,3220300
1784899800,3.28000,3.32000,3.16000,3.17000,2870000
1785159000,3.19000,3.20000,3.09000,3.14000,4131200
1785245400,3.11000,3.11000,2.88000,2.93000,3291100
1785331800,2.92000,2.97000,2.76000,2.79000,4758400
1785418200,2.96000,3.02000,2.93000,2.98000,4075900
1785504600,3.14000,3.15000,2.96000,3.00000,3916900
1785763800,3.09000,3.12000,3.04000,3.07000,3706700
1785850200,3.26000,3.30000,3.21000,3.23000,3426900
1785936600,3.21000,3.33000,3.21000,3.26000,3452200
1786023000,3.23000,3.27000,3.16000,3.24000,1833700
1786109400,3.34000,3.36000,3.25000,3.30000,2858100
1786368600,3.38000,3.44000,3.36000,3.36000,2915300
1786455000,3.46000,3.49000,3.41000,3.43000,2335400
1786541400,3.53000,3.53000,3.39000,3.46000,3794700
1786627800,3.40000,3.43000,3.36000,3.37000,2494200
1786714200,3.54000,3.61000,3.47000,3.50000,2257100
1786973400,3.52000,3.56000,3.48000,3.53000,1946800
1787059800,3.38000,3.39000,3.28000,3.30000,4406500
1787146200,3.39000,3.42000,3.34000,3.37000,3019300
1787232600,3.33000,3.38000,3.30000,3.33000,1758400
1787319000,3.32000,3.37000,3.25000,3.28000,2842900
1787578200,3.31000,3.34000,3.25000,3.29000,1511800
1787664600,3.37000,3.40000,3.31000,3.38000,1648200
1787751000,3.35000,3.38000,3.31000,3.34000,1513000
1787837400,3.40000,3.42000,3.31000,3.34000,2182900
1787923800,3.32000,3.42000,3.32000,3.35000,1932200
