time,open,high,low,close,tick_volume
1472540400,2763.00000,2813.00000,2762.00000,2799.00000,190303
1472626800,2758.00000,2784.00000,2740.00000,2755.00000,385430
1472713200,2739.00000,2797.00000,2735.90894,2750.00000,213153
1472799600,2770.00000,2782.00000,2734.00000,2767.00000,654449
1473058800,2801.00000,2801.00000,2745.00000,2745.00000,157919
1473145200,2739.00000,2748.00000,2725.00000,2739.00000,432985
1473231600,2755.00000,2766.00000,2730.00000,2744.00000,262967
1473318000,2702.00000,2754.00000,2702.00000,2736.00000,643156
1473404400,2721.00000,2730.00000,2698.00000,2699.00000,246494
1473663600,2653.00000,2680.00000,2649.00000,2663.00000,790228
1473750000,2670.00000,2717.00000,2654.00000,2697.00000,369910
1473836400,2715.00000,2729.00000,2657.00000,2698.00000,919591
1473922800,2701.00000,2731.00000,2664.00000,2728.00000,332669
1474009200,2739.00000,2746.00000,2712.00000,2735.00000,747325
1474268400,2713.00000,2780.00000,2713.00000,2780.00000,336773
1474354800,2754.00000,2821.36011,2754.00000,2797.00000,328090
1474441200,2814.00000,2849.00000,2777.60010,2829.00000,242231
1474527600,2834.00000,2856.00000,2823.00000,2853.00000,238356
1474614000,2839.00000,2846.00000,2818.00000,2829.00000,230084
1474873200,2830.00000,2848.00000,2766.00000,2844.00000,441725
1474959600,2880.00000,2880.00000,2780.00000,2800.00000,355556
1475046000,2802.00000,2837.00000,2757.00000,2801.00000,578907
1475132400,2722.00000,2839.00000,2722.00000,2833.00000,420266
1475218800,2789.00000,2807.00000,2751.00000,2800.00000,524054
1475478000,2791.00000,2886.00000,2746.00000,2880.00000,307433
1475564400,2850.00000,2944.00000,2846.00000,2922.00000,1291241
1475650800,2910.00000,2916.00000,2846.00000,2846.00000,403144
1475737200,2844.00000,2865.00000,2831.00000,2831.00000,266036
1475823600,2846.00000,2846.00000,2799.00000,2800.00000,565120
1476082800,2812.00000,2837.00000,2797.00000,2816.00000,524138
1476169200,2806.00000,2843.00000,2806.00000,2829.00000,296294
1476255600,2821.00000,2836.00000,2795.00000,2795.00000,623584
1476342000,2803.00000,2835.00000,2770.00000,2827.00000,534051
1476428400,2800.00000,2856.00000,2800.00000,2843.00000,1058624
1476687600,2868.00000,2876.50000,2799.00000,2812.00000,663718
1476774000,2817.00000,2880.00000,2806.00000,2812.00000,790188
1476860400,2814.00000,2815.00000,2788.00000,2813.00000,401024
1476946800,2802.00000,2870.00000,2802.00000,2842.00000,425316
1477033200,2811.00000,2865.00000,2811.00000,2865.00000,1260955
1477292400,2886.00000,2927.00000,2867.00000,2871.00000,311723
1477378800,2884.00000,2903.00000,2854.00000,2890.00000,221784
1477465200,2871.00000,2892.00000,2847.00000,2868.00000,269616
1477551600,2810.00000,2889.00000,2808.00000,2850.00000,532300
1477638000,2806.00000,2846.00000,2806.00000,2832.00000,351724
1477900800,2815.00000,2822.00000,2800.00000,2810.00000,685858
1477987200,2826.00000,2828.00000,2800.00000,2815.00000,244578
1478073600,2792.00000,2801.00000,2775.00000,2788.00000,798735
1478160000,2758.00000,2801.00000,2743.00000,2743.00000,312840
1478246400,2714.00000,2730.00000,2693.00000,2707.00000,353848
1478505600,2735.00000,2769.00000,2713.10303,2763.00000,433617
1478592000,2742.00000,2780.00000,2731.00000,2733.00000,264492
1478678400,2650.00000,2789.00000,2650.00000,2789.00000,332906
1478764800,2794.00000,2931.00000,2783.00000,2863.00000,474670
1478851200,2884.00000,2903.47998,2791.00000,2802.00000,680178
1479110400,2846.00000,2853.00000,2813.00000,2813.00000,274515
1479196800,2840.00000,2853.00000,2826.07788,2841.00000,369630
1479283200,2836.00000,2857.00000,2820.00000,2829.00000,316217
1479369600,2837.00000,2863.00000,2821.00000,2863.00000,227280
1479456000,2871.00000,2892.31909,2830.69702,2876.00000,223377
1479715200,2876.00000,2885.00000,2818.00000,2830.00000,433545
1479801600,2870.00000,2871.00000,2840.00000,2847.00000,221112
1479888000,2836.00000,2856.00000,2827.00000,2840.00000,319582
1479974400,2853.00000,2857.80811,2823.00000,2840.00000,129013
1480060800,2853.00000,2853.00000,2802.00000,2827.00000,227860
1480320000,2800.00000,2815.00000,2770.00000,2788.00000,315816
1480406400,2798.00000,2798.00000,2761.00000,2776.00000,393154
1480492800,2819.00000,2819.00000,2747.17603,2748.00000,973390
1480579200,2726.00000,2740.15991,2665.00000,2684.00000,549962
1480665600,2659.00000,2691.48193,2643.00000,2671.00000,468790
1480924800,2671.00000,2683.00000,2643.00000,2656.00000,377488
1481011200,2653.00000,2653.00000,2611.00000,2621.00000,336536
1481097600,2631.00000,2687.00000,2623.00000,2687.00000,743978
1481184000,2703.00000,2769.00000,2633.16602,2759.00000,2243178
1481270400,2763.00000,2812.00000,2751.00000,2774.00000,739560
1481529600,2761.00000,2765.00000,2700.00000,2701.00000,521187
1481616000,2725.00000,2755.00000,2677.00000,2744.00000,326837
1481702400,2725.00000,2745.00000,2701.00000,2719.00000,1495835
1481788800,2737.00000,2773.00000,2714.00000,2767.00000,540466
1481875200,2795.00000,2809.00000,2776.00000,2802.00000,1487303
1482134400,2822.00000,2840.00000,2789.00000,2789.00000,351611
1482220800,2792.00000,2812.00000,2765.00000,2812.00000,363858
1482307200,2808.00000,2816.00000,2799.00000,2812.00000,263681
1482393600,2807.00000,2829.00000,2800.00000,2829.00000,226949
1482480000,2821.00000,2870.00000,2811.00000,2844.00000,155363
1482912000,2898.00000,2898.00000,2841.00000,2858.00000,245485
1482998400,2839.00000,2864.00000,2838.00000,2855.00000,148840
1483084800,2859.00000,2914.00000,2807.00000,2914.00000,218989
1483430400,2928.00000,2928.73193,2890.00000,2900.00000,613820
1483516800,2914.00000,2923.00000,2877.00000,2915.00000,496180
1483603200,2924.00000,3390.94092,2889.00000,2909.00000,363157
1483689600,2922.00000,2934.00000,2899.00000,2924.00000,184580
1483948800,2915.00000,2938.00000,2914.00000,2926.00000,270870
1484035200,2916.00000,2960.00000,2912.00000,2953.00000,371453
1484121600,2939.00000,2950.00000,2920.00000,2935.00000,290481
1484208000,2942.00000,2942.00000,2912.00000,2934.00000,246824
1484294400,2949.00000,2950.00000,2922.00000,2933.00000,617687
1484553600,2935.00000,2955.00000,2918.06104,2946.00000,439034
1484640000,2933.00000,2973.81299,2933.00000,2946.00000,936152
1484726400,2937.00000,2966.00000,2937.00000,2953.00000,400658
1484812800,2950.00000,3015.00000,2945.00000,3010.00000,409933
1484899200,3015.00000,3072.00000,2985.00000,3049.00000,956336
1485158400,3038.00000,3097.00000,3019.00000,3097.00000,896842
1485244800,3117.00000,3138.00000,3067.00000,3074.00000,587819
1485331200,3081.00000,3116.00000,3077.00000,3080.00000,898585
1485417600,3118.00000,3129.00000,3057.00000,3065.00000,1044369
1485504000,3079.00000,3123.00000,3071.00000,3100.00000,828967
1485763200,3076.00000,3150.00000,3076.00000,3108.00000,463188
1485849600,3128.00000,3185.00000,3107.00000,3171.00000,2678252
1485936000,3197.00000,3204.00000,3174.00000,3197.00000,545811
1486022400,3198.00000,3205.00000,3145.00000,3187.00000,672115
1486108800,3200.00000,3216.79810,3183.00000,3199.00000,310763
1486368000,3191.00000,3199.00000,3149.00000,3159.00000,362857
1486454400,3179.00000,3187.00000,3139.00000,3139.00000,694261
1486540800,3129.00000,3163.91406,3065.00000,3084.00000,521834
1486627200,3082.00000,3094.00000,3067.39209,3084.00000,353156
1486713600,3087.00000,3109.00000,3067.00000,3071.00000,1086770
1486972800,3059.00000,3115.00000,3059.00000,3110.00000,358667
1487059200,3116.00000,3138.00000,3095.00000,3117.00000,639307
1487145600,3142.00000,3146.00000,3114.00000,3117.00000,254312
1487232000,3108.00000,3147.00000,3108.00000,3119.00000,307093
1487318400,3113.00000,3131.00000,3104.00000,3130.00000,541431
1487577600,3127.00000,3164.00000,3127.00000,3133.00000,293607
1487664000,3139.00000,3140.00000,3109.00000,3112.00000,1309162
1487750400,3109.00000,3146.00000,3099.00000,3114.00000,729069
1487836800,3131.00000,3136.00000,3102.00000,3125.00000,973808
1487923200,3117.00000,3133.00000,3112.84302,3125.00000,548000
1488182400,3070.00000,3126.00000,2964.43994,3090.00000,1084189
1488268800,3118.00000,3119.00000,3050.00000,3078.00000,772874
1488355200,3096.00000,3156.00000,3077.00000,3141.00000,828137
1488441600,3148.00000,3160.00000,3109.00000,3143.00000,714748
1488528000,3198.00000,3198.00000,3052.00000,3116.00000,640673
1488787200,3088.00000,3116.00000,3088.00000,3104.00000,332819
1488873600,3110.00000,3115.00000,3077.00000,3082.00000,494523
1488960000,3072.00000,3081.00000,3060.00000,3071.00000,635059
1489046400,3090.00000,3111.00000,3068.00000,3081.00000,587075
1489132800,3088.00000,3106.00000,3060.00000,3060.00000,2013220
1489392000,3071.00000,3078.00000,3056.00000,3056.00000,297298
1489478400,3063.00000,3067.00000,3042.63989,3044.00000,313042
1489564800,3041.00000,3083.00000,3041.00000,3065.00000,1288311
1489651200,3072.00000,3092.00000,3061.00000,3070.00000,384465
1489737600,3069.00000,3076.00000,3034.00000,3070.00000,533218
1489996800,3073.00000,3108.00000,3055.00000,3098.00000,249655
1490083200,3104.00000,3124.00000,3061.00000,3065.00000,443605
1490169600,3042.00000,3045.00000,2997.00000,3018.00000,749732
1490256000,3013.00000,3049.00000,3001.00000,3033.00000,618713
1490342400,3019.00000,3034.00000,3001.00000,3016.00000,364817
1490598000,3008.00000,3038.00000,2995.00000,3014.00000,575730
1490684400,3030.00000,3030.00000,2997.00000,3024.00000,392220
1490770800,3044.00000,3139.73999,3001.00000,3106.00000,1027685
1490857200,3151.00000,3167.00000,3067.00000,3133.00000,1481749
1490943600,3140.00000,3197.00000,3110.00000,3171.00000,1148662
1491202800,3179.00000,3220.00000,3152.00000,3191.00000,1252160
1491289200,3200.00000,3212.00000,3173.75391,3206.00000,1128903
1491375600,3206.00000,3234.00000,3196.00000,3199.00000,1390084
1491462000,3174.00000,3202.25610,3160.00000,3202.00000,489590
1491548400,3205.00000,3236.00000,3185.00000,3236.00000,579027
1491807600,3220.00000,3243.00000,3203.00000,3227.00000,379503
1491894000,3236.00000,3270.00000,3217.00000,3235.00000,566171
1491980400,3239.00000,3253.00000,3213.00000,3220.00000,459787
1492066800,3225.00000,3237.00000,3196.00000,3225.00000,600078
1492498800,3222.00000,3236.00000,3185.00000,3195.00000,1063411
1492585200,3195.00000,3211.00000,3165.00000,3172.00000,1095806
1492671600,3177.00000,3197.00000,3164.00000,3188.00000,920156
1492758000,3180.00000,3233.36401,3178.00000,3212.00000,1402430
1493017200,3251.00000,3319.00000,3251.00000,3317.00000,665332
1493103600,3314.00000,3334.00000,3293.00000,3307.00000,3198865
1493190000,3317.00000,3349.00000,3305.00000,3348.00000,878047
1493276400,3329.00000,3401.00000,3329.00000,3391.00000,653897
1493362800,3387.00000,3400.00000,3305.50000,3383.00000,996716
1493708400,3316.00000,3403.00000,3316.00000,3388.00000,884406
1493794800,3382.00000,3388.69995,3338.00000,3350.00000,772673
1493881200,3326.00000,3364.00000,3326.00000,3357.00000,946561
1493967600,3349.00000,3390.00000,3337.00000,3390.00000,1628261
1494226800,3392.00000,3407.12207,3381.00000,3391.00000,719719
1494313200,3385.00000,3422.00000,3367.00000,3386.00000,1554781
1494399600,3381.00000,3441.00000,3375.00000,3412.00000,1384893
1494486000,3413.00000,3437.00000,3381.00000,3431.00000,684199
1494572400,3427.00000,3459.00000,3426.00000,3454.00000,1207300
1494831600,3451.00000,3489.00000,3451.00000,3477.00000,931584
1494918000,3474.00000,3493.00000,3470.00000,3478.00000,706454
1495004400,3468.00000,3477.00000,3427.00000,3427.00000,789193
1495090800,3426.00000,3454.00000,3404.00000,3432.00000,1237916
1495177200,3452.00000,3471.00000,3441.00000,3460.00000,644001
1495436400,3479.00000,3479.00000,3439.00000,3439.00000,472512
1495522800,3445.00000,3452.00000,3410.00000,3410.00000,724707
1495609200,3420.00000,3429.47998,3407.88110,3423.00000,895236
1495695600,3440.00000,3445.00000,3394.89990,3400.00000,837756
1495782000,3406.00000,3409.00000,3369.00000,3391.00000,889972
1496127600,3397.00000,3442.00000,3375.00000,3442.00000,712466
1496214000,3459.00000,3471.00000,3417.00000,3425.00000,643120
1496300400,3435.00000,3468.00000,3431.00000,3442.00000,1385054
1496386800,3469.00000,3486.00000,3460.00000,3483.00000,451070
1496646000,3484.00000,3501.00000,3444.96997,3499.00000,512197
1496732400,3487.00000,3494.00000,3439.00000,3439.00000,574858
1496818800,3429.00000,3489.00000,3423.00000,3463.00000,545177
1496905200,3471.00000,3477.00000,3441.00000,3443.00000,581364
1496991600,3437.00000,3471.00000,3437.00000,3454.00000,752525
1497250800,3438.00000,3460.00000,3398.00000,3399.00000,666217
1497337200,3403.00000,3597.00000,3403.00000,3582.00000,1576485
1497423600,3593.00000,3667.19092,3520.21997,3632.00000,2539000
1497510000,3623.00000,3667.00000,3611.00000,3655.00000,1162922
1497596400,3683.00000,3711.00000,3661.00000,3711.00000,2080143
1497942000,3764.00000,3779.00000,3757.77393,3759.00000,203053
1498028400,3755.00000,3767.00000,3737.00000,3760.00000,97709
1498201200,3754.00000,3760.00000,3735.56006,3753.00000,150554
1498460400,3774.00000,3785.00000,3750.00000,3760.62500,32160
1498546800,3759.00000,3759.00000,3700.00000,3708.25610,588696
1498633200,3726.00000,3752.00000,3719.26294,3730.00000,18339
1498719600,3742.00000,3766.65308,3613.00000,3625.00000,222738
1498806000,3608.00000,3648.00000,3576.00000,3646.00000,386879
1499065200,3630.00000,3658.00000,3621.00000,3625.00000,957386
1499151600,3621.00000,3628.00000,3605.00000,3605.00000,557590
1499238000,3610.00000,3725.00000,3591.00000,3692.00000,774007
1499324400,3696.00000,3724.00000,3667.00000,3721.00000,811569
1499410800,3730.00000,3745.00000,3704.00000,3733.00000,503066
1499670000,3744.00000,3759.00000,3730.00000,3731.00000,425254
1499756400,3731.00000,3731.00000,3731.00000,3731.00000,0
1499842800,3692.00000,3731.00000,3690.00000,3716.00000,544232
1499929200,3726.00000,3727.00000,3694.00000,3702.00000,704235
1500015600,3709.00000,3709.00000,3676.00000,3682.00000,973603
1500274800,3673.00000,3701.00000,3663.00000,3694.00000,327273
1500361200,3693.00000,3701.00000,3666.00000,3680.00000,424740
1500447600,3682.00000,3718.00000,3656.00000,3714.00000,383643
1500534000,3724.00000,3773.00000,3713.00000,3771.00000,640638
1500620400,3761.00000,3809.00000,3761.00000,3786.00000,907498
1500879600,3772.00000,3788.00000,3727.00000,3736.00000,1046561
1500966000,3753.00000,3803.00000,3725.00000,3752.00000,430124
1501052400,3750.00000,3795.00000,3749.00000,3793.00000,458328
1501138800,3780.00000,3835.00000,3774.00000,3825.00000,782561
1501225200,3800.00000,3801.00000,3745.00000,3761.00000,533189
1501484400,3725.00000,3781.00000,3711.00000,3748.00000,779216
1501570800,3759.00000,3793.00000,3747.00000,3787.00000,659680
1501657200,3784.00000,3806.00000,3739.00000,3769.00000,590043
1501743600,3753.00000,3897.00000,3753.00000,3880.00000,1067170
1501830000,3903.00000,3932.00000,3853.00000,3892.00000,624905
1502089200,3889.00000,3907.00000,3871.00000,3879.00000,314888
1502175600,3915.00000,3915.00000,3857.00000,3859.00000,410961
1502262000,3833.00000,3869.25391,3816.00000,3856.00000,439861
1502348400,3863.00000,3863.00000,3804.00000,3819.00000,486343
1502434800,3812.00000,3812.00000,3760.00000,3799.00000,488424
1502694000,3808.00000,3859.00000,3808.00000,3848.00000,1039141
1502780400,3859.00000,3877.00000,3847.00000,3858.00000,373172
1502866800,3881.00000,3931.00000,3881.00000,3915.00000,533721
1502953200,3923.00000,3966.00000,3898.00000,3950.00000,561012
1503039600,3929.00000,3946.00000,3889.00000,3944.00000,485914
1503298800,3920.00000,3954.00000,3920.00000,3948.00000,555000
1503385200,3960.00000,3988.00000,3945.80005,3983.00000,343161
1503471600,3980.00000,3986.00000,3961.00000,3973.00000,270343
1503558000,3962.00000,3999.00000,3962.00000,3972.00000,451925
1503644400,3976.00000,4005.00000,3972.00000,3976.00000,385101
1503990000,3968.00000,3970.00000,3936.00000,3950.00000,434610
1504076400,3956.00000,4001.00000,3940.00000,3944.00000,847864
1504162800,3947.00000,3958.00000,3940.00000,3950.00000,1525588
1504249200,4068.00000,4069.00000,3933.00000,3949.00000,600890
1504508400,3917.00000,3957.00000,3915.00000,3925.00000,241813
1504594800,3912.00000,3939.00000,3878.00000,3886.00000,401762
1504681200,3884.00000,3884.00000,3851.00000,3855.00000,680736
1504767600,3866.00000,3873.00000,3835.00000,3846.00000,530901
1504854000,3830.00000,3858.00000,3830.00000,3858.00000,412802
1505113200,3860.00000,3900.00000,3858.00000,3894.00000,538671
1505199600,3914.00000,3922.00000,3881.00000,3893.00000,1802864
1505286000,3906.00000,3906.00000,3853.00000,3859.00000,755297
1505372400,3865.00000,3874.00000,3839.00000,3857.00000,718993
1505458800,3852.00000,3865.00000,3787.00000,3816.00000,1026403
1505718000,3838.00000,3853.00000,3822.00000,3839.00000,510228
1505804400,3828.00000,3834.00000,3822.00000,3827.00000,759911
1505890800,3829.00000,3832.00000,3801.00000,3801.00000,361898
1505977200,3800.00000,3814.00000,3781.00000,3781.00000,498926
1506063600,3768.00000,3795.00000,3756.00000,3787.00000,425667
1506322800,3766.00000,3783.00000,3745.00000,3745.00000,455371
1506409200,3753.00000,3769.00000,3738.38403,3745.00000,483704
1506495600,3751.00000,3768.00000,3746.00000,3767.00000,539100
1506582000,3764.00000,3779.11304,3740.94409,3779.00000,376627
1506668400,3787.00000,3836.00000,3779.00000,3830.00000,440859
1506927600,3838.00000,3890.98096,3818.00000,3890.00000,797873
1507014000,3876.00000,3880.95190,3837.15210,3875.00000,766146
1507100400,3876.00000,3883.00000,3863.00000,3874.00000,408544
1507186800,3888.00000,3919.00000,3869.00000,3917.00000,450781
1507273200,3931.00000,3974.00000,3928.50098,3954.00000,456732
1507532400,3943.00000,3972.00000,3871.59009,3925.00000,440246
1507618800,3915.00000,3932.00000,3903.00000,3922.00000,315653
1507705200,3924.00000,3927.00000,3904.00000,3921.00000,514920
1507791600,3911.00000,3949.00000,3910.00000,3931.00000,881863
1507878000,3925.00000,3934.00000,3893.00000,3922.00000,744303
1508137200,3910.00000,3935.00000,3871.59009,3915.00000,628885
1508223600,3911.00000,3931.00000,3889.00000,3899.00000,646084
1508310000,3908.00000,3923.00000,3891.00000,3920.00000,699955
1508396400,3905.00000,3916.00000,3842.00000,3878.00000,1113674
1508482800,3894.00000,3898.00000,3841.00000,3849.00000,969876
1508742000,3850.00000,3884.00000,3841.00000,3845.00000,587998
1508828400,3837.00000,3859.00000,3826.00000,3826.00000,682318
1508914800,3839.00000,3839.00000,3771.50000,3780.00000,750293
1509001200,3790.00000,3813.00000,3780.00000,3790.00000,641458
1509087600,3800.00000,3833.00000,3790.31201,3794.00000,401803
1509350400,3785.00000,3789.00000,3757.00000,3760.00000,504790
1509436800,3753.00000,3784.00000,3753.00000,3761.00000,372888
1509523200,3765.00000,3776.00000,3733.00000,3747.00000,1702005
1509609600,3741.00000,3771.00000,3733.00000,3750.00000,1550906
1509696000,3762.00000,3762.00000,3739.00000,3744.00000,572352
1509955200,3734.00000,3786.00000,3733.00000,3769.00000,513002
1510041600,3779.00000,3790.67798,3755.00000,3773.00000,888861
1510128000,3774.00000,3774.00000,3732.00000,3770.00000,615451
1510214400,3761.00000,3784.00000,3728.00000,3733.00000,522373
1510300800,3743.00000,3759.00000,3720.00000,3720.00000,801338
1510560000,3760.00000,3762.00000,3678.00000,3690.00000,433566
1510646400,3698.00000,3736.00000,3690.00000,3721.00000,758906
1510732800,3722.00000,3752.00000,3703.00000,3738.00000,828489
1510819200,3762.00000,3784.00000,3749.00000,3784.00000,378383
1510905600,3776.00000,3881.00000,3776.00000,3846.00000,982712
1511164800,3807.00000,3831.00000,3799.00000,3804.00000,396883
1511251200,3794.00000,3820.00000,3790.00000,3810.00000,497570
1511337600,3806.00000,3828.00000,3797.00000,3803.00000,3341436
1511424000,3806.00000,3810.00000,3774.00000,3785.00000,429661
1511510400,3779.00000,3792.00000,3776.00000,3776.00000,228951
1511769600,3785.00000,3809.00000,3753.00000,3770.00000,541424
1511856000,3780.00000,3800.00000,3757.00000,3800.00000,510870
1511942400,3737.00000,3878.00000,3710.00000,3805.00000,1396568
1512028800,3791.00000,3791.00000,3740.00000,3779.00000,1007243
1512115200,3750.00000,3886.00000,3735.00000,3783.00000,819516
1512374400,3807.00000,3846.00000,3783.00000,3787.00000,1498658
1512460800,3805.00000,3828.00000,3770.00000,3801.00000,781029
1512547200,3789.00000,3798.00000,3759.00000,3769.00000,607523
1512633600,3767.00000,3810.00000,3764.00000,3786.00000,883593
1512720000,3778.00000,3803.00000,3772.00000,3790.00000,959224
1512979200,3789.00000,3848.00000,3789.00000,3833.00000,938570
1513065600,3844.00000,3854.00000,3821.00000,3843.00000,1212588
1513152000,3848.00000,3860.00000,3831.00000,3851.14600,842843
1513238400,3826.00000,3849.00000,3794.00000,3799.00000,1207880
1513324800,3805.00000,3810.00000,3767.00000,3780.00000,1180950
1513584000,3785.00000,3808.00000,3783.00000,3790.00000,553080
1513670400,3782.00000,3810.00000,3776.00000,3788.00000,850268
1513756800,3795.00000,3805.00000,3734.00000,3750.00000,542394
1513843200,3743.00000,3743.00000,3699.00000,3740.00000,679139
1513929600,3720.00000,3740.00000,3711.00000,3738.00000,247310
1514361600,3748.00000,3760.00000,3722.00000,3746.00000,516260
1514448000,3757.00000,3767.00000,3738.00000,3748.00000,336641
1514534400,3750.00000,3797.00000,3748.00000,3793.00000,230211
1514880000,3797.00000,3802.00000,3741.00000,3742.00000,497857
1514966400,3758.00000,3758.00000,3734.00000,3749.00000,1009997
1515052800,3756.00000,3762.00000,3732.00000,3749.00000,669448
1515139200,3762.00000,3766.00000,3735.00000,3758.00000,2225274
1515398400,3761.00000,3762.00000,3733.00000,3744.00000,930995
1515484800,3753.00000,3757.00000,3719.00000,3719.00000,1035866
1515571200,3711.00000,3742.00000,3699.00000,3700.00000,1955527
1515657600,3676.00000,3685.00000,3612.00000,3649.00000,1393681
1515744000,3648.00000,3706.00000,3631.00000,3700.00000,1674254
1516003200,3707.00000,3707.00000,3672.00000,3675.00000,1032939
1516089600,3682.00000,3712.00000,3682.00000,3699.00000,1322314
1516176000,3680.00000,3715.00000,3669.00000,3689.00000,1272976
1516262400,3701.00000,3710.00000,3689.00000,3695.00000,1607451
1516348800,3695.00000,3754.00000,3691.00000,3751.00000,4260311
1516608000,3736.00000,3749.00000,3706.00000,3719.00000,1226841
1516694400,3739.00000,3800.00000,3731.00000,3799.00000,1081253
1516780800,3805.00000,4045.00000,3800.00000,3988.00000,2949328
1516867200,4020.00000,4020.00000,3923.00000,3932.00000,1542647
1516953600,3952.00000,4047.00000,3942.00000,4024.00000,2707810
1517212800,4035.00000,4076.00000,4006.00000,4025.00000,1443655
1517299200,4018.00000,4034.00000,3979.00000,3989.00000,1712692
1517385600,4021.00000,4032.00000,3923.00000,3927.00000,1199107
1517472000,3944.00000,4013.00000,3944.00000,3995.00000,4316612
1517558400,3993.00000,4021.00000,3961.00000,4016.00000,3305927
1517817600,3980.00000,3983.00000,3932.00000,3955.00000,1488483
1517904000,3917.00000,3970.00000,3866.00000,3912.00000,2170301
1517990400,3935.00000,4054.00000,3894.00000,4043.00000,1365530
1518076800,4034.00000,4065.00000,3918.00000,3918.00000,1021241
1518163200,3894.00000,3924.00000,3851.00000,3863.00000,1144823
1518422400,3919.00000,3955.00000,3914.00000,3934.00000,1238609
1518508800,3930.00000,3962.00000,3909.00000,3930.00000,708638
1518595200,3959.00000,3994.00000,3913.00000,3972.00000,1135434
1518681600,3984.00000,4068.00000,3984.00000,4022.00000,1985630
1518768000,4044.00000,4090.00000,4042.00000,4050.00000,922407
1519027200,4052.00000,4066.00000,3965.00000,3975.00000,655825
1519113600,3995.00000,4024.00000,3979.00000,4005.00000,534904
1519200000,3979.00000,4080.00000,3952.00000,4069.00000,922010
1519286400,4053.00000,4085.00000,4020.00000,4085.00000,677900
1519372800,4092.00000,4092.00000,4040.00000,4056.00000,550007
1519632000,4091.00000,4101.00000,4052.00000,4084.00000,656134
1519718400,4087.00000,4111.00000,4052.00000,4054.00000,519743
1519804800,4044.00000,4080.00000,4009.00000,4028.00000,860977
1519891200,4026.00000,4064.00000,3942.00000,3942.00000,1011418
1519977600,3863.00000,3941.00000,3797.00000,3837.00000,1421730
1520236800,3840.00000,3904.00000,3837.00000,3881.00000,910901
1520323200,3839.00000,4002.00000,3832.00000,3877.00000,1065038
1520409600,3875.00000,3956.00000,3848.00000,3922.00000,943226
1520496000,3919.00000,3950.00000,3888.00000,3921.00000,822264
1520582400,3929.00000,3952.00000,3897.00000,3936.00000,487429
1520841600,3936.00000,3950.00000,3921.00000,3945.00000,1009849
1520928000,3943.00000,3967.00000,3892.00000,3905.00000,893624
1521014400,3905.00000,3973.00000,3902.00000,3966.00000,983785
1521100800,3961.00000,4042.00000,3960.00000,4019.00000,1046982
1521187200,4053.00000,4062.00000,3973.00000,3996.00000,1870475
1521446400,4000.00000,4007.00000,3949.00000,3959.00000,724145
1521532800,3982.00000,4064.00000,3981.00000,4036.00000,665395
1521619200,4048.00000,4150.00000,4030.00000,4150.00000,2701619
1521705600,4111.00000,4202.00000,4104.00000,4183.00000,1238001
1521792000,4148.00000,4175.00000,4103.00000,4124.00000,1873600
1522047600,4143.00000,4143.00000,4065.00000,4078.00000,618413
1522134000,4149.00000,4206.00000,4133.00000,4166.00000,695901
1522220400,4140.00000,4175.00000,4091.00000,4129.00000,1075011
1522306800,4140.00000,4160.00000,4104.00000,4126.00000,1220849
1522738800,4079.00000,4112.00000,4057.00000,4086.00000,865369
1522825200,4076.00000,4081.00000,3975.00000,4020.00000,1454908
1522911600,4089.00000,4158.00000,4046.00000,4152.00000,2562865
1522998000,4172.00000,4244.00000,4131.00000,4218.00000,1251836
1523257200,4344.00000,4371.00000,4198.00000,4260.00000,782410
1523343600,4281.00000,4320.00000,4260.00000,4305.00000,1225894
1523430000,4291.00000,4315.00000,4242.00000,4246.00000,1159836
1523516400,4258.00000,4270.00000,4229.00000,4238.00000,1200516
1523602800,4255.00000,4287.00000,4227.00000,4270.00000,809665
1523862000,4282.00000,4282.00000,4214.00000,4216.00000,590401
1523948400,4221.00000,4221.00000,4164.00000,4175.00000,1049359
1524034800,4184.00000,4215.00000,4173.00000,4205.00000,841090
1524121200,4208.00000,4259.00000,4198.00000,4250.00000,438807
1524207600,4258.00000,4278.00000,4224.00000,4250.00000,903453
1524466800,4269.00000,4269.00000,4197.00000,4215.00000,1242529
1524553200,4238.00000,4304.00000,4211.00000,4300.00000,1340603
1524639600,4289.00000,4320.00000,4272.00000,4273.00000,870396
1524726000,4288.00000,4320.00000,4268.00000,4297.00000,937420
1524812400,4319.00000,4362.00000,4308.00000,4318.00000,3998599
1525071600,4332.00000,4343.00000,4281.00000,4300.00000,1179786
1525158000,4335.00000,4364.00000,4315.00000,4355.00000,2165111
1525244400,4380.00000,4401.00000,4369.00000,4374.00000,1738535
1525330800,4339.00000,4344.00000,4285.00000,4297.00000,893755
1525417200,4322.00000,4344.00000,4301.00000,4330.00000,1130795
1525762800,4325.00000,4357.00000,4325.00000,4351.00000,886489
1525849200,4352.00000,4416.00000,4343.00000,4402.00000,548165
1525935600,4418.00000,4471.00000,4393.00000,4471.00000,526433
1526022000,4473.00000,4487.00000,4420.00000,4431.00000,660101
1526281200,4449.00000,4449.00000,4395.00000,4417.00000,1284802
1526367600,4414.00000,4487.00000,4413.00000,4475.00000,720679
1526454000,4477.00000,4485.00000,4418.00000,4465.00000,983368
1526540400,4449.00000,4505.00000,4436.00000,4498.00000,685631
1526626800,4519.00000,4541.00000,4497.00000,4528.00000,1010856
1526886000,4547.00000,4572.00000,4520.00000,4543.00000,506901
1526972400,4555.00000,4572.00000,4538.00000,4542.00000,550546
1527058800,4542.00000,4550.00000,4467.00000,4469.00000,893484
1527145200,4498.00000,4531.00000,4480.00000,4489.00000,615248
1527231600,4518.00000,4565.00000,4508.00000,4544.00000,1219561
1527577200,4577.00000,4577.00000,4466.00000,4480.00000,858960
1527663600,4480.00000,4480.00000,4421.00000,4448.00000,1297092
1527750000,4473.00000,4505.00000,4448.00000,4477.00000,1321953
1527836400,4517.00000,4528.00000,4483.00000,4484.00000,649035
1528095600,4479.00000,4506.00000,4478.00000,4504.00000,724176
1528182000,4483.00000,4551.00000,4474.00000,4516.00000,683574
1528268400,4526.00000,4559.00000,4510.00000,4554.00000,501506
1528354800,4618.00000,4620.00000,4502.00000,4502.00000,797495
1528441200,4480.00000,4505.00000,4386.00000,4504.00000,586383
1528700400,4514.00000,4583.00000,4514.00000,4543.00000,829119
1528786800,4550.00000,4558.00000,4489.00000,4500.00000,566001
1528873200,4500.00000,4558.00000,4487.00000,4514.00000,978069
1528959600,4490.00000,4522.00000,4480.00000,4490.00000,2388619
1529046000,4477.00000,4495.00000,4410.00000,4410.00000,1437751
1529305200,4402.00000,4412.00000,4372.00000,4395.00000,1233531
1529391600,4354.00000,4386.00000,4340.00000,4370.00000,1501924
1529478000,4387.00000,4473.00000,4387.00000,4451.00000,1598169
1529564400,4470.00000,4479.00000,4437.00000,4450.00000,843002
1529650800,4453.00000,4495.00000,4451.00000,4461.00000,464192
1529910000,4439.00000,4478.00000,4400.00000,4400.00000,486105
1529996400,4421.00000,4518.00000,4410.00000,4493.00000,1364681
1530082800,4487.00000,4502.00000,4414.00000,4459.00000,786197
1530169200,4443.00000,4479.00000,4386.00000,4414.00000,799165
1530255600,4445.00000,4514.00000,4444.00000,4471.00000,871120
1530514800,4454.00000,4454.00000,4375.00000,4389.00000,702227
1530601200,4402.00000,4457.00000,4395.00000,4436.00000,562783
1530687600,4419.00000,4488.00000,4402.00000,4478.00000,264953
1530774000,4485.00000,4494.00000,4456.00000,4459.00000,888962
1530860400,4479.00000,4503.00000,4446.00000,4497.00000,714220
1531119600,4504.00000,4522.00000,4488.00000,4500.00000,888532
1531206000,4500.00000,4522.00000,4479.00000,4500.00000,959769
1531292400,4470.00000,4496.00000,4463.00000,4494.00000,604661
1531378800,4513.00000,4531.00000,4493.00000,4515.00000,852987
1531465200,4539.00000,4580.00000,4520.00000,4520.00000,538587
1531724400,4516.00000,4531.00000,4468.00000,4488.70020,475379
1531810800,4483.00000,4516.00000,4470.00000,4500.00000,525162
1531897200,4502.00000,4562.00000,4498.00000,4548.00000,874221
1531983600,4553.00000,4607.00000,4544.00000,4568.00000,1205416
1532070000,4570.00000,4587.00000,4540.00000,4541.00000,416882
1532329200,4536.00000,4550.00000,4511.00000,4536.00000,399276
1532415600,4545.00000,4600.00000,4538.00000,4550.00000,4037583
1532502000,4556.00000,4589.00000,4550.00000,4556.00000,743070
1532588400,4560.00000,4560.00000,4517.00000,4521.00000,707847
1532674800,4527.00000,4533.00000,4488.00000,4492.00000,528084
1532934000,4466.00000,4489.00000,4404.00000,4406.00000,695295
1533020400,4422.00000,4432.00000,4390.00000,4397.00000,933622
1533106800,4400.00000,4404.00000,4348.00000,4357.00000,901575
1533193200,4450.00000,4520.00000,4413.00000,4497.00000,3658748
1533279600,4531.00000,4531.00000,4477.00000,4489.00000,1731808
1533538800,4503.00000,4503.00000,4428.00000,4468.00000,1070049
1533625200,4485.00000,4550.00000,4474.00000,4539.00000,1829896
1533711600,4527.00000,4539.00000,4503.00000,4510.00000,920897
1533798000,4510.00000,4512.00000,4483.00000,4502.00000,574938
1533884400,4489.00000,4498.00000,4475.00000,4481.00000,538690
1534143600,4469.00000,4499.00000,4445.00000,4490.00000,654089
1534230000,4510.00000,4510.00000,4437.00000,4438.00000,439811
1534316400,4453.00000,4459.00000,4370.00000,4391.00000,553730
1534402800,4414.00000,4419.00000,4380.00000,4398.00000,397316
1534489200,4397.00000,4420.00000,4373.00000,4408.00000,434251
1534748400,4417.00000,4453.00000,4404.00000,4423.00000,338468
1534834800,4435.00000,4435.00000,4395.00000,4404.00000,348072
1534921200,4404.00000,4457.00000,4394.00000,4447.00000,782902
1535007600,4439.00000,4515.00000,4425.00000,4490.00000,1363407
1535094000,4484.00000,4510.00000,4475.00000,4502.00000,433521
1535439600,4547.00000,4630.00000,4536.00000,4597.00000,683886
1535526000,4600.00000,4653.00000,4598.00000,4634.00000,686235
1535612400,4625.00000,4670.00000,4618.00000,4648.00000,528106
1535698800,4654.00000,4703.00000,4624.00000,4624.00000,908345
1535958000,4627.00000,4694.00000,4623.00000,4670.00000,321589
1536044400,4684.00000,4715.00000,4660.00000,4681.00000,1071746
1536130800,4685.00000,4696.00000,4626.00000,4662.00000,702833
1536217200,4659.00000,4700.00000,4626.00000,4663.00000,1313231
1536303600,4657.00000,4671.00000,4587.00000,4644.00000,740184
1536562800,4663.00000,4738.00000,4630.00000,4726.00000,856204
1536649200,4724.00000,4758.00000,4680.00000,4738.00000,787382
1536735600,4753.00000,4798.00000,4743.00000,4794.00000,816618
1536822000,4791.00000,4814.00000,4745.00000,4748.00000,772072
1536908400,4775.00000,4790.00000,4739.00000,4790.00000,624573
1537167600,4789.00000,4810.00000,4749.00000,4751.00000,973525
1537254000,4750.00000,4794.00000,4719.00000,4758.00000,891997
1537340400,4753.00000,4807.00000,4721.00000,4762.00000,1844166
1537426800,4759.00000,4775.00000,4720.00000,4747.00000,11176573
1537513200,4750.00000,4783.00000,4734.00000,4770.00000,7493442
1537772400,4754.00000,4763.00000,4642.00000,4663.00000,1276899
1537858800,4663.00000,4700.00000,4577.00000,4584.00000,2565174
1537945200,4578.00000,4606.00000,4564.00000,4585.00000,1253681
1538031600,4583.00000,4631.00000,4565.00000,4600.00000,1026004
1538118000,4584.00000,4609.00000,4577.00000,4586.00000,936081
1538377200,4580.00000,4603.00000,4561.00000,4585.00000,732259
1538463600,4577.00000,4584.00000,4518.00000,4519.00000,1222906
1538550000,4521.00000,4573.00000,4518.00000,4564.00000,694521
1538636400,4561.00000,4567.00000,4521.00000,4521.00000,532207
1538722800,4541.00000,4560.00000,4512.00000,4512.00000,703440
1538982000,4519.00000,4522.00000,4430.00000,4430.00000,741839
1539068400,4443.00000,4445.00000,4348.00000,4356.00000,940532
1539154800,4355.00000,4363.00000,4160.00000,4160.00000,1683018
1539241200,4102.00000,4105.00000,4000.00000,4077.00000,3028819
1539327600,4101.00000,4147.00000,4082.00000,4097.00000,1254488
1539586800,4128.00000,4128.00000,4042.00000,4092.00000,1223040
1539673200,4088.00000,4208.00000,4074.00000,4197.00000,1451831
1539759600,4223.00000,4282.00000,4209.00000,4275.00000,1749927
1539846000,4275.00000,4316.00000,4252.00000,4286.00000,2057415
1539932400,4284.00000,4409.00000,4242.00000,4391.00000,1851905
1540191600,4394.00000,4440.00000,4355.00000,4355.00000,1877478
1540278000,4340.00000,4342.00000,4201.00000,4220.00000,1333925
1540364400,4227.00000,4300.00000,4227.00000,4235.00000,1378716
1540450800,4200.00000,4311.00000,4147.00000,4311.00000,1179938
1540537200,4254.00000,4285.00000,4195.00000,4236.00000,807282
1540800000,4243.00000,4315.00000,4241.00000,4272.00000,664756
1540886400,4290.00000,4299.00000,4231.00000,4260.00000,494447
1540972800,4315.00000,4354.00000,4303.00000,4315.00000,1455281
1541059200,4280.00000,4321.00000,4262.00000,4279.00000,856187
1541145600,4331.00000,4351.00000,4270.00000,4287.00000,834719
1541404800,4279.00000,4294.00000,4252.00000,4260.00000,576378
1541491200,4255.00000,4278.00000,4230.00000,4251.00000,400205
1541577600,4272.00000,4297.00000,4235.00000,4256.00000,467472
1541664000,4240.00000,4276.00000,4184.00000,4184.00000,984599
1541750400,4173.00000,4242.00000,4165.00000,4213.00000,697888
1542009600,4252.00000,4266.00000,4165.00000,4165.00000,764604
1542096000,4168.00000,4210.00000,4163.00000,4209.00000,590116
1542182400,4201.00000,4201.00000,4087.00000,4128.00000,841765
1542268800,4137.00000,4182.00000,4076.00000,4099.00000,871637
1542355200,4125.00000,4142.00000,4085.00000,4097.00000,1311403
1542614400,4105.00000,4121.00000,4051.00000,4056.00000,903226
1542700800,4030.00000,4055.00000,3944.00000,3946.00000,1444757
1542787200,3976.00000,4004.00000,3932.00000,4000.00000,1319293
1542873600,3988.00000,4009.00000,3962.00000,4000.00000,1387128
1542960000,4022.00000,4041.00000,3988.00000,4030.00000,1643455
1543219200,4080.00000,4080.00000,4018.00000,4058.00000,923463
1543305600,4062.00000,4081.00000,4027.00000,4067.00000,826854
1543392000,4090.00000,4098.00000,4039.00000,4049.00000,569580
1543478400,4075.00000,4107.00000,4061.00000,4083.00000,1784193
1543564800,4096.00000,4096.00000,4016.00000,4033.00000,992577
1543824000,4092.00000,4100.00000,4049.00000,4080.00000,860202
1543910400,4055.00000,4089.00000,4012.00000,4039.00000,964159
1543996800,3992.00000,4076.00000,3970.00000,4027.00000,560196
1544083200,4000.00000,4004.00000,3842.00000,3870.00000,808346
1544169600,3896.00000,3964.00000,3873.00000,3873.00000,583170
1544428800,3893.00000,3958.00000,3867.00000,3867.00000,955826
1544515200,3913.00000,4003.00000,3882.00000,3930.00000,1354374
1544601600,3930.00000,4038.00000,3915.00000,4036.00000,1068394
1544688000,4022.00000,4074.00000,3990.00000,4030.00000,2142661
1544774400,3994.00000,4054.00000,3994.00000,4040.00000,750559
1545033600,4035.00000,4050.00000,3998.00000,4020.00000,1063356
1545120000,4055.00000,4059.00000,3969.00000,4013.00000,1350206
1545206400,4010.00000,4033.00000,3997.00000,4030.00000,2481141
1545292800,4000.00000,4080.00000,3966.00000,4050.00000,1434312
1545379200,4046.00000,4086.00000,4017.00000,4067.00000,1433078
1545638400,4039.00000,4063.00000,3897.00000,3908.00000,183190
1545897600,3967.00000,4012.00000,3943.00000,3983.00000,739729
1545984000,4010.00000,4087.00000,4010.00000,4064.00000,570404
1546243200,4077.00000,4082.00000,4030.00000,4062.00000,255162
1546416000,4040.00000,4135.00000,4005.00000,4124.00000,967071
1546502400,4083.00000,4121.00000,4059.00000,4068.00000,1321349
1546588800,4160.00000,4227.00000,4075.00000,4226.00000,697084
1546848000,4270.00000,4279.00000,4182.00000,4206.00000,944124
1546934400,4200.00000,4208.00000,4163.00000,4165.00000,1281606
1547020800,4191.00000,4232.00000,4179.00000,4198.00000,1125777
1547107200,4188.00000,4282.00000,4167.00000,4270.00000,712327
1547193600,4298.00000,4350.00000,4281.00000,4323.00000,1810788
1547452800,4331.00000,4413.00000,4307.00000,4390.00000,1294292
1547539200,4468.00000,4494.00000,4390.00000,4469.00000,1337302
1547625600,4494.00000,4494.00000,4409.00000,4414.00000,2595965
1547712000,4413.00000,4432.00000,4388.00000,4404.00000,1027027
1547798400,4431.00000,4454.00000,4395.00000,4454.00000,1594431
1548057600,4457.00000,4546.00000,4453.00000,4507.00000,622138
1548144000,4475.00000,4504.00000,4440.00000,4450.00000,480339
1548230400,4464.00000,4482.00000,4384.00000,4420.00000,984887
1548316800,4432.00000,4435.00000,4396.00000,4413.00000,516907
1548403200,4408.00000,4482.00000,4398.00000,4420.00000,907532
1548662400,4418.00000,4463.00000,4409.00000,4445.00000,658989
1548748800,4494.00000,4550.00000,4453.00000,4530.00000,1019483
1548835200,4526.00000,4606.00000,4512.00000,4590.00000,821709
1548921600,4617.00000,4650.00000,4536.00000,4579.00000,1022289
1549008000,4594.00000,4612.00000,4552.00000,4580.00000,497500
1549267200,4566.00000,4629.00000,4564.00000,4625.00000,582817
1549353600,4626.00000,4666.00000,4575.00000,4653.00000,656358
1549440000,4629.00000,4652.00000,4598.00000,4650.00000,499577
1549526400,4620.00000,4683.00000,4591.00000,4591.00000,553352
1549612800,4592.00000,4618.00000,4559.00000,4576.00000,656591
1549872000,4601.00000,4657.00000,4561.00000,4639.00000,771830
1549958400,4645.00000,4654.00000,4570.00000,4579.00000,699549
1550044800,4580.00000,4649.00000,4576.00000,4638.00000,506248
1550131200,4614.00000,4649.00000,4612.00000,4631.00000,642263
1550217600,4630.00000,4700.00000,4612.00000,4685.00000,777055
1550476800,4679.00000,4691.00000,4636.00000,4670.00000,550736
1550563200,4671.00000,4679.00000,4591.00000,4603.00000,595420
1550649600,4585.00000,4601.00000,4505.00000,4508.00000,806211
1550736000,4510.00000,4548.00000,4491.00000,4509.00000,836744
1550822400,4524.00000,4546.00000,4493.00000,4510.00000,724883
1551081600,4519.00000,4530.00000,4497.00000,4508.00000,462540
1551168000,4474.00000,4517.00000,4461.00000,4490.00000,618465
1551254400,4491.00000,4493.00000,4424.00000,4489.00000,1240447
1551340800,4553.00000,4565.00000,4488.00000,4507.00000,947626
1551427200,4417.00000,4695.00000,4391.00000,4695.00000,1452144
1551686400,4699.00000,4767.00000,4671.00000,4717.00000,1238886
1551772800,4724.00000,4755.00000,4692.00000,4735.00000,726100
1551859200,4718.00000,4736.00000,4671.00000,4705.00000,645021
1551945600,4687.00000,4705.00000,4602.00000,4632.00000,541634
1552032000,4610.00000,4652.00000,4591.00000,4635.00000,388337
1552291200,4665.00000,4672.00000,4620.00000,4644.00000,350985
1552377600,4657.00000,4720.00000,4629.00000,4669.00000,514346
1552464000,4678.00000,4709.00000,4628.00000,4666.00000,491464
1552550400,4669.00000,4691.00000,4620.00000,4670.00000,703342
1552636800,4695.00000,4757.00000,4660.00000,4750.00000,995020
1552896000,4750.00000,4789.00000,4750.00000,4781.00000,434764
1552982400,4763.00000,4821.00000,4763.00000,4806.00000,788128
1553068800,4800.00000,4821.00000,4711.00000,4711.00000,1148905
1553155200,4663.00000,4693.00000,4525.00000,4642.00000,2001692
1553241600,4656.00000,4676.00000,4584.00000,4594.00000,628683
1553500800,4566.00000,4584.00000,4533.00000,4538.00000,527497
1553587200,4570.00000,4610.00000,4538.00000,4601.00000,716054
1553673600,4625.00000,4668.00000,4597.00000,4650.00000,638548
1553760000,4659.00000,4732.00000,4659.00000,4706.00000,611219
1553846400,4710.00000,4753.00000,4698.00000,4751.00000,656245
1554102000,4746.00000,4807.00000,4746.00000,4754.00000,677030
1554188400,4793.00000,4806.00000,4753.00000,4806.00000,619178
1554274800,4800.00000,4931.00000,4800.00000,4930.00000,1316576
1554361200,4901.00000,4950.00000,4883.00000,4929.00000,764991
1554447600,4928.00000,4962.00000,4895.00000,4944.00000,728166
1554706800,4892.00000,4943.00000,4852.00000,4865.00000,425552
1554793200,4848.00000,4858.00000,4777.00000,4787.00000,1216650
1554879600,4800.00000,4812.00000,4770.00000,4770.00000,780491
1554966000,4794.00000,4854.00000,4782.00000,4840.00000,460749
1555052400,4840.00000,4894.00000,4820.00000,4858.00000,380245
1555311600,4879.00000,4905.00000,4851.00000,4863.00000,522941
1555398000,4877.00000,4965.00000,4851.00000,4936.00000,451237
1555484400,4948.00000,4950.00000,4906.00000,4945.00000,417841
1555570800,4946.00000,4984.00000,4918.00000,4964.00000,371518
1556002800,5000.00000,5004.00000,4929.00000,4997.00000,530991
1556089200,4981.00000,5040.00000,4981.00000,4985.00000,449067
1556175600,5004.00000,5054.00000,4966.00000,5040.00000,774678
1556262000,5064.00000,5082.00000,5028.00000,5082.00000,510936
1556521200,5098.00000,5126.00000,5050.00000,5108.00000,421584
1556607600,5130.00000,5132.00000,5008.00000,5014.00000,1482016
1556694000,5046.00000,5186.00000,5028.00000,5186.00000,711198
1556780400,5110.00000,5138.00000,5088.00000,5100.00000,635698
1556866800,5136.00000,5148.00000,5088.00000,5116.00000,409260
1557212400,5120.00000,5190.00000,5112.00000,5112.00000,524217
1557298800,5098.00000,5146.00000,5068.00000,5142.00000,1934773
1557385200,5112.00000,5182.00000,5064.00000,5076.00000,706324
1557471600,5108.00000,5136.00000,5070.00000,5072.00000,428460
1557730800,5070.00000,5108.00000,5024.00000,5050.00000,467509
1557817200,5062.00000,5142.00000,5052.00000,5138.00000,544019
1557903600,5160.00000,5224.00000,5144.00000,5224.00000,693320
1557990000,5206.00000,5298.00000,5198.00000,5284.00000,510560
1558076400,5264.00000,5300.00000,5244.00000,5288.00000,806639
1558335600,5300.00000,5320.00000,5224.00000,5248.00000,1040303
1558422000,5268.00000,5308.00000,5260.00000,5270.00000,626950
1558508400,5306.00000,5330.00000,5274.00000,5292.00000,1383548
1558594800,5300.00000,5300.00000,5186.00000,5210.00000,760398
1558681200,5240.00000,5272.00000,5212.00000,5230.00000,972415
1559026800,5232.00000,5238.00000,5204.00000,5224.00000,1472440
1559113200,5214.00000,5240.00000,5132.00000,5146.00000,628923
1559199600,5146.00000,5274.00000,5136.00000,5252.00000,495217
1559286000,5228.00000,5284.00000,5180.00000,5284.00000,907325
1559545200,5270.00000,5342.00000,5252.00000,5302.00000,1205396
1559631600,5280.00000,5338.00000,5268.00000,5300.00000,996264
1559718000,5316.00000,5362.00000,5298.00000,5334.00000,658900
1559804400,5350.00000,5418.00000,5336.00000,5358.00000,412460
1559890800,5386.00000,5428.00000,5374.00000,5412.00000,1163061
1560150000,5460.00000,5472.00000,5422.00000,5464.00000,215239
1560236400,5484.00000,5500.00000,5434.00000,5448.00000,1365077
1560322800,5438.00000,5450.00000,5362.00000,5408.00000,531757
1560409200,5386.00000,5438.00000,5384.00000,5410.00000,366027
1560495600,5414.00000,5446.00000,5370.00000,5446.00000,537469
1560754800,5446.00000,5476.00000,5426.00000,5454.00000,499893
1560841200,5454.00000,5478.00000,5420.00000,5462.00000,794867
1560927600,5486.00000,5506.00000,5466.00000,5480.00000,507200
1561014000,5516.00000,5600.00000,5498.00000,5530.00000,677928
1561100400,5518.00000,5534.00000,5488.00000,5500.00000,1680972
1561359600,5488.00000,5588.00000,5488.00000,5588.00000,873254
1561446000,5586.00000,5608.00000,5562.00000,5584.00000,1149887
1561532400,5550.00000,5578.00000,5502.00000,5510.00000,497196
1561618800,5498.00000,5520.00000,5432.00000,5450.00000,755032
1561705200,5468.00000,5550.00000,5468.00000,5486.00000,772989
1561964400,5546.00000,5586.00000,5506.00000,5586.00000,546039
1562050800,5596.00000,5676.00000,5584.00000,5676.00000,650513
1562137200,5690.00000,5768.00000,5662.00000,5762.00000,542262
1562223600,5764.00000,5792.00000,5712.00000,5784.00000,296321
1562310000,5804.00000,5804.00000,5652.00000,5656.00000,539132
1562569200,5640.00000,5716.00000,5630.00000,5692.00000,428673
1562655600,5692.00000,5738.00000,5668.00000,5678.00000,410528
1562742000,5702.00000,5714.00000,5630.00000,5668.00000,410547
1562828400,5666.00000,5682.00000,5656.00000,5678.00000,1249258
1562914800,5702.00000,5734.00000,5672.00000,5694.00000,380612
1563174000,5684.00000,5740.00000,5618.00000,5664.00000,493394
1563260400,5676.00000,5782.00000,5664.00000,5754.00000,454401
1563346800,5748.00000,5790.00000,5746.00000,5778.00000,556841
1563433200,5780.00000,5800.00000,5710.00000,5770.00000,485937
1563519600,5784.00000,5810.00000,5734.00000,5752.00000,427028
1563778800,5740.00000,5758.00000,5688.00000,5716.00000,396657
1563865200,5706.00000,5790.00000,5620.00000,5638.00000,1229634
1563951600,5612.00000,5684.00000,5588.00000,5628.00000,604094
1564038000,5652.00000,5668.00000,5574.00000,5626.00000,619986
1564124400,5626.00000,5694.00000,5620.00000,5672.00000,235626
1564383600,6100.00000,6600.00000,6010.00000,6542.00000,1895144
1564470000,6506.00000,6574.00000,6470.00000,6504.00000,1708979
1564556400,6500.00000,6636.00000,6484.00000,6626.00000,1482629
1564642800,6722.00000,7272.00000,6590.00000,7058.00000,2000766
1564729200,7120.00000,7124.00000,6600.00000,6814.00000,1820269
1564988400,6788.00000,6826.00000,6561.92578,6606.00000,879967
1565074800,6560.00000,6640.00000,6552.00000,6598.00000,1014089
1565161200,6626.00000,6790.00000,6606.00000,6790.00000,917035
1565247600,6800.00000,6864.00000,6758.00000,6810.00000,1494643
1565334000,6804.00000,6880.00000,6790.00000,6840.00000,642026
1565593200,6976.00000,6980.00000,6790.00000,6790.00000,508125
1565679600,6730.00000,6788.00000,6696.00000,6748.00000,618171
1565766000,6804.00000,6852.00000,6670.00000,6728.00000,700014
1565852400,6726.00000,6780.00000,6608.25000,6722.00000,599967
1565938800,6730.00000,6866.00000,6724.00000,6852.00000,797131
1566198000,6894.00000,7002.00000,6840.00000,6928.00000,530205
1566284400,6958.00000,7014.00000,6880.00000,6880.00000,872392
1566370800,6960.00000,6960.00000,6888.00000,6900.00000,636669
1566457200,6860.00000,6884.00000,6760.00000,6838.00000,627811
1566543600,6868.00000,6906.30811,6832.00000,6832.00000,294042
1566889200,6900.00000,6902.00000,6784.00000,6840.00000,878284
1566975600,6852.00000,6904.00000,6804.00000,6880.00000,520898
1567062000,6894.00000,6982.00000,6876.00000,6970.00000,425727
1567148400,6936.00000,7032.00000,6932.00000,6954.00000,671037
1567407600,6936.00000,7040.00000,6932.00000,7020.00000,541632
1567494000,7020.00000,7058.00000,6956.00000,7034.00000,526305
1567580400,7100.00000,7142.00000,6948.00000,7136.00000,718396
1567666800,7216.00000,7316.00000,7152.00000,7208.00000,703544
1567753200,7228.00000,7370.00000,7202.03516,7322.00000,601455
1568012400,7392.00000,7420.00000,7080.00000,7080.00000,1156419
1568098800,7070.00000,7171.93896,6732.00000,6804.00000,2373721
1568185200,6818.00000,7922.00000,6690.00000,7206.00000,4549729
1568271600,7250.00000,7296.00000,7158.00000,7252.00000,1805334
1568358000,7260.00000,7566.00000,7198.00000,7514.00000,2086417
1568617200,7434.00000,7434.00000,7274.00000,7404.00000,1155292
1568703600,7376.00000,7432.00000,1656.00000,7350.00000,659296
1568790000,7340.00000,7344.00000,7256.00000,7256.00000,748333
1568876400,7230.00000,7256.00000,7150.00000,7246.00000,679891
1568962800,7200.00000,7264.00000,7168.00000,7250.00000,1515551
1569222000,7258.00000,7334.00000,7202.00000,7306.00000,1516324
1569308400,7320.00000,7402.79980,7288.00000,7370.00000,478195
1569394800,7296.00000,7330.00000,7161.34912,7254.00000,691680
1569481200,7268.00000,7350.00000,7266.00000,7350.00000,1564420
1569567600,7406.00000,7518.45898,7304.00000,7360.00000,606829
1569826800,7324.00000,7400.00000,7308.00000,7308.00000,550757
1569913200,7378.00000,7378.00000,7232.00000,7256.00000,599991
1569999600,7220.00000,7238.00000,6984.00000,7008.00000,822803
1570086000,7008.00000,7188.00000,6980.00000,7168.00000,1080520
1570172400,7310.00000,7394.00000,7172.00000,7382.00000,912820
1570431600,7400.00000,7500.00000,7362.00000,7452.00000,794817
1570518000,7024.00000,7132.00000,6950.00000,7020.00000,2250359
1570604400,7052.00000,7248.00000,7028.00000,7248.00000,892646
1570690800,7226.00000,7288.00000,7088.00000,7288.00000,2203069
1570777200,7270.00000,7326.00000,7119.70117,7300.00000,641636
1571036400,7304.00000,7356.00000,7119.70020,7298.00000,309600
1571122800,7300.00000,7410.00000,7122.03711,7208.00000,1331370
1571209200,7210.00000,7210.00000,6996.00000,7010.00000,1151830
1571295600,7064.00000,7086.00000,6920.00000,7044.00000,839859
1571382000,7100.00000,7236.00000,7066.00000,7102.00000,1104947
1571641200,7142.00000,7169.89990,7008.00000,7074.00000,541042
1571727600,7054.00000,7134.00000,6946.00000,7134.00000,817410
1571814000,7098.00000,7149.82520,6912.00000,6936.00000,1028550
1571900400,6994.00000,7080.02490,6942.00000,6990.00000,791566
1571986800,6956.00000,7024.00000,6795.29297,6818.00000,1091276
1572249600,6838.00000,7060.00000,6795.29004,7022.00000,509298
1572336000,7040.00000,7046.00000,6930.00000,7046.00000,394926
1572422400,7042.00000,7117.97510,6984.00000,7102.00000,437878
1572508800,7130.00000,7168.00000,6946.00000,6954.00000,886723
1572595200,7024.00000,7132.00000,6987.50000,7038.00000,517191
1572854400,7050.00000,7138.00000,7000.00000,7050.00000,866787
1572940800,7068.00000,7076.00000,6960.00000,6962.00000,722265
1573027200,7000.00000,7006.00000,6857.95508,6932.00000,870222
1573113600,7000.00000,7023.00000,6746.00000,6746.00000,744192
1573200000,6730.00000,6920.54980,6722.00000,6904.00000,540634
1573459200,6892.00000,6940.00000,6806.00000,6906.00000,367604
1573545600,6940.00000,7040.00000,6868.00000,6960.00000,569792
1573632000,6952.00000,7016.00000,6876.00000,6988.00000,484236
1573718400,6974.00000,7032.00000,6910.00000,6934.00000,551050
1573804800,6946.00000,6992.00000,6784.00000,6840.00000,449323
1574064000,6868.00000,6964.00000,6820.00000,6840.00000,489935
1574150400,6878.00000,7002.00000,6858.00000,6896.00000,476641
1574236800,6906.00000,6940.00000,6784.00000,6882.00000,538899
1574323200,6848.00000,6848.00000,6708.00000,6782.00000,511240
1574409600,6814.00000,6862.00000,6764.00000,6838.00000,453625
1574668800,6864.00000,6939.20996,6801.40576,6862.00000,702797
1574755200,6962.00000,7038.00000,6898.00000,7010.00000,1054210
1574841600,7050.00000,7064.00000,6940.00000,7026.00000,420770
1574928000,7018.00000,7018.00000,6864.00000,6898.00000,278615
1575014400,6850.00000,6946.00000,6828.00000,6872.00000,359702
1575273600,6872.00000,6944.29688,6726.00000,6750.00000,636115
1575360000,6758.00000,6824.00000,6674.00000,6682.00000,617464
1575446400,6670.00000,6824.00000,6664.00000,6794.00000,445298
1575532800,6800.00000,6832.00000,6718.00000,6740.00000,713756
1575619200,6750.00000,6836.00000,6728.00000,6790.00000,501559
1575878400,6796.00000,6827.55908,6766.00000,6778.00000,332603
1575964800,6812.00000,6812.00000,6708.00000,6798.00000,650068
1576051200,6800.00000,6898.00000,6742.00000,6898.00000,2059896
1576137600,6912.00000,7028.00000,6876.00000,6950.00000,840893
1576224000,7000.00000,7214.00000,6847.18701,7172.00000,1099826
1576483200,7222.00000,7424.00000,7222.00000,7332.00000,797241
1576569600,7338.00000,7450.00000,7338.00000,7436.00000,1540965
1576656000,7410.00000,7480.00000,7376.00000,7404.00000,924171
1576742400,7388.00000,7460.00000,7288.00000,7460.00000,1604045
1576828800,7498.00000,7642.00000,7462.00000,7624.00000,1954273
1577088000,7640.00000,7750.00000,7622.00000,7734.00000,898075
1577174400,7750.00000,7760.00000,7636.00000,7680.00000,101988
1577433600,7708.00000,7768.00000,7678.00000,7760.00000,240799
1577692800,7770.00000,7770.00000,7702.00000,7716.00000,374723
1577779200,7752.00000,7752.00000,7648.00000,7750.00000,124309
1577952000,7746.00000,7816.00000,7674.00000,7700.00000,448320
1578038400,7656.00000,7658.00000,7580.00000,7638.00000,395569
1578297600,7576.00000,7660.00000,7494.00000,7500.00000,434347
1578384000,7550.00000,7559.79980,7424.00000,7440.00000,676227
1578470400,7410.00000,7542.00000,7355.68213,7542.00000,524342
1578556800,7590.00000,7778.00000,7578.52490,7766.00000,933950
1578643200,7780.00000,7834.00000,7650.00000,7652.00000,955734
1578902400,7700.00000,7834.00000,7550.00000,7566.00000,343297
1578988800,7564.00000,7626.00000,7500.00000,7546.00000,559280
1579075200,7560.00000,7646.00000,7518.00000,7646.00000,529345
1579161600,7716.00000,7750.00000,7583.22021,7646.00000,500852
1579248000,7694.00000,7706.00000,7580.00000,7640.00000,803520
1579507200,7628.00000,7746.00000,7602.00000,7624.00000,1786183
1579593600,7600.00000,7708.00000,7566.00000,7708.00000,566666
1579680000,7716.00000,7986.00000,7712.00000,7986.00000,831761
1579766400,7990.00000,7990.00000,7884.00000,7918.00000,503886
1579852800,7998.00000,8150.00000,7950.00000,7950.00000,859100
1580112000,7900.00000,7946.00000,7768.00000,7768.00000,862804
1580198400,7802.00000,7852.00000,7684.00000,7732.00000,734967
1580284800,7780.00000,7802.00000,7710.00000,7790.00000,523582
1580371200,7736.00000,7854.00000,7720.00000,7824.00000,478177
1580457600,7850.00000,7960.00000,7796.00000,7836.00000,1553884
1580716800,7842.00000,7996.00000,7820.00000,7924.00000,430351
1580803200,7980.00000,8080.00000,7950.00000,8028.00000,658119
1580889600,7974.00000,8162.00000,7974.00000,8136.00000,897754
1580976000,8162.00000,8180.00000,8070.00000,8166.00000,368893
1581062400,8198.00000,8254.00000,8154.00000,8196.00000,564351
1581321600,8248.00000,8248.00000,8106.00000,8166.00000,421263
1581408000,8218.00000,8226.00000,8154.00000,8198.00000,373671
1581494400,8242.00000,8272.00000,8132.00000,8272.00000,457773
1581580800,8272.00000,8280.00000,8128.00000,8226.00000,485402
1581667200,8190.00000,8226.00000,8148.00000,8220.00000,289815
1581926400,8272.00000,8322.00000,8194.00000,8300.00000,287860
1582012800,8234.00000,8382.00000,8172.00000,8350.00000,403726
1582099200,8390.00000,8566.00000,8336.00000,8542.00000,565408
1582185600,8582.00000,8628.00000,8416.00000,8416.00000,513621
1582272000,8416.00000,8538.00000,8380.00000,8422.00000,536929
1582531200,8380.00000,8384.00000,8156.00000,8300.00000,607682
1582617600,8344.00000,8420.96973,8058.00000,8072.00000,717861
1582704000,7908.00000,8076.00000,7576.00000,8076.00000,1452302
1582790400,7966.00000,8068.00000,7736.00000,7810.00000,912420
1582876800,7730.00000,7778.00000,7420.00000,7576.00000,1682184
1583136000,7824.00000,7954.00000,7092.00000,7888.00000,1357178
1583222400,7910.00000,8090.00000,7864.00000,7864.00000,1015854
1583308800,7910.00000,7994.00000,7808.00000,7994.00000,731097
1583395200,8094.00000,8120.00000,7862.00000,8030.00000,1248337
1583481600,7884.00000,7938.00000,7536.00000,7592.00000,1402046
1583740800,7402.00000,7414.00000,7064.00000,7246.00000,1041945
1583827200,7332.00000,7490.00000,7036.00000,7036.00000,1286034
1583913600,7320.00000,7320.00000,6994.65283,7036.00000,1140720
1584000000,6706.00000,6746.00000,6138.00000,6356.00000,1507581
1584086400,6582.00000,7068.00000,6480.00000,6794.00000,2750753
1584345600,6250.00000,6368.00000,5734.00000,6312.00000,1551094
1584432000,6504.00000,6550.00000,5926.00000,6174.00000,1603410
1584518400,5996.00000,6016.00000,5300.00000,5806.00000,1433639
1584604800,5818.00000,6178.00000,5736.00000,5928.00000,2817216
1584691200,6218.00000,6518.00000,6076.00000,6220.00000,2571748
1584950400,6008.00000,6382.00000,5818.00000,6252.00000,1795019
1585036800,6400.00000,7100.00000,6290.00000,6902.00000,1204259
1585123200,7108.00000,7768.00000,6938.00000,7368.00000,1139173
1585209600,7166.00000,7504.00000,7060.00000,7326.00000,1262569
1585296000,7154.00000,7252.00000,6794.00000,6948.00000,1474337
1585551600,6892.00000,7334.00000,6716.00000,7322.00000,763192
1585638000,7290.00000,8125.07178,6760.00000,7280.00000,993473
1585724400,7044.00000,7186.00000,6864.00000,7070.00000,812461
1585810800,7118.00000,7142.00000,6496.00000,6736.00000,1281215
1585897200,6802.00000,7222.00000,6702.00000,7200.00000,705400
1586156400,7332.00000,7533.29980,6804.00000,7064.00000,1247490
1586242800,7274.00000,7426.00000,7006.00000,7180.00000,1015501
1586329200,7096.00000,7234.00000,6972.00000,7126.00000,816251
1586415600,7182.00000,7262.00000,6968.00000,7232.00000,619880
1586847600,7314.00000,7368.00000,7178.96924,7244.00000,731235
1586934000,7150.00000,7230.00000,6982.00000,7064.00000,576609
1587020400,7110.00000,7320.00000,7034.00000,7262.00000,719280
1587106800,7436.00000,7592.00000,7346.00000,7482.00000,1050045
1587366000,7550.00000,7633.39990,7416.40820,7542.00000,1342091
1587452400,7516.00000,7818.00000,7350.00000,7350.00000,3569796
1587538800,7408.00000,7654.00000,7380.00000,7622.00000,1354680
1587625200,7666.00000,7712.00000,7516.00000,7560.00000,465178
1587711600,7552.00000,7602.00000,7432.00000,7440.00000,422799
1587970800,7504.00000,7580.00000,7418.00000,7486.00000,652265
1588057200,7500.00000,7566.00000,7448.00000,7488.00000,1792277
1588143600,7458.00000,7616.00000,7442.00000,7586.00000,1058799
1588230000,7640.00000,7748.00000,7432.00000,7456.00000,791998
1588316400,7338.00000,7560.00000,7302.00000,7470.00000,498741
1588575600,7486.00000,7516.00000,7328.00000,7426.00000,569506
1588662000,7552.00000,7626.00000,7446.44092,7588.00000,1205099
1588748400,7614.00000,7676.00000,7538.00000,7676.00000,984684
1588834800,7696.00000,7836.00000,7672.00000,7828.00000,875109
1589180400,7946.00000,7982.00000,7798.00000,7956.00000,2600723
1589266800,7944.00000,8190.00000,7886.00000,8104.00000,1204924
1589353200,8046.00000,8186.00000,7982.00000,8044.00000,893546
1589439600,7998.00000,8025.93994,7852.00000,7924.00000,694307
1589526000,7962.00000,8072.00000,7880.00000,8026.00000,763721
1589785200,8198.00000,8312.00000,8134.00000,8290.00000,354216
1589871600,8380.00000,8392.00000,8194.00000,8286.00000,779134
1589958000,8266.00000,8392.00000,8124.00000,8360.00000,791206
1590044400,8310.00000,8454.00000,8260.00000,8340.00000,761907
1590130800,8250.00000,8489.99023,8210.00000,8432.00000,362671
1590476400,8542.00000,8623.35156,8190.32715,8272.00000,1748608
1590562800,8316.00000,8398.00000,7838.00000,8010.00000,1413023
1590649200,8046.00000,8330.00000,8046.00000,8232.00000,772182
1590735600,8144.00000,8232.00000,7972.00000,8030.00000,1523520
1590994800,8134.00000,8170.00000,8018.00000,8126.00000,328284
1591081200,8178.00000,8224.00000,8050.00000,8068.00000,534669
1591167600,8086.00000,8250.00000,8000.00000,8250.00000,582408
1591254000,8214.00000,8371.08984,8210.00000,8270.00000,440642
1591340400,8304.00000,8308.00000,7970.00000,8072.00000,729441
1591599600,8000.00000,8042.00000,7684.00000,7910.00000,1191491
1591686000,7894.00000,8028.00000,7790.00000,7838.00000,454469
1591772400,7864.00000,8130.00000,7850.00000,8066.00000,626538
1591858800,8000.00000,8250.00000,7956.00000,8094.00000,638138
1591945200,8024.00000,8082.00000,7918.00000,7962.00000,482504
1592204400,7880.00000,8229.80957,7792.00000,7968.00000,450895
1592290800,8114.00000,8140.00000,7992.08105,8096.00000,649529
1592377200,8100.00000,8200.00000,8036.00000,8122.00000,391089
1592463600,8144.00000,8164.00000,7970.00000,8062.00000,419417
1592550000,8082.00000,8248.00000,8037.79980,8238.00000,1268577
1592809200,8148.00000,8288.00000,8050.00000,8050.00000,678908
1592895600,8140.00000,8366.00000,8098.00000,8366.00000,463715
1592982000,8330.00000,8346.00000,8014.00000,8014.00000,491290
1593068400,7974.00000,8204.00000,7946.00000,8192.00000,294227
1593154800,8228.00000,8434.00000,8228.00000,8358.00000,466310
1593414000,8320.00000,8414.00000,8262.00000,8362.00000,466432
1593500400,8420.00000,8454.00000,8272.00000,8358.00000,557819
1593586800,8360.00000,8412.00000,8209.95020,8316.00000,1505333
1593673200,8406.00000,8434.00000,8300.00000,8434.00000,458917
1593759600,8442.00000,8550.00000,8442.00000,8466.00000,375211
1594018800,8584.00000,8596.00000,8412.00000,8494.00000,305615
1594105200,8432.00000,8494.00000,8236.00000,8288.00000,500180
1594191600,8280.00000,8526.00000,8242.00000,8402.00000,400498
1594278000,8444.00000,8538.00000,8394.00000,8426.00000,487375
1594364400,8392.00000,8510.00000,8352.00000,8352.00000,315404
1594623600,8438.00000,8468.00000,8306.00000,8446.00000,383934
1594710000,8316.00000,8382.00000,8208.00000,8312.00000,405908
1594796400,8348.00000,8470.00000,8284.00000,8298.00000,606367
1594882800,8248.00000,8356.00000,8168.00000,8290.00000,368132
1594969200,8322.00000,8430.00000,8224.00000,8400.00000,501011
1595228400,8408.00000,8510.00000,8332.00000,8482.00000,284857
1595314800,8568.00000,8608.00000,8452.00000,8478.00000,532141
1595401200,8540.00000,8572.00000,8436.00000,8486.00000,398208
1595487600,8500.00000,8502.00000,8320.00000,8344.00000,341595
1595574000,8234.00000,8382.00000,8130.00000,8368.00000,395705
1595833200,8374.00000,8458.00000,8340.00000,8380.00000,344426
1595919600,8426.00000,8488.00000,8336.00000,8372.00000,428582
1596006000,8434.00000,8500.00000,8388.00000,8492.00000,602067
1596092400,8472.00000,8528.00000,8258.00000,8346.00000,639695
1596178800,8372.00000,8658.00000,8348.00000,8484.00000,733964
1596438000,8466.00000,8746.00000,8388.00000,8686.00000,405166
1596524400,8718.00000,8732.00000,8438.00000,8438.00000,505184
1596610800,8538.00000,8614.00000,8490.00000,8588.00000,289471
1596697200,8576.00000,8608.95996,8470.00000,8578.00000,285135
1596783600,8614.00000,8672.00000,8562.00000,8620.00000,469724
1597042800,8632.00000,8632.00000,8474.00000,8474.00000,351673
1597129200,8580.00000,8638.00000,8484.00000,8546.00000,437373
1597215600,8540.00000,8886.00000,8486.00000,8874.00000,491719
1597302000,8826.00000,8878.00000,8742.00000,8778.00000,412474
1597388400,8742.00000,8772.00000,8538.00000,8636.00000,326033
1597647600,8578.00000,8744.00000,8578.00000,8732.00000,515139
1597734000,8776.00000,8836.00000,8638.00000,8678.00000,388344
1597820400,8706.00000,8850.00000,8668.00000,8848.00000,373445
1597906800,8786.00000,8874.00000,8686.00000,8836.00000,1010921
1597993200,8850.00000,8893.63379,8712.00000,8852.00000,531685
1598252400,8998.00000,9076.00000,8713.45996,8882.00000,290104
1598338800,8846.00000,8960.00000,8840.00000,8900.00000,312192
1598425200,8914.00000,8944.13672,8736.00000,8916.00000,274137
1598511600,9036.00000,9050.00000,8904.00000,8904.00000,345164
1598598000,8906.00000,8969.32031,8800.00000,8800.00000,441208
1598943600,8888.00000,8910.00000,8691.50391,8730.00000,665279
1599030000,8646.00000,8986.00000,8646.00000,8898.00000,280507
1599116400,8946.00000,9024.00000,8636.00000,8644.00000,312529
1599202800,8594.00000,8706.00000,8452.00000,8488.00000,1083132
1599462000,8488.00000,8750.00000,8488.00000,8724.00000,235402
1599548400,8788.00000,8788.00000,8578.00000,8758.00000,381869
1599634800,8688.00000,8994.00000,8688.00000,8928.00000,444219
1599721200,8956.00000,9004.00000,8781.95410,8890.00000,383173
1599807600,8904.00000,9096.00000,8870.00000,9030.00000,366372
1600066800,9056.00000,9094.00000,8898.00000,8960.00000,312495
1600153200,9000.00000,9184.00000,8832.00000,9150.00000,774382
1600239600,9094.00000,9176.00000,8932.00000,8974.00000,779106
1600326000,8882.00000,8974.00000,8818.00000,8842.00000,540781
1600412400,8868.00000,8982.00000,8848.00000,8960.00000,859923
1600671600,8904.00000,8904.00000,8658.00000,8738.00000,462599
1600758000,8748.00000,8854.00000,8693.01953,8724.00000,778877
1600844400,8794.00000,8944.00000,8736.00000,8890.00000,426831
1600930800,8856.00000,8910.78125,8696.00000,8788.00000,369150
1601017200,8808.00000,8822.00000,8599.49023,8726.00000,492522
1601276400,8738.00000,8902.00000,8734.82813,8844.00000,448685
1601362800,8872.00000,8917.28027,8766.00000,8890.00000,377505
1601449200,8844.00000,8956.00000,8838.00000,8876.00000,393809
1601535600,8926.00000,9166.00000,8904.00000,9108.00000,617882
1601622000,9108.00000,9198.00000,9014.00000,9198.00000,751928
1601881200,9224.00000,9287.86621,9094.00000,9216.00000,850508
1601967600,9230.00000,9234.00000,8956.00000,8988.00000,552888
1602054000,8992.00000,9024.00000,8854.00000,8868.00000,688012
1602140400,8868.00000,8948.00000,8844.00000,8844.00000,589318
1602226800,8930.00000,8948.00000,8826.00000,8880.00000,347392
1602486000,8874.00000,8942.00000,8868.73047,8902.00000,320733
1602572400,8938.00000,8948.00000,8842.00000,8878.00000,739719
1602658800,8886.00000,8904.00000,8774.00000,8774.00000,863683
1602745200,8736.00000,8758.00000,8606.00000,8650.00000,668101
1602831600,8698.00000,8898.00000,8698.00000,8836.00000,861092
1603090800,8846.00000,8897.26953,8782.00000,8808.00000,255188
1603177200,8802.00000,8864.00000,8758.00000,8758.00000,319048
1603263600,8778.00000,8782.00000,8546.00000,8564.00000,546525
1603350000,8534.00000,8572.00000,8452.00000,8516.00000,433189
1603436400,8482.00000,8552.00000,8382.00000,8438.00000,434633
1603699200,8324.00000,8551.66016,8320.00000,8422.00000,639002
1603785600,8390.00000,8592.00000,8332.00000,8546.00000,745646
1603872000,8498.00000,8498.00000,8220.00000,8328.00000,514838
1603958400,8286.00000,8432.00000,8248.00000,8394.00000,418576
1604044800,8290.00000,8366.00000,8248.00000,8278.00000,492673
1604304000,8296.00000,8338.00000,8188.00000,8200.00000,550315
1604390400,8274.00000,8334.00000,8170.00000,8334.00000,495076
1604476800,8312.00000,8718.00000,8270.00000,8710.00000,555448
1604563200,8770.00000,8870.00000,8658.00000,8812.00000,666319
1604649600,8838.00000,8906.00000,8674.68066,8842.00000,1201906
1604908800,8970.00000,8996.00000,8556.00000,8564.00000,1070253
1604995200,8558.00000,8606.00000,8150.00000,8262.00000,980298
1605081600,8180.00000,8496.00000,8150.00000,8474.00000,758705
1605168000,8464.00000,8670.00000,8428.00000,8576.00000,582778
1605254400,8574.00000,8614.00000,8394.00000,8394.00000,926855
1605513600,8448.00000,8458.99023,8222.00000,8264.00000,773251
1605600000,8250.00000,8322.00000,7844.00000,7936.00000,1013999
1605686400,7936.00000,8122.00000,7910.25684,8094.00000,721293
1605772800,8092.00000,8118.00000,8002.00000,8092.00000,568819
1605859200,8018.00000,8172.00000,8018.00000,8134.00000,746625
1606118400,8158.00000,8182.00000,7884.00000,7884.00000,563381
1606204800,7954.00000,7986.00000,7586.00000,7616.00000,788513
1606291200,7672.00000,7834.00000,7622.00000,7726.00000,848140
1606377600,7780.00000,7908.00000,7756.00000,7848.00000,345098
1606464000,7730.00000,7920.00000,7730.00000,7920.00000,1593483
1606723200,7918.00000,8128.00000,7902.00000,8106.00000,1520925
1606809600,8186.00000,8186.00000,7970.00000,7990.00000,847361
1606896000,8032.00000,9000.00000,7970.00000,8754.00000,1596840
1606982400,8702.00000,8746.00000,8572.61523,8672.00000,957033
1607068800,8714.00000,8752.00000,8592.00000,8634.00000,703851
1607328000,8634.00000,8752.00000,8625.50000,8716.00000,423049
1607414400,8708.00000,8792.00000,8654.00000,8722.00000,436754
1607500800,8730.00000,8754.00000,8622.00000,8658.00000,354130
1607587200,8704.00000,8817.62500,8624.00000,8678.00000,730353
1607673600,8660.00000,8752.00000,8526.00000,8526.00000,560922
1607932800,8586.00000,8796.00000,8525.31152,8710.00000,509959
1608019200,8714.00000,8856.00000,8668.00000,8842.00000,1552196
1608105600,8848.00000,8926.00000,8748.00000,8822.00000,705271
1608192000,8938.00000,9015.51953,8828.00000,8880.00000,431686
1608278400,8832.00000,8972.00000,8794.00000,8922.00000,1201073
1608537600,8888.00000,8972.00000,8710.00000,8830.00000,324129
1608624000,8796.00000,8976.00000,8752.00000,8932.00000,175120
1608710400,8950.00000,8976.00000,8872.00000,8900.00000,162969
1608796800,8916.00000,8960.00000,8810.00000,8878.00000,154079
1609228800,9046.00000,9186.00000,8970.00000,9102.00000,348476
1609315200,9046.00000,9210.00000,9006.00000,9098.00000,291711
1609401600,9076.00000,9098.00000,8964.00000,9008.00000,168929
1609747200,9130.00000,9358.00000,9098.00000,9262.00000,922812
1609833600,9152.00000,9278.00000,9016.76465,9036.00000,570575
1609920000,9002.00000,9168.00000,8874.00000,9134.00000,830230
1610006400,9132.00000,9208.00000,8972.00000,9018.00000,410429
1610092800,9182.00000,9296.00000,9070.00000,9206.00000,299349
1610352000,9242.00000,9358.00000,9140.00000,9204.00000,263845
1610438400,9200.00000,9212.00000,8966.00000,8976.00000,412538
1610524800,8976.00000,9328.00000,8948.00000,9142.00000,687111
1610611200,9224.00000,9354.00000,8990.00000,9324.00000,1163038
1610697600,9298.00000,9298.00000,9100.00000,9134.00000,416304
1610956800,9144.00000,9260.00000,9144.00000,9212.00000,154375
1611043200,9240.00000,9296.00000,9082.00000,9136.00000,356698
1611129600,9168.00000,9244.00000,9090.00000,9130.00000,846356
1611216000,9160.00000,9246.00000,9100.00000,9172.00000,466988
1611302400,9176.00000,9200.00000,9038.00000,9120.00000,300419
1611561600,9122.00000,9192.00000,8999.49023,9032.00000,474433
1611648000,9070.00000,9184.00000,9026.00000,9048.00000,635991
1611734400,9048.00000,9048.00000,8638.00000,8670.00000,677692
1611820800,8652.00000,8666.00000,8498.24023,8620.00000,706732
1611907200,8394.00000,8702.00000,8200.00000,8686.00000,901939
1612166400,8788.00000,9100.00000,8672.00000,9100.00000,787523
1612252800,9246.00000,9432.00000,9120.00000,9400.00000,599281
1612339200,9416.00000,9486.00000,9200.00000,9250.00000,571880
1612425600,9338.00000,9418.00000,9290.05957,9398.00000,436200
1612512000,9370.00000,9487.55957,9356.00000,9450.00000,873182
1612771200,9498.00000,9720.00000,9478.00000,9638.00000,872436
1612857600,9700.00000,9750.00000,9564.00000,9656.00000,374003
1612944000,9686.00000,9692.00000,9564.00000,9578.00000,599761
1613030400,9554.00000,9672.00000,9554.00000,9650.00000,624802
1613116800,9646.00000,9830.00000,9622.00000,9800.00000,336776
1613376000,9856.00000,9938.00000,9770.00000,9876.00000,401688
1613462400,9900.00000,10010.00000,9782.30762,9910.00000,457780
1613548800,9910.00000,9938.00000,9786.00000,9810.00000,671190
1613635200,9810.00000,9892.00000,9797.95703,9852.00000,522816
1613721600,9854.00000,9920.00000,9714.00000,9722.00000,701707
1613980800,9726.00000,9798.00000,9580.00000,9638.00000,1105981
1614067200,9720.00000,9812.00000,9390.00000,9512.00000,1058760
1614153600,9436.00000,9602.00000,9388.00000,9580.00000,1221389
1614240000,9610.00000,9740.00000,9596.00000,9710.00000,728196
1614326400,9566.00000,9816.00000,9532.00000,9618.00000,1521699
1614585600,9690.00000,9808.00000,9608.00000,9714.00000,699331
1614672000,9718.00000,9886.00000,9676.00000,9714.00000,875390
1614758400,9762.00000,9856.00000,9518.00000,9562.00000,733447
1614844800,9576.00000,9597.53223,9376.00000,9488.00000,776405
1614931200,9314.00000,9388.00000,8114.00000,8124.00000,2621964
1615190400,8062.00000,8104.00000,7225.00000,7606.00000,2007160
1615276800,7600.00000,7918.00000,7438.00000,7850.00000,1767486
1615363200,7850.00000,7944.00000,7644.00000,7644.00000,1210903
1615449600,7630.00000,7794.00000,7578.00000,7724.00000,1321609
1615536000,7710.00000,7732.00000,7576.00000,7604.00000,1156431
1615795200,7620.00000,7702.00000,7506.00000,7560.00000,1302026
1615881600,7598.00000,7664.00000,7453.00977,7512.00000,1786371
1615968000,7518.00000,7610.00000,7228.00000,7268.00000,1543396
1616054400,7250.00000,7382.00000,7110.00000,7358.00000,1661431
1616140800,7210.00000,7330.00000,7118.00000,7218.00000,8135308
1616400000,7132.00000,7330.00000,7118.00000,7250.00000,3063642
1616486400,7204.00000,7334.00000,7164.00000,7260.00000,2604592
1616572800,7246.00000,7314.00000,7080.00000,7080.00000,2270849
1616659200,7076.00000,7186.00000,6994.00000,7062.00000,1005448
1616745600,7100.00000,7136.00000,7030.00000,7108.00000,1076645
1617001200,7162.00000,7162.00000,6944.00000,6976.00000,832443
1617087600,7018.00000,7050.00000,6902.00000,6914.00000,1536974
1617174000,6920.00000,6968.00000,6895.00000,6940.00000,1868658
1617260400,7020.00000,7254.00000,6983.11816,7234.00000,1803732
1617692400,7296.00000,7462.00000,7090.00000,7370.00000,1928598
1617778800,7400.00000,7436.00000,7222.00000,7278.00000,1083311
1617865200,7300.00000,7414.00000,7296.00000,7390.00000,1640881
1617951600,7410.00000,7500.00000,7378.00000,7478.00000,690564
1618210800,7472.00000,7520.00000,7382.00000,7500.00000,516749
1618297200,7466.00000,7650.00000,7450.00000,7622.00000,846078
1618383600,7646.00000,7778.00000,7608.00000,7754.00000,1510433
1618470000,7776.00000,7949.02979,7726.64014,7900.00000,1250798
1618556400,7912.00000,7944.00000,7688.00000,7700.00000,1949076
1618815600,7698.00000,7887.23486,7658.00000,7730.00000,618897
1618902000,7724.00000,7758.00000,7656.69189,7696.00000,488001
1618988400,7802.00000,7862.00000,7634.00000,7666.00000,419842
1619074800,7644.00000,7764.00000,7586.00000,7708.00000,1296433
1619161200,7646.00000,7726.00000,7636.00000,7726.00000,576683
1619420400,7700.00000,7718.00000,7584.00000,7606.00000,704291
1619506800,7624.00000,7672.00000,7424.00000,7478.00000,960910
1619593200,7500.00000,7670.00000,7392.00000,7554.00000,1017958
1619679600,7574.00000,7614.00000,7366.00000,7468.00000,813800
1619766000,7444.00000,7502.00000,7372.00000,7400.00000,1295382
1620111600,7400.00000,7462.00000,7154.00000,7162.00000,1214588
1620198000,7174.00000,7451.47217,7152.00000,7232.00000,1632336
1620284400,7216.00000,7226.00000,7080.00000,7100.00000,1980615
1620370800,7126.00000,7240.00000,7126.00000,7170.00000,1043596
1620630000,7176.00000,7176.00000,7038.00000,7076.00000,610214
1620716400,7022.00000,7110.10400,6904.00000,7080.00000,950945
1620802800,7070.00000,7142.00000,6970.00000,6972.00000,1233834
1620889200,6986.00000,7102.00000,6854.00000,7084.00000,719297
1620975600,7134.00000,7212.00000,7074.00000,7190.00000,565466
1621234800,7224.00000,7274.00000,7178.00000,7178.00000,562749
1621321200,7262.00000,7372.00000,7216.00000,7250.00000,636387
1621407600,7244.00000,7312.00000,7118.00000,7312.00000,579816
1621494000,7344.00000,7504.00000,7312.00000,7504.00000,692040
1621580400,7504.00000,7555.27295,7432.00000,7508.00000,910610
1621839600,7570.00000,7622.00000,7492.00000,7540.00000,397877
1621926000,7624.00000,7630.00000,7540.00000,7572.00000,635344
1622012400,7596.00000,7619.68506,7506.00000,7540.00000,644621
1622098800,7516.00000,7532.00000,7354.00000,7354.00000,1965375
1622185200,7350.00000,7618.00000,7326.00000,7574.00000,710651
1622530800,7546.00000,7650.00000,7452.00000,7482.00000,739301
1622617200,7478.00000,7606.00000,7440.00000,7498.00000,563479
1622703600,7508.00000,7538.00000,7430.00000,7438.00000,420244
1622790000,7462.00000,7578.00000,7428.00000,7578.00000,454357
1623049200,7600.00000,7630.00000,7506.00000,7538.00000,342367
1623135600,7550.00000,7638.00000,7514.21191,7546.00000,866884
1623222000,7536.00000,7536.00000,7422.00000,7496.00000,572376
1623308400,7530.00000,7584.00000,7478.00000,7568.00000,593639
1623394800,7606.00000,7734.00000,7574.00000,7724.00000,788999
1623654000,7758.00000,7790.00000,7706.00000,7770.00000,1182082
1623740400,7830.00000,7916.00000,7798.00000,7840.00000,694708
1623826800,7866.00000,7970.00000,7804.00000,7914.00000,941797
1623913200,7898.00000,7992.00000,7798.00000,7984.00000,1001770
1623999600,7982.00000,8016.00000,7886.00000,7966.00000,1496275
1624258800,7926.00000,8138.00000,7904.00000,8124.00000,774307
1624345200,8126.00000,8230.00000,8096.00000,8220.00000,1009932
1624431600,8222.00000,8246.00000,8098.00000,8098.00000,625499
1624518000,8132.00000,8252.00000,8099.47510,8182.00000,559127
1624604400,8176.00000,8288.00000,8110.00000,8282.00000,524936
1624863600,8268.00000,8298.00000,8126.00000,8148.00000,398315
1624950000,8132.00000,8234.00000,8122.00000,8168.00000,439534
1625036400,8148.00000,8168.00000,7952.00000,7970.00000,803530
1625122800,8028.00000,8080.00000,7812.00000,7878.00000,516139
1625209200,7916.00000,7946.00000,7854.00000,7896.00000,634654
1625468400,7866.00000,7906.00000,7824.00000,7876.00000,250192
1625554800,7828.00000,7970.00000,7816.00000,7970.00000,468930
1625641200,8000.00000,8106.00000,7914.00000,8060.00000,520361
1625727600,8018.00000,8062.00000,7844.00000,7864.00000,1067792
1625814000,7900.00000,7926.00000,7780.00000,7872.00000,822212
1626073200,7858.00000,7984.00000,7858.00000,7942.00000,263607
1626159600,7944.00000,7966.00000,7790.00000,7800.00000,506130
1626246000,7806.00000,7812.00000,7629.77979,7660.00000,564002
1626332400,7658.00000,7686.00000,7514.00000,7568.00000,798558
1626418800,7644.00000,7670.00000,7566.00000,7600.00000,651472
1626678000,7602.00000,7636.00000,7510.00000,7600.00000,639931
1626764400,7626.00000,7628.00000,7466.00000,7500.00000,1431621
1626850800,7558.00000,7596.00000,7504.00000,7560.00000,561821
1626937200,7566.00000,7614.00000,7504.00000,7550.00000,711066
1627023600,7622.00000,7638.00000,7506.00000,7624.00000,549991
1627282800,7578.00000,7602.00000,7412.00000,7424.00000,458514
1627369200,7426.00000,7466.00000,7338.00000,7338.00000,624411
1627455600,7310.00000,7396.00000,7220.00000,7314.00000,548943
1627542000,7318.00000,7356.00000,7274.00000,7318.00000,548299
1627628400,7260.00000,7492.00000,7238.00000,7490.00000,680194
1627887600,7528.00000,7591.23486,7414.00000,7500.00000,448300
1627974000,7540.00000,7574.00000,7416.00000,7416.00000,287467
1628060400,7446.00000,7480.00000,7342.00000,7460.00000,800783
1628146800,7432.00000,7504.00000,7384.00000,7468.00000,988057
1628233200,7540.00000,7996.00000,7518.00000,7844.00000,822989
1628492400,7844.00000,7908.00000,7746.00000,7806.00000,415174
1628578800,7820.00000,7924.00000,7798.00000,7850.00000,674047
1628665200,7838.00000,8152.00000,7820.00000,8098.00000,891084
1628751600,8034.00000,8100.00000,7830.00000,7974.00000,718851
1628838000,7996.00000,8060.00000,7896.00000,7930.00000,341826
1629097200,7838.00000,8056.00000,7824.00000,7992.00000,474847
1629183600,7954.00000,8080.00000,7948.00000,8076.00000,423325
1629270000,8100.00000,8120.00000,7996.00977,8088.00000,302895
1629356400,8012.00000,8018.00000,7858.00000,7996.00000,378046
1629442800,8018.00000,8078.00000,7974.00000,8036.00000,366675
1629702000,8092.00000,8116.00000,8014.00000,8092.00000,359049
1629788400,8126.00000,8148.00000,8030.00000,8138.00000,438789
1629874800,8134.00000,8160.00000,8022.00000,8054.00000,336361
1629961200,8022.00000,8060.00000,7962.00000,7978.00000,332472
1630047600,7978.00000,8042.00000,7950.00000,8024.00000,402293
1630393200,8048.00000,8084.00000,7950.00000,7956.00000,902033
1630479600,8012.00000,8076.00000,7968.00000,8062.00000,353967
1630566000,8044.00000,8134.00000,7964.00000,8084.00000,489349
1630652400,8090.00000,8124.00000,8022.00000,8068.00000,576030
1630911600,8100.00000,8230.00000,8077.91992,8202.00000,227794
1630998000,8178.00000,8218.00000,8144.00000,8200.00000,714958
1631084400,8160.00000,8220.00000,8144.00000,8198.00000,1305973
1631170800,8160.00000,8160.00000,7996.76514,8092.00000,820234
1631257200,8126.00000,8184.00000,8110.00000,8126.00000,404904
1631516400,8162.00000,8176.00000,8092.00000,8092.00000,14020
1631602800,8038.00000,8130.00000,8008.00000,8106.00000,477430
1631689200,8130.00000,8194.00000,8038.00000,8038.00000,418603
1631775600,8048.00000,8164.00000,8048.00000,8140.00000,423570
1631862000,8170.00000,8190.00000,7978.00000,8010.00000,1085006
1632121200,7986.00000,7986.00000,7776.00000,7840.00000,322844
1632207600,7856.00000,7974.00000,7829.73779,7974.00000,553308
1632294000,7996.00000,8014.00000,7922.00000,7964.00000,216048
1632380400,7994.00000,8024.00000,7928.00000,7942.00000,260135
1632466800,7912.00000,7926.83008,7806.68408,7826.00000,509971
1632726000,7888.00000,7922.00000,7554.00000,7554.00000,1106427
1632812400,7540.00000,7550.00000,7314.00000,7352.00000,1803024
1632898800,7376.00000,7508.00000,7366.00000,7406.00000,1377564
1632985200,7432.00000,7484.00000,7400.00000,7450.00000,1110383
1633071600,7424.00000,7538.00000,7368.00000,7448.00000,648683
1633330800,7442.00000,7526.00000,7398.00000,7412.00000,743863
1633417200,7450.00000,7482.00000,7382.00000,7468.00000,534997
1633503600,7434.00000,7490.00000,7332.00000,7446.00000,704478
1633590000,7512.00000,7612.00000,7446.00000,7602.00000,603144
1633676400,7630.00000,7668.00000,7561.49023,7650.00000,466099
1633935600,7666.00000,7670.00000,7516.00000,7624.00000,359830
1634022000,7572.00000,7770.00000,7498.00000,7754.00000,391331
1634108400,7748.00000,7964.00000,7666.00000,7930.00000,744329
1634194800,7984.00000,8026.00000,7812.00000,7834.00000,822661
1634281200,7888.00000,7954.00000,7834.00000,7908.00000,443894
1634540400,7854.00000,7924.00000,7852.00000,7922.00000,394679
1634626800,7968.00000,8090.00000,7944.00000,8062.00000,532996
1634713200,8054.00000,8100.00000,7954.00000,7954.00000,541923
1634799600,7896.00000,8102.00000,7880.00000,8084.00000,519174
1634886000,8042.00000,8042.00000,7532.00000,7600.00000,959497
1635145200,7602.00000,7662.00000,7448.00000,7448.00000,755210
1635231600,7480.00000,7564.00000,7390.00000,7390.00000,960453
1635318000,7410.00000,7464.00000,7292.00000,7292.00000,787832
1635404400,7270.00000,7317.31299,7150.00000,7150.00000,785430
1635490800,7100.00000,7134.00000,7040.00000,7100.00000,1240982
1635753600,7138.00000,7206.00000,7042.52002,7150.00000,908426
1635840000,7146.00000,7236.00000,7090.00000,7166.00000,805344
1635926400,7138.00000,7162.00000,7046.00000,7050.00000,892388
1636012800,7090.00000,7100.00000,6989.74512,7080.00000,1048286
1636099200,7162.00000,7246.00000,7084.00000,7118.00000,1187533
1636358400,7152.00000,7170.00000,7077.43506,7098.00000,941045
1636444800,7100.00000,7122.00000,7032.00000,7046.00000,1241948
1636531200,7080.00000,7140.00000,7038.00000,7108.00000,857733
1636617600,6964.00000,7082.00000,6901.54785,6992.00000,1929512
1636704000,7004.00000,7054.00000,6926.00000,6938.00000,1271949
1636963200,6914.00000,7222.00000,6910.00000,7166.00000,1535209
1637049600,7128.00000,7208.00000,7072.00000,7094.00000,1543943
1637136000,7056.00000,7058.41504,6656.00000,6666.00000,1162162
1637222400,6700.00000,6839.78076,6680.00000,6680.00000,719011
1637308800,6680.00000,6790.00000,6636.00000,6704.00000,1282403
1637568000,6736.00000,6856.00000,6684.00000,6684.00000,688369
1637654400,6668.00000,6766.00000,6600.00000,6734.00000,694941
1637740800,6780.00000,6832.00000,6552.00000,6810.00000,1943949
1637827200,6822.00000,6872.00000,6738.00000,6824.00000,1141701
1637913600,6704.00000,6880.52002,6680.00000,6850.00000,1084983
1638172800,6890.00000,6926.00000,6754.00000,6870.00000,1293553
1638259200,6870.00000,6872.00000,6502.00000,6502.00000,2294158
1638345600,6532.00000,6786.00000,6532.00000,6752.00000,1415184
1638432000,6690.00000,6704.00000,6570.00000,6582.00000,951239
1638518400,6640.00000,6690.00000,6506.00000,6524.00000,730958
1638777600,6556.00000,6636.00000,6522.00000,6590.00000,396725
1638864000,6652.00000,6732.00000,6636.00000,6712.00000,813156
1638950400,6764.00000,6858.00000,6726.00000,6758.00000,974768
1639036800,6794.00000,6818.00000,6632.00000,6642.00000,1007129
1639123200,6640.00000,6750.00000,6622.00000,6742.00000,424150
1639382400,6700.00000,6723.79980,6598.00000,6686.00000,1564658
1639468800,6710.00000,6836.00000,6686.00000,6770.00000,694552
1639555200,6750.00000,6820.00000,6674.00000,6740.00000,754432
1639641600,6850.00000,6908.00000,6730.00000,6730.00000,1203861
1639728000,6736.00000,6832.00000,6664.00000,6808.00000,1235848
1639987200,6728.00000,6780.00000,6648.00000,6746.00000,627441
1640073600,6782.00000,6892.00000,6756.00000,6804.00000,328651
1640160000,6822.00000,6948.00000,6778.00000,6924.00000,527816
1640246400,6900.00000,7050.00000,6840.00000,7020.00000,522432
1640332800,7036.00000,7046.00000,6964.00000,6984.00000,116681
1640764800,7002.00000,7103.77295,7002.00000,7068.00000,578539
1640851200,7036.00000,7056.00000,6931.43408,6960.00000,291424
1640937600,6970.00000,6982.00000,6880.00000,6930.00000,181205
1641283200,6998.00000,7146.56494,6972.00000,7068.00000,603540
1641369600,7140.00000,7287.49023,7116.00000,7188.00000,739454
1641456000,7120.00000,7266.00000,6988.00000,7030.00000,856219
1641542400,7006.00000,7096.20117,6966.00000,7068.00000,454965
1641801600,7102.00000,7172.00000,7050.00000,7172.00000,703127
1641888000,7268.00000,7282.00000,7182.00000,7238.00000,1134660
1641974400,7288.00000,7370.00000,7210.00000,7362.00000,1167664
1642060800,7326.00000,7492.00000,7304.00000,7422.00000,1288395
1642147200,7370.00000,7472.00000,7320.00000,7424.00000,822648
1642406400,7462.00000,7540.00000,7402.00000,7432.00000,855542
1642492800,7440.00000,7490.00000,7396.00000,7424.00000,923231
1642579200,7404.00000,7542.00000,7390.00000,7440.00000,681415
1642665600,7458.00000,7604.00000,7432.00000,7544.00000,792997
1642752000,7468.00000,7588.00000,7468.00000,7532.00000,1338600
1643011200,7544.00000,7588.00000,7362.00000,7362.00000,1243526
1643097600,7422.00000,7466.00000,7330.00000,7410.00000,938030
1643184000,7482.00000,7538.00000,7172.00000,7224.00000,879978
1643270400,7152.00000,7174.00000,6934.00000,6958.00000,1196718
1643356800,6974.00000,7040.00000,6820.00000,6978.00000,1770576
1643616000,7028.00000,7220.00000,6936.00000,7220.00000,644108
1643702400,7228.00000,7386.00000,7140.00000,7144.00000,772810
1643788800,7202.00000,7344.00000,7198.00000,7252.00000,768023
1643875200,7178.00000,7322.00000,7150.00000,7194.00000,668735
1643961600,7320.00000,7342.41992,7068.00000,7144.00000,486959
1644220800,7182.00000,7264.00000,7144.00000,7188.00000,349017
1644307200,7212.00000,7218.00000,6940.00000,6976.00000,484576
1644393600,7036.00000,7216.91406,7018.00000,7186.00000,442220
1644480000,7276.00000,7290.00000,7074.00000,7178.00000,328038
1644566400,7092.00000,7092.00000,6900.00000,7038.00000,1244605
1644825600,6948.00000,6962.00000,6751.89209,6874.00000,385396
1644912000,6824.00000,6936.00000,6784.00000,6930.00000,470334
1644998400,6898.00000,6930.00000,6834.00000,6884.00000,346560
1645084800,6864.00000,6894.00000,6736.00000,6754.00000,521532
1645171200,6804.00000,6816.00000,6620.00000,6620.00000,605655
1645430400,6672.00000,6692.14990,6478.00000,6492.00000,352596
1645516800,6384.00000,6566.00000,6366.00000,6520.00000,386145
1645603200,6532.00000,6614.00000,6520.00000,6540.00000,1607120
1645689600,6360.00000,6418.00000,6230.00000,6382.00000,1530566
1645776000,6490.00000,6530.00000,6300.00000,6476.00000,1158393
1646035200,6546.00000,6606.00000,6410.00000,6574.00000,626632
1646121600,6592.00000,6624.00000,6330.00000,6372.00000,618737
1646208000,6324.00000,6454.39600,6310.00000,6370.00000,490604
1646294400,7200.00000,7200.00000,6586.00000,6984.00000,1248152
1646380800,6900.00000,7398.00000,6900.00000,7254.00000,1694536
1646640000,7164.00000,7516.00000,7130.00000,7372.00000,2439555
1646726400,7206.00000,7312.00000,6982.00000,6982.00000,907258
1646812800,7222.00000,7354.00000,6986.00000,7272.00000,948075
1646899200,7250.00000,7320.00000,7186.00000,7316.00000,636438
1646985600,7328.00000,7512.00000,7328.00000,7440.00000,846019
1647244800,7492.00000,7758.00000,7418.00000,7718.00000,613903
1647331200,7648.00000,7776.00000,7546.00000,7664.00000,421159
1647417600,7706.00000,7950.00000,7668.00000,7904.00000,947227
1647504000,7926.00000,7946.00000,7748.00000,7810.00000,695704
1647590400,7826.00000,7970.00000,7686.00000,7960.00000,927008
1647849600,8000.00000,8100.00000,7834.00000,7912.00000,649022
1647936000,7886.00000,7952.00000,7720.00000,7914.00000,920444
1648022400,7912.00000,7994.00000,7826.00000,7842.00000,481738
1648108800,7890.00000,8000.00000,7802.00000,7824.00000,519612
1648195200,7800.00000,7874.00000,7744.00000,7828.00000,1082855
1648450800,7834.00000,7940.00000,7834.00000,7864.00000,802795
1648537200,7866.00000,7914.00000,7794.00000,7868.00000,936446
1648623600,7854.00000,7912.00000,7808.00000,7912.00000,609992
1648710000,7996.00000,8014.00000,7874.00000,7966.00000,1048640
1648796400,8000.00000,8084.00000,7958.00000,8084.00000,557464
1649055600,8072.00000,8190.00000,8046.00000,8140.00000,402508
1649142000,8124.00000,8408.00000,8090.00000,8360.00000,821786
1649228400,8340.00000,8428.00000,8322.00000,8388.00000,772108
1649314800,8380.00000,8482.00000,8380.00000,8434.00000,922502
1649401200,8496.00000,8534.00000,8410.00000,8504.00000,465601
1649660400,8496.00000,8546.00000,8390.00000,8410.00000,803235
1649746800,8272.00000,8298.00000,7956.00000,8170.00000,973874
1649833200,8172.00000,8218.00000,8092.00000,8116.00000,494198
1649919600,8072.00000,8162.00000,8060.00000,8150.00000,826162
1650351600,8182.00000,8182.00000,7842.00000,7960.00000,426903
1650438000,8010.00000,8148.00000,7976.00000,8098.00000,443138
1650524400,8138.00000,8180.00000,7986.00000,8010.00000,551275
1650610800,7958.00000,8072.00000,7871.28809,8016.00000,851875
1650870000,7942.00000,8102.00000,7834.00000,8068.00000,803036
1650956400,8116.00000,8198.00000,8032.00000,8084.00000,705064
1651042800,8070.00000,8104.00000,7868.00000,7960.00000,864199
1651129200,7992.00000,8010.00000,7812.00000,7872.00000,551752
1651215600,7886.00000,7968.00000,7834.00000,7916.00000,1447611
1651561200,7848.00000,7880.00000,7782.00000,7792.00000,798329
1651647600,7764.00000,7774.00000,7454.00000,7492.00000,573967
1651734000,7562.00000,7660.00000,7444.00000,7458.00000,516979
1651820400,7442.00000,7522.00000,7232.00000,7296.00000,1094185
1652079600,7244.00000,7258.00000,7032.00000,7050.00000,590184
1652166000,7098.00000,7312.00000,7082.00000,7252.00000,913093
1652252400,7264.00000,7282.00000,7140.00000,7220.00000,1034849
1652338800,7172.00000,7258.00000,7042.00000,7220.00000,653258
1652425200,7204.00000,7234.00000,7076.00000,7220.00000,366287
1652684400,7262.00000,7274.00000,7134.00000,7146.00000,481347
1652770800,7172.00000,7346.00000,7148.00000,7324.00000,663849
1652857200,7326.00000,7419.09912,7222.00000,7226.00000,1330123
1652943600,7184.00000,7212.99023,6928.00000,7166.00000,500196
1653030000,7230.00000,7270.00000,7156.00000,7270.00000,494729
1653289200,7366.00000,7416.00000,7272.00000,7304.00000,419519
1653375600,7314.00000,7352.00000,7248.00000,7306.00000,1270490
1653462000,7306.00000,7330.00000,7226.99414,7326.00000,880074
1653548400,7304.00000,7390.00000,7276.00000,7390.00000,544206
1653634800,7426.00000,7562.00000,7386.00000,7558.00000,916698
1653894000,7542.00000,7588.00000,7442.00000,7588.00000,476471
1653980400,7562.00000,7578.00000,7354.00000,7402.00000,1287807
1654066800,7438.00000,7468.00000,7138.00000,7144.00000,1179791
1654498800,7192.00000,7356.00000,7188.00000,7328.00000,492869
1654585200,7240.00000,7262.00000,7120.00000,7126.00000,539375
1654671600,7144.00000,7144.00000,6932.00000,7098.00000,650652
1654758000,7078.00000,7122.00000,7044.00000,7110.00000,466396
1654844400,7068.00000,7082.00000,6974.00000,7052.00000,592503
1655103600,6972.00000,7112.00000,6840.00000,6866.00000,971857
1655190000,6894.00000,6966.00000,6710.00000,6738.00000,722591
1655276400,6930.00000,7196.00000,6916.00000,7088.00000,3137217
1655362800,7072.00000,7272.00000,7058.00000,7254.00000,1010729
1655449200,7258.00000,7272.00000,7114.00000,7130.00000,1378755
1655708400,7112.00000,7174.00000,6982.00000,7078.00000,665257
1655794800,7012.00000,7182.00000,7000.00000,7166.00000,336291
1655881200,7160.00000,7354.00000,7088.00000,7338.00000,1183876
1655967600,7316.00000,7464.00000,7250.00000,7464.00000,682834
1656054000,7500.00000,7698.00000,7458.00000,7600.00000,711087
1656313200,7630.00000,7712.00000,7576.00000,7664.00000,925756
1656399600,7678.00000,7832.00000,7670.00000,7748.00000,568128
1656486000,7684.00000,7742.00000,7616.00000,7700.00000,295393
1656572400,7596.00000,7706.00000,7554.00000,7632.00000,470202
1656658800,7596.00000,7614.00000,7484.00000,7558.00000,493275
1656918000,7532.00000,7750.00000,7532.00000,7708.00000,397005
1657004400,7728.00000,7758.00000,7430.00000,7430.00000,956510
1657090800,7522.00000,7758.00000,7518.00000,7668.00000,610406
1657177200,7688.00000,7754.00000,7542.00000,7582.00000,1011976
1657263600,7666.00000,7692.00000,7542.00000,7612.00000,1037796
1657522800,7544.00000,7666.00000,7544.00000,7662.00000,255032
1657609200,7632.00000,7770.00000,7600.00000,7730.00000,638302
1657695600,7696.00000,7733.72021,7570.00000,7674.00000,385931
1657782000,7684.00000,7730.00000,7602.00000,7626.00000,513470
1657868400,7672.00000,7672.00000,7432.00000,7550.00000,730547
1658127600,7576.00000,7758.00000,7550.00000,7650.00000,368473
1658214000,7582.00000,7712.00000,7542.00000,7688.00000,355501
1658300400,7722.00000,7798.00000,7704.00000,7796.00000,839507
1658386800,7782.00000,7936.00000,7758.00000,7894.00000,498712
1658473200,7920.00000,8042.00000,7846.00000,7852.00000,575775
1658732400,7822.00000,7874.00000,7782.00000,7812.00000,254263
1658818800,7898.00000,7996.00000,7772.00000,7830.00000,403944
1658905200,7842.00000,7950.00000,7814.00000,7868.00000,321603
1658991600,7964.00000,7966.00000,7725.99609,7908.00000,315158
1659078000,7942.00000,8022.00000,7900.00000,7998.00000,603959
1659337200,8002.00000,8010.00000,7902.00000,7988.00000,299625
1659423600,7960.00000,8068.00000,7900.00000,8004.00000,289048
1659510000,8012.00000,8152.00000,7972.00000,8120.00000,1283247
1659596400,8134.00000,8170.00000,8012.00000,8144.00000,510607
1659682800,8240.00000,8496.00000,8156.00000,8278.00000,788896
1659942000,8312.00000,8358.00000,8220.00000,8306.00000,336004
1660028400,8294.00000,8410.00000,8277.81836,8332.00000,729853
1660114800,8324.00000,8396.00000,8220.00000,8280.00000,684751
1660201200,8304.00000,8360.00000,8258.00000,8302.00000,786566
1660287600,8232.00000,8286.00000,8028.99414,8184.00000,441598
1660546800,8204.00000,8442.00000,8158.00000,8440.00000,927510
1660633200,8442.00000,8466.00000,8332.00000,8372.00000,379597
1660719600,8420.00000,8478.00000,8376.00000,8434.00000,324298
1660806000,8424.00000,8588.99707,8394.00000,8532.00000,1950726
1660892400,8504.00000,8590.00000,8476.00000,8560.00000,798193
1661151600,8540.00000,8612.00000,8486.98828,8582.00000,463929
1661238000,8540.00000,8552.00000,8334.00000,8334.00000,505285
1661324400,8292.00000,8478.00195,8260.00000,8400.00000,445507
1661410800,8428.00000,8486.00000,8344.00000,8410.00000,220033
1661497200,8444.00000,8444.00000,8252.00000,8268.00000,955519
1661842800,8234.00000,8306.00000,8170.00000,8176.00000,556715
1661929200,8204.00000,8234.00000,8060.00000,8102.00000,776265
1662015600,8052.00000,8120.00000,7904.00000,7928.00000,464103
1662102000,7978.00000,8010.00000,7868.00000,8006.00000,696088
1662361200,7930.00000,7962.00000,7778.00000,7956.00000,940294
1662447600,7924.00000,7974.00000,7862.00000,7968.00000,486356
1662534000,7918.00000,8000.00000,7838.00000,7944.00000,1153944
1662620400,7964.00000,8060.00000,7688.00000,8004.00000,754332
1662706800,7956.00000,8090.00000,7956.00000,8004.00000,602172
1662966000,7990.00000,8098.00000,7962.00000,8098.00000,508809
1663052400,8134.00000,8162.00000,7942.00000,8004.00000,680104
1663138800,7962.00000,8070.00000,7892.00000,7900.00000,639740
1663225200,7900.00000,7908.00000,7766.00000,7802.00000,507349
1663311600,7760.00000,7824.00000,7720.00000,7786.00000,2576114
1663657200,7732.00000,7768.00000,7460.00000,7548.00000,660660
1663743600,7552.00000,7730.00000,7518.00000,7728.00000,1151781
1663830000,7620.00000,7706.00000,7416.00000,7468.00000,911875
1663916400,7446.00000,7528.00000,7300.00000,7468.00000,635940
1664175600,7494.00000,7660.00000,7480.00000,7489.15186,627075
1664262000,7606.00000,7694.00000,7548.00000,7622.00000,789364
1664348400,7560.00000,7704.00000,7454.00000,7696.00000,657600
1664434800,7630.00000,7676.75684,7524.00000,7598.00000,1048800
1664521200,7566.00000,7674.00000,7560.00000,7628.00000,703665
1664780400,7514.00000,7681.73779,7460.00000,7640.00000,526075
1664866800,7658.00000,8023.45703,7378.00000,7718.00000,666728
1664953200,7706.00000,7804.00000,7686.00000,7790.00000,992626
1665039600,7788.00000,7850.00000,7650.00000,7682.00000,700393
1665126000,7652.00000,7726.00000,7546.00000,7546.00000,459594
1665385200,7524.00000,7582.00000,7498.00000,7540.00000,330151
1665471600,7560.00000,7604.00000,7430.00000,7434.00000,619928
1665558000,7456.00000,7482.00000,7312.00000,7356.00000,423783
1665644400,7394.00000,7394.00000,7188.00000,7300.00000,625011
1665730800,7348.00000,7410.00000,7236.00000,7292.00000,492402
1665990000,7276.00000,7356.00000,7166.00000,7324.00000,784167
1666076400,7344.00000,7558.00000,7318.00000,7474.00000,1537208
1666162800,7472.00000,7496.00000,7412.00000,7460.00000,318381
1666249200,7438.00000,7472.78809,7242.00000,7416.00000,553971
1666335600,7322.00000,7354.00000,7180.00000,7350.00000,616734
1666594800,7444.00000,7516.00000,7318.00000,7366.00000,542671
1666681200,7388.00000,7440.00000,7337.99609,7440.00000,367882
1666767600,7424.00000,7558.00000,7403.00000,7546.00000,1193975
1666854000,7514.00000,7642.00000,7466.00000,7578.00000,638179
1666940400,7524.00000,7618.00000,7496.00000,7586.00000,382855
1667203200,7586.00000,7654.00000,7550.00000,7566.00000,388008
1667289600,7622.00000,7726.00000,7580.00000,7620.00000,390806
1667376000,7670.00000,7764.00000,7643.61621,7660.00000,435334
1667462400,7580.00000,7660.00000,7488.00000,7612.00000,280491
1667548800,7620.00000,7712.00000,7544.00000,7700.00000,367999
1667808000,7688.00000,7780.00000,7658.00000,7750.00000,689491
1667894400,7724.00000,7802.00000,7652.00000,7786.00000,616093
1667980800,7766.00000,7912.00000,7766.00000,7888.00000,581520
1668067200,7836.00000,8140.00000,7806.00000,8072.00000,534333
1668153600,8116.00000,8232.00000,8098.00000,8220.00000,865236
1668412800,8208.00000,8269.00000,8022.00000,8022.00000,867066
1668499200,8030.00000,8062.00000,7960.00000,7986.00000,374387
1668585600,8022.00000,8060.00000,7942.00000,7996.00000,718489
1668672000,8020.00000,8074.00000,7958.00000,8036.00000,296251
1668758400,8066.00000,8156.00000,8030.00000,8122.00000,463213
1669017600,8086.00000,8166.00000,8044.00000,8166.00000,446576
1669104000,8170.00000,8200.00000,8128.00000,8164.00000,302587
1669190400,8166.00000,8264.00000,8140.00000,8232.00000,258015
1669276800,8242.00000,8250.00000,8054.00000,8080.00000,342524
1669363200,8088.00000,8176.00000,8052.00000,8116.00000,264847
1669622400,8096.00000,8186.00000,8044.00000,8138.00000,376563
1669708800,8146.00000,8166.00000,8030.00000,8044.00000,637323
1669795200,8094.00000,8318.00000,8044.00000,8248.00000,902872
1669881600,8332.00000,8362.00000,8252.00000,8270.00000,588110
1669968000,8272.00000,8410.00000,8266.00000,8272.00000,547374
1670227200,8262.00000,8276.00000,7980.00000,7980.00000,609200
1670313600,8026.00000,8058.00000,7850.00000,7850.00000,555836
1670400000,7840.00000,7902.00000,7828.00000,7888.00000,371247
1670486400,7776.00000,7800.00000,7366.00000,7380.00000,1082759
1670572800,7380.00000,7434.00000,7306.00000,7406.00000,778074
1670832000,7700.00000,7766.00000,7536.00000,7626.00000,1381736
1670918400,7630.00000,7668.00000,7438.00000,7608.00000,1129142
1671004800,7570.00000,7614.00000,7488.00000,7614.00000,710143
1671091200,7538.00000,7582.00000,7436.00000,7468.00000,595533
1671177600,7446.00000,7464.00000,7258.00000,7340.00000,1549565
1671436800,7288.00000,7328.00000,7134.00000,7134.00000,484631
1671523200,7086.00000,7172.00000,7052.00000,7104.00000,465770
1671609600,7112.00000,7156.00000,7064.00000,7154.00000,705477
1671696000,7182.00000,7246.00000,7146.00000,7188.00000,533928
1671782400,7164.00000,7206.00000,7106.00000,7130.00000,141614
1672214400,7166.00000,7180.00000,7114.00000,7128.00000,490323
1672300800,7102.00000,7212.00000,7062.00000,7212.00000,457006
1672387200,7190.00000,7230.00000,7136.00000,7136.00000,226505
1672732800,7150.00000,7316.00000,7136.00000,7146.00000,1077722
1672819200,7186.00000,7240.00000,7134.00000,7174.00000,957324
1672905600,7190.00000,7236.00000,7120.00000,7126.00000,579331
1672992000,7122.00000,7180.00000,7094.00000,7160.00000,640313
1673251200,7252.00000,7302.00000,7168.00000,7286.00000,919276
1673337600,7220.00000,7318.00000,7200.00000,7280.00000,764024
1673424000,7250.00000,7472.00000,7242.00000,7366.00000,996388
1673510400,7344.00000,7442.00000,7342.00000,7372.00000,836585
1673596800,7416.00000,7520.00000,7396.00000,7444.00000,496843
1673856000,7470.00000,7560.00000,7446.63281,7484.00000,562955
1673942400,7478.00000,7518.00000,7414.00000,7460.00000,1095707
1674028800,7488.00000,7586.00000,7460.00000,7570.00000,913407
1674115200,7564.00000,7608.00000,7466.00000,7498.00000,977754
1674201600,7514.00000,7544.00000,7450.00000,7490.00000,900639
1674460800,7502.00000,7562.00000,7310.00000,7328.00000,1070813
1674547200,7360.00000,7374.00000,7256.00000,7264.00000,1312243
1674633600,7288.00000,7296.00000,7140.00000,7296.00000,1064852
1674720000,7362.00000,7366.00000,7234.00000,7324.00000,666550
1674806400,7340.00000,7386.00000,7234.00000,7386.00000,694728
1675065600,7298.00000,7440.00000,7296.00000,7388.00000,922324
1675152000,7376.00000,7414.00000,7340.62402,7406.00000,717564
1675238400,7402.00000,7502.00000,7370.00000,7408.00000,512207
1675324800,7434.00000,7532.00000,7396.00000,7510.00000,605383
1675411200,7490.00000,7644.00000,7468.00000,7644.00000,508904
1675670400,7602.00000,7654.00000,7590.00000,7628.00000,505433
1675756800,7612.00000,7628.00000,7506.00000,7564.00000,457967
1675843200,7574.00000,7626.00000,7570.00000,7594.00000,563340
1675929600,7634.00000,7778.00000,7608.00000,7656.00000,828897
1676016000,7642.00000,7678.00000,7594.00000,7624.00000,585085
1676275200,7638.00000,7674.00000,7568.00000,7632.00000,673791
1676361600,7652.00000,7726.00000,7646.00000,7658.00000,585257
1676448000,7650.00000,7756.00000,7634.00000,7738.00000,369653
1676534400,7774.00000,7848.00000,7652.00000,7696.00000,546823
1676620800,7660.00000,7676.00000,7590.00000,7614.00000,732900
1676880000,7642.00000,7650.00000,7572.00000,7588.00000,479873
1676966400,7544.00000,7600.00000,7500.00000,7572.00000,1088148
1677052800,7568.00000,7594.00000,7470.00000,7500.00000,1049450
1677139200,7506.00000,7532.00000,7480.00000,7500.00000,575597
1677225600,7510.00000,7558.00000,7478.00000,7538.00000,571727
1677484800,7530.00000,7626.00000,7484.00000,7518.00000,558888
1677571200,7450.00000,7526.00000,7380.00000,7432.00000,1429146
1677657600,7414.00000,7562.00000,7410.00000,7448.00000,846875
1677744000,7370.00000,7484.00000,7232.00000,7424.00000,1777716
1677830400,7464.00000,7660.00000,7456.50000,7568.00000,851288
1678089600,7550.00000,7656.00000,7422.00000,7484.00000,505205
1678176000,7498.00000,7558.00000,7430.00000,7446.00000,904828
1678262400,7342.00000,7570.00000,7250.00000,7462.00000,7750219
1678348800,7496.00000,7516.00000,7380.00000,7386.00000,4532601
1678435200,7370.00000,7442.00000,7302.00000,7362.00000,5322507
1678694400,7450.00000,7472.00000,7250.00000,7294.00000,12376183
1678780800,7282.00000,7354.00000,7142.00000,7306.00000,1450668
1678867200,7304.00000,7472.00000,7192.00000,7206.00000,1148799
1678953600,7272.00000,7363.30811,7272.00000,7326.00000,2223339
1679040000,7496.00000,7544.00000,7374.00000,7470.00000,3117905
1679299200,7416.00000,7574.00000,7378.00000,7516.00000,1752733
1679385600,7516.00000,7740.00000,7510.00000,7740.00000,1071731
1679472000,7756.00000,7772.00000,7670.00000,7682.00000,3814922
1679558400,7694.00000,7780.00000,7684.00000,7780.00000,920195
1679644800,7760.00000,7820.00000,7716.00000,7750.00000,1624708
1679900400,7786.00000,7846.00000,7736.01611,7802.00000,882327
1679986800,7848.00000,7848.00000,7762.00000,7794.00000,2241503
1680073200,7786.00000,7874.00000,7786.00000,7864.00000,1429615
1680159600,7906.00000,7908.00000,7772.00000,7828.00000,1251125
1680246000,7836.00000,8893.86035,7826.00000,7868.00000,1260966
1680505200,7880.00000,7900.00000,7706.00000,7740.00000,890254
1680591600,7776.00000,7880.00000,7748.00000,7852.00000,1383661
1680678000,7876.00000,7976.00000,7846.00000,7888.00000,780347
1680764400,7896.00000,8022.00000,7860.00000,8022.00000,689035
1681196400,8048.00000,8060.00000,7832.00000,7928.00000,1843801
1681282800,7906.00000,8020.00000,7898.00000,7978.00000,1459663
1681369200,7996.00000,8088.00000,7962.00000,8020.00000,685482
1681455600,8032.00000,8062.00000,7954.00000,7958.00000,853438
1681714800,7914.00000,7960.00000,7838.00000,7868.00000,1290742
1681801200,7912.00000,7912.00000,7802.00000,7902.00000,811095
1681887600,7858.00000,7952.00000,7848.00000,7930.00000,448612
1681974000,7838.00000,7974.00000,7810.00000,7952.00000,1243867
1682060400,7948.00000,8084.00000,7934.00000,8084.00000,770191
1682319600,8054.00000,8080.00000,8026.00000,8032.00000,1100058
1682406000,7990.00000,8102.00000,7980.00000,8092.00000,948016
1682492400,8050.00000,8066.00000,7950.00000,7986.00000,1312155
1682578800,7964.00000,8112.00000,7952.00000,8084.00000,1454446
1682665200,8110.00000,8346.00000,8110.00000,8346.00000,4000407
1683010800,8380.00000,8438.00000,8290.00000,8370.00000,2440506
1683097200,8404.00000,8426.00000,8268.00000,8318.00000,1155119
1683183600,8344.00000,8400.00000,8282.00000,8370.00000,762259
1683270000,8412.00000,8466.00000,8316.00000,8358.00000,466038
1683615600,8390.00000,8414.00000,8316.00000,8380.00000,791846
1683702000,8402.00000,8460.00000,8380.00000,8458.00000,656365
1683788400,8488.00000,8584.42676,8470.00000,8504.00000,1381780
1683874800,8526.00000,8592.00000,8506.00000,8554.00000,750842
1684134000,8542.00000,8576.00000,8426.00000,8456.00000,557223
1684220400,8436.00000,8502.71289,8436.00000,8472.00000,420787
1684306800,8100.00000,8292.00000,8038.00000,8244.00000,8360282
1684393200,8300.00000,8406.00000,8260.67773,8364.00000,2805555
1684479600,8398.00000,8436.00000,8326.00000,8436.00000,5323668
1684738800,8460.00000,8482.00000,8400.00000,8472.00000,7560767
1684825200,8482.00000,8562.00000,8434.00000,8478.00000,2456213
1684911600,8474.00000,8474.00000,8236.00000,8302.00000,2320779
1684998000,8234.00000,8340.00000,8214.00000,8338.00000,1171173
1685084400,8342.00000,8500.00000,8320.00000,8484.00000,1364057
1685430000,8498.00000,8518.00000,8452.00000,8480.00000,1044160
1685516400,8434.00000,8576.00000,8428.00000,8550.00000,3352290
1685602800,8506.00000,8618.00000,8450.00000,8458.00000,1240308
1685689200,8470.00000,8564.00000,8446.00000,8494.00000,3299925
1685948400,8496.00000,8662.00000,8466.00000,8662.00000,1636322
1686034800,8628.00000,8818.00000,8628.00000,8774.00000,1909302
1686121200,8760.00000,8802.00000,8698.00000,8742.00000,1639588
1686207600,8704.00000,8764.00000,8636.00000,8740.00000,1483961
1686294000,8748.00000,8758.00000,8620.59961,8650.00000,1586689
1686553200,8706.00000,8758.00000,8648.00000,8678.00000,900016
1686639600,8698.00000,8784.00000,8678.00000,8702.00000,791279
1686726000,8680.00000,8704.00000,8606.00000,8658.00000,1573032
1686812400,8666.00000,8794.00000,8629.00000,8766.00000,769408
1686898800,8762.00000,8804.20020,8719.12793,8720.00000,3098371
1687158000,8730.00000,8730.00000,8646.00000,8646.00000,707898
1687244400,8624.00000,8672.00000,8604.00000,8636.00000,1276522
1687330800,8602.00000,8680.00000,8536.50000,8540.00000,1523627
1687417200,8498.00000,8508.00000,8390.00000,8446.00000,1101975
1687503600,8402.00000,8462.00000,8342.00000,8422.00000,1028876
1687762800,8440.00000,8464.00000,8366.00000,8414.00000,1210754
1687849200,8366.00000,8388.00000,8316.00000,8358.00000,847622
1687935600,8420.00000,8446.00000,8368.00000,8390.00000,950657
1688022000,8396.00000,8418.00000,8266.00000,8320.00000,1157071
1688108400,8372.00000,8414.00000,8332.00000,8366.00000,2256357
1688367600,8338.00000,8360.00000,8248.00000,8252.00000,1433368
1688454000,8278.00000,8360.00000,8224.00000,8240.00000,513250
1688540400,8176.00000,8242.00000,8164.00000,8204.00000,1059205
1688626800,8170.00000,8214.00000,8046.00000,8086.00000,1170466
1688713200,8026.00000,8090.00000,7968.00000,8090.00000,1439188
1688972400,8110.00000,8148.00000,8054.00000,8080.00000,812970
1689058800,8120.00000,8120.00000,7984.00000,8004.00000,1362388
1689145200,8024.00000,8078.00000,7976.00000,7986.00000,1065892
1689231600,8018.00000,8108.00000,7970.00000,8092.00000,862736
1689318000,8070.00000,8318.00000,8070.00000,8290.00000,1268546
1689577200,8250.00000,8322.00000,8236.00000,8300.00000,917876
1689663600,8344.00000,8344.00000,8266.00000,8308.00000,1099189
1689750000,8352.00000,8454.00000,8336.00000,8400.00000,1183715
1689836400,8384.00000,8453.35742,8354.00000,8422.00000,2150632
1689922800,8426.00000,8434.00000,8300.00000,8312.00000,2212917
1690182000,8300.00000,8406.00000,8300.00000,8346.00000,1724106
1690268400,8328.00000,8418.00000,8270.00000,8398.00000,2226939
1690354800,8416.00000,8468.00000,8372.00000,8468.00000,692070
1690441200,8484.00000,8558.00000,8430.00000,8476.00000,1072747
1690527600,8464.00000,8564.00000,8454.40039,8528.00000,411578
1690786800,8518.00000,8542.00000,8450.00000,8462.00000,549179
1690873200,8448.00000,8484.00000,8278.00000,8346.00000,696020
1690959600,8248.00000,8310.00000,8176.00000,8286.00000,579478
1691046000,7916.00000,8210.00000,7784.00000,8188.00000,2442654
1691132400,8140.00000,8216.00000,8040.00000,8138.00000,1028934
1691391600,8100.00000,8218.00000,8100.00000,8206.00000,1037677
1691478000,8204.00000,8356.00000,8204.00000,8274.00000,941798
1691564400,8344.00000,8350.00000,8200.00000,8254.00000,1347162
1691650800,8282.00000,8362.00000,8270.00000,8354.00000,766971
1691737200,8332.00000,8339.03223,8246.00000,8270.00000,1203704
1691996400,8292.00000,8324.00000,8236.00000,8290.00000,464723
1692082800,8268.00000,8278.00000,8186.00000,8200.00000,540037
1692169200,8154.00000,8208.00000,8138.00000,8158.00000,648616
1692255600,8112.00000,8162.00000,8074.00000,8076.00000,668535
1692342000,8052.00000,8070.00000,7988.00000,8038.00000,752006
1692601200,8046.00000,8068.00000,8015.28223,8068.00000,2801193
1692687600,8106.00000,8120.00000,8004.00000,8042.00000,2186330
1692774000,8026.00000,8132.00000,8012.00000,8128.00000,841497
1692860400,8188.00000,8262.00000,8162.00000,8172.00000,337921
1692946800,8166.00000,8256.00000,8166.00000,8182.00000,478539
1693292400,8278.00000,8280.71777,8172.00000,8200.00000,1185069
1693378800,8222.00000,8260.00000,8190.00000,8196.00000,544787
1693465200,8176.00000,8218.00000,8138.00000,8178.00000,1204781
1693551600,8180.00000,8246.00000,8154.00000,8176.00000,648083
1693810800,8200.00000,8236.00000,8148.00000,8168.00000,312014
1693897200,8150.00000,8216.00000,8094.00000,8158.00000,1022394
1693983600,8158.00000,8272.00000,8106.00000,8264.00000,415921
1694070000,8070.00000,8226.00000,7950.00000,8176.00000,7196204
1694156400,8196.00000,8280.00000,8070.00000,8264.00000,3533302
1694415600,8322.00000,8400.00000,8294.19043,8300.00000,5273081
1694502000,8300.00000,8350.00000,8276.00000,8334.00000,999475
1694588400,8294.00000,8330.00000,8224.00000,8248.00000,3080939
1694674800,8278.00000,8366.00000,8246.00000,8366.00000,1086481
1694761200,8442.00000,8496.00000,8342.00000,8342.00000,7403954
1695020400,8318.00000,8390.00000,8288.00000,8390.00000,1496435
1695106800,8394.00000,8448.00000,8354.00000,8420.00000,1706585
1695193200,8442.00000,8494.00000,8376.00000,8376.00000,1658596
1695279600,8336.00000,8436.00000,8306.12012,8340.00000,2683486
1695366000,8320.00000,8430.00000,8286.00000,8378.00000,1441768
1695625200,8342.00000,8354.00000,8244.00000,8306.00000,1418244
1695711600,8256.00000,8334.00000,8256.00000,8296.00000,1779140
1695798000,8300.00000,8316.00000,8244.00000,8264.00000,974079
1695884400,8252.00000,8300.00000,8158.00000,8240.00000,1120183
1695970800,8306.00000,8322.00000,8234.00000,8234.00000,1065882
1696230000,8224.00000,8294.00000,8122.00000,8180.00000,1269192
1696316400,8200.00000,8244.00000,8126.60010,8138.00000,566246
1696402800,8104.00000,8168.00000,8046.00000,8050.00000,707915
1696489200,8102.00000,8150.00000,8074.00000,8080.00000,2471395
1696575600,8118.00000,8200.00000,8108.00000,8186.00000,733612
1696834800,8208.00000,8228.00000,8132.00000,8154.00000,2802917
1696921200,8208.00000,8290.00000,8104.00000,8258.00000,1519966
1697007600,8240.00000,8318.00000,8186.00000,8266.00000,1759127
1697094000,8324.00000,8330.00000,8228.00000,8292.00000,1020005
1697180400,8286.00000,8342.00000,8180.00000,8212.00000,798383
1697439600,8244.00000,8272.79785,8170.00000,8222.00000,1205734
1697526000,8226.00000,8256.00000,8160.00000,8194.00000,1263952
1697612400,8170.00000,8248.00000,8018.00000,8074.00000,1417435
1697698800,7972.00000,8300.00000,7936.00000,8226.00000,1962929
1697785200,8224.00000,8304.00000,8220.00000,8228.00000,2084777
1698044400,8206.00000,8276.00000,8128.00000,8184.00000,491292
1698130800,8190.00000,8248.00000,8140.00000,8248.00000,1660752
1698217200,8208.00000,8306.00000,8152.00000,8284.00000,2021582
1698303600,8276.00000,8360.00000,8224.00000,8306.00000,1657523
1698390000,8274.00000,8356.00000,8182.00000,8208.00000,588767
1698652800,8250.00000,8278.00000,8202.00000,8244.00000,4179105
1698739200,8270.00000,8348.00000,8248.00000,8280.00000,1374624
1698825600,8296.00000,8396.00000,8174.00000,8362.00000,1099612
1698912000,8408.00000,8454.00000,8312.00000,8360.00000,1825664
1698998400,8380.00000,8394.00000,8216.00000,8294.00000,1180389
1699257600,8334.00000,8400.00000,8218.00000,8314.00000,2864040
1699344000,8322.00000,8468.00000,8270.00000,8454.00000,2225757
1699430400,8408.00000,8520.00000,8392.00000,8514.00000,2230234
1699516800,8510.00000,8588.00000,8510.00000,8536.00000,2448724
1699603200,8536.00000,8586.00000,8486.00000,8554.00000,1283960
1699862400,8578.00000,8610.00000,8416.00000,8448.00000,4119657
1699948800,8480.00000,8532.00000,8254.00000,8322.00000,3389961
1700035200,8356.00000,8450.00000,8280.00000,8386.00000,1397779
1700121600,8376.00000,8490.00000,8302.00000,8416.00000,1108940
1700208000,8362.00000,8572.00000,8278.00000,8550.00000,1742364
1700467200,8564.00000,8648.00000,8476.00000,8646.00000,809741
1700553600,8630.00000,8734.00000,8582.00000,8682.00000,941409
1700640000,8720.00000,8882.00000,8636.00000,8868.00000,1543741
1700726400,8862.00000,8970.00000,8834.00000,8886.00000,684272
1700812800,8854.00000,8944.00000,8804.00000,8858.00000,2117513
1701072000,8838.00000,8912.00000,8804.00000,8898.00000,526596
1701158400,8890.00000,8950.00000,8834.00000,8914.00000,641383
1701244800,8928.00000,8958.00000,8880.00000,8910.00000,522480
1701331200,8898.00000,8934.00000,8836.00000,8906.00000,1875302
1701417600,8914.00000,9024.00000,8896.00000,8992.00000,1271919
1701676800,8972.00000,9044.00000,8930.00000,8990.00000,1606499
1701763200,8962.00000,9044.00000,8898.00000,8940.00000,853380
1701849600,8944.00000,9008.00000,8886.00000,8922.00000,1376011
1701936000,8922.00000,8982.00000,8880.00000,8982.00000,716874
1702022400,8978.00000,9104.00000,8928.00000,9100.00000,826968
1702281600,9098.00000,9210.00000,9068.00000,9150.00000,2302981
1702368000,9192.00000,9266.00000,9094.00000,9248.00000,954036
1702454400,9258.00000,9336.00000,9192.00000,9322.00000,1179836
1702540800,9350.00000,9438.00000,9266.00000,9300.00000,1507470
1702627200,9338.00000,9360.00000,9138.00000,9200.00000,1802838
1702886400,9190.00000,9322.00000,9134.00000,9274.00000,788693
1702972800,9322.00000,9380.00000,9218.00000,9246.00000,885410
1703059200,9240.00000,9294.00000,9188.00000,9282.00000,1161112
1703145600,9280.00000,9328.00000,9252.00000,9256.00000,397754
1703232000,9200.00000,9304.00000,9200.00000,9284.00000,159037
1703664000,9326.00000,9400.00000,9228.00000,9308.00000,332477
1703750400,9330.00000,9348.00000,9288.00000,9294.00000,365599
1703836800,9270.00000,9320.00000,9270.00000,9274.00000,414223
1704182400,9298.00000,9348.00000,9042.00000,9140.00000,744898
1704268800,9132.00000,9170.00000,9008.00000,9024.00000,1089620
1704355200,9034.00000,9036.00000,8930.00000,9010.00000,2428754
1704441600,8986.00000,9014.00000,8950.00000,8980.00000,1580095
1704700800,8968.00000,9014.00000,8940.00000,9008.00000,1746583
1704787200,9024.00000,9040.00000,8940.00000,9020.00000,2744427
1704873600,9032.00000,9092.00000,9002.00000,9092.00000,1437432
1704960000,9112.00000,9158.00000,9103.80273,9140.00000,1996082
1705046400,9144.00000,9184.00000,9118.00000,9184.00000,1186814
1705305600,9198.00000,9234.00000,9185.16992,9210.00000,611310
1705392000,9188.00000,9224.00000,9144.00000,9224.00000,1008797
1705478400,9166.00000,9170.00000,9082.58984,9152.00000,1888141
1705564800,9126.00000,9182.00000,9090.00000,9164.00000,780010
1705651200,9208.00000,9250.00000,9138.00000,9140.00000,1060668
1705910400,9154.00000,9244.00000,9140.00000,9206.00000,763658
1705996800,9230.00000,9230.00000,9060.00000,9136.00000,2761678
1706083200,9164.00000,9186.00000,9034.00000,9070.00000,1189100
1706169600,9066.00000,9132.00000,9000.00000,9086.00000,763141
1706256000,9056.00000,9114.00000,9012.00000,9070.00000,2397164
1706515200,9058.00000,9059.29980,8876.00000,8914.00000,836160
1706601600,8862.00000,9036.00000,8848.00000,9002.00000,1535642
1706688000,9004.00000,9022.00000,8934.00000,8942.00000,1318841
1706774400,8918.00000,8996.00000,8894.00000,8914.00000,1974778
1706860800,8964.00000,8964.00000,8850.00000,8876.00000,3966180
1707120000,8846.00000,8920.00000,8816.00000,8826.00000,2803345
1707206400,8806.00000,8852.00000,8748.00000,8822.00000,4328217
1707292800,8832.00000,8867.48047,8808.00000,8862.00000,1174417
1707379200,8794.00000,8822.00000,8696.00000,8792.00000,1803759
1707465600,8782.00000,8860.00000,8776.00000,8836.00000,3137608
1707724800,8840.00000,8908.00000,8835.36035,8884.00000,1907358
1707811200,8822.00000,8884.00000,8758.00000,8824.00000,906789
1707897600,8844.00000,8920.00000,8804.00000,8862.00000,1832170
1707984000,8894.00000,8928.20215,8880.40137,8904.00000,638307
1708070400,8850.00000,8900.00000,8788.00000,8888.00000,1164789
1708329600,8882.00000,8926.00000,8812.00000,8864.00000,563696
1708416000,8862.00000,8904.00000,8796.00000,8844.00000,1164989
1708502400,8826.00000,8826.00000,8760.00000,8780.00000,1044786
1708588800,8828.00000,8858.00000,8802.00000,8844.00000,1052718
1708675200,8886.00000,8954.00000,8860.48047,8922.00000,1633392
1708934400,8914.00000,8934.00000,8880.00000,8900.00000,1662516
1709020800,8916.00000,8982.00000,8884.00000,8934.00000,914458
1709107200,8922.00000,8980.00000,8878.00000,8912.00000,1404791
1709193600,8788.00000,8926.00000,8660.00000,8876.00000,1882889
1709280000,8876.00000,9016.00000,8868.00000,9016.00000,1410329
1709539200,9004.00000,9088.00000,8976.00000,9070.00000,877056
1709625600,9046.00000,9062.00000,8980.00000,9042.00000,459406
1709712000,9140.00000,9318.00000,9043.66504,9252.00000,6288162
1709798400,9246.00000,9350.00000,9212.00000,9300.00000,5567789
1709884800,9338.00000,9338.00000,9218.00000,9264.00000,3687404
1710144000,9242.00000,9318.00000,9220.00000,9318.00000,2029246
1710230400,9348.00000,9400.00000,9318.00000,9368.00000,3958688
1710316800,9384.00000,9472.00000,9370.00000,9396.00000,4029652
1710403200,9418.00000,9418.00000,9356.00000,9400.00000,3698917
1710489600,9376.00000,9450.00000,9334.00000,9450.00000,4237493
1710748800,9434.00000,9504.00000,9354.00000,9400.00000,1774612
1710835200,9422.00000,9426.00000,9348.00000,9390.00000,1837713
1710921600,9380.00000,9462.00000,9372.00000,9440.00000,1887077
1711008000,9456.00000,9574.00000,9414.00000,9560.00000,996601
1711094400,9580.00000,9658.00000,9550.00000,9652.00000,1011496
1711353600,9642.00000,9678.00000,9562.00000,9578.00000,3419351
1711440000,9588.00000,9674.00000,9532.00000,9674.00000,1432973
1711526400,9676.00000,9696.00000,9590.00000,9592.00000,1849871
1711612800,9588.00000,9600.00000,9464.00000,9490.00000,1134821
1712041200,9486.00000,9530.00000,9368.00000,9424.00000,1348567
1712127600,9398.00000,9414.00000,9300.00000,9360.00000,943311
1712214000,9374.00000,9442.00000,9314.00000,9414.00000,842392
1712300400,9340.00000,9412.00000,9288.00000,9378.00000,2933895
1712559600,9362.00000,9372.00000,9166.00000,9236.00000,1058179
1712646000,9238.00000,9254.00000,9166.00000,9190.00000,1943308
1712732400,9160.00000,9280.00000,9160.00000,9270.00000,1388239
1712818800,9280.00000,9336.00000,9240.00000,9306.00000,746959
1712905200,9328.00000,9366.00000,9280.00000,9314.00000,678956
1713164400,9300.00000,9336.00000,9226.00000,9270.00000,737058
1713250800,9222.00000,9226.00000,9108.00000,9152.00000,3220580
1713337200,9114.00000,9192.00000,9105.00000,9130.00000,586739
1713423600,9100.00000,9100.00000,9000.00000,9036.00000,1407077
1713510000,9000.00000,9010.00000,8930.00000,8984.00000,2906369
1713769200,9084.00000,9138.00000,9050.00000,9100.00000,1009649
1713855600,9200.00000,9240.00000,8992.00000,8998.00000,2378794
1713942000,8998.00000,9017.00000,8762.00000,8808.00000,1338682
1714028400,8676.00000,8984.00000,8648.30957,8890.00000,2030183
1714114800,8958.00000,8966.00000,8836.00391,8934.00000,998691
1714374000,8950.00000,8994.00000,8778.00000,8790.00000,841798
1714546800,8818.00000,8846.00000,8748.00000,8840.00000,690329
1714633200,8940.00000,9098.95996,8880.00000,9056.00000,1064369
1714719600,9050.00000,9182.00000,9040.00000,9162.00000,738452
1715065200,9208.00000,9359.48340,9204.00000,9308.00000,1321140
1715151600,9316.00000,9328.00000,9180.00000,9180.00000,879488
1715238000,9164.00000,9202.00000,9110.00000,9162.00000,566597
1715324400,9192.00000,9200.00000,9074.00000,9128.00000,927322
1715583600,9154.00000,9200.00000,9060.00000,9094.00000,1140882
1715670000,9096.00000,9158.00000,9022.00000,9048.00000,1710521
1715756400,9150.00000,9240.00000,8992.00000,9118.00000,4377718
1715842800,9116.00000,9238.00000,9062.00000,9230.00000,1323454
1715929200,9224.00000,9346.00000,9206.00000,9336.00000,2568314
1716188400,9334.00000,9428.00000,9308.00000,9328.00000,1168224
1716274800,9278.00000,9448.99023,9228.00000,9346.00000,1049375
1716361200,9362.00000,9382.00000,9265.59961,9290.00000,533403
1716447600,9306.00000,9374.00000,9234.00000,9328.00000,1490320
1716534000,9294.00000,9384.00000,9228.00000,9324.00000,462960
1716879600,9326.00000,9384.00000,9138.00000,9168.00000,1897882
1716966000,9158.00000,9224.00000,9028.00000,9046.00000,1799290
1717052400,9032.00000,9142.00000,8974.00000,9096.00000,706261
1717138800,9122.00000,9206.00000,9040.00000,9162.00000,5545966
1717398000,9240.00000,9254.00000,9132.00000,9150.00000,4236774
1717484400,9172.00000,9306.00000,9150.00000,9282.00000,1020240
1717570800,9296.00000,9364.00000,9274.00000,9342.00000,1008456
1717657200,9390.00000,11080.20020,9284.00000,9426.00000,1363769
1717743600,9454.00000,9510.00000,9368.00000,9432.00000,2321054
1718002800,9396.00000,9428.00000,9338.00000,9400.00000,946145
1718089200,9394.00000,9458.00000,9288.00000,9342.00000,828934
1718175600,9400.00000,9458.00000,9284.00000,9404.00000,967695
1718262000,9400.00000,9434.00000,9344.00000,9362.00000,1155082
1718348400,9378.00000,9474.00000,9330.00000,9434.00000,599618
1718607600,9482.00000,9504.00000,9386.00000,9434.00000,1095379
1718694000,9466.00000,9488.00000,9372.00000,9488.00000,936422
1718780400,9458.00000,9560.00000,9458.00000,9536.00000,536869
1718866800,9552.00000,9640.00000,9478.00000,9604.00000,1489652
1718953200,9602.00000,9684.00000,9544.00000,9654.00000,3790931
1719212400,9654.00000,9712.00000,9546.00000,9626.00000,662929
1719298800,9608.00000,9684.00000,9542.00000,9598.00000,1934670
1719385200,9656.00000,9658.00000,9484.00000,9520.00000,1016972
1719471600,9520.00000,9594.00000,9476.00000,9490.00000,1159215
1719558000,9520.00000,9530.00000,9400.00000,9400.00000,1034308
1719817200,9452.00000,9492.00000,9300.00000,9304.00000,810966
1719903600,9254.00000,9360.00000,9192.00000,9228.00000,765320
1719990000,9260.00000,9332.00000,9230.00000,9238.00000,1085511
1720076400,9246.00000,9314.00000,9204.00000,9274.00000,832278
1720162800,9288.00000,9356.00000,9218.00000,9312.00000,1658136
1720422000,9324.00000,9358.00000,9268.00000,9274.00000,753500
1720508400,9272.00000,9368.00000,9218.00000,9234.00000,695324
1720594800,9270.00000,9326.00000,9178.00000,9216.00000,518315
1720681200,9236.00000,9398.00000,8982.00000,9370.00000,882785
1720767600,9414.00000,9472.00000,9312.00000,9428.00000,727995
1721026800,9392.00000,9486.00000,9346.00000,9482.00000,1287544
1721113200,9476.00000,9560.00000,9412.00000,9448.00000,776402
1721199600,9450.00000,9460.00000,9394.00000,9404.00000,674293
1721286000,9442.00000,9518.00000,9346.00000,9470.00000,706721
1721372400,9432.00000,9502.00000,9346.00000,9422.00000,1418642
1721631600,9438.00000,9492.00000,9412.00000,9436.00000,501699
1721718000,9412.00000,9520.00000,9404.00000,9454.00000,602843
1721804400,9400.00000,9448.00000,9354.00000,9436.00000,539979
1721890800,9366.00000,9454.00000,9312.00000,9374.00000,2296440
1721977200,9372.00000,9516.00000,9358.00000,9478.00000,659159
1722236400,9518.00000,9580.00000,9468.00000,9468.00000,428073
1722322800,9470.00000,9518.00000,9432.00000,9468.00000,978573
1722409200,9516.00000,9552.00000,9422.00000,9470.00000,2185381
1722495600,9626.00000,9976.00000,9448.00000,9852.00000,1761390
1722582000,9820.00000,9830.00000,9698.00000,9740.00000,2092107
1722841200,9674.00000,9698.00000,9506.00000,9588.00000,3947312
1722927600,9584.00000,9600.00000,9490.00000,9516.00000,1387802
1723014000,9544.00000,9706.00000,9482.00000,9688.00000,847676
1723100400,9658.00000,9762.00000,9632.00000,9754.00000,646807
1723186800,9760.00000,9866.00000,9706.00000,9828.00000,541594
1723446000,9886.00000,9946.00000,9854.00000,9938.00000,852060
1723532400,10000.00000,10050.00000,9903.70508,9972.00000,591547
1723618800,10020.00000,10095.00000,9938.00000,9992.00000,484461
1723705200,9996.00000,10000.00000,9938.00000,9964.00000,839732
1723791600,9948.00000,9970.00000,9902.00000,9970.00000,655558
1724050800,9958.00000,10025.00000,9926.77637,9976.00000,807009
1724137200,9972.00000,10020.00000,9896.50000,9948.00000,1578029
1724223600,9954.00000,9978.00000,9920.00000,9966.00000,1053080
1724310000,9984.00000,10055.00000,9978.00000,10010.00000,843798
1724396400,10050.00000,10076.25977,9998.00000,10010.00000,699943
1724742000,10105.00000,10160.00000,10030.00000,10135.00000,769391
1724828400,10175.00000,10245.00000,10145.00000,10220.00000,489861
1724914800,10215.00000,10260.00000,10200.00000,10230.00000,1635768
1725001200,10245.00000,10290.00000,10210.00000,10250.00000,4082526
1725260400,10225.00000,10245.00000,10095.00000,10155.00000,342605
1725346800,10180.00000,10205.00000,10121.90918,10160.00000,1036280
1725433200,10055.00000,10160.00000,10040.00000,10140.00000,744386
1725519600,10120.00000,10195.00000,10040.00000,10095.00000,1483944
1725606000,10060.00000,10265.00000,10060.00000,10180.00000,565266
1725865200,10220.00000,10411.80469,10220.00000,10375.00000,486626
1725951600,10340.00000,10380.00000,10294.34180,10375.00000,1611911
1726038000,10400.00000,10430.00000,10325.00000,10375.00000,683734
1726124400,10555.00000,10595.00000,10445.00000,10470.00000,1597089
1726210800,10490.00000,10527.41992,10435.00000,10480.00000,476293
1726470000,10485.00000,10510.00000,10415.00000,10500.00000,394966
1726556400,10565.00000,10595.00000,10410.00000,10430.00000,486358
1726642800,10435.00000,10460.00000,10315.00000,10380.00000,607249
1726729200,10440.00000,10475.00000,10265.00000,10320.00000,1906467
1726815600,10260.00000,10380.00000,10225.00000,10315.00000,2118572
1727074800,10275.00000,10380.00000,10245.00000,10355.00000,531219
1727161200,10360.00000,10385.00000,10145.00000,10235.00000,723006
1727247600,10185.00000,10400.00000,10170.00000,10380.00000,739641
1727334000,10420.00000,10445.00000,10220.00000,10260.00000,1366208
1727420400,10235.00000,10305.00000,10220.00000,10265.00000,1011686
1727679600,10235.00000,10295.00000,10200.00000,10220.00000,2491547
1727766000,10190.00000,10360.00000,10190.00000,10315.00000,1238214
1727852400,10345.00000,10350.00000,10250.00000,10345.00000,504818
1727938800,10360.00000,10420.00000,10325.00000,10375.00000,951547
1728025200,10320.00000,10355.00000,10190.00000,10235.00000,625290
1728284400,10275.00000,10285.00000,10100.00000,10125.00000,554009
1728370800,10165.00000,10215.00000,10105.00000,10170.00000,1439170
1728457200,10220.00000,10260.00000,10120.00000,10185.00000,530918
1728543600,10165.00000,10230.00000,10100.00000,10100.00000,950278
1728630000,10130.00000,10160.00000,10085.00000,10120.00000,533565
1728889200,10120.00000,10172.79980,10065.00000,10170.00000,415549
1728975600,10230.00000,10310.00000,10210.00000,10255.00000,1476979
1729062000,10280.00000,10370.00000,10280.00000,10320.00000,1260506
1729148400,10350.00000,10520.00000,10325.00000,10490.00000,2039852
1729234800,10410.00000,10535.00000,10365.00000,10535.00000,971140
1729494000,10560.00000,10670.00000,10560.00000,10615.00000,1156801
1729580400,10585.00000,10600.00000,10440.00000,10520.00000,554991
1729666800,10465.00000,10514.14648,10380.00000,10385.00000,900986
1729753200,10425.00000,10830.00000,10420.00000,10655.00000,480559
1729839600,10640.00000,10700.00000,10595.00000,10605.00000,967229
1730102400,10615.00000,10735.00000,10600.00000,10710.00000,820709
1730188800,10745.00000,10760.00000,10576.91797,10600.00000,1081610
1730275200,10545.00000,10605.00000,10490.00000,10545.00000,428185
1730361600,10480.00000,10535.00000,10405.00000,10515.00000,1567499
1730448000,10530.00000,10765.00000,10480.00000,10750.00000,822624
1730707200,10740.00000,10885.00000,10740.00000,10810.00000,798959
1730793600,10810.00000,10940.00000,10745.00000,10880.00000,1293314
1730880000,10985.00000,11065.00000,10785.00000,10870.00000,1412363
1730966400,10880.00000,10915.00000,10755.00000,10765.00000,1048257
1731052800,10785.00000,10820.00000,10685.00000,10745.00000,663644
1731312000,10760.00000,10835.00000,10710.00000,10810.00000,399454
1731398400,10795.00000,10795.00000,10550.00000,10595.00000,815951
1731484800,10535.00000,10660.00000,10485.00000,10660.00000,908061
1731571200,10685.00000,10715.00000,10600.00000,10640.00000,650092
1731657600,10630.00000,10665.00000,10548.39941,10640.00000,640470
1731916800,10640.00000,10715.00000,10550.00000,10710.00000,3854171
1732003200,10740.00000,10820.00000,10695.00000,10730.00000,757240
1732089600,10710.00000,10925.00000,10685.00000,10900.00000,970019
1732176000,10930.00000,11030.00000,10890.00000,11010.00000,2142616
1732262400,11090.00000,11115.54980,11010.00000,11100.00000,725502
1732521600,11140.00000,11245.33691,11130.00000,11245.00000,4277964
1732608000,11210.00000,11270.00000,11150.00000,11200.00000,945897
1732694400,11205.00000,11295.00000,11175.00000,11240.00000,647896
1732780800,11255.00000,11290.00000,11160.00000,11180.00000,298089
1732867200,11210.00000,11295.00000,11200.00000,11270.00000,642824
1733126400,11285.00000,11315.00000,11195.00000,11290.00000,693080
1733212800,11275.00000,11345.00000,11185.00000,11330.00000,983132
1733299200,11330.00000,11435.00000,11255.00000,11435.00000,475620
1733385600,11455.00000,11490.00000,11380.00000,11435.00000,1584825
1733472000,11445.00000,11455.00000,11330.00000,11365.00000,1360503
1733731200,11380.00000,11395.00000,11185.00000,11205.00000,505092
1733817600,11300.00000,11400.00000,11125.00000,11200.00000,696820
1733904000,11135.00000,11330.00000,11135.00000,11330.00000,1049350
1733990400,11335.00000,11402.05762,11295.00000,11375.00000,493887
1734076800,11365.00000,11425.00000,11350.00000,11390.00000,1067467
1734336000,11380.00000,11550.00000,11347.59961,11515.00000,927605
1734422400,11540.00000,11667.63086,11490.00000,11540.00000,1913657
1734508800,11545.00000,11605.00000,11455.00000,11495.00000,1117630
1734595200,11345.00000,11465.00000,11337.90820,11450.00000,779092
1734681600,11410.00000,11440.00000,11240.00000,11320.00000,1386055
1734940800,11270.00000,11332.11816,11185.00000,11240.00000,444649
1735027200,11275.00000,11331.54492,11230.00000,11325.00000,92070
1735286400,11285.00000,11330.00000,11210.00000,11330.00000,280041
1735545600,11305.00000,11345.00000,11250.00000,11300.00000,303182
1735632000,11315.00000,11345.00000,11260.00000,11285.00000,315229
1735804800,11300.00000,11475.00000,11205.00000,11470.00000,384679
1735891200,11495.00000,11520.00000,11386.84668,11420.00000,491243
1736150400,11435.00000,11455.00000,11245.00000,11320.00000,1234233
1736236800,11335.00000,11425.00000,11290.00000,11425.00000,962677
1736323200,11700.00000,11915.00000,11590.00000,11615.00000,986159
1736409600,11605.00000,11865.00000,11595.00000,11865.00000,796033
1736496000,11855.00000,11895.00000,11640.00000,11675.00000,703298
1736755200,11605.00000,11660.00000,11540.00000,11570.00000,1346899
1736841600,11620.00000,11690.00000,11515.00000,11605.00000,2782554
1736928000,11590.00000,11690.00000,11535.00000,11610.00000,1444782
1737014400,11675.00000,11790.00000,11655.00000,11790.00000,486874
1737100800,11860.00000,11900.00000,11770.00000,11770.00000,1045940
1737360000,11785.00000,11830.00000,11700.00000,11700.00000,889331
1737446400,11745.00000,11815.00000,11705.00000,11800.00000,1129971
1737532800,11825.00000,11985.00000,11795.00000,11960.00000,1292823
1737619200,11980.00000,12015.00000,11905.00000,11920.00000,1968985
1737705600,11920.00000,11955.00000,11770.00000,11775.00000,434699
1737964800,11650.00000,11715.00000,11525.00000,11690.00000,1009569
1738051200,11695.00000,11850.00000,11640.00000,11695.00000,710114
1738137600,11735.00000,11830.00000,11695.00000,11825.00000,776125
1738224000,11890.00000,12045.00000,11804.98535,12045.00000,616044
1738310400,12010.00000,12110.00000,12004.17676,12035.00000,2026987
1738569600,11845.00000,11975.00000,11845.00000,11900.00000,533234
1738656000,11895.00000,12010.00000,11840.00000,12005.00000,774744
1738742400,11935.00000,12095.00000,11920.00000,12095.00000,888886
1738828800,12130.00000,12185.00000,11705.00000,11760.00000,1572957
1738915200,11710.00000,11820.00000,11710.00000,11725.00000,1122919
1739174400,11730.00000,11775.00000,11650.00000,11685.00000,672706
1739260800,11695.00000,11765.00000,11675.00000,11685.00000,1745080
1739347200,11795.00000,11795.00000,11645.00000,11735.00000,605087
1739433600,11805.00000,11810.00000,11610.00000,11655.00000,1683981
1739520000,11735.00000,11755.00000,11670.00000,11690.00000,740076
1739779200,11755.00000,11765.00000,11632.20020,11725.00000,407767
1739865600,11720.00000,11755.00000,11647.91602,11690.00000,581454
1739952000,11660.00000,11795.00000,11625.00000,11705.00000,1219294
1740038400,11755.00000,11755.00000,11645.00000,11700.00000,665478
1740124800,11685.00000,11710.00000,11565.00000,11585.00000,1810842
1740384000,11560.00000,11605.00000,11250.00000,11300.00000,1012104
1740470400,11305.00000,11330.00000,11110.00000,11140.00000,1235707
1740556800,11145.00000,11240.00000,11070.00000,11100.00000,1891600
1740643200,11390.00000,11805.00000,11190.00000,11775.00000,1447385
1740729600,11795.00000,11845.00000,11390.96094,11845.00000,2581614
1740988800,11890.00000,11915.00000,11695.00000,11750.00000,1453941
1741075200,11690.00000,11850.00000,11605.00000,11625.00000,898825
1741161600,11525.00000,11610.00000,11344.05469,11380.00000,1185103
1741248000,11415.00000,11440.00000,10840.00000,10910.00000,1924387
1741334400,10800.00000,10905.00000,10735.00000,10830.00000,1976542
1741593600,10810.00000,10890.00000,10620.00000,10695.00000,2327942
1741680000,11150.00000,11170.00000,10755.00000,11055.00000,1416532
1741766400,11000.00000,11275.00000,10980.00000,11215.00000,1287560
1741852800,11175.00000,11240.00000,11060.00000,11085.00000,2422998
1741939200,11100.00000,11118.98730,10975.00000,10985.00000,1191438
1742198400,11015.00000,11045.00000,10880.00000,10980.00000,1396533
1742284800,11005.00000,11010.00000,10755.00000,10875.00000,943280
1742371200,10825.00000,10950.00000,10760.00000,10950.00000,1233641
1742457600,10955.00000,11305.00000,10950.00000,11250.00000,944708
1742544000,11200.00000,11340.00000,11195.00000,11235.00000,1300474
1742803200,11280.00000,11330.00000,11105.00000,11220.00000,697105
1742889600,11205.00000,11240.00000,11095.00000,11185.00000,3049934
1742976000,11190.00000,11240.00000,11130.00000,11225.00000,688913
1743062400,11205.00000,11325.00000,11135.00000,11320.00000,1593726
1743148800,11325.00000,11590.00000,11300.00000,11530.00000,696595
1743404400,11470.00000,11610.00000,11400.00000,11460.00000,1004280
1743490800,11480.00000,11590.00000,11435.00000,11590.00000,718731
1743577200,11645.00000,11771.70605,11595.00000,11725.00000,912859
1743663600,11490.00000,11895.00000,11455.00000,11815.00000,1038128
1743750000,11795.00000,11875.00000,11145.00000,11145.00000,1681232
1744009200,10810.00000,10955.00000,10220.00000,10325.00000,1992731
1744095600,10410.00000,10985.00000,10400.00000,10875.00000,2307618
1744182000,10635.00000,10905.00000,10615.00000,10660.00000,1591885
1744268400,11065.00000,11335.00000,10965.00000,11200.00000,895159
1744354800,11275.00000,11335.00000,11120.00000,11165.00000,1388234
1744614000,11350.00000,11415.00000,11057.50000,11075.00000,855076
1744700400,11105.00000,11405.00000,10989.02734,11390.00000,545630
1744786800,11400.00000,11490.00000,11190.00000,11390.00000,574199
1744873200,11230.00000,11405.00000,11140.00000,11360.00000,561562
1745305200,11365.00000,11665.00000,11315.00000,11585.00000,1281560
1745391600,11645.00000,11680.00000,11465.00000,11500.00000,689358
1745478000,11605.00000,11685.00000,11475.00000,11485.00000,1116125
1745564400,11480.00000,11555.00000,11440.00000,11440.00000,582964
1745823600,11495.00000,11505.00000,11340.00000,11355.00000,716148
1745910000,11375.00000,11445.00000,11180.00000,11405.00000,579536
1745996400,11475.00000,11625.00000,11415.00000,11625.00000,2142536
1746082800,11600.00000,11685.00000,11280.00000,11360.00000,1429690
1746169200,11265.00000,11655.00000,11265.00000,11565.00000,760115
1746514800,11525.00000,11660.00000,11495.00000,11625.00000,744309
1746601200,11610.00000,11645.00000,11460.00000,11605.00000,1754079
1746687600,11665.00000,11680.00000,11360.00000,11450.00000,1475373
1746774000,11500.00000,11505.00000,11300.00000,11300.00000,2041183
1747033200,11315.00000,11400.00000,11080.00000,11295.00000,1882159
1747119600,11245.00000,11335.00000,11145.00000,11265.00000,790256
1747206000,11250.00000,11350.00000,11225.00000,11350.00000,3339475
1747292400,11395.00000,11455.00000,11250.00000,11420.00000,2540066
1747378800,11485.00000,11605.00000,11440.00000,11520.00000,1597342
1747638000,11460.00000,11540.00000,11345.00000,11525.00000,847521
1747724400,11560.00000,11585.00000,11450.00000,11510.00000,1201659
1747810800,11500.00000,11570.00000,11405.00000,11485.00000,985259
1747897200,11430.00000,11495.00000,11375.00000,11475.00000,755502
1747983600,11495.00000,11540.00000,11350.00000,11530.00000,552122
1748329200,11550.00000,11810.00000,11525.00000,11600.00000,849676
1748415600,11550.00000,11680.00000,11410.00000,11410.00000,589797
1748502000,11450.00000,11495.00000,11321.51563,11365.00000,2525988
1748588400,11420.00000,11465.00000,11235.00000,11275.00000,2206333
1748847600,11205.00000,11325.00000,11202.50000,11310.00000,947546
1748934000,11405.00000,11415.00000,11155.00000,11245.00000,608927
1749020400,11325.00000,11365.00000,11195.00000,11310.00000,552507
1749106800,11290.00000,11395.00000,11255.00000,11290.00000,521527
1749193200,11275.00000,11435.00000,11265.00000,11390.00000,484161
1749452400,11390.00000,11400.00000,11220.00000,11220.00000,487564
1749538800,11180.00000,11322.50000,11154.79980,11200.00000,1028647
1749625200,11180.00000,11255.00000,11165.00000,11205.00000,1095334
1749711600,11170.00000,11255.00000,11067.50000,11085.00000,760792
1749798000,10980.00000,11100.00000,10954.55469,11045.00000,814221
1750057200,11050.00000,11110.00000,11010.00000,11110.00000,3086660
1750143600,11035.00000,11055.00000,10860.00000,10905.00000,2663718
1750230000,10900.00000,10965.00000,10885.00000,10885.00000,588272
1750316400,10800.00000,10905.00000,10770.00000,10850.00000,479201
1750402800,10885.00000,10940.00000,10830.00000,10835.00000,2260319
1750662000,10755.00000,10865.00000,10665.00000,10760.00000,655346
1750748400,10885.00000,10890.00000,10605.00000,10650.00000,5336069
1750834800,10690.00000,10735.00000,10510.00000,10700.00000,3200490
1750921200,10685.00000,10715.00000,10590.00000,10655.00000,1558822
1751007600,10685.00000,10735.00000,10615.00000,10700.00000,1201009
1751266800,10700.00000,10725.00000,10570.00000,10635.00000,716460
1751353200,10680.00000,10730.00000,10565.00000,10650.00000,1120110
1751439600,10645.00000,10810.00000,10630.00000,10805.00000,1002702
1751526000,10820.00000,10905.00000,10740.00000,10785.00000,680158
1751612400,10715.00000,10732.28613,10650.00000,10700.00000,363010
1751871600,10710.00000,10800.00000,10685.00000,10800.00000,723343
1751958000,10800.00000,10990.00000,10795.00000,10870.00000,742091
1752044400,10850.00000,10925.00000,10720.00000,10840.00000,981361
1752130800,10880.00000,10980.00000,10785.00000,10880.00000,1215403
1752217200,10875.00000,10900.00000,10735.00000,10740.00000,1160217
1752476400,10720.00000,10900.00000,10700.00000,10870.00000,424193
1752562800,10845.00000,10985.00000,10840.00000,10845.00000,664153
1752649200,10795.00000,10965.00000,10760.00000,10855.00000,521542
1752735600,10890.00000,10915.00000,10815.00000,10855.00000,430296
1752822000,10925.00000,10925.00000,10770.00000,10830.00000,491588
1753081200,10810.00000,10844.98633,10635.00000,10655.00000,577785
1753167600,10595.00000,10645.00000,10515.00000,10550.00000,628709
1753254000,10550.00000,10575.00000,10375.00000,10375.00000,1337946
1753340400,10380.00000,10430.00000,10175.00000,10245.00000,1365887
1753426800,10090.00000,10254.79004,9866.00000,10090.00000,1402696
1753686000,10180.00000,10251.33691,10050.00000,10050.00000,1081938
1753772400,10025.00000,10056.37402,9992.00000,10000.00000,1270929
1753858800,9992.00000,10070.00000,9920.00000,10055.00000,989685
1753945200,10270.00000,10290.00000,9050.00000,9260.00000,4375856
1754031600,9356.00000,9442.00000,9130.00000,9314.00000,1728481
1754290800,9400.00000,9636.48242,9284.00000,9636.00000,1562505
1754377200,9664.00000,9900.00000,9570.00000,9804.00000,2069856
1754463600,9850.00000,10100.00000,9791.00000,10100.00000,2518436
1754550000,10160.00000,10165.00000,9906.00000,9906.00000,1545199
1754636400,9800.00000,10005.00000,9800.00000,9962.00000,1247946
1754895600,9970.00000,10020.00000,9902.00000,9902.00000,927474
1754982000,9922.00000,9940.00000,9380.00000,9380.00000,2235559
1755068400,9312.00000,9410.00000,9146.00000,9146.00000,2713325
1755154800,9114.00000,9340.00000,9102.00000,9300.00000,2106259
1755241200,9330.00000,9364.00000,9226.00000,9262.00000,1122973
1755500400,9244.00000,9320.00000,9204.00000,9238.00000,1483098
1755586800,9214.00000,9344.00000,9189.48242,9326.00000,2255018
1755673200,9342.00000,9556.00000,9246.00000,9550.00000,1237419
1755759600,9554.00000,9568.00000,9402.00000,9470.00000,837259
1755846000,9400.00000,9518.00000,9400.00000,9464.00000,717739
1756191600,9476.00000,9512.00000,9356.00000,9512.00000,1642679
1756278000,9542.00000,9542.00000,9386.00000,9386.00000,1077984
1756364400,9382.00000,9412.00000,9212.00000,9236.00000,956107
1756450800,9220.00000,9242.00000,9168.00000,9168.00000,1265165
1756710000,9170.00000,9246.00000,9120.00000,9218.00000,643006
1756796400,9238.00000,9270.00000,9094.00000,9094.00000,1139997
1756882800,9110.00000,9286.00000,9064.00000,9282.00000,1684823
1756969200,9262.00000,9360.00000,9206.00000,9322.00000,1062547
1757055600,9340.00000,9354.00000,9250.00000,9270.00000,1070734
1757314800,9266.00000,9344.00000,9254.00000,9260.00000,808799
1757401200,9266.00000,9291.19043,8812.00000,8826.00000,1593524
1757487600,8860.00000,8932.00000,8727.00000,8742.00000,2876963
1757574000,8804.00000,8854.00000,8698.00000,8738.00000,1830081
1757660400,8732.00000,8846.00000,8632.00000,8632.00000,1452903
1757919600,8652.00000,8798.00000,8632.00000,8742.00000,3757113
1758006000,8730.00000,8794.00000,8545.50684,8560.00000,2101582
1758092400,8576.00000,8642.00000,8538.00000,8540.00000,1288347
1758178800,8560.00000,8684.00000,8523.55859,8636.00000,1573065
1758265200,8522.00000,8532.00000,8120.00000,8138.00000,3069754
1758524400,8146.00000,8232.00000,8094.00000,8166.00000,910389
1758610800,8200.00000,8288.00000,8176.00000,8182.00000,1038248
1758697200,8194.00000,8264.00000,8126.00000,8256.00000,911907
1758783600,8270.00000,8300.00000,8184.00000,8234.00000,3307901
1758870000,8248.00000,8300.00000,8144.00000,8300.00000,2373923
1759129200,8326.00000,8456.00000,8314.00000,8400.00000,1375895
1759215600,8480.00000,8558.00000,8382.00000,8516.00000,2048283
1759302000,8750.00000,8750.00000,8542.00000,8636.00000,5143012
1759388400,8632.00000,8775.99023,8586.00000,8610.00000,2018431
1759474800,8612.00000,8640.00000,8500.00000,8606.00000,2574017
1759734000,8638.00000,8676.00000,8534.00000,8576.00000,1015612
1759820400,8580.00000,8768.00000,8536.00000,8570.00000,1142787
1759906800,8558.00000,8646.00000,8486.00000,8618.00000,954278
1759993200,8642.00000,8836.00000,8594.00000,8744.00000,1204293
1760079600,8816.00000,8980.00000,8721.52148,8780.00000,1791220
1760338800,8726.00000,8978.00000,8702.00000,8884.00000,2598175
1760425200,8902.00000,8948.00000,8822.00000,8822.00000,941584
1760511600,8798.00000,8846.00000,8646.00000,8790.00000,1310691
1760598000,8800.00000,8840.00000,8638.00000,8662.00000,1591412
1760684400,8616.00000,8666.00000,8534.00000,8534.00000,1154482
1760943600,8534.00000,8662.00000,8472.00000,8628.00000,1084006
1761030000,8648.00000,8714.00000,8604.00000,8656.00000,1023823
1761116400,8674.00000,8836.00000,8640.00000,8720.00000,1965278
1761202800,9490.00000,9502.00000,9154.00000,9346.00000,1891926
1761289200,9506.00000,9846.00000,9474.00000,9796.00000,2171895
1761552000,9808.00000,9934.00000,9706.00000,9842.00000,1596842
1761638400,9914.00000,10002.40039,9662.00000,9662.00000,1283260
1761724800,9598.00000,9714.00000,9376.00000,9468.00000,1512312
1761811200,9456.00000,9522.00000,9344.00000,9468.00000,1856618
1761897600,9456.00000,9522.00000,9382.00000,9486.00000,1013787
1762156800,9514.00000,9710.00000,9490.00000,9512.00000,2101612
1762243200,9406.00000,9718.00000,9406.00000,9648.00000,2074807
1762329600,9610.00000,9818.00000,9550.00000,9734.00000,1345688
1762416000,9680.00000,9764.00000,9446.00000,9478.00000,1893358
1762502400,9472.00000,9544.00000,9258.00000,9270.00000,1059743
1762761600,9270.00000,9336.00000,8984.00000,9072.00000,2704699
1762848000,9170.00000,9244.00000,9122.00000,9186.00000,2047814
1762934400,9248.00000,9260.00000,8916.00000,8916.00000,1362657
1763020800,9006.00000,9040.00000,8770.00000,8786.00000,1233058
1763107200,8706.00000,8794.00000,8644.00000,8764.00000,2305773
1763366400,8768.00000,8794.00000,8662.00000,8662.00000,2114344
1763452800,8510.00000,8628.00000,8506.00000,8518.00000,1581232
1763539200,8502.00000,8548.00000,8390.00000,8390.00000,939022
1763625600,8476.00000,8500.00000,8330.00000,8330.00000,1516079
1763712000,8378.00000,8700.00000,8322.00000,8602.00000,1807947
1763971200,8650.00000,8832.00000,8641.56836,8642.00000,5457022
1764057600,8630.00000,8842.00000,8556.00000,8828.00000,2117600
1764144000,8828.00000,8926.00000,8798.00000,8890.00000,1364099
1764230400,8860.00000,8972.00000,8838.00000,8862.00000,577858
1764316800,8836.00000,8938.00000,8836.00000,8908.00000,798489
1764576000,8888.00000,8910.00000,8768.00000,8794.00000,997037
1764662400,8778.00000,8834.00000,8738.00000,8744.00000,937272
1764748800,8714.00000,8916.00000,8634.00000,8868.00000,1772130
1764835200,8864.00000,8908.00000,8690.00000,8690.00000,1386074
1764921600,8656.00000,8730.00000,8620.00000,8652.00000,922104
1765180800,8598.00000,8658.00000,8428.00000,8500.00000,1297865
1765267200,8542.00000,8594.00000,8456.00000,8466.00000,1262706
1765353600,8418.00000,8526.00000,8366.00000,8366.00000,1148822
1765440000,8310.00000,8462.89941,8286.00000,8396.00000,1322639
1765526400,8436.00000,8568.91406,8410.00000,8464.00000,1318958
1765785600,8484.00000,8638.00000,8474.00000,8620.00000,1713287
1765872000,8588.00000,8704.43457,8558.00000,8704.00000,1303882
1765958400,8716.00000,8868.00000,8674.80273,8774.00000,932147
1766044800,8862.00000,8986.00000,8780.00000,8890.00000,1023362
1766131200,8868.00000,8970.00000,8792.00000,8918.00000,2569524
1766390400,8860.00000,8904.00000,8814.00000,8872.00000,450109
1766476800,8836.00000,8940.00000,8834.00000,8852.00000,810928
1766563200,8852.00000,8928.00000,8852.00000,8874.00000,375533
1766995200,8904.00000,8960.00000,8868.00000,8892.00000,448365
1767081600,8862.00000,8984.06934,8862.00000,8962.00000,382395
1767168000,8940.00000,9000.00000,8926.00000,8952.00000,199701
1767340800,9008.00000,9012.00000,8804.00000,8804.00000,883228
1767600000,8846.00000,9081.00000,8702.00000,9040.00000,753968
1767686400,9108.00000,9188.00000,9012.00000,9102.00000,758859
1767772800,9114.00000,9116.95215,8822.00000,8890.00000,807292
1767859200,8802.00000,8936.00000,8738.00000,8856.00000,579499
1767945600,8832.00000,8964.00000,8774.00000,8952.00000,660026
1768204800,8968.00000,9066.00000,8918.00000,9066.00000,1360788
1768291200,9056.00000,9144.00000,8956.00000,8974.00000,818425
1768377600,9030.00000,9066.00000,8924.00000,9000.00000,1191641
1768464000,9034.00000,9114.00000,8964.00000,9086.00000,1635010
1768550400,9130.00000,9240.00000,9052.00000,9184.00000,3481095
1768809600,9138.00000,9232.00000,9082.00000,9082.00000,1049424
1768896000,8940.00000,9034.00000,8850.00000,8980.00000,2314933
1768982400,8934.00000,8952.00000,8746.00000,8782.00000,1154512
1769068800,8858.00000,8902.00000,8680.00000,8724.00000,1158182
1769155200,8734.00000,8770.00000,8666.00000,8768.00000,1253973
1769414400,8796.00000,8834.00000,8578.00000,8578.00000,1189491
1769500800,8576.00000,8666.00000,8222.00000,8258.00000,2044905
1769587200,8268.00000,8384.00000,8213.05371,8296.00000,3464803
1769673600,8344.00000,8384.00000,8118.00000,8118.00000,3234863
1769760000,8100.00000,8218.00000,8042.00000,8122.00000,1385277
1770019200,8102.00000,8328.00000,8066.00000,8234.00000,1392876
1770105600,8236.00000,8282.00000,7124.00000,7180.00000,3541135
1770192000,7106.00000,7204.00000,6684.00000,7170.00000,4131531
1770278400,7340.00000,7871.14600,7298.00000,7586.00000,2907309
1770364800,7248.00000,7718.00000,7176.00000,7502.00000,2231651
1770624000,7480.00000,7637.77197,7450.00000,7522.00000,2384959
1770710400,7498.00000,7622.00000,7012.00000,7368.00000,2777496
1770796800,7880.00000,7988.00000,7250.00000,7382.00000,2116804
1770883200,7492.00000,7622.00000,7408.00000,7520.00000,2974902
1770969600,7630.00000,7732.00000,7540.00000,7570.00000,2536238
1771228800,7722.00000,7726.00000,7596.32422,7612.00000,906267
1771315200,7634.00000,7658.00000,7510.00000,7572.00000,1481802
1771401600,7500.00000,7808.00000,7438.00000,7790.00000,1865175
1771488000,7832.00000,7892.00000,7756.00000,7778.00000,1606074
1771574400,7812.00000,7968.00000,7812.00000,7904.00000,1447155
1771833600,7862.00000,7886.00000,7582.00000,7706.00000,1224868
1771920000,7658.00000,7820.00000,7590.00000,7678.00000,1708163
1772006400,7748.00000,7864.00000,7644.00000,7794.00000,2133995
1772092800,8050.00000,8626.59570,8044.87109,8500.00000,3706000
1772179200,8568.00000,8990.00000,8486.00000,8860.00000,4024334
1772438400,8776.00000,8896.00000,8724.00000,8776.00000,1786585
1772524800,8776.00000,8816.00000,8452.00000,8552.00000,3241894
1772611200,8552.00000,8722.00000,8316.00000,8660.00000,3826466
1772697600,8598.00000,8850.59961,8598.00000,8744.00000,2376419
1772784000,8762.00000,8866.00000,8682.00000,8792.00000,1783776
1773043200,8794.00000,8828.00000,8602.00000,8662.00000,1319679
1773129600,8686.00000,8746.00000,8486.00000,8550.00000,3509271
1773216000,8560.00000,8616.00000,8372.00000,8424.00000,1923797
1773302400,8412.00000,8694.00000,8348.00000,8586.00000,2922345
1773388800,8594.00000,8798.00000,8554.00000,8746.00000,2206201
1773648000,8742.00000,8790.00000,8650.00000,8758.00000,6507889
1773734400,8740.00000,8894.00000,8702.00000,8844.00000,4162271
1773820800,8770.00000,8856.00000,8644.00000,8644.00000,1698156
1773907200,8644.00000,8714.00000,8510.00000,8618.00000,1900183
1773993600,8616.00000,8736.00000,8546.00000,8662.00000,3526276
1774252800,8514.00000,8678.00000,8388.00000,8436.00000,1352980
1774339200,8442.00000,8572.00000,8416.00000,8474.00000,4704074
1774425600,8474.00000,8608.00000,8396.00000,8516.00000,1138299
1774512000,8388.00000,8478.00000,8226.00000,8354.00000,1156111
1774598400,8366.00000,8468.00000,8218.00000,8246.00000,2191433
1774854000,8246.00000,8602.00000,8246.00000,8602.00000,2487861
1774940400,8706.00000,8935.00000,8706.00000,8864.00000,1693338
1775026800,8940.00000,8978.00000,8724.00000,8822.00000,1428511
1775113200,8822.00000,9014.00000,8778.00000,8920.00000,1070895
1775545200,8922.00000,9034.00000,8876.00000,8876.00000,957635
1775631600,9000.00000,9128.00000,8898.00000,8972.00000,2955773
1775718000,8954.00000,9174.00000,8918.00000,8988.00000,1493638
1775804400,8898.00000,9112.00000,8898.00000,8968.00000,1184093
1776063600,8950.00000,9190.00000,8934.00000,9190.00000,1121210
1776150000,9200.00000,9314.00000,9150.00000,9150.00000,1455428
1776236400,9202.00000,9292.00000,9192.00000,9250.00000,1444410
1776322800,9170.00000,9516.00000,9146.00000,9510.00000,4561310
1776409200,9512.00000,9676.94238,9414.00000,9456.00000,1764261
1776668400,9380.00000,9462.00000,9322.00000,9412.00000,1414191
1776754800,9404.00000,9654.00000,9386.00000,9650.00000,1402756
1776841200,9568.00000,9748.00000,9568.00000,9748.00000,1843717
1776927600,10140.00000,10140.00000,9724.00000,9812.00000,2538143
1777014000,9816.00000,10000.00000,9812.00000,9992.00000,2397627
1777273200,9940.00000,10050.00000,9884.00000,9942.00000,1287464
1777359600,9930.00000,9970.00000,9676.00000,9802.00000,1192490
1777446000,9736.00000,9794.00000,9582.00000,9648.00000,1523163
1777532400,9554.00000,9702.00000,9508.00000,9550.00000,1856335
1777618800,9596.00000,9656.00000,9478.00000,9624.00000,657231
1777964400,9552.00000,9742.00000,9466.00000,9578.00000,1045333
1778050800,9600.00000,9624.00000,9326.00000,9340.00000,1155126
1778137200,9316.00000,9380.00000,9112.00000,9234.00000,1785059
1778223600,8996.00000,9316.00000,8994.00000,9042.00000,1454363
1778482800,9036.00000,9112.00000,8970.00000,9020.00000,1831365
1778569200,8990.00000,9348.00000,8928.00000,9348.00000,1518346
1778655600,9276.00000,9332.00000,9048.00000,9126.00000,1465191
1778742000,9150.00000,9304.00000,9120.00000,9212.00000,747588
1778828400,9122.00000,9280.83984,9106.00000,9132.00000,1760824
1779087600,9108.00000,9362.00000,9056.00000,9276.00000,1323778
1779174000,9278.00000,9502.00000,8196.00000,9458.00000,1666343
1779260400,9314.00000,9442.00000,9252.00000,9372.00000,1365894
1779346800,9284.00000,9398.00000,9242.00000,9274.00000,900754
1779433200,9322.00000,9444.00000,9306.00000,9326.00000,685110
1779778800,8860.00000,9414.00000,8860.00000,9176.00000,1441291
1779865200,9172.00000,9212.00000,7984.00000,9136.00000,1170714
1779951600,9060.00000,9168.00000,8952.00000,8952.00000,1481075
1780038000,9016.00000,9070.00000,8922.00000,9022.00000,2412317
1780297200,8974.00000,9186.00000,8974.00000,9186.00000,997584
1780383600,9192.00000,9402.00000,8862.00000,8924.00000,1264874
1780470000,8950.00000,9016.00000,8702.00000,8702.00000,1565998
1780556400,8726.00000,9236.00000,8726.00000,9162.00000,915281
1780642800,9170.00000,9570.00000,9160.00000,9384.00000,3197613
1780902000,9358.00000,9410.00000,9210.00000,9262.00000,1599214
1780988400,9204.00000,9292.00000,9128.00000,9128.00000,1272808
1781074800,9196.00000,9212.00000,8872.00000,9014.00000,1648920
1781161200,8932.00000,9028.00000,8774.00000,8850.00000,1535421
1781247600,8844.00000,9010.00000,8766.00000,9010.00000,506316
1781506800,9050.00000,9184.00000,7210.00000,9120.00000,678859
1781593200,9110.00000,9194.00000,9008.00000,9074.00000,805452
1781679600,9090.00000,9890.00000,8840.00000,8966.00000,1394613
1781766000,8790.00000,10130.00000,8338.00000,8338.00000,2166811
1781852400,8332.00000,8460.00000,8158.00000,8460.00000,2872577
1782111600,8440.00000,8500.00000,8208.00000,8278.00000,4863037
1782198000,8248.00000,9518.00000,8182.00000,8370.00000,2528647
1782284400,8292.00000,9200.00000,8064.00000,8280.00000,1359720
1782370800,8232.00000,9100.00000,8025.32910,8028.00000,2358216
1782457200,8000.00000,8552.00000,7776.00000,8062.00000,1396424
1782716400,8050.00000,8160.00000,8042.00000,8076.00000,1243913
1782802800,8050.00000,8258.00000,7974.00000,8162.00000,1881553
1782889200,8112.00000,8390.00000,7980.00000,8352.00000,1761388
1782975600,8250.00000,8608.00000,8232.00000,8608.00000,992274
1783062000,8646.00000,8670.00000,8538.00000,8670.00000,416191
1783321200,8698.00000,9530.00000,8656.00000,8852.00000,1703717
1783407600,8926.00000,9102.00391,8900.00000,9034.00000,1222427
1783494000,9030.00000,9030.00000,7680.00000,8862.00000,905492
1783580400,8866.00000,8930.00000,8332.00000,8768.00000,1729380
1783666800,8756.00000,8942.00000,7900.00000,8908.00000,726677
1783926000,8894.00000,9032.00000,8858.00000,9010.00000,794784
1784012400,8918.00000,9018.00000,7660.00000,8974.00000,573590
1784098800,8936.00000,9114.00000,8080.00000,9076.00000,1121279
1784185200,8956.00000,9122.00000,8926.00000,9094.00000,715215
1784271600,9192.00000,9214.00000,8874.00000,8978.00000,1886839
1784530800,8962.00000,9022.00000,8760.00000,8844.00000,851105
1784617200,8800.00000,8819.87988,7520.00000,8600.00000,2074349
1784703600,8556.00000,9890.00000,8437.42090,8682.00000,902507
1784790000,8646.00000,8670.00000,8510.00000,8568.00000,729383
1784876400,8528.00000,8774.00000,8472.00000,8774.00000,1358180
1785135600,8826.00000,8994.00000,8776.00000,8948.00000,821779
1785222000,9000.00000,9150.00000,8912.00000,9150.00000,2825455
1785308400,9156.00000,9242.00000,9070.00000,9198.00000,1412595
1785394800,8984.00000,9104.00000,8496.00000,8606.00000,1772681
1785481200,8534.00000,8594.76074,8380.00000,8398.00000,1637782
1785740400,8410.00000,8534.00000,8320.00000,8490.00000,2019412
1785826800,8474.00000,8604.32520,8456.00000,8500.00000,1198587
1785913200,8480.00000,8704.00000,8480.00000,8628.00000,1784702
1785999600,8700.00000,8838.00000,8624.00000,8750.00000,1623624
1786086000,8718.00000,9040.00000,8718.00000,8920.00000,2165441
1786345200,8882.00000,8916.00000,8808.00000,8838.00000,563324
1786431600,8816.00000,8870.00000,8756.00000,8806.00000,760873
1786518000,8836.00000,8842.00000,8690.00000,8752.00000,838784
1786604400,8556.00000,8634.00000,8408.00000,8556.00000,937808
1786690800,8678.00000,8766.00000,8460.00000,8536.00000,1612805
1786950000,8522.00000,8600.00000,8454.00000,8478.00000,691812
1787036400,8436.00000,8608.00000,8380.00000,8506.00000,1491463
1787122800,8462.00000,8528.00000,8354.00000,8518.00000,1645690
1787209200,8456.00000,8564.00000,8432.00000,8542.00000,1303893
1787295600,8542.00000,8686.00000,8464.00000,8602.00000,783581
1787554800,8618.00000,8840.00000,8582.00000,8840.00000,1868738
1787641200,8780.00000,8814.00000,8580.00000,8798.00000,1843683
1787727600,8744.00000,8838.00000,8650.00000,8688.00000,1684435
1787814000,8714.00000,9076.00000,8678.00000,8980.00000,1440562
