time,open,high,low,close,tick_volume
1472477400,72.88000,73.82000,72.88000,73.08000,1957700
1472563800,73.24000,73.25000,72.19000,72.33000,2326700
1472650200,72.18000,72.50000,71.32000,71.33000,2337300
1472736600,71.40000,71.95000,70.88000,71.13000,3145100
1472823000,71.39000,71.77000,70.55000,70.96000,2568500
1473168600,70.92000,71.10000,69.96000,70.09000,2265400
1473255000,70.45000,70.60000,70.01000,70.40000,1781600
1473341400,70.51000,70.51000,69.88000,70.03000,1880000
1473427800,70.02000,70.15000,67.05000,67.16000,3883000
1473687000,66.69000,68.96000,66.54000,68.82000,3153100
1473773400,68.21000,69.05000,67.86000,68.41000,4196000
1473859800,68.21000,69.16000,67.44000,68.49000,4322800
1473946200,68.51000,69.50000,68.13000,69.29000,3281500
1474032600,69.07000,69.12000,68.12000,68.69000,3270900
1474291800,68.99000,69.38000,67.95000,68.34000,1794900
1474378200,68.91000,70.99000,68.66000,69.94000,11410300
1474464600,69.80000,70.34000,69.24000,70.14000,15921400
1474551000,70.54000,70.73000,69.51000,69.75000,17562100
1474637400,69.36000,69.44000,68.10000,68.44000,11920800
1474896600,69.20000,69.23000,67.01000,67.15000,5063800
1474983000,67.20000,67.92000,66.96000,67.05000,4869100
1475069400,67.04000,67.44000,66.70000,67.38000,4599000
1475155800,67.21000,68.09000,66.98000,67.10000,3181800
1475242200,67.40000,67.74000,66.95000,67.33000,6088200
1475501400,67.34000,67.78000,67.29000,67.45000,2599000
1475587800,67.33000,67.44000,66.88000,67.11000,2748400
1475674200,67.21000,67.69000,67.12000,67.47000,2556200
1475760600,67.35000,67.64000,66.84000,67.51000,2264900
1475847000,67.49000,67.85000,66.74000,67.14000,2879700
1476106200,67.55000,68.06000,67.37000,67.39000,1979200
1476192600,67.12000,67.46000,66.16000,66.61000,6718100
1476279000,66.60000,67.07000,66.43000,66.91000,2186100
1476365400,66.34000,67.34000,66.06000,67.27000,3456400
1476451800,67.43000,67.87000,67.01000,67.45000,2654800
1476711000,67.35000,67.76000,66.84000,66.92000,1631300
1476797400,67.72000,68.07000,67.23000,67.83000,3016800
1476883800,67.95000,68.25000,67.74000,67.96000,1631700
1476970200,67.75000,67.85000,66.79000,67.40000,2068000
1477056600,67.06000,67.51000,66.59000,67.14000,1855400
1477315800,67.75000,68.47000,67.36000,67.38000,2610300
1477402200,67.36000,67.51000,67.00000,67.21000,2038200
1477488600,66.48000,66.99000,65.91000,66.69000,3820800
1477575000,66.70000,66.96000,66.21000,66.92000,2306900
1477661400,66.98000,67.88000,66.69000,67.44000,1993000
1477920600,67.72000,68.96000,67.72000,68.70000,2697800
1478007000,68.68000,69.00000,67.74000,68.32000,3147200
1478093400,68.40000,69.27000,68.03000,68.40000,2920100
1478179800,68.58000,69.40000,68.40000,69.24000,3203700
1478266200,68.68000,70.60000,68.68000,69.61000,4147500
1478529000,70.66000,71.18000,70.28000,71.10000,3578100
1478615400,70.00000,73.64000,69.04000,73.02000,7883400
1478701800,71.16000,74.28000,71.00000,74.08000,5023400
1478788200,74.52000,75.09000,73.22000,73.42000,5273800
1478874600,73.15000,73.86000,72.75000,73.39000,2986500
1479133800,73.50000,77.81000,73.46000,77.24000,7313000
1479220200,77.00000,77.85000,76.74000,77.71000,3863400
1479306600,77.39000,78.18000,77.28000,77.57000,2746900
1479393000,77.51000,78.03000,77.23000,77.47000,2294400
1479479400,77.42000,77.64000,77.04000,77.14000,1647300
1479738600,77.04000,77.82000,76.88000,77.29000,2605600
1479825000,77.38000,77.98000,77.16000,77.85000,2706100
1479911400,77.60000,78.12000,77.33000,78.08000,1817800
1480084200,78.10000,78.90000,77.26000,78.52000,1059600
1480343400,77.55000,78.52000,77.03000,78.07000,3418700
1480429800,78.09000,79.58000,78.09000,79.11000,3428000
1480516200,79.07000,79.39000,78.03000,78.78000,3540300
1480602600,78.47000,80.29000,78.47000,79.82000,4127100
1480689000,79.18000,80.27000,78.79000,79.20000,2769300
1480948200,80.51000,81.25000,80.04000,81.00000,3508000
1481034600,81.00000,82.10000,80.67000,82.08000,2907300
1481121000,82.12000,84.27000,81.86000,83.92000,3964700
1481207400,84.08000,84.59000,83.15000,83.49000,4059400
1481293800,83.98000,83.98000,83.07000,83.55000,2386200
1481553000,83.43000,83.98000,82.76000,83.91000,2086100
1481639400,84.00000,84.96000,83.87000,84.40000,2501800
1481725800,84.55000,85.05000,83.76000,83.94000,2012000
1481812200,84.43000,85.35000,83.92000,84.33000,3305200
1481898600,84.89000,86.15000,84.30000,86.05000,9997200
1482157800,85.75000,86.00000,84.71000,84.86000,3139200
1482244200,85.27000,85.77000,84.81000,85.10000,2637600
1482330600,85.07000,85.45000,84.75000,84.85000,1818200
1482417000,84.97000,85.00000,83.33000,83.73000,2575100
1482503400,83.73000,84.17000,83.60000,84.09000,2316900
1482849000,84.50000,84.69000,83.95000,84.14000,1374200
1482935400,84.41000,84.50000,83.31000,83.36000,1557700
1483021800,83.57000,83.74000,83.11000,83.32000,1590400
1483108200,83.48000,83.61000,82.54000,82.68000,2403000
1483453800,83.35000,83.85000,81.71000,82.50000,3277100
1483540200,82.74000,83.40000,82.25000,82.34000,4016200
1483626600,82.07000,83.07000,81.66000,81.78000,2828200
1483713000,81.79000,83.02000,81.33000,82.30000,2306200
1483972200,82.05000,82.70000,81.60000,82.25000,2643000
1484058600,82.09000,82.42000,81.66000,81.93000,2168000
1484145000,82.28000,83.42000,81.80000,82.84000,2887300
1484231400,82.69000,82.76000,81.04000,81.89000,2281600
1484317800,81.93000,82.65000,81.93000,82.64000,1671400
1484663400,82.57000,82.90000,82.21000,82.38000,2113900
1484749800,82.41000,83.10000,82.07000,83.00000,1467300
1484836200,83.72000,85.29000,83.72000,84.53000,3465000
1484922600,84.87000,85.76000,84.16000,84.38000,2449800
1485181800,84.15000,84.53000,83.82000,84.37000,1452000
1485268200,84.35000,84.97000,84.02000,84.51000,1455600
1485354600,84.79000,85.70000,84.24000,85.61000,2094600
1485441000,85.79000,86.24000,85.54000,85.84000,2148200
1485527400,85.97000,86.32000,85.53000,86.08000,1693400
1485786600,85.83000,85.83000,84.59000,85.26000,2251100
1485873000,85.24000,85.24000,84.36000,84.60000,2462000
1485959400,84.49000,85.21000,84.27000,84.64000,2241700
1486045800,84.40000,84.81000,83.81000,84.50000,1803800
1486132200,84.77000,85.52000,84.77000,85.45000,1386600
1486391400,85.46000,85.73000,85.20000,85.65000,1224300
1486477800,85.56000,86.34000,85.55000,85.81000,1547700
1486564200,85.72000,86.48000,85.37000,86.36000,1869500
1486650600,86.86000,86.97000,86.26000,86.79000,2460800
1486737000,86.99000,86.99000,86.44000,86.45000,1866600
1486996200,86.84000,87.42000,86.59000,87.38000,1504200
1487082600,87.31000,87.91000,87.06000,87.89000,2366700
1487169000,87.57000,89.46000,87.27000,89.46000,3447100
1487255400,89.10000,91.07000,88.50000,89.44000,3415900
1487341800,89.28000,89.66000,87.24000,89.36000,5275200
1487687400,88.54000,88.88000,87.74000,87.99000,3637100
1487773800,87.70000,88.03000,87.61000,87.68000,1986600
1487860200,87.82000,87.99000,86.96000,87.00000,2013400
1487946600,87.03000,87.59000,86.80000,87.08000,2521700
1488205800,86.97000,87.65000,86.75000,87.45000,1885100
1488292200,87.31000,87.75000,86.89000,86.99000,2587200
1488378600,87.50000,88.93000,87.38000,88.49000,2589500
1488465000,88.20000,88.22000,87.22000,87.52000,2968500
1488551400,87.34000,87.69000,86.42000,86.79000,2061600
1488810600,86.58000,87.03000,86.06000,86.72000,2107000
1488897000,86.66000,86.84000,85.93000,86.15000,1909100
1488983400,85.95000,86.71000,85.63000,86.39000,2709200
1489069800,86.44000,87.11000,86.05000,86.31000,1906300
1489156200,86.98000,87.02000,86.03000,86.62000,2187400
1489411800,86.59000,87.08000,86.42000,87.03000,2236200
1489498200,86.86000,86.86000,86.25000,86.27000,2058900
1489584600,86.68000,88.09000,86.67000,87.82000,2012100
1489671000,87.82000,88.50000,87.35000,88.06000,1846400
1489757400,88.39000,88.49000,87.89000,88.33000,3015200
1490016600,88.34000,89.23000,88.31000,88.68000,2198100
1490103000,90.02000,91.57000,88.67000,89.10000,5486100
1490189400,89.27000,92.26000,89.05000,92.14000,4540100
1490275800,92.14000,93.69000,92.08000,93.14000,4658400
1490362200,93.50000,93.86000,93.25000,93.50000,2274900
1490621400,92.99000,93.53000,92.45000,93.17000,2151700
1490707800,93.17000,94.99000,93.00000,94.49000,2256900
1490794200,94.01000,94.70000,93.86000,94.59000,1663200
1490880600,94.40000,95.42000,94.40000,94.64000,2078600
1490967000,94.60000,94.98000,93.99000,94.18000,2269700
1491226200,94.28000,94.53000,92.08000,92.75000,3635600
1491312600,92.67000,92.99000,91.93000,92.47000,3097500
1491399000,92.80000,93.22000,91.55000,91.96000,2686500
1491485400,91.90000,92.15000,91.07000,91.77000,2516000
1491571800,91.73000,91.73000,90.25000,91.21000,2954500
1491831000,91.04000,91.72000,90.66000,91.06000,2152900
1491917400,91.16000,91.59000,90.79000,91.40000,2732300
1492003800,91.98000,92.00000,90.88000,91.75000,3416300
1492090200,91.70000,92.12000,91.32000,91.55000,2244900
1492435800,91.91000,91.98000,91.60000,91.95000,1284000
1492522200,91.59000,92.25000,90.00000,92.02000,3102400
1492608600,92.09000,92.42000,91.18000,91.49000,2025800
1492695000,91.96000,92.98000,90.67000,92.77000,2792900
1492781400,92.77000,92.95000,92.24000,92.47000,2521400
1493040600,93.65000,93.90000,93.15000,93.52000,2085000
1493127000,93.99000,94.77000,93.75000,94.57000,1637800
1493213400,94.56000,96.82000,94.36000,96.30000,3614500
1493299800,96.32000,96.43000,95.42000,95.74000,3655300
1493386200,95.91000,96.02000,93.70000,94.42000,2859800
1493645400,94.72000,96.06000,94.46000,95.58000,1676100
1493731800,95.92000,97.17000,95.74000,97.10000,2483000
1493818200,97.20000,97.31000,96.56000,96.99000,2387200
1493904600,97.19000,97.38000,96.67000,96.88000,2571100
1493991000,97.22000,97.22000,96.74000,97.05000,3038500
1494250200,97.09000,97.55000,95.89000,96.37000,3955100
1494336600,101.20000,103.22000,99.35000,102.50000,6721600
1494423000,102.34000,103.43000,101.71000,103.24000,2610900
1494509400,103.08000,103.62000,102.57000,102.82000,1622600
1494595800,102.77000,103.10000,102.05000,102.45000,1958000
1494855000,102.40000,104.34000,102.25000,104.06000,2416700
1494941400,104.51000,104.52000,103.43000,103.99000,2406100
1495027800,103.07000,103.10000,102.06000,102.11000,1943900
1495114200,102.13000,103.71000,101.74000,102.53000,3512100
1495200600,102.57000,103.25000,102.37000,102.82000,1976500
1495459800,102.93000,104.33000,102.69000,104.22000,2016300
1495546200,104.12000,105.53000,103.88000,105.49000,2867500
1495632600,105.95000,106.10000,105.51000,105.88000,1655600
1495719000,106.00000,107.45000,106.00000,106.53000,5163000
1495805400,106.69000,107.50000,106.55000,106.90000,1794700
1496151000,106.65000,107.24000,106.41000,106.74000,2129100
1496237400,107.01000,107.68000,106.39000,107.65000,3013600
1496323800,108.00000,108.99000,107.65000,108.68000,1778300
1496410200,108.89000,110.51000,108.76000,110.06000,2886800
1496669400,110.10000,110.35000,107.80000,108.19000,2194100
1496755800,107.32000,107.51000,104.92000,104.99000,4531600
1496842200,105.50000,105.61000,103.12000,105.12000,4503600
1496928600,104.56000,105.17000,102.40000,105.08000,3320800
1497015000,104.98000,105.46000,101.86000,102.42000,3629500
1497274200,101.79000,102.49000,100.77000,102.07000,5035400
1497360600,102.55000,103.89000,102.25000,103.88000,2978400
1497447000,104.38000,104.91000,102.86000,103.91000,2316100
1497533400,103.35000,104.82000,102.54000,104.74000,1559900
1497619800,104.41000,105.31000,103.97000,104.50000,3960300
1497879000,105.01000,106.31000,104.64000,105.93000,1636900
1497965400,105.43000,105.88000,104.16000,104.19000,1641500
1498051800,104.32000,104.75000,103.67000,104.13000,1441300
1498138200,104.09000,104.40000,103.39000,103.89000,1516800
1498224600,103.81000,104.45000,103.32000,104.06000,6252400
1498483800,104.07000,105.15000,103.51000,103.93000,2114500
1498570200,103.53000,103.56000,100.89000,101.03000,2719000
1498656600,101.00000,102.51000,100.47000,101.98000,2059200
1498743000,102.16000,102.34000,99.08000,100.21000,3052400
1498829400,101.18000,101.22000,100.28000,100.31000,2837400
1499088600,100.61000,101.00000,99.92000,100.11000,1230600
1499261400,100.30000,101.56000,100.05000,101.17000,2290900
1499347800,100.45000,100.75000,99.38000,99.65000,1984400
1499434200,99.70000,100.74000,99.43000,100.35000,2469800
1499693400,100.23000,100.89000,99.56000,100.71000,1523900
1499779800,100.33000,100.95000,99.83000,100.73000,1793200
1499866200,101.65000,102.05000,100.68000,100.80000,1776900
1499952600,101.00000,101.24000,100.46000,100.70000,1396400
1500039000,100.81000,101.37000,100.17000,100.99000,1323900
1500298200,100.89000,101.95000,100.61000,101.35000,1232300
1500384600,100.98000,102.31000,100.64000,102.00000,1367400
1500471000,101.88000,102.61000,101.45000,102.24000,1056900
1500557400,102.19000,102.93000,101.91000,102.40000,1622400
1500643800,102.05000,103.06000,102.02000,102.85000,1363600
1500903000,103.03000,103.12000,102.61000,102.71000,1506800
1500989400,103.15000,103.32000,102.64000,103.06000,1526800
1501075800,103.39000,104.84000,102.47000,103.04000,2606200
1501162200,103.48000,104.41000,102.98000,104.06000,2066400
1501248600,103.64000,104.61000,103.27000,103.34000,2005200
1501507800,103.75000,104.97000,103.57000,104.19000,1262800
1501594200,104.80000,105.55000,104.61000,105.13000,1299600
1501680600,104.38000,104.74000,102.05000,103.49000,2182000
1501767000,103.62000,105.19000,103.45000,103.66000,2250600
1501853400,104.07000,105.05000,103.65000,105.02000,3068900
1502112600,107.00000,107.63000,105.70000,106.17000,4861600
1502199000,100.95000,104.76000,100.53000,103.95000,4618000
1502285400,103.10000,103.20000,101.21000,101.35000,2779100
1502371800,100.96000,101.00000,99.20000,99.52000,3912800
1502458200,99.50000,100.16000,98.86000,99.40000,2154700
1502717400,100.19000,100.45000,99.67000,100.07000,2578200
1502803800,100.32000,101.04000,99.93000,100.40000,1603400
1502890200,100.60000,100.85000,99.69000,100.30000,1906900
1502976600,100.18000,100.18000,97.80000,97.84000,2579500
1503063000,97.80000,98.74000,96.90000,98.03000,1581300
1503322200,98.16000,99.21000,97.99000,99.08000,1494600
1503408600,99.21000,102.41000,98.86000,102.00000,2592700
1503495000,101.15000,101.70000,100.27000,100.43000,2749800
1503581400,100.56000,101.03000,99.58000,99.95000,1365000
1503667800,100.79000,100.97000,100.15000,100.66000,1346400
1503927000,100.99000,100.99000,100.24000,100.71000,1389300
1504013400,99.91000,100.54000,99.58000,100.23000,1286200
1504099800,100.76000,103.75000,100.56000,103.64000,1954400
1504186200,103.71000,104.35000,102.81000,103.58000,1837300
1504272600,104.02000,104.25000,103.42000,103.80000,1258000
1504618200,103.67000,103.82000,101.11000,102.28000,1856800
1504704600,102.68000,102.86000,101.22000,101.80000,1263400
1504791000,102.13000,102.24000,101.21000,101.76000,1661400
1504877400,101.73000,104.44000,101.61000,103.43000,1876100
1505136600,103.82000,106.20000,103.82000,104.63000,2974900
1505223000,104.66000,105.48000,104.29000,105.08000,1269200
1505309400,105.00000,106.92000,104.71000,106.77000,1821700
1505395800,106.34000,106.96000,105.65000,106.39000,3517500
1505482200,105.97000,105.97000,104.39000,105.39000,2790600
1505741400,105.77000,106.48000,105.45000,105.54000,2297000
1505827800,105.58000,107.43000,105.07000,107.35000,2148300
1505914200,107.30000,108.24000,106.84000,107.69000,3489400
1506000600,107.84000,108.50000,107.33000,107.57000,1911900
1506087000,107.18000,108.07000,107.00000,107.88000,1179100
1506346200,107.85000,109.97000,107.43000,108.87000,3713200
1506432600,109.07000,109.65000,107.96000,108.07000,2825700
1506519000,108.36000,108.96000,107.43000,108.36000,3563700
1506605400,108.15000,110.06000,107.96000,110.00000,1821600
1506691800,109.67000,111.32000,109.20000,110.26000,3558700
1506951000,110.35000,111.46000,109.70000,110.53000,1545500
1507037400,110.39000,110.84000,108.99000,109.40000,2224900
1507123800,109.25000,109.54000,108.31000,108.82000,2720400
1507210200,109.22000,111.50000,108.87000,111.27000,3459100
1507296600,111.24000,111.77000,110.74000,111.76000,1872500
1507555800,111.96000,112.79000,111.70000,112.76000,1310000
1507642200,112.88000,114.11000,112.46000,114.08000,1921400
1507728600,113.89000,114.41000,113.69000,114.13000,1338600
1507815000,114.07000,114.87000,113.65000,114.46000,1739100
1507901400,115.00000,115.31000,114.40000,115.11000,1690300
1508160600,115.00000,115.40000,113.82000,114.75000,4016200
1508247000,114.55000,115.08000,114.17000,115.04000,744000
1508333400,115.32000,116.67000,115.05000,115.77000,2472800
1508419800,115.35000,115.41000,114.54000,115.20000,1695200
1508506200,115.49000,115.61000,114.40000,115.02000,2545200
1508765400,115.06000,115.52000,114.71000,115.31000,1409300
1508851800,115.77000,117.09000,115.44000,116.81000,1703100
1508938200,116.11000,117.04000,115.57000,116.33000,2885600
1509024600,117.53000,119.36000,116.40000,118.81000,2637800
1509111000,117.41000,119.43000,117.27000,118.87000,2067400
1509370200,118.67000,118.97000,117.52000,118.52000,1841300
1509456600,118.62000,119.91000,118.32000,119.48000,1712400
1509543000,120.51000,120.92000,119.60000,120.16000,1381000
1509629400,120.44000,121.25000,119.02000,119.64000,3713500
1509715800,119.69000,121.58000,119.61000,121.55000,4043300
1509978600,121.34000,123.03000,120.85000,121.98000,2838700
1510065000,122.21000,123.31000,120.66000,120.89000,5253700
1510151400,121.00000,124.34000,119.19000,119.98000,6163000
1510237800,119.26000,120.12000,118.13000,118.81000,3317700
1510324200,119.04000,120.87000,118.01000,120.11000,3377000
1510583400,119.67000,120.88000,119.60000,120.39000,2387300
1510669800,120.08000,123.10000,119.95000,123.06000,2141400
1510756200,122.91000,122.96000,121.38000,122.26000,3043300
1510842600,121.94000,124.42000,121.50000,124.38000,3493500
1510929000,123.98000,125.64000,123.77000,125.48000,4660700
1511188200,125.33000,126.24000,125.06000,125.91000,1937800
1511274600,126.33000,128.37000,126.33000,127.62000,3478000
1511361000,127.96000,128.00000,126.07000,126.39000,2323900
1511533800,126.51000,127.10000,126.38000,126.50000,729200
1511793000,126.33000,127.37000,126.33000,126.93000,2560200
1511879400,127.25000,127.55000,126.56000,126.90000,3065700
1511965800,127.25000,127.43000,125.61000,126.49000,2721700
1512052200,126.14000,127.97000,125.65000,127.00000,3102700
1512138600,126.03000,127.34000,124.45000,126.86000,2371100
1512397800,127.71000,129.56000,127.67000,127.73000,2128000
1512484200,127.92000,129.47000,127.38000,127.53000,2065900
1512570600,127.74000,128.05000,127.15000,127.30000,1698400
1512657000,127.21000,127.98000,126.90000,127.85000,1465000
1512743400,128.41000,129.99001,128.39000,129.32001,4325100
1513002600,128.84000,129.25000,128.00000,128.57001,1432700
1513089000,128.60001,129.02000,127.93000,128.75999,1529200
1513175400,128.88000,129.64000,128.35001,128.47000,2119600
1513261800,128.58000,128.78999,127.69000,127.72000,2564200
1513348200,128.70000,129.89999,128.08000,129.82001,4111500
1513607400,130.45000,134.31000,130.33000,133.34000,3720600
1513693800,133.88000,134.03999,132.64999,133.14000,2915100
1513780200,133.67999,134.25999,133.25999,133.84000,1455100
1513866600,134.45000,135.17999,133.47000,133.95000,2042100
1513953000,133.70000,134.74001,133.50000,133.97000,2780900
1514298600,133.96001,134.23000,133.14999,133.30000,1150900
1514385000,133.70000,136.33000,133.60001,136.25000,2284500
1514471400,136.46001,136.64000,135.50000,136.57001,1704200
1514557800,136.50999,137.60001,135.35001,135.73000,1685500
1514903400,135.89000,135.98000,132.20000,133.75000,2949200
1514989800,134.00999,136.80000,133.70000,136.45000,1507900
1515076200,136.85001,137.14999,134.95000,135.70000,3187000
1515162600,136.45000,136.45000,134.20000,134.39999,3404400
1515421800,134.11000,136.58000,134.11000,136.34000,3275500
1515508200,136.52000,138.30000,136.00000,137.71001,3071500
1515594600,136.91000,137.78999,136.50999,137.70000,1143500
1515681000,136.64999,139.53999,136.64999,139.42999,1408700
1515767400,140.11000,140.25999,138.53000,139.78000,1806800
1516113000,141.36000,141.39000,138.35001,139.12000,2531800
1516199400,140.21001,142.64000,139.84000,142.00000,2436100
1516285800,141.64999,142.69000,140.87000,141.13000,1691100
1516372200,141.62000,144.07001,141.44000,144.07001,3267100
1516631400,144.25000,144.28999,142.07001,143.81000,2153900
1516717800,143.53999,146.42999,143.03999,145.80000,1540300
1516804200,146.12000,146.69000,143.83000,144.39000,3736600
1516890600,144.52000,146.06000,143.99001,145.50000,1197800
1516977000,145.71001,147.14999,144.92000,147.14000,1113300
1517236200,146.66000,148.91000,145.77000,147.99001,2200800
1517322600,148.22000,149.21001,147.06000,147.27000,1664500
1517409000,147.42000,148.66000,146.92999,147.34000,2329800
1517495400,146.60001,148.25999,145.82001,147.52000,1676600
1517581800,146.69000,147.00999,140.97000,141.17000,2672300
1517841000,140.82001,142.60001,136.28000,136.34000,2921200
1517927400,134.07001,140.23000,131.00000,140.03000,2881900
1518013800,139.25000,142.77000,138.66000,139.64000,1806400
1518100200,139.61000,139.94000,133.81000,133.88000,2964400
1518186600,134.53999,137.47000,131.10001,136.28999,2885100
1518445800,137.42000,139.92999,137.27000,139.10001,2835100
1518532200,138.45000,141.02000,137.71001,140.61000,1977800
1518618600,141.00000,145.39999,140.32001,145.24001,3561700
1518705000,142.12000,144.95000,140.85001,141.28999,4295600
1518791400,140.75999,141.44000,138.48000,138.50000,2855600
1519137000,138.14000,140.95000,138.13000,140.44000,2162100
1519223400,140.81000,144.86000,140.62000,141.96001,3809800
1519309800,142.19000,142.71001,139.82001,140.60001,2029400
1519396200,141.82001,142.24001,140.64999,142.17000,1329800
1519655400,142.58000,143.17000,141.23000,141.35001,1873200
1519741800,141.78999,142.35001,138.08000,138.12000,2210600
1519828200,138.50000,143.34000,138.50000,141.21001,2426500
1519914600,141.21001,142.07001,137.17000,137.53999,3060900
1520001000,136.52000,139.95000,135.13000,139.58000,2386100
1520260200,138.45000,138.96001,134.28999,135.73000,3635800
1520346600,136.58000,138.47000,136.00000,137.61000,2380300
1520433000,137.00000,139.44000,136.52000,138.98000,1629500
1520519400,139.19000,140.21001,138.85001,139.35001,1584000
1520605800,141.86000,144.61000,140.19000,143.28999,2496200
1520861400,143.22000,143.67000,141.31000,141.81000,2190400
1520947800,142.48000,143.36000,141.57001,141.75000,2013000
1521034200,142.42000,142.99001,140.67000,141.42999,1310100
1521120600,141.58000,143.03999,140.94000,141.73000,1310200
1521207000,142.00999,142.45000,141.05000,141.06000,2596300
1521466200,139.92999,140.55000,138.50000,139.82001,1662000
1521552600,140.52000,141.30000,140.14999,140.55000,1340800
1521639000,140.27000,141.32001,139.53999,140.42000,1231900
1521725400,139.09000,140.96001,137.14999,137.25000,1626600
1521811800,137.06000,137.94000,133.75000,133.75999,2039300
1522071000,135.49001,139.12000,134.99001,138.92000,1987200
1522157400,139.41000,139.67000,134.97000,135.59000,1798600
1522243800,135.60001,136.50000,132.56000,133.89999,2212000
1522330200,134.89000,137.49001,134.50999,135.98000,2524700
1522675800,134.96001,136.41000,130.39000,132.07001,3154000
1522762200,133.19000,134.17000,131.37000,132.50000,3643500
1522848600,130.87000,136.14999,130.42000,135.81000,3194600
1522935000,136.91000,138.41000,133.23000,134.44000,2917400
1523021400,133.14999,134.23000,129.53000,130.92999,2625500
1523280600,131.89999,133.27000,130.57001,130.72000,2449600
1523367000,132.46001,132.83000,128.97000,129.84000,3656100
1523453400,130.75000,133.64000,130.75000,132.03000,3893100
1523539800,132.50999,133.70000,131.86000,133.00999,2901500
1523626200,133.53999,133.92999,130.50999,131.06000,1352700
1523885400,132.05000,134.28000,131.92000,133.47000,1501400
1523971800,134.67000,137.55000,134.46001,136.81000,2928200
1524058200,136.88000,139.19000,136.69000,138.31000,1612200
1524144600,137.92999,138.64999,136.99001,137.62000,1156300
1524231000,137.14999,138.25000,136.73000,137.48000,1380500
1524490200,137.89999,138.78999,136.82001,137.63000,843600
1524576600,138.84000,139.50000,135.36000,136.89999,1561700
1524663000,136.39000,137.78999,135.28000,137.24001,1123200
1524749400,138.16000,138.80000,136.22000,137.75999,1240900
1524835800,137.28000,139.00000,136.56000,137.42000,1112700
1525095000,138.12000,139.48000,136.47000,136.67999,1115100
1525181400,136.19000,137.75999,135.49001,137.60001,1046600
1525267800,137.12000,137.72000,134.00999,134.16000,2324300
1525354200,133.39999,135.19000,130.72000,134.64000,2474500
1525440600,133.92000,137.06000,133.17999,135.85001,2832800
1525699800,136.58000,137.25000,135.85001,136.64000,2331100
1525786200,136.53000,139.45000,136.00000,139.31000,3771100
1525872600,138.42999,139.17000,134.25000,137.89999,3999700
1525959000,138.12000,138.99001,137.39999,138.57001,2114800
1526045400,138.88000,140.11000,138.17999,139.82001,1509100
1526304600,139.91000,140.28000,138.96001,139.35001,1845400
1526391000,139.00000,139.14000,137.84000,138.86000,1492600
1526477400,139.21001,141.61000,138.61000,140.44000,1620000
1526563800,139.89000,140.00999,138.05000,138.28999,1894600
1526650200,139.47000,139.47000,137.72000,138.52000,1444600
1526909400,138.88000,139.84000,137.98000,138.80000,1124300
1526995800,139.39000,139.39000,137.50000,137.78000,1099400
1527082200,136.75999,137.84000,136.75999,137.59000,1061300
1527168600,137.42999,138.37000,137.25000,137.87000,1504300
1527255000,137.81000,139.17999,137.27000,137.97000,1396700
1527600600,136.32001,136.86000,134.07001,134.55000,2011700
1527687000,135.02000,136.94000,134.60001,136.27000,1271700
1527773400,136.32001,136.75000,134.66000,135.36000,2316300
1527859800,136.58000,138.99001,135.71001,138.34000,1558500
1528119000,138.82001,138.99001,137.41000,138.69000,1277500
1528205400,138.50000,139.84000,137.84000,138.22000,1334000
1528291800,137.97000,141.72000,137.70000,141.57001,2113500
1528378200,141.66000,142.19000,139.00999,139.44000,1622700
1528464600,139.48000,139.62000,137.94000,138.38000,1609200
1528723800,138.03999,139.84000,137.75000,139.14000,1809800
1528810200,139.56000,140.42000,139.24001,139.86000,1354200
1528896600,140.00000,140.48000,137.75999,138.35001,1662700
1528983000,138.70000,139.39000,138.14999,138.75000,1216100
1529069400,139.00000,139.19000,137.22000,138.83000,2321200
1529328600,137.82001,138.86000,137.50000,138.67000,826500
1529415000,137.14000,137.52000,135.50000,136.58000,1364100
1529501400,136.75000,138.22000,135.83000,135.99001,1794900
1529587800,135.78999,135.99001,133.42000,133.73000,1684000
1529674200,133.95000,134.31000,132.48000,132.61000,1813800
1529933400,131.47000,131.99001,128.66000,129.10001,2432100
1530019800,129.45000,130.14000,128.96001,129.42999,1748800
1530106200,129.56000,130.77000,126.70000,126.94000,2284800
1530192600,127.04000,127.29000,124.22000,125.26000,2073600
1530279000,125.38000,127.55000,125.25000,126.60000,2022600
1530538200,125.57000,126.92000,125.00000,126.49000,1681300
1530624600,127.06000,127.54000,124.34000,124.52000,1345800
1530797400,125.06000,126.71000,125.06000,126.49000,1982600
1530883800,126.71000,127.96000,125.84000,127.66000,1435500
1531143000,129.08000,130.25999,127.91000,130.16000,2635100
1531229400,130.09000,131.42999,130.09000,130.73000,2269300
1531315800,130.07001,130.63000,129.25999,129.85001,1831300
1531402200,130.67999,131.09000,129.37000,130.77000,1335000
1531488600,130.53999,131.16000,130.41000,131.00999,843600
1531747800,131.24001,131.44000,130.25999,130.78999,1444100
1531834200,130.13000,130.94000,129.89999,130.45000,1224000
1531920600,130.36000,133.67999,130.16000,133.13000,2127600
1532007000,131.02000,133.47000,131.02000,133.20000,1964400
1532093400,132.91000,134.12000,132.07001,133.05000,1529500
1532352600,133.05000,133.05000,131.87000,132.03000,1497800
1532439000,132.00999,132.31000,128.77000,130.02000,3871100
1532525400,129.00000,131.73000,127.21000,131.50000,2718500
1532611800,132.17000,133.66000,130.77000,130.97000,1960200
1532698200,131.13000,131.87000,128.34000,128.55000,2028400
1532957400,128.28999,128.47000,125.69000,125.91000,2040100
1533043800,126.21000,128.06000,125.70000,127.84000,1614300
1533130200,127.78000,129.17999,126.97000,127.87000,2321700
1533216600,126.72000,129.32001,125.92000,129.13000,1513100
1533303000,129.11000,129.28000,127.58000,128.19000,1326500
1533562200,128.50999,129.50999,127.40000,129.28000,2014700
1533648600,125.31000,126.83000,123.96000,124.43000,3859000
1533735000,124.61000,125.67000,121.50000,121.63000,2864500
1533821400,122.03000,122.90000,120.61000,120.79000,3202700
1533907800,120.57000,121.64000,119.77000,120.16000,2314200
1534167000,120.65000,121.45000,119.90000,120.46000,1713000
1534253400,121.51000,122.00000,120.84000,121.61000,2162500
1534339800,120.56000,121.02000,119.32000,120.43000,2115700
1534426200,121.18000,122.83000,121.11000,122.15000,2475600
1534512600,122.10000,123.88000,121.42000,123.85000,2652800
1534771800,123.84000,124.52000,123.63000,124.40000,2439600
1534858200,124.43000,125.64000,124.37000,125.16000,2488400
1534944600,124.34000,124.71000,123.55000,123.71000,1582600
1535031000,123.65000,123.83000,122.02000,122.18000,1667200
1535117400,122.58000,123.59000,122.30000,123.11000,1408300
1535376600,123.68000,124.70000,123.58000,124.29000,1269900
1535463000,124.58000,125.27000,123.57000,124.68000,1698200
1535549400,124.31000,127.76000,124.16000,126.95000,3105300
1535635800,126.86000,127.05000,125.74000,126.21000,1814900
1535722200,126.34000,127.27000,126.21000,126.47000,2249700
1536067800,126.11000,126.72000,125.06000,126.55000,2069200
1536154200,125.70000,126.19000,124.86000,125.01000,3074400
1536240600,125.12000,125.65000,123.56000,124.98000,2464700
1536327000,125.01000,126.70000,124.38000,126.61000,2916800
1536586200,127.08000,128.03999,126.70000,127.68000,4017400
1536672600,126.90000,128.21001,126.67000,127.35000,2683300
1536759000,127.18000,127.71000,126.50000,127.57000,1456600
1536845400,128.05000,129.86000,128.00999,129.53999,1928300
1536931800,129.82001,130.86000,129.42000,130.42999,1693800
1537191000,130.28999,130.50999,129.36000,129.77000,1935400
1537277400,129.85001,130.27000,129.25000,129.81000,1755900
1537363800,130.30000,131.59000,129.78000,131.23000,1625400
1537450200,131.72000,132.25000,130.24001,132.17999,1811400
1537536600,132.66000,133.36000,130.41000,130.89999,5530900
1537795800,130.38000,130.75999,128.39000,130.24001,1566800
1537882200,130.71001,130.74001,129.14999,129.27000,1362800
1537968600,129.52000,132.03999,129.34000,130.98000,2358600
1538055000,130.48000,133.50000,130.34000,133.42000,1935000
1538141400,132.80000,133.13000,131.87000,132.03000,2439000
1538400600,132.67000,132.86000,128.30000,128.35001,2299500
1538487000,128.16000,128.49001,125.95000,125.97000,2168900
1538573400,126.30000,126.89000,124.34000,124.59000,2451700
1538659800,124.29000,124.56000,121.08000,122.20000,2714300
1538746200,122.92000,123.52000,120.29000,121.45000,2303000
1539005400,121.45000,121.69000,119.50000,120.57000,1676800
1539091800,120.48000,121.26000,119.68000,119.77000,1718200
1539178200,119.27000,119.66000,116.41000,116.48000,2233200
1539264600,116.34000,117.42000,114.05000,114.63000,2606800
1539351000,117.21000,117.89000,115.74000,117.49000,2303400
1539610200,117.05000,117.40000,115.47000,115.51000,1509700
1539696600,116.23000,118.33000,115.96000,117.95000,1560600
1539783000,118.17000,118.73000,116.37000,117.96000,1067700
1539869400,117.49000,117.93000,115.12000,115.29000,2185100
1539955800,114.71000,115.29000,112.01000,112.04000,2664200
1540215000,112.55000,113.12000,111.28000,111.49000,1559600
1540301400,111.00000,112.40000,107.90000,112.35000,4007800
1540387800,112.03000,113.78000,106.96000,107.13000,5159500
1540474200,108.16000,112.38000,108.16000,111.54000,3274400
1540560600,108.63000,114.18000,108.44000,112.73000,3121000
1540819800,113.92000,114.53000,111.20000,112.78000,2868600
1540906200,112.85000,115.37000,112.45000,115.27000,2419800
1540992600,116.33000,118.72000,116.21000,116.89000,2437900
1541079000,118.49000,121.23000,116.02000,121.09000,2471200
1541165400,122.24000,122.97000,119.94000,120.93000,2814100
1541428200,121.30000,121.53000,119.71000,120.68000,2425000
1541514600,115.00000,117.40000,112.11000,114.55000,6924600
1541601000,114.82000,117.15000,114.64000,116.14000,2503100
1541687400,115.61000,117.21000,115.26000,116.91000,1810500
1541773800,116.65000,117.62000,116.18000,117.04000,1687500
1542033000,116.56000,117.31000,114.73000,115.07000,1997200
1542119400,115.72000,117.92000,115.70000,116.55000,2381800
1542205800,117.35000,118.00000,115.60000,116.30000,1383000
1542292200,115.24000,118.62000,115.03000,118.31000,1596200
1542378600,117.22000,119.32000,117.04000,118.65000,1369300
1542637800,118.45000,118.86000,115.39000,116.50000,1696700
1542724200,114.26000,116.29000,113.14000,115.56000,2237700
1542810600,116.10000,118.74000,116.09000,117.17000,1317500
1542983400,116.51000,118.00000,115.80000,117.26000,445200
1543242600,118.99000,120.51000,118.28000,119.90000,1284600
1543329000,120.00000,120.40000,119.07000,119.97000,1539400
1543415400,119.99000,122.27000,118.52000,122.19000,1497700
1543501800,121.37000,122.83000,120.55000,121.84000,1180700
1543588200,113.60000,116.72000,113.38000,115.03000,9553400
1543847400,116.00000,120.09000,115.69000,119.53000,3621000
1543933800,119.00000,119.23000,112.92000,113.50000,3097500
1544106600,111.68000,115.50000,111.11000,115.32000,2921400
1544193000,114.85000,116.25000,110.69000,111.25000,2637000
1544452200,111.44000,112.35000,109.20000,110.81000,1787200
1544538600,112.33000,112.94000,109.79000,110.03000,2613800
1544625000,110.19000,111.90000,109.97000,110.07000,2615800
1544711400,110.57000,110.98000,108.24000,108.85000,2066600
1544797800,108.00000,109.98000,107.37000,107.66000,2241600
1545057000,107.92000,109.34000,106.58000,107.66000,2353400
1545143400,108.71000,109.39000,107.52000,108.24000,1882400
1545229800,108.76000,109.75000,105.76000,106.39000,2234000
1545316200,106.24000,106.24000,102.96000,104.19000,4183600
1545402600,104.39000,106.53000,102.30000,102.88000,4319200
1545661800,102.52000,102.99000,100.62000,100.99000,1450100
1545834600,101.70000,105.68000,101.42000,105.58000,2505400
1545921000,104.27000,106.66000,102.80000,106.63000,1630200
1546007400,107.19000,108.52000,106.40000,107.24000,1282000
1546266600,107.61000,108.56000,107.39000,108.56000,1771200
1546439400,106.72000,108.59000,105.29000,107.46000,1802100
1546525800,106.35000,107.00000,101.57000,101.74000,3344300
1546612200,103.14000,107.92000,103.14000,107.81000,3045300
1546871400,107.41000,108.88000,105.95000,108.01000,1529000
1546957800,108.86000,110.07000,107.82000,109.76000,1631100
1547044200,109.93000,110.53000,108.59000,109.20000,2750100
1547130600,108.32000,111.17000,108.00000,110.05000,1682900
1547217000,109.27000,109.45000,107.33000,109.42000,1819700
1547476200,108.63000,109.10000,107.83000,108.13000,1411400
1547562600,108.28000,110.24000,107.54000,110.18000,1788100
1547649000,109.87000,111.37000,109.09000,109.28000,2817100
1547735400,108.80000,109.89000,108.18000,108.47000,2143900
1547821800,109.80000,109.80000,108.26000,109.05000,2361200
1548167400,108.71000,108.85000,106.02000,107.26000,2799300
1548253800,107.45000,108.37000,106.58000,108.09000,1660300
1548340200,108.06000,108.95000,107.40000,108.24000,769200
1548426600,109.18000,109.93000,107.81000,109.85000,1587700
1548685800,109.11000,110.84000,108.74000,110.53000,1355500
1548772200,110.47000,111.34000,109.98000,111.12000,1186700
1548858600,111.75000,113.78000,111.02000,113.64000,2514400
1548945000,113.60000,115.03000,112.68000,114.53000,2281100
1549031400,114.79000,115.20000,114.01000,114.57000,1540800
1549290600,114.68000,115.69000,114.43000,115.65000,1070200
1549377000,115.97000,117.00000,115.77000,116.91000,1448900
1549463400,116.77000,117.75000,116.67000,117.27000,1555800
1549549800,116.42000,116.83000,114.76000,115.52000,1360000
1549636200,114.58000,115.51000,114.58000,115.48000,1381300
1549895400,115.86000,116.69000,115.46000,115.65000,1022200
1549981800,116.41000,116.77000,114.49000,114.74000,2374500
1550068200,116.00000,119.61000,115.93000,118.86000,2296100
1550154600,118.14000,118.81000,116.64000,118.62000,1785400
1550241000,119.80000,121.60000,118.81000,121.05000,2012900
1550586600,120.29000,122.40000,120.15000,122.03000,2625600
1550673000,122.54000,127.27000,121.95000,126.97000,3337600
1550759400,127.04000,128.25000,125.45000,127.37000,2893000
1550845800,127.93000,129.72000,127.57000,128.84000,2085700
1551105000,129.69000,130.16000,128.42000,128.48000,2325100
1551191400,128.19000,129.89999,128.17000,128.57001,1979200
1551277800,127.65000,128.64000,126.64000,126.93000,2168600
1551364200,126.76000,127.00000,125.01000,125.27000,3312900
1551450600,125.49000,126.55000,122.23000,124.45000,4407900
1551709800,126.49000,126.49000,122.34000,123.94000,2095100
1551796200,124.00000,125.57000,124.00000,125.22000,1797400
1551882600,125.18000,125.84000,124.82000,125.12000,1644400
1551969000,125.13000,125.16000,122.07000,122.22000,2043300
1552055400,121.19000,121.54000,119.99000,120.70000,2261300
1552311000,120.86000,121.17000,120.11000,120.25000,2193300
1552397400,120.50000,121.59000,119.10000,120.69000,2185300
1552483800,121.14000,122.66000,120.01000,120.19000,3071900
1552570200,120.00000,120.53000,118.99000,119.62000,2363600
1552656600,120.02000,124.83000,119.89000,122.32000,3601300
1552915800,124.99000,125.97000,123.83000,124.96000,2436700
1553002200,124.97000,126.72000,124.66000,125.75000,2352400
1553088600,125.39000,125.73000,123.54000,123.67000,1927600
1553175000,123.37000,125.18000,122.98000,125.06000,1710600
1553261400,124.37000,124.91000,123.42000,124.50000,3400700
1553520600,124.01000,124.45000,123.13000,123.66000,1493700
1553607000,122.89000,124.60000,122.73000,123.56000,1722600
1553693400,123.72000,123.72000,121.33000,122.17000,1924900
1553779800,122.28000,124.36000,122.28000,124.08000,1496300
1553866200,124.01000,125.46000,123.87000,125.09000,2175100
1554125400,126.24000,127.59000,125.85000,127.45000,1383400
1554211800,127.23000,128.60001,126.51000,128.50000,1783100
1554298200,129.45000,131.85001,128.72000,131.59000,2218400
1554384600,131.55000,132.50000,131.13000,132.20000,2269000
1554471000,132.57001,134.81000,132.32001,134.06000,2210300
1554730200,133.88000,134.96001,133.47000,134.91000,1866700
1554816600,134.13000,134.95000,132.27000,132.64999,1689000
1554903000,132.99001,133.17999,132.30000,132.75000,1476700
1554989400,133.42000,133.82001,132.72000,133.25000,1245200
1555075800,133.49001,134.74001,133.25999,134.64999,1163900
1555335000,134.50000,134.97000,133.10001,134.37000,657400
1555421400,134.39999,135.91000,134.37000,135.80000,979900
1555507800,136.27000,136.94000,135.64999,135.92999,1111300
1555594200,136.74001,136.74001,133.49001,134.41000,1378300
1555939800,133.64999,136.16000,133.33000,135.86000,1182300
1556026200,136.28000,136.78999,135.44000,136.28000,1036900
1556112600,134.66000,136.03999,134.66000,135.48000,1232500
1556199000,134.92000,136.20000,134.11000,135.67999,926100
1556285400,136.25000,137.03000,135.57001,136.45000,837500
1556544600,136.45000,137.10001,135.82001,135.97000,1144500
1556631000,136.35001,136.83000,135.28000,136.42000,1259700
1556717400,137.80000,140.37000,137.56000,138.86000,1632100
1556803800,138.55000,139.06000,135.72000,136.89000,1155500
1556890200,137.78999,140.28000,137.28000,140.14000,1076700
1557149400,137.46001,138.17000,136.58000,137.75000,1415300
1557235800,136.16000,137.10001,134.07001,135.14999,1547000
1557322200,134.42000,135.38000,133.60001,134.77000,1244700
1557408600,133.92999,136.17000,132.78999,135.47000,1913700
1557495000,130.88000,132.11000,127.70000,131.71001,4463200
1557754200,129.47000,129.78000,125.72000,126.01000,2392100
1557840600,126.68000,130.97000,126.31000,129.87000,2273400
1557927000,128.78999,132.33000,127.27000,131.83000,1907900
1558013400,132.07001,133.28999,130.96001,132.50999,1818400
1558099800,132.14999,133.17000,130.87000,130.91000,1653500
1558359000,128.75000,129.59000,127.49000,127.86000,1591800
1558445400,128.71001,129.64999,128.07001,129.42999,1780100
1558531800,128.83000,129.20000,127.63000,127.77000,1620100
1558618200,125.98000,126.10000,123.53000,123.91000,2227100
1558704600,124.63000,125.74000,124.38000,125.00000,1357100
1559050200,125.15000,125.50000,123.63000,123.70000,3209100
1559136600,123.29000,124.63000,122.52000,124.42000,1321900
1559223000,124.71000,125.60000,123.82000,124.65000,1116200
1559309400,123.45000,125.57000,122.46000,124.84000,2000000
1559568600,124.76000,125.27000,123.46000,124.36000,2263500
1559655000,126.30000,128.24001,125.51000,128.17999,1796000
1559741400,128.55000,128.63000,126.44000,127.55000,1422600
1559827800,127.62000,129.00999,126.96000,128.60001,1355300
1559914200,129.50000,133.03000,129.00000,132.52000,1458500
1560173400,133.13000,134.75999,132.47000,132.75000,1315500
1560259800,134.14000,135.47000,133.21001,134.52000,1387500
1560346200,134.87000,135.42000,132.67999,132.70000,1184300
1560432600,133.25999,134.33000,132.03000,133.62000,1115900
1560519000,133.63000,134.03000,132.17000,133.67999,872500
1560778200,134.03999,134.11000,132.58000,132.85001,1263600
1560864600,135.00000,136.30000,133.85001,134.96001,1531600
1560951000,135.00000,135.84000,134.09000,135.67999,1222300
1561037400,136.89999,138.42000,136.46001,137.19000,1582700
1561123800,136.53999,138.05000,136.03999,137.07001,2353500
1561383000,137.39999,137.98000,136.39000,136.75999,1095200
1561469400,136.71001,136.73000,132.74001,133.28000,1729600
1561555800,134.14999,136.25999,133.70000,135.64999,1546300
1561642200,135.92000,138.83000,135.91000,138.28999,1865200
1561728600,138.45000,140.46001,138.14999,140.28999,3030300
1561987800,142.41000,142.89999,140.78000,141.23000,1824200
1562074200,140.81000,141.27000,139.25000,141.25999,986400
1562160600,141.78999,142.09000,141.09000,141.75000,650500
1562333400,140.89000,142.17999,139.63000,142.00999,1274100
1562592600,141.74001,141.74001,140.02000,141.30000,1166400
1562679000,138.63000,139.61000,137.85001,139.52000,1808000
1562765400,139.42999,141.62000,139.00000,141.57001,1956800
1562851800,142.25000,142.25000,140.70000,141.89999,1290500
1562938200,142.23000,142.75000,141.64000,142.55000,1057900
1563197400,142.08000,142.88000,140.88000,142.78000,1656100
1563283800,142.99001,144.24001,142.60001,143.96001,1023500
1563370200,143.94000,143.94000,141.14999,141.24001,1229400
1563456600,140.67999,140.85001,138.67999,139.80000,1597400
1563543000,140.23000,140.23000,137.63000,137.73000,1549800
1563802200,137.50000,137.78999,135.39000,136.06000,1998100
1563888600,137.32001,140.88000,136.11000,140.69000,2288100
1563975000,140.08000,140.53000,137.75000,139.78999,1730000
1564061400,139.66000,141.74001,139.31000,140.72000,1395500
1564147800,141.28999,141.34000,139.92000,140.27000,1235200
1564407000,139.94000,141.59000,139.46001,141.23000,1113900
1564493400,140.33000,141.46001,139.88000,140.81000,947500
1564579800,140.98000,141.23000,137.80000,139.06000,1551600
1564666200,138.99001,140.49001,136.50000,136.87000,1268700
1564752600,136.75999,137.24001,135.45000,135.98000,1098700
1565011800,134.09000,134.53000,129.86000,130.34000,3161900
1565098200,126.58000,132.45000,126.30000,128.49001,3932500
1565184600,126.27000,128.91000,124.77000,127.82000,2447900
1565271000,129.11000,131.06000,128.22000,130.34000,1651000
1565357400,131.34000,132.98000,129.73000,132.46001,2304400
1565616600,131.20000,131.75000,129.84000,130.00999,2305300
1565703000,130.19000,133.23000,130.00999,132.41000,1610200
1565789400,130.36000,131.92999,126.23000,126.85000,2103300
1565875800,128.89000,129.28000,126.02000,126.70000,1945200
1565962200,127.94000,129.25999,127.33000,128.82001,1269600
1566221400,130.89000,131.24001,129.96001,130.57001,1289300
1566307800,130.03000,131.60001,129.73000,130.67999,979800
1566394200,131.58000,131.64999,128.00000,128.35001,1646600
1566480600,128.83000,129.42999,126.97000,128.12000,963900
1566567000,127.26000,127.92000,124.67000,125.10000,1736100
1566826200,126.43000,126.86000,125.37000,126.23000,1263400
1566912600,127.02000,127.20000,125.26000,125.35000,1214800
1566999000,125.17000,125.94000,124.66000,125.34000,1892200
1567085400,127.20000,127.46000,125.38000,125.73000,1701900
1567171800,126.30000,127.61000,125.79000,126.06000,1871600
1567517400,124.94000,124.94000,123.63000,124.27000,1895000
1567603800,125.61000,126.03000,124.92000,125.69000,2471500
1567690200,126.89000,128.87000,125.92000,128.46001,2941800
1567776600,128.50000,129.78000,128.05000,129.42999,1120200
1568035800,129.78999,129.95000,128.36000,129.91000,1291100
1568122200,130.00000,131.71001,128.67000,131.69000,1259000
1568208600,131.39000,133.59000,130.83000,133.09000,1613900
1568295000,133.50000,134.37000,132.39000,132.50999,1080100
1568381400,132.98000,135.46001,132.56000,133.99001,1168300
1568640600,132.80000,132.80000,130.17999,130.48000,1310600
1568727000,130.67999,131.42999,129.78000,130.56000,877400
1568813400,130.13000,130.48000,128.71001,130.19000,1087200
1568899800,130.49001,131.35001,129.41000,129.55000,1088500
1568986200,129.07001,129.46001,126.86000,126.97000,3007100
1569245400,126.25000,126.80000,125.40000,125.85000,2961700
1569331800,126.11000,126.11000,122.19000,122.27000,2735000
1569418200,122.50000,123.37000,121.28000,123.03000,2925900
1569504600,122.36000,122.89000,121.35000,121.67000,2709000
1569591000,122.48000,123.00000,120.02000,120.77000,3215500
1569850200,121.88000,124.61000,120.66000,124.37000,2770700
1569936600,125.05000,126.41000,123.31000,123.40000,1840300
1570023000,122.30000,122.30000,119.60000,120.33000,1859100
1570109400,120.29000,120.68000,118.53000,119.02000,2329100
1570195800,119.96000,121.02000,119.60000,120.86000,1909000
1570455000,120.08000,120.71000,118.88000,119.20000,1707000
1570541400,118.20000,118.93000,116.85000,117.67000,1717700
1570627800,118.59000,119.06000,117.25000,118.49000,1454300
1570714200,118.57000,119.84000,117.67000,118.19000,1683300
1570800600,119.73000,122.31000,119.03000,121.18000,1828800
1571059800,120.79000,121.21000,119.37000,120.10000,1065200
1571146200,120.33000,121.71000,120.29000,121.11000,905700
1571232600,121.18000,121.70000,120.34000,121.09000,1097300
1571319000,120.81000,121.73000,120.35000,120.57000,967300
1571405400,120.40000,121.40000,118.96000,121.05000,1437500
1571664600,122.26000,123.40000,121.91000,123.00000,1820900
1571751000,122.62000,123.01000,121.85000,122.05000,1722600
1571837400,121.46000,123.67000,121.02000,123.49000,1446400
1571923800,123.93000,124.65000,122.86000,124.30000,1335500
1572010200,123.77000,126.72000,123.77000,126.18000,1364600
1572269400,126.03000,126.76000,125.14000,126.60000,1017100
1572355800,126.77000,127.17000,125.54000,126.53000,1229000
1572442200,126.37000,126.96000,124.71000,126.44000,931700
1572528600,125.96000,126.84000,124.73000,126.55000,1500000
1572615000,128.24001,129.12000,126.94000,128.08000,1633400
1572877800,128.86000,130.56000,127.47000,130.16000,2225900
1572964200,128.00999,134.32001,127.75000,133.69000,3577800
1573050600,133.42000,133.77000,131.74001,132.58000,1678200
1573137000,132.55000,134.14000,132.03999,133.06000,1651900
1573223400,132.84000,133.39999,131.98000,133.20000,1020300
1573482600,132.25000,132.42999,130.83000,131.75000,1282700
1573569000,132.16000,134.24001,132.00999,132.53000,1365100
1573655400,132.23000,133.85001,131.52000,133.64999,1274800
1573741800,133.42000,134.77000,132.94000,134.55000,1238200
1573828200,134.91000,135.96001,134.17000,135.52000,1371200
1574087400,135.17000,136.31000,135.03000,135.67999,1568700
1574173800,136.12000,136.33000,135.23000,135.47000,992700
1574260200,133.86000,134.58000,131.25999,132.71001,1408600
1574346600,133.16000,133.52000,131.35001,132.98000,997300
1574433000,133.61000,136.52000,132.84000,136.25000,1304500
1574692200,137.00000,138.50999,136.60001,137.98000,1422500
1574778600,138.14999,140.30000,137.34000,140.08000,1757600
1574865000,140.17999,141.75000,140.10001,141.34000,1361700
1575037800,140.77000,141.75000,140.06000,140.36000,751600
1575297000,140.67999,140.81000,139.88000,140.42999,1402100
1575383400,138.89999,139.14000,137.75999,138.56000,1121000
1575469800,138.46001,139.83000,138.38000,139.25999,1149800
1575556200,139.97000,140.50000,139.50999,140.30000,991600
1575642600,141.31000,142.72000,141.00000,142.28999,1349100
1575901800,142.22000,142.56000,141.32001,141.35001,825100
1575988200,141.09000,141.89999,140.20000,140.57001,1166100
1576074600,141.28000,143.25000,140.80000,142.75000,1428800
1576161000,142.64000,145.59000,142.33000,145.10001,1472600
1576247400,145.05000,146.45000,144.31000,146.16000,1615400
1576506600,147.60001,148.95000,147.06000,147.89999,1303600
1576593000,147.86000,149.31000,147.69000,148.91000,1251700
1576679400,148.92000,149.72000,148.38000,149.55000,1201600
1576765800,149.16000,150.42999,149.16000,150.03999,1889800
1576852200,151.28000,151.55000,148.52000,150.80000,2853600
1577111400,151.00000,151.89000,150.62000,151.24001,863600
1577197800,151.17000,152.36000,150.66000,151.50000,668300
1577370600,151.75999,153.16000,151.55000,153.13000,691100
1577457000,153.38000,153.39000,152.53000,152.73000,629800
1577716200,153.00000,153.24001,151.24001,151.87000,820300
1577802600,151.69000,152.45000,150.81000,151.42999,1186100
1577975400,151.50000,152.60001,151.03000,151.49001,1905600
1578061800,149.19000,150.02000,148.74001,149.27000,2116900
1578321000,147.89999,147.99001,146.21001,147.34000,2178200
1578407400,146.74001,147.22000,144.67999,144.94000,2073200
1578493800,145.13000,147.62000,144.72000,146.73000,1412800
1578580200,147.46001,147.59000,146.20000,146.45000,1197900
1578666600,146.20000,146.57001,145.05000,145.39000,848200
1578925800,145.75999,146.98000,145.53999,146.80000,987500
1579012200,146.41000,147.63000,146.11000,147.14999,944700
1579098600,146.77000,148.14999,146.64999,147.30000,799900
1579185000,147.98000,149.03999,147.50000,149.02000,804500
1579271400,149.19000,150.63000,148.07001,150.25999,1058900
1579617000,148.08000,148.44000,143.42000,144.37000,2757200
1579703400,145.00000,147.19000,143.75000,144.12000,1297100
1579789800,142.42999,145.06000,141.25000,144.96001,1863100
1579876200,144.97000,145.02000,139.84000,141.02000,2073400
1580135400,137.73000,139.63000,133.36000,138.00000,2641200
1580221800,138.71001,141.78999,138.32001,141.25000,1958500
1580308200,141.50000,143.24001,140.38000,142.61000,1290700
1580394600,140.53999,143.53999,138.83000,143.31000,1848600
1580481000,142.14999,142.25000,138.95000,140.06000,2070200
1580740200,141.70000,144.46001,140.87000,141.48000,1527600
1580826600,144.47000,148.24001,143.67999,147.39999,1812900
1580913000,149.72000,150.17000,147.31000,147.71001,1872300
1580999400,148.28999,148.87000,145.78000,146.22000,1065900
1581085800,144.91000,145.39999,142.78000,144.07001,1717600
1581345000,143.00999,145.85001,142.45000,145.73000,1169800
1581431400,145.87000,148.95000,145.22000,147.19000,1461300
1581517800,148.03999,150.97000,148.03999,150.78000,1583400
1581604200,149.45000,149.53000,146.66000,146.72000,1933900
1581690600,146.98000,147.36000,143.89999,144.89999,2441200
1582036200,144.23000,145.86000,144.23000,144.94000,2352800
1582122600,144.56000,147.91000,144.56000,147.63000,2018000
1582209000,147.53000,148.91000,146.27000,146.84000,1279600
1582295400,145.38000,145.52000,142.53999,143.24001,1858100
1582554600,136.82001,137.38000,134.22000,134.83000,3197500
1582641000,135.99001,136.05000,123.48000,124.08000,5128400
1582727400,126.29000,127.67000,119.85000,120.19000,4961200
1582813800,117.00000,127.28000,114.46000,119.64000,6958600
1582900200,116.25000,124.33000,116.00000,124.00000,6646600
1583159400,123.07000,123.68000,116.64000,122.96000,6375500
1583245800,122.76000,123.74000,113.88000,114.28000,6796500
1583332200,115.49000,118.54000,111.28000,118.33000,7343700
1583418600,113.79000,115.00000,108.80000,110.22000,6977200
1583505000,104.64000,113.62000,103.89000,110.66000,6790100
1583760600,102.00000,108.92000,101.76000,104.19000,6687400
1583847000,108.83000,110.03000,102.80000,109.98000,5395500
1583933400,106.20000,106.50000,99.56000,100.11000,8901300
1584019800,90.00000,97.81000,88.76000,93.71000,9065700
1584106200,98.23000,100.78000,91.60000,95.61000,8552800
1584365400,84.68000,91.07000,78.12000,86.42000,9327200
1584451800,87.52000,89.61000,67.74000,75.24000,12101600
1584538200,67.15000,67.16000,46.56000,63.81000,25881800
1584624600,61.18000,72.70000,52.65000,66.80000,17497700
1584711000,73.71000,84.00000,69.52000,74.58000,18154700
1584970200,75.02000,80.70000,67.28000,70.13000,12931800
1585056600,76.05000,81.36000,75.00000,79.14000,9113100
1585143000,83.51000,92.68000,79.23000,85.25000,8717900
1585229400,87.60000,96.00000,80.59000,82.81000,10444300
1585315800,78.70000,82.79000,76.25000,78.85000,5749800
1585575000,76.71000,78.43000,72.84000,76.16000,6097800
1585661400,74.98000,79.24000,74.52000,74.81000,5173600
1585747800,70.00000,71.41000,67.65000,69.15000,7651300
1585834200,69.29000,70.59000,61.55000,63.00000,8062700
1585920600,64.36000,64.71000,57.00000,59.08000,10622200
1586179800,64.55000,70.90000,63.78000,70.59000,12186100
1586266200,78.31000,81.98000,72.68000,73.82000,11850400
1586352600,75.24000,83.94000,74.96000,82.53000,9143600
1586439000,86.04000,89.03000,79.67000,81.31000,10337400
1586784600,81.56000,81.57000,75.71000,78.09000,4157800
1586871000,81.00000,83.30000,78.86000,82.68000,6093100
1586957400,78.02000,81.99000,77.53000,80.73000,4822700
1587043800,80.09000,80.99000,76.25000,80.39000,5398800
1587130200,85.30000,85.63000,82.29000,84.26000,5299500
1587389400,81.61000,83.25000,79.29000,79.77000,4155000
1587475800,77.63000,80.05000,77.11000,79.90000,4747000
1587562200,81.43000,82.47000,78.75000,80.02000,3709700
1587648600,80.45000,83.50000,79.96000,81.10000,4540300
1587735000,81.25000,82.18000,78.40000,80.71000,3545000
1587994200,82.38000,86.26000,81.53000,85.27000,5419500
1588080600,87.41000,88.74000,84.52000,87.42000,4210900
1588167000,90.97000,97.45000,90.37000,95.99000,7369500
1588253400,93.60000,93.90000,89.27000,90.94000,5366100
1588339800,87.09000,88.48000,84.23000,84.75000,4234300
1588599000,81.79000,85.60000,80.41000,82.58000,4087100
1588685400,85.12000,87.07000,83.07000,83.66000,3457800
1588771800,84.32000,84.93000,80.87000,81.11000,3013100
1588858200,83.35000,86.95000,83.05000,85.98000,4032800
1588944600,88.08000,88.50000,85.65000,87.17000,4267900
1589203800,84.30000,84.75000,81.51000,82.31000,6832700
1589290200,82.96000,83.88000,79.27000,79.33000,3605500
1589376600,79.06000,79.32000,74.57000,75.26000,4880600
1589463000,73.00000,79.28000,71.52000,79.25000,5425400
1589549400,78.47000,79.91000,77.36000,79.76000,6526900
1589808600,85.06000,93.90000,84.87000,93.62000,11003400
1589895000,92.27000,94.84000,89.16000,90.67000,7090300
1589981400,92.36000,92.98000,90.27000,92.68000,4265700
1590067800,91.97000,93.11000,90.27000,91.35000,3009000
1590154200,92.18000,92.25000,89.52000,91.05000,2259400
1590499800,97.89000,97.93000,94.55000,94.92000,6258400
1590586200,98.64000,98.98000,94.77000,97.96000,5392000
1590672600,97.61000,97.92000,91.53000,91.64000,5197500
1590759000,91.21000,91.75000,88.10000,88.50000,5873100
1591018200,89.73000,95.64000,89.30000,95.03000,5074500
1591104600,97.23000,97.35000,94.01000,95.61000,5470700
1591191000,97.30000,100.56000,96.21000,99.90000,6136300
1591277400,100.14000,105.05000,98.08000,104.82000,6777800
1591363800,114.38000,118.41000,106.77000,107.96000,10069800
1591623000,113.46000,114.46000,110.51000,113.14000,6056200
1591709400,109.80000,110.50000,106.31000,107.32000,4008700
1591795800,106.03000,106.65000,100.05000,102.62000,5642000
1591882200,95.05000,96.50000,90.61000,91.44000,7614100
1591968600,97.61000,97.76000,90.07000,92.26000,7108300
1592227800,88.00000,92.33000,86.79000,90.79000,9049500
1592314200,96.34000,96.40000,90.70000,93.99000,6191300
1592400600,93.52000,94.00000,90.80000,91.13000,4423100
1592487000,90.50000,94.18000,90.17000,92.75000,3746900
1592573400,93.91000,94.13000,88.66000,89.68000,4880600
1592832600,89.50000,91.00000,88.28000,90.18000,4588800
1592919000,91.00000,91.49000,88.83000,90.62000,5829200
1593005400,89.33000,89.52000,83.88000,85.00000,6403900
1593091800,83.59000,84.56000,82.12000,84.04000,5210900
1593178200,83.55000,83.95000,80.40000,80.94000,10150200
1593437400,81.53000,86.61000,80.26000,86.60000,5133000
1593523800,85.41000,86.92000,84.00000,85.73000,4343100
1593610200,86.67000,90.50000,86.33000,86.62000,5708200
1593696600,89.70000,90.23000,86.26000,87.80000,3877400
1594042200,89.66000,90.34000,87.12000,89.83000,3138200
1594128600,88.63000,88.98000,87.08000,87.43000,2993900
1594215000,87.29000,90.03000,86.49000,89.99000,3407600
1594301400,90.22000,90.28000,86.00000,86.25000,5263500
1594387800,85.86000,88.61000,85.50000,88.51000,3246400
1594647000,89.07000,90.54000,87.31000,87.50000,3955100
1594733400,87.00000,87.73000,86.00000,87.12000,3063500
1594819800,90.23000,94.75000,90.16000,94.03000,6761400
1594906200,92.13000,93.43000,90.76000,93.11000,2483900
1594992600,93.03000,93.10000,90.10000,91.48000,2329700
1595251800,90.64000,91.63000,87.57000,88.48000,3052400
1595338200,89.67000,91.50000,88.50000,89.96000,2442400
1595424600,89.07000,90.96000,88.81000,90.81000,1741100
1595511000,89.91000,90.20000,87.92000,88.97000,2564100
1595597400,88.89000,88.89000,86.57000,87.50000,2369500
1595856600,86.11000,87.14000,85.20000,86.27000,2675800
1595943000,86.31000,87.88000,85.96000,86.55000,2105000
1596029400,87.08000,88.18000,86.00000,87.14000,1653700
1596115800,85.46000,86.11000,84.54000,85.51000,2794700
1596202200,84.53000,84.61000,82.06000,83.83000,3922500
1596461400,83.26000,84.19000,81.30000,83.52000,3360500
1596547800,83.42000,86.27000,82.62000,86.10000,2981200
1596634200,87.72000,87.93000,85.88000,87.27000,2198700
1596720600,86.46000,91.22000,85.95000,90.39000,3763800
1596807000,90.23000,94.05000,88.62000,93.78000,4949800
1597066200,94.25000,98.13000,93.30000,97.13000,5863800
1597152600,101.18000,101.62000,96.87000,97.01000,5372200
1597239000,99.21000,99.65000,95.39000,96.03000,3830200
1597325400,95.93000,98.50000,95.54000,96.50000,2158500
1597411800,97.25000,97.67000,95.96000,96.01000,3407000
1597671000,97.22000,97.50000,95.16000,95.72000,2096000
1597757400,95.52000,95.84000,93.43000,94.44000,1718100
1597843800,94.91000,95.84000,93.67000,94.00000,1536900
1597930200,92.46000,95.63000,92.07000,94.02000,2240200
1598016600,93.81000,97.03000,93.50000,95.27000,2069200
1598275800,96.01000,98.57000,95.00000,97.89000,2791700
1598362200,98.83000,100.38000,97.52000,98.77000,2302700
1598448600,98.34000,98.57000,96.33000,97.38000,2158300
1598535000,99.25000,103.32000,99.00000,101.79000,3856900
1598621400,102.96000,106.61000,101.95000,106.26000,3661000
1598880600,105.25000,105.96000,102.84000,102.91000,2881400
1598967000,101.48000,104.58000,100.76000,103.09000,1917500
1599053400,103.28000,104.84000,102.40000,104.39000,2101300
1599139800,104.99000,107.90000,102.21000,103.09000,2956200
1599226200,104.89000,107.04000,103.21000,104.82000,2855800
1599571800,103.00000,107.15000,102.37000,103.98000,2745900
1599658200,103.81000,103.94000,100.83000,102.01000,2630100
1599744600,102.94000,105.38000,100.11000,100.38000,2263100
1599831000,100.94000,101.11000,97.39000,99.26000,2637800
1600090200,100.88000,104.91000,100.55000,104.68000,2729300
1600176600,104.98000,106.36000,103.22000,105.39000,1922000
1600263000,106.11000,108.89000,104.44000,107.76000,3004200
1600349400,105.77000,107.13000,103.70000,104.41000,2763100
1600435800,103.37000,103.94000,99.58000,99.88000,5327700
1600695000,95.96000,96.40000,91.40000,93.02000,4863200
1600781400,93.51000,95.53000,93.00000,95.50000,3605400
1600867800,96.35000,97.86000,92.62000,92.94000,2788300
1600954200,92.27000,93.58000,90.48000,91.35000,4025900
1601040600,90.33000,93.43000,90.27000,92.99000,2318000
1601299800,95.05000,97.39000,93.94000,96.00000,2965400
1601386200,96.19000,96.19000,92.81000,93.22000,2216600
1601472600,94.41000,96.02000,92.15000,92.58000,2921800
1601559000,93.22000,94.95000,92.51000,94.35000,2182100
1601645400,91.70000,95.62000,91.44000,95.25000,2199000
1601904600,95.78000,97.24000,95.13000,96.78000,2153100
1601991000,98.13000,100.34000,96.52000,96.92000,3023200
1602077400,98.24000,99.94000,98.01000,99.01000,1845500
1602163800,99.81000,100.44000,98.21000,100.31000,1799200
1602250200,101.29000,102.09000,99.26000,99.34000,1673600
1602509400,99.46000,101.11000,98.84000,100.71000,2318400
1602595800,99.24000,99.53000,96.91000,98.24000,2738900
1602682200,98.54000,99.20000,96.56000,97.07000,2448000
1602768600,96.29000,97.29000,94.77000,97.07000,1884100
1602855000,97.33000,98.99000,96.80000,97.76000,1707000
1603114200,98.52000,98.52000,93.64000,93.94000,2073200
1603200600,95.30000,97.09000,94.20000,96.09000,1783000
1603287000,95.53000,96.02000,94.31000,95.15000,1512200
1603373400,96.10000,101.21000,95.64000,100.82000,3033000
1603459800,101.71000,102.27000,100.18000,101.76000,2032600
1603719000,99.50000,99.51000,94.42000,96.02000,2912900
1603805400,96.47000,96.87000,93.35000,93.46000,2512000
1603891800,91.57000,92.52000,88.92000,89.97000,4302400
1603978200,89.99000,93.77000,89.01000,93.33000,2728900
1604064600,92.05000,94.03000,90.55000,92.88000,2732200
1604327400,93.00000,93.39000,91.60000,92.90000,2320100
1604413800,94.26000,97.19000,93.89000,96.09000,2658400
1604500200,97.42000,100.56000,95.13000,98.04000,3274500
1604586600,98.73000,102.89000,98.13000,100.91000,3572800
1604673000,102.00000,104.65000,101.50000,103.89000,4168000
1604932200,123.05000,131.89999,113.60000,118.30000,14217300
1605018600,117.20000,119.80000,115.92000,118.48000,4883900
1605105000,117.54000,118.20000,115.07000,116.39000,3846800
1605191400,114.60000,116.31000,111.87000,115.34000,3113900
1605277800,116.31000,120.13000,115.65000,120.00000,2804700
1605537000,125.70000,125.70000,121.65000,123.76000,4596300
1605623400,123.63000,123.66000,120.36000,122.78000,2924400
1605709800,122.26000,124.22000,120.22000,120.34000,2370100
1605796200,120.35000,121.71000,119.53000,121.11000,2034800
1605882600,120.65000,121.91000,119.21000,119.28000,5292100
1606141800,120.95000,123.42000,120.57000,123.09000,2183300
1606228200,126.29000,131.35001,125.36000,130.91000,5305200
1606314600,129.87000,130.25000,127.76000,129.22000,2086600
1606487400,128.00000,130.74001,127.20000,128.35001,1365800
1606746600,127.92000,128.31000,124.88000,126.87000,2094500
1606833000,129.50000,129.67000,127.67000,128.52000,1891300
1606919400,128.11000,130.64000,127.68000,128.72000,1955100
1607005800,129.96001,134.67000,129.10001,132.32001,2694000
1607092200,133.64000,135.84000,132.77000,135.61000,1923200
1607351400,134.88000,135.28999,132.16000,132.96001,1766100
1607437800,131.50000,134.17000,131.05000,132.55000,1552800
1607524200,133.92999,134.34000,129.32001,130.47000,2786900
1607610600,129.86000,132.41000,128.88000,131.77000,1791300
1607697000,130.66000,131.81000,127.64000,128.50999,2171900
1607956200,131.28999,131.42999,126.43000,126.62000,1889000
1608042600,129.35001,130.49001,126.84000,130.36000,1811500
1608129000,130.60001,130.92000,128.74001,130.44000,1752500
1608215400,130.78000,132.39999,128.67000,130.28999,1818200
1608301800,130.34000,130.91000,128.27000,128.82001,3376400
1608561000,125.79000,128.14999,123.78000,127.32000,2186900
1608647400,126.54000,127.28000,124.44000,126.26000,1497400
1608733800,127.06000,129.08000,126.74000,128.61000,1624400
1608820200,128.62000,128.98000,127.50000,128.75000,592100
1609165800,130.25000,130.57001,128.12000,128.32001,1330200
1609252200,129.49001,131.33000,128.39999,129.00000,1685100
1609338600,129.21001,131.35001,128.50000,130.47000,1284400
1609425000,130.28999,132.52000,128.83000,131.92000,1537300
1609770600,131.50999,132.11000,123.36000,124.77000,3992000
1609857000,123.93000,127.31000,123.58000,126.09000,1428900
1609943400,124.84000,130.73000,124.84000,129.39000,2280000
1610029800,129.25999,131.19000,129.14000,130.35001,1909800
1610116200,131.20000,132.19000,128.98000,129.69000,1485400
1610375400,127.75000,129.25000,127.07000,128.66000,1692300
1610461800,127.89000,128.60001,126.10000,127.39000,2927900
1610548200,126.81000,127.32000,124.39000,126.51000,2715000
1610634600,128.35001,130.63000,127.26000,128.92999,1886600
1610721000,128.23000,128.38000,125.74000,126.80000,1698100
1611066600,127.33000,128.23000,125.46000,126.86000,1587300
1611153000,126.03000,127.64000,125.03000,126.73000,1990100
1611239400,126.01000,127.69000,124.52000,126.62000,1771600
1611325800,125.27000,126.27000,122.78000,122.90000,2155300
1611585000,122.39000,122.59000,116.90000,119.62000,4417500
1611671400,120.38000,121.44000,119.30000,120.44000,1966400
1611757800,118.69000,120.39000,115.95000,117.47000,3939600
1611844200,120.01000,123.47000,120.01000,120.71000,3559900
1611930600,119.75000,119.97000,115.50000,116.31000,4896800
1612189800,117.95000,119.77000,117.08000,117.75000,2227400
1612276200,119.47000,122.56000,118.99000,122.10000,2591700
1612362600,122.00000,124.77000,121.85000,123.35000,2256800
1612449000,124.01000,125.85000,123.31000,125.45000,1868900
1612535400,126.99000,129.52000,126.98000,129.48000,2807100
1612794600,130.14999,130.82001,126.70000,129.09000,2187800
1612881000,129.28999,129.28999,126.10000,127.05000,1404100
1612967400,127.07000,128.92999,126.16000,126.75000,1699900
1613053800,127.56000,128.74001,125.03000,126.65000,1929300
1613140200,125.74000,129.78999,125.56000,129.48000,1741100
1613485800,130.00999,131.09000,128.58000,130.39999,2443800
1613572200,128.39999,133.25999,127.53000,131.34000,2904800
1613658600,128.25999,132.77000,127.54000,131.98000,2620400
1613745000,131.28000,137.58000,131.28000,136.28000,2855700
1614004200,139.20000,145.42999,138.67000,142.56000,5314900
1614090600,145.00000,149.67000,142.14999,149.55000,5632800
1614177000,149.50000,157.60001,149.39000,157.50000,5865800
1614263400,156.25999,159.98000,148.80000,150.09000,5147300
1614349800,150.28000,152.23000,145.80000,148.07001,4107600
1614609000,151.03000,151.03000,147.97000,148.47000,2284600
1614695400,147.14000,149.78000,145.87000,148.95000,2892900
1614781800,149.50999,150.33000,146.28000,146.31000,2334300
1614868200,147.23000,147.62000,139.60001,144.77000,4121800
1614954600,146.66000,147.39000,138.97000,146.92000,3040600
1615213800,149.57001,153.05000,146.32001,150.44000,3123700
1615300200,151.24001,151.41000,146.66000,147.00000,2955900
1615386600,147.39999,150.81000,146.83000,147.14000,2262500
1615473000,147.14000,150.64000,145.75999,148.83000,2247300
1615559400,149.35001,151.91000,148.12000,150.20000,1688100
1615815000,152.49001,154.05000,150.25000,153.56000,2564800
1615901400,153.56000,154.14999,149.53999,150.63000,1720100
1615987800,149.85001,156.14999,149.77000,155.95000,2756600
1616074200,154.57001,157.64000,152.10001,154.28999,2840000
1616160600,152.59000,153.44000,149.03999,152.28000,5444000
1616419800,150.55000,152.25000,149.38000,151.50000,2595600
1616506200,149.67999,149.70000,141.39999,142.42000,4233200
1616592600,144.20000,147.64999,143.19000,143.28000,2869500
1616679000,141.84000,146.96001,139.41000,146.57001,2135000
1616765400,147.35001,147.53999,142.81000,146.82001,2726400
1617024600,146.00000,146.80000,143.14999,144.60001,2578000
1617111000,144.78999,149.67999,144.53000,148.23000,2753500
1617197400,148.96001,150.34000,147.03000,148.11000,2352400
1617283800,148.27000,149.33000,146.57001,148.27000,2082400
1617629400,150.50000,153.23000,150.24001,150.92999,2352400
1617715800,150.99001,152.77000,150.73000,151.62000,1754300
1617802200,152.25000,152.41000,148.07001,148.81000,1577100
1617888600,148.50000,149.94000,146.78999,149.44000,1522300
1617975000,148.27000,149.00000,146.07001,148.48000,1601700
1618234200,148.47000,149.45000,146.89999,149.35001,1305800
1618320600,148.11000,149.16000,145.99001,148.81000,1865500
1618407000,149.09000,151.94000,148.70000,149.59000,1676600
1618493400,149.80000,150.62000,148.46001,149.17999,1412700
1618579800,150.12000,151.32001,147.70000,148.63000,2718400
1618839000,148.00000,148.92999,146.85001,147.89999,1209800
1618925400,146.47000,146.47000,140.05000,141.97000,2763200
1619011800,141.70000,145.39999,140.87000,144.75999,2527100
1619098200,144.67000,149.27000,143.32001,146.64000,2251300
1619184600,147.03999,148.72000,145.80000,148.36000,1240600
1619443800,149.50000,150.74001,147.75999,148.48000,1177200
1619530200,148.96001,150.35001,148.19000,149.74001,1570400
1619616600,149.58000,150.25000,148.58000,149.45000,1230100
1619703000,151.31000,152.99001,148.75000,151.03000,1460600
1619789400,149.10001,150.02000,146.53999,148.52000,1759500
1620048600,149.32001,150.16000,148.33000,148.89000,1413200
1620135000,148.27000,148.27000,144.33000,147.61000,1794600
1620221400,147.82001,148.92000,144.17999,144.50999,1854800
1620307800,144.58000,144.58000,140.58000,142.59000,2180500
1620394200,143.00000,146.89000,142.50000,146.69000,2969200
1620653400,144.87000,145.39999,140.60001,140.66000,4140800
1620739800,139.58000,141.94000,138.38000,141.71001,3166700
1620826200,140.48000,141.31000,135.35001,135.94000,2762000
1620912600,136.56000,140.39000,136.56000,139.27000,2363700
1620999000,140.42000,143.80000,139.08000,143.28999,2200300
1621258200,143.25999,143.25999,138.24001,139.86000,1741400
1621344600,140.87000,142.99001,139.75999,139.77000,1518400
1621431000,137.86000,139.50000,136.34000,139.42999,1593200
1621517400,139.80000,139.96001,137.59000,138.98000,2098300
1621603800,139.71001,140.74001,138.57001,139.00999,1846600
1621863000,140.08000,142.21001,139.11000,141.89000,1420200
1621949400,142.45000,144.24001,141.98000,142.78999,1665400
1622035800,144.03000,145.27000,142.88000,144.47000,1440400
1622122200,145.42000,146.00000,143.49001,145.84000,1936500
1622208600,145.63000,145.71001,143.00999,143.58000,1711700
1622554200,145.39999,146.92999,144.31000,145.17999,1687800
1622640600,145.99001,146.05000,142.33000,142.63000,2284500
1622727000,141.74001,141.89999,139.66000,140.39999,1921600
1622813400,141.63000,142.50000,140.64000,142.06000,1651300
1623072600,143.03999,143.25000,141.87000,142.48000,2196300
1623159000,142.80000,146.38000,142.58000,145.72000,1900100
1623245400,146.38000,146.50000,143.39000,143.82001,1541000
1623331800,144.17999,144.75000,142.61000,143.97000,1544800
1623418200,144.00000,144.64000,142.92999,143.48000,1444000
1623677400,143.69000,144.53000,142.89999,143.89999,1245500
1623763800,143.62000,144.46001,143.57001,144.11000,1232200
1623850200,143.97000,144.59000,142.00000,143.21001,1431400
1623936600,143.28999,144.86000,141.74001,141.78999,1578800
1624023000,140.23000,140.63000,138.47000,138.83000,3027200
1624282200,139.77000,143.00000,138.83000,142.88000,2328300
1624368600,142.00000,142.49001,140.69000,141.39999,1637500
1624455000,140.84000,141.70000,140.28000,141.10001,1346300
1624541400,142.08000,142.70000,139.94000,140.78999,1936500
1624627800,141.02000,141.32001,139.25999,140.14000,6295600
1624887000,139.33000,139.46001,134.50999,135.87000,2892100
1624973400,136.00000,136.81000,134.42000,135.00000,1936000
1625059800,135.00000,137.35001,134.92000,136.52000,2222400
1625146200,137.22000,139.59000,136.86000,139.24001,3448300
1625232600,139.75000,141.75000,139.09000,141.25999,2072900
1625578200,141.48000,141.89000,138.64999,140.13000,2464700
1625664600,139.50000,141.17999,136.70000,139.61000,1753200
1625751000,136.87000,139.10001,134.89000,137.64000,2304400
1625837400,138.25999,142.71001,138.00000,142.48000,2119800
1626096600,141.03000,142.73000,140.35001,141.77000,2143200
1626183000,140.95000,141.72000,138.16000,138.34000,1859100
1626269400,138.75999,140.67000,137.21001,139.63000,1844700
1626355800,139.39999,140.22000,138.13000,139.53000,1383500
1626442200,140.66000,141.20000,134.89000,135.05000,1984800
1626701400,130.85001,132.89999,127.23000,130.85001,4067600
1626787800,131.28000,135.92000,130.34000,135.03000,2227300
1626874200,135.42999,141.07001,135.42999,140.36000,2798400
1626960600,139.46001,139.91000,137.28000,138.50000,1755400
1627047000,138.77000,139.99001,138.21001,139.17999,1731600
1627306200,139.73000,142.59000,138.14999,142.49001,1781600
1627392600,141.25000,143.49001,140.52000,143.45000,1668700
1627479000,144.13000,145.31000,141.22000,144.57001,1649200
1627565400,145.39000,149.80000,143.34000,147.88000,2612500
1627651800,146.38000,147.96001,144.69000,145.98000,2115900
1627911000,147.06000,148.67000,144.14999,144.87000,2409800
1627997400,145.64999,145.72000,139.34000,142.63000,2849100
1628083800,141.00000,141.00000,136.81000,137.97000,3217700
1628170200,139.03999,142.94000,138.46001,141.72000,2250400
1628256600,141.64999,142.20000,139.35001,141.59000,2099800
1628515800,141.02000,141.14000,135.74001,137.11000,3074900
1628602200,136.95000,139.17000,136.37000,137.99001,1938900
1628688600,137.38000,138.89000,136.14999,138.12000,1131600
1628775000,137.55000,138.03000,134.24001,134.77000,2238600
1628861400,135.11000,135.45000,133.59000,134.38000,1728000
1629120600,133.46001,134.30000,131.35001,133.13000,1626200
1629207000,131.17999,131.49001,129.02000,130.36000,2292000
1629293400,130.25000,132.47000,129.38000,130.00000,1915400
1629379800,128.99001,130.38000,127.58000,130.25999,2393700
1629466200,129.55000,131.53000,129.02000,131.14999,1761800
1629725400,132.30000,134.17000,132.25999,134.14999,1983000
1629811800,135.09000,137.74001,134.98000,136.89000,1966200
1629898200,137.32001,137.58000,135.13000,136.89999,1357500
1629984600,136.00000,136.41000,133.17000,133.67000,1523900
1630071000,133.62000,136.75999,133.61000,136.02000,1221000
1630330200,136.28999,136.46001,134.03999,135.10001,1477500
1630416600,134.46001,135.96001,133.42999,135.14000,1762900
1630503000,136.30000,136.47000,134.21001,134.83000,1738600
1630589400,135.24001,136.88000,133.92000,135.39999,1072600
1630675800,134.39000,135.30000,131.66000,133.00000,1354800
1631021400,132.42000,134.39999,131.84000,134.05000,1255700
1631107800,134.49001,134.96001,131.71001,133.78000,2281300
1631194200,133.61000,137.50000,133.16000,136.09000,2072600
1631280600,136.71001,137.72000,134.49001,135.64000,1574500
1631539800,136.96001,140.58000,135.94000,139.98000,1923400
1631626200,139.97000,142.69000,139.00000,142.34000,2159400
1631712600,141.53999,145.09000,140.05000,144.67999,3068200
1631799000,144.39999,146.00999,143.83000,144.80000,1966800
1631885400,145.02000,145.63000,143.66000,143.89999,2650200
1632144600,142.50999,143.12000,139.75999,142.82001,2375400
1632231000,143.70000,144.53999,141.22000,142.00999,1707300
1632317400,142.75999,145.78999,142.35001,144.39999,1543100
1632403800,144.69000,150.17999,144.39999,149.91000,2913800
1632490200,149.23000,152.75000,149.06000,152.50999,1881600
1632749400,152.63000,155.78000,152.53000,154.32001,1890900
1632835800,153.13000,155.30000,152.23000,153.59000,2151600
1632922200,154.30000,154.39000,150.67999,151.91000,1535500
1633008600,152.13000,152.13000,147.64000,148.09000,2030900
1633095000,150.75000,157.28000,150.27000,155.97000,4710000
1633354200,155.86000,158.75999,154.33000,155.14000,1860400
1633440600,155.25000,156.52000,153.35001,155.44000,1744900
1633527000,153.50999,155.46001,151.82001,155.31000,1667000
1633613400,157.03000,159.66000,156.06000,157.75000,1862000
1633699800,157.99001,158.74001,156.42999,157.09000,1193900
1633959000,157.41000,159.77000,156.57001,156.82001,1677800
1634045400,156.60001,158.23000,155.97000,157.45000,1995800
1634131800,158.23000,158.45000,154.16000,154.62000,1973100
1634218200,155.87000,156.53999,154.07001,155.22000,1978400
1634304600,157.11000,161.42000,157.00000,160.03999,2801300
1634563800,159.00000,160.44000,158.22000,159.21001,1541900
1634650200,158.00000,158.89999,154.49001,155.02000,2619500
1634736600,154.75000,155.19000,152.64999,153.27000,2402900
1634823000,153.55000,155.78000,152.84000,155.64999,1192800
1634909400,155.31000,155.96001,154.13000,154.75000,996300
1635168600,155.28000,156.17000,153.45000,154.78999,1434300
1635255000,156.64999,157.61000,155.17000,156.03999,1804300
1635341400,155.07001,160.56000,154.17999,159.80000,2100300
1635427800,159.56000,162.31000,158.25999,159.97000,2317600
1635514200,159.00000,161.05000,157.45000,160.02000,2025400
1635773400,160.39999,162.14999,159.28999,161.83000,2177900
1635859800,160.95000,161.92000,158.33000,160.06000,2615800
1635946200,160.75999,166.82001,157.07001,164.53000,3158400
1636032600,166.02000,166.02000,162.71001,164.09000,1863800
1636119000,169.39999,171.67999,166.23000,167.61000,2955400
1636381800,170.33000,170.84000,167.33000,168.39000,2476600
1636468200,168.05000,168.05000,162.39000,164.77000,1774500
1636554600,163.48000,164.50000,159.59000,160.99001,1554800
1636641000,160.62000,161.00000,156.62000,156.87000,1664900
1636727400,157.50000,158.95000,155.53000,156.48000,1914100
1636986600,157.03999,157.78999,154.88000,155.67999,1378600
1637073000,155.13000,155.58000,152.81000,153.99001,2137700
1637159400,153.27000,156.91000,152.33000,156.72000,1965600
1637245800,156.77000,157.74001,154.84000,155.73000,1126800
1637332200,153.98000,156.09000,150.25999,154.92000,1879800
1637591400,156.16000,157.14999,152.78999,156.41000,2268900
1637677800,157.38000,158.45000,156.14000,157.44000,1926300
1637764200,156.12000,158.07001,153.39999,157.61000,1532800
1637937000,146.64999,147.75999,140.55000,147.44000,4264500
1638196200,149.70000,154.55000,149.70000,150.77000,3155000
1638282600,148.56000,149.00000,145.70000,147.56000,3465900
1638369000,150.25999,152.07001,142.11000,142.50000,3198900
1638455400,143.37000,152.59000,143.13000,151.12000,3099000
1638541800,151.57001,152.22000,146.80000,149.98000,3104600
1638801000,152.22000,159.48000,152.22000,156.70000,2421800
1638887400,158.49001,162.17999,155.70000,156.53000,2416600
1638973800,157.46001,159.57001,155.81000,157.64000,1618500
1639060200,156.25999,158.48000,155.36000,157.14999,1103100
1639146600,158.21001,160.95000,156.02000,160.81000,1705600
1639405800,159.07001,159.67999,153.42000,153.67999,2362800
1639492200,152.77000,155.94000,152.55000,154.00999,1548800
1639578600,152.99001,153.92999,148.64999,151.17999,2228000
1639665000,151.16000,153.12000,150.09000,150.75999,2738400
1639751400,149.38000,151.83000,147.50999,150.19000,3592300
1640010600,146.99001,151.24001,145.78999,149.67999,2765600
1640097000,150.92000,158.70000,150.92000,158.32001,2269300
1640183400,158.56000,163.23000,158.36000,162.58000,2001000
1640269800,164.25000,165.78999,162.53999,165.19000,1528900
1640615400,164.47000,167.09000,163.45000,166.71001,1139900
1640701800,165.91000,167.66000,165.28000,166.75000,1297200
1640788200,166.35001,167.58000,165.50000,166.55000,905600
1640874600,166.55000,167.98000,164.73000,164.86000,840900
1640961000,164.85001,166.17999,164.07001,165.24001,902700
1641220200,165.07001,166.41000,161.23000,163.91000,1836800
1641306600,166.77000,171.16000,165.80000,168.00999,2131600
1641393000,168.27000,169.00000,164.33000,164.37000,1656700
1641479400,165.30000,166.46001,164.23000,165.22000,1421600
1641565800,166.00000,168.75000,164.69000,166.66000,1508800
1641825000,167.25000,167.88000,160.13000,162.05000,2228400
1641911400,161.97000,165.64999,160.07001,165.20000,2141100
1641997800,166.35001,166.87000,162.66000,164.86000,1606400
1642084200,164.94000,167.30000,164.10001,164.50999,1619700
1642170600,163.89000,164.42000,159.72000,162.80000,1886400
1642516200,160.12000,161.11000,157.67999,159.50999,2087600
1642602600,159.92999,159.98000,154.11000,154.20000,2396300
1642689000,155.55000,161.69000,155.37000,156.70000,2160400
1642775400,156.70000,160.20000,154.50000,156.99001,4745500
1643034600,154.00000,156.50000,150.92999,155.74001,3537700
1643121000,153.95000,158.25000,150.35001,157.03000,2197200
1643207400,158.03999,164.00000,156.69000,158.73000,2345800
1643293800,159.63000,160.86000,152.13000,153.71001,2184100
1643380200,154.00000,159.50999,152.75000,159.38000,1930400
1643639400,158.53999,161.28999,157.24001,161.12000,1972100
1643725800,161.12000,163.67999,160.33000,163.02000,1755100
1643812200,163.34000,163.64000,160.11000,160.87000,3912500
1643898600,160.00000,164.49001,160.00000,162.00999,2920000
1643985000,161.00999,163.71001,158.92000,162.74001,2204700
1644244200,163.12000,167.24001,162.75000,166.03999,2003300
1644330600,167.06000,172.03999,165.30000,171.55000,2553000
1644417000,172.56000,176.52000,172.03000,173.53000,2100300
1644503400,170.89000,176.48000,170.00999,174.67999,2122100
1644589800,175.16000,177.23000,168.67999,169.88000,2819100
1644849000,170.55000,174.39999,169.42000,171.33000,2675200
1644935400,175.89999,181.34000,174.53999,181.20000,4264300
1645021800,178.31000,184.99001,178.00000,183.25999,3263800
1645108200,180.17000,181.78000,177.71001,178.17000,3356300
1645194600,177.58000,179.53999,174.72000,174.92000,2882400
1645540200,174.62000,175.82001,169.81000,173.12000,2744000
1645626600,174.14000,174.55000,167.37000,167.97000,3494800
1645713000,163.06000,169.55000,162.95000,168.75000,4332700
1645799400,170.53000,174.60001,168.42999,174.37000,2805800
1646058600,170.39000,172.49001,167.53000,170.14000,2574400
1646145000,168.70000,170.00999,163.88000,164.91000,2886100
1646231400,167.58000,171.00999,166.91000,168.23000,2159600
1646317800,169.74001,171.53000,164.45000,165.47000,2444900
1646404200,163.00000,163.92999,156.75999,159.28000,2858200
1646663400,159.22000,159.22000,147.92999,148.06000,3769100
1646749800,148.92000,159.11000,146.07001,152.78999,4939400
1646836200,158.20000,162.56000,157.74001,159.47000,3509600
1646922600,156.55000,164.22000,156.05000,162.56000,2573300
1647009000,164.35001,165.53000,161.30000,161.64000,2316300
1647264600,162.27000,164.13000,160.11000,161.75999,1917600
1647351000,163.92999,167.33000,163.64999,166.39999,2297300
1647437400,168.19000,172.50000,167.03000,172.28999,2300300
1647523800,170.33000,171.25000,168.13000,171.24001,1582300
1647610200,170.25999,173.44000,167.64999,171.19000,3542300
1647869400,169.95000,170.22000,167.85001,169.95000,1770400
1647955800,171.67000,172.88000,169.98000,170.57001,2004100
1648042200,169.41000,170.98000,167.20000,167.64999,2709100
1648128600,169.00000,171.99001,167.20000,171.98000,1795800
1648215000,172.00000,173.69000,170.75000,171.52000,1427600
1648474200,172.10001,172.57001,169.14000,171.56000,1215600
1648560600,174.24001,178.97000,174.10001,178.32001,2200900
1648647000,177.53999,179.12000,175.39999,176.45000,2285200
1648733400,177.19000,179.30000,175.72000,175.75000,2368900
1648819800,176.92000,178.38000,172.61000,173.67999,1900400
1649079000,173.37000,175.03999,171.62000,174.64999,1394900
1649165400,174.41000,176.61000,172.00000,174.00000,1545100
1649251800,171.75999,171.75999,165.62000,166.17000,2180100
1649338200,165.58000,166.62000,162.36000,164.66000,2608600
1649424600,163.61000,165.31000,162.39999,163.86000,1522400
1649683800,161.96001,165.56000,161.66000,162.45000,1402500
1649770200,164.63000,165.96001,162.28000,163.24001,1549700
1649856600,164.16000,176.25000,164.00999,175.53999,3343800
1649943000,176.20000,181.52000,176.20000,180.50999,3631700
1650288600,179.23000,184.95000,179.23000,183.14999,2961100
1650375000,182.28000,189.55000,182.05000,188.78000,2775100
1650461400,189.00000,193.78999,188.78000,190.30000,3500700
1650547800,193.53999,195.89999,183.70000,184.17000,2905600
1650634200,183.75999,184.17000,178.94000,179.49001,1872900
1650893400,178.87000,182.69000,177.00999,182.48000,2368300
1650979800,181.00000,183.17999,176.82001,177.25000,2085100
1651066200,177.92999,181.83000,175.91000,180.20000,1808900
1651152600,181.72000,186.17000,180.07001,184.56000,2335500
1651239000,182.97000,185.13000,176.96001,177.52000,2605500
1651498200,178.95000,180.32001,173.28000,178.14000,2590000
1651584600,178.64999,178.69000,170.78999,173.03999,4135800
1651671000,176.00000,181.57001,172.32001,181.24001,4283900
1651757400,179.69000,183.50999,175.17999,177.66000,3174400
1651843800,178.17999,178.53999,169.28000,172.52000,2764100
1652103000,170.98000,170.98000,162.10001,163.85001,4058300
1652189400,168.06000,170.24001,164.92999,168.09000,2594500
1652275800,167.62000,172.49001,165.78999,166.96001,2973800
1652362200,165.47000,167.31000,159.96001,163.34000,2619600
1652448600,166.00000,167.48000,163.75000,166.39999,2772300
1652707800,165.70000,166.39000,161.39999,162.33000,2367900
1652794200,166.33000,167.32001,162.50000,164.86000,2302300
1652880600,162.73000,164.38000,153.00999,154.02000,3748400
1652967000,153.28999,159.59000,152.25000,156.94000,2228000
1653053400,159.42000,159.63000,151.42999,155.23000,2105800
1653312600,156.47000,159.16000,153.32001,157.96001,1832300
1653399000,155.67999,156.69000,149.75999,152.64000,2303600
1653485400,151.39000,160.35001,150.77000,159.55000,3079800
1653571800,160.35001,171.69000,160.35001,170.17000,3693100
1653658200,170.45000,177.00000,170.45000,172.56000,2387200
1654003800,171.05000,172.89000,168.33000,171.58000,2224800
1654090200,172.53999,174.00000,167.86000,170.59000,1729700
1654176600,170.75000,174.58000,170.38000,174.42000,1749800
1654263000,172.78999,175.39999,171.85001,174.64999,1370300
1654522200,177.00000,179.24001,175.30000,177.61000,1394700
1654608600,175.77000,177.83000,173.67000,177.17999,1336400
1654695000,175.27000,175.67999,171.77000,173.19000,1693500
1654781400,173.08000,173.08000,167.64000,167.64999,1449300
1654867800,165.03000,167.02000,159.75999,159.87000,2736300
1655127000,154.00000,154.57001,149.87000,152.10001,4029800
1655213400,153.86000,154.73000,150.28000,152.22000,2667200
1655299800,154.75999,157.16000,153.12000,154.80000,2051200
1655386200,149.85001,150.80000,144.59000,145.16000,2610900
1655472600,145.84000,147.64000,142.80000,145.23000,3277500
1655818200,147.83000,147.99001,141.17000,141.58000,3357100
1655904600,139.44000,141.58000,135.99001,136.46001,4112900
1655991000,137.67000,137.70000,131.00999,133.06000,3285700
1656077400,135.00000,141.07001,133.25999,139.39000,3075900
1656336600,139.60001,141.09000,138.34000,140.19000,2056500
1656423000,142.73000,146.06000,138.50999,138.69000,2241100
1656509400,138.69000,139.62000,135.72000,137.73000,2621600
1656595800,135.12000,138.14000,133.07001,136.00999,3379200
1656682200,135.74001,139.25000,134.62000,139.17999,2039900
1657027800,135.92000,138.75000,133.99001,138.69000,2367000
1657114200,138.95000,139.71001,133.53999,135.64999,1880400
1657200600,137.47000,139.81000,136.97000,138.67999,2017100
1657287000,138.67999,138.83000,135.56000,137.80000,1631400
1657546200,137.10001,138.52000,135.14999,137.75999,2161700
1657632600,136.92999,141.25000,136.92999,139.12000,1691700
1657719000,136.25999,142.11000,135.70000,140.80000,2337100
1657805400,137.96001,141.25999,137.95000,140.78000,2398100
1657891800,142.61000,144.44000,141.64999,143.35001,2072300
1658151000,145.19000,149.02000,143.69000,144.59000,2028500
1658237400,146.09000,151.25999,145.94000,150.92000,2531000
1658323800,150.77000,153.52000,150.00000,152.60001,1932200
1658410200,151.00000,151.89000,147.75999,151.00000,1777400
1658496600,152.50999,154.74001,150.28999,150.91000,2259700
1658755800,152.81000,153.39999,150.20000,152.99001,1543200
1658842200,152.09000,152.80000,150.56000,151.03999,2032500
1658928600,155.08000,159.24001,154.84000,157.60001,2660100
1659015000,158.13000,159.61000,154.86000,158.09000,1708600
1659101400,157.52000,159.83000,156.63000,158.82001,1937000
1659360600,158.00000,160.02000,156.39000,159.57001,2051000
1659447000,162.20000,162.22000,155.58000,158.24001,3114000
1659533400,159.30000,161.07001,158.61000,159.34000,1791100
1659619800,159.42999,159.78000,157.17999,158.99001,1337600
1659706200,157.73000,159.19000,155.92999,157.00999,2146100
1659965400,157.57001,161.17999,157.39000,158.27000,1444800
1660051800,158.07001,159.57001,156.67000,158.78999,1499500
1660138200,161.82001,162.80000,160.28999,161.24001,1480500
1660224600,163.53999,164.34000,160.70000,161.13000,1324400
1660311000,162.00000,164.36000,160.89000,164.07001,1610200
1660570200,162.12000,164.39999,161.70000,163.17999,1304900
1660656600,162.78999,166.56000,162.48000,166.24001,1869600
1660743000,163.99001,164.72000,161.88000,163.57001,1452000
1660829400,163.67000,165.49001,163.03000,165.05000,1093200
1660915800,163.42999,164.25000,160.89000,161.38000,1401900
1661175000,158.25999,159.72000,157.47000,157.92000,1417900
1661261400,158.36000,160.56000,158.35001,158.64000,1423800
1661347800,157.80000,160.53000,157.80000,159.92999,1892300
1661434200,161.27000,163.24001,160.64999,162.67000,1274100
1661520600,163.07001,163.86000,156.25000,156.69000,1747700
1661779800,154.98000,156.78999,154.46001,155.72000,1555500
1661866200,156.72000,157.28999,153.00000,153.34000,1987500
1661952600,154.25000,155.91000,153.34000,153.74001,2241900
1662039000,152.42999,154.17000,149.89999,153.95000,2297000
1662125400,155.00000,157.69000,153.42999,154.23000,1855000
1662471000,155.21001,156.25000,150.50000,152.37000,1680800
1662557400,152.70000,157.94000,152.30000,157.60001,2240900
1662643800,156.38000,159.45000,155.52000,159.39999,1690800
1662730200,160.39000,162.77000,160.20000,162.36000,1392400
1662989400,163.95000,165.00000,162.80000,163.78000,1602100
1663075800,158.99001,161.75000,157.03999,157.88000,2261000
1663162200,158.00000,162.67999,156.64999,162.53999,1790000
1663248600,163.44000,166.55000,161.73000,162.50999,1862700
1663335000,160.32001,160.32001,153.28000,154.92000,3370000
1663594200,152.95000,158.22000,152.66000,157.36000,1972600
1663680600,156.72000,158.41000,154.84000,157.00999,2102900
1663767000,156.31000,156.50000,148.14999,148.17000,3281200
1663853400,147.03000,147.46001,139.66000,140.11000,3542500
1663939800,138.14999,138.32001,135.89999,137.48000,2414600
1664199000,137.78000,140.21001,136.02000,136.22000,1946900
1664285400,139.39999,141.11000,136.89000,138.67999,2251200
1664371800,139.06000,144.56000,138.50999,143.82001,2085100
1664458200,141.98000,142.32001,138.98000,140.50999,1871000
1664544600,139.89999,143.98000,138.27000,140.14000,2100800
1664803800,142.09000,142.66000,138.71001,140.80000,2107000
1664890200,144.39000,148.72000,143.39999,147.56000,2128600
1664976600,145.30000,148.21001,144.82001,147.17999,1489000
1665063000,146.77000,148.27000,143.60001,144.07001,1653300
1665149400,141.92999,142.17000,139.31000,141.50000,2409100
1665408600,142.12000,143.41000,139.47000,140.50000,1509100
1665495000,140.84000,141.56000,137.25000,138.78999,1873800
1665581400,138.50000,143.25000,137.28999,141.87000,1855500
1665667800,138.75999,144.11000,137.25999,143.22000,2398500
1665754200,146.00999,147.84000,142.52000,143.53000,2076000
1666013400,146.99001,148.42999,145.84000,147.85001,2060000
1666099800,151.48000,153.88000,148.58000,149.99001,1870900
1666186200,148.64000,151.67000,148.64000,149.99001,1173800
1666272600,150.57001,153.17000,147.17000,147.52000,1408200
1666359000,146.71001,154.00999,146.50000,153.49001,2339400
1666618200,154.27000,156.47000,152.41000,154.98000,1967900
1666704600,154.36000,156.11000,153.11000,155.42999,1697100
1666791000,156.67000,158.82001,154.14999,155.03999,2464400
1666877400,156.78999,158.47000,156.00000,156.25000,1624700
1666963800,156.25000,160.00999,155.28999,159.64999,1796900
1667223000,158.75000,162.53999,158.14000,160.11000,2493000
1667309400,162.42000,163.00000,159.22000,160.07001,1573600
1667395800,158.96001,159.25999,152.30000,152.99001,2596000
1667482200,149.78999,150.81000,143.92000,146.48000,2929800
1667568600,149.44000,151.28000,147.34000,148.96001,3342900
1667831400,149.53999,150.03999,145.00000,148.35001,2039600
1667917800,149.07001,152.72000,148.45000,150.50000,1760100
1668004200,148.28000,153.16000,148.08000,149.57001,2136400
1668090600,155.81000,158.56000,155.80000,157.98000,2421900
1668177000,160.00000,164.89000,159.83000,163.78000,2634300
1668436200,162.00000,164.39999,159.25999,159.53000,2082600
1668522600,161.30000,163.20000,159.50999,161.77000,2003500
1668609000,161.75999,162.53999,160.39000,161.60001,2063500
1668695400,158.30000,160.06000,157.50000,159.97000,1647100
1668781800,162.16000,163.12000,160.45000,161.71001,1864900
1669041000,161.34000,162.75999,159.94000,160.53000,1322100
1669127400,160.89999,163.25999,159.56000,162.94000,1508800
1669213800,162.87000,163.50000,161.09000,161.48000,1455700
1669386600,161.57001,163.84000,161.25000,162.53000,918700
1669645800,161.74001,161.78999,158.67999,158.89000,1856400
1669732200,159.00000,162.14999,159.00000,161.25999,1824400
1669818600,160.60001,165.37000,159.52000,165.35001,2662800
1669905000,165.63000,167.17999,164.25000,165.19000,1874400
1669991400,163.00000,165.75999,162.50000,165.63000,1419300
1670250600,164.31000,164.77000,161.70000,162.03999,2180100
1670337000,161.94000,162.75000,158.88000,160.47000,1898200
1670423400,159.69000,160.31000,157.10001,157.28000,2199600
1670509800,158.66000,161.64999,158.02000,160.66000,1849600
1670596200,160.38000,162.52000,160.07001,161.16000,1264100
1670855400,161.00999,163.21001,159.46001,163.17000,1554500
1670941800,168.66000,169.05000,162.23000,163.12000,2177700
1671028200,161.25000,163.37000,157.42999,159.33000,2464700
1671114600,156.25000,157.05000,153.21001,155.41000,2517700
1671201000,154.07001,154.80000,152.44000,153.78999,4943500
1671460200,154.07001,154.38000,150.52000,151.37000,2019600
1671546600,150.89999,152.25000,150.12000,150.41000,1675400
1671633000,151.35001,152.09000,147.75000,148.75000,2284300
1671719400,147.23000,148.53000,145.37000,147.22000,1837200
1671805800,146.32001,148.89999,146.32001,148.58000,1067600
1672151400,149.02000,149.38000,147.94000,148.35001,1350000
1672237800,148.53000,149.37000,145.58000,145.60001,1321600
1672324200,146.92000,148.80000,146.25999,147.97000,1431900
1672410600,147.00999,149.05000,146.42000,148.89000,1541900
1672756200,149.85001,150.73000,147.10001,147.75000,1686200
1672842600,149.24001,151.24001,149.10001,149.86000,1731300
1672929000,149.00999,150.09000,147.96001,148.88000,1542300
1673015400,150.53999,153.91000,150.03000,153.38000,1589000
1673274600,151.75999,155.38000,151.64999,152.53000,1864500
1673361000,152.44000,153.78999,151.50000,153.16000,1275200
1673447400,154.16000,158.58000,153.92999,158.47000,1712500
1673533800,158.37000,160.59000,157.67999,159.99001,1627000
1673620200,159.59000,162.11000,159.17999,161.78000,1532600
1673965800,161.28000,162.57001,160.44000,160.99001,2570500
1674052200,162.30000,163.75000,159.70000,159.78999,2188000
1674138600,158.44000,161.94000,158.25000,161.03000,2184900
1674225000,160.67000,167.14999,160.16000,166.91000,2330300
1674484200,166.00000,169.80000,165.07001,169.02000,2585400
1674570600,168.57001,169.70000,167.59000,169.63000,1644900
1674657000,167.62000,172.94000,167.62000,172.33000,1881500
1674743400,173.47000,174.67000,172.59000,174.58000,1620100
1674829800,174.50000,176.57001,174.02000,174.33000,1637000
1675089000,172.36000,173.52000,171.03000,171.20000,2041900
1675175400,171.45000,174.22000,170.81000,174.17999,1329100
1675261800,173.02000,176.70000,171.00999,175.36000,1456300
1675348200,176.60001,177.58000,175.02000,176.17000,1145500
1675434600,173.99001,175.71001,172.89999,174.42999,1504500
1675693800,172.72000,173.94000,171.72000,172.32001,1485900
1675780200,172.00000,176.53000,170.84000,175.42000,1808800
1675866600,173.72000,175.02000,173.00000,174.00999,1520200
1675953000,175.56000,177.59000,174.25000,174.89999,1525300
1676039400,173.14000,174.08000,170.06000,171.37000,1544700
1676298600,172.03000,175.03000,171.73000,174.37000,1995400
1676385000,175.72000,181.55000,171.53000,181.27000,3366200
1676471400,180.92000,181.25999,179.17999,180.59000,2563000
1676557800,177.39999,179.66000,175.44000,175.78999,2277900
1676644200,174.63000,174.69000,171.11000,172.52000,1890000
1676989800,170.75999,172.28999,169.85001,170.67999,1817800
1677076200,170.03999,171.78999,169.20000,170.59000,1250500
1677162600,171.53000,172.87000,169.85001,171.94000,1382700
1677249000,169.47000,170.67999,169.00000,170.33000,1642400
1677508200,171.75999,172.08000,169.25999,169.61000,1543000
1677594600,169.56000,171.03999,168.86000,169.24001,2709700
1677681000,169.42000,170.78999,168.37000,169.44000,1799600
1677767400,169.39000,171.57001,167.86000,170.89999,1254300
1677853800,171.85001,173.58000,171.08000,173.07001,1406500
1678113000,173.28999,176.99001,173.28999,175.12000,2136100
1678199400,175.58000,176.78000,173.03000,173.57001,1436000
1678285800,173.64000,174.94000,172.42000,173.44000,1184500
1678372200,173.46001,173.70000,167.44000,167.73000,1871000
1678458600,166.94000,168.82001,164.00000,164.53000,1710700
1678714200,162.53999,162.72000,158.94000,160.56000,2394700
1678800600,163.02000,164.89999,161.28000,162.69000,1901300
1678887000,158.94000,159.23000,155.53000,158.33000,2757700
1678973400,157.56000,161.74001,157.00000,161.13000,1887000
1679059800,159.86000,160.38000,157.44000,158.77000,2480100
1679319000,159.66000,163.39000,159.20000,163.03999,2342700
1679405400,164.97000,168.33000,164.94000,167.75999,2327800
1679491800,167.30000,167.56000,163.12000,163.21001,2397600
1679578200,163.81000,165.85001,158.50000,159.98000,2423200
1679664600,157.95000,158.27000,153.56000,156.56000,2509800
1679923800,158.14999,158.84000,156.05000,156.58000,1637500
1680010200,155.89000,159.07001,155.80000,158.98000,1825900
1680096600,160.22000,162.67999,160.14999,162.13000,1752200
1680183000,163.92000,164.50000,162.41000,162.67000,1175800
1680269400,164.28999,166.67999,164.28999,166.03999,1514200
1680528600,165.42999,166.03999,163.32001,164.46001,1533000
1680615000,165.14999,165.39000,163.50999,164.38000,1200700
1680701400,163.62000,163.89000,162.08000,162.56000,1380100
1680787800,163.00000,163.59000,161.39000,163.05000,1092400
1681133400,162.23000,165.37000,162.23000,162.78999,1256500
1681219800,163.45000,164.73000,162.99001,163.88000,1203900
1681306200,164.92999,165.28999,161.00999,161.47000,1370600
1681392600,163.00999,165.63000,161.72000,165.50000,1569700
1681479000,165.50000,168.19000,165.50000,168.10001,1736400
1681738200,168.73000,170.09000,168.24001,169.75000,1221100
1681824600,171.59000,173.92999,171.14000,173.66000,1867700
1681911000,172.38000,174.38000,172.38000,173.71001,1430300
1681997400,172.89999,174.53999,172.75999,173.75999,2001700
1682083800,173.89999,174.94000,173.11000,174.41000,1321100
1682343000,174.78000,175.11000,173.47000,174.33000,1146800
1682429400,173.80000,174.71001,172.39999,172.86000,2226300
1682515800,172.95000,174.13000,164.69000,165.12000,3087400
1682602200,166.00000,166.28999,162.78000,165.39000,2105900
1682688600,165.14999,169.91000,164.35001,169.34000,1645900
1682947800,168.96001,173.28999,168.78000,170.14000,1928700
1683034200,173.75000,178.95000,173.63000,178.61000,3821300
1683120600,179.62000,183.27000,177.63000,178.45000,2378500
1683207000,178.45000,179.95000,175.89999,176.48000,2090000
1683293400,179.12000,179.23000,174.42000,176.57001,1638300
1683552600,177.36000,178.42000,175.69000,177.95000,1244900
1683639000,178.53999,179.75000,177.61000,178.99001,1400100
1683725400,180.00000,180.50000,172.95000,175.63000,2198600
1683811800,175.19000,175.27000,173.02000,174.49001,1448000
1683898200,174.49001,175.35001,172.81000,174.10001,1053100
1684157400,174.63000,175.56000,172.82001,175.50000,975800
1684243800,174.98000,176.33000,173.89999,174.57001,1119000
1684330200,176.55000,178.67999,174.98000,177.11000,1073800
1684416600,176.25000,181.41000,176.25000,181.03999,1344300
1684503000,181.30000,181.45000,177.50999,178.42999,1227300
1684762200,178.41000,178.56000,174.22000,174.67999,1715400
1684848600,173.42999,173.42999,168.61000,169.53999,2605800
1684935000,168.75000,169.35001,167.20000,168.25000,1619000
1685021400,167.94000,172.09000,167.11000,171.66000,1619000
1685107800,171.47000,174.09000,171.47000,171.75999,1390000
1685453400,172.42999,173.03999,168.75000,169.09000,1037500
1685539800,169.47000,169.84000,165.13000,167.78999,2088700
1685626200,167.78999,172.14999,166.83000,171.14000,1791600
1685712600,171.82001,177.39999,171.82001,177.22000,1652900
1685971800,176.73000,177.58000,175.73000,177.22000,1712900
1686058200,177.41000,181.46001,177.25999,180.89999,1622100
1686144600,180.89999,182.78000,176.50000,177.25000,1791300
1686231000,175.92000,178.81000,175.39000,178.48000,1181800
1686317400,178.71001,180.00000,178.03000,179.00999,1377700
1686576600,179.85001,180.98000,177.63000,180.94000,1324600
1686663000,182.00000,183.33000,180.58000,181.41000,1179200
1686749400,182.00000,182.94000,179.63000,181.46001,1603600
1686835800,178.55000,178.84000,173.77000,176.67999,3526600
1686922200,177.27000,178.28000,175.63000,176.36000,4719600
1687267800,175.82001,176.44000,173.25000,173.78999,1529400
1687354200,173.49001,177.11000,172.77000,176.12000,1867700
1687440600,176.25999,176.67000,174.32001,175.69000,1163200
1687527000,173.33000,173.39000,171.00000,171.45000,2099400
1687786200,170.55000,173.20000,170.03000,171.50999,1525800
1687872600,173.12000,177.53999,172.80000,177.31000,1442100
1687959000,177.49001,178.00000,176.62000,177.66000,1235300
1688045400,177.89000,181.41000,177.10001,181.27000,1716100
1688131800,182.31000,184.89000,182.17999,183.69000,1696000
1688391000,183.41000,184.97000,182.42999,184.23000,1154100
1688563800,183.52000,183.74001,181.07001,182.12000,1572900
1688650200,180.07001,182.41000,178.24001,182.03999,1357700
1688736600,181.35001,187.12000,181.33000,185.66000,1904400
1688995800,185.95000,190.99001,185.91000,190.94000,1912100
1689082200,191.00000,193.24001,190.59000,191.25999,1941700
1689168600,193.30000,193.30000,189.73000,190.00999,1944900
1689255000,190.94000,192.39999,190.56000,191.48000,1347000
1689341400,191.00000,191.00000,187.60001,189.39000,1817300
1689600600,187.91000,192.89000,187.91000,191.28999,1422200
1689687000,191.41000,194.37000,191.21001,193.66000,1422600
1689773400,193.23000,193.53999,189.99001,190.21001,1951900
1689859800,190.61000,193.50000,190.27000,191.48000,1547700
1689946200,193.25999,195.89999,193.13000,194.89999,6638600
1690205400,193.75999,194.46001,191.83000,194.27000,1793700
1690291800,193.58000,195.95000,192.53999,194.83000,2261300
1690378200,194.41000,196.24001,192.02000,193.73000,3471200
1690464600,194.32001,197.06000,193.98000,195.75000,2481900
1690551000,197.82001,199.98000,197.27000,199.61000,1503300
1690810200,199.85001,203.41000,199.60001,201.81000,2731900
1690896600,199.55000,205.94000,198.75999,204.74001,2935100
1690983000,204.00000,206.53000,202.46001,203.50999,2882100
1691069400,201.77000,202.78999,197.32001,200.85001,3288400
1691155800,202.02000,205.67999,199.41000,202.98000,2650000
1691415000,204.55000,205.61000,203.59000,204.70000,1540600
1691501400,203.08000,207.20000,202.95000,206.46001,2506800
1691587800,206.47000,209.00000,204.97000,206.12000,2040000
1691674200,208.39000,210.98000,207.60001,208.39000,3442600
1691760600,207.00000,209.32001,206.63000,208.50999,1702000
1692019800,207.39999,209.00000,205.52000,206.84000,2476900
1692106200,206.35001,207.98000,205.16000,206.00000,2042500
1692192600,204.25000,208.48000,204.14000,206.48000,1770200
1692279000,207.71001,207.71001,202.14999,202.33000,2775100
1692365400,200.38000,204.07001,200.23000,202.09000,1781700
1692624600,202.09000,203.55000,198.59000,199.81000,2210800
1692711000,200.00000,204.52000,199.69000,203.95000,3170800
1692797400,203.94000,205.17000,202.75000,203.25000,1509200
1692883800,203.00000,205.38000,198.44000,198.78999,1903200
1692970200,199.63000,201.37000,198.23000,199.78999,1510400
1693229400,200.66000,203.07001,199.14000,202.53000,1062100
1693315800,201.67000,206.46001,201.50999,206.14999,1189400
1693402200,206.10001,206.55000,204.42999,205.35001,1098500
1693488600,206.13000,206.50999,203.42000,203.50999,1321000
1693575000,204.67000,206.42000,203.73000,205.82001,1086000
1693920600,205.55000,205.55000,200.31000,201.03000,1989000
1694007000,200.08000,203.39000,199.50999,202.42000,1487300
1694093400,202.00000,202.05000,198.80000,199.87000,1847300
1694179800,200.38000,205.70000,200.03000,205.45000,1753500
1694439000,206.88000,208.23000,203.14999,204.16000,1715800
1694525400,203.81000,205.12000,203.17999,203.80000,1399600
1694611800,203.07001,203.83000,199.55000,200.23000,1676200
1694698200,201.17999,205.19000,200.03999,204.21001,1729300
1694784600,204.42000,205.21001,202.22000,203.16000,3899800
1695043800,202.60001,203.64999,200.57001,200.67999,1700800
1695130200,200.50999,200.69000,196.92000,198.53999,2356300
1695216600,199.62000,202.94000,199.62000,199.86000,1499900
1695303000,197.71001,198.05000,195.09000,195.17000,1730800
1695389400,195.22000,196.91000,194.00000,194.36000,1374900
1695648600,193.22000,195.47000,190.55000,192.92999,2141400
1695735000,192.00000,195.19000,190.75000,191.75999,2188700
1695821400,194.07001,196.28000,191.98000,193.88000,2284300
1695907800,194.44000,200.28999,194.10001,199.55000,1786700
1695994200,199.35001,199.78999,195.28999,196.56000,1764500
1696253400,196.00000,196.14000,191.75000,193.75000,1640700
1696339800,191.97000,193.00000,189.34000,190.39000,1650500
1696426200,191.19000,195.92999,190.53999,194.82001,2282600
1696512600,195.42999,196.12000,192.55000,194.77000,1582700
1696599000,193.32001,197.82001,192.85001,195.98000,1735800
1696858200,193.00000,194.56000,189.49001,194.42999,1615400
1696944600,195.70000,201.28999,195.70000,198.46001,1691900
1697031000,198.47000,198.95000,195.14000,198.27000,1379200
1697117400,199.03999,199.20000,196.38000,197.80000,1397600
1697203800,197.70000,199.50999,192.48000,192.92999,1531100
1697463000,196.31000,199.14999,195.06000,197.03999,1382600
1697549400,196.67999,199.56000,196.35001,197.50999,1230900
1697635800,195.87000,196.87000,193.95000,194.39999,1255800
1697722200,195.20000,196.21001,191.47000,192.31000,1770700
1697808600,190.85001,191.47000,187.74001,187.97000,2367800
1698067800,189.37000,190.77000,186.85001,188.64000,1848300
1698154200,189.75999,191.33000,188.03999,190.14000,1810100
1698240600,187.78999,190.70000,186.53999,188.42999,1784800
1698327000,188.89999,190.67000,186.41000,186.45000,1528000
1698413400,186.71001,188.06000,184.11000,185.27000,1282300
1698672600,188.10001,189.62000,187.09000,188.09000,1485100
1698759000,187.84000,189.17999,186.00999,188.56000,1234000
1698845400,189.88000,189.88000,185.91000,188.80000,2313700
1698931800,184.30000,186.55000,180.75000,185.70000,3054300
1699018200,188.10001,191.88000,187.38000,191.30000,1746000
1699281000,192.28999,192.39999,189.34000,191.16000,1543700
1699367400,191.82001,195.21001,189.44000,194.50000,2057200
1699453800,195.39999,195.86000,192.03999,192.58000,1511400
1699540200,193.16000,195.41000,192.27000,194.39000,1490100
1699626600,194.71001,197.77000,193.78999,197.60001,1165700
1699885800,197.24001,198.44000,196.24001,197.71001,1075600
1699972200,200.00000,204.14999,199.98000,202.36000,1853400
1700058600,203.39000,203.78999,200.98000,201.17000,1516200
1700145000,201.36000,203.84000,201.07001,203.67999,1284200
1700231400,205.00000,206.38000,203.80000,205.77000,1295300
1700490600,204.86000,207.36000,204.86000,206.96001,1292800
1700577000,206.10001,207.74001,206.10001,207.19000,1109800
1700663400,208.98000,210.74001,208.25000,209.95000,1241200
1700836200,209.69000,210.42999,208.64999,208.92999,710200
1701095400,208.17000,209.28999,206.78000,207.50999,1544500
1701181800,207.25000,207.50999,204.55000,204.66000,1345200
1701268200,204.72000,205.91000,202.28999,202.48000,1296100
1701354600,202.49001,203.34000,200.94000,202.70000,1385700
1701441000,202.75000,209.50999,202.75000,209.28000,1475000
1701700200,208.89999,213.13000,208.08000,209.61000,1462700
1701786600,207.22000,208.42999,202.24001,202.71001,1539300
1701873000,204.91000,207.73000,204.30000,204.78000,1196500
1701959400,206.34000,208.14000,205.32001,208.03000,1248700
1702045800,207.67999,209.82001,207.17999,209.39999,1276300
1702305000,212.03999,217.33000,211.48000,216.48000,2065500
1702391400,216.50000,217.74001,215.60001,216.87000,1546300
1702477800,217.00000,218.91000,214.35001,218.07001,1556600
1702564200,219.25000,221.75000,218.34000,220.09000,1729200
1702650600,220.46001,222.14999,219.13000,221.14000,3845000
1702909800,221.48000,222.64000,219.41000,222.12000,1440200
1702996200,223.49001,224.22000,220.83000,221.39000,1525300
1703082600,220.53000,220.69000,216.34000,216.72000,1874600
1703169000,218.53999,222.24001,218.53999,221.84000,1214500
1703255400,222.27000,223.12000,220.89000,222.62000,995000
1703601000,222.23000,223.75000,221.63000,223.45000,1118600
1703687400,223.94000,224.50999,222.88000,224.44000,1329600
1703773800,223.87000,224.75000,223.23000,224.08000,971000
1703860200,224.71001,226.63000,224.38000,225.50999,2008700
1704205800,225.50000,227.17999,220.59000,221.84000,1524700
1704292200,220.35001,220.97000,218.00999,219.03999,1299900
1704378600,219.61000,222.41000,218.88000,220.02000,1238700
1704465000,219.21001,223.39999,219.00000,222.42000,1005100
1704724200,222.50000,228.28999,222.42000,228.23000,1690700
1704810600,225.60001,227.48000,225.42999,226.48000,1358300
1704897000,225.89000,227.98000,225.89000,226.77000,1225300
1704983400,227.36000,228.94000,225.39000,226.98000,1176000
1705069800,227.78999,227.83000,223.94000,225.50000,758900
1705415400,224.02000,226.38000,223.07001,226.34000,1108000
1705501800,225.24001,227.89999,225.02000,227.70000,1248700
1705588200,227.70000,233.06000,227.69000,232.67999,2209600
1705674600,232.67000,234.10001,231.56000,233.67000,1885100
1705933800,234.25000,238.30000,234.08000,237.38000,1552200
1706020200,236.97000,237.91000,235.74001,237.10001,1268600
1706106600,238.46001,239.33000,237.32001,237.87000,1239300
1706193000,241.70000,243.53000,241.36000,242.52000,1594300
1706279400,242.52000,243.22000,241.03999,241.60001,1119000
1706538600,241.58000,242.52000,239.78000,242.13000,1303000
1706625000,240.19000,244.00999,240.19000,243.19000,1059900
1706711400,243.42000,243.91000,239.27000,239.73000,1181200
1706797800,240.41000,243.78999,238.72000,243.67000,1190900
1706884200,243.22000,246.75000,241.61000,245.12000,1222300
1707143400,244.16000,245.28999,241.84000,244.23000,1338200
1707229800,244.23000,245.75000,242.83000,244.75999,1471500
1707316200,246.10001,250.00000,245.08000,247.94000,1046700
1707402600,249.69000,250.44000,245.81000,249.58000,1030900
1707489000,250.64000,250.75000,245.45000,247.02000,1479800
1707748200,246.28000,249.14000,246.00000,248.84000,1429900
1707834600,241.89999,241.89999,232.00999,234.94000,3110200
1707921000,235.81000,236.41000,232.20000,235.39000,2349600
1708007400,237.53000,240.86000,236.89000,240.49001,1521700
1708093800,239.03000,243.21001,238.30000,241.63000,2119800
1708439400,241.19000,243.97000,240.50999,242.94000,2162200
1708525800,241.28000,244.00999,240.57001,243.35001,1396100
1708612200,244.99001,250.42999,244.78000,249.31000,1383600
1708698600,248.59000,252.17000,248.59000,251.48000,1477200
1708957800,251.47000,251.47000,247.05000,249.22000,1476000
1709044200,248.89000,249.82001,247.67999,249.03000,1079300
1709130600,248.73000,251.23000,248.17999,248.99001,953400
1709217000,249.70000,250.35001,247.87000,249.87000,1698200
1709303400,248.98000,251.16000,247.94000,250.00000,1096900
1709562600,249.77000,250.49001,247.02000,247.42000,1156200
1709649000,247.53000,249.19000,245.69000,247.88000,1084000
1709735400,247.88000,250.57001,246.97000,247.10001,1314700
1709821800,248.39999,248.97000,246.21001,246.91000,1197400
1709908200,247.17000,251.11000,246.22000,250.28000,1276800
1710163800,250.28000,250.70000,246.99001,248.47000,1176500
1710250200,248.69000,252.33000,248.69000,250.69000,1270900
1710336600,249.89999,253.12000,248.19000,251.41000,1804700
1710423000,252.38000,253.00000,247.72000,248.00000,1711000
1710509400,246.14999,246.97000,243.36000,244.07001,3709700
1710768600,246.60001,249.36000,246.41000,248.52000,1915300
1710855000,249.36000,250.00999,247.83000,249.82001,1164300
1710941400,249.42999,254.69000,249.25999,254.05000,1630400
1711027800,254.74001,256.12000,253.38000,255.27000,1530800
1711114200,255.91000,256.53000,253.22000,255.16000,1282800
1711373400,255.31000,255.67000,252.03999,252.11000,856000
1711459800,253.16000,254.30000,251.17000,252.17999,1351400
1711546200,254.96001,254.96001,252.74001,253.56000,1302300
1711632600,255.07001,255.10001,251.64999,252.31000,999200
1711978200,253.52000,254.50999,250.73000,251.33000,1178500
1712064600,250.17000,250.17000,246.53999,247.74001,1252300
1712151000,247.17000,250.80000,246.77000,250.59000,1071000
1712237400,253.34000,254.83000,248.06000,248.89000,1607300
1712323800,248.89999,254.33000,248.27000,253.92999,1293200
1712583000,254.24001,255.05000,253.41000,254.67999,1205600
1712669400,255.46001,255.49001,251.35001,254.94000,1152800
1712755800,252.28999,255.19000,251.25999,254.35001,1317500
1712842200,254.11000,260.57001,253.00999,258.54999,1545200
1712928600,256.10999,257.14001,249.32001,251.06000,1931900
1713187800,255.07001,257.01001,248.21001,248.41000,1433300
1713274200,248.21001,248.74001,244.74001,245.62000,1088900
1713360600,244.07001,245.33000,237.53999,238.46001,2684100
1713447000,240.64999,241.24001,236.08000,236.30000,1841200
1713533400,237.38000,239.30000,234.55000,236.00000,1842300
1713792600,238.56000,239.09000,235.50999,237.41000,1046400
1713879000,237.41000,239.98000,237.41000,239.69000,1196200
1713965400,244.17000,249.62000,243.31000,244.06000,2301300
1714051800,242.07001,243.12000,240.23000,241.94000,1207400
1714138200,240.77000,244.12000,240.74001,240.84000,1065500
1714397400,241.47000,244.24001,239.59000,240.49001,1209100
1714483800,240.95000,241.92000,235.50000,236.13000,1862900
1714570200,233.75000,237.24001,230.81000,233.86000,2157100
1714656600,236.35001,236.70000,232.63000,235.56000,1413200
1714743000,237.38000,238.75999,234.30000,234.59000,1572800
1715002200,235.41000,237.36000,235.39000,236.82001,1067900
1715088600,236.82001,238.27000,235.66000,235.99001,897900
1715175000,235.55000,236.28000,234.47000,235.35001,1194500
1715261400,232.67000,237.74001,230.85001,237.53999,1229700
1715347800,238.00000,240.67000,237.50000,240.46001,1145300
1715607000,241.25000,241.70000,236.21001,237.50000,1288800
1715693400,237.97000,238.58000,235.69000,235.87000,2105300
1715779800,236.75000,237.47000,235.56000,236.00000,1569000
1715866200,235.64000,239.49001,235.64000,238.96001,1280800
1715952600,238.96001,239.58000,236.32001,237.73000,1217000
1716211800,237.85001,240.52000,237.42999,240.33000,954100
1716298200,241.22000,241.22000,237.13000,238.28000,839700
1716384600,237.24001,239.39999,235.50000,236.16000,1091600
1716471000,236.50000,236.50000,231.84000,232.06000,1650400
1716557400,233.83000,236.72000,233.28999,236.59000,909200
1716903000,234.82001,237.61000,232.98000,234.14000,993800
1716989400,231.86000,232.44000,227.83000,228.46001,1161700
1717075800,228.78999,229.60001,226.70000,228.96001,934600
1717162200,229.52000,231.39000,227.44000,231.17000,1660100
1717421400,231.73000,232.00000,226.03000,228.38000,1644000
1717507800,226.60001,231.70000,226.44000,230.50999,1100600
1717594200,231.17999,233.23000,229.50000,232.77000,987800
1717680600,232.87000,235.45000,231.37000,232.03000,1028000
1717767000,231.52000,232.89999,230.13000,231.10001,2723400
1718026200,230.00000,233.41000,229.98000,232.75999,1219800
1718112600,231.78000,233.24001,229.92999,232.64000,1285100
1718199000,234.02000,237.13000,234.02000,236.56000,1477700
1718285400,235.22000,240.77000,234.66000,240.47000,1188700
1718371800,239.33000,239.75000,235.14000,239.45000,1566300
1718631000,238.55000,245.05000,237.60001,244.70000,1406900
1718717400,245.28000,247.20000,242.13000,243.05000,1320100
1718890200,242.67999,244.39999,242.66000,243.98000,1154400
1718976600,245.69000,245.94000,242.75000,243.53000,3289900
1719235800,243.23000,246.27000,243.23000,245.66000,1058600
1719322200,246.53000,246.87000,243.78000,244.83000,1283800
1719408600,242.67000,243.25999,239.67000,241.50999,1592600
1719495000,242.95000,242.95000,240.20000,242.25000,1153600
1719581400,242.39999,246.78999,241.02000,241.77000,6788900
1719840600,242.19000,243.36000,237.45000,239.50999,1475000
1719927000,239.81000,240.12000,236.67999,239.98000,1417300
1720013400,239.63000,241.67000,238.48000,240.17000,866700
1720186200,240.50000,241.38000,238.45000,240.98000,851900
1720445400,242.09000,243.06000,239.17000,239.86000,1040300
1720531800,240.86000,240.86000,237.39000,237.52000,1254900
1720618200,237.96001,242.74001,237.16000,242.52000,1376000
1720704600,242.94000,242.94000,239.25000,239.78000,1765400
1720791000,241.17000,245.44000,240.16000,242.78999,1699300
1721050200,242.80000,246.85001,241.99001,246.67000,1062300
1721136600,247.94000,255.19000,247.69000,255.11000,1562300
1721223000,253.25000,255.33000,247.49001,247.55000,1752900
1721309400,244.77000,248.50000,244.05000,244.09000,1399800
1721395800,245.00000,245.72000,242.64999,243.91000,1342500
1721655000,243.61000,244.00000,241.14999,242.94000,1212700
1721741400,242.66000,245.60001,241.97000,242.31000,730900
1721827800,241.24001,241.61000,234.89999,235.03999,1762500
1721914200,235.00000,237.50999,232.33000,233.75000,1380100
1722000600,235.60001,237.74001,234.00000,236.60001,929400
1722259800,237.94000,239.52000,235.70000,238.45000,1335700
1722346200,239.00000,241.53999,238.05000,238.77000,1752800
1722432600,230.00000,236.22000,222.92999,227.30000,4316500
1722519000,226.14999,226.49001,215.61000,218.78000,3067900
1722605400,215.12000,216.64000,210.02000,213.67000,3679000
1722864600,209.07001,212.34000,204.55000,211.35001,4057500
1722951000,212.50000,218.41000,211.19000,215.25000,1911700
1723037400,215.94000,217.64000,213.78000,214.77000,2854400
1723123800,215.45000,217.81000,214.78000,215.80000,1369600
1723210200,215.50000,219.00000,214.05000,217.97000,1214100
1723469400,217.95000,217.95000,214.41000,214.67999,1075200
1723555800,215.25999,216.85001,213.27000,216.42999,1081100
1723642200,217.00000,217.71001,215.53999,217.10001,847400
1723728600,219.67999,222.95000,218.92999,221.89999,1726700
1723815000,221.61000,221.67000,219.73000,220.56000,1005700
1724074200,221.30000,226.00000,221.06000,225.14999,1068600
1724160600,224.50000,225.48000,222.87000,223.13000,1069700
1724247000,224.07001,225.14000,223.06000,224.50999,710500
1724333400,223.81000,225.89999,223.13000,224.12000,991200
1724419800,225.98000,227.64999,224.95000,225.25999,958300
1724679000,226.57001,228.13000,224.14999,224.67000,1104900
1724765400,224.39999,228.17999,223.80000,227.62000,1017700
1724851800,226.42000,228.17999,226.17999,227.32001,1026200
1724938200,229.75000,233.61000,228.88000,231.37000,1954400
1725024600,232.56000,235.42999,231.05000,234.69000,2218100
1725370200,234.20000,234.70000,229.74001,230.72000,1802700
1725456600,230.00000,230.66000,228.11000,229.46001,1412200
1725543000,229.73000,230.55000,226.86000,229.06000,1808800
1725629400,229.47000,232.89999,227.16000,227.60001,3355300
1725888600,228.92999,230.95000,226.53999,228.59000,1876900
1725975000,227.67999,229.00000,221.95000,225.67000,1755200
1726061400,225.67000,227.78000,221.84000,227.33000,1330900
1726147800,228.80000,230.82001,227.59000,230.70000,1044100
1726234200,231.55000,232.56000,229.67000,231.74001,1034100
1726493400,233.07001,235.75000,231.89999,232.46001,993100
1726579800,233.73000,236.23000,232.75999,235.61000,1005300
1726666200,238.89999,241.73000,236.80000,238.74001,1539600
1726752600,242.97000,246.02000,242.03999,244.46001,1676100
1726839000,243.89999,244.74001,240.89999,244.39000,3663400
1727098200,244.85001,245.13000,241.36000,241.67000,1393400
1727184600,243.02000,247.46001,242.85001,247.38000,1225300
1727271000,247.47000,247.62000,244.63000,245.50000,951400
1727357400,248.17000,251.00000,246.22000,250.71001,1431800
1727443800,252.81000,254.42999,251.67000,253.03999,1238400
1727703000,252.05000,253.95000,246.46001,248.60001,1646300
1727789400,248.71001,249.31000,243.10001,246.08000,1382500
1727875800,245.28999,249.00000,244.85001,248.82001,857600
1727962200,246.06000,249.67000,246.00999,249.48000,935600
1728048600,253.28000,254.84000,252.22000,254.61000,1129400
1728307800,254.00000,255.85001,253.07001,255.16000,2406700
1728394200,255.32001,257.35001,253.53000,256.57999,1207900
1728480600,256.29001,263.01999,256.00000,261.88000,1442600
1728567000,260.89001,261.92001,259.29001,260.54001,1038200
1728653400,261.23001,264.14001,261.04999,262.63000,1084700
1728912600,261.22000,263.34000,260.42001,261.56000,1139700
1728999000,261.37000,263.32001,259.50000,260.57999,1252400
1729085400,260.42999,263.29001,259.60001,262.57001,709200
1729171800,264.50000,265.20001,262.29001,264.57001,1163500
1729258200,264.57001,266.57999,263.07999,265.60001,886800
1729517400,264.48999,266.44000,263.26001,264.97000,869100
1729603800,264.79999,265.89001,263.35001,265.50000,1198100
1729690200,260.48001,263.00000,255.48000,257.82001,1990300
1729776600,259.97000,261.82001,257.42999,260.63000,1195100
1729863000,263.31000,265.13000,261.35999,262.12000,1162000
1730122200,264.35001,264.60001,260.67999,262.54999,1127500
1730208600,262.79999,265.10999,262.28000,263.89001,791500
1730295000,263.67001,265.60001,263.25000,264.26001,897800
1730381400,264.26001,265.37000,259.92001,260.01999,1308100
1730467800,258.48001,263.39001,258.42999,260.57001,1481600
1730730600,255.42999,256.69000,249.55000,256.42999,2222000
1730817000,254.08000,261.07001,254.08000,259.66000,1604300
1730903400,270.10999,277.41000,268.48999,276.26001,2148500
1730989800,276.13000,278.50000,273.85999,277.67999,1472700
1731076200,277.81000,282.79999,277.20999,280.79999,1516600
1731335400,281.07001,286.19000,281.07001,285.91000,1895500
1731421800,285.62000,287.00000,283.70999,286.01999,1143200
1731508200,284.69000,289.04001,284.35999,286.47000,1274000
1731594600,286.48001,287.51001,281.76001,282.01999,1396800
1731681000,281.98999,282.45999,277.67001,278.78000,1751100
1731940200,280.59000,282.23999,278.04999,281.45001,1733900
1732026600,279.29999,280.70999,276.28000,279.26999,890500
1732113000,279.54999,280.82999,278.54001,280.17999,938600
1732199400,281.92001,283.82999,280.26999,283.44000,944500
1732285800,283.32999,284.95001,282.88000,284.29001,990300
1732545000,286.07999,289.63000,285.79999,288.00000,1808400
1732631400,288.79999,289.79999,286.53000,288.17999,1459100
1732717800,287.88000,287.89999,284.62000,285.60001,1112900
1732890600,285.54999,290.42999,285.54001,289.09000,702400
1733149800,288.97000,289.94000,284.64001,286.23999,1574300
1733236200,287.20999,287.98999,283.70999,284.92999,928800
1733322600,286.07999,290.01001,284.50000,289.63000,1115400
1733409000,289.95999,294.64999,289.88000,292.48001,1307400
1733495400,292.69000,295.45001,292.34000,292.59000,1013100
1733754600,292.48999,293.87000,286.28000,286.97000,1064700
1733841000,289.01001,289.75000,285.50000,287.67001,866700
1733927400,289.98999,292.95999,289.54001,291.73001,876800
1734013800,292.67999,294.01001,289.75000,289.98999,1168000
1734100200,288.60999,289.59000,286.07001,287.07999,797200
1734359400,287.57999,292.07001,286.34000,290.39999,976900
1734445800,288.76999,291.32001,288.45999,289.44000,1310600
1734532200,289.50000,291.25000,277.53000,277.64999,1861100
1734618600,281.20001,282.79001,278.19000,279.01999,1489900
1734705000,276.82999,286.92999,276.81000,283.95999,2619100
1734964200,283.48999,284.16000,280.48001,283.63000,907800
1735050600,283.63000,286.54999,282.76001,286.39001,424000
1735223400,285.01001,287.26999,284.85001,286.56000,473700
1735309800,284.01001,286.04999,280.78000,283.66000,717600
1735569000,281.67999,282.10001,277.48999,280.31000,1021000
1735655400,280.98001,281.20001,278.20999,278.94000,740200
1735828200,281.16000,281.23999,273.51001,274.45001,1211900
1735914600,276.07001,276.95001,272.19000,275.28000,1773000
1736173800,275.25000,275.91000,272.00000,272.62000,1260300
1736260200,271.51999,273.89999,269.28000,269.78000,1132100
1736346600,270.07999,273.89999,269.82999,273.53000,1172200
1736519400,273.17001,275.16000,270.53000,270.76001,1317600
1736778600,270.38000,273.32999,269.84000,272.29001,935700
1736865000,273.00000,276.73999,272.07001,276.42999,1106000
1736951400,281.60001,283.59000,275.81000,276.04999,1513400
1737037800,276.00000,277.82001,275.04999,276.00000,1588200
1737124200,279.00000,279.60001,276.50000,277.17999,1805200
1737469800,271.26999,278.04999,269.72000,277.72000,2772900
1737556200,277.76999,280.78000,277.70999,280.41000,1412400
1737642600,281.79001,285.14001,277.41000,285.07001,1694400
1737729000,285.00000,286.59000,282.35001,284.10999,1339800
1737988200,281.45001,288.26999,280.42001,288.04999,1569700
1738074600,287.29999,290.88000,286.32999,288.64001,1403400
1738161000,289.37000,290.26999,287.19000,289.66000,1302200
1738247400,290.92001,294.98999,290.92001,292.54001,1030500
1738333800,291.64999,293.70999,289.29001,290.59000,1293100
1738593000,286.79001,290.97000,283.09000,290.45999,1218000
1738679400,291.48001,291.85999,289.10001,290.75000,1401800
1738765800,291.06000,293.14001,288.07999,292.39001,1329700
1738852200,293.98001,304.13000,293.50000,302.95001,1826800
1738938600,304.92999,307.51999,302.85999,303.97000,1662500
1739197800,305.92001,306.22000,301.35999,304.45001,1770800
1739284200,291.32001,295.59000,285.01999,288.00000,3055500
1739370600,283.98001,291.47000,283.48999,290.45001,2692500
1739457000,290.67001,291.45999,285.91000,288.23999,1899300
1739543400,290.28000,290.56000,283.07999,283.51999,1659900
1739889000,283.51999,289.29999,280.88000,288.42001,1601800
1739975400,286.48001,288.92999,283.94000,287.56000,1414100
1740061800,286.92001,287.64999,283.31000,287.20001,1153100
1740148200,286.64999,287.20001,275.00000,277.47000,1983200
1740407400,279.35001,280.60001,274.73999,276.76001,2058300
1740493800,277.66000,277.78000,271.70001,277.45999,1807600
1740580200,279.17001,285.00000,278.92999,282.16000,1607600
1740666600,281.48001,283.66000,276.67999,277.20999,1571200
1740753000,278.97000,282.35001,277.76001,280.45001,2269800
1741012200,280.00000,284.48001,275.37000,277.72000,1635200
1741098600,276.41000,276.41000,268.00000,270.79999,2390100
1741185000,269.54999,272.47000,268.01999,271.10001,1456000
1741271400,268.38000,268.54999,262.14001,262.63000,1663100
1741357800,261.45001,264.98001,256.64999,262.75000,2337400
1741613400,258.35999,260.69000,255.07001,257.22000,2447300
1741699800,254.87000,255.92999,243.32001,246.31000,3143000
1741786200,248.00000,249.03999,240.19000,243.81000,2349800
1741872600,243.47000,243.92000,236.21001,237.28999,2026600
1741959000,239.42000,243.62000,239.00000,243.11000,1414000
1742218200,243.92000,249.39999,242.24001,248.11000,1971900
1742304600,247.08000,247.21001,239.92999,240.39000,1253600
1742391000,241.60001,248.60001,241.53000,247.62000,1373500
1742477400,244.91000,248.02000,243.89000,244.84000,922600
1742563800,235.78999,237.94000,229.38000,237.49001,4301000
1742823000,241.07001,243.49001,239.27000,242.92000,1935600
1742909400,243.73000,246.75000,241.60001,246.48000,1401100
1742995800,247.25999,250.42999,246.07001,246.72000,1842200
1743082200,245.23000,245.98000,239.69000,244.45000,1952900
1743168600,243.41000,243.41000,236.00000,237.00999,1570700
1743427800,234.80000,239.67999,230.92000,238.20000,1948800
1743514200,237.48000,238.98000,233.42000,238.24001,1451300
1743600600,235.10001,244.03000,235.10001,242.56000,1718800
1743687000,230.39000,230.58000,223.36000,224.62000,3459900
1743773400,218.33000,222.66000,212.56000,214.58000,3573900
1744032600,207.77000,224.14000,205.39999,213.36000,3900200
1744119000,220.59000,222.12000,207.62000,211.12000,3721900
1744205400,210.62000,235.28999,208.16000,233.39000,4482400
1744291800,228.45000,230.22000,217.27000,222.92000,3602900
1744378200,222.95000,227.75000,219.00999,225.22000,2013800
1744637400,224.92999,225.47000,220.00000,223.49001,1875700
1744723800,224.63000,225.49001,221.42999,222.58000,1205400
1744810200,219.94000,223.98000,216.67999,218.78999,1671300
1744896600,221.27000,222.42000,218.46001,220.41000,1523400
1745242200,218.30000,218.99001,212.53000,215.69000,1543000
1745328600,217.53000,221.37000,216.98000,220.59000,1476500
1745415000,228.88000,236.44000,228.36000,229.78999,3492900
1745501400,228.48000,237.35001,227.55000,236.25999,2329800
1745587800,236.52000,238.02000,232.82001,236.20000,1989900
1745847000,238.28999,240.83000,234.07001,236.92999,2418200
1745933400,235.33000,240.85001,235.13000,239.67000,2255100
1746019800,234.53000,239.05000,231.21001,238.58000,2246300
1746106200,241.25999,246.24001,240.36000,243.95000,1818200
1746192600,247.57001,250.53999,247.13000,249.47000,1302000
1746451800,248.00000,250.84000,246.50000,247.27000,1894400
1746538200,256.14001,258.59000,250.00999,251.96001,2527700
1746624600,251.78000,258.10001,250.78999,255.99001,1866500
1746711000,256.87000,263.12000,255.99001,259.29999,1787500
1746797400,259.10999,259.98999,255.69000,257.97000,1489000
1747056600,269.39999,273.42001,268.63000,271.95999,2551100
1747143000,272.00000,276.01999,271.20999,274.14001,1690300
1747229400,272.39999,275.62000,272.09000,272.59000,1520800
1747315800,271.98999,272.95001,270.73001,271.47000,1483500
1747402200,271.54001,273.32001,269.32999,273.23001,1235000
1747661400,269.60999,273.76001,269.45001,273.19000,1099100
1747747800,271.64001,271.64001,266.92001,267.34000,1500400
1747834200,263.89001,264.59000,260.14001,260.69000,1271800
1747920600,261.17001,262.10999,259.20999,260.69000,1082900
1748007000,255.69000,258.97000,255.53000,257.70001,1270700
1748352600,260.07999,266.35001,260.07999,266.10001,1338900
1748439000,266.59000,266.89001,264.17999,264.53000,1340600
1748525400,265.56000,266.17999,261.00000,263.60999,949700
1748611800,263.57001,265.12000,262.10001,263.82999,1245300
1748871000,262.12000,262.73999,258.79001,261.20999,1339500
1748957400,260.16000,265.57001,260.16000,264.39999,1358200
1749043800,264.22000,265.28000,261.92999,261.92999,926300
1749130200,261.92999,262.89999,259.45999,259.81000,1188800
1749216600,263.85001,266.04999,262.79999,265.63000,986700
1749475800,265.98999,267.73001,264.67001,265.92999,1207500
1749562200,266.12000,269.07999,265.75000,268.04001,1479000
1749648600,269.03000,269.19000,265.35001,266.06000,1079300
1749735000,264.23999,265.84000,262.56000,263.23001,1152100
1749821400,259.00000,260.57999,253.56000,254.99001,1783100
1750080600,256.48001,259.53000,256.20001,257.91000,1925700
1750167000,255.50000,259.44000,255.00000,256.20001,1187100
1750253400,256.47000,260.84000,256.04001,257.53000,1136400
1750426200,259.57001,261.51999,257.48999,260.19000,2244300
1750685400,259.57999,264.32999,254.49001,264.10999,1728500
1750771800,266.70001,269.91000,265.60001,268.73001,1505700
1750858200,269.01001,269.10001,264.73999,265.98999,1514000
1750944600,266.26001,270.48999,266.26001,269.62000,1245100
1751031000,269.54001,274.51001,269.32999,273.47000,4507300
1751290200,274.50000,275.79999,270.51999,273.20999,1341800
1751376600,271.44000,279.09000,271.44000,278.07001,1515400
1751463000,277.20001,278.17999,275.72000,277.51999,1086300
1751549400,277.62000,281.28000,277.50000,280.03000,623200
1751895000,279.17999,280.13000,275.56000,278.39999,1258200
1751981400,279.39001,282.35999,278.69000,279.95999,1507100
1752067800,281.34000,282.04001,278.54999,279.19000,906900
1752154200,280.51999,283.75000,278.89999,282.29999,1440200
1752240600,281.48999,282.60999,279.01001,281.64999,990600
1752499800,280.97000,283.48001,279.63000,282.87000,976100
1752586200,282.79999,282.97000,274.67001,274.89999,1772500
1752672600,274.78000,276.91000,272.60001,273.60001,1005100
1752759000,273.14001,274.54999,270.04001,271.60001,1564900
1752845400,272.35999,273.64001,270.73999,272.57999,1547000
1753104600,273.48001,274.70999,271.20999,271.56000,1294300
1753191000,272.60999,273.29999,270.03000,272.98001,1467500
1753277400,272.54999,273.73001,269.50000,273.51001,1351000
1753363800,272.92001,276.29999,271.39001,272.88000,1103400
1753450200,274.04001,279.20999,272.75000,279.10999,1013500
1753709400,278.67999,280.00000,275.60999,275.79001,1485000
1753795800,276.92001,276.95001,272.57001,273.47000,1504500
1753882200,274.66000,275.04999,269.22000,270.04001,1300400
1753968600,268.22000,270.04999,262.95001,263.82999,2279400
1754055000,260.88000,261.01999,253.75999,255.35001,2496300
1754314200,256.78000,259.51001,255.42999,259.13000,2057900
1754400600,259.31000,262.26001,255.27000,259.72000,2346000
1754487000,259.29001,263.26999,257.32999,262.70999,1635600
1754573400,265.29999,266.41000,259.75000,260.59000,1695900
1754659800,260.39999,262.75000,257.31000,259.92001,1353600
1754919000,259.47000,261.38000,256.48999,257.97000,1285800
1755005400,259.42999,265.48999,258.01999,265.01001,1110700
1755091800,265.12000,270.20999,264.38000,269.70001,1038500
1755178200,267.54999,268.76999,265.67001,266.54999,1153200
1755264600,268.62000,268.62000,264.63000,265.20001,1083700
1755523800,265.13000,267.04001,263.89999,266.26001,909000
1755610200,265.76001,270.23999,265.76001,266.78000,1141500
1755696600,266.78000,268.64999,263.42001,263.53000,1090000
1755783000,262.38000,264.00000,261.44000,262.26999,1116600
1755869400,263.70001,274.53000,263.06000,273.82001,1605900
1756128600,272.79001,272.82001,268.51001,268.60001,1259700
1756215000,268.20001,270.48999,266.98999,267.85001,1254200
1756301400,266.88000,269.98001,265.92001,269.67001,907300
1756387800,270.09000,271.57001,268.79999,270.25000,970200
1756474200,269.10001,270.38000,266.19000,267.85999,858900
1756819800,264.92999,265.70001,261.57001,264.48001,1423000
1756906200,264.76001,267.07999,263.89001,265.07001,1046300
1756992600,266.60999,269.79999,265.17001,268.85001,1232400
1757079000,270.69000,271.67001,262.00000,264.70001,1378600
1757338200,265.13000,268.38000,263.19000,268.07001,998200
1757424600,267.76001,268.62000,263.82999,264.00000,1253500
1757511000,264.00000,265.78000,261.10001,262.42001,1414600
1757597400,263.29999,268.92001,262.48999,267.94000,1126600
1757683800,266.88000,267.78000,263.50000,266.50000,1051600
1757943000,267.25000,268.62000,264.39001,265.14001,1412200
1758029400,265.59000,269.10001,264.01999,267.89001,1266400
1758115800,267.39001,268.31000,260.14999,262.04999,1941600
1758202200,262.72000,266.62000,262.26999,263.95001,1376700
1758288600,265.39999,270.28000,264.16000,268.51999,2771000
1758547800,265.76999,266.17999,263.07001,264.10001,1477600
1758634200,263.50000,266.01999,261.39999,261.84000,1050300
1758720600,263.14999,264.29001,260.13000,262.14001,1295700
1758807000,260.95001,262.25000,258.89001,260.89999,1194600
1758893400,261.63000,266.00000,261.63000,264.20999,1292400
1759152600,265.39999,267.69000,264.01001,266.82001,1361800
1759239000,265.50000,265.95999,259.62000,260.44000,1695300
1759325400,258.37000,262.26001,258.07001,261.66000,1235200
1759411800,261.07999,266.79001,261.04999,266.39999,1026800
1759498200,265.98001,268.95001,264.95999,267.57001,2617900
1759757400,269.17001,273.10001,267.89999,271.94000,2064700
1759843800,272.42999,273.04001,265.53000,267.45001,1729600
1759930200,267.89001,269.48001,264.32001,267.98001,1419800
1760016600,268.17999,272.85001,265.92999,266.14001,1300900
1760103000,266.32999,270.22000,259.85999,260.20001,1728200
1760362200,263.60999,265.29001,261.32001,263.26001,1421700
1760448600,260.89001,269.64001,260.42001,267.97000,1305600
1760535000,267.79999,269.79001,263.44000,266.19000,1187500
1760621400,267.38000,267.72000,257.92001,259.04001,1370000
1760707800,259.00000,263.07001,258.62000,260.85001,1646000
1760967000,262.29999,263.81000,259.92999,260.00000,1650200
1761053400,263.01001,269.57999,262.04001,268.42999,1528900
1761139800,268.00000,276.79999,268.00000,272.07001,1548100
1761226200,272.12000,273.04001,268.85001,269.70001,1393200
1761312600,271.39001,273.31000,269.82001,271.32001,1077700
1761571800,272.42001,274.94000,270.04999,271.20999,995500
1761658200,269.88000,271.19000,265.32001,265.45999,1089900
1761744600,263.37000,267.10999,262.03000,263.12000,1378500
1761831000,263.29999,267.32001,261.70001,262.26999,1217900
1761917400,261.39999,261.54999,256.76001,260.57999,1439900
1762180200,261.63000,264.81000,258.98999,263.89001,2242900
1762266600,264.39999,275.66000,263.51001,272.23999,2845200
1762353000,273.75000,285.66000,272.66000,283.07001,2736800
1762439400,283.00000,286.57999,279.87000,281.14001,1543600
1762525800,282.14999,291.66000,281.92999,291.16000,2471600
1762785000,292.12000,294.17999,286.10001,290.47000,1737600
1762871400,290.56000,294.01001,290.04001,291.89999,1409000
1762957800,291.39001,294.98999,290.54001,291.67001,1102800
1763044200,290.06000,293.48999,287.01001,287.42999,1769200
1763130600,285.07001,288.01999,281.19000,285.72000,1363300
1763389800,286.35001,286.89001,280.98999,282.89001,1182900
1763476200,283.22000,286.94000,281.29999,282.89999,1553500
1763562600,282.88000,285.45999,281.53000,284.20001,1040500
1763649000,285.42001,289.35999,281.72000,282.38000,1215500
1763735400,284.37000,298.03000,284.26999,295.84000,2384700
1763994600,295.54999,297.95999,292.72000,296.23001,2348200
1764081000,297.14999,305.01001,296.67001,304.12000,1372800
1764167400,303.51001,306.00000,301.94000,304.64999,1240900
1764340200,303.89999,305.14001,302.95001,304.79001,575500
1764599400,302.42999,307.07999,302.00000,303.44000,1421200
1764685800,304.56000,305.66000,299.32999,304.64999,1126000
1764772200,303.51999,309.42999,303.51999,306.64999,1459500
1764858600,302.92999,306.64999,292.37000,296.00000,2268200
1764945000,295.20001,296.28000,292.00000,292.59000,1604600
1765204200,292.07001,292.16000,286.64999,287.82001,1569900
1765290600,287.39999,287.67001,283.10001,283.84000,2035800
1765377000,283.89001,287.98001,282.03000,286.95999,1743800
1765463400,287.17001,297.41000,285.07001,296.45999,2260700
1765549800,298.26001,300.75000,296.64001,298.72000,1788600
1765809000,304.45001,310.23001,302.17001,308.48999,2217000
1765895400,308.48001,309.60001,303.04999,305.97000,2012700
1765981800,305.45999,311.66000,305.45999,310.07001,1658700
1766068200,310.25000,311.69000,304.89999,306.82001,1659700
1766154600,304.39999,311.67999,304.39999,310.16000,3064600
1766413800,310.73999,315.39999,309.95001,313.75000,1209900
1766500200,313.14001,316.69000,313.14001,314.07001,1171800
1766586600,313.09000,316.22000,313.07001,315.16000,531700
1766759400,315.16000,315.95999,314.04999,315.57999,663500
1767018600,315.10001,315.57001,312.42999,314.41000,764600
1767105000,314.41000,315.51001,313.54999,313.94000,877200
1767191400,313.92999,315.34000,309.67001,310.23999,1228300
1767364200,310.54999,314.29999,309.00000,313.41000,1060600
1767623400,311.82001,316.32001,308.31000,311.03000,2174500
1767709800,309.95001,322.60001,309.60001,321.85999,1601100
1767796200,319.73999,322.23999,317.53000,319.26001,1347200
1767882600,317.64999,325.70999,316.70001,324.91000,1265300
1767969000,326.95999,331.09000,326.53000,328.17999,1463800
1768228200,325.14999,325.14999,319.01001,323.35001,1397700
1768314600,322.97000,325.47000,319.82999,322.95999,1233300
1768401000,321.04999,322.04999,314.75000,319.67999,1442000
1768487400,322.35999,329.69000,322.35999,325.79001,2121600
1768573800,326.70999,327.75000,322.07001,325.88000,1903400
1768919400,320.67999,321.95999,312.67001,313.84000,1756000
1769005800,314.82999,321.84000,312.59000,320.56000,1984600
1769092200,322.98999,327.20001,320.70999,321.67001,1575600
1769178600,319.31000,320.73999,316.69000,319.70001,1368300
1769437800,317.59000,319.47000,313.00000,316.70001,1247600
1769524200,315.84000,316.35001,313.26001,313.95001,954000
1769610600,315.07999,316.00000,311.57001,312.07001,1264100
1769697000,312.48999,320.75000,312.48999,319.76999,1698200
1769783400,316.72000,318.95001,313.25000,315.29999,1325100
1770042600,316.45001,321.10001,314.26001,319.29001,978500
1770129000,316.54001,322.85999,316.07001,318.42001,1263800
1770215400,321.35001,329.78000,320.39001,324.56000,2069100
1770301800,324.32999,326.92999,320.39999,326.45001,1351200
1770388200,326.39999,333.95999,326.00000,333.23999,1415300
1770647400,331.25000,332.07001,326.13000,331.20999,2357500
1770733800,349.91000,363.54001,347.35999,359.35001,4006200
1770820200,358.63000,367.73001,355.00000,358.75000,2492000
1770906600,361.98001,370.00000,352.54999,355.07999,1873500
1770993000,353.35001,359.07999,350.17999,353.89001,1590900
1771338600,354.95001,361.75000,354.84000,359.94000,2160000
1771425000,355.53000,360.17001,352.85999,356.00000,1917000
1771511400,353.19000,354.91000,349.32999,349.89001,1734500
1771597800,347.41000,352.60999,345.04001,347.92999,2276700
1771857000,348.45999,348.66000,337.76999,342.62000,1730000
1771943400,342.73999,347.88000,341.50000,343.14999,1388000
1772029800,346.70001,348.14999,343.50000,347.44000,2465500
1772116200,349.37000,354.45999,347.85001,350.57001,1471700
1772202600,346.81000,347.95001,339.51001,341.73001,1664600
1772461800,330.50000,336.37000,325.81000,330.47000,2038800
1772548200,322.60001,337.13000,320.56000,335.91000,2231100
1772634600,337.92999,339.98001,333.07001,335.94000,1360200
1772721000,332.20001,334.04999,326.53000,333.04001,1471500
1772807400,324.98001,326.73001,316.12000,323.79999,2064500
1773063000,317.12000,329.32999,311.20001,328.85999,1993500
1773149400,326.04999,331.70999,323.78000,326.00000,1148900
1773235800,326.59000,327.70001,322.95001,326.38000,989900
1773322200,320.17001,320.95999,315.37000,316.31000,1608600
1773408600,318.38000,322.39001,313.45999,313.81000,1082200
1773667800,318.23999,323.25000,316.97000,321.84000,1419900
1773754200,325.60001,330.84000,325.56000,327.28000,1054200
1773840600,326.00000,329.35001,322.20001,322.51999,1400000
1773927000,323.50000,326.82999,320.06000,324.89001,1278200
1774013400,323.07999,325.32999,317.31000,319.76001,3151100
1774272600,328.91000,333.45999,325.45999,326.51999,1856500
1774359000,323.37000,326.34000,321.95999,324.29001,1102900
1774445400,326.19000,329.07001,322.25000,326.79001,1513400
1774531800,325.51999,328.92999,323.59000,325.73999,1010200
1774618200,323.10999,324.50000,316.54001,317.54001,1875100
1774877400,320.00000,323.60999,317.81000,319.31000,1425600
1774963800,321.17001,330.92001,321.17001,327.07001,2458000
1775050200,329.64001,334.14001,325.31000,333.45999,1577500
1775136600,327.42001,335.31000,324.89001,331.92999,1119400
1775482200,328.72000,338.42999,328.00000,338.00000,1110400
1775568600,337.26999,337.26999,326.76001,330.92999,1498000
1775655000,349.06000,353.60001,346.04001,348.57999,1701100
1775741400,347.51001,354.00000,344.53000,352.92999,1147100
1775827800,354.32001,357.03000,352.01999,354.10001,1122800
1776087000,351.51999,359.73999,348.00000,359.56000,1286200
1776173400,358.94000,367.32001,357.79001,366.70001,1476800
1776259800,365.79999,366.14001,360.87000,363.73999,1528400
1776346200,364.92999,367.50000,361.23001,362.42001,1535600
1776432600,370.48999,379.56000,368.97000,377.92999,2052300
1776691800,375.35999,379.17999,374.51001,378.72000,1205100
1776778200,377.34000,380.00000,373.14001,375.45001,1562300
1776864600,376.01999,377.60999,366.53000,367.13000,1391500
1776951000,369.84000,372.09000,363.54999,368.23999,1141200
1777037400,367.45001,368.73001,364.00000,367.14999,1148600
1777296600,364.00000,367.06000,358.38000,360.67001,1354500
1777383000,358.64001,366.50000,356.95999,358.32999,1240300
1777469400,357.39001,357.39001,349.04999,353.95001,1249500
1777555800,357.95999,363.26001,355.10001,361.69000,1997200
1777642200,357.50000,363.75000,354.67001,354.97000,1001500
1777901400,351.16000,353.84000,345.38000,347.23999,977400
1777987800,347.39001,357.91000,347.39001,354.51999,1878900
1778074200,363.87000,365.00000,352.79999,359.06000,1972500
1778160600,358.01001,360.84000,350.48999,352.04999,1209000
1778247000,353.48001,358.39001,352.32999,353.17999,1068000
1778506200,350.54001,353.53000,348.14999,353.32001,1729100
1778592600,355.00000,358.17999,349.42999,350.23001,1297600
1778679000,347.72000,353.91000,346.26001,350.19000,1387700
1778765400,352.17999,357.07999,351.48999,353.47000,1138900
1778851800,351.89999,354.48999,350.95001,353.17001,1114000
1779111000,354.66000,363.79001,352.95001,359.17999,1410100
1779197400,357.95999,362.59000,354.35999,358.69000,1656000
1779283800,359.19000,371.51001,356.57999,369.75000,1748000
1779370200,366.62000,371.14999,361.39999,370.56000,908400
1779456600,368.20999,370.91000,367.29999,369.14999,820100
1779802200,369.85001,374.57001,368.76001,373.81000,1105600
1779888600,378.57001,386.29999,378.57001,385.85999,1616800
1779975000,384.89999,388.37000,381.62000,385.76001,1974100
1780061400,385.56000,386.88000,373.29001,375.60001,2322500
1780320600,371.32999,378.32999,370.57999,376.95999,1396800
1780407000,376.70001,377.66000,373.16000,373.76001,1186800
1780493400,373.82999,377.13000,371.28000,376.75000,1058000
1780579800,383.20001,385.98001,380.64001,385.29999,1150100
1780666200,388.10999,396.64999,386.45001,392.51001,1975900
1780925400,392.51001,395.85001,388.39001,391.42001,1349000
1781011800,394.00000,398.95999,389.38000,393.60999,1394700
1781098200,393.79999,398.51999,385.16000,386.23001,1701600
1781184600,389.00000,397.37000,386.20001,396.89001,1496500
1781271000,399.39001,403.25000,396.98001,402.54001,1115800
1781530200,406.42999,410.98001,399.26001,400.63000,1515700
1781616600,391.50000,400.37000,387.50000,399.10001,1860300
1781703000,396.17001,404.07001,393.72000,394.60999,1672000
1781789400,398.63000,403.26001,394.89999,396.20001,2846400
1782135000,394.56000,395.01999,383.20001,384.19000,1607100
1782221400,384.45999,390.35999,381.42999,386.82999,2019500
1782307800,389.51999,392.63000,382.17001,383.56000,1414700
1782394200,383.54001,388.25000,377.92001,378.91000,1498700
1782480600,379.48001,381.20999,372.81000,377.31000,2426300
1782739800,378.57001,382.26999,373.81000,374.88000,1487300
1782826200,373.57001,374.57001,367.38000,370.59000,1910800
1782912600,369.95001,373.38000,365.45001,368.32001,1669300
1782999000,369.88000,374.07001,366.97000,372.95001,1552700
1783344600,373.23001,379.89999,371.64001,379.75000,1737700
1783431000,382.14999,383.98999,380.00000,380.75000,1494800
1783517400,378.14999,378.20001,369.73001,371.16000,1391600
1783603800,371.79999,376.01001,366.45999,372.47000,1208000
1783690200,372.82001,378.32001,372.78000,376.10999,1028400
1783949400,375.70001,378.07001,361.73001,362.87000,1592500
1784035800,360.78000,364.14001,359.95999,363.19000,1736800
1784122200,363.60999,370.67001,363.60999,369.04999,1110900
1784208600,370.48999,376.44000,368.32999,371.14001,1257800
1784295000,371.14001,372.98001,363.51999,366.23999,1845500
1784554200,369.81000,371.32999,364.63000,366.92999,1064700
1784640600,370.79001,372.20999,365.04999,367.81000,1013100
1784727000,367.53000,371.39999,366.75000,369.79999,915100
1784813400,363.67001,365.92001,360.70999,364.47000,1200300
1784899800,365.57999,375.78000,364.25000,374.42999,1231700
1785159000,378.10999,384.20001,377.53000,383.06000,1376900
1785245400,382.64001,384.23001,374.54999,383.51999,1804600
1785331800,377.25000,383.26001,375.62000,381.12000,1542200
1785418200,380.00000,380.60001,371.09000,375.48001,1593500
1785504600,377.01001,377.92999,372.63000,372.82999,1564300
1785763800,359.44000,365.47000,344.13000,346.82999,4419300
1785850200,344.79001,346.35999,340.81000,345.20001,3376600
1785936600,348.31000,361.82999,347.78000,361.31000,2051400
1786023000,362.01001,364.73999,356.01001,359.67001,1677200
1786109400,358.84000,359.97000,353.45999,353.91000,2278700
1786368600,350.10001,353.35999,344.70999,348.44000,1716600
1786455000,348.97000,352.26999,347.26999,349.48999,2390400
1786541400,351.60001,356.60001,348.88000,354.57999,1350800
1786627800,356.57999,357.60999,350.98001,352.53000,997000
1786714200,350.72000,358.10001,349.73999,356.72000,880500
1786973400,353.94000,357.98001,353.00000,356.57001,1313100
1787059800,358.35001,361.45999,355.66000,357.32999,1505400
1787146200,358.39999,365.10999,357.17999,359.95001,1288200
1787232600,356.60999,358.75000,354.57001,356.60001,1861800
1787319000,359.01999,361.00000,354.19000,356.39001,994500
1787578200,359.37000,363.39001,357.26001,360.20001,954600
1787664600,360.60999,362.29001,357.42999,357.76999,1436100
1787751000,358.07001,360.67001,355.07001,358.67001,2033100
1787837400,354.59000,357.92999,353.76999,353.87000,1480700
1787923800,358.16000,358.16000,350.81000,351.07999,1011200
