time,open,high,low,close,tick_volume
1472477400,14.40000,14.47000,14.31000,14.38000,748900
1472563800,14.34000,14.41000,14.23000,14.35000,495100
1472650200,14.34000,14.44000,14.18000,14.43000,960500
1472736600,14.50000,14.50000,14.17000,14.31000,1407600
1472823000,14.38000,14.40000,14.13000,14.25000,1642600
1473168600,14.31000,14.65000,13.96000,14.04000,1495100
1473255000,14.05000,14.12000,13.99000,14.09000,1203700
1473341400,14.00000,14.41000,14.00000,14.17000,1498600
1473427800,14.14000,14.14000,13.74000,13.74000,956000
1473687000,13.49000,14.51000,13.49000,14.50000,3833400
1473773400,14.30000,14.37000,14.14000,14.25000,7771400
1473859800,14.34000,14.36000,14.16000,14.34000,5965800
1473946200,14.36000,14.37000,14.12000,14.17000,4902400
1474032600,14.07000,14.17000,13.97000,14.00000,3552800
1474291800,14.00000,14.12000,13.94000,14.00000,1563000
1474378200,14.12000,14.15000,14.00000,14.07000,1713700
1474464600,14.14000,14.33000,14.06000,14.28000,993900
1474551000,14.38000,14.56000,14.32000,14.53000,988000
1474637400,14.53000,14.64000,14.47000,14.47000,387900
1474896600,14.34000,14.38000,14.14000,14.19000,824500
1474983000,14.19000,14.32000,14.14000,14.32000,547400
1475069400,14.29000,14.40000,14.20000,14.27000,1699700
1475155800,14.25000,14.40000,14.06000,14.13000,1920800
1475242200,14.19000,14.37000,14.17000,14.22000,2207100
1475501400,14.13000,15.01000,14.13000,14.93000,5017500
1475587800,14.88000,14.99000,14.66000,14.69000,5543600
1475674200,14.67000,15.22000,14.63000,15.17000,4856800
1475760600,15.06000,15.18000,14.73000,15.08000,5427000
1475847000,15.09000,15.10000,14.45000,14.52000,1357100
1476106200,14.50000,14.75000,14.15000,14.25000,1420500
1476192600,14.30000,14.30000,13.85000,14.00000,866100
1476279000,13.95000,14.05000,13.75000,13.75000,905600
1476365400,13.70000,13.95000,13.58000,13.85000,643900
1476451800,14.30000,14.30000,13.65000,13.75000,595100
1476711000,13.75000,13.80000,13.63000,13.80000,417400
1476797400,14.00000,14.05000,13.65000,13.90000,711800
1476883800,14.00000,14.10000,13.80000,14.00000,673400
1476970200,14.25000,14.25000,13.50000,13.80000,782900
1477056600,13.60000,13.85000,13.55000,13.70000,690600
1477315800,13.75000,13.85000,13.20000,13.20000,2206900
1477402200,13.30000,13.70000,12.90000,13.00000,773000
1477488600,12.90000,13.25000,12.90000,13.15000,747600
1477575000,13.00000,13.00000,12.43000,12.60000,1382600
1477661400,12.60000,12.80000,12.45000,12.50000,781900
1477920600,12.50000,12.70000,12.40000,12.40000,1360000
1478007000,12.50000,12.70000,12.20000,12.40000,969800
1478093400,12.40000,12.45000,12.05000,12.10000,966000
1478179800,12.10000,12.40000,12.05000,12.15000,1115400
1478266200,12.25000,12.40000,12.10000,12.15000,1182400
1478529000,12.30000,12.60000,12.20000,12.50000,626800
1478615400,11.50000,12.20000,11.25000,12.10000,1284400
1478701800,12.00000,12.55000,11.85000,12.35000,749500
1478788200,12.35000,12.55000,12.05000,12.35000,1141300
1478874600,12.20000,12.45000,12.15000,12.35000,1225600
1479133800,12.35000,12.70000,12.25000,12.50000,1271100
1479220200,12.45000,12.60000,12.30000,12.35000,671600
1479306600,12.25000,12.45000,12.05000,12.35000,850400
1479393000,12.35000,12.50000,12.25000,12.35000,462300
1479479400,12.30000,12.40000,12.15000,12.20000,475300
1479738600,12.20000,12.25000,12.00000,12.05000,742100
1479825000,12.00000,12.15000,11.90000,12.00000,781800
1479911400,12.05000,12.15000,11.95000,12.10000,536500
1480084200,12.20000,12.33000,12.10000,12.10000,374000
1480343400,12.15000,12.33000,12.05000,12.10000,1033100
1480429800,12.05000,12.15000,11.75000,11.90000,677400
1480516200,11.90000,12.03000,11.78000,11.95000,497000
1480602600,11.95000,12.15000,11.85000,12.00000,539600
1480689000,12.05000,12.15000,12.00000,12.05000,1113100
1480948200,12.05000,12.15000,11.95000,12.05000,716000
1481034600,12.05000,12.15000,11.95000,12.05000,1248200
1481121000,12.05000,12.25000,12.00000,12.15000,1564300
1481207400,12.15000,12.35000,12.10000,12.20000,1207100
1481293800,12.20000,12.50000,12.20000,12.40000,686600
1481553000,12.30000,12.45000,12.30000,12.30000,1064600
1481639400,12.35000,12.55000,12.15000,12.25000,2570800
1481725800,12.25000,12.43000,12.15000,12.20000,892100
1481812200,12.25000,12.40000,11.98000,12.05000,744700
1481898600,12.10000,12.20000,11.85000,12.00000,1498600
1482157800,12.00000,12.15000,11.95000,12.15000,478700
1482244200,12.15000,12.20000,11.90000,11.95000,966200
1482330600,12.00000,12.13000,11.85000,12.05000,712700
1482417000,12.05000,12.15000,11.95000,12.05000,363400
1482503400,12.10000,12.15000,12.00000,12.05000,182200
1482849000,12.10000,12.25000,12.10000,12.25000,298500
1482935400,12.25000,12.30000,12.00000,12.05000,376300
1483021800,12.00000,12.10000,11.85000,12.05000,685800
1483108200,12.15000,12.15000,11.75000,11.80000,550900
1483453800,11.95000,12.25000,11.90000,12.05000,912900
1483540200,12.05000,12.30000,12.05000,12.25000,736600
1483626600,12.20000,12.35000,12.18000,12.25000,812100
1483713000,12.25000,12.40000,12.10000,12.25000,367900
1483972200,12.25000,12.45000,12.25000,12.40000,471000
1484058600,12.35000,12.50000,12.28000,12.50000,638900
1484145000,12.45000,12.55000,12.33000,12.55000,800000
1484231400,12.50000,12.60000,12.30000,12.45000,1157000
1484317800,12.45000,12.58000,12.40000,12.45000,381700
1484663400,12.40000,12.73000,12.30000,12.70000,529800
1484749800,12.70000,12.70000,12.40000,12.55000,867600
1484836200,12.55000,12.60000,12.40000,12.45000,439800
1484922600,12.45000,12.55000,12.35000,12.35000,644200
1485181800,12.35000,12.45000,12.30000,12.40000,471000
1485268200,12.35000,12.63000,12.30000,12.60000,359000
1485354600,12.60000,12.80000,12.55000,12.70000,792000
1485441000,12.75000,12.80000,12.50000,12.55000,424200
1485527400,12.55000,12.70000,12.50000,12.65000,613300
1485786600,12.70000,12.70000,12.45000,12.70000,445300
1485873000,12.70000,12.70000,12.40000,12.65000,457700
1485959400,12.65000,12.75000,12.50000,12.70000,379500
1486045800,12.70000,12.70000,12.50000,12.60000,414100
1486132200,12.60000,12.65000,12.50000,12.60000,280000
1486391400,12.60000,12.70000,12.55000,12.55000,185800
1486477800,12.55000,12.60000,12.40000,12.55000,386500
1486564200,12.55000,12.55000,12.35000,12.45000,283600
1486650600,12.40000,12.75000,12.40000,12.75000,494600
1486737000,12.50000,13.75000,12.50000,13.60000,749200
1486996200,13.70000,13.80000,13.35000,13.35000,658600
1487082600,13.40000,13.50000,13.25000,13.35000,561300
1487169000,13.20000,13.53000,13.20000,13.45000,1495500
1487255400,13.45000,13.50000,13.28000,13.40000,557100
1487341800,13.40000,13.55000,13.20000,13.50000,634200
1487687400,13.50000,13.80000,13.40000,13.65000,850300
1487773800,13.65000,13.65000,13.40000,13.60000,421900
1487860200,13.65000,13.65000,13.38000,13.50000,441700
1487946600,13.50000,13.50000,13.23000,13.40000,277300
1488205800,13.40000,13.50000,13.30000,13.40000,596700
1488292200,13.35000,13.40000,13.10000,13.20000,515800
1488378600,13.30000,13.50000,13.25000,13.40000,353800
1488465000,13.40000,13.45000,13.15000,13.25000,455800
1488551400,13.25000,13.25000,13.10000,13.25000,417300
1488810600,13.15000,13.30000,13.10000,13.25000,328800
1488897000,13.20000,13.40000,12.90000,13.00000,498900
1488983400,12.90000,13.05000,12.78000,12.80000,458400
1489069800,12.90000,12.90000,12.66000,12.80000,406100
1489156200,12.85000,12.90000,12.55000,12.80000,322800
1489411800,12.70000,12.75000,12.53000,12.55000,441400
1489498200,12.55000,12.70000,12.50000,12.70000,294900
1489584600,12.75000,12.95000,12.60000,12.90000,386500
1489671000,12.80000,12.98000,12.80000,12.90000,274500
1489757400,12.95000,13.05000,12.85000,12.95000,559100
1490016600,13.00000,13.00000,12.83000,12.90000,210700
1490103000,13.00000,13.05000,12.80000,12.85000,610900
1490189400,12.95000,12.95000,12.75000,12.95000,593200
1490275800,12.95000,13.03000,12.85000,12.95000,804000
1490362200,13.00000,13.08000,12.88000,12.95000,512900
1490621400,12.90000,13.05000,12.85000,12.95000,553400
1490707800,12.95000,13.30000,12.95000,13.25000,548700
1490794200,13.25000,13.50000,13.20000,13.45000,790300
1490880600,13.50000,13.80000,13.40000,13.70000,2143100
1490967000,13.70000,13.70000,13.33000,13.50000,511300
1491226200,13.55000,13.55000,13.20000,13.25000,446300
1491312600,13.25000,13.35000,13.10000,13.15000,569500
1491399000,13.15000,13.20000,12.93000,13.05000,455100
1491485400,13.00000,13.09000,12.85000,12.95000,396000
1491571800,12.90000,12.95000,12.85000,12.90000,159200
1491831000,12.90000,13.05000,12.85000,12.90000,300900
1491917400,12.85000,12.95000,12.80000,12.85000,381600
1492003800,12.90000,13.00000,12.83000,12.95000,416400
1492090200,12.85000,12.95000,12.70000,12.70000,319500
1492435800,12.80000,12.90000,12.70000,12.85000,279700
1492522200,12.85000,12.85000,12.60000,12.70000,413400
1492608600,12.75000,12.95000,12.75000,12.85000,249800
1492695000,12.85000,13.45000,12.85000,13.35000,457800
1492781400,13.30000,13.40000,13.13000,13.30000,453400
1493040600,13.40000,13.45000,13.30000,13.35000,1093400
1493127000,13.40000,13.50000,13.35000,13.45000,199900
1493213400,13.40000,13.50000,13.25000,13.25000,712400
1493299800,13.30000,13.38000,13.20000,13.20000,524100
1493386200,13.25000,13.25000,12.90000,13.00000,894200
1493645400,13.05000,13.10000,12.92000,13.00000,234500
1493731800,13.00000,13.05000,12.90000,12.90000,316300
1493818200,12.85000,12.95000,12.75000,12.85000,371100
1493904600,12.90000,12.90000,12.75000,12.85000,347900
1493991000,12.80000,13.00000,12.80000,13.00000,193400
1494250200,12.95000,13.10000,12.95000,13.10000,369100
1494336600,13.15000,13.40000,13.10000,13.40000,786600
1494423000,12.95000,13.60000,12.65000,13.05000,683300
1494509400,13.05000,13.15000,12.88000,13.00000,554300
1494595800,13.00000,13.10000,12.95000,13.05000,394600
1494855000,13.05000,13.33000,13.05000,13.30000,299500
1494941400,13.25000,13.35000,13.20000,13.30000,332700
1495027800,13.20000,13.25000,13.02000,13.05000,482900
1495114200,13.10000,13.18000,12.97000,13.05000,548000
1495200600,13.05000,13.23000,13.00000,13.20000,230600
1495459800,13.20000,13.55000,13.20000,13.55000,214100
1495546200,13.55000,13.68000,13.40000,13.50000,305200
1495632600,13.55000,13.65000,13.50000,13.65000,229400
1495719000,13.65000,13.70000,13.55000,13.60000,187800
1495805400,13.60000,13.80000,13.60000,13.80000,314500
1496151000,13.80000,13.80000,13.55000,13.65000,244700
1496237400,13.70000,13.75000,13.48000,13.70000,329500
1496323800,13.70000,14.00000,13.70000,14.00000,420400
1496410200,13.95000,14.05000,13.80000,13.95000,1191500
1496669400,13.95000,14.05000,13.80000,13.80000,1358900
1496755800,13.85000,13.95000,13.70000,13.90000,1304400
1496842200,14.00000,14.00000,13.75000,13.80000,1307600
1496928600,13.75000,13.95000,13.55000,13.95000,415100
1497015000,13.95000,14.10000,13.83000,14.10000,291400
1497274200,14.05000,14.25000,14.00000,14.05000,254400
1497360600,14.05000,14.13000,13.93000,13.95000,201500
1497447000,14.05000,14.10000,13.90000,14.00000,960300
1497533400,14.00000,14.08000,13.90000,14.05000,255600
1497619800,14.10000,14.25000,14.00000,14.15000,815100
1497879000,14.15000,14.30000,14.15000,14.25000,191000
1497965400,14.25000,14.25000,13.95000,14.00000,412100
1498051800,14.00000,14.10000,13.93000,13.95000,327000
1498138200,13.95000,14.05000,13.75000,13.95000,196000
1498224600,13.90000,14.10000,13.80000,14.05000,537000
1498483800,14.05000,14.15000,13.95000,14.10000,197900
1498570200,14.10000,14.25000,14.00000,14.10000,375100
1498656600,14.15000,14.40000,14.15000,14.30000,372500
1498743000,14.30000,14.40000,13.83000,14.05000,507000
1498829400,14.10000,14.20000,14.00000,14.15000,216300
1499088600,14.30000,14.35000,14.10000,14.30000,226200
1499261400,14.30000,14.30000,14.10000,14.15000,273700
1499347800,14.10000,14.10000,13.65000,13.65000,365100
1499434200,13.70000,13.85000,13.60000,13.75000,482300
1499693400,13.70000,13.85000,13.53000,13.55000,288000
1499779800,13.65000,13.78000,13.50000,13.75000,312800
1499866200,13.80000,13.85000,13.60000,13.60000,300700
1499952600,13.60000,13.75000,13.60000,13.70000,249100
1500039000,13.70000,14.05000,13.68000,14.00000,482700
1500298200,14.00000,14.25000,13.95000,14.10000,394500
1500384600,14.05000,14.13000,13.95000,14.05000,197400
1500471000,14.10000,14.43000,14.10000,14.35000,208300
1500557400,14.40000,14.55000,14.30000,14.35000,228200
1500643800,14.25000,14.55000,14.25000,14.45000,507900
1500903000,14.40000,14.50000,14.35000,14.45000,349800
1500989400,14.55000,14.60000,14.25000,14.55000,376600
1501075800,14.65000,14.75000,14.60000,14.60000,312000
1501162200,14.65000,14.80000,14.65000,14.70000,407900
1501248600,14.65000,14.90000,14.65000,14.80000,281100
1501507800,14.80000,14.85000,14.65000,14.70000,219200
1501594200,14.80000,14.90000,14.70000,14.85000,417700
1501680600,14.80000,14.80000,14.60000,14.75000,592900
1501767000,14.75000,14.80000,14.45000,14.65000,244300
1501853400,14.65000,14.70000,14.50000,14.60000,374200
1502112600,14.55000,14.85000,14.55000,14.80000,186200
1502199000,14.75000,14.75000,14.50000,14.60000,289700
1502285400,14.60000,14.65000,14.40000,14.55000,243100
1502371800,14.55000,14.55000,13.95000,14.00000,683200
1502458200,14.25000,14.40000,13.78000,13.80000,312200
1502717400,13.95000,14.00000,13.70000,13.80000,366700
1502803800,13.90000,13.90000,13.65000,13.70000,256500
1502890200,13.75000,13.85000,13.60000,13.65000,563900
1502976600,13.65000,13.88000,13.60000,13.65000,368400
1503063000,13.60000,13.85000,13.48000,13.75000,727900
1503322200,13.70000,13.80000,13.60000,13.75000,472900
1503408600,13.75000,13.85000,13.70000,13.80000,245600
1503495000,13.70000,13.73000,13.50000,13.50000,448200
1503581400,13.60000,13.60000,13.45000,13.60000,271600
1503667800,13.65000,13.85000,13.55000,13.75000,222100
1503927000,13.80000,13.85000,13.65000,13.80000,297100
1504013400,13.65000,13.75000,13.60000,13.70000,279700
1504099800,13.65000,13.75000,13.50000,13.60000,618500
1504186200,13.60000,13.75000,13.60000,13.70000,398000
1504272600,13.70000,13.85000,13.70000,13.80000,596700
1504618200,13.75000,13.80000,13.50000,13.55000,673600
1504704600,13.60000,13.80000,13.55000,13.65000,502900
1504791000,13.70000,13.90000,13.70000,13.80000,453200
1504877400,13.80000,13.90000,13.40000,13.40000,628100
1505136600,13.55000,13.70000,13.45000,13.65000,284100
1505223000,13.55000,13.65000,13.43000,13.50000,1061700
1505309400,13.60000,13.60000,13.10000,13.30000,651100
1505395800,13.30000,13.45000,13.20000,13.35000,868000
1505482200,13.25000,13.55000,13.25000,13.45000,1298200
1505741400,13.50000,13.55000,13.35000,13.45000,431300
1505827800,13.45000,13.50000,13.30000,13.50000,598500
1505914200,13.50000,13.60000,13.45000,13.60000,642100
1506000600,13.50000,13.58000,13.35000,13.45000,540200
1506087000,13.40000,13.50000,13.33000,13.40000,179200
1506346200,13.45000,13.60000,13.35000,13.60000,328300
1506432600,13.60000,13.60000,13.35000,13.40000,719500
1506519000,13.35000,13.65000,13.35000,13.55000,441500
1506605400,13.50000,13.80000,13.40000,13.65000,1023300
1506691800,13.60000,13.65000,13.50000,13.65000,360200
1506951000,13.65000,13.75000,13.55000,13.70000,357400
1507037400,13.70000,13.80000,13.55000,13.70000,281800
1507123800,13.70000,13.80000,13.60000,13.70000,287200
1507210200,13.70000,13.80000,13.63000,13.70000,492400
1507296600,13.65000,13.73000,13.55000,13.65000,285300
1507555800,13.65000,13.65000,13.50000,13.55000,136600
1507642200,13.65000,13.85000,13.60000,13.85000,806500
1507728600,13.80000,13.80000,13.65000,13.75000,291200
1507815000,13.70000,13.90000,13.70000,13.85000,208300
1507901400,13.95000,14.08000,13.80000,14.05000,204200
1508160600,14.00000,14.10000,13.90000,14.05000,268300
1508247000,14.00000,14.00000,13.85000,13.95000,157000
1508333400,13.95000,14.10000,13.90000,14.10000,568600
1508419800,14.00000,14.00000,13.85000,13.90000,202100
1508506200,14.05000,14.10000,13.95000,14.10000,457100
1508765400,14.05000,14.10000,13.95000,14.00000,286400
1508851800,13.95000,14.05000,13.90000,13.95000,544100
1508938200,13.95000,14.05000,13.80000,14.00000,439500
1509024600,14.00000,14.15000,13.93000,14.00000,474700
1509111000,14.00000,14.05000,13.80000,13.95000,545600
1509370200,13.95000,14.15000,13.90000,14.15000,245800
1509456600,14.10000,14.10000,13.90000,13.90000,266800
1509543000,14.00000,14.20000,13.90000,14.05000,447300
1509629400,14.00000,14.15000,13.85000,14.05000,475800
1509715800,14.05000,14.20000,14.00000,14.20000,299800
1509978600,14.15000,14.60000,14.15000,14.55000,347000
1510065000,14.50000,14.80000,14.38000,14.40000,372400
1510151400,14.40000,14.50000,14.30000,14.45000,371600
1510237800,14.40000,14.85000,14.35000,14.75000,525500
1510324200,15.15000,16.20000,14.90000,15.55000,935900
1510583400,15.50000,15.75000,15.30000,15.60000,491000
1510669800,15.50000,15.80000,15.35000,15.55000,396100
1510756200,15.60000,15.60000,15.43000,15.55000,339500
1510842600,15.60000,16.05000,15.50000,16.00000,384200
1510929000,15.95000,16.27000,15.90000,16.20000,1217800
1511188200,16.15000,16.15000,15.88000,15.95000,1028600
1511274600,15.95000,16.05000,15.88000,15.95000,2830100
1511361000,16.00000,16.00000,15.85000,15.90000,1876400
1511533800,15.95000,16.00000,15.78000,15.90000,197400
1511793000,16.00000,16.00000,15.85000,15.95000,666800
1511879400,15.85000,16.35000,15.85000,16.35000,795400
1511965800,16.20000,16.58000,16.20000,16.45000,966000
1512052200,16.30000,16.60000,16.25000,16.40000,912100
1512138600,16.50000,16.50000,16.05000,16.45000,764900
1512397800,16.45000,17.05000,16.35000,16.75000,1106500
1512484200,16.80000,16.83000,16.38000,16.55000,901500
1512570600,16.60000,16.68000,16.40000,16.55000,478400
1512657000,16.60000,16.60000,16.45000,16.55000,266500
1512743400,16.60000,16.80000,16.55000,16.80000,717500
1513002600,16.90000,17.00000,16.75000,16.90000,3117300
1513089000,17.00000,17.00000,16.45000,16.55000,563600
1513175400,16.55000,16.65000,16.40000,16.50000,839900
1513261800,16.45000,16.65000,16.40000,16.45000,854100
1513348200,16.50000,16.50000,16.30000,16.35000,1444800
1513607400,16.50000,16.70000,16.40000,16.60000,458800
1513693800,16.65000,16.80000,16.50000,16.65000,640800
1513780200,16.75000,16.75000,16.55000,16.60000,391900
1513866600,16.65000,16.83000,16.45000,16.65000,372400
1513953000,16.70000,16.80000,16.65000,16.80000,517300
1514298600,16.75000,16.80000,16.60000,16.60000,153000
1514385000,16.65000,16.75000,16.52000,16.65000,304000
1514471400,16.70000,16.70000,16.50000,16.65000,296600
1514557800,16.70000,16.77000,16.55000,16.60000,422000
1514903400,16.65000,16.85000,16.60000,16.80000,463900
1514989800,16.80000,16.90000,16.75000,16.90000,402500
1515076200,16.90000,17.08000,16.80000,16.93000,877800
1515162600,17.20000,17.40000,16.90000,17.20000,473100
1515421800,17.15000,17.25000,17.00000,17.20000,378900
1515508200,17.25000,17.35000,17.15000,17.25000,433500
1515594600,17.20000,17.25000,17.10000,17.15000,308900
1515681000,17.20000,17.60000,17.20000,17.50000,593000
1515767400,17.45000,17.55000,17.30000,17.55000,272000
1516113000,17.60000,17.60000,17.30000,17.30000,288100
1516199400,17.40000,17.70000,17.35000,17.55000,448500
1516285800,17.55000,17.60000,17.35000,17.40000,257500
1516372200,17.50000,17.60000,17.30000,17.55000,389700
1516631400,17.55000,17.55000,17.30000,17.55000,268600
1516717800,17.45000,17.50000,17.30000,17.35000,383900
1516804200,17.35000,17.55000,17.27000,17.40000,420700
1516890600,17.40000,17.45000,17.00000,17.30000,232900
1516977000,17.40000,17.50000,17.23000,17.50000,158500
1517236200,17.45000,17.55000,17.33000,17.35000,148600
1517322600,17.30000,17.48000,17.20000,17.30000,311400
1517409000,17.20000,17.45000,17.00000,17.45000,411700
1517495400,17.30000,17.35000,17.00000,17.15000,607200
1517581800,17.10000,17.10000,16.65000,16.75000,308300
1517841000,16.75000,16.90000,16.10000,16.10000,386600
1517927400,15.80000,16.52000,15.50000,16.50000,730400
1518013800,16.35000,16.55000,16.15000,16.30000,519800
1518100200,16.15000,16.35000,15.80000,15.85000,616600
1518186600,16.00000,16.50000,15.60000,16.00000,1151500
1518445800,16.10000,16.50000,16.00000,16.15000,1410800
1518532200,16.15000,16.63000,16.10000,16.55000,664900
1518618600,16.50000,16.75000,16.40000,16.70000,369400
1518705000,16.70000,16.85000,16.50000,16.60000,427900
1518791400,16.55000,16.70000,16.40000,16.45000,613700
1519137000,16.45000,16.45000,16.05000,16.10000,450800
1519223400,16.15000,16.45000,16.15000,16.15000,561900
1519309800,16.30000,16.65000,16.30000,16.50000,528100
1519396200,16.60000,16.80000,16.43000,16.75000,165700
1519655400,16.80000,16.98000,16.75000,16.90000,281700
1519741800,16.85000,16.95000,16.63000,16.70000,260300
1519828200,16.75000,16.75000,16.40000,16.40000,344600
1519914600,16.30000,16.45000,16.02000,16.10000,440700
1520001000,15.95000,16.15000,15.90000,16.15000,545800
1520260200,16.10000,16.45000,16.05000,16.40000,286800
1520346600,16.40000,16.65000,16.33000,16.60000,281700
1520433000,16.50000,16.60000,16.35000,16.50000,232300
1520519400,16.60000,16.65000,16.35000,16.40000,468200
1520605800,16.55000,16.80000,16.45000,16.80000,412400
1520861400,16.85000,17.00000,16.73000,16.85000,375000
1520947800,16.90000,16.95000,16.55000,16.65000,177300
1521034200,16.75000,16.80000,16.55000,16.65000,320700
1521120600,16.75000,16.80000,16.65000,16.75000,302600
1521207000,16.85000,17.02000,16.80000,17.00000,740500
1521466200,16.95000,17.10000,16.70000,16.75000,1239700
1521552600,16.75000,16.80000,16.63000,16.75000,330900
1521639000,16.80000,16.95000,16.75000,16.90000,1154900
1521725400,16.85000,16.95000,16.65000,16.70000,1320500
1521811800,16.70000,16.75000,15.95000,16.00000,1687900
1522071000,16.15000,16.20000,15.70000,16.10000,985800
1522157400,16.10000,16.25000,15.90000,15.95000,363000
1522243800,15.95000,16.02000,15.75000,15.80000,390700
1522330200,15.80000,16.25000,15.80000,16.10000,506300
1522675800,16.10000,16.10000,15.50000,15.65000,489500
1522762200,15.70000,16.00000,15.55000,16.00000,515500
1522848600,15.80000,16.05000,15.65000,16.00000,305000
1522935000,15.95000,16.15000,15.85000,16.00000,374600
1523021400,15.95000,16.00000,15.60000,15.80000,316000
1523280600,15.85000,16.15000,15.70000,15.85000,317100
1523367000,16.00000,16.38000,15.95000,16.20000,408500
1523453400,16.05000,16.15000,15.93000,16.00000,323100
1523539800,16.05000,16.18000,15.90000,16.10000,153100
1523626200,16.10000,16.15000,15.90000,15.90000,189500
1523885400,16.10000,16.25000,15.95000,16.20000,234200
1523971800,16.25000,16.35000,16.10000,16.25000,251400
1524058200,16.35000,16.40000,16.20000,16.25000,200600
1524144600,16.25000,16.43000,16.25000,16.40000,179900
1524231000,16.40000,16.40000,16.25000,16.35000,308300
1524490200,16.30000,16.45000,16.25000,16.35000,375600
1524576600,16.45000,16.50000,16.05000,16.15000,389600
1524663000,16.15000,16.25000,15.98000,16.15000,355200
1524749400,16.15000,16.30000,16.13000,16.20000,182100
1524835800,16.20000,16.25000,16.08000,16.25000,140700
1525095000,16.35000,16.43000,16.15000,16.25000,401600
1525181400,16.20000,16.20000,16.00000,16.20000,380900
1525267800,16.15000,16.23000,15.85000,15.85000,300700
1525354200,15.95000,16.25000,15.80000,16.20000,679300
1525440600,16.15000,16.40000,16.10000,16.35000,277200
1525699800,16.35000,16.65000,16.35000,16.60000,364800
1525786200,16.65000,16.75000,16.50000,16.60000,315000
1525872600,16.75000,16.75000,16.50000,16.65000,911200
1525959000,16.75000,16.80000,16.58000,16.68000,1045900
1526045400,16.75000,16.75000,15.35000,15.50000,962900
1526304600,15.75000,16.35000,15.75000,16.25000,1630000
1526391000,16.25000,16.33000,15.95000,16.25000,585000
1526477400,16.20000,16.40000,16.13000,16.25000,594600
1526563800,16.25000,16.35000,16.10000,16.20000,981600
1526650200,16.15000,16.20000,16.00000,16.10000,1104800
1526909400,16.10000,16.27000,16.10000,16.20000,677200
1526995800,16.20000,16.30000,16.00000,16.05000,1311500
1527082200,16.10000,16.10000,15.85000,16.00000,506700
1527168600,16.10000,16.10000,15.85000,16.00000,731400
1527255000,15.95000,16.10000,15.95000,16.05000,159500
1527600600,16.00000,16.10000,15.50000,15.55000,573600
1527687000,15.75000,15.95000,15.68000,15.88000,289900
1527773400,15.85000,15.90000,15.40000,15.45000,430400
1527859800,15.50000,15.75000,15.50000,15.60000,307600
1528119000,15.75000,15.78000,15.60000,15.65000,251200
1528205400,15.65000,16.05000,15.65000,16.05000,239500
1528291800,16.00000,16.20000,15.95000,16.10000,291100
1528378200,16.10000,16.20000,16.00000,16.10000,286800
1528464600,16.10000,16.30000,16.05000,16.15000,449100
1528723800,16.00000,16.33000,16.00000,16.20000,265000
1528810200,16.25000,16.45000,16.25000,16.40000,213800
1528896600,16.35000,16.68000,16.05000,16.10000,903100
1528983000,16.20000,16.25000,16.00000,16.15000,803200
1529069400,16.00000,16.45000,15.95000,16.25000,1883800
1529328600,16.10000,16.30000,16.05000,16.30000,400500
1529415000,16.10000,16.20000,16.05000,16.10000,643500
1529501400,16.15000,16.30000,16.10000,16.15000,820100
1529587800,16.10000,16.20000,15.90000,16.00000,716100
1529674200,16.15000,16.15000,16.00000,16.05000,541000
1529933400,16.00000,16.10000,15.70000,15.75000,313000
1530019800,15.75000,15.85000,15.60000,15.70000,370500
1530106200,15.75000,16.00000,15.70000,15.75000,346000
1530192600,15.80000,15.85000,15.65000,15.80000,285700
1530279000,15.75000,15.95000,15.75000,15.85000,379700
1530538200,15.70000,15.80000,15.40000,15.45000,469900
1530624600,15.60000,15.70000,15.55000,15.55000,226100
1530797400,15.55000,15.60000,15.35000,15.50000,477800
1530883800,15.45000,15.70000,15.45000,15.60000,169500
1531143000,15.75000,15.78000,15.60000,15.70000,209400
1531229400,15.70000,16.10000,15.70000,16.05000,260700
1531315800,15.90000,16.15000,15.75000,15.80000,258100
1531402200,15.90000,15.90000,15.65000,15.75000,156100
1531488600,15.75000,15.85000,15.75000,15.80000,113500
1531747800,15.75000,15.80000,15.60000,15.65000,159600
1531834200,15.60000,15.63000,15.48000,15.55000,338000
1531920600,15.45000,15.85000,15.45000,15.65000,523700
1532007000,15.55000,15.83000,15.50000,15.60000,394500
1532093400,15.55000,15.70000,15.45000,15.50000,200200
1532352600,15.55000,15.73000,15.40000,15.50000,365000
1532439000,15.55000,15.55000,15.20000,15.25000,145300
1532525400,15.25000,15.40000,15.20000,15.40000,226500
1532611800,15.40000,15.48000,15.25000,15.25000,202900
1532698200,15.30000,15.38000,15.00000,15.10000,212800
1532957400,15.15000,15.25000,15.00000,15.15000,233200
1533043800,15.15000,15.35000,15.10000,15.30000,173800
1533130200,15.20000,15.30000,15.10000,15.25000,312300
1533216600,15.10000,15.25000,15.10000,15.20000,158400
1533303000,15.15000,15.30000,15.10000,15.30000,123300
1533562200,15.25000,15.45000,15.23000,15.35000,226700
1533648600,15.35000,15.45000,15.23000,15.30000,176100
1533735000,15.35000,15.40000,15.18000,15.30000,262700
1533821400,15.35000,15.63000,15.25000,15.40000,386200
1533907800,15.20000,15.20000,13.20000,13.45000,939800
1534167000,13.60000,14.05000,13.60000,13.95000,1560200
1534253400,14.15000,14.30000,13.90000,14.15000,1609400
1534339800,14.15000,14.20000,13.95000,14.10000,1667800
1534426200,14.30000,14.40000,14.15000,14.30000,817100
1534512600,14.35000,14.45000,14.10000,14.45000,1321000
1534771800,14.05000,14.15000,13.75000,14.05000,910900
1534858200,14.15000,14.15000,13.90000,14.05000,1638100
1534944600,14.10000,14.20000,14.00000,14.20000,469900
1535031000,14.10000,14.15000,13.75000,13.85000,613400
1535117400,13.95000,14.05000,13.75000,13.85000,948900
1535376600,13.90000,14.00000,13.60000,13.80000,884700
1535463000,13.80000,13.85000,13.65000,13.75000,479500
1535549400,13.80000,14.00000,13.75000,13.85000,519400
1535635800,13.80000,13.95000,13.65000,13.70000,615700
1535722200,13.60000,13.75000,13.45000,13.60000,444300
1536067800,13.65000,13.75000,13.35000,13.40000,437700
1536154200,13.45000,13.50000,13.25000,13.40000,659300
1536240600,13.35000,13.55000,13.05000,13.15000,975400
1536327000,12.96000,13.25000,12.95000,13.10000,334300
1536586200,13.15000,13.23000,12.95000,13.05000,636600
1536672600,13.00000,13.10000,12.80000,13.00000,563700
1536759000,13.05000,13.13000,12.80000,12.90000,579000
1536845400,12.90000,13.10000,12.90000,13.05000,408400
1536931800,13.00000,13.03000,12.75000,12.85000,586500
1537191000,13.10000,13.10000,12.70000,12.75000,283200
1537277400,12.85000,13.00000,12.70000,12.90000,504900
1537363800,12.85000,13.13000,12.85000,12.95000,552300
1537450200,13.00000,13.10000,12.85000,13.10000,437800
1537536600,13.10000,13.25000,12.95000,13.20000,1770300
1537795800,13.05000,13.30000,13.05000,13.25000,493300
1537882200,13.30000,13.43000,13.25000,13.35000,504500
1537968600,13.40000,13.45000,13.20000,13.40000,530600
1538055000,13.35000,13.58000,13.25000,13.35000,774100
1538141400,13.35000,13.69000,13.25000,13.60000,523500
1538400600,13.64000,13.74000,13.41000,13.53000,908900
1538487000,13.51000,13.54000,13.38000,13.39000,1099900
1538573400,13.45000,13.81000,13.37000,13.73000,1399100
1538659800,13.69000,13.73000,13.53000,13.66000,1181100
1538746200,13.76000,13.81000,13.60000,13.64000,931900
1539005400,13.65000,13.65000,13.46000,13.63000,424000
1539091800,13.90000,13.90000,13.59000,13.73000,793300
1539178200,13.65000,13.73000,13.15000,13.16000,776700
1539264600,13.12000,13.20000,12.96000,13.02000,750300
1539351000,13.14000,13.24000,13.06000,13.20000,670800
1539610200,13.13000,13.43000,12.91000,13.29000,453600
1539696600,13.41000,13.48000,13.29000,13.45000,424400
1539783000,13.39000,13.60000,13.33000,13.51000,674000
1539869400,13.52000,13.60000,13.36000,13.42000,609200
1539955800,13.45000,13.67000,13.35000,13.38000,1629100
1540215000,13.39000,13.46000,13.32000,13.40000,718900
1540301400,13.16000,13.38000,13.07000,13.23000,1278700
1540387800,13.18000,13.39000,13.00000,13.02000,727300
1540474200,13.00000,13.21000,12.94000,13.03000,893900
1540560600,12.92000,13.02000,12.74000,12.84000,1011800
1540819800,12.98000,13.14000,12.58000,12.69000,514000
1540906200,12.78000,13.04000,12.72000,13.03000,559100
1540992600,13.05000,13.52000,13.05000,13.34000,590200
1541079000,13.35000,13.41000,13.18000,13.31000,853300
1541165400,13.33000,13.43000,13.19000,13.36000,473400
1541428200,13.36000,13.49000,13.25000,13.36000,978000
1541514600,13.40000,13.52000,13.30000,13.47000,395200
1541601000,13.50000,13.66000,13.43000,13.60000,535500
1541687400,14.14000,14.34000,13.67000,14.31000,766700
1541773800,14.27000,14.54000,14.27000,14.40000,887600
1542033000,14.40000,14.45000,13.88000,13.89000,609000
1542119400,13.95000,14.10000,13.86000,13.91000,571600
1542205800,14.02000,14.10000,13.89000,14.06000,401700
1542292200,13.95000,13.95000,13.70000,13.85000,623000
1542378600,13.79000,14.02000,13.79000,13.88000,384200
1542637800,13.87000,13.87000,13.59000,13.65000,549100
1542724200,13.50000,13.62000,12.92000,12.95000,508700
1542810600,12.96000,13.19000,12.92000,12.99000,552200
1542983400,12.92000,13.09000,12.86000,12.96000,186800
1543242600,13.09000,13.44000,13.07000,13.42000,512000
1543329000,13.40000,13.55000,13.18000,13.27000,477200
1543415400,13.22000,13.52000,13.15000,13.52000,596600
1543501800,13.50000,13.73000,13.50000,13.60000,285900
1543588200,13.57000,13.66000,13.37000,13.40000,482000
1543847400,13.49000,13.80000,13.49000,13.69000,348300
1543933800,13.65000,13.77000,13.24000,13.27000,441500
1544106600,13.14000,13.14000,12.69000,12.86000,798200
1544193000,12.87000,13.03000,12.64000,12.71000,343300
1544452200,12.69000,12.84000,12.43000,12.79000,679700
1544538600,12.95000,13.11000,12.60000,12.66000,716900
1544625000,12.84000,13.15000,12.80000,12.97000,380300
1544711400,12.99000,13.18000,12.74000,12.81000,394400
1544797800,12.65000,12.72000,12.42000,12.46000,459500
1545057000,12.47000,12.55000,12.19000,12.27000,732800
1545143400,12.34000,12.55000,12.06000,12.16000,427700
1545229800,12.19000,12.43000,11.99000,12.01000,694000
1545316200,12.01000,12.01000,11.48000,11.57000,672500
1545402600,11.57000,11.87000,11.25000,11.25000,1735100
1545661800,11.19000,11.38000,11.06000,11.06000,431400
1545834600,11.10000,11.36000,10.85000,11.36000,782500
1545921000,11.19000,11.38000,10.96000,11.38000,880600
1546007400,11.42000,11.60000,11.31000,11.46000,446400
1546266600,11.49000,11.58000,11.33000,11.55000,444900
1546439400,11.41000,11.65000,11.32000,11.61000,341400
1546525800,11.56000,11.65000,11.36000,11.46000,679500
1546612200,11.61000,11.97000,11.61000,11.96000,316700
1546871400,11.97000,12.31000,11.88000,12.20000,975800
1546957800,12.29000,12.41000,12.18000,12.32000,847800
1547044200,12.34000,12.52000,12.30000,12.37000,825200
1547130600,12.34000,12.43000,12.25000,12.37000,428000
1547217000,12.32000,12.51000,12.27000,12.48000,373900
1547476200,12.49000,12.61000,12.42000,12.45000,492600
1547562600,12.49000,12.69000,12.47000,12.51000,950300
1547649000,12.49000,12.66000,12.49000,12.54000,545700
1547735400,12.50000,12.70000,12.43000,12.60000,799900
1547821800,12.74000,12.74000,12.58000,12.68000,628200
1548167400,12.66000,12.68000,12.43000,12.50000,524600
1548253800,12.51000,12.52000,12.17000,12.36000,362900
1548340200,12.34000,12.61000,12.27000,12.56000,536200
1548426600,12.67000,12.99000,12.67000,12.80000,1916900
1548685800,12.78000,12.85000,12.67000,12.78000,784400
1548772200,12.82000,12.99000,12.82000,12.86000,1047400
1548858600,12.85000,12.95000,12.65000,12.83000,928600
1548945000,12.79000,12.97000,12.79000,12.93000,1328000
1549031400,12.93000,12.97000,12.84000,12.86000,640400
1549290600,12.79000,13.08000,12.79000,12.99000,1026600
1549377000,12.98000,13.13000,12.96000,13.12000,425700
1549463400,13.06000,13.25000,13.04000,13.07000,525600
1549549800,12.97000,13.00000,12.64000,12.82000,761100
1549636200,12.85000,13.10000,12.32000,12.67000,752000
1549895400,12.97000,12.97000,12.28000,12.41000,682300
1549981800,12.52000,12.71000,12.43000,12.63000,478800
1550068200,12.66000,12.79000,12.58000,12.66000,487400
1550154600,12.51000,12.83000,12.51000,12.69000,377400
1550241000,12.79000,12.95000,12.66000,12.93000,563900
1550586600,12.96000,13.13000,12.94000,13.02000,574300
1550673000,12.91000,13.25000,12.91000,13.15000,456600
1550759400,13.07000,13.18000,13.01000,13.05000,481200
1550845800,13.00000,13.27000,13.00000,13.21000,352100
1551105000,13.34000,13.45000,13.26000,13.27000,446200
1551191400,13.30000,13.35000,13.23000,13.32000,396500
1551277800,13.30000,13.38000,13.18000,13.32000,313800
1551364200,13.33000,13.34000,13.24000,13.31000,535000
1551450600,13.41000,13.59000,13.36000,13.56000,421500
1551709800,13.59000,13.69000,13.41000,13.56000,355600
1551796200,13.53000,13.60000,13.39000,13.42000,943100
1551882600,13.38000,13.46000,13.30000,13.36000,610700
1551969000,13.35000,13.37000,13.09000,13.15000,261900
1552055400,13.03000,13.05000,12.92000,13.05000,268200
1552311000,13.06000,13.31000,13.06000,13.29000,325200
1552397400,13.25000,13.33000,13.03000,13.06000,662700
1552483800,13.13000,13.13000,12.92000,12.96000,435400
1552570200,12.95000,12.98000,12.78000,12.78000,1030800
1552656600,12.82000,12.88000,12.69000,12.74000,2386600
1552915800,12.75000,12.91000,12.71000,12.73000,1331800
1553002200,12.75000,12.81000,12.57000,12.62000,1406500
1553088600,12.60000,12.72000,12.46000,12.61000,1781200
1553175000,12.55000,13.03000,12.55000,12.85000,2139900
1553261400,12.81000,12.90000,12.57000,12.64000,1574300
1553520600,12.65000,12.74000,12.54000,12.59000,1402700
1553607000,12.64000,12.68000,12.43000,12.50000,662500
1553693400,12.54000,12.54000,12.30000,12.39000,467000
1553779800,12.40000,12.46000,12.27000,12.45000,299100
1553866200,12.51000,12.53000,12.42000,12.49000,367500
1554125400,12.60000,12.67000,12.55000,12.61000,505800
1554211800,12.64000,12.67000,12.48000,12.48000,909400
1554298200,12.57000,12.75000,12.52000,12.55000,607900
1554384600,12.56000,12.70000,12.56000,12.58000,1011800
1554471000,12.59000,12.71000,12.56000,12.64000,339900
1554730200,12.66000,12.70000,12.58000,12.63000,347600
1554816600,12.58000,12.66000,12.57000,12.63000,291900
1554903000,12.66000,12.76000,12.63000,12.76000,238800
1554989400,12.75000,12.76000,12.63000,12.64000,333600
1555075800,12.68000,12.79000,12.68000,12.75000,387400
1555335000,12.71000,12.81000,12.59000,12.65000,820000
1555421400,12.69000,12.84000,12.64000,12.75000,648700
1555507800,12.75000,12.94000,12.68000,12.71000,528000
1555594200,12.73000,12.73000,12.45000,12.63000,370200
1555939800,12.60000,12.62000,12.37000,12.52000,296700
1556026200,12.54000,12.69000,12.54000,12.60000,428600
1556112600,12.60000,12.64000,12.57000,12.62000,399500
1556199000,12.60000,12.60000,12.33000,12.46000,312900
1556285400,12.48000,12.57000,12.41000,12.57000,482900
1556544600,12.53000,12.69000,12.49000,12.52000,944200
1556631000,12.64000,12.64000,12.35000,12.49000,624600
1556717400,12.52000,12.61000,12.41000,12.44000,1138200
1556803800,12.45000,12.45000,12.25000,12.37000,582600
1556890200,12.39000,12.49000,12.39000,12.43000,1213000
1557149400,12.26000,12.34000,12.06000,12.17000,424900
1557235800,12.07000,12.08000,11.64000,11.74000,883500
1557322200,11.69000,11.82000,11.59000,11.61000,679300
1557408600,11.57000,11.67000,11.38000,11.66000,926700
1557495000,11.83000,12.28000,11.79000,12.03000,818200
1557754200,11.78000,11.88000,11.48000,11.58000,1404500
1557840600,11.62000,11.80000,11.60000,11.65000,1159000
1557927000,11.56000,11.77000,11.45000,11.73000,532000
1558013400,11.76000,11.88000,11.66000,11.68000,232800
1558099800,11.61000,11.68000,11.51000,11.56000,553400
1558359000,11.93000,12.03000,11.78000,11.81000,1651400
1558445400,11.92000,12.03000,11.90000,12.01000,545600
1558531800,11.95000,12.05000,11.95000,11.99000,905100
1558618200,11.90000,12.04000,11.81000,12.00000,687200
1558704600,12.07000,12.16000,11.98000,12.06000,675000
1559050200,12.07000,12.14000,11.99000,11.99000,580400
1559136600,12.02000,12.04000,11.79000,11.87000,739100
1559223000,11.88000,11.96000,11.71000,11.77000,801300
1559309400,11.67000,11.76000,11.63000,11.65000,703800
1559568600,11.63000,11.79000,11.63000,11.72000,870100
1559655000,11.89000,11.95000,11.78000,11.89000,712100
1559741400,11.88000,11.99000,11.65000,11.97000,1344800
1559827800,11.96000,12.00000,11.88000,11.93000,822200
1559914200,12.08000,12.13000,11.91000,12.07000,704000
1560173400,12.12000,12.15000,12.04000,12.12000,621300
1560259800,12.20000,12.21000,12.09000,12.13000,649400
1560346200,12.15000,12.20000,12.05000,12.07000,598000
1560432600,12.08000,12.17000,12.04000,12.16000,533200
1560519000,12.12000,12.24000,12.05000,12.21000,1291800
1560778200,12.25000,12.64000,12.23000,12.61000,974900
1560864600,12.74000,13.33000,12.68000,13.20000,1147200
1560951000,13.25000,13.77000,13.25000,13.72000,1296000
1561037400,13.86000,13.98000,13.72000,13.95000,1156600
1561123800,13.92000,14.07000,13.74000,13.92000,1850200
1561383000,13.89000,13.90000,13.70000,13.73000,779500
1561469400,13.78000,13.78000,13.63000,13.66000,527500
1561555800,13.67000,13.80000,13.65000,13.70000,612300
1561642200,13.85000,13.92000,13.80000,13.86000,598000
1561728600,13.86000,14.00000,13.78000,13.96000,1691600
1561987800,14.17000,14.22000,13.84000,13.99000,904700
1562074200,13.97000,14.08000,13.82000,13.91000,391300
1562160600,13.95000,13.96000,13.83000,13.90000,269800
1562333400,13.87000,13.99000,13.78000,13.91000,526600
1562592600,13.83000,13.95000,13.68000,13.71000,319200
1562679000,13.68000,13.77000,13.63000,13.70000,386900
1562765400,13.74000,13.80000,13.66000,13.69000,643300
1562851800,13.71000,13.75000,13.60000,13.64000,409800
1562938200,13.69000,13.75000,13.60000,13.73000,670600
1563197400,13.74000,13.76000,13.63000,13.75000,466400
1563283800,13.78000,13.91000,13.77000,13.88000,740300
1563370200,13.87000,13.98000,13.46000,13.53000,761300
1563456600,13.55000,13.69000,13.50000,13.66000,746400
1563543000,13.54000,13.62000,13.37000,13.51000,392400
1563802200,13.49000,13.61000,13.46000,13.59000,467300
1563888600,13.67000,13.73000,13.56000,13.66000,914000
1563975000,13.62000,13.88000,13.55000,13.83000,835500
1564061400,13.84000,13.84000,13.60000,13.66000,370700
1564147800,13.66000,13.73000,13.61000,13.70000,415800
1564407000,13.66000,13.78000,13.53000,13.65000,390200
1564493400,13.57000,13.69000,13.53000,13.68000,355100
1564579800,13.64000,14.07000,13.40000,13.46000,695600
1564666200,13.42000,13.58000,13.31000,13.34000,685400
1564752600,13.26000,13.32000,13.15000,13.30000,713100
1565011800,13.10000,13.27000,13.01000,13.09000,1094800
1565098200,13.16000,13.23000,13.06000,13.20000,515700
1565184600,13.06000,13.14000,12.82000,13.12000,699300
1565271000,13.11000,13.37000,13.11000,13.36000,1025500
1565357400,13.52000,14.12000,13.32000,14.07000,809500
1565616600,14.15000,14.58000,14.13000,14.40000,1125200
1565703000,14.40000,14.73000,14.38000,14.46000,892500
1565789400,14.26000,14.43000,13.74000,13.75000,795000
1565875800,13.73000,14.25000,13.73000,13.99000,769000
1565962200,14.06000,14.22000,13.83000,14.14000,464800
1566221400,14.34000,14.51000,14.32000,14.36000,315200
1566307800,14.34000,14.51000,14.28000,14.29000,420600
1566394200,14.35000,14.51000,14.25000,14.46000,273200
1566480600,14.46000,14.60000,14.38000,14.47000,409600
1566567000,14.39000,14.45000,13.91000,13.95000,716700
1566826200,14.00000,14.09000,13.93000,14.04000,410700
1566912600,14.16000,14.16000,13.86000,13.92000,512900
1566999000,13.95000,14.14000,13.86000,14.13000,435400
1567085400,14.25000,14.29000,14.18000,14.19000,246400
1567171800,14.27000,14.33000,14.08000,14.16000,318600
1567517400,14.01000,14.07000,13.88000,13.93000,373600
1567603800,14.01000,14.25000,14.01000,14.20000,396200
1567690200,14.35000,14.49000,14.32000,14.34000,370300
1567776600,14.36000,14.55000,14.36000,14.51000,369000
1568035800,14.56000,14.76000,14.42000,14.75000,421600
1568122200,14.58000,14.85000,14.56000,14.84000,394100
1568208600,14.81000,14.99000,14.74000,14.87000,363100
1568295000,14.87000,15.01000,14.80000,14.82000,636600
1568381400,14.86000,14.97000,14.80000,14.90000,342900
1568640600,14.86000,14.86000,14.36000,14.48000,470900
1568727000,14.45000,14.65000,14.34000,14.62000,426600
1568813400,14.68000,14.71000,14.50000,14.60000,525900
1568899800,14.60000,14.64000,14.33000,14.35000,449900
1568986200,14.40000,14.57000,14.19000,14.32000,1168800
1569245400,14.37000,14.48000,14.19000,14.39000,434400
1569331800,14.40000,14.41000,14.04000,14.26000,515100
1569418200,14.21000,14.46000,14.18000,14.37000,355800
1569504600,14.36000,14.36000,13.99000,14.23000,591600
1569591000,14.31000,14.34000,14.09000,14.17000,225300
1569850200,14.22000,14.43000,14.21000,14.30000,572600
1569936600,14.35000,14.47000,14.21000,14.25000,627400
1570023000,14.11000,14.18000,13.93000,14.06000,977900
1570109400,14.12000,14.18000,13.78000,13.97000,540200
1570195800,13.99000,14.15000,13.97000,14.12000,368700
1570455000,14.00000,14.12000,13.94000,13.94000,606100
1570541400,13.85000,13.90000,13.19000,13.20000,741900
1570627800,13.24000,13.39000,13.13000,13.36000,743000
1570714200,13.30000,13.53000,13.30000,13.47000,594600
1570800600,13.63000,13.84000,13.47000,13.76000,430700
1571059800,13.66000,13.81000,13.66000,13.80000,326900
1571146200,13.86000,13.86000,13.11000,13.64000,674800
1571232600,13.62000,13.90000,13.62000,13.87000,572600
1571319000,13.94000,14.06000,13.77000,13.91000,681100
1571405400,13.84000,13.99000,13.71000,13.79000,1001800
1571664600,13.88000,14.04000,13.83000,14.00000,480400
1571751000,14.03000,14.32000,14.02000,14.19000,1057900
1571837400,14.18000,14.28000,14.07000,14.25000,560200
1571923800,14.36000,14.57000,14.09000,14.23000,700300
1572010200,14.28000,14.28000,14.12000,14.21000,404300
1572269400,14.20000,14.39000,14.20000,14.30000,392500
1572355800,14.24000,14.42000,14.22000,14.33000,380000
1572442200,14.31000,14.33000,13.93000,14.02000,380200
1572528600,14.05000,14.13000,13.82000,14.12000,502000
1572615000,14.13000,14.24000,14.00000,14.18000,493200
1572877800,14.24000,14.35000,14.14000,14.23000,424500
1572964200,14.27000,14.31000,14.15000,14.19000,379900
1573050600,14.17000,14.17000,13.84000,13.98000,460400
1573137000,14.02000,14.23000,13.71000,13.79000,711800
1573223400,13.31000,13.91000,12.97000,13.23000,1103200
1573482600,13.17000,13.43000,13.11000,13.36000,1029600
1573569000,13.32000,13.38000,13.15000,13.31000,818300
1573655400,13.28000,13.46000,13.20000,13.31000,782700
1573741800,13.25000,13.31000,13.01000,13.20000,885900
1573828200,13.28000,13.33000,13.15000,13.32000,780400
1574087400,13.34000,13.40000,13.24000,13.26000,563800
1574173800,13.28000,13.30000,13.18000,13.27000,414400
1574260200,13.22000,13.22000,13.05000,13.14000,627300
1574346600,13.13000,13.15000,12.87000,12.90000,596900
1574433000,12.92000,13.02000,12.89000,12.98000,762500
1574692200,13.03000,13.17000,12.98000,13.17000,667000
1574778600,13.21000,13.40000,13.14000,13.32000,453200
1574865000,13.45000,13.55000,13.35000,13.38000,548200
1575037800,13.31000,13.40000,13.05000,13.17000,528900
1575297000,13.08000,13.26000,12.99000,13.17000,779000
1575383400,13.10000,13.10000,12.82000,12.91000,491400
1575469800,12.93000,13.13000,12.91000,13.07000,581300
1575556200,13.09000,13.31000,13.08000,13.28000,580200
1575642600,13.33000,13.54000,13.29000,13.48000,578600
1575901800,13.45000,13.63000,13.42000,13.49000,661700
1575988200,13.48000,13.57000,13.39000,13.45000,646500
1576074600,13.50000,13.63000,13.40000,13.54000,539200
1576161000,13.59000,14.05000,13.59000,14.03000,605800
1576247400,14.06000,14.07000,13.83000,13.91000,772700
1576506600,14.00000,14.26000,14.00000,14.09000,683200
1576593000,14.17000,14.22000,14.01000,14.16000,583600
1576679400,14.23000,14.46000,14.13000,14.38000,672300
1576765800,14.35000,14.41000,14.22000,14.31000,629700
1576852200,14.61000,14.61000,14.14000,14.31000,1771100
1577111400,14.26000,14.36000,14.25000,14.31000,404200
1577197800,14.28000,14.34000,14.27000,14.29000,112200
1577370600,14.36000,14.54000,14.34000,14.53000,749300
1577457000,14.60000,14.60000,14.46000,14.47000,408700
1577716200,14.42000,14.50000,14.41000,14.46000,344800
1577802600,14.48000,14.51000,14.33000,14.51000,327700
1577975400,14.63000,14.82000,14.55000,14.81000,775400
1578061800,14.61000,14.86000,14.61000,14.82000,1037300
1578321000,14.79000,14.79000,14.62000,14.77000,475100
1578407400,14.72000,14.99000,14.70000,14.93000,467700
1578493800,14.93000,15.11000,14.93000,14.97000,528100
1578580200,15.00000,15.05000,14.26000,14.81000,661900
1578666600,14.85000,14.85000,14.69000,14.72000,437000
1578925800,14.71000,14.92000,14.67000,14.90000,367300
1579012200,14.80000,15.06000,14.80000,15.05000,933800
1579098600,15.08000,15.17000,15.01000,15.14000,488100
1579185000,15.23000,15.36000,15.07000,15.25000,551200
1579271400,15.25000,15.36000,15.19000,15.23000,725600
1579617000,15.06000,15.08000,14.73000,14.84000,612200
1579703400,14.83000,14.95000,14.75000,14.79000,544900
1579789800,14.65000,14.82000,14.61000,14.71000,434800
1579876200,14.69000,14.69000,14.34000,14.35000,899600
1580135400,14.18000,14.29000,14.05000,14.10000,639000
1580221800,14.15000,14.21000,13.92000,13.92000,826300
1580308200,13.91000,14.07000,13.72000,13.79000,583200
1580394600,13.75000,14.03000,13.61000,14.01000,757100
1580481000,13.98000,14.06000,13.87000,13.97000,616100
1580740200,14.07000,14.16000,13.97000,14.02000,732700
1580826600,14.21000,14.22000,14.00000,14.15000,531400
1580913000,14.33000,14.49000,14.19000,14.40000,790700
1580999400,14.55000,14.82000,14.44000,14.74000,1311400
1581085800,14.40000,14.55000,13.88000,14.44000,756400
1581345000,14.36000,14.40000,13.94000,14.08000,947500
1581431400,14.25000,14.50000,14.13000,14.48000,453600
1581517800,14.54000,14.87000,14.51000,14.80000,572200
1581604200,14.75000,14.83000,14.66000,14.81000,488000
1581690600,14.80000,15.02000,14.74000,14.98000,440400
1582036200,14.92000,14.99000,14.86000,14.92000,333600
1582122600,14.92000,15.22000,14.89000,15.05000,512900
1582209000,15.07000,15.10000,14.82000,14.98000,826300
1582295400,14.92000,14.93000,14.75000,14.79000,501500
1582554600,14.48000,14.52000,14.03000,14.03000,819500
1582641000,14.08000,14.11000,13.20000,13.24000,983500
1582727400,13.37000,13.37000,12.59000,12.73000,723200
1582813800,12.45000,12.74000,12.09000,12.28000,1348800
1582900200,11.87000,12.59000,11.87000,12.44000,2573700
1583159400,12.49000,12.68000,12.09000,12.66000,1875900
1583245800,12.50000,13.00000,12.03000,12.09000,1821900
1583332200,12.15000,12.19000,11.79000,12.10000,1166600
1583418600,11.77000,11.78000,11.26000,11.33000,844600
1583505000,11.12000,11.38000,10.90000,11.26000,1633200
1583760600,10.74000,10.85000,10.34000,10.49000,1615500
1583847000,10.70000,11.10000,10.33000,11.06000,1452600
1583933400,10.70000,10.78000,10.24000,10.35000,2166400
1584019800,9.69000,10.11000,9.38000,9.42000,3021400
1584106200,9.88000,10.62000,9.68000,10.61000,2137300
1584365400,9.49000,10.33000,9.23000,10.28000,1339700
1584451800,10.23000,11.49000,9.97000,10.72000,2497600
1584538200,10.02000,10.12000,8.78000,9.16000,2004400
1584624600,9.01000,9.67000,8.81000,9.32000,1015400
1584711000,9.27000,9.30000,8.55000,8.71000,2137900
1584970200,8.66000,8.82000,7.92000,8.14000,2210200
1585056600,8.44000,8.66000,8.20000,8.65000,1598500
1585143000,8.55000,9.20000,8.09000,8.61000,1540700
1585229400,8.66000,9.30000,8.66000,9.16000,1214300
1585315800,8.85000,8.90000,8.38000,8.42000,1206200
1585575000,8.42000,8.92000,8.19000,8.86000,1490800
1585661400,8.95000,9.35000,8.78000,8.99000,1125600
1585747800,8.60000,9.02000,8.45000,8.59000,1020700
1585834200,8.47000,8.60000,7.88000,8.17000,1328500
1585920600,8.18000,8.31000,8.05000,8.24000,1001100
1586179800,8.57000,9.04000,8.57000,8.98000,730300
1586266200,9.38000,9.63000,8.97000,9.00000,1012900
1586352600,9.09000,9.22000,8.85000,9.14000,570600
1586439000,9.33000,9.73000,9.22000,9.69000,796600
1586784600,9.66000,9.73000,9.38000,9.58000,337700
1586871000,9.75000,10.18000,9.42000,9.67000,597900
1586957400,9.33000,9.33000,8.93000,9.12000,482400
1587043800,9.14000,9.15000,8.62000,8.70000,536200
1587130200,8.86000,9.23000,8.86000,9.17000,864400
1587389400,8.95000,9.11000,8.86000,9.02000,481600
1587475800,8.80000,8.80000,8.55000,8.62000,388300
1587562200,8.78000,8.78000,8.63000,8.65000,268600
1587648600,8.70000,9.04000,8.65000,8.82000,426300
1587735000,8.88000,9.10000,8.83000,8.99000,663000
1587994200,9.17000,9.71000,9.17000,9.60000,432200
1588080600,9.81000,10.07000,9.73000,9.91000,559800
1588167000,10.20000,10.81000,10.20000,10.81000,1133900
1588253400,10.61000,10.61000,10.12000,10.22000,553800
1588339800,10.03000,10.08000,9.66000,9.70000,375400
1588599000,9.60000,9.94000,9.48000,9.91000,519500
1588685400,10.02000,10.29000,9.79000,9.81000,742900
1588771800,9.85000,10.11000,9.80000,9.99000,597700
1588858200,9.91000,10.11000,9.74000,9.93000,591800
1588944600,10.26000,11.39000,10.26000,11.25000,642800
1589203800,11.04000,11.15000,10.85000,10.98000,472100
1589290200,11.02000,11.10000,10.79000,10.80000,904700
1589376600,10.60000,10.95000,10.55000,10.93000,760600
1589463000,10.65000,11.01000,10.31000,11.00000,649500
1589549400,10.92000,11.11000,10.78000,11.01000,804500
1589808600,11.49000,11.64000,11.19000,11.28000,962100
1589895000,11.25000,11.52000,11.15000,11.28000,392300
1589981400,11.36000,11.69000,11.36000,11.65000,396900
1590067800,11.60000,11.67000,11.39000,11.55000,391000
1590154200,11.58000,11.68000,11.53000,11.63000,249800
1590499800,12.05000,12.12000,11.88000,12.00000,299600
1590586200,12.17000,12.30000,11.98000,12.30000,415400
1590672600,12.34000,12.34000,11.96000,12.02000,575700
1590759000,11.98000,12.31000,11.96000,12.26000,894200
1591018200,12.27000,12.47000,12.19000,12.24000,490100
1591104600,12.39000,12.40000,12.17000,12.32000,374600
1591191000,12.50000,13.02000,12.44000,12.97000,525800
1591277400,12.86000,13.02000,12.74000,12.84000,591100
1591363800,13.40000,13.46000,13.00000,13.04000,729600
1591623000,12.99000,13.51000,12.99000,13.42000,784900
1591709400,13.27000,13.27000,12.87000,12.92000,360900
1591795800,12.92000,12.92000,12.44000,12.44000,558400
1591882200,12.08000,12.17000,11.41000,11.44000,675400
1591968600,11.93000,11.95000,11.49000,11.75000,557400
1592227800,11.39000,11.92000,11.33000,11.84000,548100
1592314200,12.24000,12.31000,11.82000,12.12000,793100
1592400600,12.29000,12.45000,12.09000,12.38000,478700
1592487000,12.32000,12.32000,11.85000,11.98000,673200
1592573400,12.17000,12.24000,11.75000,11.88000,1747900
1592832600,11.92000,12.07000,11.78000,11.99000,277100
1592919000,12.18000,12.23000,12.04000,12.07000,301200
1593005400,11.82000,11.97000,11.66000,11.69000,423400
1593091800,11.65000,11.82000,11.55000,11.77000,570800
1593178200,11.74000,11.74000,11.31000,11.54000,857500
1593437400,11.63000,11.76000,11.44000,11.73000,221300
1593523800,11.70000,11.99000,11.64000,11.95000,384300
1593610200,11.95000,12.24000,11.67000,12.12000,575400
1593696600,12.31000,12.38000,12.06000,12.10000,343200
1594042200,12.36000,12.40000,12.11000,12.21000,202100
1594128600,12.12000,12.19000,12.01000,12.03000,282300
1594215000,12.03000,12.03000,11.75000,11.88000,306500
1594301400,11.87000,11.89000,11.60000,11.73000,296300
1594387800,11.73000,12.01000,11.73000,11.98000,306800
1594647000,12.08000,12.23000,11.89000,11.96000,402700
1594733400,12.03000,12.40000,11.82000,12.38000,570200
1594819800,12.66000,12.75000,12.52000,12.72000,487700
1594906200,12.59000,12.89000,12.59000,12.79000,234800
1594992600,12.85000,12.89000,12.68000,12.80000,238200
1595251800,12.72000,12.82000,12.63000,12.73000,341700
1595338200,12.79000,12.88000,12.65000,12.76000,281700
1595424600,12.83000,13.01000,12.77000,12.85000,216400
1595511000,12.84000,13.02000,12.71000,12.73000,315900
1595597400,12.74000,12.89000,12.67000,12.71000,249900
1595856600,12.69000,12.92000,12.68000,12.91000,249100
1595943000,12.78000,12.81000,12.67000,12.73000,551600
1596029400,12.78000,12.97000,12.75000,12.86000,635000
1596115800,12.70000,12.96000,12.63000,12.92000,219600
1596202200,12.97000,12.97000,12.61000,12.76000,457300
1596461400,12.79000,13.03000,12.68000,12.98000,436000
1596547800,13.00000,13.39000,12.97000,13.38000,232700
1596634200,13.39000,13.48000,13.20000,13.31000,284600
1596720600,13.23000,13.58000,13.23000,13.50000,487900
1596807000,13.48000,14.32000,13.12000,14.32000,497100
1597066200,14.68000,15.02000,14.50000,14.95000,698200
1597152600,15.06000,15.35000,14.89000,14.94000,398500
1597239000,15.11000,15.47000,15.11000,15.26000,381200
1597325400,14.91000,15.50000,14.91000,15.43000,338600
1597411800,15.47000,15.55000,15.31000,15.43000,284800
1597671000,15.38000,15.46000,15.16000,15.19000,218800
1597757400,15.13000,15.37000,15.08000,15.29000,245700
1597843800,15.34000,15.50000,15.23000,15.25000,294600
1597930200,15.14000,15.32000,15.04000,15.19000,521900
1598016600,15.19000,15.19000,14.56000,14.63000,744100
1598275800,14.69000,14.86000,14.69000,14.85000,745600
1598362200,14.99000,14.99000,14.83000,14.96000,529600
1598448600,14.91000,15.12000,14.91000,14.98000,392800
1598535000,15.03000,15.11000,14.88000,15.02000,345800
1598621400,14.95000,15.24000,14.91000,15.24000,359300
1598880600,15.17000,15.35000,15.07000,15.07000,473800
1598967000,15.01000,15.21000,14.89000,15.10000,437300
1599053400,15.17000,15.26000,15.00000,15.20000,455700
1599139800,15.24000,15.37000,15.03000,15.16000,555900
1599226200,15.31000,15.31000,14.64000,14.93000,478800
1599571800,14.85000,14.85000,14.58000,14.61000,549800
1599658200,14.76000,15.19000,14.63000,15.15000,797700
1599744600,15.19000,15.23000,14.81000,14.86000,464700
1599831000,14.92000,15.16000,14.86000,15.05000,372200
1600090200,15.14000,15.31000,15.10000,15.20000,563100
1600176600,15.19000,15.26000,15.13000,15.23000,326800
1600263000,15.30000,15.30000,14.96000,14.98000,865800
1600349400,14.85000,15.16000,14.77000,15.16000,941400
1600435800,15.05000,15.70000,14.96000,15.48000,1984200
1600695000,15.15000,15.41000,14.20000,14.47000,961700
1600781400,14.60000,14.74000,14.36000,14.67000,761100
1600867800,14.73000,14.80000,14.08000,14.16000,627000
1600954200,14.18000,14.22000,13.89000,13.97000,499100
1601040600,13.86000,14.02000,13.76000,13.99000,366200
1601299800,14.27000,14.44000,14.09000,14.28000,467200
1601386200,14.08000,14.14000,13.69000,13.77000,294500
1601472600,13.85000,14.08000,13.69000,13.98000,680500
1601559000,13.97000,14.15000,13.55000,14.15000,421200
1601645400,13.94000,14.24000,13.92000,14.17000,351000
1601904600,14.21000,14.39000,14.09000,14.32000,475700
1601991000,14.38000,14.61000,14.13000,14.22000,586900
1602077400,14.33000,14.42000,14.14000,14.16000,352900
1602163800,14.26000,14.35000,13.95000,14.34000,497800
1602250200,14.33000,14.41000,14.14000,14.16000,398000
1602509400,14.24000,14.43000,14.07000,14.15000,379900
1602595800,14.10000,14.29000,13.86000,14.23000,503000
1602682200,14.29000,14.52000,14.08000,14.12000,488900
1602768600,14.11000,14.11000,13.74000,13.89000,342000
1602855000,14.04000,14.13000,13.89000,13.94000,285900
1603114200,14.03000,14.03000,13.54000,13.68000,306800
1603200600,13.80000,13.90000,13.65000,13.80000,305400
1603287000,13.68000,13.93000,13.68000,13.86000,226000
1603373400,13.86000,13.99000,13.72000,13.87000,253000
1603459800,13.87000,13.93000,13.68000,13.91000,259300
1603719000,13.69000,13.79000,13.40000,13.59000,280800
1603805400,13.57000,13.67000,13.34000,13.35000,279900
1603891800,13.23000,13.25000,12.86000,12.88000,463200
1603978200,12.79000,13.11000,12.68000,12.96000,374300
1604064600,12.86000,13.05000,12.75000,13.02000,349600
1604327400,13.11000,13.32000,12.97000,13.19000,514300
1604413800,13.33000,13.53000,13.29000,13.38000,483700
1604500200,13.35000,13.56000,13.18000,13.37000,454000
1604586600,13.62000,14.03000,13.20000,13.90000,417100
1604673000,15.30000,15.72000,14.77000,15.14000,819600
1604932200,16.01000,16.45000,15.80000,15.83000,1319000
1605018600,15.97000,16.57000,15.91000,16.48000,1066800
1605105000,16.43000,17.26000,16.40000,17.24000,688700
1605191400,17.07000,17.69000,16.44000,16.59000,510900
1605277800,16.80000,17.23000,16.59000,17.18000,422500
1605537000,17.61000,17.68000,17.34000,17.60000,403600
1605623400,17.51000,17.97000,17.37000,17.81000,603700
1605709800,17.82000,18.10000,17.62000,17.63000,327500
1605796200,17.54000,17.77000,17.45000,17.63000,393900
1605882600,17.64000,17.65000,17.32000,17.56000,420900
1606141800,17.68000,18.02000,17.64000,17.94000,276000
1606228200,17.90000,18.33000,17.83000,18.18000,418200
1606314600,18.12000,18.29000,17.83000,18.01000,395800
1606487400,18.04000,18.08000,17.77000,17.81000,228600
1606746600,17.76000,18.04000,17.73000,17.81000,931500
1606833000,18.01000,18.34000,17.96000,18.25000,605200
1606919400,18.15000,18.53000,17.92000,18.44000,381700
1607005800,18.42000,18.63000,18.29000,18.57000,482500
1607092200,18.59000,18.73000,18.44000,18.67000,298900
1607351400,18.58000,18.64000,18.40000,18.47000,438600
1607437800,18.35000,18.53000,18.26000,18.44000,435800
1607524200,18.58000,18.58000,18.18000,18.28000,322100
1607610600,18.18000,18.50000,18.13000,18.25000,695800
1607697000,18.10000,18.32000,17.84000,17.86000,273400
1607956200,18.04000,18.04000,17.52000,17.63000,637500
1608042600,17.76000,18.05000,17.72000,18.02000,776600
1608129000,17.98000,18.01000,17.54000,17.64000,453700
1608215400,17.73000,17.77000,17.36000,17.59000,1806100
1608301800,17.48000,17.55000,17.18000,17.29000,2957500
1608561000,17.08000,17.54000,17.05000,17.51000,1046100
1608647400,17.50000,17.70000,17.33000,17.52000,1439500
1608733800,17.55000,17.65000,17.46000,17.50000,2605600
1608820200,17.63000,17.78000,17.55000,17.68000,1352100
1609165800,17.85000,18.15000,17.71000,18.09000,425700
1609252200,18.05000,18.07000,17.81000,17.85000,506900
1609338600,17.76000,18.11000,17.76000,17.91000,411200
1609425000,17.90000,17.92000,17.73000,17.77000,558800
1609770600,17.96000,18.13000,17.59000,17.96000,1033600
1609857000,17.98000,18.19000,17.83000,18.06000,615900
1609943400,18.20000,19.12000,18.13000,18.81000,1161000
1610029800,18.70000,18.89000,18.28000,18.28000,723000
1610116200,18.36000,18.40000,17.95000,18.16000,803300
1610375400,18.05000,18.37000,17.95000,18.27000,650500
1610461800,18.25000,18.35000,17.99000,18.07000,585400
1610548200,17.99000,18.24000,17.89000,17.96000,624800
1610634600,18.00000,18.51000,18.00000,18.33000,659500
1610721000,18.20000,18.37000,18.02000,18.32000,821200
1611066600,18.17000,18.49000,18.15000,18.33000,1248700
1611153000,18.40000,18.70000,18.39000,18.63000,954900
1611239400,18.59000,18.93000,18.52000,18.74000,585800
1611325800,18.63000,18.69000,18.22000,18.24000,1374400
1611585000,18.14000,18.49000,17.98000,18.35000,1705400
1611671400,18.51000,18.81000,18.44000,18.75000,711800
1611757800,18.86000,19.42000,18.63000,19.02000,1781100
1611844200,19.12000,19.23000,18.67000,18.90000,757300
1611930600,19.02000,19.26000,18.76000,18.88000,1205400
1612189800,18.59000,19.01000,18.30000,18.79000,721600
1612276200,18.92000,19.40000,18.84000,19.23000,557200
1612362600,19.22000,19.33000,19.08000,19.26000,397900
1612449000,19.24000,19.86000,19.19000,19.62000,768100
1612535400,20.79000,21.58000,20.72000,20.82000,853300
1612794600,20.83000,21.45000,20.83000,21.40000,715200
1612881000,21.58000,22.13000,21.51000,21.97000,692500
1612967400,22.17000,23.05000,22.00000,22.61000,2209100
1613053800,22.67000,23.01000,22.51000,22.97000,601600
1613140200,23.41000,23.90000,23.21000,23.50000,551500
1613485800,23.46000,23.49000,23.13000,23.20000,917000
1613572200,24.04000,24.11000,22.77000,22.90000,901300
1613658600,22.82000,23.02000,22.53000,22.59000,696200
1613745000,22.78000,22.78000,22.33000,22.41000,367700
1614004200,22.50000,23.33000,22.37000,23.11000,362000
1614090600,22.97000,23.18000,22.71000,23.08000,497600
1614177000,23.04000,23.60000,22.93000,23.24000,465800
1614263400,23.35000,23.54000,22.63000,22.65000,383000
1614349800,22.67000,23.18000,22.53000,22.92000,596200
1614609000,23.21000,23.87000,23.11000,23.73000,349200
1614695400,23.72000,23.78000,23.09000,23.10000,335600
1614781800,23.15000,23.58000,23.03000,23.05000,548700
1614868200,23.02000,23.33000,22.39000,22.77000,345900
1614954600,22.94000,23.55000,22.51000,23.50000,515500
1615213800,23.50000,23.76000,22.98000,23.23000,756400
1615300200,24.00000,24.46000,23.39000,23.80000,632600
1615386600,23.86000,24.77000,23.69000,24.37000,797300
1615473000,24.33000,24.63000,24.14000,24.51000,455700
1615559400,24.52000,25.03000,24.52000,24.93000,340800
1615815000,24.93000,24.93000,24.38000,24.72000,530500
1615901400,24.81000,25.43000,24.81000,25.22000,513500
1615987800,25.07000,25.07000,24.28000,24.92000,997100
1616074200,24.85000,25.64000,24.79000,25.20000,1714200
1616160600,25.13000,25.44000,24.75000,25.13000,1856000
1616419800,25.20000,25.24000,24.38000,24.73000,602100
1616506200,24.41000,24.67000,24.07000,24.17000,735500
1616592600,24.26000,24.45000,23.61000,23.69000,585100
1616679000,23.52000,24.49000,23.30000,24.42000,431500
1616765400,24.45000,24.58000,23.68000,24.01000,962800
1617024600,24.02000,24.02000,23.22000,23.39000,444300
1617111000,23.37000,24.02000,23.37000,23.83000,1002700
1617197400,23.90000,24.06000,23.43000,23.46000,1408800
1617283800,23.59000,24.01000,23.18000,24.00000,1084000
1617629400,24.07000,24.68000,23.90000,24.52000,594800
1617715800,24.54000,24.94000,24.40000,24.54000,624200
1617802200,24.34000,24.72000,24.27000,24.36000,370500
1617888600,24.40000,24.75000,24.10000,24.70000,824000
1617975000,24.68000,24.77000,24.35000,24.63000,295500
1618234200,24.60000,24.92000,24.47000,24.78000,537600
1618320600,24.78000,24.78000,24.17000,24.26000,508900
1618407000,24.19000,24.67000,24.12000,24.58000,768400
1618493400,24.87000,24.96000,24.50000,24.80000,417200
1618579800,25.00000,25.10000,24.73000,24.90000,709500
1618839000,24.78000,24.93000,24.53000,24.88000,444900
1618925400,24.82000,25.17000,24.37000,24.71000,303900
1619011800,24.68000,25.43000,24.49000,25.41000,671200
1619098200,25.40000,25.57000,24.99000,25.09000,559700
1619184600,25.15000,25.22000,24.89000,24.89000,261500
1619443800,25.06000,25.06000,24.78000,24.82000,305100
1619530200,24.76000,24.91000,24.53000,24.60000,316400
1619616600,24.58000,24.63000,24.11000,24.31000,415800
1619703000,24.49000,24.58000,24.20000,24.46000,809100
1619789400,24.39000,24.54000,24.07000,24.31000,602500
1620048600,24.42000,24.56000,24.22000,24.37000,404400
1620135000,24.13000,24.22000,23.32000,23.57000,368000
1620221400,23.83000,24.26000,23.45000,24.06000,516800
1620307800,24.14000,24.16000,23.63000,23.94000,345900
1620394200,24.60000,25.56000,24.60000,25.37000,626300
1620653400,25.34000,25.79000,24.91000,25.26000,367700
1620739800,25.11000,25.69000,24.72000,25.64000,598400
1620826200,25.42000,25.45000,24.19000,24.24000,598300
1620912600,24.29000,24.88000,24.10000,24.36000,385400
1620999000,24.44000,24.96000,24.43000,24.92000,349300
1621258200,25.10000,25.41000,24.84000,25.11000,390000
1621344600,25.12000,25.28000,24.91000,24.91000,438400
1621431000,24.85000,24.86000,24.27000,24.62000,739700
1621517400,24.70000,25.75000,24.70000,25.69000,545100
1621603800,25.65000,25.89000,25.22000,25.25000,612900
1621863000,25.42000,25.68000,25.27000,25.59000,362400
1621949400,25.77000,25.94000,25.38000,25.47000,520000
1622035800,25.72000,26.02000,25.64000,25.70000,625400
1622122200,25.73000,26.21000,25.60000,25.95000,927000
1622208600,26.11000,26.11000,25.42000,25.69000,605900
1622554200,25.48000,25.55000,24.72000,25.08000,692700
1622640600,25.04000,25.04000,24.33000,24.54000,477900
1622727000,24.44000,24.54000,24.05000,24.48000,255100
1622813400,24.65000,24.81000,24.50000,24.78000,234900
1623072600,24.83000,24.93000,24.18000,24.36000,339000
1623159000,24.55000,25.35000,24.26000,25.28000,886100
1623245400,25.60000,25.60000,25.02000,25.26000,481600
1623331800,25.40000,25.50000,25.10000,25.11000,493900
1623418200,25.23000,25.56000,25.20000,25.55000,248800
1623677400,25.49000,25.56000,25.04000,25.08000,327200
1623763800,25.17000,25.28000,24.70000,24.73000,224800
1623850200,24.71000,24.92000,24.33000,24.61000,495800
1623936600,24.49000,24.63000,23.86000,24.20000,462400
1624023000,24.01000,24.27000,23.68000,23.82000,907000
1624282200,23.82000,24.36000,23.66000,24.30000,538100
1624368600,24.21000,24.36000,23.81000,24.15000,435200
1624455000,24.16000,24.26000,23.92000,23.98000,295300
1624541400,24.09000,24.29000,23.95000,24.16000,268100
1624627800,24.23000,24.48000,24.10000,24.19000,693800
1624887000,24.22000,24.46000,23.96000,24.18000,404500
1624973400,24.14000,24.60000,24.06000,24.09000,248100
1625059800,24.03000,24.43000,23.96000,24.35000,564400
1625146200,24.31000,24.83000,24.31000,24.76000,476600
1625232600,24.77000,24.77000,24.18000,24.46000,620800
1625578200,24.49000,24.49000,23.91000,24.09000,428800
1625664600,24.05000,24.22000,23.53000,23.86000,494900
1625751000,23.51000,23.81000,23.31000,23.44000,344600
1625837400,23.68000,24.23000,23.62000,24.16000,263000
1626096600,23.92000,24.45000,23.84000,24.36000,455700
1626183000,24.24000,24.24000,23.83000,23.86000,384400
1626269400,23.98000,24.13000,23.63000,23.70000,231100
1626355800,23.64000,23.94000,23.56000,23.65000,390000
1626442200,23.75000,23.84000,22.93000,22.99000,224300
1626701400,22.68000,22.95000,22.47000,22.65000,420200
1626787800,22.63000,23.15000,22.29000,23.06000,594800
1626874200,23.18000,23.55000,23.12000,23.38000,194500
1626960600,23.38000,23.39000,23.08000,23.19000,290500
1627047000,23.31000,23.57000,23.14000,23.53000,245000
1627306200,23.57000,24.11000,23.52000,23.67000,404400
1627392600,23.51000,23.67000,23.36000,23.51000,338300
1627479000,23.74000,23.85000,23.39000,23.60000,403800
1627565400,23.71000,23.79000,23.41000,23.43000,376800
1627651800,23.39000,23.61000,23.37000,23.51000,408200
1627911000,23.46000,23.81000,23.41000,23.65000,638300
1627997400,23.71000,23.71000,22.84000,23.06000,539000
1628083800,23.43000,23.78000,23.33000,23.41000,937100
1628170200,23.73000,23.85000,23.58000,23.79000,849800
1628256600,25.38000,25.69000,23.61000,23.76000,1149800
1628515800,23.79000,23.79000,22.89000,23.62000,1261000
1628602200,23.55000,23.64000,23.27000,23.43000,411800
1628688600,23.38000,23.40000,22.98000,23.32000,335600
1628775000,23.33000,23.51000,23.17000,23.19000,526100
1628861400,23.12000,23.24000,22.75000,22.78000,642400
1629120600,22.78000,23.25000,22.45000,22.91000,608200
1629207000,22.65000,22.75000,22.27000,22.32000,538100
1629293400,22.25000,22.32000,21.56000,21.58000,409000
1629379800,21.38000,21.58000,21.22000,21.29000,373200
1629466200,21.27000,21.55000,20.97000,21.49000,315500
1629725400,21.60000,21.88000,21.49000,21.82000,552900
1629811800,21.84000,22.02000,21.74000,21.79000,348100
1629898200,21.79000,22.11000,21.56000,21.99000,438200
1629984600,21.93000,22.14000,21.77000,21.95000,1024800
1630071000,22.03000,22.22000,21.89000,22.16000,322400
1630330200,22.15000,22.16000,21.92000,21.98000,358400
1630416600,22.08000,22.28000,21.87000,22.03000,464700
1630503000,22.20000,22.52000,22.11000,22.39000,428100
1630589400,22.39000,22.60000,22.17000,22.25000,493900
1630675800,22.19000,22.25000,22.05000,22.13000,476700
1631021400,22.12000,22.22000,21.72000,21.75000,400700
1631107800,21.65000,21.73000,21.25000,21.68000,562200
1631194200,21.72000,21.90000,21.44000,21.53000,702800
1631280600,21.66000,21.81000,21.42000,21.44000,550900
1631539800,21.63000,21.74000,21.26000,21.43000,538200
1631626200,21.50000,21.64000,21.29000,21.41000,766300
1631712600,21.33000,21.64000,21.13000,21.57000,696400
1631799000,21.50000,22.12000,21.50000,22.00000,521700
1631885400,21.94000,22.01000,21.61000,21.73000,1541700
1632144600,21.40000,21.41000,21.03000,21.33000,427500
1632231000,21.64000,22.06000,21.55000,21.71000,451500
1632317400,21.91000,22.72000,21.91000,22.53000,852100
1632403800,23.31000,23.84000,23.21000,23.72000,1872100
1632490200,23.58000,24.25000,23.55000,24.14000,796000
1632749400,24.07000,24.20000,23.82000,24.01000,718400
1632835800,23.88000,24.11000,23.67000,23.76000,664200
1632922200,23.91000,23.93000,23.51000,23.57000,591500
1633008600,23.70000,23.70000,23.15000,23.23000,642500
1633095000,23.34000,23.67000,23.21000,23.58000,493600
1633354200,23.55000,23.68000,23.15000,23.30000,444500
1633440600,23.45000,23.88000,23.38000,23.59000,362300
1633527000,23.41000,23.60000,23.18000,23.34000,811000
1633613400,23.58000,23.93000,23.58000,23.79000,494800
1633699800,23.87000,24.25000,23.83000,23.93000,541100
1633959000,23.85000,24.17000,23.81000,23.87000,466900
1634045400,23.87000,24.24000,23.75000,23.99000,1197800
1634131800,24.08000,24.22000,23.82000,23.85000,1381800
1634218200,24.06000,24.22000,23.88000,24.16000,449700
1634304600,24.25000,24.36000,24.06000,24.12000,812900
1634563800,24.02000,24.04000,23.70000,23.87000,757600
1634650200,24.00000,24.10000,23.88000,23.97000,525800
1634736600,24.03000,24.19000,23.85000,24.19000,727300
1634823000,24.16000,24.35000,23.92000,24.07000,398800
1634909400,24.06000,24.44000,24.06000,24.36000,448200
1635168600,24.46000,24.63000,24.29000,24.45000,584100
1635255000,24.50000,24.50000,24.00000,24.00000,500300
1635341400,23.97000,23.97000,22.46000,22.46000,1253000
1635427800,22.67000,23.10000,22.52000,22.81000,1036400
1635514200,22.70000,22.82000,22.36000,22.56000,944800
1635773400,22.69000,23.38000,22.64000,23.35000,1185900
1635859800,23.24000,23.30000,23.01000,23.14000,401900
1635946200,23.07000,23.23000,22.78000,22.92000,704800
1636032600,22.98000,23.40000,22.85000,23.39000,943100
1636119000,23.55000,24.75000,23.52000,24.26000,690200
1636381800,24.53000,24.68000,23.88000,23.95000,876800
1636468200,23.89000,24.23000,23.34000,23.70000,1032600
1636554600,23.64000,23.84000,23.37000,23.49000,1012300
1636641000,23.77000,23.83000,23.47000,23.57000,648000
1636727400,23.77000,24.10000,23.58000,23.78000,423100
1636986600,23.84000,24.01000,23.35000,23.41000,910900
1637073000,23.41000,23.72000,23.26000,23.67000,828800
1637159400,23.72000,23.75000,23.15000,23.51000,831200
1637245800,23.75000,23.81000,23.16000,23.36000,526900
1637332200,23.08000,23.29000,22.25000,22.32000,969500
1637591400,22.54000,22.98000,22.11000,22.67000,1092800
1637677800,22.71000,23.07000,22.27000,22.37000,631100
1637764200,22.28000,22.34000,21.99000,22.29000,452700
1637937000,21.72000,21.81000,21.52000,21.61000,659400
1638196200,21.91000,22.05000,21.51000,21.88000,1034000
1638282600,21.63000,21.97000,21.40000,21.55000,1727600
1638369000,21.90000,22.15000,21.18000,21.20000,1335700
1638455400,21.77000,21.95000,21.28000,21.87000,996700
1638541800,21.91000,21.91000,21.23000,21.87000,908400
1638801000,22.11000,22.17000,21.81000,22.02000,745300
1638887400,22.22000,22.49000,22.18000,22.24000,735200
1638973800,22.42000,22.56000,22.19000,22.37000,709300
1639060200,22.28000,22.36000,21.92000,21.95000,711600
1639146600,22.04000,22.31000,21.49000,21.57000,1547100
1639405800,21.60000,21.69000,21.27000,21.46000,704000
1639492200,21.45000,21.56000,21.06000,21.11000,588900
1639578600,21.21000,21.54000,21.04000,21.46000,1203600
1639665000,21.73000,21.93000,21.61000,21.61000,696200
1639751400,21.64000,21.74000,21.19000,21.50000,1788300
1640010600,21.10000,21.22000,20.78000,21.11000,502200
1640097000,21.25000,21.98000,21.25000,21.96000,558400
1640183400,21.92000,22.22000,21.91000,22.08000,392000
1640269800,22.22000,22.66000,22.11000,22.55000,323300
1640615400,22.56000,22.94000,22.55000,22.88000,303300
1640701800,22.83000,23.08000,22.80000,22.93000,232300
1640788200,23.03000,23.04000,22.74000,22.77000,323800
1640874600,22.77000,23.07000,22.69000,22.73000,241600
1640961000,22.77000,22.86000,22.44000,22.50000,306000
1641220200,22.65000,23.11000,22.65000,22.88000,507100
1641306600,23.05000,23.24000,22.71000,22.78000,570500
1641393000,22.90000,23.10000,21.99000,22.04000,594800
1641479400,21.67000,22.92000,21.67000,22.76000,693000
1641565800,22.79000,22.95000,22.66000,22.69000,821500
1641825000,22.63000,22.77000,22.11000,22.43000,308800
1641911400,22.55000,22.71000,22.36000,22.71000,407200
1641997800,22.74000,22.95000,22.59000,22.86000,280300
1642084200,22.95000,23.37000,22.86000,23.19000,278300
1642170600,22.94000,23.21000,22.57000,22.94000,429300
1642516200,22.81000,22.81000,22.20000,22.41000,410600
1642602600,22.56000,22.62000,22.23000,22.30000,298900
1642689000,22.30000,22.70000,21.88000,21.91000,461100
1642775400,21.77000,22.10000,21.56000,21.66000,515200
1643034600,21.39000,22.24000,21.12000,22.20000,536300
1643121000,21.88000,21.99000,21.32000,21.79000,490600
1643207400,21.96000,22.24000,21.34000,21.56000,452900
1643293800,21.32000,21.63000,20.93000,21.04000,1167500
1643380200,20.93000,21.76000,20.91000,21.76000,474400
1643639400,21.63000,22.25000,21.59000,22.24000,535700
1643725800,22.17000,22.46000,22.09000,22.25000,395000
1643812200,22.35000,22.52000,22.16000,22.42000,478700
1643898600,22.25000,22.74000,22.25000,22.54000,442600
1643985000,23.66000,24.16000,22.09000,22.73000,1018800
1644244200,22.82000,23.21000,22.72000,22.80000,695600
1644330600,22.67000,23.48000,22.67000,23.28000,784100
1644417000,23.54000,23.93000,23.54000,23.90000,659000
1644503400,23.65000,24.02000,23.43000,23.60000,672500
1644589800,23.53000,23.66000,22.92000,22.97000,487200
1644849000,23.04000,23.10000,22.45000,22.60000,1075500
1644935400,22.91000,23.49000,22.83000,23.41000,334300
1645021800,23.24000,23.97000,23.18000,23.96000,426400
1645108200,23.74000,23.77000,22.97000,23.06000,449300
1645194600,22.89000,22.96000,22.28000,22.37000,555300
1645540200,22.26000,22.38000,21.93000,22.02000,437900
1645626600,22.18000,22.25000,21.54000,21.61000,392400
1645713000,21.02000,21.75000,20.81000,21.69000,794600
1645799400,21.59000,22.37000,21.53000,22.34000,789000
1646058600,21.96000,22.53000,21.94000,22.43000,770500
1646145000,22.25000,22.44000,21.35000,21.54000,600300
1646231400,21.65000,22.70000,21.65000,22.64000,755800
1646317800,22.49000,22.74000,21.79000,21.90000,431500
1646404200,21.65000,21.65000,21.12000,21.35000,585800
1646663400,21.36000,21.41000,20.51000,20.52000,735100
1646749800,20.60000,21.25000,20.33000,20.56000,721000
1646836200,21.17000,21.73000,21.14000,21.52000,598300
1646922600,21.19000,21.46000,20.99000,21.33000,415400
1647009000,21.72000,22.21000,21.40000,21.41000,568600
1647264600,21.54000,21.72000,21.32000,21.48000,666800
1647351000,21.62000,21.85000,21.22000,21.44000,577300
1647437400,21.64000,22.24000,21.54000,22.10000,419700
1647523800,21.89000,22.80000,21.85000,22.75000,469400
1647610200,22.63000,22.72000,22.38000,22.43000,1597500
1647869400,22.50000,22.78000,22.06000,22.29000,427400
1647955800,22.35000,22.68000,22.07000,22.48000,318100
1648042200,22.38000,22.38000,22.17000,22.25000,446700
1648128600,22.27000,22.88000,21.90000,22.85000,573600
1648215000,22.94000,23.15000,22.80000,22.95000,395500
1648474200,22.89000,22.97000,22.71000,22.86000,240600
1648560600,23.12000,23.37000,23.12000,23.21000,447200
1648647000,23.17000,23.33000,22.98000,23.06000,266100
1648733400,22.92000,23.02000,22.51000,22.52000,551200
1648819800,22.63000,22.78000,22.19000,22.31000,316300
1649079000,22.30000,22.49000,22.12000,22.45000,325900
1649165400,22.36000,22.51000,22.16000,22.35000,328500
1649251800,22.22000,22.28000,21.83000,22.04000,475100
1649338200,21.95000,22.00000,21.30000,21.68000,265300
1649424600,21.68000,21.87000,21.38000,21.68000,394700
1649683800,21.63000,21.89000,21.46000,21.48000,481500
1649770200,21.64000,21.89000,21.19000,21.38000,587000
1649856600,21.37000,22.09000,21.37000,22.08000,694900
1649943000,22.09000,22.29000,21.46000,21.48000,493000
1650288600,21.48000,21.73000,21.31000,21.47000,348600
1650375000,21.47000,22.18000,21.47000,22.13000,378600
1650461400,22.28000,22.32000,21.91000,22.19000,852900
1650547800,22.39000,22.46000,21.69000,21.71000,319600
1650634200,21.60000,21.61000,21.09000,21.11000,399900
1650893400,21.04000,21.15000,20.61000,21.13000,492900
1650979800,20.95000,20.99000,20.29000,20.29000,355300
1651066200,20.29000,20.58000,20.15000,20.44000,608400
1651152600,20.57000,20.69000,20.15000,20.47000,759700
1651239000,20.28000,20.54000,19.86000,19.91000,882400
1651498200,20.01000,20.31000,19.76000,20.31000,736300
1651584600,20.40000,20.44000,19.98000,20.25000,565500
1651671000,20.25000,20.78000,20.14000,20.78000,630500
1651757400,20.58000,20.60000,19.33000,19.59000,766600
1651843800,19.08000,19.51000,16.57000,16.91000,1299300
1652103000,16.64000,17.79000,16.64000,17.59000,1969700
1652189400,17.78000,18.13000,17.41000,17.62000,1267600
1652275800,17.58000,18.03000,16.99000,17.01000,777200
1652362200,16.97000,17.61000,16.85000,17.60000,1378000
1652448600,17.73000,18.17000,17.58000,17.95000,848000
1652707800,17.96000,18.10000,17.70000,17.85000,563100
1652794200,18.29000,18.65000,18.29000,18.63000,810000
1652880600,18.37000,18.38000,17.69000,17.74000,597700
1652967000,17.62000,17.97000,17.53000,17.78000,724000
1653053400,18.04000,18.17000,17.49000,17.89000,761900
1653312600,18.16000,18.19000,17.58000,17.77000,640700
1653399000,17.53000,17.54000,16.68000,16.87000,765400
1653485400,16.87000,17.29000,16.87000,17.15000,535500
1653571800,17.25000,17.47000,17.11000,17.40000,1189600
1653658200,17.45000,17.85000,17.41000,17.85000,829300
1654003800,17.73000,17.73000,17.32000,17.58000,834600
1654090200,17.65000,17.80000,17.13000,17.38000,939300
1654176600,17.47000,18.08000,17.44000,18.02000,1139900
1654263000,17.79000,17.79000,17.31000,17.47000,393000
1654522200,17.69000,17.74000,17.45000,17.69000,476400
1654608600,17.46000,17.89000,17.31000,17.84000,376900
1654695000,17.67000,17.89000,17.48000,17.51000,403700
1654781400,17.38000,17.49000,17.12000,17.13000,580200
1654867800,16.83000,16.91000,16.64000,16.81000,512700
1655127000,16.42000,16.45000,15.83000,15.89000,543800
1655213400,15.93000,16.02000,15.60000,15.80000,490300
1655299800,15.99000,16.08000,15.58000,15.80000,1207800
1655386200,15.51000,15.69000,15.23000,15.65000,846700
1655472600,15.65000,16.05000,15.65000,15.73000,2796700
1655818200,15.93000,16.15000,15.49000,15.50000,911200
1655904600,15.32000,15.50000,15.18000,15.38000,920800
1655991000,15.40000,15.55000,15.23000,15.52000,683400
1656077400,15.68000,16.15000,15.64000,16.08000,971500
1656336600,16.21000,16.27000,15.91000,16.05000,1047000
1656423000,16.11000,16.43000,15.78000,15.81000,821900
1656509400,15.73000,15.78000,15.49000,15.64000,713400
1656595800,15.51000,16.05000,15.40000,15.89000,857700
1656682200,15.77000,16.13000,15.74000,16.10000,621900
1657027800,15.76000,15.95000,15.50000,15.95000,421900
1657114200,16.04000,16.15000,15.71000,15.90000,654400
1657200600,16.00000,16.16000,15.93000,16.13000,474600
1657287000,16.09000,16.21000,15.96000,16.03000,310300
1657546200,15.84000,15.86000,15.64000,15.66000,375800
1657632600,15.64000,16.09000,15.64000,15.92000,410000
1657719000,15.65000,15.84000,15.36000,15.78000,632200
1657805400,15.51000,15.63000,15.43000,15.51000,385300
1657891800,15.82000,16.03000,15.61000,16.02000,381600
1658151000,16.05000,16.22000,15.90000,15.98000,880500
1658237400,16.13000,16.58000,16.08000,16.55000,814800
1658323800,16.58000,17.07000,16.56000,16.94000,573100
1658410200,16.94000,17.14000,16.76000,17.13000,606300
1658496600,17.04000,17.21000,16.89000,17.14000,319900
1658755800,17.14000,17.37000,16.77000,17.12000,622500
1658842200,16.91000,17.15000,16.81000,16.92000,600200
1658928600,16.97000,17.28000,16.95000,17.22000,530400
1659015000,17.10000,17.28000,16.79000,17.24000,601700
1659101400,17.19000,17.44000,17.02000,17.28000,520100
1659360600,17.20000,17.47000,17.05000,17.29000,320500
1659447000,17.05000,17.34000,17.03000,17.20000,415900
1659533400,17.27000,17.75000,17.18000,17.72000,482100
1659619800,17.59000,17.74000,17.45000,17.55000,583000
1659706200,17.35000,17.48000,17.02000,17.19000,713100
1659965400,17.19000,17.80000,17.19000,17.58000,730600
1660051800,19.18000,19.77000,18.40000,18.54000,915300
1660138200,18.75000,18.78000,18.40000,18.66000,478200
1660224600,18.80000,18.99000,18.68000,18.90000,463900
1660311000,18.99000,19.10000,18.89000,19.07000,438000
1660570200,19.06000,19.14000,18.73000,18.75000,372400
1660656600,18.75000,19.10000,18.68000,18.90000,596900
1660743000,18.58000,18.78000,18.50000,18.64000,473800
1660829400,18.59000,18.69000,18.27000,18.58000,484100
1660915800,18.55000,18.55000,18.18000,18.22000,394100
1661175000,18.13000,18.13000,17.75000,17.78000,350800
1661261400,17.74000,17.98000,17.59000,17.66000,395600
1661347800,17.69000,17.92000,17.61000,17.82000,391500
1661434200,17.86000,18.13000,17.86000,18.11000,309800
1661520600,18.13000,18.31000,17.71000,17.71000,459900
1661779800,17.61000,17.79000,17.50000,17.62000,352000
1661866200,17.65000,17.71000,17.38000,17.45000,433400
1661952600,17.60000,17.72000,17.24000,17.24000,591400
1662039000,17.14000,17.27000,17.04000,17.27000,669700
1662125400,17.37000,17.66000,17.20000,17.30000,645900
1662471000,17.30000,17.37000,16.74000,16.79000,666300
1662557400,16.66000,17.13000,16.65000,17.10000,794500
1662643800,16.89000,17.17000,16.78000,17.04000,831900
1662730200,17.15000,17.74000,17.11000,17.72000,575300
1662989400,17.91000,18.08000,17.88000,17.95000,507500
1663075800,17.37000,17.69000,17.10000,17.11000,647200
1663162200,17.08000,17.18000,16.85000,17.13000,892400
1663248600,17.05000,17.76000,17.05000,17.45000,719300
1663335000,17.39000,17.39000,16.69000,16.91000,1562500
1663594200,16.62000,17.03000,16.62000,16.92000,564500
1663680600,16.75000,17.08000,16.71000,16.86000,769700
1663767000,16.99000,17.04000,16.32000,16.33000,494600
1663853400,16.34000,16.39000,16.01000,16.03000,404200
1663939800,15.93000,16.02000,15.51000,15.67000,408800
1664199000,15.61000,15.80000,15.34000,15.35000,403600
1664285400,15.53000,15.69000,15.21000,15.27000,567800
1664371800,15.34000,15.79000,15.28000,15.68000,656200
1664458200,15.47000,15.51000,15.17000,15.32000,580900
1664544600,15.40000,15.71000,15.27000,15.42000,1071100
1664803800,15.62000,15.97000,15.49000,15.90000,551800
1664890200,16.05000,16.68000,16.05000,16.68000,710800
1664976600,16.41000,16.56000,16.28000,16.43000,728800
1665063000,16.41000,16.52000,16.17000,16.19000,462800
1665149400,15.99000,16.15000,15.75000,15.85000,573200
1665408600,15.87000,16.02000,15.70000,15.82000,491200
1665495000,15.78000,16.05000,15.54000,15.76000,864500
1665581400,15.82000,15.91000,15.61000,15.86000,1080800
1665667800,15.49000,16.35000,15.37000,16.28000,987200
1665754200,16.33000,16.56000,15.93000,15.96000,490300
1666013400,16.46000,17.18000,16.28000,16.36000,3432100
1666099800,16.66000,16.89000,16.21000,16.47000,2008000
1666186200,16.50000,16.90000,16.50000,16.75000,1240000
1666272600,16.68000,17.00000,16.61000,16.91000,1317900
1666359000,16.91000,17.34000,16.74000,17.34000,891600
1666618200,17.34000,17.45000,16.79000,17.01000,1689100
1666704600,17.06000,17.44000,17.03000,17.37000,1662800
1666791000,17.37000,17.55000,17.18000,17.20000,905800
1666877400,17.28000,17.44000,16.91000,16.94000,830500
1666963800,17.15000,17.20000,16.77000,17.14000,1571300
1667223000,17.23000,17.24000,17.00000,17.13000,1772900
1667309400,17.35000,17.66000,17.16000,17.22000,676400
1667395800,17.10000,17.22000,16.65000,16.72000,1192200
1667482200,16.54000,16.86000,16.20000,16.68000,1752200
1667568600,16.92000,16.96000,16.36000,16.92000,981400
1667831400,17.03000,17.14000,16.64000,16.95000,548200
1667917800,16.95000,17.52000,16.90000,17.34000,709400
1668004200,15.32000,16.66000,15.15000,16.46000,3060000
1668090600,16.86000,17.60000,16.70000,17.48000,2678200
1668177000,17.55000,18.30000,17.55000,18.29000,878100
1668436200,18.24000,18.66000,18.09000,18.40000,1161500
1668522600,18.51000,18.69000,18.15000,18.41000,1076700
1668609000,18.32000,18.32000,18.08000,18.21000,817900
1668695400,17.89000,18.32000,17.78000,18.31000,1093000
1668781800,18.46000,18.47000,18.01000,18.17000,1632100
1669041000,17.90000,18.02000,17.65000,17.72000,1136700
1669127400,17.83000,18.13000,17.70000,18.13000,757600
1669213800,18.16000,18.66000,18.07000,18.48000,750100
1669386600,18.45000,18.70000,18.32000,18.58000,765900
1669645800,18.46000,18.88000,18.38000,18.46000,990500
1669732200,18.56000,18.88000,18.41000,18.82000,1214500
1669818600,18.82000,19.52000,18.72000,19.45000,1283300
1669905000,19.53000,19.67000,19.29000,19.43000,620500
1669991400,19.13000,19.45000,19.13000,19.43000,474800
1670250600,19.40000,19.40000,18.93000,18.96000,571900
1670337000,19.04000,19.05000,18.63000,18.73000,629100
1670423400,18.64000,18.70000,18.31000,18.47000,1123700
1670509800,18.54000,18.66000,18.34000,18.39000,855600
1670596200,18.29000,18.44000,18.24000,18.28000,714700
1670855400,18.25000,18.40000,18.03000,18.38000,814500
1670941800,19.04000,19.16000,18.70000,18.97000,1089000
1671028200,18.68000,19.14000,18.65000,18.98000,1346900
1671114600,18.63000,18.79000,18.00000,18.04000,1492700
1671201000,17.93000,18.19000,17.85000,18.07000,1636900
1671460200,18.00000,18.12000,17.58000,17.70000,728600
1671546600,17.59000,17.80000,17.47000,17.75000,918900
1671633000,17.93000,18.09000,17.75000,17.97000,994000
1671719400,17.76000,18.09000,17.70000,18.07000,660600
1671805800,18.54000,18.73000,18.17000,18.56000,688500
1672151400,18.53000,18.67000,18.35000,18.56000,409200
1672237800,18.55000,18.65000,18.20000,18.20000,544500
1672324200,18.27000,18.60000,18.27000,18.46000,738200
1672410600,18.29000,18.46000,18.22000,18.44000,470700
1672756200,18.57000,18.79000,18.32000,18.49000,422300
1672842600,18.66000,19.27000,18.58000,19.24000,709400
1672929000,19.10000,19.10000,18.75000,18.89000,603400
1673015400,19.10000,19.26000,18.82000,19.20000,370900
1673274600,19.33000,19.54000,19.19000,19.27000,334500
1673361000,19.29000,19.60000,19.11000,19.59000,325400
1673447400,19.66000,19.71000,19.36000,19.62000,792400
1673533800,19.66000,19.81000,19.52000,19.72000,986200
1673620200,19.62000,19.85000,19.49000,19.82000,959600
1673965800,19.87000,19.91000,19.56000,19.62000,544400
1674052200,19.70000,19.76000,19.20000,19.23000,656700
1674138600,19.10000,19.17000,18.90000,19.06000,808200
1674225000,19.14000,19.68000,19.02000,19.64000,974100
1674484200,19.67000,19.96000,19.56000,19.93000,567700
1674570600,19.84000,19.93000,19.65000,19.91000,757000
1674657000,20.79000,21.63000,20.71000,20.86000,3090400
1674743400,20.95000,21.08000,20.62000,21.01000,883500
1674829800,20.89000,21.00000,20.67000,20.71000,1324800
1675089000,20.50000,20.61000,20.27000,20.36000,1124100
1675175400,20.49000,20.52000,20.26000,20.44000,963400
1675261800,20.58000,20.94000,20.12000,20.91000,682300
1675348200,21.04000,21.86000,21.04000,21.67000,629600
1675434600,21.35000,21.60000,21.23000,21.40000,836900
1675693800,21.20000,21.20000,20.78000,20.93000,783200
1675780200,20.84000,21.18000,20.68000,21.14000,820000
1675866600,21.05000,21.41000,21.00000,21.10000,755800
1675953000,21.22000,21.36000,20.80000,20.85000,613700
1676039400,19.66000,20.06000,18.76000,18.81000,1397800
1676298600,18.82000,19.15000,18.65000,19.03000,889900
1676385000,18.86000,19.07000,18.65000,19.02000,1355900
1676471400,18.89000,19.33000,18.83000,19.32000,679300
1676557800,18.90000,19.18000,18.80000,18.84000,789100
1676644200,18.81000,19.12000,18.66000,19.11000,629300
1676989800,18.88000,18.99000,18.40000,18.41000,819800
1677076200,17.99000,18.01000,17.47000,17.85000,1591600
1677162600,17.81000,17.87000,17.51000,17.70000,1178200
1677249000,17.36000,17.63000,17.17000,17.61000,1120900
1677508200,17.63000,17.68000,17.42000,17.45000,616500
1677594600,17.41000,17.48000,17.20000,17.26000,639400
1677681000,17.22000,17.23000,17.00000,17.10000,946200
1677767400,16.95000,17.43000,16.95000,17.39000,804700
1677853800,17.52000,17.55000,17.27000,17.43000,972600
1678113000,17.52000,17.55000,17.13000,17.19000,1126000
1678199400,17.18000,17.53000,16.98000,17.02000,989600
1678285800,17.03000,17.10000,16.80000,16.91000,1125700
1678372200,16.90000,16.95000,16.42000,16.43000,1085000
1678458600,16.40000,16.40000,15.88000,16.18000,1107000
1678714200,16.04000,16.05000,15.73000,15.76000,1170600
1678800600,16.03000,16.09000,15.80000,16.07000,1862700
1678887000,15.77000,16.07000,15.74000,15.99000,1394900
1678973400,15.89000,16.41000,15.86000,16.38000,1060600
1679059800,16.19000,16.31000,16.02000,16.06000,1157500
1679319000,16.07000,16.24000,15.97000,16.19000,570900
1679405400,16.38000,16.49000,16.27000,16.30000,1251600
1679491800,16.28000,16.35000,15.90000,15.91000,827800
1679578200,16.09000,16.39000,16.02000,16.26000,1322400
1679664600,16.15000,16.36000,15.99000,16.34000,958700
1679923800,16.50000,16.67000,16.45000,16.58000,838500
1680010200,16.58000,16.76000,16.46000,16.74000,1054000
1680096600,16.98000,17.11000,16.83000,17.06000,913800
1680183000,17.15000,17.30000,17.06000,17.09000,501900
1680269400,17.15000,17.45000,17.15000,17.43000,732400
1680528600,17.36000,17.62000,17.28000,17.60000,1379100
1680615000,17.67000,17.85000,17.39000,17.46000,1333200
1680701400,17.42000,17.49000,17.23000,17.45000,655900
1680787800,17.44000,17.54000,17.29000,17.44000,827600
1681133400,17.36000,17.55000,17.36000,17.54000,612800
1681219800,17.52000,17.79000,17.52000,17.72000,802400
1681306200,17.92000,17.95000,17.45000,17.47000,677200
1681392600,17.59000,17.83000,17.55000,17.79000,629800
1681479000,17.72000,17.90000,17.48000,17.55000,552300
1681738200,17.52000,17.74000,17.35000,17.49000,360300
1681824600,17.47000,17.63000,17.38000,17.45000,766400
1681911000,17.23000,17.66000,17.22000,17.54000,682700
1681997400,17.42000,17.64000,17.41000,17.45000,783300
1682083800,17.47000,17.54000,17.36000,17.44000,626000
1682343000,17.40000,17.56000,17.27000,17.42000,534000
1682429400,17.20000,17.27000,16.99000,17.08000,879900
1682515800,17.03000,17.22000,16.79000,16.82000,612600
1682602200,16.95000,17.35000,16.78000,17.35000,505800
1682688600,17.24000,17.76000,17.24000,17.75000,863200
1682947800,17.66000,17.81000,17.50000,17.53000,476700
1683034200,17.46000,17.46000,16.87000,17.11000,880600
1683120600,17.13000,17.41000,17.13000,17.19000,697300
1683207000,17.02000,17.11000,16.78000,16.85000,1049700
1683293400,16.95000,17.30000,16.95000,17.26000,700800
1683552600,17.30000,17.36000,17.12000,17.28000,369300
1683639000,17.19000,17.20000,16.98000,17.08000,625700
1683725400,17.30000,17.30000,16.49000,16.83000,911500
1683811800,16.74000,16.90000,16.53000,16.83000,1275300
1683898200,17.98000,18.68000,17.71000,18.29000,1407500
1684157400,18.34000,18.92000,18.34000,18.88000,905200
1684243800,18.69000,18.71000,18.31000,18.47000,603300
1684330200,18.54000,18.84000,18.32000,18.82000,1030100
1684416600,18.81000,18.90000,18.61000,18.86000,476800
1684503000,18.85000,18.93000,18.61000,18.70000,558400
1684762200,18.77000,18.77000,18.52000,18.64000,383900
1684848600,18.50000,18.69000,18.45000,18.47000,585700
1684935000,18.38000,18.43000,18.19000,18.33000,577100
1685021400,18.35000,18.53000,18.23000,18.32000,572400
1685107800,18.44000,18.67000,18.29000,18.64000,447100
1685453400,18.79000,18.97000,18.71000,18.92000,739900
1685539800,18.84000,18.84000,18.29000,18.48000,1263300
1685626200,18.58000,18.90000,18.40000,18.88000,917900
1685712600,18.98000,19.16000,18.76000,19.01000,549700
1685971800,19.01000,19.05000,18.80000,18.82000,546900
1686058200,18.77000,19.14000,18.77000,19.11000,653300
1686144600,19.24000,19.60000,19.11000,19.55000,1182700
1686231000,19.45000,19.53000,19.14000,19.33000,1087500
1686317400,19.33000,19.47000,19.18000,19.42000,727100
1686576600,19.42000,19.49000,19.18000,19.21000,1040800
1686663000,19.35000,19.74000,19.28000,19.65000,989300
1686749400,19.69000,19.93000,19.39000,19.49000,1035000
1686835800,19.48000,19.81000,19.42000,19.76000,1382500
1686922200,19.89000,19.92000,19.68000,19.80000,1497100
1687267800,19.80000,19.80000,19.31000,19.35000,991300
1687354200,19.23000,19.54000,19.17000,19.50000,608500
1687440600,19.49000,19.49000,19.05000,19.08000,444700
1687527000,18.90000,19.12000,18.85000,19.00000,916200
1687786200,19.01000,19.23000,18.99000,19.15000,422000
1687872600,19.14000,19.61000,19.11000,19.48000,488500
1687959000,19.46000,19.77000,19.42000,19.75000,637200
1688045400,19.74000,19.89000,19.68000,19.74000,472600
1688131800,19.92000,19.97000,19.69000,19.72000,871200
1688391000,19.64000,19.82000,19.60000,19.77000,264100
1688563800,19.61000,19.74000,19.41000,19.71000,512200
1688650200,19.50000,19.70000,19.20000,19.69000,416100
1688736600,19.67000,20.07000,19.65000,19.91000,981600
1688995800,19.79000,20.00000,19.67000,19.76000,614700
1689082200,19.81000,20.08000,19.70000,20.08000,596300
1689168600,20.36000,20.57000,20.26000,20.33000,641000
1689255000,20.42000,20.54000,20.35000,20.51000,747700
1689341400,20.57000,20.57000,20.24000,20.40000,523400
1689600600,20.43000,20.69000,20.24000,20.64000,742900
1689687000,20.68000,20.93000,20.62000,20.81000,590200
1689773400,20.80000,20.82000,20.36000,20.39000,555200
1689859800,20.44000,20.44000,20.01000,20.11000,660700
1689946200,20.12000,20.16000,19.86000,19.88000,649600
1690205400,19.83000,20.02000,19.52000,19.57000,385700
1690291800,19.63000,19.66000,19.43000,19.53000,454800
1690378200,19.60000,19.74000,19.36000,19.47000,495600
1690464600,19.75000,19.85000,19.49000,19.54000,784200
1690551000,19.89000,19.90000,19.48000,19.66000,583300
1690810200,19.68000,20.16000,19.67000,20.11000,1010200
1690896600,20.08000,20.27000,19.83000,20.12000,858300
1690983000,20.11000,20.11000,19.73000,20.04000,987900
1691069400,20.01000,20.25000,19.85000,20.14000,929000
1691155800,20.15000,20.67000,20.12000,20.30000,590000
1691415000,20.41000,20.78000,20.41000,20.64000,878300
1691501400,20.45000,20.80000,20.45000,20.79000,912500
1691587800,20.71000,20.97000,20.62000,20.78000,1028300
1691674200,20.95000,21.05000,20.54000,20.71000,1510500
1691760600,20.92000,21.73000,20.92000,21.69000,1237500
1692019800,21.64000,22.10000,21.52000,22.09000,922700
1692106200,21.81000,21.85000,21.32000,21.38000,648400
1692192600,21.40000,21.97000,21.37000,21.59000,974600
1692279000,21.64000,21.68000,21.19000,21.19000,988900
1692365400,21.03000,21.27000,21.03000,21.19000,810200
1692624600,21.13000,21.27000,20.79000,21.04000,512700
1692711000,21.12000,21.32000,21.04000,21.13000,969800
1692797400,21.13000,21.40000,21.13000,21.33000,402800
1692883800,21.35000,21.53000,21.10000,21.11000,1016000
1692970200,21.13000,21.32000,21.02000,21.20000,865600
1693229400,21.37000,21.49000,21.27000,21.32000,471800
1693315800,21.38000,21.70000,21.27000,21.64000,928500
1693402200,21.59000,21.89000,21.59000,21.86000,743000
1693488600,21.92000,22.14000,21.85000,22.00000,1374000
1693575000,22.06000,22.07000,21.65000,21.79000,857300
1693920600,21.67000,21.71000,21.41000,21.70000,1195500
1694007000,21.65000,21.80000,21.64000,21.76000,2102100
1694093400,21.75000,21.80000,21.52000,21.54000,1600500
1694179800,21.65000,21.79000,21.62000,21.66000,1328600
1694439000,21.72000,21.88000,21.61000,21.66000,1410900
1694525400,21.57000,21.67000,21.19000,21.46000,1477700
1694611800,21.56000,21.56000,20.85000,20.90000,2009100
1694698200,21.12000,21.20000,20.94000,21.18000,1068700
1694784600,21.12000,21.26000,20.89000,20.98000,1834800
1695043800,21.09000,21.09000,20.57000,20.63000,1174800
1695130200,20.68000,20.72000,20.56000,20.64000,735700
1695216600,20.71000,20.75000,20.38000,20.40000,1081200
1695303000,20.31000,20.99000,20.15000,20.66000,1489000
1695389400,20.64000,20.75000,20.29000,20.36000,1243900
1695648600,20.32000,20.52000,20.13000,20.46000,1804400
1695735000,20.25000,20.47000,20.25000,20.35000,1436300
1695821400,20.48000,20.57000,20.29000,20.39000,1397800
1695907800,20.42000,20.84000,20.39000,20.78000,1514300
1695994200,20.83000,21.01000,20.76000,20.87000,1316700
1696253400,20.85000,20.94000,20.67000,20.80000,1739200
1696339800,20.71000,20.84000,20.09000,20.14000,1440200
1696426200,20.10000,20.59000,20.01000,20.57000,816000
1696512600,20.51000,20.69000,20.35000,20.46000,1255700
1696599000,20.39000,21.18000,20.39000,20.98000,1276000
1696858200,20.91000,21.13000,20.70000,21.06000,1266700
1696944600,21.12000,21.59000,21.07000,21.51000,1728700
1697031000,21.51000,21.89000,21.51000,21.70000,1685300
1697117400,21.71000,21.78000,21.43000,21.62000,969800
1697203800,21.62000,22.12000,21.30000,21.73000,2688300
1697463000,21.85000,22.72000,21.84000,22.68000,1772800
1697549400,22.68000,23.02000,22.39000,22.99000,2996300
1697635800,23.00000,23.17000,22.60000,22.63000,1753600
1697722200,22.66000,22.68000,22.29000,22.36000,1457400
1697808600,22.36000,22.44000,21.76000,21.96000,1049900
1698067800,21.94000,22.25000,21.76000,21.89000,1488800
1698154200,21.97000,22.40000,21.74000,22.26000,1934600
1698240600,22.08000,22.14000,21.31000,21.32000,1277700
1698327000,21.28000,21.45000,21.16000,21.24000,962200
1698413400,21.19000,21.32000,20.85000,20.95000,601700
1698672600,21.20000,21.38000,21.05000,21.36000,1213600
1698759000,21.42000,21.60000,21.30000,21.44000,1138400
1698845400,21.36000,21.54000,21.25000,21.49000,777000
1698931800,21.77000,22.28000,21.44000,22.10000,1151500
1699018200,22.46000,22.68000,22.40000,22.66000,1017700
1699281000,22.64000,22.79000,22.41000,22.46000,1264100
1699367400,22.32000,22.50000,22.01000,22.23000,916500
1699453800,22.34000,22.57000,22.24000,22.30000,1748700
1699540200,22.39000,22.46000,21.96000,22.12000,1337700
1699626600,21.90000,22.25000,21.36000,21.78000,2024800
1699885800,21.74000,21.74000,21.19000,21.30000,1185900
1699972200,21.70000,22.06000,21.60000,21.87000,1508400
1700058600,21.90000,22.21000,21.77000,21.89000,1209500
1700145000,21.92000,22.08000,21.75000,21.97000,777000
1700231400,22.09000,22.18000,21.82000,21.92000,1627800
1700490600,21.92000,22.26000,21.84000,22.18000,635800
1700577000,22.12000,22.39000,21.99000,22.37000,1330900
1700663400,22.51000,22.86000,22.49000,22.84000,1028200
1700836200,22.91000,22.99000,22.74000,22.94000,515000
1701095400,22.91000,23.47000,22.78000,23.47000,1784100
1701181800,23.53000,23.53000,23.28000,23.28000,992100
1701268200,23.37000,23.42000,22.99000,23.40000,1184400
1701354600,23.39000,23.41000,22.91000,23.04000,1291900
1701441000,23.20000,23.30000,23.01000,23.15000,584500
1701700200,23.06000,23.47000,22.93000,23.08000,660500
1701786600,22.91000,22.92000,22.52000,22.72000,822300
1701873000,22.73000,22.98000,22.71000,22.84000,921500
1701959400,22.93000,23.02000,22.21000,22.94000,612900
1702045800,22.92000,23.10000,22.71000,22.94000,855700
1702305000,22.95000,23.18000,22.88000,23.10000,856400
1702391400,23.11000,23.35000,22.85000,23.04000,952900
1702477800,23.01000,23.80000,22.92000,23.78000,2103900
1702564200,23.97000,24.59000,23.97000,24.42000,1106100
1702650600,24.45000,24.60000,24.23000,24.53000,1857700
1702909800,24.57000,24.63000,24.32000,24.45000,864300
1702996200,24.51000,24.90000,24.51000,24.85000,555600
1703082600,24.87000,25.02000,24.47000,24.47000,736000
1703169000,24.60000,24.84000,24.51000,24.81000,603800
1703255400,24.86000,25.02000,24.47000,24.94000,442300
1703601000,25.09000,25.33000,24.79000,25.30000,510100
1703687400,25.32000,25.77000,25.13000,25.61000,853900
1703773800,25.72000,25.97000,25.69000,25.82000,535800
1703860200,25.69000,26.00000,25.64000,25.72000,859600
1704205800,25.70000,25.70000,25.33000,25.61000,672300
1704292200,25.47000,25.74000,25.21000,25.48000,1067700
1704378600,25.55000,25.60000,25.25000,25.38000,953200
1704465000,25.40000,25.83000,25.36000,25.58000,1172500
1704724200,25.59000,25.82000,25.31000,25.79000,1363400
1704810600,25.65000,25.69000,25.36000,25.37000,622300
1704897000,25.26000,25.51000,25.23000,25.32000,753200
1704983400,25.36000,25.40000,24.99000,25.37000,711500
1705069800,25.50000,25.66000,25.22000,25.34000,476500
1705415400,25.08000,25.34000,24.64000,24.80000,864200
1705501800,24.52000,24.77000,24.43000,24.51000,959200
1705588200,24.52000,24.70000,24.32000,24.59000,786900
1705674600,24.59000,25.02000,24.50000,25.01000,1064200
1705933800,25.26000,25.27000,25.01000,25.20000,943500
1706020200,25.41000,25.59000,25.07000,25.29000,716800
1706106600,25.46000,25.73000,25.46000,25.63000,596100
1706193000,25.90000,26.04000,25.63000,25.68000,687500
1706279400,25.75000,25.94000,25.74000,25.75000,414600
1706538600,25.80000,26.16000,25.65000,26.15000,813200
1706625000,25.98000,26.05000,25.66000,25.79000,870400
1706711400,25.84000,26.00000,25.53000,25.57000,985000
1706797800,25.53000,25.72000,25.24000,25.70000,799200
1706884200,25.63000,25.76000,25.41000,25.70000,906000
1707143400,25.45000,25.46000,25.07000,25.18000,721200
1707229800,25.25000,25.71000,25.25000,25.70000,683000
1707316200,25.70000,25.82000,24.79000,25.30000,1082100
1707402600,26.99000,28.92000,26.75000,27.01000,2136100
1707489000,26.94000,27.35000,26.88000,27.21000,888700
1707748200,27.52000,27.52000,27.20000,27.25000,735700
1707834600,26.96000,26.98000,26.64000,26.95000,728100
1707921000,27.11000,27.32000,26.96000,27.21000,801400
1708007400,27.35000,27.86000,27.29000,27.67000,854600
1708093800,27.68000,27.77000,27.41000,27.41000,487800
1708439400,27.32000,27.53000,27.30000,27.40000,591600
1708525800,27.24000,27.38000,27.00000,27.23000,599300
1708612200,27.46000,27.66000,27.24000,27.63000,531200
1708698600,27.68000,27.70000,27.52000,27.58000,584100
1708957800,27.58000,27.74000,27.41000,27.52000,518400
1709044200,27.65000,27.67000,27.40000,27.57000,346900
1709130600,27.38000,27.59000,27.35000,27.48000,425200
1709217000,27.73000,28.06000,27.61000,27.99000,1042600
1709303400,27.90000,27.97000,27.31000,27.40000,857900
1709562600,27.47000,27.68000,26.84000,27.04000,792500
1709649000,26.94000,27.03000,26.60000,26.92000,761900
1709735400,27.03000,27.13000,26.92000,27.09000,512400
1709821800,27.17000,27.43000,27.07000,27.21000,400100
1709908200,27.30000,27.65000,27.29000,27.35000,697900
1710163800,27.35000,27.91000,26.25000,27.41000,993800
1710250200,27.39000,27.66000,26.98000,27.27000,696200
1710336600,27.32000,27.42000,27.16000,27.30000,661200
1710423000,27.18000,27.33000,26.88000,27.03000,607500
1710509400,26.83000,27.27000,26.41000,26.44000,2076800
1710768600,26.57000,26.72000,26.25000,26.36000,741100
1710855000,26.42000,26.80000,26.28000,26.64000,574300
1710941400,26.66000,26.87000,26.56000,26.81000,588900
1711027800,26.98000,27.25000,26.93000,27.22000,571100
1711114200,27.18000,27.18000,26.79000,26.80000,827500
1711373400,26.80000,27.01000,26.80000,26.90000,577900
1711459800,26.99000,27.19000,26.79000,26.89000,572700
1711546200,27.15000,27.35000,26.90000,27.13000,544000
1711632600,27.24000,27.42000,27.03000,27.06000,869600
1711978200,27.01000,27.04000,26.52000,26.68000,604900
1712064600,26.54000,26.63000,26.28000,26.33000,559000
1712151000,26.19000,26.57000,26.10000,26.53000,786300
1712237400,26.81000,26.99000,26.34000,26.38000,775600
1712323800,26.39000,26.64000,26.34000,26.46000,584800
1712583000,26.60000,26.73000,26.49000,26.52000,937600
1712669400,26.70000,26.81000,26.24000,26.34000,848200
1712755800,25.92000,26.21000,25.55000,25.63000,777000
1712842200,25.88000,25.88000,25.58000,25.72000,872800
1712928600,25.48000,25.61000,25.07000,25.11000,757500
1713187800,25.35000,25.49000,24.95000,25.00000,685800
1713274200,24.84000,24.99000,24.67000,24.82000,531200
1713360600,25.00000,25.09000,24.92000,24.95000,969800
1713447000,24.93000,25.37000,24.75000,24.81000,659100
1713533400,24.92000,25.01000,24.72000,24.78000,490400
1713792600,24.93000,25.30000,24.86000,25.19000,531900
1713879000,25.26000,25.51000,25.25000,25.43000,552800
1713965400,25.41000,25.54000,25.25000,25.33000,629100
1714051800,25.10000,25.27000,24.72000,24.94000,611500
1714138200,24.87000,25.05000,24.69000,24.96000,485800
1714397400,25.04000,25.31000,24.96000,24.99000,704400
1714483800,24.87000,24.97000,24.36000,24.54000,888800
1714570200,24.62000,24.87000,24.43000,24.54000,988500
1714656600,24.70000,24.87000,24.49000,24.78000,755900
1714743000,24.92000,25.33000,24.92000,25.26000,535000
1715002200,25.35000,25.60000,25.03000,25.37000,969900
1715088600,25.65000,25.67000,25.15000,25.25000,852100
1715175000,24.98000,25.13000,24.79000,24.93000,1069400
1715261400,24.82000,25.80000,23.99000,25.63000,1344100
1715347800,25.63000,25.92000,25.51000,25.86000,1098300
1715607000,26.00000,26.39000,25.92000,26.29000,1021500
1715693400,26.34000,26.49000,26.20000,26.40000,742600
1715779800,26.62000,26.87000,26.49000,26.79000,752500
1715866200,26.81000,27.34000,26.81000,27.12000,708700
1715952600,27.08000,27.16000,26.93000,27.08000,321200
1716211800,27.08000,27.24000,27.01000,27.23000,458800
1716298200,27.08000,27.20000,26.96000,27.09000,443300
1716384600,27.09000,27.14000,26.72000,26.73000,565600
1716471000,27.47000,27.47000,26.62000,26.69000,638600
1716557400,26.85000,27.55000,26.66000,27.52000,483500
1716903000,27.58000,27.67000,27.34000,27.49000,565300
1716989400,27.10000,27.51000,27.10000,27.41000,377200
1717075800,27.51000,27.72000,27.30000,27.68000,470400
1717162200,27.69000,27.90000,27.57000,27.88000,840200
1717421400,28.05000,28.15000,27.78000,28.04000,476700
1717507800,27.95000,28.14000,26.77000,27.76000,926000
1717594200,27.85000,28.50000,27.74000,28.50000,675500
1717680600,28.38000,28.52000,28.23000,28.31000,696300
1717767000,28.19000,28.19000,27.73000,27.79000,459600
1718026200,27.68000,27.84000,27.59000,27.83000,375500
1718112600,27.65000,28.00000,27.65000,27.89000,553600
1718199000,28.34000,28.42000,28.01000,28.15000,382100
1718285400,28.02000,28.02000,27.60000,27.78000,299900
1718371800,27.61000,27.76000,27.38000,27.67000,367600
1718631000,27.60000,27.65000,27.32000,27.45000,663300
1718717400,27.40000,27.76000,27.34000,27.65000,682700
1718890200,27.61000,27.83000,27.41000,27.51000,567100
1718976600,27.55000,28.26000,27.22000,28.21000,5154800
1719235800,28.13000,28.41000,28.00000,28.31000,1437900
1719322200,28.37000,28.73000,28.21000,28.71000,846900
1719408600,28.68000,28.79000,28.52000,28.72000,694800
1719495000,28.77000,28.79000,28.50000,28.63000,986800
1719581400,28.56000,28.85000,28.30000,28.39000,1604200
1719840600,28.42000,28.72000,28.15000,28.15000,430200
1719927000,28.27000,28.46000,28.03000,28.42000,562500
1720013400,28.46000,28.68000,28.46000,28.51000,265000
1720186200,28.44000,28.49000,28.26000,28.33000,533500
1720445400,28.61000,28.61000,28.06000,28.10000,415000
1720531800,28.10000,28.73000,27.59000,28.56000,805800
1720618200,28.69000,28.75000,28.50000,28.63000,647900
1720704600,28.78000,28.87000,28.63000,28.64000,659300
1720791000,28.76000,28.90000,28.34000,28.37000,2054700
1721050200,28.44000,28.54000,28.18000,28.34000,904400
1721136600,28.51000,29.37000,28.45000,29.29000,1102000
1721223000,29.20000,29.35000,28.80000,28.87000,1073700
1721309400,28.75000,28.99000,28.58000,28.67000,425700
1721395800,28.77000,28.77000,28.14000,28.19000,529500
1721655000,28.28000,28.77000,28.14000,28.64000,657500
1721741400,28.63000,29.11000,28.50000,29.06000,399400
1721827800,29.03000,29.03000,28.20000,28.21000,442800
1721914200,28.33000,28.55000,28.01000,28.01000,475500
1722000600,28.12000,28.51000,28.12000,28.36000,592000
1722259800,28.55000,28.68000,28.43000,28.56000,400000
1722346200,28.72000,28.74000,28.20000,28.36000,556200
1722432600,28.69000,28.69000,28.42000,28.49000,634400
1722519000,28.93000,28.93000,27.86000,27.99000,733200
1722605400,27.59000,27.59000,26.85000,27.14000,755800
1722864600,26.66000,26.66000,26.04000,26.33000,901800
1722951000,26.38000,27.07000,26.38000,26.91000,577800
1723037400,27.19000,27.35000,26.86000,26.98000,571500
1723123800,27.01000,27.84000,26.80000,27.76000,920100
1723210200,28.45000,28.95000,27.88000,28.75000,720500
1723469400,28.68000,29.05000,28.04000,28.10000,506700
1723555800,28.28000,28.65000,28.10000,28.52000,352000
1723642200,28.54000,28.61000,27.98000,28.33000,491500
1723728600,28.70000,28.70000,28.33000,28.52000,695900
1723815000,28.64000,28.66000,28.40000,28.45000,650300
1724074200,28.51000,28.90000,28.43000,28.90000,456400
1724160600,28.74000,29.02000,28.34000,28.51000,445600
1724247000,28.55000,28.86000,28.47000,28.84000,366200
1724333400,29.01000,29.01000,28.76000,28.90000,287000
1724419800,29.18000,29.35000,29.02000,29.20000,375100
1724679000,29.27000,29.59000,29.07000,29.10000,458300
1724765400,29.11000,29.22000,28.86000,29.04000,476200
1724851800,29.11000,29.30000,29.05000,29.16000,393800
1724938200,29.31000,29.39000,28.85000,28.94000,663100
1725024600,28.95000,29.46000,28.95000,29.43000,492200
1725370200,29.15000,29.25000,27.87000,27.98000,810700
1725456600,27.90000,28.66000,27.90000,28.23000,518300
1725543000,28.36000,28.36000,27.75000,28.05000,632700
1725629400,28.05000,28.31000,27.55000,27.65000,1300200
1725888600,27.72000,27.89000,27.62000,27.64000,783300
1725975000,27.75000,27.89000,27.21000,27.47000,1438000
1726061400,27.31000,27.45000,26.81000,27.05000,849100
1726147800,27.21000,27.28000,26.88000,27.17000,1120500
1726234200,27.40000,27.47000,27.26000,27.38000,804500
1726493400,27.35000,27.43000,27.11000,27.35000,693200
1726579800,27.39000,27.88000,27.39000,27.65000,712700
1726666200,27.74000,28.22000,27.64000,27.78000,712100
1726752600,28.35000,28.35000,27.87000,27.88000,611300
1726839000,27.90000,27.90000,27.36000,27.68000,2254800
1727098200,27.68000,27.91000,27.59000,27.83000,483600
1727184600,27.84000,28.11000,27.82000,28.10000,398600
1727271000,28.19000,28.19000,27.55000,27.63000,617100
1727357400,27.80000,27.90000,27.67000,27.75000,617700
1727443800,27.94000,28.17000,27.84000,27.87000,591200
1727703000,27.88000,28.03000,27.61000,27.95000,821400
1727789400,28.02000,28.11000,27.50000,27.77000,478100
1727875800,27.64000,27.82000,27.52000,27.55000,388200
1727962200,27.35000,27.50000,27.24000,27.36000,534000
1728048600,27.68000,27.81000,27.36000,27.51000,366800
1728307800,27.30000,27.55000,27.30000,27.39000,403300
1728394200,27.44000,27.48000,26.96000,27.20000,860900
1728480600,27.23000,27.79000,27.19000,27.68000,606800
1728567000,27.46000,27.69000,26.98000,27.03000,741000
1728653400,27.12000,27.54000,27.12000,27.40000,573900
1728912600,27.43000,27.53000,27.19000,27.48000,413000
1728999000,27.65000,28.19000,27.53000,27.92000,965200
1729085400,27.95000,28.02000,27.78000,27.87000,477100
1729171800,28.06000,28.06000,27.77000,27.94000,421500
1729258200,28.05000,28.05000,27.82000,27.90000,490100
1729517400,27.86000,28.20000,27.85000,27.93000,462100
1729603800,28.05000,28.05000,27.66000,27.85000,986400
1729690200,27.82000,27.91000,27.49000,27.65000,636100
1729776600,27.65000,27.80000,27.55000,27.70000,484800
1729863000,27.85000,27.97000,27.70000,27.75000,407500
1730122200,28.02000,28.34000,27.83000,28.24000,414400
1730208600,28.27000,29.20000,28.20000,29.15000,722000
1730295000,29.18000,29.61000,29.12000,29.15000,582200
1730381400,29.04000,29.23000,28.91000,29.04000,886800
1730467800,29.09000,29.18000,28.86000,29.08000,422400
1730730600,29.24000,29.55000,29.14000,29.29000,443400
1730817000,29.32000,29.86000,29.26000,29.79000,452200
1730903400,30.95000,31.05000,30.65000,30.98000,632600
1730989800,31.08000,31.39000,30.97000,31.32000,706200
1731076200,31.24000,32.75000,31.00000,32.22000,1326000
1731335400,32.29000,32.64000,31.74000,31.82000,1052100
1731421800,32.03000,32.38000,31.95000,32.22000,921800
1731508200,32.39000,32.39000,31.65000,31.69000,840900
1731594600,31.50000,31.89000,31.42000,31.83000,744100
1731681000,31.92000,32.45000,31.65000,31.69000,1106100
1731940200,31.61000,31.93000,31.41000,31.45000,809900
1732026600,31.06000,31.82000,30.75000,31.78000,784800
1732113000,31.74000,32.02000,31.37000,31.69000,1565200
1732199400,31.70000,32.30000,31.33000,32.11000,1170200
1732285800,32.10000,32.45000,31.98000,32.06000,1301800
1732545000,32.27000,32.41000,32.01000,32.12000,1188000
1732631400,32.21000,32.21000,31.86000,32.01000,672000
1732717800,32.02000,32.18000,31.68000,31.72000,534900
1732890600,31.87000,32.24000,31.79000,32.09000,432500
1733149800,31.98000,32.28000,31.85000,32.24000,887900
1733236200,32.24000,32.87000,32.17000,32.79000,723400
1733322600,32.69000,32.81000,32.38000,32.48000,1486800
1733409000,32.45000,32.74000,32.37000,32.41000,587400
1733495400,32.43000,32.43000,31.93000,32.30000,429000
1733754600,32.34000,32.59000,32.30000,32.37000,573100
1733841000,31.88000,32.48000,31.50000,32.19000,624500
1733927400,32.38000,32.53000,31.99000,32.14000,732200
1734013800,32.10000,32.33000,31.84000,31.85000,561900
1734100200,31.59000,31.83000,31.39000,31.43000,396100
1734359400,31.49000,31.76000,31.33000,31.35000,565000
1734445800,31.34000,31.51000,31.04000,31.11000,600300
1734532200,31.22000,31.57000,30.58000,30.61000,643100
1734618600,30.71000,31.12000,30.43000,30.46000,678000
1734705000,30.51000,30.82000,30.31000,30.70000,1529200
1734964200,30.69000,31.03000,30.69000,31.02000,598700
1735050600,31.15000,31.31000,31.03000,31.30000,429800
1735223400,31.16000,31.16000,30.95000,31.10000,348600
1735309800,30.94000,31.07000,30.59000,30.78000,468700
1735569000,30.66000,30.67000,30.03000,30.33000,452500
1735655400,30.41000,30.68000,30.32000,30.43000,424300
1735828200,30.66000,30.73000,30.29000,30.37000,386900
1735914600,30.53000,30.53000,30.01000,30.50000,387000
1736173800,30.28000,30.79000,30.18000,30.27000,588700
1736260200,30.32000,30.69000,29.83000,30.46000,635600
1736346600,30.48000,31.00000,30.00000,30.42000,478800
1736519400,30.17000,30.48000,29.89000,29.89000,575000
1736778600,29.78000,30.29000,29.70000,30.25000,801800
1736865000,30.41000,30.63000,30.20000,30.41000,503400
1736951400,30.83000,30.86000,30.34000,30.49000,612700
1737037800,30.60000,30.80000,30.34000,30.40000,380200
1737124200,30.74000,30.74000,30.36000,30.40000,387400
1737469800,30.50000,30.99000,30.45000,30.94000,484500
1737556200,31.05000,31.27000,30.87000,31.12000,772700
1737642600,31.15000,31.38000,31.00000,31.33000,666700
1737729000,31.26000,31.79000,31.26000,31.58000,472700
1737988200,31.39000,31.91000,30.95000,31.78000,716200
1738074600,31.77000,31.97000,31.55000,31.65000,667300
1738161000,31.58000,31.98000,31.51000,31.69000,427700
1738247400,32.10000,32.37000,31.45000,31.60000,743900
1738333800,31.68000,31.80000,31.56000,31.65000,524800
1738593000,31.30000,31.95000,31.12000,31.95000,674800
1738679400,32.14000,33.00000,32.11000,32.86000,1580700
1738765800,32.90000,33.30000,32.67000,33.24000,1488600
1738852200,34.97000,34.97000,32.25000,32.96000,2404300
1738938600,33.85000,34.04000,33.35000,33.92000,2476300
1739197800,34.18000,34.56000,33.92000,34.08000,1467900
1739284200,33.80000,34.36000,33.77000,34.17000,907900
1739370600,33.83000,34.08000,33.57000,34.03000,768800
1739457000,34.00000,34.33000,33.90000,34.30000,553000
1739543400,34.53000,34.93000,34.27000,34.86000,721100
1739889000,34.98000,35.01000,34.60000,35.00000,628900
1739975400,34.91000,35.25000,34.59000,34.96000,874300
1740061800,34.68000,34.91000,32.19000,32.94000,2043200
1740148200,33.08000,33.08000,32.19000,32.30000,785700
1740407400,32.58000,32.66000,32.24000,32.32000,864400
1740493800,32.55000,32.66000,32.03000,32.07000,986800
1740580200,31.98000,32.25000,31.67000,31.78000,390700
1740666600,31.87000,32.24000,31.75000,31.89000,404400
1740753000,31.87000,32.30000,31.66000,32.28000,565900
1741012200,32.30000,32.64000,31.85000,32.04000,479800
1741098600,32.07000,32.10000,31.34000,31.69000,799400
1741185000,31.56000,31.98000,31.45000,31.86000,571800
1741271400,31.71000,32.04000,31.56000,31.88000,439600
1741357800,31.64000,32.10000,31.26000,31.82000,599800
1741613400,31.48000,31.77000,31.02000,31.10000,722400
1741699800,31.01000,31.20000,30.60000,30.76000,707500
1741786200,30.92000,31.40000,30.62000,30.71000,645200
1741872600,30.63000,30.75000,30.06000,30.10000,514100
1741959000,30.25000,31.05000,30.25000,30.98000,551700
1742218200,30.71000,31.18000,30.71000,31.03000,444100
1742304600,31.07000,31.07000,30.46000,30.72000,391600
1742391000,30.72000,31.50000,30.72000,31.25000,536300
1742477400,31.10000,31.30000,30.78000,31.05000,549300
1742563800,30.79000,31.13000,30.53000,30.77000,1882600
1742823000,31.13000,31.13000,30.39000,30.75000,857300
1742909400,30.67000,30.97000,30.57000,30.88000,816600
1742995800,30.80000,31.18000,30.75000,30.77000,1181000
1743082200,30.78000,30.78000,30.22000,30.26000,723900
1743168600,30.35000,30.35000,29.52000,29.66000,786000
1743427800,29.80000,30.54000,29.64000,30.37000,5488700
1743514200,30.13000,30.83000,29.88000,30.28000,919000
1743600600,30.56000,30.64000,30.12000,30.55000,846900
1743687000,29.71000,30.27000,29.40000,29.43000,906200
1743773400,28.26000,28.63000,27.60000,27.70000,1060300
1744032600,26.50000,28.47000,26.25000,27.41000,1452000
1744119000,28.31000,28.57000,27.19000,27.54000,1222400
1744205400,27.09000,30.35000,27.09000,30.20000,1149500
1744291800,29.76000,30.28000,28.56000,29.58000,870600
1744378200,29.82000,30.35000,29.40000,30.24000,852200
1744637400,30.35000,30.60000,30.07000,30.43000,388700
1744723800,30.62000,30.79000,30.41000,30.52000,412500
1744810200,30.17000,30.43000,29.45000,29.75000,423200
1744896600,30.29000,30.29000,29.82000,30.00000,504200
1745242200,29.74000,29.84000,29.11000,29.45000,257200
1745328600,29.89000,30.33000,29.67000,30.29000,810600
1745415000,30.82000,31.61000,30.52000,30.68000,768200
1745501400,30.78000,31.07000,30.35000,31.00000,278000
1745587800,30.93000,31.24000,30.81000,31.23000,289900
1745847000,31.26000,31.36000,30.97000,31.22000,252500
1745933400,31.24000,31.42000,31.06000,31.32000,331700
1746019800,31.04000,31.51000,30.76000,31.42000,645800
1746106200,31.24000,31.50000,31.11000,31.27000,414000
1746192600,31.70000,31.99000,30.54000,31.90000,296100
1746451800,31.73000,32.26000,31.55000,32.08000,391900
1746538200,32.08000,32.18000,31.92000,32.04000,405000
1746624600,32.31000,32.74000,32.26000,32.66000,1254800
1746711000,32.93000,33.05000,32.49000,32.50000,675200
1746797400,33.22000,33.37000,32.37000,32.57000,567700
1747056600,33.22000,33.32000,32.64000,32.95000,799500
1747143000,33.04000,33.31000,32.80000,32.85000,608100
1747229400,32.62000,32.98000,32.62000,32.90000,745100
1747315800,32.95000,33.18000,32.73000,32.78000,528500
1747402200,32.89000,32.96000,32.47000,32.93000,570100
1747661400,32.86000,32.90000,32.50000,32.73000,607000
1747747800,32.54000,32.85000,32.54000,32.78000,550600
1747834200,32.59000,32.75000,32.28000,32.35000,424900
1747920600,32.26000,32.28000,31.95000,31.98000,508600
1748007000,31.78000,32.56000,31.71000,32.47000,516100
1748352600,32.27000,32.69000,32.26000,32.56000,750800
1748439000,32.53000,33.06000,32.53000,32.90000,383900
1748525400,32.95000,33.03000,32.51000,32.90000,507000
1748611800,32.90000,32.93000,32.50000,32.72000,730100
1748871000,32.35000,32.56000,32.09000,32.48000,839200
1748957400,32.54000,32.58000,32.24000,32.34000,779300
1749043800,32.28000,32.31000,32.06000,32.16000,449700
1749130200,32.30000,32.36000,32.05000,32.19000,426000
1749216600,32.28000,32.36000,31.75000,31.85000,747600
1749475800,31.85000,31.98000,31.56000,31.82000,619300
1749562200,31.90000,32.15000,31.69000,32.02000,601200
1749648600,32.02000,32.10000,31.71000,31.83000,500400
1749735000,31.82000,31.98000,31.61000,31.67000,507700
1749821400,31.57000,31.57000,31.20000,31.35000,789400
1750080600,31.68000,32.29000,31.61000,32.28000,777500
1750167000,32.18000,32.25000,31.73000,31.84000,740600
1750253400,31.89000,32.49000,31.84000,32.31000,715500
1750426200,32.77000,33.01000,32.27000,32.60000,3849800
1750685400,32.59000,33.18000,32.48000,33.18000,886700
1750771800,33.47000,33.67000,33.24000,33.60000,732400
1750858200,33.63000,33.84000,33.51000,33.72000,555500
1750944600,33.71000,34.03000,33.58000,33.96000,477600
1751031000,34.05000,34.06000,33.63000,33.87000,782500
1751290200,33.92000,34.42000,33.92000,34.31000,666100
1751376600,34.31000,34.56000,34.23000,34.41000,521900
1751463000,34.36000,34.39000,34.15000,34.36000,491300
1751549400,34.46000,34.54000,34.18000,34.39000,509800
1751895000,34.20000,34.42000,33.91000,33.92000,725100
1751981400,33.92000,34.18000,33.87000,34.02000,518300
1752067800,34.04000,34.19000,33.96000,34.07000,367700
1752154200,34.09000,34.51000,34.05000,34.45000,635100
1752240600,34.31000,34.42000,34.16000,34.29000,327300
1752499800,33.83000,34.62000,33.83000,34.55000,364200
1752586200,34.73000,35.41000,34.19000,34.20000,798400
1752672600,34.33000,34.52000,33.92000,34.44000,679800
1752759000,34.54000,34.84000,34.40000,34.82000,871500
1752845400,35.03000,35.09000,34.38000,34.46000,782200
1753104600,34.41000,34.84000,33.51000,33.55000,827700
1753191000,33.56000,33.97000,33.56000,33.67000,614000
1753277400,33.67000,34.07000,33.50000,33.75000,596300
1753363800,33.75000,33.85000,33.35000,33.55000,486700
1753450200,33.63000,33.74000,33.40000,33.69000,478400
1753709400,33.65000,33.78000,33.56000,33.72000,560600
1753795800,33.84000,33.88000,33.51000,33.57000,444800
1753882200,33.66000,33.84000,33.41000,33.52000,690200
1753968600,33.24000,33.78000,33.24000,33.42000,778400
1754055000,33.29000,33.53000,32.39000,33.25000,577000
1754314200,33.25000,33.65000,33.25000,33.60000,581800
1754400600,33.62000,33.73000,33.38000,33.55000,1064200
1754487000,35.58000,35.58000,33.03000,33.91000,1234100
1754573400,34.43000,34.89000,33.52000,33.54000,1404800
1754659800,33.47000,33.65000,32.93000,32.95000,832200
1754919000,33.13000,33.45000,32.69000,32.88000,902200
1755005400,32.91000,33.34000,32.91000,33.28000,1212500
1755091800,33.35000,34.07000,33.30000,34.04000,1615500
1755178200,33.92000,34.56000,33.81000,34.40000,872200
1755264600,34.59000,34.59000,33.99000,34.03000,549200
1755523800,34.18000,34.28000,33.84000,34.23000,867300
1755610200,34.30000,34.59000,34.30000,34.57000,591700
1755696600,34.47000,34.75000,34.12000,34.22000,527700
1755783000,34.21000,34.52000,34.10000,34.47000,394500
1755869400,34.70000,35.26000,34.55000,35.17000,559800
1756128600,35.15000,35.24000,34.65000,34.71000,617400
1756215000,34.68000,34.68000,34.22000,34.29000,488200
1756301400,34.22000,34.49000,34.06000,34.11000,420100
1756387800,34.28000,34.47000,33.89000,34.05000,501900
1756474200,34.01000,34.09000,33.70000,33.87000,595800
1756819800,33.53000,33.64000,33.02000,33.21000,508100
1756906200,32.98000,33.24000,31.97000,32.89000,1494100
1756992600,33.03000,33.28000,32.85000,33.17000,685200
1757079000,33.07000,33.71000,32.67000,33.40000,378800
1757338200,33.41000,34.07000,33.12000,33.97000,557100
1757424600,32.75000,33.01000,32.34000,32.45000,9093800
1757511000,32.35000,32.40000,31.56000,31.56000,1851700
1757597400,31.70000,32.37000,31.66000,32.27000,3981500
1757683800,32.21000,32.47000,32.06000,32.27000,1197000
1757943000,32.45000,32.88000,32.31000,32.85000,2043900
1758029400,32.79000,32.98000,32.50000,32.80000,1975000
1758115800,32.79000,33.38000,32.60000,33.15000,2510500
1758202200,33.46000,33.82000,33.23000,33.56000,1369300
1758288600,33.71000,34.16000,33.53000,33.92000,3124500
1758547800,33.94000,34.25000,33.75000,34.15000,1070200
1758634200,34.20000,34.37000,33.70000,33.76000,916900
1758720600,33.82000,34.00000,33.51000,33.59000,960700
1758807000,33.44000,33.78000,33.29000,33.41000,824200
1758893400,33.56000,33.85000,33.36000,33.63000,2690300
1759152600,33.75000,34.54000,33.62000,34.46000,1385800
1759239000,34.49000,35.21000,34.47000,34.55000,4658800
1759325400,34.33000,34.33000,32.40000,32.46000,2360300
1759411800,32.50000,32.70000,32.25000,32.28000,1552600
1759498200,32.52000,32.67000,32.04000,32.09000,1037100
1759757400,32.19000,32.31000,31.32000,31.81000,1211200
1759843800,31.62000,31.73000,30.86000,30.89000,1084600
1759930200,30.78000,30.86000,30.39000,30.50000,864600
1760016600,30.42000,30.66000,29.63000,29.71000,907800
1760103000,29.82000,30.69000,29.26000,29.28000,916500
1760362200,29.41000,29.58000,29.25000,29.55000,805700
1760448600,29.55000,29.95000,29.50000,29.95000,685100
1760535000,29.95000,30.33000,29.79000,29.92000,758700
1760621400,29.92000,30.18000,29.34000,29.48000,773000
1760707800,29.60000,29.72000,29.33000,29.53000,605600
1760967000,29.85000,30.05000,29.64000,29.94000,482800
1761053400,29.90000,30.25000,29.87000,30.00000,478700
1761139800,30.03000,30.26000,29.82000,29.86000,502600
1761226200,29.77000,30.27000,29.77000,30.14000,533900
1761312600,30.27000,30.39000,30.14000,30.15000,591400
1761571800,30.85000,31.02000,30.51000,30.96000,1695900
1761658200,31.04000,31.46000,30.99000,31.17000,1847600
1761744600,31.02000,31.03000,30.19000,30.27000,780900
1761831000,30.20000,30.64000,29.93000,30.51000,679500
1761917400,30.42000,31.28000,30.15000,30.47000,1570400
1762180200,30.49000,30.55000,29.88000,30.06000,925100
1762266600,30.08000,30.28000,29.06000,29.07000,1945600
1762353000,29.13000,29.44000,28.96000,29.20000,895800
1762439400,29.13000,29.58000,28.43000,28.48000,760500
1762525800,29.95000,30.35000,28.52000,30.29000,855600
1762785000,30.29000,30.47000,30.02000,30.32000,1025200
1762871400,30.36000,30.49000,30.02000,30.22000,690600
1762957800,30.14000,30.33000,29.87000,30.33000,1088900
1763044200,30.18000,30.28000,29.65000,29.68000,625900
1763130600,29.68000,29.71000,29.27000,29.56000,532700
1763389800,29.41000,29.43000,28.73000,28.92000,670400
1763476200,29.02000,29.02000,28.61000,28.79000,790300
1763562600,28.72000,28.74000,28.35000,28.36000,670900
1763649000,28.61000,28.78000,27.92000,27.98000,755900
1763735400,28.10000,29.10000,28.10000,29.00000,767900
1763994600,29.00000,29.16000,28.62000,28.86000,910100
1764081000,29.02000,29.24000,28.51000,29.06000,642200
1764167400,29.14000,29.38000,28.99000,29.32000,640000
1764340200,29.33000,29.55000,29.24000,29.43000,776100
1764599400,29.38000,29.59000,28.95000,28.98000,574300
1764685800,29.02000,29.03000,28.69000,28.97000,881600
1764772200,29.15000,29.15000,28.85000,29.01000,671700
1764858600,28.98000,29.33000,28.98000,29.13000,695200
1764945000,28.95000,29.76000,28.91000,29.59000,824400
1765204200,29.79000,30.00000,29.06000,29.32000,645600
1765290600,29.31000,29.51000,29.12000,29.44000,526100
1765377000,29.37000,29.65000,29.30000,29.52000,1276800
1765463400,29.62000,30.04000,29.37000,29.56000,760800
1765549800,29.65000,29.97000,29.63000,29.66000,723600
1765809000,30.03000,30.03000,29.25000,29.27000,1777000
1765895400,29.32000,29.53000,29.14000,29.48000,1301200
1765981800,29.43000,29.86000,29.26000,29.61000,1005100
1766068200,29.72000,29.90000,29.50000,29.77000,1167200
1766154600,29.93000,30.17000,29.48000,29.79000,4740500
1766413800,29.84000,30.27000,29.84000,29.89000,708500
1766500200,29.91000,30.08000,29.88000,30.00000,393400
1766586600,30.10000,30.18000,29.81000,30.01000,404200
1766759400,29.87000,30.11000,29.81000,29.87000,314900
1767018600,30.11000,30.24000,29.75000,29.80000,577700
1767105000,29.80000,30.12000,29.73000,29.92000,463100
1767191400,30.06000,30.06000,29.57000,29.63000,618700
1767364200,29.64000,29.99000,29.29000,29.77000,589500
1767623400,29.70000,30.29000,29.57000,29.90000,800700
1767709800,29.78000,30.13000,29.70000,30.10000,729300
1767796200,30.13000,30.37000,29.98000,30.15000,691900
1767882600,30.06000,30.54000,30.01000,30.26000,1065000
1767969000,30.25000,30.38000,30.04000,30.20000,561500
1768228200,30.15000,30.56000,30.15000,30.50000,904900
1768314600,30.50000,30.65000,30.23000,30.61000,771000
1768401000,30.75000,30.80000,30.47000,30.69000,968200
1768487400,30.92000,30.98000,30.61000,30.70000,1160200
1768573800,30.71000,30.87000,30.14000,30.29000,1647700
1768919400,30.10000,30.51000,29.98000,30.09000,1409200
1769005800,30.64000,30.64000,30.15000,30.25000,1284200
1769092200,30.38000,30.99000,30.35000,30.95000,652200
1769178600,30.95000,31.17000,30.93000,31.10000,1155700
1769437800,30.99000,31.21000,30.86000,31.01000,565900
1769524200,30.97000,31.03000,30.79000,30.84000,902300
1769610600,30.87000,31.09000,30.55000,30.61000,985700
1769697000,30.76000,30.82000,30.28000,30.61000,2107600
1769783400,30.59000,31.11000,30.51000,31.10000,1181900
1770042600,31.40000,31.40000,30.65000,30.88000,1862200
1770129000,30.88000,30.88000,28.69000,28.84000,1547800
1770215400,28.51000,28.77000,28.00000,28.09000,3273900
1770301800,27.80000,28.27000,26.89000,27.39000,3424500
1770388200,26.72000,27.12000,25.57000,25.65000,3715800
1770647400,25.82000,26.43000,25.57000,26.27000,1931400
1770733800,26.55000,27.38000,26.52000,27.20000,1486100
1770820200,27.29000,27.41000,26.60000,26.76000,1337700
1770906600,26.82000,27.01000,25.51000,25.66000,1330400
1770993000,25.82000,26.05000,25.49000,26.00000,1194700
1771338600,26.20000,26.50000,25.96000,26.32000,1540800
1771425000,26.45000,26.56000,26.08000,26.28000,1460100
1771511400,26.20000,26.37000,25.98000,26.19000,1494400
1771597800,26.10000,26.74000,25.95000,26.55000,1091900
1771857000,26.14000,26.34000,25.74000,25.84000,1279000
1771943400,25.75000,26.34000,25.60000,26.04000,1018100
1772029800,26.13000,26.37000,25.83000,26.26000,1617700
1772116200,26.29000,27.13000,26.29000,26.94000,1351000
1772202600,26.68000,26.98000,26.58000,26.78000,1825900
1772461800,26.09000,26.64000,26.09000,26.41000,1660400
1772548200,26.09000,26.49000,25.90000,26.22000,1780200
1772634600,26.22000,26.93000,26.22000,26.69000,1201800
1772721000,26.67000,27.15000,26.56000,26.94000,1376200
1772807400,26.99000,27.74000,26.90000,27.70000,1166100
1773063000,27.10000,27.79000,26.91000,27.71000,1230100
1773149400,27.59000,27.60000,27.05000,27.22000,956100
1773235800,27.28000,27.59000,27.26000,27.43000,839100
1773322200,27.33000,27.64000,26.60000,26.66000,1530000
1773408600,26.86000,27.15000,26.71000,26.76000,787200
1773667800,27.15000,27.54000,27.15000,27.36000,1148900
1773754200,27.50000,27.99000,27.36000,27.37000,1064300
1773840600,27.32000,27.44000,27.10000,27.30000,1690800
1773927000,27.11000,27.54000,26.58000,27.24000,1737900
1774013400,27.38000,27.59000,26.99000,27.39000,3183300
1774272600,28.31000,28.31000,27.32000,27.46000,3268800
1774359000,27.55000,27.55000,26.87000,27.17000,2211700
1774445400,27.39000,27.65000,27.00000,27.59000,1213100
1774531800,27.43000,27.59000,27.03000,27.55000,1109100
1774618200,27.36000,27.84000,27.23000,27.79000,1779100
1774877400,27.97000,28.36000,27.66000,28.32000,2454500
1774963800,28.34000,29.33000,28.27000,28.51000,10382100
1775050200,28.87000,29.09000,28.05000,28.15000,1884800
1775136600,28.03000,28.38000,27.63000,28.11000,1360200
1775482200,27.94000,28.38000,27.94000,28.14000,786600
1775568600,28.15000,28.40000,28.04000,28.10000,719400
1775655000,28.40000,28.75000,28.40000,28.70000,1144200
1775741400,28.62000,28.73000,28.25000,28.40000,1029800
1775827800,28.40000,28.55000,28.16000,28.26000,779800
1776087000,28.22000,28.84000,28.19000,28.83000,720700
1776173400,28.84000,29.32000,28.65000,28.83000,879400
1776259800,28.98000,29.39000,28.95000,29.15000,969900
1776346200,29.25000,29.75000,28.89000,29.65000,880800
1776432600,29.73000,30.17000,29.60000,29.96000,692900
1776691800,29.91000,30.09000,29.79000,29.98000,571200
1776778200,29.82000,30.52000,29.78000,30.42000,790100
1776864600,30.48000,30.96000,30.40000,30.74000,673400
1776951000,30.87000,30.91000,30.03000,30.40000,1727200
1777037400,30.42000,30.58000,30.13000,30.24000,776700
1777296600,30.21000,30.72000,30.17000,30.55000,765100
1777383000,30.60000,30.72000,30.06000,30.14000,1081900
1777469400,29.76000,30.32000,29.76000,30.25000,834600
1777555800,30.02000,30.69000,29.87000,30.48000,1569600
1777642200,30.77000,30.84000,30.34000,30.41000,909700
1777901400,30.24000,30.49000,29.81000,29.82000,976700
1777987800,29.72000,29.82000,29.18000,29.38000,1526700
1778074200,29.61000,30.62000,29.61000,30.23000,1704200
1778160600,30.10000,30.89000,29.89000,30.85000,1716400
1778247000,30.31000,31.31000,29.73000,31.31000,2393700
1778506200,31.04000,31.92000,30.37000,31.17000,2361000
1778592600,31.22000,31.31000,30.32000,30.41000,1835500
1778679000,30.26000,30.76000,30.26000,30.68000,1271300
1778765400,30.66000,30.69000,29.87000,30.08000,1237000
1778851800,29.94000,30.30000,29.63000,29.74000,1167300
1779111000,29.99000,30.27000,29.80000,30.23000,1518700
1779197400,30.19000,30.53000,29.92000,30.11000,1143900
1779283800,29.94000,30.02000,29.34000,29.70000,992800
1779370200,29.46000,30.13000,29.42000,30.08000,1122400
1779456600,30.33000,30.65000,29.43000,29.68000,1022300
1779802200,29.71000,30.07000,29.56000,29.95000,991000
1779888600,30.01000,30.95000,29.98000,30.47000,1597000
1779975000,30.30000,30.56000,30.08000,30.34000,1113800
1780061400,30.34000,30.34000,29.58000,29.82000,2094900
1780320600,29.79000,30.68000,29.63000,30.68000,1385500
1780407000,30.94000,30.94000,29.92000,30.18000,1595300
1780493400,30.35000,30.37000,29.47000,29.82000,1208900
1780579800,30.19000,30.84000,30.05000,30.78000,1199300
1780666200,30.89000,31.28000,30.75000,31.19000,926000
1780925400,31.07000,31.09000,30.37000,31.03000,953800
1781011800,31.17000,31.49000,30.92000,31.06000,1125800
1781098200,31.06000,31.48000,30.82000,30.90000,1168400
1781184600,30.70000,30.76000,30.08000,30.13000,1570200
1781271000,30.04000,30.21000,29.22000,29.26000,2240800
1781530200,29.20000,29.35000,28.78000,29.25000,2276300
1781616600,29.18000,29.61000,28.68000,29.55000,1620600
1781703000,29.46000,30.31000,29.19000,29.60000,1502800
1781789400,29.60000,29.60000,28.44000,28.75000,9584200
1782135000,28.53000,28.64000,27.85000,27.92000,2144900
1782221400,28.05000,28.38000,27.90000,28.30000,2809900
1782307800,28.45000,29.01000,28.22000,28.53000,2129900
1782394200,28.57000,28.81000,28.29000,28.34000,1394300
1782480600,28.48000,29.03000,28.48000,28.73000,1682200
1782739800,29.18000,29.24000,28.45000,28.56000,1861200
1782826200,28.43000,28.70000,27.78000,28.06000,4480600
1782912600,28.29000,29.82000,28.06000,29.25000,2134400
1782999000,29.20000,30.20000,28.86000,30.17000,1478900
1783344600,30.40000,30.40000,29.64000,30.02000,1387200
1783431000,30.53000,30.77000,30.21000,30.47000,1440300
1783517400,30.49000,30.55000,29.96000,30.10000,1469700
1783603800,29.99000,31.29000,29.99000,31.13000,1717900
1783690200,31.41000,31.60000,30.79000,30.93000,887100
1783949400,31.07000,31.54000,31.02000,31.41000,1217600
1784035800,30.93000,31.24000,30.87000,31.15000,1004100
1784122200,31.15000,32.05000,30.85000,31.66000,1482500
1784208600,31.96000,32.66000,31.95000,32.54000,1083000
1784295000,32.64000,32.91000,32.19000,32.42000,1013100
1784554200,32.43000,32.48000,32.04000,32.21000,883000
1784640600,31.83000,31.95000,31.19000,31.21000,972200
1784727000,31.65000,31.65000,30.84000,30.95000,751200
1784813400,30.62000,30.85000,29.60000,29.75000,1078800
1784899800,29.69000,30.27000,29.69000,30.19000,758900
1785159000,30.52000,31.09000,30.52000,30.92000,1064900
1785245400,31.23000,32.03000,31.15000,31.81000,1094800
1785331800,31.81000,33.04000,31.81000,32.64000,1096000
1785418200,32.23000,32.23000,31.18000,31.80000,989300
1785504600,31.55000,31.87000,31.01000,31.27000,885000
1785763800,31.71000,32.23000,31.55000,31.79000,1099700
1785850200,31.54000,32.75000,31.54000,32.72000,1601600
1785936600,32.83000,33.14000,32.13000,33.13000,1727300
1786023000,34.71000,35.31000,33.45000,33.87000,1861600
1786109400,33.70000,33.70000,32.38000,32.45000,830200
1786368600,32.26000,32.68000,32.08000,32.50000,752300
1786455000,32.45000,32.90000,32.28000,32.67000,1090600
1786541400,32.47000,32.92000,32.26000,32.68000,1041400
1786627800,32.32000,33.12000,32.32000,32.93000,2207400
1786714200,32.76000,33.36000,32.76000,33.17000,868500
1786973400,32.93000,33.20000,32.55000,32.68000,867600
1787059800,32.90000,33.73000,32.86000,33.49000,736900
1787146200,33.49000,33.78000,32.89000,33.53000,902200
1787232600,33.21000,33.83000,33.03000,33.78000,743300
1787319000,33.66000,34.62000,33.66000,34.55000,856800
1787578200,34.57000,35.12000,34.46000,35.05000,1355800
1787664600,34.84000,35.19000,34.19000,35.15000,919200
1787751000,35.12000,35.35000,34.96000,35.24000,660000
1787837400,34.86000,35.76000,34.72000,35.32000,1599800
1787923800,35.28000,35.46000,34.70000,34.85000,1583100
