time,open,high,low,close,tick_volume
1472477400,60.68000,60.82000,60.56000,60.65000,777500
1472563800,60.70000,60.78000,60.50000,60.76000,841700
1472650200,60.61000,60.80000,60.40000,60.67000,1448100
1472736600,60.80000,61.03000,60.48000,60.99000,1214500
1472823000,61.36000,61.49000,60.85000,61.12000,1072300
1473168600,61.23000,61.25000,60.75000,61.24000,1289900
1473255000,61.08000,61.62000,60.78000,61.54000,1302800
1473341400,61.25000,61.47000,60.83000,61.07000,1366300
1473427800,60.52000,60.67000,59.29000,59.29000,3284500
1473687000,59.00000,60.01000,58.80000,59.85000,2921800
1473773400,59.59000,59.65000,58.22000,58.51000,3114300
1473859800,58.49000,58.79000,58.21000,58.38000,1717500
1473946200,58.23000,59.11000,57.81000,59.01000,1616800
1474032600,59.03000,59.09000,58.01000,58.23000,3858600
1474291800,58.53000,58.99000,58.40000,58.61000,1263800
1474378200,58.96000,59.52000,58.77000,59.22000,1610500
1474464600,59.25000,59.80000,59.02000,59.68000,1561000
1474551000,60.01000,60.48000,59.93000,60.37000,2017700
1474637400,60.33000,60.70000,59.91000,59.91000,1230700
1474896600,59.64000,59.96000,59.59000,59.68000,1535200
1474983000,59.79000,60.36000,59.70000,60.27000,2419100
1475069400,58.88000,59.00000,57.01000,57.50000,6409400
1475155800,57.50000,57.81000,57.14000,57.16000,2489000
1475242200,57.43000,58.12000,57.21000,57.87000,2444800
1475501400,57.48000,57.78000,57.11000,57.46000,2315700
1475587800,57.47000,57.76000,56.78000,57.06000,1790300
1475674200,57.28000,57.32000,56.28000,56.80000,2462600
1475760600,56.68000,56.90000,56.40000,56.74000,1508600
1475847000,56.93000,56.97000,56.16000,56.52000,1724200
1476106200,56.65000,57.08000,56.52000,56.67000,1175000
1476192600,56.59000,56.62000,55.75000,56.03000,1636500
1476279000,56.05000,56.37000,55.89000,56.17000,993700
1476365400,55.77000,56.32000,55.59000,56.24000,1500300
1476451800,56.47000,56.79000,56.20000,56.20000,1071300
1476711000,56.11000,56.21000,55.43000,55.74000,2147300
1476797400,56.23000,56.62000,55.80000,56.14000,1794600
1476883800,56.20000,56.42000,55.96000,56.32000,1482800
1476970200,56.28000,56.56000,55.88000,56.24000,1868900
1477056600,55.97000,56.06000,55.33000,56.00000,1861700
1477315800,56.27000,56.52000,56.01000,56.17000,1890900
1477402200,56.22000,56.50000,55.80000,55.84000,2386100
1477488600,55.72000,55.89000,55.21000,55.57000,1805900
1477575000,55.67000,56.06000,55.12000,55.25000,2318700
1477661400,54.92000,55.42000,54.75000,55.05000,2125200
1477920600,55.17000,55.31000,54.81000,55.20000,1610800
1478007000,55.34000,55.50000,54.17000,54.27000,2838300
1478093400,54.38000,54.80000,54.27000,54.34000,2960100
1478179800,54.34000,54.48000,53.47000,53.83000,2489500
1478266200,53.44000,54.05000,53.43000,53.65000,1839100
1478529000,54.49000,54.84000,54.13000,54.47000,2563800
1478615400,54.27000,54.58000,54.12000,54.19000,2265700
1478701800,52.90000,55.24000,52.78000,55.18000,4972400
1478788200,55.24000,56.24000,54.62000,56.00000,4049300
1478874600,55.78000,56.77000,55.67000,56.68000,3782000
1479133800,56.85000,56.97000,56.23000,56.30000,4103800
1479220200,56.45000,56.74000,55.47000,55.68000,2392400
1479306600,55.61000,55.87000,55.37000,55.76000,2065800
1479393000,55.80000,56.10000,55.42000,55.92000,3558300
1479479400,55.85000,56.17000,55.78000,55.93000,2180400
1479738600,56.01000,57.16000,55.92000,57.14000,2889400
1479825000,57.31000,57.73000,57.05000,57.50000,3144500
1479911400,57.53000,58.08000,57.09000,58.05000,2112700
1480084200,58.04000,58.36000,57.86000,57.98000,726500
1480343400,57.79000,58.19000,57.48000,57.99000,2081000
1480429800,57.91000,59.66000,57.82000,59.46000,4045600
1480516200,59.51000,59.68000,58.95000,58.95000,5055400
1480602600,58.95000,59.24000,58.52000,58.68000,2409100
1480689000,58.59000,58.99000,58.23000,58.34000,1944700
1480948200,58.65000,58.89000,58.31000,58.83000,2711900
1481034600,58.98000,59.02000,58.30000,58.67000,1342600
1481121000,58.70000,60.45000,58.58000,60.24000,1665800
1481207400,60.29000,60.45000,59.84000,60.27000,1370200
1481293800,60.02000,60.47000,59.80000,60.16000,1381300
1481553000,59.97000,60.33000,59.86000,60.19000,1085300
1481639400,60.14000,60.66000,60.03000,60.25000,1715700
1481725800,60.38000,61.20000,60.25000,60.48000,2762200
1481812200,60.43000,61.03000,60.18000,60.74000,1704600
1481898600,61.76000,61.97000,61.01000,61.24000,3470900
1482157800,61.53000,62.04000,61.29000,61.55000,1815700
1482244200,61.89000,62.14000,61.49000,61.93000,2487800
1482330600,61.71000,61.86000,60.26000,61.39000,3353000
1482417000,61.35000,61.55000,60.85000,61.50000,1310900
1482503400,61.52000,61.88000,61.43000,61.73000,993800
1482849000,61.83000,62.18000,61.61000,61.65000,944700
1482935400,61.84000,61.93000,61.29000,61.34000,1286000
1483021800,61.47000,61.95000,61.24000,61.40000,989000
1483108200,61.26000,61.26000,60.44000,60.88000,1574600
1483453800,61.15000,61.75000,60.61000,61.06000,1922300
1483540200,61.31000,61.59000,61.04000,61.29000,1610100
1483626600,61.12000,61.48000,60.62000,60.85000,1646500
1483713000,60.85000,61.55000,60.55000,61.27000,1271400
1483972200,61.23000,61.40000,60.90000,61.02000,1429800
1484058600,61.08000,61.29000,60.69000,60.81000,1392800
1484145000,61.11000,61.38000,60.80000,61.15000,1424600
1484231400,60.97000,61.41000,60.71000,61.34000,1070200
1484317800,61.32000,61.69000,61.26000,61.47000,938500
1484663400,61.33000,61.47000,60.64000,60.85000,1356700
1484749800,61.00000,61.14000,60.72000,61.04000,1145800
1484836200,61.04000,61.11000,60.79000,60.90000,1173400
1484922600,61.10000,61.70000,60.95000,61.47000,1517900
1485181800,61.36000,61.49000,60.98000,61.11000,1716900
1485268200,61.18000,61.96000,61.18000,61.87000,1472000
1485354600,62.01000,62.17000,61.40000,61.62000,1529300
1485441000,61.54000,61.61000,61.25000,61.45000,1053600
1485527400,61.55000,61.56000,60.98000,61.17000,1009800
1485786600,60.73000,60.99000,60.42000,60.81000,1272900
1485873000,60.45000,60.76000,60.09000,60.29000,1684100
1485959400,59.50000,59.50000,58.43000,58.52000,4522100
1486045800,58.41000,58.81000,58.12000,58.55000,2649500
1486132200,58.90000,59.17000,57.71000,57.97000,4003300
1486391400,58.02000,58.40000,57.35000,57.62000,4610200
1486477800,57.65000,57.99000,57.07000,57.57000,2810300
1486564200,57.48000,57.83000,57.17000,57.65000,1671200
1486650600,57.69000,58.67000,57.66000,58.49000,2017700
1486737000,58.62000,58.99000,58.42000,58.46000,1303100
1486996200,58.75000,59.23000,58.71000,59.04000,1471200
1487082600,58.88000,59.33000,58.83000,59.27000,1113700
1487169000,59.33000,59.53000,58.85000,59.38000,1526300
1487255400,59.47000,59.59000,59.09000,59.49000,1276200
1487341800,59.46000,59.46000,58.74000,59.13000,1708100
1487687400,59.23000,59.35000,58.75000,59.10000,2218900
1487773800,58.95000,59.63000,58.95000,59.60000,1507500
1487860200,59.85000,60.54000,59.56000,60.41000,1894700
1487946600,60.44000,61.94000,60.20000,61.81000,3372600
1488205800,61.58000,62.13000,61.24000,61.53000,2122500
1488292200,61.58000,61.81000,61.21000,61.42000,1618200
1488378600,61.71000,63.01000,61.65000,62.81000,2817000
1488465000,62.56000,62.59000,62.21000,62.36000,1383000
1488551400,62.18000,62.55000,61.85000,62.50000,1779000
1488810600,62.24000,62.59000,62.07000,62.41000,1244800
1488897000,62.14000,62.58000,62.07000,62.16000,1097400
1488983400,62.15000,62.60000,62.01000,62.32000,1169000
1489069800,62.25000,62.48000,61.81000,62.12000,969600
1489156200,62.22000,62.54000,61.79000,62.38000,893300
1489411800,62.33000,62.63000,62.10000,62.56000,1969200
1489498200,62.51000,62.55000,62.08000,62.31000,888500
1489584600,62.54000,63.03000,62.31000,62.86000,1406200
1489671000,62.85000,63.03000,62.34000,62.63000,1115900
1489757400,62.78000,63.03000,62.63000,62.84000,2026400
1490016600,62.87000,62.95000,62.05000,62.31000,1352700
1490103000,62.48000,62.60000,61.53000,61.67000,1845800
1490189400,61.75000,62.10000,61.49000,62.00000,1247800
1490275800,61.77000,61.97000,61.45000,61.52000,1885500
1490362200,61.79000,62.04000,61.31000,61.62000,1296500
1490621400,61.22000,61.46000,60.70000,60.89000,2748100
1490707800,60.70000,61.05000,60.51000,60.58000,4956400
1490794200,60.51000,61.00000,58.58000,59.06000,5436800
1490880600,58.94000,59.33000,58.75000,59.13000,2873800
1490967000,59.10000,59.26000,58.84000,58.90000,2537800
1491226200,58.75000,58.89000,58.10000,58.44000,2322500
1491312600,58.31000,58.35000,57.95000,58.06000,1543200
1491399000,58.33000,58.88000,58.04000,58.30000,2300500
1491485400,58.29000,58.34000,57.86000,58.15000,1458700
1491571800,58.17000,58.34000,58.02000,58.19000,1583400
1491831000,58.16000,58.53000,58.05000,58.24000,1323500
1491917400,58.26000,58.72000,58.01000,58.72000,2070700
1492003800,58.36000,58.65000,58.22000,58.45000,2093500
1492090200,58.47000,58.52000,57.89000,57.89000,1661600
1492435800,58.02000,58.15000,57.68000,58.06000,1488800
1492522200,57.76000,58.26000,57.76000,58.22000,1420400
1492608600,58.21000,58.76000,57.97000,58.08000,2048000
1492695000,58.39000,58.73000,58.18000,58.65000,1707100
1492781400,58.77000,59.23000,58.68000,59.14000,1939400
1493040600,59.67000,59.88000,59.03000,59.42000,1950100
1493127000,59.66000,60.07000,59.55000,59.55000,2090400
1493213400,59.62000,59.74000,59.25000,59.70000,1682800
1493299800,59.72000,60.06000,59.50000,59.84000,1338500
1493386200,59.94000,59.94000,59.11000,59.28000,1543000
1493645400,59.33000,59.48000,58.96000,59.16000,1109400
1493731800,59.22000,59.50000,59.00000,59.25000,942000
1493818200,58.50000,58.52000,57.40000,57.90000,2777600
1493904600,57.91000,58.73000,57.79000,58.68000,1357300
1493991000,58.89000,58.89000,58.48000,58.87000,1524200
1494250200,58.46000,58.72000,57.86000,58.06000,1980300
1494336600,58.05000,58.24000,57.65000,58.02000,1603300
1494423000,57.95000,58.10000,57.45000,57.54000,1879200
1494509400,57.38000,57.44000,56.94000,57.19000,1956100
1494595800,57.23000,57.25000,56.93000,57.13000,1667300
1494855000,57.16000,57.78000,57.16000,57.61000,2343900
1494941400,57.61000,57.81000,56.97000,57.16000,2065400
1495027800,56.83000,57.28000,56.57000,56.94000,2695600
1495114200,57.00000,57.68000,56.77000,57.43000,1848300
1495200600,57.50000,57.70000,57.23000,57.51000,1939100
1495459800,57.74000,58.04000,57.61000,57.82000,1518000
1495546200,58.10000,58.26000,57.80000,58.05000,1288400
1495632600,58.23000,58.59000,58.01000,58.40000,1305400
1495719000,58.68000,59.27000,58.45000,59.11000,1454000
1495805400,59.22000,59.33000,58.76000,59.28000,1345500
1496151000,59.28000,59.28000,58.69000,59.11000,1087600
1496237400,59.31000,59.45000,59.02000,59.23000,4670200
1496323800,59.49000,59.68000,59.10000,59.67000,1369900
1496410200,59.57000,59.57000,58.32000,59.27000,2820900
1496669400,59.32000,59.90000,59.13000,59.60000,1662300
1496755800,59.42000,59.58000,59.03000,59.06000,1179500
1496842200,59.27000,59.40000,59.03000,59.31000,1144900
1496928600,59.26000,59.35000,58.66000,58.91000,1202300
1497015000,58.98000,59.25000,58.43000,58.56000,1880000
1497274200,58.44000,59.98000,58.23000,59.64000,2694300
1497360600,59.50000,60.57000,59.50000,60.51000,2071800
1497447000,60.47000,60.71000,59.89000,60.09000,2107900
1497533400,59.92000,60.80000,59.82000,60.73000,1771100
1497619800,60.76000,61.12000,60.21000,61.10000,3323100
1497879000,61.57000,61.57000,60.91000,61.13000,2052400
1497965400,60.32000,60.59000,59.91000,60.01000,2023900
1498051800,59.96000,60.20000,59.73000,59.93000,1305700
1498138200,59.87000,60.03000,59.11000,59.40000,1660200
1498224600,59.26000,59.47000,59.10000,59.24000,2941100
1498483800,59.65000,59.65000,59.11000,59.24000,2480200
1498570200,59.19000,59.35000,58.50000,58.62000,3594500
1498656600,57.50000,58.00000,56.56000,57.65000,5608400
1498743000,57.50000,57.66000,56.51000,56.69000,3229800
1498829400,57.31000,57.33000,56.63000,56.94000,3362000
1499088600,56.40000,57.13000,56.37000,56.53000,1459300
1499261400,56.77000,57.57000,56.35000,57.49000,2792200
1499347800,57.31000,57.31000,56.68000,56.97000,2176400
1499434200,57.16000,57.70000,56.89000,57.42000,1655400
1499693400,57.42000,57.96000,57.32000,57.84000,1950000
1499779800,57.67000,57.68000,56.57000,56.60000,2917700
1499866200,56.83000,57.37000,56.83000,57.24000,1849400
1499952600,57.38000,57.49000,57.00000,57.20000,1743300
1500039000,57.35000,57.44000,57.09000,57.10000,1383300
1500298200,57.11000,57.25000,56.75000,56.88000,1586500
1500384600,56.76000,57.05000,56.63000,56.78000,1617200
1500471000,56.75000,56.98000,56.55000,56.86000,2151400
1500557400,56.86000,57.34000,56.82000,57.19000,1748000
1500643800,56.78000,57.37000,56.78000,57.20000,1937600
1500903000,57.14000,57.23000,56.84000,56.94000,1241500
1500989400,57.05000,57.66000,57.00000,57.43000,1791500
1501075800,57.52000,58.25000,57.46000,58.11000,2005100
1501162200,58.03000,61.37000,57.87000,60.14000,6295400
1501248600,59.49000,60.13000,57.71000,57.76000,4069100
1501507800,57.81000,58.35000,57.71000,57.85000,5038400
1501594200,57.90000,57.96000,56.66000,56.82000,2749400
1501680600,56.53000,56.88000,56.16000,56.58000,2503800
1501767000,56.58000,56.67000,55.78000,56.15000,2440800
1501853400,56.37000,56.41000,55.87000,56.09000,1953000
1502112600,56.01000,56.14000,55.74000,55.94000,1429800
1502199000,55.90000,56.58000,54.72000,55.04000,3396100
1502285400,54.84000,55.07000,54.43000,54.91000,1717400
1502371800,54.61000,55.05000,54.53000,54.78000,2166900
1502458200,54.90000,54.92000,54.20000,54.24000,1789400
1502717400,54.77000,55.07000,54.43000,54.92000,2014800
1502803800,55.05000,55.78000,54.82000,55.59000,2710600
1502890200,55.69000,56.88000,55.63000,56.24000,2650200
1502976600,56.17000,56.36000,54.93000,54.98000,2473600
1503063000,54.99000,55.21000,54.76000,54.99000,2041400
1503322200,54.98000,55.81000,54.86000,55.77000,2433300
1503408600,56.08000,56.59000,55.77000,56.11000,2817600
1503495000,55.95000,56.08000,55.63000,55.77000,1303000
1503581400,55.83000,55.90000,55.46000,55.54000,1313600
1503667800,55.77000,56.45000,55.61000,56.22000,1065300
1503927000,56.38000,56.52000,56.04000,56.49000,1812600
1504013400,56.26000,56.63000,56.08000,56.59000,1198200
1504099800,56.59000,56.85000,56.12000,56.62000,1298200
1504186200,56.81000,57.10000,56.56000,57.03000,1421000
1504272600,57.04000,57.24000,56.62000,57.07000,1099500
1504618200,56.92000,57.07000,56.43000,56.71000,1257600
1504704600,56.97000,57.27000,56.59000,57.20000,1600300
1504791000,57.09000,57.27000,56.90000,57.01000,1140500
1504877400,56.93000,57.23000,56.82000,56.90000,1315000
1505136600,57.14000,57.50000,57.09000,57.33000,1379000
1505223000,57.55000,58.79000,57.53000,58.16000,2236200
1505309400,58.08000,58.36000,57.83000,58.04000,1397600
1505395800,57.72000,57.85000,57.23000,57.51000,1809900
1505482200,57.53000,57.95000,57.36000,57.85000,2076300
1505741400,57.86000,58.13000,57.66000,58.08000,806300
1505827800,58.13000,58.29000,57.91000,58.07000,1190400
1505914200,58.00000,58.65000,58.00000,58.51000,1662000
1506000600,58.58000,58.70000,58.09000,58.19000,1562900
1506087000,58.22000,59.84000,58.22000,59.75000,2709800
1506346200,59.52000,60.05000,59.50000,60.03000,2368200
1506432600,60.26000,60.29000,59.77000,59.94000,1882700
1506519000,60.17000,60.50000,60.00000,60.35000,1595000
1506605400,59.82000,60.41000,59.82000,60.26000,1437200
1506691800,60.17000,60.65000,59.86000,59.96000,2265600
1506951000,59.95000,60.16000,59.34000,59.81000,4561000
1507037400,62.00000,62.92000,61.02000,61.99000,7620100
1507123800,62.08000,63.06000,61.95000,62.61000,3108300
1507210200,63.04000,63.31000,62.40000,63.25000,2401900
1507296600,63.15000,63.68000,62.90000,63.62000,3305900
1507555800,63.64000,64.00000,63.52000,63.65000,2952900
1507642200,63.84000,64.08000,63.34000,63.71000,2561500
1507728600,63.72000,63.74000,63.26000,63.48000,2913100
1507815000,63.45000,64.44000,63.35000,64.42000,2055100
1507901400,64.39000,64.75000,63.74000,63.75000,2083600
1508160600,63.71000,63.89000,63.22000,63.45000,1142800
1508247000,63.54000,63.63000,62.86000,62.90000,1589200
1508333400,62.95000,63.37000,62.94000,63.03000,1034800
1508419800,62.85000,63.60000,62.79000,63.51000,1493500
1508506200,63.54000,64.11000,63.48000,64.04000,1399400
1508765400,64.09000,64.58000,64.06000,64.34000,1677600
1508851800,64.60000,64.66000,63.78000,63.88000,1824300
1508938200,63.73000,64.11000,63.32000,64.08000,2334600
1509024600,64.42000,64.84000,64.23000,64.59000,1374500
1509111000,64.55000,65.62000,64.23000,65.40000,2998500
1509370200,65.40000,65.54000,64.36000,64.47000,2540800
1509456600,64.01000,64.11000,63.51000,63.79000,1460500
1509543000,63.87000,64.28000,63.56000,64.14000,1637000
1509629400,64.32000,64.67000,63.54000,64.54000,1996300
1509715800,64.42000,64.43000,63.93000,63.99000,1567100
1509978600,63.70000,64.07000,63.48000,64.00000,1397200
1510065000,64.13000,64.38000,63.82000,64.27000,1703800
1510151400,64.15000,64.60000,64.09000,64.55000,1097200
1510237800,64.12000,64.90000,64.12000,64.76000,1772600
1510324200,64.61000,64.67000,64.35000,64.57000,1332700
1510583400,64.54000,65.25000,64.34000,65.10000,1775100
1510669800,64.71000,65.54000,64.42000,65.37000,1576300
1510756200,65.34000,65.81000,64.46000,64.58000,1839200
1510842600,64.87000,66.31000,64.78000,65.64000,1755900
1510929000,65.43000,65.49000,64.65000,64.92000,1741600
1511188200,64.98000,65.28000,64.75000,65.18000,1326200
1511274600,65.28000,65.39000,65.00000,65.12000,1529000
1511361000,65.21000,65.31000,64.63000,64.68000,927400
1511533800,64.60000,64.89000,64.42000,64.69000,538900
1511793000,64.64000,64.86000,64.29000,64.68000,1241500
1511879400,64.85000,65.80000,64.80000,65.80000,1569300
1511965800,65.78000,66.93000,65.39000,66.58000,3210600
1512052200,66.65000,67.88000,66.43000,67.31000,3748100
1512138600,66.90000,67.26000,65.89000,66.87000,2489500
1512397800,67.60000,68.56000,67.38000,67.61000,2604400
1512484200,67.71000,68.52000,67.62000,67.94000,2878000
1512570600,68.02000,68.67000,67.85000,68.41000,1834700
1512657000,68.28000,68.75000,68.22000,68.53000,2034800
1512743400,68.94000,69.14000,68.44000,69.01000,1464100
1513002600,68.85000,69.26000,68.74000,69.02000,2354600
1513089000,68.90000,69.13000,68.63000,68.71000,1087600
1513175400,68.90000,69.12000,68.48000,68.82000,1887600
1513261800,68.90000,68.99000,68.31000,68.33000,1534900
1513348200,68.89000,70.17000,68.51000,69.77000,3548800
1513607400,70.09000,70.30000,69.65000,70.25000,1756800
1513693800,70.35000,70.39000,69.25000,69.26000,1637000
1513780200,70.00000,70.00000,69.04000,69.20000,1680500
1513866600,67.38000,68.75000,66.92000,68.64000,4202000
1513953000,68.78000,69.74000,68.16000,68.27000,3022100
1514298600,68.24000,68.92000,68.06000,68.85000,1625600
1514385000,69.06000,69.06000,68.35000,68.40000,1153800
1514471400,68.71000,68.73000,67.98000,68.34000,1103100
1514557800,67.90000,68.45000,67.90000,68.08000,1210500
1514903400,68.34000,68.34000,67.16000,67.31000,2289300
1514989800,67.45000,68.68000,67.23000,68.28000,2189800
1515076200,68.35000,69.12000,68.35000,68.92000,1636900
1515162600,69.21000,69.26000,68.42000,68.71000,1743900
1515421800,68.50000,68.57000,68.00000,68.28000,2256600
1515508200,67.70000,68.60000,67.51000,67.82000,2850000
1515594600,67.66000,67.92000,67.12000,67.54000,1883800
1515681000,67.51000,67.51000,66.29000,66.86000,2199600
1515767400,66.99000,67.89000,66.62000,67.66000,2017200
1516113000,67.92000,68.48000,67.75000,68.26000,3478000
1516199400,68.71000,69.85000,68.41000,69.64000,2620200
1516285800,69.61000,69.92000,68.65000,68.91000,1662800
1516372200,68.89000,69.70000,68.75000,69.49000,2559500
1516631400,69.62000,70.15000,69.23000,69.70000,1682000
1516717800,69.69000,73.10000,69.10000,69.99000,6875500
1516804200,70.11000,70.15000,67.95000,68.02000,3229700
1516890600,68.22000,68.70000,67.63000,68.63000,1880600
1516977000,68.93000,70.24000,68.60000,70.01000,1720300
1517236200,69.81000,69.88000,68.74000,68.83000,1263100
1517322600,68.67000,69.27000,68.14000,68.56000,1415100
1517409000,68.60000,68.80000,67.79000,68.25000,2135700
1517495400,68.09000,68.49000,66.77000,67.03000,2737900
1517581800,66.65000,67.45000,66.51000,66.60000,3252900
1517841000,66.42000,67.36000,64.50000,64.52000,3601300
1517927400,63.30000,64.49000,62.57000,64.23000,3489400
1518013800,63.90000,65.95000,63.68000,64.74000,2691300
1518100200,64.60000,64.60000,61.80000,61.86000,3128600
1518186600,62.59000,64.61000,62.03000,64.16000,3338800
1518445800,64.58000,65.05000,64.21000,64.69000,2113000
1518532200,64.30000,64.89000,64.00000,64.63000,1561900
1518618600,64.33000,65.53000,63.93000,65.37000,1469700
1518705000,65.92000,66.47000,65.31000,66.47000,2146000
1518791400,66.48000,67.40000,66.48000,66.81000,3203800
1519137000,66.67000,66.90000,65.30000,65.41000,2239200
1519223400,65.64000,66.24000,65.08000,65.08000,1536300
1519309800,65.32000,65.83000,64.88000,65.05000,1181700
1519396200,65.53000,66.49000,65.21000,66.47000,1246900
1519655400,66.52000,66.92000,66.41000,66.83000,1711500
1519741800,67.03000,67.87000,65.92000,65.92000,2121700
1519828200,66.40000,66.72000,65.11000,65.13000,2474500
1519914600,63.65000,65.73000,63.09000,63.55000,2770000
1520001000,63.24000,63.95000,63.00000,63.79000,1549700
1520260200,63.33000,65.23000,63.33000,65.04000,1773000
1520346600,65.24000,65.24000,64.36000,65.09000,1631000
1520433000,64.68000,65.09000,64.34000,64.82000,1603000
1520519400,65.06000,65.82000,64.97000,65.39000,2175100
1520605800,65.50000,66.70000,65.47000,66.52000,1452100
1520861400,66.67000,66.93000,66.31000,66.50000,1261200
1520947800,66.96000,67.46000,66.34000,66.72000,1639100
1521034200,66.99000,66.99000,65.57000,65.89000,1504400
1521120600,65.97000,66.74000,65.71000,66.40000,1408700
1521207000,66.50000,66.67000,65.94000,66.15000,3152800
1521466200,65.77000,66.26000,64.73000,65.33000,1814200
1521552600,65.69000,65.95000,65.35000,65.51000,1547400
1521639000,65.51000,66.29000,65.26000,65.55000,2717900
1521725400,64.47000,65.25000,63.45000,63.49000,2419700
1521811800,63.51000,63.87000,61.57000,61.73000,4116300
1522071000,63.40000,64.58000,59.95000,61.22000,7059100
1522157400,61.21000,61.54000,59.36000,59.84000,4353600
1522243800,59.92000,60.91000,59.40000,60.60000,3364900
1522330200,60.88000,62.15000,60.57000,61.59000,3104900
1522675800,61.50000,61.69000,59.65000,60.32000,3210600
1522762200,60.74000,61.14000,60.07000,61.02000,1967700
1522848600,60.44000,62.02000,60.07000,61.81000,2206000
1522935000,62.25000,62.45000,61.77000,62.14000,1232000
1523021400,61.72000,61.98000,60.27000,60.72000,1778800
1523280600,61.05000,62.02000,60.75000,60.94000,1483100
1523367000,61.82000,62.49000,61.57000,61.97000,1554100
1523453400,61.36000,61.97000,61.11000,61.67000,1414400
1523539800,61.93000,61.98000,61.40000,61.65000,1920000
1523626200,62.00000,62.18000,61.26000,61.49000,1126500
1523885400,61.93000,62.48000,61.68000,62.24000,1039900
1523971800,60.33000,61.70000,60.33000,61.13000,5171300
1524058200,61.29000,61.41000,60.93000,61.03000,3609600
1524144600,61.01000,61.26000,60.66000,60.93000,2841200
1524231000,60.88000,61.07000,60.23000,60.34000,2980100
1524490200,60.50000,60.63000,59.56000,59.85000,2631600
1524576600,60.27000,60.56000,59.64000,59.95000,3630800
1524663000,60.03000,60.21000,59.55000,60.00000,2741600
1524749400,60.29000,60.91000,60.03000,60.75000,1459200
1524835800,60.82000,61.92000,60.75000,61.58000,2023600
1525095000,61.89000,61.92000,60.56000,60.57000,2070600
1525181400,60.59000,61.32000,60.13000,61.22000,1609100
1525267800,61.45000,62.09000,60.71000,60.82000,4351500
1525354200,60.38000,62.01000,60.38000,61.67000,2779500
1525440600,61.36000,62.61000,61.16000,62.41000,1472300
1525699800,62.39000,62.81000,61.76000,62.56000,1925600
1525786200,61.58000,61.92000,61.29000,61.59000,1428800
1525872600,61.75000,62.37000,61.51000,62.21000,1509200
1525959000,62.39000,63.14000,61.92000,62.99000,1467300
1526045400,62.93000,63.51000,62.74000,63.34000,1568100
1526304600,63.21000,64.00000,63.09000,63.53000,2777100
1526391000,63.31000,64.32000,62.98000,64.27000,2924500
1526477400,64.35000,65.29000,64.15000,64.96000,2057200
1526563800,64.82000,65.13000,64.19000,64.42000,2197900
1526650200,64.49000,65.12000,64.13000,64.82000,1700600
1526909400,65.13000,65.32000,64.81000,65.12000,1632500
1526995800,65.30000,65.63000,64.89000,65.42000,2235500
1527082200,64.96000,65.58000,64.58000,65.57000,1678000
1527168600,65.64000,65.90000,65.04000,65.87000,2127200
1527255000,65.95000,66.36000,65.80000,65.90000,1458900
1527600600,65.48000,66.01000,65.10000,65.61000,1385300
1527687000,65.95000,66.34000,65.38000,65.96000,2300200
1527773400,65.91000,66.15000,65.41000,65.58000,1976400
1527859800,65.98000,66.59000,65.93000,66.48000,1385400
1528119000,66.46000,67.03000,66.46000,66.83000,1874700
1528205400,66.83000,67.25000,66.69000,67.10000,1360000
1528291800,67.08000,68.09000,67.03000,68.07000,1727100
1528378200,67.96000,68.11000,67.20000,67.63000,2242000
1528464600,67.42000,68.25000,67.19000,68.17000,2740600
1528723800,68.15000,68.44000,68.00000,68.14000,1247700
1528810200,68.09000,69.59000,68.01000,69.45000,1851300
1528896600,69.41000,69.83000,68.86000,69.50000,2087700
1528983000,69.81000,69.98000,69.18000,69.34000,1819300
1529069400,69.26000,69.90000,68.61000,69.78000,3071700
1529328600,69.24000,69.52000,68.78000,69.45000,1334500
1529415000,68.89000,69.48000,68.85000,69.45000,1616800
1529501400,69.45000,70.06000,69.29000,69.92000,2311700
1529587800,69.76000,70.16000,69.49000,69.71000,1784600
1529674200,69.87000,70.38000,69.65000,70.22000,2270800
1529933400,69.83000,70.11000,68.68000,69.68000,2224900
1530019800,70.00000,70.01000,68.90000,69.00000,2559700
1530106200,69.26000,69.26000,66.65000,66.89000,4439200
1530192600,67.37000,68.40000,67.37000,67.96000,4872600
1530279000,67.74000,69.15000,67.31000,68.35000,4189700
1530538200,67.80000,68.65000,67.24000,68.04000,3214100
1530624600,68.18000,68.84000,67.62000,67.78000,1620500
1530797400,67.74000,69.14000,67.67000,69.08000,2502200
1530883800,69.00000,69.84000,68.98000,69.79000,2722200
1531143000,70.33000,70.33000,69.65000,69.98000,2448500
1531229400,69.92000,70.10000,69.44000,69.69000,1276800
1531315800,68.06000,69.79000,68.06000,69.54000,1571100
1531402200,70.13000,70.42000,69.86000,70.37000,1850000
1531488600,70.28000,70.62000,70.08000,70.54000,2170200
1531747800,70.86000,70.99000,69.83000,69.98000,2509100
1531834200,69.74000,70.57000,69.74000,70.46000,1759000
1531920600,70.46000,70.46000,69.60000,69.90000,1617000
1532007000,69.82000,70.65000,69.72000,70.49000,1391300
1532093400,70.44000,70.92000,70.13000,70.55000,1437700
1532352600,70.48000,70.98000,70.42000,70.86000,2173100
1532439000,71.15000,71.25000,70.72000,71.22000,1886200
1532525400,71.20000,72.07000,71.20000,72.00000,2329800
1532611800,72.21000,72.51000,71.43000,71.69000,1875900
1532698200,71.75000,71.85000,70.46000,70.93000,2097500
1532957400,70.94000,71.01000,68.98000,69.18000,1993700
1533043800,68.98000,69.08000,68.37000,69.02000,3456100
1533130200,68.97000,69.13000,68.10000,68.67000,1717500
1533216600,68.49000,69.47000,68.20000,69.31000,1561100
1533303000,69.44000,69.74000,69.13000,69.74000,1204400
1533562200,69.83000,70.42000,69.60000,70.40000,1348000
1533648600,70.41000,71.27000,70.35000,71.19000,1667500
1533735000,71.03000,71.23000,70.89000,71.10000,1241200
1533821400,71.23000,71.67000,71.12000,71.25000,1027100
1533907800,70.90000,71.44000,70.86000,71.02000,1118900
1534167000,71.25000,71.70000,70.91000,71.16000,1530500
1534253400,69.86000,71.24000,69.81000,70.93000,1958100
1534339800,70.51000,71.23000,70.31000,71.14000,1601800
1534426200,71.55000,71.98000,71.18000,71.89000,1191000
1534512600,71.77000,72.42000,71.56000,72.32000,2977600
1534771800,72.50000,72.69000,71.74000,72.34000,1527300
1534858200,72.66000,72.99000,72.36000,72.51000,1984500
1534944600,72.27000,72.70000,72.02000,72.59000,1071100
1535031000,72.56000,72.92000,72.43000,72.74000,1401700
1535117400,72.99000,73.04000,72.32000,72.99000,1121300
1535376600,73.25000,73.40000,72.51000,72.63000,1300600
1535463000,70.83000,72.83000,70.83000,72.39000,1075600
1535549400,72.29000,72.97000,72.16000,72.90000,1103500
1535635800,72.53000,73.13000,72.53000,72.87000,1098000
1535722200,71.86000,73.36000,71.86000,73.25000,1548300
1536067800,73.16000,73.22000,72.29000,73.08000,1531200
1536154200,73.07000,73.90000,72.79000,73.82000,2105100
1536240600,73.63000,74.74000,73.35000,74.61000,1807100
1536327000,74.36000,74.67000,73.92000,74.04000,1522300
1536586200,74.92000,74.92000,73.94000,74.21000,1294100
1536672600,74.10000,74.61000,74.00000,74.55000,1027000
1536759000,74.48000,74.51000,73.73000,74.12000,1362400
1536845400,74.66000,74.81000,74.38000,74.64000,1440300
1536931800,74.83000,74.83000,74.29000,74.38000,1111500
1537191000,74.38000,74.54000,74.02000,74.23000,1221700
1537277400,74.36000,74.85000,74.34000,74.63000,1237800
1537363800,74.64000,74.78000,73.63000,73.99000,1296600
1537450200,74.05000,74.80000,74.03000,74.76000,953200
1537536600,75.05000,75.57000,74.70000,75.25000,4077100
1537795800,74.71000,74.98000,74.23000,74.54000,1548200
1537882200,74.81000,75.73000,72.79000,73.72000,5429700
1537968600,73.87000,74.23000,73.31000,73.59000,1977700
1538055000,73.60000,74.35000,73.37000,73.45000,1465300
1538141400,73.52000,73.81000,73.41000,73.65000,2089600
1538400600,74.01000,74.45000,73.45000,73.72000,2273500
1538487000,73.51000,76.02000,72.30000,74.78000,5882000
1538573400,75.01000,75.02000,72.92000,73.20000,3067200
1538659800,72.92000,73.00000,71.68000,72.39000,2455900
1538746200,72.47000,73.29000,72.02000,72.94000,1978000
1539005400,72.61000,72.96000,71.82000,72.36000,2030500
1539091800,72.55000,73.49000,72.21000,72.50000,1522200
1539178200,72.49000,72.49000,69.45000,69.51000,2680900
1539264600,69.50000,69.90000,67.13000,67.53000,4025500
1539351000,68.50000,69.15000,67.37000,68.26000,2926400
1539610200,68.19000,68.67000,67.75000,68.02000,2240100
1539696600,68.56000,69.13000,68.21000,68.89000,2996500
1539783000,69.01000,69.90000,68.18000,68.89000,3770300
1539869400,68.95000,69.63000,67.96000,68.03000,2850600
1539955800,68.51000,69.09000,67.87000,67.94000,2365000
1540215000,68.25000,68.44000,67.53000,67.57000,1988800
1540301400,67.36000,67.36000,65.39000,66.15000,3260200
1540387800,66.10000,66.33000,64.02000,64.16000,3454200
1540474200,64.86000,65.26000,63.94000,64.92000,3217900
1540560600,63.51000,64.74000,63.01000,64.01000,2862500
1540819800,64.80000,65.22000,62.89000,63.92000,2096100
1540906200,64.01000,64.71000,63.69000,64.63000,2598000
1540992600,64.79000,66.30000,64.75000,65.49000,3504200
1541079000,65.43000,65.69000,64.74000,64.99000,2138100
1541165400,65.13000,65.64000,64.58000,65.49000,2659900
1541428200,65.54000,66.57000,65.33000,66.28000,2471400
1541514600,66.29000,67.23000,66.29000,67.18000,1828200
1541601000,67.73000,68.53000,67.49000,68.48000,1792800
1541687400,68.58000,69.27000,68.39000,69.00000,1854500
1541773800,68.67000,69.19000,68.29000,69.02000,1370200
1542033000,68.84000,69.04000,67.86000,67.96000,1689000
1542119400,69.41000,69.41000,67.37000,67.75000,1729400
1542205800,67.89000,68.87000,66.60000,66.72000,2812300
1542292200,66.19000,68.10000,65.89000,67.94000,2798400
1542378600,67.81000,69.03000,67.33000,68.85000,2016300
1542637800,68.69000,69.08000,67.58000,68.41000,2236300
1542724200,68.09000,68.25000,66.95000,67.30000,1893000
1542810600,67.67000,67.95000,66.76000,67.33000,2046500
1542983400,66.74000,67.91000,66.51000,67.26000,892000
1543242600,68.29000,68.46000,67.36000,68.41000,2630700
1543329000,68.13000,69.18000,67.85000,69.16000,1590600
1543415400,69.22000,70.86000,69.10000,70.85000,2343400
1543501800,70.32000,70.61000,69.84000,69.92000,2250500
1543588200,70.15000,70.99000,69.80000,70.76000,3417500
1543847400,71.55000,71.75000,69.84000,71.01000,2103600
1543933800,70.91000,71.27000,69.11000,69.30000,2588000
1544106600,68.10000,69.30000,67.24000,69.17000,2514900
1544193000,68.85000,69.33000,66.40000,67.68000,2168700
1544452200,67.70000,68.44000,66.79000,68.12000,2114600
1544538600,68.73000,69.94000,67.55000,68.14000,1852200
1544625000,69.22000,69.41000,68.08000,68.12000,1619500
1544711400,68.49000,68.51000,66.74000,67.38000,2225800
1544797800,66.90000,67.12000,65.70000,65.90000,1981600
1545057000,66.01000,66.58000,64.53000,64.95000,3204900
1545143400,65.25000,65.77000,63.95000,64.32000,3114000
1545229800,64.76000,66.64000,63.63000,64.76000,3787700
1545316200,64.52000,65.71000,63.53000,64.96000,4426500
1545402600,65.63000,66.86000,63.67000,63.84000,4957800
1545661800,63.48000,63.70000,61.61000,61.64000,1626100
1545834600,62.04000,64.37000,61.32000,64.32000,2474300
1545921000,63.44000,65.22000,62.86000,65.20000,1743600
1546007400,65.41000,65.83000,64.44000,64.67000,1731300
1546266600,65.18000,65.41000,64.51000,65.15000,1599800
1546439400,64.08000,65.28000,63.33000,65.07000,2589400
1546525800,64.39000,65.07000,63.88000,63.97000,2231000
1546612200,65.14000,66.42000,64.86000,66.20000,2137200
1546871400,66.00000,66.57000,65.64000,65.85000,1708100
1546957800,66.71000,66.85000,65.49000,66.35000,1746800
1547044200,66.34000,66.67000,65.94000,66.31000,1665000
1547130600,66.20000,67.45000,66.01000,67.41000,1567700
1547217000,67.15000,67.45000,66.60000,67.29000,1606900
1547476200,66.86000,67.41000,66.71000,67.23000,1245900
1547562600,67.50000,68.37000,67.30000,68.14000,1759400
1547649000,68.26000,68.69000,67.97000,68.48000,2000900
1547735400,68.30000,69.05000,68.25000,68.75000,1614200
1547821800,69.52000,70.07000,68.89000,69.90000,2190100
1548167400,69.39000,69.80000,68.82000,69.40000,1539100
1548253800,69.64000,69.90000,68.98000,69.84000,1756800
1548340200,69.94000,69.99000,69.38000,69.62000,1939200
1548426600,70.28000,70.51000,69.75000,70.39000,1884000
1548685800,69.86000,70.17000,69.64000,70.00000,1734500
1548772200,70.16000,70.22000,69.40000,69.73000,1362500
1548858600,70.00000,71.17000,69.80000,71.14000,2508800
1548945000,70.58000,70.96000,70.13000,70.80000,2959500
1549031400,70.94000,71.91000,70.94000,71.88000,1960700
1549290600,72.01000,72.57000,71.33000,72.47000,3455900
1549377000,72.85000,73.76000,72.47000,73.74000,2909400
1549463400,73.59000,73.80000,73.26000,73.70000,2249900
1549549800,72.96000,73.79000,72.85000,73.76000,2392700
1549636200,73.25000,74.28000,72.94000,74.26000,1490700
1549895400,74.41000,74.50000,73.86000,74.05000,2058300
1549981800,74.99000,75.02000,74.47000,74.83000,2496000
1550068200,75.06000,75.29000,74.84000,75.25000,2511000
1550154600,74.90000,75.49000,74.66000,75.17000,1507500
1550241000,75.73000,76.01000,75.57000,75.78000,2838100
1550586600,75.55000,75.67000,75.10000,75.13000,1651500
1550673000,74.89000,75.33000,74.60000,75.32000,1974700
1550759400,75.20000,75.60000,74.79000,75.35000,1605700
1550845800,75.63000,76.07000,75.28000,75.89000,1731100
1551105000,76.41000,76.49000,75.62000,75.84000,1748000
1551191400,75.74000,76.31000,75.70000,76.08000,1218900
1551277800,75.80000,76.55000,75.59000,76.52000,1276600
1551364200,76.41000,77.05000,76.30000,77.02000,1924200
1551450600,77.36000,77.57000,77.04000,77.43000,1952400
1551709800,77.77000,78.00000,75.67000,76.50000,2658300
1551796200,76.63000,77.25000,76.45000,77.01000,1659400
1551882600,77.11000,77.21000,76.58000,76.82000,1710900
1551969000,76.71000,76.93000,76.02000,76.20000,2599200
1552055400,75.83000,76.40000,75.10000,76.34000,1580100
1552311000,76.61000,77.58000,76.52000,77.52000,1727400
1552397400,77.79000,78.36000,77.57000,77.74000,1922600
1552483800,78.07000,78.87000,77.94000,78.27000,1844600
1552570200,78.44000,79.00000,78.13000,78.99000,1567100
1552656600,78.98000,79.54000,78.84000,79.23000,2567600
1552915800,79.28000,79.56000,78.66000,79.32000,1242700
1553002200,79.66000,79.67000,78.72000,79.11000,1541700
1553088600,78.94000,79.15000,78.15000,78.43000,1795800
1553175000,78.17000,79.79000,78.08000,79.52000,1655900
1553261400,79.29000,79.51000,78.40000,78.44000,2462900
1553520600,78.14000,78.81000,77.89000,78.74000,1613900
1553607000,79.30000,80.17000,79.15000,80.10000,2509900
1553693400,79.27000,80.74000,77.72000,79.26000,4368400
1553779800,79.41000,79.78000,78.60000,79.05000,2184300
1553866200,79.65000,80.37000,79.16000,80.20000,2738900
1554125400,80.75000,81.03000,80.08000,80.93000,1723500
1554211800,80.89000,81.08000,80.39000,81.02000,2425200
1554298200,81.43000,81.59000,80.62000,81.08000,2948300
1554384600,81.26000,81.29000,80.05000,80.40000,1872300
1554471000,80.67000,80.94000,80.32000,80.74000,2021700
1554730200,80.73000,80.93000,79.97000,80.82000,1468700
1554816600,80.53000,81.05000,80.10000,80.75000,1348800
1554903000,80.68000,81.29000,80.67000,81.14000,976100
1554989400,81.39000,81.49000,81.00000,81.35000,1422800
1555075800,81.64000,82.21000,81.26000,82.16000,1009800
1555335000,82.17000,82.48000,81.93000,82.37000,896100
1555421400,82.64000,82.64000,81.36000,81.59000,1262500
1555507800,81.79000,82.02000,81.51000,81.56000,1189600
1555594200,82.12000,82.12000,81.10000,81.59000,1224800
1555939800,81.32000,81.69000,81.19000,81.61000,1080600
1556026200,81.41000,83.61000,81.33000,83.58000,1913000
1556112600,83.65000,84.02000,83.30000,83.48000,1415500
1556199000,83.44000,83.50000,82.49000,83.23000,1569100
1556285400,83.56000,83.83000,82.98000,83.79000,1017300
1556544600,83.73000,84.09000,83.50000,83.61000,1497500
1556631000,83.71000,84.39000,82.84000,84.31000,2182200
1556717400,84.50000,84.50000,81.92000,81.97000,2232200
1556803800,81.98000,83.11000,81.83000,82.78000,2358800
1556890200,83.23000,84.82000,83.07000,84.61000,1610900
1557149400,83.12000,84.85000,82.69000,84.67000,1300700
1557235800,83.75000,84.45000,82.86000,83.48000,2364800
1557322200,83.40000,84.49000,83.15000,84.19000,1268000
1557408600,83.37000,84.44000,83.25000,84.31000,2119400
1557495000,84.04000,85.17000,83.06000,85.08000,1591500
1557754200,83.33000,84.19000,83.08000,83.56000,2468700
1557840600,82.98000,84.83000,82.94000,84.19000,2116000
1557927000,83.76000,85.18000,83.75000,85.05000,1447200
1558013400,85.16000,86.98000,85.05000,86.64000,1672800
1558099800,86.12000,86.85000,85.78000,86.27000,1673000
1558359000,85.64000,86.64000,84.91000,86.16000,1130500
1558445400,86.70000,87.27000,86.16000,87.11000,1265300
1558531800,86.96000,87.75000,86.88000,87.15000,1168700
1558618200,86.37000,86.59000,85.57000,86.06000,1948400
1558704600,86.49000,86.96000,85.95000,86.17000,1377800
1559050200,86.52000,87.15000,85.97000,86.17000,2608700
1559136600,85.79000,85.99000,85.07000,85.68000,1774400
1559223000,85.65000,86.39000,85.15000,86.24000,1749400
1559309400,85.81000,86.06000,85.16000,85.79000,1596600
1559568600,85.95000,86.47000,83.97000,84.43000,2154500
1559655000,85.31000,85.46000,84.52000,85.36000,2546400
1559741400,86.12000,86.52000,85.68000,86.43000,2554500
1559827800,86.66000,87.16000,85.70000,87.09000,1393600
1559914200,87.52000,88.29000,87.39000,87.60000,1516700
1560173400,87.87000,88.38000,87.65000,87.80000,1121700
1560259800,88.43000,88.43000,86.72000,87.05000,1460600
1560346200,87.10000,87.44000,86.99000,87.27000,1172900
1560432600,87.65000,87.79000,86.69000,86.93000,1448300
1560519000,86.95000,87.05000,86.55000,86.68000,1251400
1560778200,87.52000,87.52000,86.22000,86.28000,1326900
1560864600,86.98000,87.47000,86.59000,86.86000,1936200
1560951000,87.03000,87.39000,86.01000,87.14000,1633100
1561037400,87.74000,88.15000,87.26000,87.56000,1938200
1561123800,87.52000,87.73000,86.42000,86.52000,2904400
1561383000,86.67000,86.88000,86.15000,86.18000,1392200
1561469400,86.01000,86.12000,84.74000,84.80000,2581400
1561555800,84.02000,84.27000,81.27000,81.77000,5978700
1561642200,81.92000,82.29000,81.42000,82.10000,3631100
1561728600,82.06000,82.34000,81.60000,82.29000,4047500
1561987800,83.31000,83.66000,82.37000,83.51000,3782400
1562074200,83.00000,85.03000,81.70000,83.63000,4224500
1562160600,83.65000,84.74000,83.64000,84.60000,1442500
1562333400,84.05000,85.42000,83.56000,85.31000,2182000
1562592600,85.03000,85.32000,84.69000,84.85000,1783000
1562679000,84.57000,85.32000,83.85000,85.21000,1948100
1562765400,85.34000,85.96000,85.30000,85.46000,2213500
1562851800,85.54000,85.67000,84.93000,85.33000,1759200
1562938200,85.66000,85.79000,85.00000,85.72000,1747200
1563197400,85.91000,85.99000,85.37000,85.73000,1525700
1563283800,85.72000,86.05000,85.31000,85.66000,1118800
1563370200,85.84000,85.95000,85.20000,85.23000,1142800
1563456600,85.07000,85.70000,84.49000,85.59000,1373900
1563543000,85.90000,86.15000,84.53000,84.56000,1508300
1563802200,84.65000,85.05000,84.06000,84.09000,1733400
1563888600,84.44000,84.96000,83.65000,84.62000,2005100
1563975000,84.50000,85.08000,83.75000,85.05000,1621400
1564061400,85.10000,85.58000,84.56000,85.42000,1726900
1564147800,85.81000,86.65000,85.59000,86.58000,1113300
1564407000,86.60000,86.73000,86.18000,86.23000,1309500
1564493400,85.83000,86.74000,85.75000,86.14000,2181500
1564579800,86.01000,86.29000,82.30000,83.05000,2844200
1564666200,83.12000,84.47000,82.80000,83.88000,2216800
1564752600,83.36000,84.47000,83.00000,83.93000,1869900
1565011800,82.73000,83.06000,80.36000,80.88000,2561500
1565098200,81.05000,82.60000,80.64000,82.27000,2222400
1565184600,81.23000,82.59000,80.66000,82.25000,2307300
1565271000,82.61000,84.41000,81.01000,84.41000,1460900
1565357400,84.21000,84.28000,82.71000,83.55000,1353100
1565616600,83.41000,83.59000,82.34000,82.80000,1109200
1565703000,82.90000,83.88000,82.58000,83.73000,1325300
1565789400,82.68000,82.95000,80.97000,81.06000,1685700
1565875800,79.78000,80.86000,79.65000,80.09000,2072200
1565962200,80.82000,81.67000,80.60000,81.47000,1715800
1566221400,82.46000,82.52000,81.89000,82.29000,1036700
1566307800,82.34000,82.67000,81.79000,81.95000,790800
1566394200,82.37000,82.78000,82.20000,82.52000,998000
1566480600,82.92000,82.92000,81.25000,82.25000,1254500
1566567000,82.10000,82.43000,79.37000,79.72000,1708700
1566826200,80.58000,80.75000,79.66000,80.45000,1314500
1566912600,80.92000,81.22000,80.46000,80.66000,947900
1566999000,80.27000,81.14000,79.95000,81.03000,974000
1567085400,81.96000,82.31000,81.61000,81.86000,794800
1567171800,82.38000,82.41000,81.28000,81.70000,1271800
1567517400,81.09000,82.05000,80.70000,81.00000,1452200
1567603800,81.75000,82.49000,81.67000,82.39000,1368500
1567690200,83.21000,83.91000,82.90000,83.80000,1793700
1567776600,83.88000,84.49000,83.85000,84.07000,1261900
1568035800,84.30000,84.47000,81.13000,81.81000,1820500
1568122200,81.21000,81.50000,78.81000,80.74000,3050200
1568208600,80.74000,81.44000,80.10000,81.25000,1876600
1568295000,81.72000,82.72000,81.54000,81.69000,1804600
1568381400,81.70000,82.58000,81.27000,81.62000,2430200
1568640600,81.41000,81.99000,80.87000,81.06000,1468900
1568727000,81.51000,82.57000,81.50000,82.55000,1312100
1568813400,82.56000,82.87000,81.56000,82.77000,1114100
1568899800,82.85000,83.63000,82.37000,82.50000,1123000
1568986200,82.58000,83.49000,82.46000,82.54000,2453100
1569245400,82.66000,82.86000,82.07000,82.20000,1199400
1569331800,82.45000,83.26000,81.45000,81.67000,1396500
1569418200,81.71000,82.68000,80.66000,82.26000,1398800
1569504600,82.32000,82.87000,81.99000,82.57000,933000
1569591000,83.00000,83.50000,80.95000,81.52000,1541100
1569850200,81.95000,82.89000,81.55000,82.77000,1495500
1569936600,83.15000,83.60000,81.65000,81.89000,1833300
1570023000,82.80000,83.90000,81.33000,83.35000,3862500
1570109400,83.14000,83.35000,80.00000,82.56000,2168600
1570195800,83.01000,84.49000,82.68000,84.35000,1767000
1570455000,83.84000,84.08000,82.89000,82.93000,1399100
1570541400,82.62000,83.08000,81.79000,82.08000,1346700
1570627800,82.17000,83.43000,82.17000,83.10000,1332000
1570714200,82.99000,84.22000,82.81000,83.94000,1069500
1570800600,84.89000,85.42000,84.56000,84.63000,1367300
1571059800,84.56000,85.00000,84.51000,84.70000,991800
1571146200,84.72000,85.00000,84.32000,84.86000,1004400
1571232600,84.28000,84.85000,84.00000,84.75000,1160800
1571319000,84.85000,85.41000,84.51000,84.73000,1092600
1571405400,84.99000,85.40000,84.00000,84.25000,1570300
1571664600,84.81000,84.81000,83.83000,84.68000,1066900
1571751000,84.81000,85.26000,83.18000,83.27000,1098500
1571837400,83.17000,84.09000,83.07000,84.07000,1495100
1571923800,84.09000,84.81000,83.69000,84.70000,1002100
1572010200,84.29000,84.97000,84.09000,84.53000,923400
1572269400,85.03000,85.08000,84.05000,84.42000,1033700
1572355800,84.61000,85.12000,84.38000,84.55000,1155300
1572442200,84.63000,84.75000,83.50000,84.65000,1138600
1572528600,84.00000,84.29000,83.29000,83.64000,1174400
1572615000,84.16000,84.54000,83.47000,83.89000,983500
1572877800,84.38000,84.48000,83.24000,83.46000,981100
1572964200,83.38000,83.97000,81.89000,82.59000,1735000
1573050600,82.86000,83.23000,82.10000,82.66000,1478200
1573137000,83.20000,83.45000,82.54000,82.88000,1381000
1573223400,82.99000,83.28000,82.42000,83.25000,1718500
1573482600,82.97000,83.48000,82.56000,82.83000,1014900
1573569000,82.80000,83.29000,82.64000,83.04000,1194800
1573655400,82.86000,83.68000,82.79000,83.53000,1815100
1573741800,83.27000,84.53000,83.21000,84.47000,1077400
1573828200,84.81000,84.83000,84.14000,84.70000,1319100
1574087400,84.70000,85.34000,84.56000,85.06000,1172100
1574173800,85.39000,86.13000,85.01000,85.79000,1062600
1574260200,85.55000,86.07000,85.28000,85.75000,1151800
1574346600,85.98000,85.98000,84.59000,84.96000,1130100
1574433000,85.04000,85.47000,84.21000,84.64000,1024800
1574692200,84.97000,85.30000,84.49000,84.86000,1028800
1574778600,85.04000,86.16000,85.00000,86.12000,3269700
1574865000,86.43000,86.49000,85.74000,86.49000,1249900
1575037800,86.45000,86.77000,85.93000,86.12000,578600
1575297000,86.02000,86.02000,84.31000,84.70000,1282100
1575383400,84.21000,84.51000,83.75000,84.48000,1273200
1575469800,84.44000,85.08000,84.14000,84.56000,1122400
1575556200,84.62000,84.79000,84.18000,84.42000,1173400
1575642600,84.99000,85.40000,84.76000,85.13000,942500
1575901800,85.22000,85.22000,84.43000,84.69000,1011800
1575988200,84.56000,84.94000,84.30000,84.51000,916700
1576074600,84.57000,84.78000,83.61000,84.27000,1315000
1576161000,84.15000,85.08000,83.75000,84.74000,1844400
1576247400,84.67000,85.23000,84.08000,85.08000,1255600
1576506600,85.43000,85.86000,84.88000,84.91000,1991000
1576593000,85.38000,85.68000,84.82000,85.21000,2185500
1576679400,87.12000,87.84000,83.71000,84.77000,3043500
1576765800,84.96000,85.27000,83.93000,85.00000,2192900
1576852200,85.54000,85.94000,84.77000,85.53000,3738800
1577111400,85.59000,85.83000,84.73000,84.91000,1998700
1577197800,84.93000,85.06000,84.57000,84.65000,422500
1577370600,84.61000,85.04000,84.42000,84.71000,821000
1577457000,84.87000,85.18000,84.42000,85.12000,958300
1577716200,85.05000,85.07000,84.31000,84.89000,970900
1577802600,84.50000,85.19000,84.39000,85.06000,1034200
1577975400,85.50000,85.63000,84.71000,85.11000,1307000
1578061800,84.71000,85.04000,84.40000,84.82000,964700
1578321000,84.48000,84.85000,84.37000,84.81000,1196700
1578407400,84.49000,84.62000,84.11000,84.34000,1361200
1578493800,84.43000,85.49000,84.28000,85.17000,1500500
1578580200,85.39000,86.20000,85.20000,85.75000,1245600
1578666600,86.19000,86.30000,85.17000,85.27000,1048500
1578925800,85.61000,86.37000,85.51000,86.26000,1183200
1579012200,86.72000,87.46000,86.21000,86.62000,1518400
1579098600,86.79000,87.83000,86.79000,87.37000,2091000
1579185000,88.09000,88.23000,87.41000,87.97000,1478200
1579271400,88.20000,88.28000,87.88000,88.24000,1585600
1579617000,88.01000,88.92000,87.98000,88.65000,1796400
1579703400,89.21000,89.95000,88.94000,89.66000,1381400
1579789800,89.68000,89.78000,89.07000,89.65000,1259300
1579876200,89.95000,89.96000,88.52000,88.91000,1005100
1580135400,88.02000,88.57000,87.59000,87.71000,1512400
1580221800,87.77000,89.06000,87.77000,88.66000,1057300
1580308200,88.96000,88.96000,87.31000,87.40000,1416300
1580394600,86.72000,88.04000,86.38000,87.96000,1368600
1580481000,87.19000,87.31000,85.40000,85.77000,1718400
1580740200,86.45000,87.42000,86.42000,86.56000,1406000
1580826600,87.53000,88.85000,87.26000,88.28000,1239000
1580913000,88.82000,88.92000,87.78000,88.03000,1570600
1580999400,88.60000,88.86000,88.01000,88.45000,855000
1581085800,87.99000,88.29000,87.51000,87.98000,886700
1581345000,87.85000,88.59000,87.84000,88.49000,855000
1581431400,88.75000,88.75000,87.71000,87.80000,847300
1581517800,88.24000,88.38000,87.33000,87.97000,1019800
1581604200,87.70000,88.88000,87.60000,88.60000,782700
1581690600,88.51000,89.22000,88.40000,89.21000,949100
1582036200,89.35000,89.70000,89.08000,89.36000,1117700
1582122600,89.72000,90.35000,89.50000,90.11000,1417300
1582209000,90.29000,90.54000,89.05000,90.23000,2253500
1582295400,89.95000,90.04000,88.72000,89.05000,1838100
1582554600,87.15000,88.70000,86.53000,87.21000,1768200
1582641000,87.50000,87.86000,83.47000,83.61000,2164100
1582727400,84.56000,85.32000,82.23000,82.28000,2276300
1582813800,81.10000,82.57000,78.87000,78.90000,2689700
1582900200,76.71000,78.12000,75.35000,77.48000,4052700
1583159400,77.61000,82.23000,76.88000,82.08000,3500900
1583245800,81.27000,82.80000,78.57000,79.06000,2944600
1583332200,80.54000,82.62000,79.70000,82.38000,1913100
1583418600,80.31000,80.82000,78.52000,79.32000,2360800
1583505000,76.44000,77.92000,75.22000,77.50000,2592000
1583760600,72.36000,75.13000,69.52000,72.46000,3281900
1583847000,74.71000,76.72000,72.39000,76.71000,2699300
1583933400,74.15000,75.98000,73.05000,74.68000,4562600
1584019800,69.66000,71.58000,64.61000,66.46000,5742900
1584106200,69.73000,71.56000,65.11000,71.56000,4951100
1584365400,63.61000,64.43000,57.62000,57.62000,5565300
1584451800,58.47000,61.27000,54.48000,60.79000,7262400
1584538200,55.93000,63.88000,47.87000,63.30000,5556900
1584624600,62.16000,62.50000,54.47000,58.03000,5592500
1584711000,58.28000,58.43000,51.37000,51.97000,5751200
1584970200,51.69000,52.50000,48.50000,50.39000,5166400
1585056600,52.78000,61.87000,52.76000,59.56000,4925300
1585143000,59.00000,65.67000,54.34000,60.08000,5912500
1585229400,60.17000,66.14000,60.02000,65.66000,3445300
1585315800,62.55000,63.99000,59.68000,60.17000,4114300
1585575000,60.68000,64.95000,60.28000,64.42000,3754700
1585661400,63.90000,64.85000,61.41000,62.92000,5368500
1585747800,59.42000,62.15000,59.12000,60.61000,5451500
1585834200,59.92000,61.63000,59.79000,61.03000,3716200
1585920600,60.91000,61.51000,58.85000,59.55000,6192900
1586179800,62.70000,65.73000,62.18000,65.29000,3475500
1586266200,68.28000,68.79000,64.64000,64.82000,4136400
1586352600,65.33000,66.41000,63.94000,65.06000,3171800
1586439000,66.23000,67.69000,65.74000,66.54000,2877400
1586784600,65.56000,65.75000,63.49000,64.15000,1985100
1586871000,65.33000,66.25000,64.38000,66.14000,3233300
1586957400,64.79000,65.14000,63.94000,64.89000,2366100
1587043800,65.01000,65.22000,63.31000,63.77000,2105200
1587130200,65.98000,67.55000,65.70000,67.50000,2764600
1587389400,66.11000,67.67000,65.85000,66.46000,2372400
1587475800,64.97000,65.55000,63.77000,64.02000,2776900
1587562200,65.54000,67.70000,65.29000,66.82000,2394200
1587648600,67.23000,68.19000,66.56000,66.91000,2477000
1587735000,67.63000,68.68000,66.74000,68.09000,3032700
1587994200,68.70000,68.99000,67.97000,68.56000,1849700
1588080600,69.60000,70.69000,68.47000,68.66000,2096200
1588167000,70.27000,70.86000,68.16000,69.86000,2300200
1588253400,69.63000,69.69000,67.50000,68.52000,2463900
1588339800,67.14000,67.70000,65.95000,66.60000,2162800
1588599000,65.93000,67.30000,65.17000,67.17000,1704600
1588685400,68.02000,68.84000,67.51000,67.68000,1466600
1588771800,68.30000,68.42000,66.95000,67.12000,1549500
1588858200,68.13000,68.43000,67.53000,68.07000,2120100
1588944600,68.66000,68.81000,66.90000,67.11000,2181300
1589203800,66.32000,66.80000,65.71000,66.31000,2235600
1589290200,66.43000,66.88000,63.89000,64.03000,2329000
1589376600,63.94000,64.36000,61.34000,61.91000,3205800
1589463000,61.08000,63.17000,60.15000,63.13000,3048700
1589549400,60.35000,63.47000,60.00000,63.43000,4548800
1589808600,65.29000,66.62000,64.98000,66.33000,3259100
1589895000,65.90000,68.34000,65.27000,65.60000,3509900
1589981400,66.62000,67.91000,65.99000,67.81000,2158400
1590067800,67.40000,67.83000,66.77000,67.40000,1977100
1590154200,67.21000,67.74000,66.74000,67.58000,1387400
1590499800,69.27000,69.62000,68.39000,69.33000,3085900
1590586200,69.98000,71.09000,69.16000,71.06000,2217800
1590672600,71.75000,73.00000,71.27000,72.08000,2996000
1590759000,71.87000,72.60000,70.73000,72.28000,3300400
1591018200,72.09000,72.85000,71.82000,71.95000,1628000
1591104600,72.13000,73.23000,71.66000,73.22000,1577100
1591191000,73.68000,75.00000,73.26000,74.79000,1523200
1591277400,74.26000,74.50000,73.36000,74.19000,1973600
1591363800,76.37000,80.64000,76.37000,80.05000,3389600
1591623000,80.11000,80.63000,79.26000,80.32000,1848600
1591709400,79.46000,79.60000,77.70000,77.83000,1604100
1591795800,78.28000,78.28000,76.67000,77.29000,1704100
1591882200,76.26000,76.55000,72.51000,72.56000,2140800
1591968600,74.23000,74.96000,72.21000,73.76000,1856500
1592227800,71.82000,75.56000,71.68000,75.05000,1834200
1592314200,77.10000,78.07000,75.44000,76.46000,1960800
1592400600,76.87000,76.93000,75.77000,75.95000,1250000
1592487000,75.18000,76.52000,74.92000,75.53000,2533400
1592573400,76.53000,77.18000,73.42000,73.97000,6158300
1592832600,73.26000,74.63000,72.96000,74.25000,1211700
1592919000,75.13000,75.13000,74.04000,74.18000,1613900
1593005400,73.55000,73.86000,71.13000,71.46000,1767000
1593091800,71.15000,73.35000,71.04000,73.05000,1732100
1593178200,72.62000,73.32000,71.36000,71.79000,3689200
1593437400,72.63000,73.91000,72.03000,73.72000,2668800
1593523800,73.60000,76.27000,73.30000,75.75000,2867900
1593610200,75.78000,76.71000,75.49000,76.30000,2169400
1593696600,77.18000,77.58000,76.13000,76.59000,1734000
1594042200,78.74000,78.78000,77.56000,77.78000,3007900
1594128600,77.23000,77.50000,73.87000,73.94000,4185800
1594215000,74.55000,75.74000,74.01000,74.55000,2625100
1594301400,74.64000,74.97000,72.01000,72.88000,1923600
1594387800,72.96000,73.42000,72.22000,73.30000,1373400
1594647000,73.67000,73.84000,71.45000,71.63000,2057800
1594733400,69.99000,71.98000,69.96000,71.87000,2195700
1594819800,72.27000,73.75000,72.27000,73.53000,1994000
1594906200,73.17000,73.48000,72.17000,72.74000,1391200
1594992600,73.22000,73.67000,72.47000,73.49000,1520200
1595251800,73.11000,73.73000,72.51000,73.36000,1384300
1595338200,73.68000,74.24000,72.95000,73.33000,1359500
1595424600,73.38000,74.14000,73.24000,73.83000,1388300
1595511000,73.66000,74.47000,72.87000,73.17000,1437300
1595597400,73.11000,73.36000,71.56000,72.19000,1744800
1595856600,71.91000,72.69000,71.78000,72.59000,1885500
1595943000,72.60000,73.52000,72.38000,73.14000,1994300
1596029400,72.78000,73.60000,72.13000,73.55000,2300900
1596115800,72.60000,72.68000,71.71000,72.35000,2005900
1596202200,71.56000,71.93000,70.38000,71.92000,2925400
1596461400,71.87000,73.05000,71.47000,72.76000,1902500
1596547800,72.44000,73.07000,72.34000,72.61000,1974900
1596634200,72.94000,73.57000,72.56000,72.72000,1453400
1596720600,72.47000,72.94000,71.97000,72.59000,1866800
1596807000,72.53000,73.66000,72.37000,73.45000,1469900
1597066200,73.20000,74.43000,73.06000,74.39000,1572100
1597152600,74.91000,75.75000,73.76000,73.95000,1979300
1597239000,74.43000,74.70000,73.83000,74.13000,1641000
1597325400,74.06000,75.05000,73.87000,74.47000,1057000
1597411800,74.23000,74.71000,73.90000,74.31000,817100
1597671000,74.44000,75.46000,74.05000,74.45000,1035200
1597757400,74.51000,75.00000,74.03000,74.50000,1036000
1597843800,74.72000,74.93000,74.01000,74.14000,1168300
1597930200,73.81000,74.31000,73.60000,74.04000,1068900
1598016600,73.96000,73.98000,73.13000,73.91000,1214300
1598275800,74.24000,75.57000,73.92000,75.52000,1108900
1598362200,75.68000,76.19000,75.45000,75.85000,1379400
1598448600,75.55000,76.23000,75.06000,75.84000,1448600
1598535000,76.48000,77.00000,75.97000,76.54000,1337300
1598621400,76.71000,77.42000,76.13000,77.31000,1115200
1598880600,76.76000,77.15000,76.16000,76.47000,1524400
1598967000,76.24000,76.35000,75.52000,76.26000,1267700
1599053400,76.67000,78.28000,76.50000,78.01000,1423300
1599139800,78.16000,78.28000,75.71000,76.34000,2279700
1599226200,76.56000,77.19000,75.15000,76.06000,1823000
1599571800,74.55000,75.32000,74.10000,74.29000,2667500
1599658200,74.78000,76.49000,74.16000,75.78000,1455200
1599744600,75.89000,76.88000,75.03000,75.30000,2209600
1599831000,75.59000,75.99000,74.50000,74.99000,1566900
1600090200,75.89000,77.97000,75.60000,77.62000,2085600
1600176600,77.88000,79.38000,77.86000,78.91000,1599000
1600263000,79.23000,80.52000,79.14000,79.75000,2082700
1600349400,78.07000,79.77000,78.00000,79.52000,2068200
1600435800,79.77000,79.93000,77.91000,78.59000,2650400
1600695000,77.57000,77.77000,75.61000,76.75000,1617600
1600781400,77.18000,77.77000,76.54000,77.60000,1235300
1600867800,77.92000,78.07000,75.69000,76.07000,1974300
1600954200,75.73000,76.85000,75.08000,75.91000,1356200
1601040600,75.49000,77.95000,75.32000,77.70000,1328400
1601299800,78.77000,79.83000,78.77000,79.58000,1579900
1601386200,79.54000,80.03000,78.90000,79.17000,1687200
1601472600,79.26000,80.44000,79.03000,79.77000,2044000
1601559000,80.11000,80.95000,78.70000,79.35000,1509700
1601645400,78.01000,79.99000,78.00000,79.43000,1613300
1601904600,80.14000,81.79000,79.97000,81.45000,2556400
1601991000,80.68000,82.85000,79.07000,79.43000,3443300
1602077400,80.43000,81.16000,80.17000,80.52000,1941200
1602163800,82.00000,83.50000,81.56000,82.07000,1855700
1602250200,82.54000,82.98000,81.58000,82.40000,1359500
1602509400,83.22000,83.65000,82.41000,83.01000,1799400
1602595800,83.34000,83.67000,82.58000,83.00000,1559200
1602682200,83.27000,84.74000,83.08000,84.34000,1808200
1602768600,83.46000,83.97000,82.58000,83.28000,1315200
1602855000,83.76000,84.65000,83.39000,83.73000,1346100
1603114200,83.81000,84.31000,81.63000,81.93000,1401900
1603200600,82.41000,83.35000,81.66000,82.28000,991300
1603287000,82.34000,83.18000,82.00000,82.62000,1186900
1603373400,82.70000,84.20000,82.26000,83.99000,1168200
1603459800,84.56000,85.12000,84.06000,85.03000,1203800
1603719000,83.55000,84.01000,81.80000,82.48000,1389600
1603805400,82.63000,83.18000,81.77000,81.93000,957700
1603891800,80.58000,81.76000,79.95000,80.15000,1598300
1603978200,79.86000,83.21000,79.63000,82.45000,1477000
1604064600,81.12000,82.34000,81.04000,82.25000,1864900
1604327400,83.19000,84.12000,82.41000,83.30000,1446600
1604413800,83.99000,87.08000,83.99000,86.54000,1623600
1604500200,89.32000,89.48000,85.32000,85.49000,2410700
1604586600,87.12000,87.84000,86.11000,86.60000,1477600
1604673000,86.84000,88.38000,86.54000,88.02000,1146100
1604932200,93.26000,94.95000,90.55000,90.59000,2402700
1605018600,89.44000,92.69000,89.44000,91.29000,1596700
1605105000,91.79000,92.16000,90.85000,91.55000,1073900
1605191400,91.65000,91.97000,89.86000,90.39000,1205200
1605277800,91.11000,91.99000,90.44000,91.87000,905000
1605537000,92.46000,93.32000,91.98000,93.13000,1378200
1605623400,92.09000,92.64000,91.52000,92.50000,1584500
1605709800,92.38000,93.09000,91.82000,91.90000,1593900
1605796200,91.69000,92.22000,90.90000,92.08000,1166600
1605882600,92.07000,92.07000,90.59000,90.64000,1230500
1606141800,91.52000,92.14000,90.89000,91.97000,1697500
1606228200,92.38000,93.81000,91.62000,93.73000,1716600
1606314600,94.00000,94.00000,92.59000,93.12000,921800
1606487400,93.06000,93.60000,92.75000,93.37000,557000
1606746600,93.01000,93.37000,91.70000,93.15000,1847800
1606833000,93.74000,93.96000,93.01000,93.58000,1369000
1606919400,93.53000,93.62000,92.28000,92.82000,1417200
1607005800,92.35000,93.76000,92.35000,93.30000,953200
1607092200,93.58000,94.55000,92.98000,94.47000,1663700
1607351400,93.93000,94.23000,93.14000,93.55000,1458800
1607437800,93.72000,93.77000,92.72000,93.33000,1003600
1607524200,93.31000,93.62000,92.55000,93.22000,1518700
1607610600,92.43000,92.59000,91.20000,91.34000,1888100
1607697000,91.10000,91.89000,90.73000,91.82000,1738800
1607956200,92.47000,93.18000,91.29000,91.33000,1397000
1608042600,91.61000,93.55000,91.01000,93.53000,2300500
1608129000,93.43000,94.84000,92.44000,94.47000,2836600
1608215400,94.84000,95.75000,94.33000,95.65000,1484400
1608301800,96.13000,97.13000,95.77000,96.92000,3192000
1608561000,95.64000,97.17000,94.96000,96.59000,2159800
1608647400,96.42000,97.19000,96.36000,96.63000,2146700
1608733800,99.50000,99.95000,94.32000,94.40000,3367400
1608820200,94.90000,95.01000,93.38000,94.71000,842200
1609165800,95.63000,95.79000,93.75000,94.30000,1192600
1609252200,94.99000,94.99000,92.91000,93.14000,923800
1609338600,93.33000,94.02000,91.69000,92.14000,1702600
1609425000,92.30000,93.42000,91.76000,93.18000,1343800
1609770600,93.21000,93.52000,89.24000,90.36000,2200600
1609857000,90.44000,90.73000,89.51000,90.02000,1258700
1609943400,89.99000,92.04000,89.55000,91.15000,1849700
1610029800,90.99000,91.89000,90.52000,91.53000,1649800
1610116200,91.47000,92.50000,91.24000,92.02000,1236300
1610375400,91.54000,91.94000,90.58000,91.00000,1184500
1610461800,90.78000,91.08000,89.52000,90.72000,1135300
1610548200,90.28000,90.46000,89.37000,89.56000,2240000
1610634600,89.66000,89.80000,87.90000,88.07000,1657800
1610721000,87.56000,88.51000,86.95000,88.37000,1658400
1611066600,88.69000,89.19000,88.05000,88.34000,1722300
1611153000,87.80000,89.63000,87.80000,89.32000,1633300
1611239400,89.02000,89.37000,87.25000,87.55000,1469300
1611325800,87.23000,87.49000,86.37000,86.87000,1730300
1611585000,86.60000,87.30000,85.60000,86.96000,2440700
1611671400,87.26000,88.03000,86.56000,87.33000,1663600
1611757800,86.19000,88.17000,85.30000,87.28000,3793300
1611844200,88.03000,90.13000,87.90000,89.09000,3323700
1611930600,87.99000,87.99000,86.24000,87.32000,2248500
1612189800,87.77000,90.01000,86.89000,89.30000,1861500
1612276200,89.82000,91.04000,88.90000,90.53000,1686700
1612362600,90.54000,90.54000,89.12000,89.95000,1516600
1612449000,90.30000,91.61000,89.94000,91.58000,1181800
1612535400,92.00000,92.20000,91.35000,91.63000,1217100
1612794600,90.63000,91.89000,90.53000,91.71000,1106400
1612881000,91.66000,91.68000,90.78000,90.89000,1394900
1612967400,91.51000,91.51000,90.40000,90.45000,971700
1613053800,90.81000,91.10000,90.02000,90.29000,1177000
1613140200,90.24000,90.24000,88.81000,89.40000,1482600
1613485800,89.34000,89.61000,88.25000,88.80000,2311100
1613572200,88.20000,89.38000,87.67000,89.18000,2448400
1613658600,88.88000,92.09000,88.71000,91.28000,2238400
1613745000,90.68000,91.55000,89.86000,90.25000,1746900
1614004200,89.94000,91.33000,89.12000,90.39000,2037100
1614090600,90.14000,91.71000,89.48000,90.88000,2198500
1614177000,90.04000,93.70000,89.41000,93.36000,2070500
1614263400,93.01000,93.80000,91.01000,91.41000,2125000
1614349800,91.11000,92.00000,90.32000,91.07000,2407300
1614609000,92.00000,93.70000,91.21000,92.75000,1571500
1614695400,92.69000,93.20000,91.65000,92.14000,1515400
1614781800,91.53000,91.95000,90.35000,90.48000,1512400
1614868200,90.43000,91.48000,88.69000,89.31000,2246800
1614954600,90.27000,92.47000,89.28000,92.12000,2375000
1615213800,91.29000,94.50000,90.17000,93.20000,2017800
1615300200,94.40000,95.53000,93.64000,94.55000,2071000
1615386600,94.62000,95.37000,94.25000,94.70000,2162500
1615473000,95.18000,96.34000,94.95000,95.16000,1438200
1615559400,94.74000,95.34000,94.28000,95.25000,1527400
1615815000,95.18000,97.82000,95.18000,97.75000,1431200
1615901400,97.88000,98.52000,97.34000,98.04000,2034600
1615987800,97.51000,98.64000,96.76000,97.98000,2018100
1616074200,96.90000,98.35000,95.91000,97.29000,1761400
1616160600,97.57000,97.75000,95.76000,95.84000,7898700
1616419800,95.57000,96.76000,95.39000,96.58000,1696800
1616506200,96.59000,97.06000,95.61000,96.15000,1486700
1616592600,96.29000,98.53000,95.84000,96.96000,1984700
1616679000,97.11000,98.55000,96.56000,98.31000,1701500
1616765400,98.12000,101.01000,97.86000,100.82000,1904100
1617024600,100.59000,100.90000,99.09000,100.28000,1538800
1617111000,100.03000,100.48000,98.27000,99.23000,1547800
1617197400,99.23000,99.82000,97.84000,98.02000,2176100
1617283800,97.44000,99.03000,97.44000,98.76000,2234800
1617629400,99.65000,101.15000,99.46000,100.36000,2382800
1617715800,95.01000,95.79000,92.74000,95.42000,4126500
1617802200,95.37000,96.83000,94.54000,94.81000,2520200
1617888600,95.63000,96.46000,95.00000,96.04000,2178100
1617975000,96.12000,96.53000,95.17000,96.36000,1454700
1618234200,96.57000,96.69000,95.26000,95.85000,1751900
1618320600,95.75000,96.56000,95.01000,96.28000,1767900
1618407000,96.18000,97.25000,95.36000,96.75000,1411600
1618493400,97.14000,97.39000,96.08000,96.31000,1747600
1618579800,96.60000,97.60000,96.17000,97.50000,1782000
1618839000,97.22000,97.31000,95.91000,96.43000,1998000
1618925400,96.86000,97.69000,96.50000,97.51000,1301300
1619011800,97.87000,98.46000,97.22000,98.22000,1222800
1619098200,97.80000,98.95000,97.60000,98.28000,1627800
1619184600,98.44000,99.65000,97.98000,99.23000,1277100
1619443800,99.07000,99.78000,98.54000,98.85000,1026700
1619530200,98.51000,99.22000,98.13000,99.12000,1191500
1619616600,99.13000,99.14000,97.45000,97.85000,1759400
1619703000,98.40000,99.76000,97.80000,99.35000,1590300
1619789400,98.91000,99.20000,97.24000,97.49000,2380200
1620048600,98.44000,99.54000,97.83000,99.06000,1265800
1620135000,98.65000,100.85000,98.33000,100.78000,2181400
1620221400,101.03000,101.05000,99.50000,100.38000,1651900
1620307800,100.78000,101.65000,100.21000,101.59000,1518100
1620394200,101.64000,101.71000,99.89000,101.01000,1406000
1620653400,101.15000,102.61000,100.40000,100.44000,2348900
1620739800,99.32000,99.78000,98.12000,99.03000,1450400
1620826200,97.87000,98.50000,96.12000,96.34000,1769800
1620912600,96.80000,99.03000,96.50000,98.53000,1261200
1620999000,99.20000,100.44000,98.78000,100.11000,1027000
1621258200,99.78000,100.11000,99.23000,99.85000,971000
1621344600,99.95000,99.97000,99.04000,99.10000,1468600
1621431000,98.41000,98.95000,97.23000,98.89000,1738600
1621517400,98.65000,101.10000,98.41000,100.62000,1609800
1621603800,101.05000,101.79000,100.37000,100.75000,2646500
1621863000,101.49000,102.19000,101.12000,101.89000,1993200
1621949400,102.07000,102.07000,100.88000,101.09000,1134200
1622035800,100.74000,101.27000,100.17000,100.59000,1433400
1622122200,100.73000,101.35000,100.30000,100.88000,1223200
1622208600,100.86000,101.70000,100.86000,101.14000,1041100
1622554200,101.26000,102.13000,100.48000,100.99000,924400
1622640600,100.18000,102.39000,99.88000,101.88000,1262800
1622727000,101.06000,102.18000,100.69000,101.86000,925100
1622813400,102.66000,102.85000,101.99000,102.56000,1069000
1623072600,102.62000,102.99000,101.38000,101.75000,1205800
1623159000,102.00000,103.32000,101.93000,103.03000,933300
1623245400,103.49000,104.23000,103.12000,103.58000,811500
1623331800,103.70000,105.12000,103.46000,104.79000,2655000
1623418200,104.82000,105.17000,104.43000,105.00000,901100
1623677400,104.83000,104.98000,103.03000,104.49000,1037200
1623763800,104.66000,104.67000,103.76000,104.34000,1378900
1623850200,104.61000,104.75000,103.07000,103.82000,1007300
1623936600,103.71000,104.82000,103.48000,104.24000,881200
1624023000,102.99000,103.60000,101.73000,102.02000,2246500
1624282200,102.60000,103.90000,102.05000,103.66000,988700
1624368600,103.43000,104.14000,102.87000,103.63000,1810900
1624455000,103.66000,103.74000,102.58000,103.45000,1484300
1624541400,104.18000,104.55000,103.34000,104.28000,1465900
1624627800,105.27000,106.21000,104.01000,105.61000,3146100
1624887000,106.02000,107.28000,105.55000,106.91000,2161800
1624973400,106.77000,108.23000,106.71000,107.54000,1481900
1625059800,107.64000,108.08000,106.83000,107.30000,2102200
1625146200,106.98000,108.63000,106.98000,108.47000,1387700
1625232600,109.18000,109.29000,107.65000,108.73000,1660500
1625578200,109.37000,109.37000,107.43000,108.57000,1509800
1625664600,108.89000,109.98000,108.74000,109.81000,1879300
1625751000,110.91000,111.49000,108.89000,110.22000,2370300
1625837400,109.60000,112.13000,109.60000,111.90000,1562600
1626096600,111.90000,112.26000,111.05000,111.67000,1452000
1626183000,111.93000,112.38000,111.20000,111.63000,1292200
1626269400,111.93000,112.57000,111.59000,112.33000,1092000
1626355800,112.38000,112.95000,112.09000,112.67000,1982300
1626442200,112.99000,113.11000,111.76000,111.85000,4006100
1626701400,111.05000,111.65000,108.73000,109.41000,2167900
1626787800,109.90000,111.39000,109.53000,110.46000,2460400
1626874200,110.66000,111.47000,109.76000,111.39000,1947800
1626960600,111.46000,111.76000,110.09000,110.94000,1020500
1627047000,111.12000,112.50000,110.86000,112.25000,1271800
1627306200,112.24000,112.72000,111.69000,112.68000,1328900
1627392600,112.84000,113.91000,112.15000,113.22000,1231900
1627479000,112.84000,113.16000,112.13000,112.77000,1130200
1627565400,113.25000,114.15000,112.99000,113.63000,921900
1627651800,112.68000,114.01000,112.68000,113.82000,1290000
1627911000,114.14000,114.88000,113.15000,113.24000,1140100
1627997400,113.37000,114.96000,112.29000,114.80000,1131000
1628083800,114.59000,114.86000,113.64000,114.26000,1081400
1628170200,114.75000,115.45000,114.14000,115.30000,1036400
1628256600,115.00000,115.66000,114.66000,115.41000,1036500
1628515800,114.94000,115.95000,114.42000,115.18000,953200
1628602200,115.17000,115.94000,114.73000,115.87000,972500
1628688600,116.11000,117.11000,115.80000,116.76000,992000
1628775000,116.53000,116.87000,116.24000,116.51000,797800
1628861400,116.49000,117.38000,116.31000,117.17000,822900
1629120600,116.98000,118.22000,116.45000,118.19000,950600
1629207000,117.66000,117.85000,116.45000,117.04000,1023800
1629293400,116.74000,117.32000,114.55000,114.71000,1071900
1629379800,114.24000,115.57000,114.03000,115.26000,1338000
1629466200,115.32000,115.64000,114.75000,115.42000,1567800
1629725400,115.72000,116.13000,115.11000,115.47000,1531900
1629811800,115.48000,115.69000,114.18000,114.29000,1168300
1629898200,114.05000,114.96000,113.96000,114.23000,993100
1629984600,114.36000,114.67000,113.05000,113.39000,1754100
1630071000,113.52000,114.69000,113.43000,114.37000,1264900
1630330200,114.50000,115.12000,114.29000,114.52000,734100
1630416600,114.90000,114.94000,113.81000,114.47000,1440700
1630503000,114.69000,114.72000,112.58000,113.62000,1554700
1630589400,113.89000,114.16000,113.29000,113.72000,1089100
1630675800,113.31000,113.96000,113.02000,113.60000,740400
1631021400,113.38000,113.38000,111.11000,111.29000,963300
1631107800,111.16000,112.13000,111.05000,112.09000,1214900
1631194200,112.40000,112.82000,111.26000,111.32000,853700
1631280600,111.39000,111.71000,110.19000,110.30000,1257600
1631539800,111.11000,111.70000,108.88000,109.45000,1442600
1631626200,110.08000,110.68000,109.49000,109.66000,1518300
1631712600,109.66000,110.41000,109.26000,109.71000,1285000
1631799000,109.65000,109.99000,109.12000,109.37000,1134100
1631885400,109.53000,109.53000,107.92000,108.78000,3614300
1632144600,107.60000,108.71000,107.35000,108.38000,1947200
1632231000,108.90000,108.90000,107.73000,108.50000,1420200
1632317400,108.50000,109.75000,108.06000,109.37000,1610600
1632403800,109.48000,110.74000,109.36000,110.31000,1072300
1632490200,109.88000,110.35000,109.38000,109.98000,1055200
1632749400,109.56000,109.84000,108.64000,108.77000,1273400
1632835800,107.77000,108.17000,106.55000,106.73000,1443000
1632922200,106.75000,108.68000,106.61000,107.85000,1714800
1633008600,113.99000,114.65000,111.10000,112.45000,4219400
1633095000,113.34000,115.55000,111.35000,115.15000,2182300
1633354200,114.81000,116.28000,114.15000,115.01000,2270300
1633440600,113.50000,117.31000,113.37000,116.83000,1848100
1633527000,116.34000,118.16000,116.05000,118.04000,1516800
1633613400,119.26000,119.38000,117.86000,118.64000,1397300
1633699800,119.00000,119.23000,118.07000,118.67000,1099800
1633959000,118.56000,118.56000,117.32000,117.34000,1059500
1634045400,117.08000,118.46000,117.05000,117.33000,1010600
1634131800,117.80000,118.07000,116.10000,117.46000,1145800
1634218200,118.64000,119.04000,118.14000,118.75000,1307700
1634304600,118.93000,119.48000,118.56000,119.15000,1778900
1634563800,118.81000,120.21000,118.18000,120.11000,1305900
1634650200,120.35000,121.84000,120.05000,121.81000,1401300
1634736600,122.00000,122.24000,121.29000,121.89000,901200
1634823000,121.77000,122.51000,121.25000,122.38000,1067800
1634909400,122.50000,124.21000,122.43000,123.77000,1197800
1635168600,123.35000,124.06000,123.01000,123.18000,910600
1635255000,123.45000,123.98000,122.82000,123.53000,998800
1635341400,123.39000,123.96000,121.72000,122.48000,1231600
1635427800,122.46000,123.59000,122.15000,123.36000,1256900
1635514200,123.21000,123.85000,122.63000,123.28000,1280300
1635773400,123.28000,123.28000,120.93000,121.60000,1196600
1635859800,122.18000,123.45000,121.75000,123.43000,1424800
1635946200,123.59000,123.86000,121.61000,123.45000,945800
1636032600,123.29000,124.25000,122.78000,123.74000,952200
1636119000,124.71000,125.81000,124.28000,124.63000,1149900
1636381800,124.91000,125.30000,122.41000,123.19000,1039000
1636468200,123.19000,123.30000,121.73000,122.97000,1164600
1636554600,123.00000,124.01000,122.59000,123.11000,923100
1636641000,123.21000,123.81000,122.74000,123.40000,671700
1636727400,123.71000,125.11000,123.41000,124.60000,729900
1636986600,124.71000,124.95000,123.35000,124.48000,953000
1637073000,124.43000,125.91000,124.43000,125.05000,1124400
1637159400,124.54000,125.99000,124.33000,125.85000,777900
1637245800,125.82000,125.95000,124.72000,125.51000,773700
1637332200,126.17000,126.20000,124.86000,124.99000,1145500
1637591400,124.86000,126.82000,124.02000,124.38000,1424300
1637677800,124.07000,125.62000,123.73000,125.47000,1511000
1637764200,124.89000,125.65000,124.56000,125.08000,1421700
1637937000,124.32000,125.18000,122.18000,122.45000,886300
1638196200,123.71000,124.44000,122.92000,123.73000,1824600
1638282600,123.79000,124.00000,118.29000,119.20000,3420300
1638369000,120.74000,121.48000,117.76000,117.80000,1956700
1638455400,118.48000,121.35000,118.38000,120.65000,1396800
1638541800,120.74000,121.29000,118.70000,119.80000,1285300
1638801000,120.92000,122.25000,120.55000,121.93000,1529700
1638887400,122.63000,123.99000,122.63000,123.13000,1214600
1638973800,123.51000,124.18000,122.40000,123.04000,1357700
1639060200,123.04000,123.46000,122.08000,122.32000,1106800
1639146600,122.76000,124.29000,122.41000,124.25000,1168400
1639405800,124.32000,124.96000,123.07000,124.40000,1404900
1639492200,123.47000,124.23000,121.26000,122.43000,1778300
1639578600,122.67000,125.52000,122.50000,125.28000,1472200
1639665000,125.85000,126.43000,124.02000,124.65000,1512400
1639751400,124.14000,125.55000,123.55000,123.89000,3246000
1640010600,122.18000,123.87000,121.55000,123.80000,1586100
1640097000,124.69000,126.75000,124.18000,126.43000,2583400
1640183400,129.83000,135.46001,127.00000,133.41000,4604200
1640269800,134.00000,137.20000,133.92000,134.24001,2841700
1640615400,134.64999,135.85001,133.39000,135.64000,1988800
1640701800,136.02000,136.89999,135.19000,135.85001,1079100
1640788200,135.67000,138.09000,135.67000,137.38000,1311800
1640874600,137.59000,138.97000,136.27000,136.45000,1063300
1640961000,136.52000,137.28999,135.84000,136.50000,1004200
1641220200,136.00999,136.85001,133.03000,134.50999,2448300
1641306600,134.32001,135.88000,133.41000,134.25000,1873400
1641393000,133.92000,134.71001,131.61000,131.69000,1796200
1641479400,131.69000,132.50000,130.30000,130.80000,2453300
1641565800,130.75999,131.39000,128.74001,128.84000,1555500
1641825000,127.90000,127.90000,125.36000,126.58000,2127600
1641911400,128.05000,129.00000,125.91000,128.77000,1847800
1641997800,129.99001,129.99001,127.43000,128.28000,1213900
1642084200,128.45000,128.92999,126.39000,126.63000,1459300
1642170600,125.58000,126.72000,124.15000,125.00000,1602300
1642516200,122.88000,124.08000,122.10000,123.03000,1887900
1642602600,123.45000,124.45000,121.16000,121.27000,1714100
1642689000,120.92000,124.03000,120.66000,120.99000,1898100
1642775400,121.30000,122.02000,118.63000,118.67000,2268000
1643034600,118.16000,120.21000,115.30000,120.09000,3432700
1643121000,118.82000,120.48000,117.00000,118.77000,2318100
1643207400,119.61000,119.88000,112.77000,113.57000,3430500
1643293800,114.35000,115.06000,110.55000,111.60000,2966200
1643380200,111.01000,115.35000,109.87000,115.33000,2813500
1643639400,114.43000,118.13000,113.86000,117.76000,2127600
1643725800,117.08000,118.39000,116.51000,118.10000,2017400
1643812200,117.44000,120.44000,117.44000,120.11000,2065100
1643898600,118.95000,120.07000,118.54000,118.86000,2009900
1643985000,118.26000,120.40000,117.15000,119.91000,1892500
1644244200,120.00000,120.71000,119.07000,119.97000,1386600
1644330600,119.76000,121.28000,119.12000,121.02000,1569600
1644417000,122.41000,124.30000,121.84000,124.12000,2164300
1644503400,121.42000,122.94000,119.85000,120.37000,2448900
1644589800,119.58000,121.22000,118.66000,118.91000,2084800
1644849000,118.96000,119.34000,117.30000,118.48000,2687400
1644935400,119.66000,120.15000,118.83000,120.11000,1774600
1645021800,119.73000,120.66000,118.25000,120.02000,2175200
1645108200,119.10000,119.43000,116.15000,116.35000,1897900
1645194600,115.94000,117.08000,115.27000,115.84000,1453000
1645540200,115.31000,116.78000,114.65000,115.59000,1746800
1645626600,116.17000,116.77000,113.34000,113.61000,1743000
1645713000,111.64000,115.99000,111.39000,115.79000,2456500
1645799400,115.96000,118.69000,115.53000,118.64000,1259700
1646058600,117.25000,119.37000,116.85000,119.06000,1689300
1646145000,118.88000,119.55000,116.84000,117.55000,1468500
1646231400,118.20000,120.89000,117.99000,120.38000,1332600
1646317800,121.54000,121.98000,119.99000,120.42000,1433500
1646404200,119.76000,123.97000,118.55000,123.58000,1967800
1646663400,123.55000,124.83000,121.92000,122.41000,2234000
1646749800,121.68000,123.67000,118.25000,118.43000,1958000
1646836200,120.67000,122.72000,119.50000,122.30000,1679600
1646922600,120.39000,122.53000,118.56000,122.19000,1317600
1647009000,123.11000,124.47000,120.46000,120.59000,1071000
1647264600,120.78000,121.72000,119.13000,119.89000,1116400
1647351000,120.93000,121.91000,118.93000,121.82000,1321800
1647437400,122.39000,124.67000,121.28000,124.55000,1450000
1647523800,124.37000,125.70000,123.54000,125.62000,1414100
1647610200,125.69000,128.60001,124.77000,128.13000,3561600
1647869400,127.45000,127.91000,125.10000,126.66000,1605300
1647955800,126.72000,128.02000,126.22000,127.45000,1398400
1648042200,126.84000,126.84000,125.28000,125.38000,1562800
1648128600,126.30000,127.77000,125.31000,127.74000,1125900
1648215000,127.95000,128.95000,126.72000,128.71001,1213400
1648474200,128.64000,130.24001,128.06000,129.87000,1812700
1648560600,130.75999,132.75999,130.14999,132.53000,2631200
1648647000,132.00000,137.56000,128.50000,136.89000,2875100
1648733400,137.91000,140.67000,136.41000,136.47000,3185600
1648819800,136.77000,138.92000,135.35001,138.87000,2305800
1649079000,139.25999,139.61000,137.20000,139.31000,2742100
1649165400,139.56000,141.92000,138.52000,139.25000,2723900
1649251800,138.98000,141.92000,138.13000,141.23000,2751500
1649338200,140.37000,141.59000,139.30000,139.84000,3452100
1649424600,139.00999,140.89999,138.41000,139.28999,2396600
1649683800,139.70000,139.87000,136.64000,136.84000,1575600
1649770200,138.03000,138.88000,136.12000,136.59000,1359600
1649856600,137.14999,138.27000,136.00000,137.89000,1394100
1649943000,137.89000,138.50999,136.42999,136.69000,1574900
1650288600,135.91000,137.19000,134.92999,135.75000,1457900
1650375000,135.94000,137.85001,134.85001,137.46001,2158800
1650461400,138.50999,140.17999,138.33000,139.63000,1829800
1650547800,140.12000,141.27000,137.89999,138.32001,1650700
1650634200,137.72000,137.84000,131.14000,131.35001,2375400
1650893400,131.50999,132.30000,128.35001,132.25000,2766200
1650979800,131.46001,132.31000,129.50000,129.50999,2248900
1651066200,130.69000,132.89000,130.19000,130.69000,1777700
1651152600,131.87000,133.19000,130.46001,132.39999,1468400
1651239000,131.99001,132.00000,126.45000,126.73000,1981500
1651498200,126.89000,128.91000,125.15000,127.65000,1985900
1651584600,128.24001,129.03999,127.28000,128.55000,1492200
1651671000,128.59000,132.89999,127.73000,132.47000,1916500
1651757400,131.38000,131.69000,123.39000,124.59000,2353500
1651843800,123.57000,124.92000,122.41000,124.16000,1873300
1652103000,123.16000,123.16000,119.67000,120.27000,2423500
1652189400,122.33000,123.05000,118.85000,120.13000,2248900
1652275800,118.08000,119.66000,117.62000,118.22000,2805900
1652362200,117.45000,118.29000,115.66000,117.93000,2213900
1652448600,118.91000,120.63000,118.49000,119.69000,1336900
1652707800,119.24000,121.00000,118.58000,120.06000,1152900
1652794200,121.77000,122.27000,120.94000,121.62000,1328400
1652880600,120.39000,120.44000,117.15000,117.44000,1606800
1652967000,116.70000,117.43000,115.24000,115.84000,2290300
1653053400,117.37000,117.89000,114.10000,117.33000,2266500
1653312600,118.15000,118.91000,116.19000,118.21000,1801500
1653399000,117.51000,118.06000,115.70000,117.84000,1625400
1653485400,117.08000,118.94000,116.57000,117.99000,1413800
1653571800,118.69000,121.94000,118.20000,121.20000,1537300
1653658200,122.47000,124.10000,122.15000,124.08000,1560600
1654003800,123.53000,124.75000,122.14000,123.83000,2523500
1654090200,124.20000,124.82000,121.53000,122.26000,1483900
1654176600,122.78000,126.07000,122.09000,125.95000,1551400
1654263000,125.43000,126.34000,124.81000,125.81000,1355400
1654522200,127.04000,127.45000,125.21000,125.93000,1210700
1654608600,124.62000,127.00000,123.67000,126.75000,1238500
1654695000,125.99000,126.42000,124.70000,125.60000,1187400
1654781400,125.16000,125.54000,122.58000,122.60000,1066200
1654867800,120.96000,122.00000,119.64000,120.63000,1360100
1655127000,118.12000,118.89000,116.60000,117.21000,1701000
1655213400,118.04000,118.05000,116.19000,117.47000,1509700
1655299800,118.08000,119.73000,116.32000,117.95000,1380400
1655386200,115.69000,116.11000,112.86000,113.81000,2236500
1655472600,113.80000,114.85000,110.47000,113.00000,4520600
1655818200,114.21000,116.54000,114.08000,116.28000,1992800
1655904600,114.89000,117.09000,114.00000,115.63000,1760300
1655991000,116.73000,117.66000,115.53000,117.31000,1785500
1656077400,118.30000,122.44000,117.95000,122.43000,2321600
1656336600,122.33000,124.73000,122.18000,122.66000,2906700
1656423000,122.68000,124.00000,119.62000,119.88000,2431200
1656509400,116.20000,118.29000,112.65000,114.85000,3477800
1656595800,113.33000,116.63000,113.19000,113.87000,2692100
1656682200,114.22000,116.63000,113.51000,116.36000,1693000
1657027800,115.43000,115.58000,111.72000,115.57000,1427800
1657114200,116.17000,117.92000,115.16000,116.97000,1910100
1657200600,116.42000,117.21000,115.66000,116.52000,1548200
1657287000,115.70000,117.08000,114.68000,116.80000,1294500
1657546200,116.17000,116.84000,115.26000,116.22000,1110600
1657632600,116.40000,117.42000,114.31000,114.85000,1266800
1657719000,112.32000,114.49000,112.20000,113.34000,1350200
1657805400,112.24000,113.62000,111.17000,113.14000,1240400
1657891800,114.66000,115.24000,114.06000,115.00000,1613300
1658151000,115.76000,116.80000,114.01000,114.59000,1377800
1658237400,116.18000,119.50000,115.68000,119.17000,1703000
1658323800,119.52000,121.08000,118.88000,120.30000,2138500
1658410200,120.48000,122.29000,119.78000,122.05000,1429700
1658496600,122.68000,124.12000,121.63000,122.44000,1483100
1658755800,122.31000,122.70000,121.00000,121.52000,1499900
1658842200,121.82000,122.55000,120.75000,121.23000,1633600
1658928600,121.86000,126.04000,121.51000,125.41000,2095000
1659015000,126.00000,128.70000,125.48000,128.27000,1234100
1659101400,128.33000,129.00000,127.49000,128.28000,1525900
1659360600,127.24000,128.24001,126.00000,126.58000,1472700
1659447000,126.34000,127.21000,125.31000,126.36000,1416300
1659533400,127.23000,129.52000,126.56000,128.97000,1154500
1659619800,129.00000,129.06000,127.81000,128.57001,764800
1659706200,127.03000,129.80000,126.99000,129.55000,979400
1659965400,130.53999,131.53999,129.53999,130.89999,1310000
1660051800,131.17000,131.92999,130.44000,130.89999,978100
1660138200,133.00999,133.47000,131.81000,132.84000,1171400
1660224600,133.81000,134.02000,131.92000,132.07001,1280000
1660311000,132.96001,135.62000,132.73000,135.61000,1824600
1660570200,135.28000,138.23000,134.66000,138.14999,1501800
1660656600,137.38000,138.50000,136.88000,138.31000,1092900
1660743000,137.28999,138.74001,137.03999,138.62000,1445600
1660829400,138.77000,139.47000,137.97000,139.16000,1068900
1660915800,138.24001,138.95000,137.48000,138.49001,2748200
1661175000,137.73000,137.73000,135.42000,135.94000,1314500
1661261400,135.99001,136.37000,134.83000,135.00000,1024800
1661347800,134.91000,135.92000,134.64000,135.08000,1142100
1661434200,135.50000,135.66000,133.46001,134.06000,1522700
1661520600,134.32001,134.42999,128.56000,128.80000,1966600
1661779800,128.30000,128.46001,126.96000,127.11000,1430000
1661866200,127.30000,127.30000,123.92000,124.23000,1559400
1661952600,125.51000,125.51000,123.04000,123.34000,1598800
1662039000,123.08000,124.39000,122.25000,124.25000,1359900
1662125400,124.47000,125.53000,120.29000,120.90000,1759800
1662471000,121.07000,122.62000,120.03000,121.61000,1352400
1662557400,121.83000,124.31000,121.63000,123.90000,1359000
1662643800,123.40000,125.41000,122.36000,125.23000,1392900
1662730200,125.54000,127.24000,125.07000,126.83000,1524600
1662989400,127.28000,128.37000,126.86000,127.33000,1109200
1663075800,124.93000,125.41000,121.81000,122.08000,1979800
1663162200,122.64000,122.93000,119.94000,121.15000,2066900
1663248600,120.94000,121.37000,118.44000,118.96000,1285400
1663335000,118.16000,120.61000,117.24000,120.13000,2133000
1663594200,119.44000,121.54000,118.91000,121.49000,1067000
1663680600,120.73000,120.99000,119.17000,120.04000,1312100
1663767000,121.48000,121.92000,117.88000,117.91000,1948200
1663853400,117.64000,118.91000,116.35000,117.61000,2137200
1663939800,116.85000,117.10000,113.44000,115.02000,2098500
1664199000,115.02000,115.97000,113.55000,114.04000,1855100
1664285400,114.85000,115.74000,112.12000,113.32000,1981700
1664371800,116.63000,119.21000,112.39000,117.38000,3301800
1664458200,116.46000,116.73000,111.87000,113.39000,2699300
1664544600,114.15000,115.61000,112.10000,112.21000,2524400
1664803800,113.27000,115.51000,112.31000,114.86000,1837100
1664890200,116.61000,117.63000,114.99000,115.39000,2203000
1664976600,114.66000,115.88000,112.60000,114.59000,2169800
1665063000,114.64000,114.87000,111.46000,111.69000,2327900
1665149400,110.58000,110.91000,108.97000,109.59000,2133500
1665408600,110.17000,110.47000,108.55000,109.88000,1469700
1665495000,109.69000,110.29000,107.50000,108.34000,1700800
1665581400,108.52000,109.03000,107.81000,108.00000,1429200
1665667800,105.79000,110.97000,105.66000,110.27000,1892500
1665754200,111.41000,111.81000,108.80000,109.19000,1790700
1666013400,111.57000,112.74000,111.00000,111.95000,1631100
1666099800,113.73000,115.19000,112.45000,113.38000,1811100
1666186200,111.97000,112.75000,110.19000,111.45000,1289600
1666272600,111.86000,113.00000,110.38000,111.06000,1233400
1666359000,110.88000,112.54000,109.69000,112.16000,1264000
1666618200,113.68000,114.30000,112.11000,114.15000,1308800
1666704600,114.30000,116.64000,114.30000,116.48000,2035600
1666791000,116.62000,118.09000,114.79000,115.39000,1587400
1666877400,115.94000,116.93000,115.19000,115.76000,1257800
1666963800,116.24000,120.51000,116.11000,119.79000,1953900
1667223000,118.75000,119.36000,117.73000,118.31000,1693700
1667309400,119.06000,119.52000,116.94000,118.06000,1072000
1667395800,117.91000,119.35000,114.47000,114.50000,1501200
1667482200,112.91000,114.42000,111.92000,113.04000,1593400
1667568600,114.10000,114.81000,111.26000,113.76000,1784400
1667831400,114.38000,115.91000,113.56000,115.38000,1354400
1667917800,115.20000,118.71000,114.77000,117.05000,1342800
1668004200,116.79000,117.13000,115.08000,115.24000,1216400
1668090600,120.41000,121.82000,118.32000,121.38000,2058200
1668177000,121.62000,122.05000,119.17000,121.01000,2098000
1668436200,120.76000,123.24000,120.25000,121.19000,1818900
1668522600,123.66000,123.66000,120.21000,121.67000,1521700
1668609000,121.99000,122.43000,120.05000,120.49000,1827100
1668695400,119.30000,120.84000,118.10000,120.22000,1442700
1668781800,121.09000,121.86000,119.49000,120.83000,1164000
1669041000,120.91000,122.28000,120.35000,121.55000,919100
1669127400,122.30000,122.95000,120.61000,122.78000,1117900
1669213800,122.85000,123.67000,122.41000,123.16000,1194900
1669386600,123.22000,123.72000,122.67000,123.21000,599600
1669645800,122.00000,122.62000,120.09000,120.47000,1524300
1669732200,120.24000,121.03000,118.72000,120.15000,1217800
1669818600,120.14000,124.19000,119.64000,124.03000,2628900
1669905000,124.45000,126.33000,123.71000,125.90000,1466300
1669991400,123.78000,126.30000,123.68000,125.98000,1291100
1670250600,124.58000,125.08000,122.59000,123.19000,1415800
1670337000,123.49000,123.49000,119.95000,120.63000,1198300
1670423400,120.97000,121.36000,119.74000,120.44000,932000
1670509800,120.72000,122.01000,119.87000,120.16000,1489900
1670596200,119.73000,120.25000,119.17000,119.51000,1563700
1670855400,120.00000,123.08000,119.51000,122.97000,1271200
1670941800,127.39000,127.89000,122.68000,123.32000,1255300
1671028200,122.79000,125.15000,121.59000,122.67000,2155500
1671114600,121.22000,121.51000,116.79000,117.08000,2076300
1671201000,115.71000,116.53000,115.05000,115.96000,2859800
1671460200,116.15000,116.69000,114.94000,115.52000,1810100
1671546600,114.99000,115.76000,113.53000,114.26000,1501400
1671633000,114.87000,115.86000,113.90000,114.77000,2282600
1671719400,111.00000,112.22000,108.00000,112.18000,4399900
1671805800,112.74000,116.24000,112.42000,116.01000,2503100
1672151400,115.86000,116.04000,114.27000,115.13000,1494900
1672237800,115.08000,116.20000,114.38000,114.43000,1590000
1672324200,114.85000,117.07000,114.54000,116.46000,1372400
1672410600,115.82000,116.11000,113.97000,115.56000,1060900
1672756200,116.64000,116.82000,114.88000,115.81000,1792600
1672842600,116.95000,118.19000,115.78000,117.07000,1475200
1672929000,116.39000,116.44000,113.70000,114.36000,1352300
1673015400,115.59000,117.98000,114.98000,117.45000,1257900
1673274600,117.35000,119.04000,117.13000,117.41000,1484200
1673361000,117.23000,117.95000,115.86000,117.31000,1112400
1673447400,118.08000,119.78000,117.17000,119.68000,1579200
1673533800,119.49000,120.09000,118.75000,119.85000,1373000
1673620200,119.66000,120.69000,119.28000,120.31000,1237700
1673965800,118.89000,120.11000,117.94000,118.42000,2157200
1674052200,118.64000,119.27000,117.17000,117.23000,1809800
1674138600,116.91000,117.20000,115.41000,115.52000,1122000
1674225000,115.67000,118.53000,114.71000,117.93000,1987600
1674484200,117.78000,120.96000,117.07000,119.99000,1599300
1674570600,119.90000,120.14000,117.93000,118.62000,1332300
1674657000,116.44000,116.47000,112.38000,115.62000,2335300
1674743400,116.19000,116.50000,114.74000,115.10000,1679100
1674829800,114.18000,114.70000,112.65000,113.03000,2257700
1675089000,112.76000,115.52000,112.63000,114.69000,2798200
1675175400,115.15000,115.87000,113.81000,115.86000,1564900
1675261800,115.64000,118.49000,115.01000,117.71000,1535700
1675348200,118.60000,120.92000,117.78000,120.60000,2475700
1675434600,118.85000,120.14000,116.92000,118.58000,1791700
1675693800,117.37000,118.29000,116.45000,116.66000,1102100
1675780200,116.02000,118.39000,115.54000,117.87000,1128300
1675866600,116.02000,116.82000,114.64000,114.93000,2081000
1675953000,116.14000,116.23000,113.37000,113.75000,1890200
1676039400,113.00000,114.72000,113.00000,114.22000,1571800
1676298600,114.30000,115.58000,114.18000,115.51000,1295700
1676385000,115.18000,115.75000,113.00000,113.94000,1246200
1676471400,113.63000,115.33000,113.05000,115.23000,1415900
1676557800,113.72000,115.51000,113.44000,114.66000,1263500
1676644200,114.25000,115.28000,113.89000,114.75000,1220300
1676989800,113.43000,113.78000,111.43000,111.52000,1775500
1677076200,111.67000,112.33000,110.56000,110.68000,1219200
1677162600,111.04000,111.82000,110.33000,111.32000,1266900
1677249000,109.91000,111.26000,109.45000,110.98000,1569900
1677508200,111.80000,112.30000,110.58000,110.99000,1164800
1677594600,110.66000,111.67000,110.35000,110.40000,1691900
1677681000,110.24000,110.84000,108.97000,110.70000,1925600
1677767400,110.02000,112.35000,110.02000,112.10000,1427600
1677853800,112.29000,113.01000,111.59000,112.73000,1694900
1678113000,112.89000,113.63000,112.62000,113.13000,1212600
1678199400,113.08000,113.25000,111.58000,112.09000,2161400
1678285800,112.00000,113.12000,111.53000,112.69000,1128000
1678372200,113.27000,113.36000,110.96000,111.05000,1279100
1678458600,110.57000,110.85000,107.60000,107.83000,1901200
1678714200,107.28000,110.54000,106.78000,108.33000,1906600
1678800600,109.50000,110.19000,106.85000,108.24000,1885300
1678887000,107.31000,107.80000,106.29000,107.00000,1992900
1678973400,106.81000,108.91000,106.17000,108.67000,1583000
1679059800,108.67000,109.31000,107.30000,107.53000,7237500
1679319000,108.21000,109.88000,107.84000,109.70000,2174400
1679405400,110.20000,110.71000,109.08000,110.29000,1901500
1679491800,110.29000,110.66000,106.98000,107.07000,1930400
1679578200,107.14000,109.76000,106.76000,107.88000,1984700
1679664600,107.88000,109.13000,107.15000,108.84000,1655000
1679923800,109.43000,109.66000,108.60000,109.08000,2284400
1680010200,108.75000,110.61000,108.49000,108.98000,2643500
1680096600,110.51000,116.86000,109.23000,116.03000,5048100
1680183000,117.93000,117.93000,113.29000,113.54000,2497400
1680269400,114.37000,115.12000,113.71000,114.59000,3092600
1680528600,112.66000,112.76000,110.31000,111.33000,3514600
1680615000,111.57000,112.32000,108.69000,109.90000,2958400
1680701400,109.72000,110.29000,108.02000,108.83000,2333800
1680787800,108.62000,109.59000,108.09000,109.04000,2090100
1681133400,107.81000,109.30000,107.53000,109.30000,2573400
1681219800,109.30000,109.60000,108.47000,109.38000,2325200
1681306200,110.34000,110.57000,108.28000,108.41000,1932300
1681392600,108.72000,109.33000,108.04000,109.25000,1749600
1681479000,109.08000,109.95000,107.21000,107.92000,1561200
1681738200,108.45000,109.57000,108.05000,109.57000,1777900
1681824600,109.73000,110.27000,108.54000,109.30000,1370100
1681911000,109.41000,110.22000,108.87000,109.77000,1268800
1681997400,108.93000,109.66000,108.25000,109.07000,1464000
1682083800,109.49000,109.63000,108.67000,109.52000,1343100
1682343000,109.71000,111.01000,109.53000,110.89000,1995600
1682429400,110.19000,110.19000,107.55000,107.95000,1888600
1682515800,105.77000,107.09000,104.78000,105.37000,2350000
1682602200,105.83000,108.06000,105.69000,107.84000,1688400
1682688600,108.56000,110.02000,108.07000,109.86000,1854200
1682947800,109.52000,110.72000,109.37000,110.07000,1438100
1683034200,109.98000,110.20000,107.02000,107.60000,1394000
1683120600,108.34000,109.15000,107.58000,107.67000,1510500
1683207000,107.42000,107.87000,106.85000,107.20000,1584700
1683293400,108.00000,108.78000,106.62000,107.83000,1539300
1683552600,108.04000,108.04000,106.27000,106.33000,1205100
1683639000,106.50000,107.66000,105.98000,107.25000,2051300
1683725400,107.72000,108.67000,106.70000,108.62000,2249300
1683811800,107.83000,108.06000,106.31000,106.61000,1919400
1683898200,107.17000,107.47000,105.92000,106.89000,1010900
1684157400,106.89000,108.44000,106.55000,108.17000,1551600
1684243800,107.86000,107.93000,105.89000,106.06000,2063800
1684330200,106.67000,107.68000,105.93000,107.31000,1667100
1684416600,107.18000,108.81000,106.91000,108.76000,1053100
1684503000,109.10000,109.29000,107.59000,108.11000,1480600
1684762200,108.80000,110.28000,107.89000,109.99000,1419100
1684848600,109.96000,109.98000,108.53000,108.85000,2351100
1684935000,109.07000,109.46000,108.06000,108.33000,1723300
1685021400,107.65000,108.09000,106.07000,107.88000,2619700
1685107800,108.19000,109.42000,107.10000,108.17000,2188900
1685453400,108.55000,108.55000,105.20000,107.34000,2164000
1685539800,107.52000,107.58000,104.09000,104.93000,16804900
1685626200,105.89000,107.26000,105.07000,107.20000,3044300
1685712600,107.42000,110.37000,106.94000,110.25000,2892700
1685971800,110.69000,112.03000,110.31000,111.65000,2547500
1686058200,111.75000,111.77000,110.24000,111.41000,1581600
1686144600,111.75000,112.45000,110.56000,111.91000,1849700
1686231000,111.59000,111.87000,110.58000,110.96000,1513700
1686317400,110.67000,112.23000,110.38000,111.69000,1545100
1686576600,112.18000,113.35000,111.70000,113.09000,1768000
1686663000,113.52000,113.91000,113.03000,113.51000,1381800
1686749400,114.09000,114.51000,111.07000,111.54000,1615900
1686835800,111.47000,113.60000,111.23000,113.31000,1366900
1686922200,113.81000,114.63000,113.14000,113.59000,3843800
1687267800,113.00000,113.30000,111.80000,112.24000,1520100
1687354200,112.03000,113.79000,111.12000,112.86000,2018200
1687440600,112.64000,113.00000,110.70000,111.27000,1417700
1687527000,110.50000,110.51000,108.05000,108.38000,2821200
1687786200,108.11000,110.84000,108.06000,110.65000,1924200
1687872600,111.04000,111.83000,110.65000,111.07000,1769200
1687959000,111.20000,111.48000,109.63000,110.71000,2266900
1688045400,114.32000,114.77000,108.84000,109.33000,2886700
1688131800,111.16000,113.39000,110.22000,111.87000,2943600
1688391000,111.43000,111.82000,110.53000,111.47000,1132000
1688563800,111.13000,113.52000,110.58000,112.88000,2576700
1688650200,111.60000,113.94000,111.07000,113.72000,3527300
1688736600,112.92000,115.25000,112.56000,113.44000,2165000
1688995800,113.84000,117.06000,113.79000,116.48000,3161100
1689082200,116.62000,118.63000,116.62000,118.14000,2799800
1689168600,119.47000,119.55000,117.28000,118.56000,2837900
1689255000,118.56000,120.70000,118.31000,120.53000,2545900
1689341400,120.13000,121.27000,119.73000,120.86000,2406000
1689600600,120.19000,122.05000,120.00000,121.03000,1839000
1689687000,120.93000,122.73000,120.70000,122.19000,1675800
1689773400,122.35000,123.55000,122.22000,123.31000,1479000
1689859800,123.11000,124.12000,122.35000,123.85000,1599200
1689946200,124.66000,124.89000,123.41000,123.41000,5885800
1690205400,123.61000,125.31000,123.41000,125.25000,1646100
1690291800,124.98000,125.30000,124.37000,125.02000,1329500
1690378200,124.93000,129.03000,124.93000,127.75000,2452300
1690464600,128.05000,129.70000,126.37000,127.05000,2217100
1690551000,128.00999,128.34000,125.54000,126.52000,1909700
1690810200,126.30000,126.44000,124.30000,125.47000,1508400
1690896600,125.24000,126.13000,124.20000,125.81000,1550500
1690983000,124.53000,124.99000,123.76000,124.39000,1490200
1691069400,124.52000,125.28000,123.70000,124.67000,1012400
1691155800,125.03000,125.03000,122.71000,122.99000,1268800
1691415000,123.44000,125.20000,123.27000,125.07000,1056900
1691501400,124.46000,124.46000,122.70000,123.90000,1533200
1691587800,122.83000,124.32000,122.83000,124.03000,1044300
1691674200,124.31000,125.32000,123.78000,124.31000,1002000
1691760600,123.96000,125.67000,123.45000,125.48000,1419100
1692019800,125.25000,126.20000,124.75000,124.99000,967900
1692106200,124.06000,124.67000,123.55000,123.59000,1824500
1692192600,123.59000,123.94000,122.43000,122.50000,1385200
1692279000,122.83000,123.59000,120.77000,121.00000,1836800
1692365400,120.46000,121.37000,120.26000,120.48000,1480900
1692624600,120.34000,120.79000,119.56000,120.57000,1404000
1692711000,120.92000,121.32000,119.36000,119.45000,1394100
1692797400,119.94000,121.92000,119.50000,121.62000,1164300
1692883800,122.30000,122.86000,120.66000,120.76000,1146000
1692970200,120.94000,122.35000,120.85000,121.87000,1452700
1693229400,122.46000,122.74000,121.81000,122.20000,1460600
1693315800,122.20000,122.37000,120.71000,121.98000,1694900
1693402200,122.16000,122.88000,121.83000,122.53000,1171000
1693488600,122.27000,122.60000,121.61000,122.23000,1930900
1693575000,122.69000,123.21000,121.08000,122.40000,1219800
1693920600,121.38000,122.24000,120.73000,121.37000,1977700
1694007000,120.54000,121.08000,119.90000,120.37000,1149400
1694093400,120.44000,121.09000,119.99000,120.19000,1056400
1694179800,120.76000,120.93000,120.24000,120.54000,989600
1694439000,120.54000,120.72000,119.26000,119.89000,1063100
1694525400,119.89000,120.12000,119.39000,119.76000,968300
1694611800,119.49000,119.88000,118.82000,119.30000,872800
1694698200,119.69000,119.84000,118.77000,118.94000,1479600
1694784600,119.00000,119.00000,115.73000,115.97000,3431500
1695043800,115.97000,117.15000,115.97000,116.31000,1857900
1695130200,115.98000,116.42000,115.22000,116.15000,1514400
1695216600,116.63000,116.95000,115.60000,115.65000,1612400
1695303000,115.08000,115.38000,113.11000,113.31000,1872400
1695389400,112.88000,114.17000,112.88000,112.95000,1285300
1695648600,112.97000,114.39000,112.85000,114.35000,1667100
1695735000,113.96000,114.33000,112.39000,112.72000,3140600
1695821400,112.50000,118.08000,110.42000,116.51000,3391800
1695907800,117.15000,118.65000,116.39000,117.12000,2402500
1695994200,117.72000,118.07000,114.80000,115.33000,1691500
1696253400,114.83000,115.07000,113.41000,113.78000,2220200
1696339800,113.93000,115.34000,113.49000,114.24000,1680600
1696426200,114.79000,115.64000,113.82000,115.28000,1702600
1696512600,115.61000,115.73000,113.97000,114.87000,1103900
1696599000,114.08000,117.68000,113.62000,117.40000,2219700
1696858200,117.08000,119.41000,117.07000,119.16000,1259100
1696944600,119.12000,120.16000,118.03000,118.43000,2029700
1697031000,119.03000,119.18000,117.48000,118.66000,1380300
1697117400,119.14000,119.32000,117.96000,118.56000,1332500
1697203800,119.14000,119.40000,116.97000,117.98000,932600
1697463000,119.03000,119.19000,117.62000,118.73000,1292100
1697549400,118.81000,119.55000,118.45000,119.14000,1110700
1697635800,119.08000,119.23000,117.80000,118.27000,1372900
1697722200,118.51000,119.63000,117.53000,118.19000,1622600
1697808600,118.19000,118.38000,115.90000,116.00000,2038900
1698067800,116.08000,117.95000,115.67000,116.63000,1540100
1698154200,117.24000,117.65000,115.57000,117.12000,1229300
1698240600,115.94000,115.94000,111.36000,112.19000,3904900
1698327000,112.25000,113.28000,111.65000,111.75000,2314900
1698413400,111.57000,111.57000,109.02000,109.57000,1739100
1698672600,110.56000,111.02000,109.24000,110.57000,1290500
1698759000,110.68000,111.31000,110.00000,111.05000,1369800
1698845400,109.36000,109.36000,106.27000,108.86000,3094200
1698931800,109.65000,112.53000,109.50000,112.47000,1562600
1699018200,113.49000,114.10000,108.58000,110.46000,2878300
1699281000,110.77000,111.54000,109.98000,111.49000,1745500
1699367400,111.62000,112.68000,110.82000,112.53000,1910800
1699453800,113.06000,114.42000,112.34000,114.05000,1502700
1699540200,114.65000,115.16000,113.70000,114.02000,1897000
1699626600,114.90000,115.83000,114.26000,115.43000,1537000
1699885800,114.16000,114.87000,113.87000,114.48000,1275400
1699972200,116.30000,116.93000,115.34000,116.26000,1737800
1700058600,116.69000,117.88000,116.60000,117.14000,2240500
1700145000,118.31000,118.88000,115.43000,116.49000,1316400
1700231400,117.19000,117.68000,116.56000,117.52000,1275500
1700490600,117.07000,119.03000,117.07000,118.77000,1502300
1700577000,118.80000,119.06000,118.13000,118.36000,1861900
1700663400,119.35000,119.89000,118.25000,118.95000,2495300
1700836200,119.31000,119.32000,118.23000,118.50000,548200
1701095400,118.19000,119.10000,117.74000,118.95000,1659800
1701181800,119.14000,119.69000,118.60000,119.58000,1903100
1701268200,120.00000,121.91000,119.67000,121.15000,1991100
1701354600,121.59000,122.17000,120.82000,121.97000,2678400
1701441000,121.96000,124.14000,121.64000,123.92000,1625900
1701700200,122.50000,124.40000,122.48000,124.18000,1610600
1701786600,124.01000,124.27000,122.53000,123.04000,1732000
1701873000,123.64000,124.56000,123.00000,124.42000,1841600
1701959400,124.85000,125.34000,123.55000,124.83000,1753100
1702045800,124.44000,125.16000,123.84000,124.02000,1707800
1702305000,124.79000,126.13000,124.73000,125.20000,2264800
1702391400,125.75000,126.66000,124.61000,126.56000,1406500
1702477800,126.89000,128.19000,125.73000,128.12000,2907700
1702564200,128.71001,128.86000,126.54000,126.83000,3489700
1702650600,126.54000,127.84000,126.33000,126.84000,3827300
1702909800,127.83000,128.00000,126.81000,127.74000,1751100
1702996200,127.90000,129.37000,127.02000,128.78999,2755400
1703082600,128.23000,129.66000,127.78000,127.86000,2761500
1703169000,122.25000,122.25000,118.59000,118.90000,5820000
1703255400,118.70000,121.10000,118.58000,119.86000,2654400
1703601000,119.32000,120.60000,119.12000,120.18000,1388300
1703687400,120.11000,120.11000,118.90000,119.07000,1394800
1703773800,119.36000,120.07000,119.06000,119.50000,2203000
1703860200,119.13000,119.55000,118.33000,119.11000,1241800
1704205800,118.84000,119.09000,117.32000,117.87000,1982100
1704292200,118.46000,118.69000,116.77000,116.84000,1595000
1704378600,117.42000,118.46000,117.15000,117.85000,1525400
1704465000,117.49000,118.65000,117.43000,117.98000,1299400
1704724200,117.96000,119.58000,117.44000,119.47000,2047500
1704810600,118.55000,118.85000,117.50000,118.67000,1252800
1704897000,118.70000,119.26000,118.16000,118.89000,1011400
1704983400,118.97000,119.23000,117.78000,119.14000,1711700
1705069800,119.98000,120.37000,118.79000,119.72000,1033800
1705415400,119.36000,119.85000,118.64000,119.81000,1967400
1705501800,119.36000,120.37000,119.36000,120.11000,1385100
1705588200,120.20000,120.51000,118.90000,120.37000,1884800
1705674600,121.03000,122.75000,119.79000,122.09000,2256400
1705933800,121.99000,123.09000,121.80000,122.79000,1151200
1706020200,122.64000,123.50000,122.51000,122.82000,2017500
1706106600,123.55000,124.39000,121.50000,121.89000,2591300
1706193000,121.84000,123.20000,120.49000,121.01000,1563800
1706279400,121.25000,121.42000,120.35000,120.94000,1166700
1706538600,120.57000,121.53000,120.46000,121.36000,1490200
1706625000,120.39000,122.54000,120.24000,122.42000,1445600
1706711400,123.04000,123.82000,121.47000,121.73000,2351300
1706797800,121.78000,122.01000,119.23000,121.10000,2086800
1706884200,121.19000,122.09000,120.19000,121.77000,1946200
1707143400,121.32000,121.34000,119.42000,119.89000,1663600
1707229800,120.35000,122.61000,119.96000,122.19000,2238500
1707316200,122.95000,123.19000,121.65000,122.10000,1411100
1707402600,122.00000,122.81000,121.10000,122.75000,1084400
1707489000,123.01000,123.25000,121.84000,123.03000,1714800
1707748200,122.12000,122.54000,121.56000,122.10000,2256900
1707834600,121.65000,121.84000,120.36000,121.39000,1932700
1707921000,121.80000,122.79000,121.27000,122.22000,1792100
1708007400,122.60000,123.20000,122.41000,122.79000,1435400
1708093800,122.65000,123.82000,122.01000,123.38000,1100300
1708439400,123.38000,124.51000,123.27000,124.49000,1415500
1708525800,124.71000,124.85000,122.77000,123.43000,1100600
1708612200,123.78000,125.01000,123.24000,124.71000,1467200
1708698600,125.00000,125.26000,124.58000,124.64000,1077000
1708957800,124.62000,124.83000,123.28000,123.37000,1192500
1709044200,123.05000,123.75000,122.30000,122.90000,1052100
1709130600,122.90000,123.41000,122.30000,122.41000,898500
1709217000,123.14000,123.14000,122.16000,122.62000,1954700
1709303400,122.11000,122.65000,121.38000,122.23000,1017700
1709562600,122.95000,124.36000,122.30000,122.34000,2728600
1709649000,122.38000,122.50000,119.67000,120.23000,1691300
1709735400,120.12000,121.38000,119.61000,120.73000,1800000
1709821800,121.53000,122.06000,120.13000,121.13000,2036100
1709908200,120.84000,121.89000,120.25000,120.82000,1344900
1710163800,121.24000,121.78000,119.84000,121.64000,1280400
1710250200,121.16000,122.94000,120.98000,122.65000,1551800
1710336600,122.65000,123.34000,121.96000,122.13000,1637700
1710423000,122.21000,122.52000,120.92000,121.57000,1674400
1710509400,121.33000,121.90000,119.79000,120.28000,5841100
1710768600,121.08000,121.60000,120.48000,120.54000,1214900
1710855000,120.44000,121.16000,120.02000,121.04000,1111400
1710941400,121.53000,123.54000,120.96000,123.00000,1500000
1711027800,123.34000,123.68000,122.30000,122.33000,2191100
1711114200,122.84000,122.84000,120.69000,120.84000,1426400
1711373400,120.57000,120.76000,118.41000,118.96000,1892800
1711459800,118.58000,119.80000,118.40000,119.58000,1723300
1711546200,120.71000,121.83000,120.14000,121.53000,1526300
1711632600,122.00000,122.97000,121.85000,122.80000,1618300
1711978200,123.00000,123.09000,121.25000,121.62000,2815200
1712064600,116.57000,122.58000,114.72000,122.08000,5003900
1712151000,122.02000,122.05000,119.23000,120.26000,2484900
1712237400,121.29000,121.81000,119.39000,119.99000,2029100
1712323800,120.01000,122.40000,119.87000,122.38000,2056100
1712583000,121.70000,124.11000,121.57000,123.85000,2647100
1712669400,124.81000,126.71000,124.33000,126.59000,2227500
1712755800,126.00000,126.20000,123.41000,124.52000,1914200
1712842200,124.78000,125.86000,122.83000,124.24000,1712400
1712928600,123.67000,124.10000,122.25000,123.00000,2004400
1713187800,124.17000,124.68000,122.25000,122.45000,2138100
1713274200,122.49000,122.76000,121.00000,121.14000,2000700
1713360600,121.49000,121.49000,119.07000,119.14000,2281300
1713447000,119.78000,119.78000,117.74000,117.79000,2297800
1713533400,117.79000,119.85000,117.79000,119.52000,2643300
1713792600,120.00000,122.02000,119.84000,121.23000,1912000
1713879000,121.23000,122.09000,120.71000,121.62000,1223700
1713965400,120.80000,122.68000,120.42000,122.52000,1806800
1714051800,123.41000,123.97000,121.27000,121.97000,1204300
1714138200,121.23000,122.19000,119.85000,119.97000,2400500
1714397400,120.28000,121.03000,120.09000,120.81000,1925900
1714483800,120.35000,120.47000,118.70000,118.81000,1687600
1714570200,118.87000,122.11000,118.87000,119.41000,1470900
1714656600,119.54000,119.61000,117.15000,118.45000,1478900
1714743000,119.27000,120.21000,118.87000,120.10000,1540500
1715002200,120.31000,120.70000,119.63000,120.63000,837900
1715088600,120.94000,122.02000,120.64000,121.79000,1070100
1715175000,121.99000,122.10000,120.24000,121.19000,875700
1715261400,120.45000,121.38000,120.09000,121.30000,1460000
1715347800,121.79000,122.62000,121.32000,122.55000,1063000
1715607000,122.97000,124.88000,122.94000,124.77000,1685900
1715693400,125.00000,126.21000,123.07000,123.71000,2451300
1715779800,124.31000,125.29000,124.05000,124.37000,1266300
1715866200,124.37000,125.63000,123.56000,125.19000,1455300
1715952600,125.10000,125.83000,124.14000,125.65000,2414700
1716211800,125.80000,125.81000,124.85000,125.57000,896500
1716298200,126.03000,126.03000,124.77000,125.90000,943800
1716384600,125.75000,127.48000,125.20000,126.98000,1736700
1716471000,126.70000,126.70000,125.50000,125.66000,2120600
1716557400,125.88000,126.85000,124.01000,124.23000,1354400
1716903000,123.79000,123.89000,119.48000,120.27000,2484800
1716989400,119.31000,120.64000,118.69000,118.75000,1327400
1717075800,119.00000,119.43000,118.13000,118.41000,1429200
1717162200,118.41000,120.61000,118.25000,120.16000,4177900
1717421400,120.14000,120.30000,118.72000,120.15000,1978400
1717507800,119.77000,122.26000,119.31000,121.57000,1266000
1717594200,121.71000,121.99000,120.10000,121.64000,1166400
1717680600,121.86000,122.81000,121.49000,121.83000,1177300
1717767000,121.30000,124.16000,121.30000,122.58000,1975900
1718026200,122.12000,122.48000,120.75000,121.94000,2717800
1718112600,121.81000,124.13000,121.62000,123.93000,2435600
1718199000,124.25000,124.51000,122.69000,122.82000,1889300
1718285400,122.12000,122.85000,121.25000,122.67000,1528200
1718371800,122.60000,122.85000,121.46000,121.99000,1144900
1718631000,121.52000,124.89000,120.80000,124.71000,1478000
1718717400,124.93000,125.56000,124.03000,125.46000,1181600
1718890200,125.29000,126.20000,124.84000,125.08000,2256800
1718976600,125.61000,126.19000,125.16000,125.96000,2828800
1719235800,126.22000,127.75000,125.59000,126.08000,1735900
1719322200,126.13000,126.48000,124.77000,125.03000,2485100
1719408600,125.00000,125.00000,117.31000,117.39000,5176200
1719495000,117.21000,118.19000,115.54000,117.84000,2609900
1719581400,117.57000,119.83000,117.52000,118.56000,6556900
1719840600,118.97000,120.14000,116.36000,117.00000,1727800
1719927000,116.77000,118.43000,116.23000,118.38000,1717800
1720013400,118.20000,118.38000,117.38000,117.43000,1072400
1720186200,117.73000,117.73000,116.33000,117.54000,1585800
1720445400,117.48000,118.00000,115.77000,116.17000,1601500
1720531800,116.01000,117.22000,115.80000,117.02000,1802100
1720618200,117.08000,117.08000,115.40000,116.97000,2368100
1720704600,116.84000,118.52000,116.57000,117.06000,1609300
1720791000,117.82000,118.85000,117.43000,118.30000,1453500
1721050200,118.58000,121.86000,118.58000,121.63000,1979700
1721136600,121.54000,124.31000,121.49000,124.28000,1791500
1721223000,124.58000,126.92000,124.57000,126.81000,3488800
1721309400,125.55000,128.17999,123.80000,124.24000,2757400
1721395800,124.48000,124.89000,122.31000,122.68000,1822200
1721655000,123.07000,123.64000,121.33000,122.98000,1586000
1721741400,122.38000,124.23000,122.13000,123.71000,1809400
1721827800,124.00000,124.09000,122.68000,123.24000,2784300
1721914200,124.10000,127.40000,123.77000,123.98000,1829000
1722000600,124.45000,126.19000,124.26000,125.75000,1371600
1722259800,126.01000,127.11000,125.24000,126.77000,971600
1722346200,127.18000,128.42000,127.07000,127.92000,1657900
1722432600,128.96001,129.92000,127.93000,128.02000,2494200
1722519000,127.40000,128.67999,125.61000,126.49000,2112500
1722605400,126.42000,127.52000,124.65000,127.28000,2415600
1722864600,127.81000,128.00000,124.29000,124.70000,2256900
1722951000,124.70000,126.82000,124.07000,125.22000,1547500
1723037400,125.01000,127.19000,123.08000,123.22000,1880300
1723123800,122.66000,124.95000,122.07000,124.37000,2028000
1723210200,124.17000,124.72000,123.00000,124.46000,1210000
1723469400,124.40000,124.68000,123.13000,123.75000,1751600
1723555800,123.68000,125.75000,123.35000,125.41000,1284100
1723642200,125.36000,125.65000,124.48000,125.10000,1637900
1723728600,125.29000,126.29000,125.29000,125.82000,1250100
1723815000,125.76000,125.76000,124.90000,125.20000,1171500
1724074200,125.20000,126.21000,124.69000,125.21000,1562500
1724160600,125.09000,125.73000,124.64000,125.25000,975200
1724247000,126.00000,127.10000,125.45000,127.03000,1616300
1724333400,127.58000,127.93000,126.78000,127.89000,1390800
1724419800,128.39000,130.14999,127.76000,130.00000,2120600
1724679000,130.87000,131.49001,130.11000,130.19000,1817500
1724765400,129.14000,130.53999,129.14000,130.10001,2022100
1724851800,130.64999,132.13000,129.56000,129.98000,1392400
1724938200,130.69000,131.42999,129.03999,129.55000,1135900
1725024600,129.92000,131.39000,129.20000,131.20000,1798900
1725370200,131.07001,133.12000,130.48000,131.92999,1604700
1725456600,132.05000,133.00000,131.08000,132.03999,988700
1725543000,132.10001,132.30000,129.34000,130.07001,1207100
1725629400,130.10001,131.09000,128.92000,129.38000,1359500
1725888600,130.07001,132.32001,129.39000,132.22000,1199500
1725975000,132.70000,134.27000,131.94000,134.12000,1226000
1726061400,133.14000,133.59000,129.20000,132.99001,2324700
1726147800,133.77000,134.47000,132.36000,134.19000,1567900
1726234200,134.09000,136.39999,133.97000,135.09000,1499700
1726493400,135.42000,137.39999,134.75000,135.19000,1244300
1726579800,135.03000,136.41000,134.75000,134.92999,1263400
1726666200,134.98000,135.46001,132.36000,132.50000,1444700
1726752600,134.35001,134.35001,132.25999,133.17000,1252600
1726839000,133.17000,134.46001,131.83000,133.25999,2411800
1727098200,133.86000,134.92000,132.89000,134.06000,1346300
1727184600,134.06000,134.06000,132.69000,133.63000,1693400
1727271000,134.03999,134.25999,132.38000,132.46001,1810000
1727357400,133.07001,133.69000,132.14000,132.99001,1544800
1727443800,133.42999,134.14999,132.72000,132.99001,1670700
1727703000,133.03999,134.82001,132.92000,134.19000,2812700
1727789400,137.69000,141.59000,132.17999,140.78999,5197900
1727875800,139.38000,142.03999,138.53999,140.75999,3208300
1727962200,139.96001,141.00000,138.77000,139.36000,2884900
1728048600,140.62000,140.67000,138.32001,138.64999,1776600
1728307800,137.88000,138.62000,136.97000,137.44000,1148000
1728394200,138.00000,138.57001,137.27000,138.16000,1079800
1728480600,138.23000,139.91000,137.95000,139.84000,1159100
1728567000,139.39000,139.86000,138.64000,139.28999,892800
1728653400,139.99001,140.08000,138.77000,138.89000,1498100
1728912600,139.10001,142.73000,138.58000,142.35001,1430300
1728999000,142.35001,144.17000,141.78999,142.30000,1499900
1729085400,142.00000,142.50000,140.82001,142.28000,1170500
1729171800,143.02000,143.22000,141.42000,142.32001,1279600
1729258200,142.34000,142.49001,141.17999,141.53000,1359700
1729517400,141.67999,141.91000,140.34000,141.09000,834000
1729603800,140.47000,141.64000,139.55000,141.34000,1305200
1729690200,140.47000,141.91000,140.00999,141.42999,1062200
1729776600,142.00000,142.47000,140.78000,141.67999,1171900
1729863000,142.35001,142.75999,140.19000,140.33000,1237600
1730122200,140.09000,140.62000,139.35001,140.27000,1514300
1730208600,140.03000,142.42000,139.27000,141.87000,2044500
1730295000,141.50000,142.47000,139.92999,141.39000,1435700
1730381400,141.53000,142.00999,139.30000,139.33000,1594200
1730467800,139.14000,140.14000,138.02000,139.09000,1182400
1730730600,140.17000,140.44000,138.92000,139.67999,1037600
1730817000,140.07001,140.39999,139.32001,139.75999,2108000
1730903400,143.34000,149.25999,142.14999,148.59000,3512300
1730989800,147.36000,147.52000,145.70000,146.56000,1593100
1731076200,147.38000,149.24001,146.24001,148.57001,2022200
1731335400,149.12000,150.71001,148.60001,148.73000,1325000
1731421800,148.42999,149.78000,147.94000,148.00000,2322900
1731508200,147.73000,148.20000,146.21001,146.53000,2653200
1731594600,146.03000,146.39999,145.32001,145.84000,1455200
1731681000,145.81000,145.81000,142.73000,142.96001,1631200
1731940200,143.35001,143.62000,141.61000,141.75999,1122500
1732026600,141.25999,141.83000,140.37000,140.66000,1353600
1732113000,140.16000,142.05000,139.70000,141.83000,1349000
1732199400,142.89000,144.19000,141.70000,144.09000,1089500
1732285800,144.42999,145.50999,143.70000,144.46001,1249600
1732545000,145.11000,145.87000,143.82001,145.25999,2018800
1732631400,146.00000,146.32001,144.97000,146.19000,1366800
1732717800,146.23000,147.42000,145.50999,145.71001,1018000
1732890600,145.49001,146.62000,145.37000,146.27000,730600
1733149800,146.37000,146.49001,144.62000,145.45000,1265700
1733236200,145.59000,145.74001,144.00000,144.49001,1453400
1733322600,145.17999,145.24001,143.55000,143.98000,1421300
1733409000,144.17000,144.50999,141.24001,142.39999,1414700
1733495400,142.92000,143.92000,142.66000,142.86000,2243200
1733754600,142.86000,143.19000,139.81000,140.95000,1692300
1733841000,140.85001,142.69000,139.81000,142.39000,2385000
1733927400,142.42000,143.16000,140.97000,141.24001,2179000
1734013800,141.34000,142.16000,139.56000,141.19000,1810300
1734100200,141.48000,141.87000,140.41000,140.98000,2138100
1734359400,141.99001,142.25000,140.74001,141.20000,2512400
1734445800,140.71001,142.28999,139.46001,140.28000,3513200
1734532200,139.36000,141.70000,135.84000,135.86000,4054000
1734618600,140.94000,142.67999,137.09000,137.81000,4199500
1734705000,136.58000,140.11000,136.58000,139.53999,4925600
1734964200,139.17000,139.59000,137.98000,139.34000,1514700
1735050600,139.35001,141.70000,139.10001,141.39000,885800
1735223400,141.07001,142.87000,140.80000,142.64000,2364200
1735309800,142.10001,142.98000,140.61000,141.27000,2032100
1735569000,140.66000,140.71001,138.31000,139.96001,1639200
1735655400,140.46001,140.97000,139.86000,140.22000,1265600
1735828200,141.39000,141.63000,138.21001,138.50000,1601600
1735914600,138.89000,140.12000,138.31000,139.67000,1284600
1736173800,137.53000,139.35001,135.02000,136.06000,2629000
1736260200,137.17000,140.24001,137.00000,139.25999,2279000
1736346600,139.95000,140.46001,138.14000,140.25000,2080000
1736519400,140.77000,141.03000,138.72000,139.06000,1904000
1736778600,138.73000,140.97000,138.33000,140.53000,1430500
1736865000,140.64000,142.30000,139.85001,141.71001,1729400
1736951400,143.00000,145.42000,142.03000,144.27000,3787300
1737037800,144.27000,147.25000,143.49001,146.84000,2263000
1737124200,149.46001,149.46001,146.19000,146.28999,2116000
1737469800,146.36000,147.22000,145.06000,145.66000,1483800
1737556200,145.62000,146.42999,144.67000,144.78000,1654200
1737642600,144.52000,145.37000,144.09000,144.75000,1331300
1737729000,144.16000,146.35001,144.16000,146.11000,1425400
1737988200,145.46001,148.58000,144.98000,148.03999,2446000
1738074600,148.17000,150.41000,147.38000,147.48000,1580300
1738161000,148.00000,148.55000,146.30000,146.89000,1801900
1738247400,147.21001,149.87000,147.21001,148.05000,1472600
1738333800,147.62000,148.97000,147.17000,147.67000,1766400
1738593000,147.27000,149.21001,146.28999,148.62000,1589300
1738679400,148.14000,149.89999,147.45000,149.50999,1664200
1738765800,149.96001,151.00999,148.66000,150.87000,1538300
1738852200,151.38000,151.72000,149.86000,150.00999,1536300
1738938600,149.16000,149.92999,146.55000,146.74001,1803400
1739197800,147.98000,147.98000,146.53999,147.00999,1331800
1739284200,146.31000,146.69000,145.46001,146.10001,1404100
1739370600,144.13000,147.33000,144.07001,146.95000,1377700
1739457000,146.94000,148.78000,146.49001,148.63000,1252200
1739543400,148.96001,149.28000,147.09000,147.25000,1052400
1739889000,147.66000,149.24001,147.20000,148.39999,1931000
1739975400,148.64999,150.17000,147.78000,150.03999,1094600
1740061800,149.64999,150.66000,149.35001,150.25999,1356200
1740148200,150.07001,150.14999,147.59000,148.50999,1674300
1740407400,148.61000,150.96001,148.31000,149.89000,2651000
1740493800,150.19000,151.86000,150.07001,151.00000,1769200
1740580200,150.42999,151.66000,149.03000,149.25999,1211700
1740666600,149.35001,150.61000,148.30000,148.75999,1678300
1740753000,150.06000,151.82001,149.38000,151.67000,2485500
1741012200,151.75999,154.48000,151.75999,153.37000,1790400
1741098600,154.42999,154.98000,151.78999,152.00000,3820000
1741185000,150.91000,153.25999,150.60001,152.10001,1867500
1741271400,151.25999,151.88000,147.86000,149.89000,2577100
1741357800,149.36000,154.05000,148.95000,153.48000,2253800
1741613400,153.48000,158.37000,153.34000,154.52000,3967500
1741699800,154.11000,154.42999,146.39000,146.50000,2955300
1741786200,145.55000,147.03999,143.83000,145.00999,2780500
1741872600,144.98000,145.84000,142.88000,143.56000,1977300
1741959000,143.36000,145.85001,143.25999,145.44000,1591300
1742218200,144.91000,148.44000,144.48000,147.99001,1897000
1742304600,146.47000,147.53000,145.62000,146.99001,1351100
1742391000,147.00999,147.89999,146.14999,147.53000,1722300
1742477400,146.74001,147.44000,145.03000,145.23000,1464000
1742563800,144.12000,144.53999,142.00999,143.02000,4764500
1742823000,143.63000,145.17000,143.33000,144.83000,2153500
1742909400,144.78000,145.78999,143.23000,144.13000,3388000
1742995800,148.81000,153.12000,144.52000,150.19000,4429800
1743082200,149.48000,152.13000,147.59000,151.83000,2640400
1743168600,152.32001,152.88000,150.10001,151.03000,2419700
1743427800,151.39999,154.71001,151.39999,154.28000,2910600
1743514200,154.07001,155.16000,152.96001,154.59000,1940800
1743600600,154.38000,155.25999,153.14999,154.94000,1422500
1743687000,154.91000,155.58000,152.48000,153.53000,2623500
1743773400,152.84000,153.05000,143.24001,143.32001,3049800
1744032600,140.80000,145.53999,136.82001,140.49001,4652000
1744119000,141.50999,142.58000,135.25999,137.00999,4456200
1744205400,135.44000,146.50000,135.00000,146.14999,5285600
1744291800,145.32001,146.48000,140.20000,144.41000,3099900
1744378200,144.48000,147.83000,141.50999,146.75000,1918200
1744637400,146.88000,149.53999,146.03999,149.07001,1720000
1744723800,148.82001,149.84000,147.44000,147.62000,1154300
1744810200,147.53999,148.23000,144.53999,145.57001,1559000
1744896600,146.30000,146.81000,144.59000,144.89999,2148200
1745242200,144.06000,144.50999,138.17000,140.39000,2653600
1745328600,142.00999,143.88000,141.45000,143.28999,1903400
1745415000,143.87000,145.59000,142.71001,143.22000,2870700
1745501400,143.00000,144.47000,140.58000,144.21001,1602800
1745587800,143.96001,143.96001,141.92999,143.21001,1395000
1745847000,143.21001,144.52000,142.32001,144.16000,2228900
1745933400,144.16000,147.21001,143.25000,146.41000,2131000
1746019800,144.73000,147.32001,141.92999,147.12000,2500100
1746106200,146.34000,147.53000,144.30000,146.61000,1785000
1746192600,148.25000,150.55000,147.50000,149.81000,1460400
1746451800,149.81000,150.78999,148.87000,149.45000,1345300
1746538200,148.85001,149.39999,147.74001,149.02000,1291700
1746624600,149.50999,151.09000,149.05000,150.32001,1610300
1746711000,151.53000,152.80000,150.53000,151.33000,1295300
1746797400,151.17000,152.05000,150.78999,151.64999,1120300
1747056600,153.28000,153.28000,150.10001,151.69000,2435100
1747143000,151.82001,152.50000,151.17999,151.25999,1456500
1747229400,150.46001,152.28999,149.47000,152.00999,1823500
1747315800,152.56000,154.50999,152.42999,154.42999,1549900
1747402200,154.19000,156.27000,153.67000,155.98000,1415500
1747661400,155.19000,158.25000,154.91000,158.19000,1628400
1747747800,157.58000,158.23000,156.86000,157.67000,1467000
1747834200,156.67000,157.50999,155.63000,156.22000,1217500
1747920600,156.19000,157.00999,155.27000,156.17999,1034400
1748007000,155.03999,156.56000,154.17000,156.09000,1085400
1748352600,157.50000,159.25000,156.88000,158.97000,1759800
1748439000,159.39000,159.75000,156.97000,156.99001,1484000
1748525400,157.05000,157.89999,156.21001,157.42000,1402400
1748611800,157.81000,158.81000,156.95000,157.91000,1993800
1748871000,157.10001,157.57001,155.48000,157.50000,1417400
1748957400,157.08000,158.36000,156.48000,158.25000,1459500
1749043800,157.95000,159.74001,157.52000,159.33000,1271100
1749130200,159.14999,159.92999,158.53000,159.31000,958800
1749216600,160.59000,161.24001,159.39000,159.78000,1005800
1749475800,159.13000,159.38000,155.92000,156.97000,1488000
1749562200,156.81000,157.50999,154.17999,155.31000,1462900
1749648600,155.57001,155.57001,153.44000,154.03999,1653500
1749735000,154.24001,154.25999,151.39000,153.49001,1492700
1749821400,152.57001,153.92000,152.10001,153.22000,2525400
1750080600,153.92000,154.89999,153.25999,153.67999,1665100
1750167000,153.67000,154.28999,151.92999,152.52000,1567100
1750253400,152.52000,152.84000,150.10001,150.32001,2910200
1750426200,150.32001,150.73000,148.60001,149.12000,3483500
1750685400,149.67999,151.35001,148.81000,151.25000,2337900
1750771800,151.30000,152.57001,150.19000,152.25000,4296500
1750858200,145.27000,146.00000,136.88000,137.94000,9294200
1750944600,138.50000,141.28999,138.10001,141.00999,3931500
1751031000,141.21001,144.56000,140.83000,143.94000,3850000
1751290200,143.99001,146.00000,142.94000,145.46001,4050200
1751376600,145.69000,148.75999,145.23000,147.42000,3666900
1751463000,146.66000,146.66000,143.27000,145.96001,3702000
1751549400,146.30000,147.25999,145.56000,147.13000,1540000
1751895000,147.23000,147.75999,145.27000,145.67000,3435900
1751981400,145.27000,146.17999,143.35001,144.91000,3500000
1752067800,145.13000,146.11000,144.16000,145.94000,2514400
1752154200,145.00999,146.10001,144.71001,145.31000,2792900
1752240600,145.17999,145.44000,142.78999,143.28999,1910300
1752499800,143.10001,144.50000,142.60001,144.31000,2416000
1752586200,143.63000,143.80000,140.64000,140.67999,2034400
1752672600,140.75999,142.52000,140.22000,142.25000,1760800
1752759000,142.25000,143.75999,142.10001,143.28999,1834500
1752845400,144.17000,144.17000,142.92999,143.46001,2487300
1753104600,142.38000,143.55000,142.07001,142.66000,1439900
1753191000,142.91000,145.49001,142.91000,144.58000,1585600
1753277400,144.44000,145.70000,143.91000,145.24001,1873300
1753363800,144.85001,146.66000,144.03000,146.39999,1698700
1753450200,146.92999,148.10001,145.89000,147.99001,1294600
1753709400,148.03999,148.11000,146.00000,146.25999,1447000
1753795800,146.73000,147.35001,145.03999,147.28999,2112100
1753882200,146.69000,148.00000,145.49001,145.91000,1749900
1753968600,144.78999,146.83000,144.07001,144.33000,2420700
1754055000,143.12000,143.58000,138.37000,139.34000,4235400
1754314200,139.44000,140.25000,138.62000,139.42999,2389400
1754400600,139.67000,139.95000,138.75999,139.17999,1976700
1754487000,139.60001,139.69000,138.22000,139.08000,2018000
1754573400,140.05000,141.06000,139.42000,140.52000,1885100
1754659800,140.30000,141.89000,140.25999,141.19000,1368000
1754919000,141.10001,141.59000,138.39000,138.60001,2521900
1755005400,138.59000,138.73000,134.81000,134.99001,3123400
1755091800,135.03999,138.81000,134.83000,138.61000,2584200
1755178200,138.38000,138.89000,137.25000,137.49001,1425000
1755264600,138.00000,138.94000,136.92000,138.25000,2672200
1755523800,138.33000,139.07001,137.23000,137.57001,1966100
1755610200,137.75999,139.60001,137.48000,139.00999,2117000
1755696600,139.88000,140.77000,138.44000,138.88000,2274300
1755783000,138.28000,138.71001,137.67000,138.41000,1609500
1755869400,139.17000,141.19000,138.84000,140.81000,2066300
1756128600,140.41000,140.56000,138.24001,138.50000,1707700
1756215000,138.17999,139.00000,137.60001,138.03999,3317500
1756301400,138.21001,139.34000,137.73000,138.64999,1852700
1756387800,138.75000,139.21001,137.88000,138.72000,1681400
1756474200,138.86000,139.53000,138.38000,139.46001,1715800
1756819800,138.69000,139.06000,135.21001,135.96001,2059200
1756906200,135.22000,136.03999,134.34000,135.63000,1549200
1756992600,135.53000,137.39000,134.78999,137.32001,1995600
1757079000,137.72000,138.19000,133.72000,135.44000,1898300
1757338200,135.63000,136.05000,134.58000,135.42999,2097700
1757424600,135.10001,135.78999,134.07001,134.41000,1388000
1757511000,133.89999,135.05000,132.44000,133.07001,1860500
1757597400,132.88000,135.75999,132.66000,135.46001,1698900
1757683800,135.09000,135.97000,134.67999,135.11000,1305400
1757943000,135.34000,135.78000,131.77000,131.97000,2195000
1758029400,131.96001,132.39999,130.24001,131.62000,2991400
1758115800,132.28000,134.14000,132.14999,132.46001,3784600
1758202200,131.84000,132.87000,130.94000,131.11000,3656200
1758288600,131.77000,131.96001,129.33000,130.00000,7782900
1758547800,128.60001,130.88000,128.23000,130.39999,4327300
1758634200,129.72000,130.64000,128.80000,129.30000,3847200
1758720600,128.94000,130.03000,128.17999,128.27000,3547400
1758807000,128.91000,129.30000,126.13000,126.69000,3168900
1758893400,127.16000,128.63000,126.71000,128.21001,3571300
1759152600,128.60001,130.32001,128.28999,128.53000,4663000
1759239000,121.61000,126.84000,119.02000,126.76000,6937500
1759325400,126.76000,127.00000,122.25000,124.01000,4875200
1759411800,123.63000,123.77000,121.83000,123.42000,2709200
1759498200,123.46000,124.88000,122.84000,124.61000,1970500
1759757400,124.96000,124.96000,123.26000,124.37000,2936000
1759843800,124.12000,127.06000,123.75000,127.02000,2437300
1759930200,126.75000,126.85000,125.49000,126.59000,2273700
1760016600,127.14000,127.14000,124.55000,125.21000,2325100
1760103000,125.81000,126.34000,124.93000,125.55000,2711800
1760362200,125.69000,127.72000,125.25000,127.42000,2867500
1760448600,127.55000,129.20000,127.08000,128.59000,2444100
1760535000,128.28000,129.24001,127.34000,127.52000,2546000
1760621400,127.75000,128.25999,125.88000,126.49000,2860600
1760707800,126.87000,127.26000,125.51000,126.56000,2461100
1760967000,126.75000,127.93000,125.30000,126.59000,2388000
1761053400,126.66000,128.78000,125.71000,127.54000,2380300
1761139800,127.22000,128.57001,126.51000,126.61000,2218300
1761226200,126.37000,126.96000,124.45000,124.75000,1993400
1761312600,125.11000,125.56000,124.21000,124.60000,4436800
1761571800,124.59000,125.29000,124.14000,125.01000,2646100
1761658200,124.51000,124.73000,123.02000,124.05000,2763600
1761744600,122.35000,122.50000,117.00000,117.40000,4919000
1761831000,117.77000,118.64000,116.82000,117.23000,2476200
1761917400,116.82000,118.01000,116.08000,117.03000,2754200
1762180200,116.58000,116.58000,113.47000,115.11000,2942700
1762266600,116.17000,116.41000,113.15000,115.14000,3262700
1762353000,115.14000,116.81000,114.31000,116.50000,3978600
1762439400,116.16000,117.03000,112.07000,112.82000,5031100
1762525800,112.51000,112.86000,110.70000,111.96000,3515000
1762785000,112.05000,112.65000,110.16000,111.48000,2397200
1762871400,111.33000,112.32000,110.84000,111.64000,2052900
1762957800,111.72000,111.98000,110.83000,111.08000,1731600
1763044200,110.69000,111.90000,109.99000,111.80000,3602200
1763130600,112.32000,112.63000,110.65000,112.10000,2927000
1763389800,111.87000,111.88000,110.00000,110.48000,2362700
1763476200,110.48000,111.34000,109.07000,109.96000,2552800
1763562600,109.92000,110.07000,108.00000,109.55000,2307700
1763649000,109.72000,109.99000,108.12000,108.46000,2164400
1763735400,108.44000,112.95000,108.44000,111.46000,4236100
1763994600,111.26000,111.57000,109.42000,109.91000,5405000
1764081000,110.15000,112.49000,109.99000,112.11000,2832400
1764167400,111.81000,112.03000,111.02000,111.41000,2203500
1764340200,111.40000,112.23000,111.24000,111.69000,1244900
1764599400,110.83000,111.77000,110.23000,110.54000,5147500
1764685800,110.94000,111.12000,109.75000,110.78000,4057600
1764772200,110.78000,113.62000,110.60000,113.39000,4278700
1764858600,113.63000,114.15000,111.28000,111.77000,2152400
1764945000,111.93000,113.60000,111.58000,112.06000,2463800
1765204200,111.90000,112.88000,111.05000,112.45000,3679700
1765290600,112.39000,113.45000,112.26000,112.74000,2835900
1765377000,112.59000,113.56000,112.23000,112.88000,4022400
1765463400,112.97000,114.98000,112.13000,114.63000,2594400
1765549800,115.20000,116.55000,114.93000,115.45000,4543300
1765809000,115.83000,116.52000,114.92000,115.38000,4444700
1765895400,115.14000,115.68000,114.35000,115.22000,4114100
1765981800,115.22000,117.83000,114.59000,116.70000,5109800
1766068200,116.36000,116.67000,113.46000,114.24000,6418200
1766154600,114.07000,114.12000,109.03000,112.28000,11297800
1766413800,112.83000,115.01000,112.74000,114.88000,2927400
1766500200,114.89000,114.99000,113.71000,114.10000,3155200
1766586600,113.92000,115.04000,113.74000,114.58000,1082000
1766759400,114.58000,114.96000,113.76000,114.19000,1586000
1767018600,114.19000,114.72000,113.48000,114.00000,1518000
1767105000,113.60000,113.97000,112.93000,113.39000,2200900
1767191400,113.16000,113.24000,112.08000,112.18000,1717700
1767364200,112.12000,112.20000,108.33000,108.60000,3214700
1767623400,108.60000,110.54000,107.80000,109.48000,3286100
1767709800,108.77000,111.69000,108.47000,111.22000,2639600
1767796200,111.29000,112.25000,110.96000,111.63000,2953300
1767882600,110.94000,114.71000,110.63000,114.25000,3165600
1767969000,113.99000,115.07000,113.30000,113.77000,2410600
1768228200,112.89000,113.99000,112.39000,112.69000,2055100
1768314600,112.29000,112.74000,108.91000,109.66000,2919600
1768401000,109.50000,110.88000,109.17000,110.29000,2257700
1768487400,110.75000,111.93000,110.00000,110.51000,1779400
1768573800,110.88000,111.43000,109.76000,111.18000,3421300
1768919400,110.60000,110.60000,107.31000,107.42000,3569000
1769005800,107.07000,108.73000,106.80000,107.19000,3600800
1769092200,107.43000,108.52000,107.00000,107.19000,4866000
1769178600,106.86000,107.86000,106.47000,106.63000,2629200
1769437800,107.12000,107.90000,105.29000,106.19000,2898500
1769524200,105.01000,105.55000,103.69000,104.94000,2928400
1769610600,102.78000,103.62000,102.09000,102.45000,4080400
1769697000,101.98000,103.58000,101.53000,102.23000,6082700
1769783400,101.95000,103.20000,101.05000,103.13000,4026300
1770042600,103.62000,103.92000,102.01000,102.47000,3111100
1770129000,100.42000,101.28000,97.09000,97.15000,6007800
1770215400,97.00000,99.34000,94.90000,98.48000,5376900
1770301800,99.19000,100.60000,96.75000,98.17000,3583500
1770388200,98.48000,99.81000,97.63000,98.53000,3403500
1770647400,98.52000,98.75000,96.51000,98.09000,4298800
1770733800,97.04000,99.56000,97.04000,99.03000,4655800
1770820200,98.25000,99.12000,94.08000,94.84000,5719000
1770906600,94.15000,94.70000,91.70000,92.47000,6212900
1770993000,93.31000,94.76000,92.28000,94.38000,4773800
1771338600,94.71000,95.99000,92.94000,93.27000,3632000
1771425000,93.60000,94.77000,92.84000,94.29000,2775100
1771511400,94.11000,94.56000,91.88000,92.34000,3273100
1771597800,92.21000,92.36000,90.32000,91.24000,5312500
1771857000,90.44000,90.55000,87.04000,87.39000,4910400
1771943400,87.36000,90.33000,86.89000,88.48000,4120900
1772029800,88.90000,91.31000,88.55000,91.23000,3503600
1772116200,91.99000,94.78000,91.56000,94.48000,5650100
1772202600,93.18000,94.25000,91.36000,93.65000,7012700
1772461800,92.90000,94.46000,92.13000,94.25000,3775300
1772548200,93.50000,96.37000,92.96000,95.56000,3043700
1772634600,95.23000,96.42000,94.82000,95.79000,2693900
1772721000,95.89000,98.67000,95.81000,98.38000,4169500
1772807400,97.57000,101.02000,96.31000,100.85000,5007900
1773063000,99.52000,99.79000,97.10000,98.30000,4489900
1773149400,97.80000,98.17000,94.17000,95.12000,3415000
1773235800,95.71000,96.63000,93.18000,94.00000,3439100
1773322200,94.11000,95.84000,91.65000,91.67000,3994300
1773408600,92.37000,92.75000,91.53000,92.61000,2914600
1773667800,92.67000,93.86000,92.50000,93.10000,2604500
1773754200,93.80000,95.09000,92.13000,92.43000,2817400
1773840600,91.35000,92.35000,90.57000,90.64000,3911600
1773927000,91.12000,93.48000,91.03000,91.71000,4642100
1774013400,91.34000,93.35000,91.07000,92.55000,11214900
1774272600,93.30000,94.66000,92.79000,93.50000,4935300
1774359000,92.86000,93.00000,89.98000,90.61000,5142200
1774445400,95.21000,95.49000,89.01000,93.36000,7975200
1774531800,93.07000,96.24000,93.02000,93.59000,5360200
1774618200,93.25000,93.25000,90.54000,91.68000,3583800
1774877400,91.66000,93.64000,91.56000,93.12000,3749000
1774963800,94.03000,94.50000,91.95000,92.12000,4515700
1775050200,91.74000,92.31000,89.69000,90.91000,5971000
1775136600,91.15000,92.29000,89.68000,91.70000,4514000
1775482200,91.37000,92.19000,90.57000,91.85000,2571700
1775568600,91.64000,92.87000,90.82000,91.61000,3039700
1775655000,91.72000,92.97000,89.65000,89.89000,3211500
1775741400,89.13000,89.21000,86.84000,87.86000,3493000
1775827800,87.80000,88.00000,85.45000,85.57000,3686500
1776087000,85.69000,89.47000,85.69000,89.32000,4436800
1776173400,89.32000,90.20000,88.62000,88.85000,2883600
1776259800,89.39000,91.06000,88.75000,90.26000,3088600
1776346200,91.22000,92.76000,90.88000,92.13000,3740300
1776432600,93.08000,93.30000,91.18000,91.96000,3215600
1776691800,91.96000,93.34000,91.59000,93.09000,3595900
1776778200,93.08000,95.40000,92.62000,93.68000,3294800
1776864600,93.38000,94.31000,92.54000,93.43000,3066800
1776951000,92.41000,92.62000,89.41000,90.95000,2545100
1777037400,90.43000,90.93000,89.19000,89.82000,3081300
1777296600,89.80000,91.11000,89.54000,89.93000,3032500
1777383000,91.37000,92.29000,90.17000,90.99000,3006800
1777469400,93.14000,94.11000,90.65000,94.05000,3692300
1777555800,92.92000,93.78000,91.82000,92.63000,3130700
1777642200,93.73000,94.55000,91.68000,93.02000,2198500
1777901400,93.05000,94.40000,92.02000,92.48000,2388400
1777987800,92.55000,93.10000,90.89000,92.85000,2816100
1778074200,91.64000,91.99000,90.54000,91.38000,4140200
1778160600,91.19000,95.06000,91.00000,94.26000,3964600
1778247000,93.69000,94.67000,92.00000,93.93000,2446500
1778506200,93.09000,94.37000,92.45000,93.88000,3404700
1778592600,94.71000,95.20000,92.81000,93.71000,3558500
1778679000,91.49000,91.81000,87.43000,89.92000,5243400
1778765400,89.97000,90.91000,88.65000,88.83000,2857400
1778851800,90.19000,91.97000,90.03000,91.54000,2921100
1779111000,91.38000,94.73000,90.76000,94.49000,3035400
1779197400,95.26000,97.12000,94.39000,94.48000,3276300
1779283800,93.36000,95.00000,91.67000,94.92000,2753900
1779370200,93.91000,94.92000,92.76000,94.25000,2315300
1779456600,94.25000,97.21000,94.25000,97.00000,2593000
1779802200,96.72000,96.84000,94.09000,94.80000,2959500
1779888600,94.74000,96.16000,94.08000,94.43000,2474600
1779975000,94.43000,95.96000,93.63000,95.51000,2270600
1780061400,95.51000,98.01000,95.19000,96.98000,5719700
1780320600,97.92000,102.92000,97.79000,102.44000,4135500
1780407000,99.92000,101.22000,98.63000,100.79000,2513100
1780493400,99.61000,100.18000,97.63000,98.45000,2446800
1780579800,100.89000,102.03000,99.21000,99.48000,2237400
1780666200,99.74000,101.33000,99.69000,100.53000,2410100
1780925400,99.46000,100.48000,98.57000,98.92000,3612200
1781011800,97.96000,100.54000,97.26000,100.28000,3369100
1781098200,100.28000,101.77000,98.91000,101.10000,2679600
1781184600,99.15000,100.94000,98.69000,99.27000,3147800
1781271000,99.27000,100.99000,98.11000,100.63000,2639300
1781530200,102.90000,103.30000,100.25000,100.90000,3593900
1781616600,101.16000,102.62000,99.17000,100.28000,3386400
1781703000,99.02000,100.85000,97.06000,97.58000,3603300
1781789400,97.89000,98.79000,95.96000,98.24000,7100900
1782135000,97.20000,98.35000,95.81000,95.93000,4519800
1782221400,97.91000,98.85000,97.55000,97.99000,4562300
1782307800,98.77000,98.85000,93.02000,96.30000,6388300
1782394200,96.21000,100.19000,95.69000,96.72000,4398700
1782480600,97.00000,100.14000,97.00000,99.90000,5596800
1782739800,100.89000,101.59000,98.80000,99.81000,3535400
1782826200,99.81000,100.03000,97.79000,98.33000,3174400
1782912600,100.86000,103.97000,100.31000,102.71000,4417700
1782999000,103.02000,106.51000,102.89000,106.35000,3656500
1783344600,106.28000,106.84000,104.65000,105.39000,2630400
1783431000,107.46000,109.73000,107.46000,108.12000,2883800
1783517400,108.07000,108.12000,105.86000,106.58000,2524500
1783603800,104.62000,106.90000,103.74000,106.26000,3575400
1783690200,107.46000,107.86000,106.49000,107.54000,2179700
1783949400,108.91000,111.64000,108.74000,110.75000,2352600
1784035800,107.99000,110.52000,107.49000,109.52000,2489800
1784122200,109.77000,112.34000,109.43000,110.00000,2475000
1784208600,111.47000,115.24000,111.47000,114.70000,3597000
1784295000,115.13000,117.72000,112.50000,114.39000,4269000
1784554200,113.87000,115.39000,112.58000,115.20000,2965200
1784640600,113.85000,114.77000,111.93000,111.96000,3011900
1784727000,113.13000,113.24000,110.10000,110.74000,3359300
1784813400,111.76000,111.82000,109.38000,110.66000,3283700
1784899800,111.23000,114.35000,110.64000,113.55000,2742900
1785159000,115.00000,116.90000,114.50000,115.48000,3451700
1785245400,116.64000,119.96000,116.64000,118.87000,5284200
1785331800,119.58000,124.74000,118.87000,122.13000,4863200
1785418200,119.06000,119.29000,113.69000,116.33000,3646700
1785504600,114.94000,117.28000,113.80000,116.84000,3286900
1785763800,118.75000,119.97000,116.98000,117.67000,2857200
1785850200,115.60000,118.97000,115.11000,118.66000,2989100
1785936600,119.24000,119.84000,116.11000,118.27000,2404600
1786023000,119.01000,120.25000,117.85000,120.13000,3573800
1786109400,119.44000,121.42000,119.06000,120.04000,1918500
1786368600,119.74000,121.24000,119.00000,121.18000,1603000
1786455000,119.69000,121.73000,119.42000,121.30000,2353300
1786541400,120.12000,121.05000,118.50000,120.37000,1907600
1786627800,121.54000,125.65000,120.86000,125.40000,2431000
1786714200,125.75000,125.90000,121.87000,122.02000,1670500
1786973400,120.67000,120.94000,118.48000,118.54000,2760200
1787059800,120.71000,122.44000,119.84000,119.93000,2240000
1787146200,120.11000,123.82000,120.10000,122.50000,2796900
1787232600,122.92000,124.17000,122.25000,122.91000,2574300
1787319000,122.92000,124.78000,121.73000,124.48000,2074700
1787578200,124.77000,127.09000,124.62000,126.01000,2340800
1787664600,124.91000,126.00000,124.04000,124.99000,1914600
1787751000,123.83000,125.63000,123.38000,124.88000,1111700
1787837400,124.57000,127.23000,124.16000,126.48000,1725800
1787923800,126.91000,127.92000,126.20000,127.04000,1546100
