time,open,high,low,close,tick_volume
1472477400,107.50000,108.01000,107.40000,107.99000,2576400
1472563800,107.92000,108.06000,107.03000,107.21000,3708100
1472650200,106.34000,106.88000,106.26000,106.75000,3995000
1472736600,106.46000,107.34000,106.29000,107.29000,3799000
1472823000,107.58000,108.25000,107.50000,107.87000,3671200
1473168600,107.79000,108.12000,107.40000,107.92000,2913300
1473255000,107.76000,107.97000,106.78000,107.21000,3260500
1473341400,107.10000,107.34000,106.49000,106.88000,3491400
1473427800,106.02000,106.19000,104.05000,104.05000,6134500
1473687000,104.30000,106.22000,104.30000,106.02000,4569400
1473773400,105.94000,105.95000,104.29000,104.59000,4597700
1473859800,104.82000,105.64000,104.60000,105.05000,4007800
1473946200,104.95000,105.72000,104.70000,105.48000,3598600
1474032600,105.00000,105.50000,104.58000,105.28000,4934100
1474291800,105.21000,106.12000,104.92000,105.67000,3439300
1474378200,106.10000,106.71000,105.96000,106.30000,3561700
1474464600,106.30000,107.37000,105.88000,107.13000,3913900
1474551000,107.49000,107.94000,107.31000,107.82000,3869400
1474637400,107.68000,107.99000,107.04000,107.34000,3235900
1474896600,107.24000,107.38000,106.87000,107.03000,4440400
1474983000,107.37000,107.87000,106.73000,107.49000,3779300
1475069400,107.91000,107.91000,106.86000,107.38000,5030500
1475155800,109.50000,109.71000,107.71000,107.76000,7249100
1475242200,108.37000,109.24000,108.37000,108.77000,7173300
1475501400,108.77000,108.83000,107.47000,108.25000,4566000
1475587800,108.31000,108.37000,106.58000,107.10000,5830100
1475674200,107.24000,107.49000,105.69000,106.01000,6297000
1475760600,105.73000,106.53000,105.46000,106.40000,4886000
1475847000,106.76000,106.92000,105.65000,105.99000,4398400
1476106200,106.45000,106.62000,105.82000,106.22000,3119300
1476192600,106.12000,106.21000,105.00000,105.57000,3814400
1476279000,105.87000,106.16000,105.50000,106.08000,3419800
1476365400,105.85000,106.17000,105.29000,105.92000,3582600
1476451800,106.07000,107.06000,105.78000,106.83000,4788600
1476711000,106.83000,107.07000,106.56000,106.85000,4104400
1476797400,107.45000,108.18000,106.94000,106.95000,3850000
1476883800,106.81000,107.01000,106.08000,106.26000,4330600
1476970200,106.11000,106.32000,105.58000,105.87000,3751600
1477056600,106.01000,106.01000,105.27000,105.62000,3615400
1477315800,106.12000,107.90000,106.12000,107.31000,5126000
1477402200,107.39000,107.63000,106.81000,107.23000,3756300
1477488600,107.49000,107.95000,106.95000,107.07000,3440700
1477575000,107.28000,107.54000,106.30000,106.63000,4205300
1477661400,106.90000,107.53000,106.52000,107.07000,3378900
1477920600,107.03000,107.43000,106.92000,107.20000,3141700
1478007000,107.14000,107.30000,106.12000,106.71000,4289600
1478093400,106.68000,107.44000,106.61000,106.71000,3679200
1478179800,107.07000,107.14000,106.52000,106.63000,3447700
1478266200,106.56000,106.97000,105.81000,105.81000,2897600
1478529000,106.66000,107.20000,106.38000,106.96000,5469100
1478615400,106.97000,108.93000,106.97000,108.72000,4671000
1478701800,106.45000,107.35000,105.00000,107.25000,6515800
1478788200,106.89000,106.89000,102.40000,103.25000,9095200
1478874600,103.00000,103.77000,102.57000,103.19000,5888400
1479133800,102.86000,103.34000,100.45000,101.39000,7248800
1479220200,101.40000,102.05000,100.82000,101.85000,5672300
1479306600,102.36000,102.90000,101.47000,101.71000,3962900
1479393000,101.81000,101.93000,101.18000,101.62000,4212600
1479479400,101.40000,101.80000,101.18000,101.31000,4919200
1479738600,101.31000,102.32000,101.31000,102.26000,3870800
1479825000,102.53000,103.00000,102.44000,102.89000,4540300
1479911400,102.52000,102.89000,101.46000,101.53000,4658400
1480084200,102.00000,102.91000,101.74000,102.17000,3644900
1480343400,102.27000,103.25000,101.90000,102.79000,5556900
1480429800,102.79000,103.05000,102.30000,102.54000,3886800
1480516200,101.51000,101.92000,100.10000,100.10000,8123500
1480602600,99.89000,100.05000,98.50000,99.03000,7123000
1480689000,99.40000,100.64000,99.40000,100.60000,4594600
1480948200,100.62000,100.91000,100.12000,100.71000,3961800
1481034600,101.08000,101.61000,100.81000,101.55000,4828400
1481121000,101.16000,102.93000,101.16000,102.81000,4873400
1481207400,102.14000,102.61000,102.00000,102.15000,3993900
1481293800,102.23000,104.05000,102.04000,103.57000,5040200
1481553000,103.82000,104.87000,103.67000,104.72000,4858400
1481639400,104.81000,106.01000,104.68000,105.63000,4508600
1481725800,105.88000,106.53000,104.21000,104.47000,5007500
1481812200,104.23000,105.57000,104.23000,105.30000,4179400
1481898600,105.55000,105.92000,105.13000,105.87000,7499300
1482157800,105.46000,105.87000,105.13000,105.41000,3683800
1482244200,104.89000,105.04000,104.37000,104.90000,4903400
1482330600,104.82000,105.69000,104.69000,104.70000,3245200
1482417000,104.55000,105.45000,104.25000,105.35000,2605000
1482503400,104.97000,105.25000,104.63000,105.09000,1769300
1482849000,105.09000,105.32000,104.99000,105.13000,1505000
1482935400,104.87000,105.10000,104.52000,104.62000,1878600
1483021800,104.50000,105.10000,104.48000,104.99000,2438100
1483108200,104.71000,105.15000,104.33000,104.63000,3484000
1483453800,104.94000,105.09000,104.21000,104.65000,3741200
1483540200,105.11000,105.63000,104.79000,104.85000,3029700
1483626600,104.52000,105.12000,104.19000,104.71000,5087200
1483713000,104.98000,105.16000,104.12000,104.56000,4109700
1483972200,104.16000,104.26000,103.25000,103.46000,5603500
1484058600,103.32000,103.32000,101.75000,101.97000,5399200
1484145000,101.84000,102.36000,101.41000,101.81000,4650300
1484231400,101.71000,102.52000,101.58000,101.84000,3126000
1484317800,101.88000,102.11000,101.22000,101.55000,3478600
1484663400,101.07000,102.32000,101.06000,102.19000,3745800
1484749800,102.40000,103.00000,102.32000,102.74000,4340400
1484836200,102.28000,103.00000,102.17000,102.36000,3923100
1484922600,102.79000,103.32000,102.44000,103.24000,4750800
1485181800,102.90000,104.22000,102.83000,104.01000,4584800
1485268200,104.00000,104.93000,103.78000,104.71000,4992300
1485354600,104.71000,105.19000,104.54000,104.61000,3566100
1485441000,104.51000,104.73000,104.07000,104.14000,3634600
1485527400,104.38000,104.41000,103.43000,103.48000,4248200
1485786600,103.01000,103.72000,103.00000,103.69000,3462600
1485873000,103.21000,104.17000,103.21000,103.78000,3846600
1485959400,103.61000,103.78000,102.98000,103.01000,3515600
1486045800,103.76000,104.39000,103.29000,104.03000,3213700
1486132200,104.44000,105.77000,104.06000,105.11000,4287100
1486391400,105.10000,105.24000,104.53000,104.57000,4355200
1486477800,104.63000,105.90000,104.63000,105.61000,3980400
1486564200,105.50000,106.23000,105.25000,105.69000,3407100
1486650600,105.69000,106.49000,105.02000,105.97000,4012400
1486737000,105.83000,106.35000,105.59000,106.10000,2475500
1486996200,106.50000,106.69000,105.88000,106.52000,3463700
1487082600,106.17000,107.00000,105.67000,106.92000,5665000
1487169000,105.35000,107.25000,104.77000,106.73000,7617200
1487255400,107.15000,108.18000,106.32000,108.12000,5559900
1487341800,107.29000,108.30000,107.21000,108.15000,5498400
1487687400,108.07000,109.50000,107.95000,109.36000,5370700
1487773800,109.37000,109.78000,109.17000,109.41000,3815300
1487860200,109.12000,110.00000,109.12000,109.54000,3382700
1487946600,109.50000,109.92000,109.33000,109.83000,3991800
1488205800,109.69000,109.88000,109.23000,109.27000,3475100
1488292200,109.05000,110.60000,109.05000,110.38000,4684700
1488378600,109.60000,110.32000,109.17000,109.73000,4750700
1488465000,109.81000,110.32000,109.43000,110.11000,3880800
1488551400,110.10000,110.67000,109.65000,110.56000,4111300
1488810600,109.80000,110.19000,109.43000,109.63000,4491000
1488897000,109.16000,109.77000,109.00000,109.32000,4361100
1488983400,109.17000,109.33000,108.47000,109.30000,5244500
1489069800,109.60000,109.61000,108.91000,109.02000,4066900
1489156200,109.58000,109.71000,109.28000,109.59000,3488900
1489411800,109.32000,109.80000,109.03000,109.41000,3131200
1489498200,109.28000,109.73000,109.12000,109.34000,3630000
1489584600,109.56000,111.23000,109.50000,111.11000,4973400
1489671000,111.09000,111.20000,110.53000,111.14000,4580700
1489757400,111.48000,111.52000,110.93000,111.39000,6444400
1490016600,111.15000,111.44000,110.81000,111.15000,3382100
1490103000,111.54000,112.31000,111.47000,111.77000,5587700
1490189400,112.31000,112.38000,111.57000,112.02000,3882200
1490275800,111.95000,112.33000,111.67000,111.78000,3208400
1490362200,111.98000,112.25000,111.79000,112.12000,3913200
1490621400,111.87000,112.29000,111.57000,111.83000,3514600
1490707800,111.81000,112.76000,111.64000,112.45000,3945400
1490794200,112.06000,112.54000,111.97000,112.43000,2683700
1490880600,112.29000,112.55000,112.00000,112.18000,2104900
1490967000,112.31000,112.47000,111.83000,111.86000,3744400
1491226200,111.95000,112.36000,111.46000,111.86000,3587100
1491312600,111.99000,112.22000,111.63000,112.08000,2360700
1491399000,112.04000,112.59000,111.69000,111.94000,2992000
1491485400,112.12000,112.28000,111.42000,111.58000,2740600
1491571800,111.70000,111.96000,111.44000,111.61000,2799600
1491831000,111.70000,112.15000,111.41000,112.02000,2873200
1491917400,111.71000,112.08000,111.35000,111.73000,3031500
1492003800,112.05000,113.77000,111.90000,113.61000,6260300
1492090200,113.25000,113.38000,112.65000,112.68000,3257300
1492435800,112.74000,113.32000,112.68000,113.32000,2917700
1492522200,113.44000,114.61000,113.40000,114.28000,4574200
1492608600,114.42000,114.49000,113.48000,113.62000,3044700
1492695000,113.52000,113.97000,113.39000,113.59000,2973000
1492781400,113.55000,113.80000,113.27000,113.43000,3885300
1493040600,114.36000,114.48000,113.91000,114.32000,3221500
1493127000,114.21000,114.57000,114.00000,114.16000,3643600
1493213400,111.75000,113.76000,111.34000,113.33000,5343900
1493299800,113.10000,113.44000,112.51000,112.64000,4096200
1493386200,112.34000,113.43000,112.19000,113.28000,4872000
1493645400,112.93000,113.11000,112.27000,112.28000,4074300
1493731800,112.75000,112.89000,112.07000,112.29000,3082400
1493818200,112.39000,112.71000,111.70000,111.79000,3342600
1493904600,112.17000,113.00000,111.81000,112.96000,3488800
1493991000,113.04000,113.28000,112.74000,113.22000,3046100
1494250200,113.20000,113.43000,112.78000,113.22000,3097200
1494336600,113.24000,113.41000,112.55000,112.72000,2708200
1494423000,112.70000,112.87000,112.48000,112.84000,2160100
1494509400,112.64000,113.09000,112.53000,113.04000,2277200
1494595800,112.93000,113.30000,112.72000,112.91000,2383500
1494855000,112.90000,114.00000,112.77000,113.94000,3500300
1494941400,114.06000,114.66000,113.59000,113.79000,2444300
1495027800,113.79000,114.29000,113.32000,113.74000,2999300
1495114200,113.78000,114.28000,113.29000,114.03000,3439500
1495200600,114.17000,114.50000,113.46000,113.69000,5750100
1495459800,113.69000,115.00000,113.69000,114.70000,3324000
1495546200,114.71000,115.44000,114.71000,115.05000,3261300
1495632600,115.31000,116.33000,115.12000,116.06000,2816000
1495719000,116.36000,117.68000,116.15000,117.53000,3596200
1495805400,117.25000,118.00000,117.20000,117.91000,3104800
1496151000,117.74000,118.12000,117.50000,118.01000,3231600
1496237400,116.91000,117.94000,116.87000,116.87000,5232900
1496323800,116.80000,117.26000,116.06000,117.23000,4404900
1496410200,117.46000,117.70000,117.04000,117.67000,3162900
1496669400,117.39000,117.97000,117.05000,117.88000,2968800
1496755800,117.78000,117.94000,117.46000,117.70000,2643200
1496842200,117.17000,117.57000,116.82000,117.05000,3681100
1496928600,117.05000,117.08000,115.59000,115.89000,3956700
1497015000,115.66000,116.13000,115.36000,115.94000,3197700
1497274200,115.94000,116.62000,115.94000,116.23000,3492100
1497360600,115.47000,116.59000,115.47000,116.32000,2760000
1497447000,116.91000,118.06000,116.83000,117.37000,3597200
1497533400,117.00000,117.48000,116.51000,117.21000,3372700
1497619800,117.37000,117.40000,116.30000,116.86000,5156200
1497879000,117.02000,117.29000,116.23000,117.29000,2436600
1497965400,117.29000,118.14000,117.18000,117.95000,3703500
1498051800,117.78000,118.24000,117.24000,117.42000,3767100
1498138200,117.33000,117.41000,116.05000,116.15000,3288100
1498224600,116.21000,117.37000,116.09000,116.96000,3453400
1498483800,117.42000,117.83000,117.06000,117.12000,2704000
1498570200,117.24000,117.38000,115.94000,115.94000,2884300
1498656600,116.52000,116.87000,116.20000,116.38000,3110600
1498743000,116.07000,116.20000,114.89000,115.18000,3474400
1498829400,115.53000,116.11000,115.30000,115.49000,3313300
1499088600,115.55000,116.00000,115.34000,115.44000,2250800
1499261400,115.50000,115.55000,114.88000,115.30000,4023100
1499347800,114.97000,115.42000,114.85000,115.13000,4007000
1499434200,115.41000,115.66000,114.83000,115.51000,3972500
1499693400,115.92000,116.00000,114.20000,114.27000,5771200
1499779800,113.34000,113.98000,112.25000,113.74000,6368500
1499866200,114.49000,114.98000,114.28000,114.77000,3885200
1499952600,114.95000,115.04000,113.92000,114.02000,3089400
1500039000,114.26000,115.12000,114.25000,114.93000,2956400
1500298200,114.94000,115.16000,114.84000,114.93000,2481300
1500384600,114.85000,115.15000,114.39000,115.01000,2694800
1500471000,115.01000,115.35000,114.63000,115.34000,2578200
1500557400,115.34000,116.06000,115.11000,115.51000,3518100
1500643800,115.78000,116.67000,115.38000,116.63000,3476400
1500903000,116.50000,116.67000,116.09000,116.13000,3681300
1500989400,116.63000,116.78000,116.14000,116.45000,3075100
1501075800,116.30000,117.42000,116.15000,117.19000,3305600
1501162200,117.33000,118.06000,116.62000,117.34000,2954800
1501248600,117.31000,117.47000,116.20000,116.61000,3276300
1501507800,116.53000,116.86000,116.18000,116.61000,3098600
1501594200,116.69000,116.78000,115.90000,115.92000,2946100
1501680600,115.73000,115.98000,115.14000,115.61000,2626400
1501767000,115.73000,116.66000,115.68000,116.30000,2986200
1501853400,116.32000,116.49000,115.87000,116.37000,2955200
1502112600,116.45000,117.22000,116.38000,116.96000,2569600
1502199000,116.80000,116.95000,116.37000,116.71000,2412600
1502285400,116.49000,116.70000,115.96000,116.63000,2513800
1502371800,116.35000,116.84000,116.08000,116.38000,2236000
1502458200,116.75000,117.25000,116.35000,116.51000,2759700
1502717400,117.36000,118.18000,117.01000,117.84000,3191700
1502803800,117.88000,119.15000,117.85000,118.97000,2749800
1502890200,118.96000,119.36000,118.82000,119.10000,2373900
1502976600,119.00000,119.39000,118.25000,118.39000,3096900
1503063000,118.29000,118.43000,117.40000,117.60000,3776500
1503322200,117.80000,118.46000,117.55000,118.26000,2119500
1503408600,118.25000,118.70000,117.65000,117.92000,2313700
1503495000,117.90000,118.12000,117.23000,117.29000,2616300
1503581400,117.26000,117.30000,116.03000,116.22000,4760000
1503667800,116.74000,116.90000,115.80000,115.85000,3442500
1503927000,116.12000,116.29000,115.08000,115.54000,2932700
1504013400,115.55000,116.10000,115.51000,115.84000,2348700
1504099800,115.13000,115.42000,114.91000,115.15000,2491800
1504186200,115.24000,115.84000,114.93000,115.73000,4709500
1504272600,115.38000,116.09000,115.15000,115.84000,2591900
1504618200,115.95000,116.06000,115.41000,115.87000,2711400
1504704600,116.17000,116.47000,115.64000,116.35000,2617500
1504791000,116.65000,117.29000,116.39000,116.99000,2623800
1504877400,116.40000,116.48000,114.57000,115.04000,4818300
1505136600,115.08000,115.89000,114.76000,115.69000,3247900
1505223000,115.69000,115.95000,114.86000,115.00000,2998500
1505309400,114.87000,115.17000,114.00000,114.45000,5141500
1505395800,114.44000,114.55000,113.70000,114.19000,3456900
1505482200,114.74000,114.98000,114.11000,114.85000,5543000
1505741400,115.17000,115.23000,114.68000,114.99000,2441200
1505827800,115.06000,115.12000,114.36000,114.49000,2568300
1505914200,114.34000,114.65000,112.74000,113.58000,4059800
1506000600,113.21000,113.82000,112.54000,112.80000,3630900
1506087000,112.56000,112.87000,111.81000,111.85000,3746300
1506346200,112.04000,112.14000,111.42000,111.94000,3885000
1506432600,112.23000,112.30000,111.73000,111.81000,2953800
1506519000,111.72000,111.88000,110.34000,111.10000,4016200
1506605400,111.37000,112.73000,111.19000,111.64000,11581100
1506691800,111.87000,112.03000,111.21000,111.43000,5122300
1506951000,109.91000,110.52000,108.96000,109.12000,8306400
1507037400,109.42000,109.65000,108.89000,109.13000,6064400
1507123800,106.94000,110.16000,106.19000,109.34000,9092400
1507210200,109.66000,110.99000,109.55000,110.45000,5670400
1507296600,110.17000,110.67000,109.92000,110.40000,3240300
1507555800,110.59000,110.93000,109.79000,110.01000,1977800
1507642200,110.28000,110.86000,110.28000,110.78000,3032300
1507728600,110.90000,111.81000,110.77000,111.51000,4051100
1507815000,111.51000,112.51000,111.38000,112.45000,3287200
1507901400,112.73000,112.98000,112.18000,112.62000,3090500
1508160600,112.93000,113.63000,112.69000,113.57000,2675900
1508247000,113.22000,113.56000,111.66000,112.19000,3825200
1508333400,111.95000,112.44000,111.78000,111.95000,2590500
1508419800,111.62000,112.79000,111.60000,112.67000,2673700
1508506200,113.01000,113.02000,111.38000,111.61000,3772300
1508765400,111.64000,112.45000,111.40000,111.69000,2263200
1508851800,111.84000,111.87000,110.28000,110.75000,3351100
1508938200,110.43000,110.53000,109.18000,110.07000,3836900
1509024600,110.67000,111.24000,110.41000,110.73000,2865000
1509111000,110.41000,110.85000,109.93000,110.60000,3343200
1509370200,110.36000,110.37000,109.36000,109.65000,2206100
1509456600,110.24000,110.77000,109.95000,110.23000,4379400
1509543000,109.76000,110.68000,109.61000,110.13000,2822400
1509629400,109.91000,110.18000,109.54000,110.05000,2169800
1509715800,110.14000,110.65000,110.00000,110.22000,1725700
1509978600,109.97000,110.00000,109.19000,109.26000,3331800
1510065000,109.15000,110.58000,109.15000,110.47000,3882000
1510151400,110.57000,112.04000,110.50000,112.00000,3685300
1510237800,111.35000,112.44000,111.02000,111.48000,2856900
1510324200,111.44000,112.98000,111.31000,112.75000,3699500
1510583400,112.69000,114.19000,112.64000,114.04000,3194500
1510669800,113.69000,116.19000,113.59000,115.76000,4998900
1510756200,115.65000,115.93000,114.31000,115.10000,3861500
1510842600,115.39000,115.84000,114.94000,115.23000,3058100
1510929000,114.73000,115.14000,114.53000,114.68000,2646400
1511188200,114.75000,115.85000,114.71000,114.91000,3594300
1511274600,114.99000,116.33000,114.97000,116.05000,3179300
1511361000,115.77000,116.00000,114.28000,115.08000,3598500
1511533800,115.65000,116.30000,115.43000,115.90000,1183000
1511793000,116.00000,116.40000,115.66000,115.85000,2818900
1511879400,116.26000,116.83000,115.30000,116.77000,3600400
1511965800,116.84000,117.38000,116.29000,116.84000,3276300
1512052200,116.52000,117.21000,116.08000,116.52000,5984000
1512138600,116.50000,116.85000,115.04000,116.78000,4956600
1512397800,117.00000,118.20000,116.62000,117.46000,4403000
1512484200,117.63000,117.94000,117.18000,117.59000,3198600
1512570600,117.83000,118.91000,117.64000,118.90000,3203500
1512657000,118.52000,118.64000,116.55000,116.73000,5409500
1512743400,116.52000,116.60000,115.90000,116.57000,3127500
1513002600,116.33000,117.44000,115.56000,117.39000,2429400
1513089000,118.22000,118.37000,117.12000,117.40000,2664600
1513175400,117.51000,118.21000,117.48000,117.80000,3193900
1513261800,117.94000,118.60000,117.73000,118.02000,4057800
1513348200,118.57000,119.36000,118.45000,119.22000,7173500
1513607400,119.30000,119.74000,118.00000,118.05000,3472700
1513693800,118.75000,119.39000,118.23000,118.61000,3942500
1513780200,118.66000,119.12000,117.56000,119.02000,4273400
1513866600,119.45000,119.57000,117.84000,118.26000,2790000
1513953000,118.60000,118.75000,118.17000,118.60000,2045600
1514298600,118.41000,119.24000,118.41000,118.89000,2156300
1514385000,118.87000,119.40000,118.80000,119.30000,2465100
1514471400,119.33000,119.53000,119.05000,119.35000,1999300
1514557800,119.46000,120.57000,119.42000,119.92000,3116400
1514903400,119.93000,120.18000,117.93000,118.06000,4165800
1514989800,117.91000,118.47000,117.64000,117.75000,4224000
1515076200,117.80000,119.11000,117.60000,118.33000,3147000
1515162600,118.41000,119.09000,118.25000,118.67000,2714200
1515421800,118.21000,118.74000,117.67000,117.99000,5730400
1515508200,118.26000,118.98000,117.95000,118.08000,4573600
1515594600,118.13000,118.36000,116.70000,117.48000,3363900
1515681000,117.64000,117.85000,116.38000,116.88000,3685200
1515767400,116.95000,118.01000,116.85000,117.38000,4335500
1516113000,117.20000,118.35000,117.03000,117.86000,4936500
1516199400,118.29000,120.17000,118.21000,119.18000,4554600
1516285800,119.09000,119.62000,118.65000,119.05000,6221800
1516372200,119.48000,120.68000,118.64000,120.17000,6002600
1516631400,120.10000,121.85000,120.00000,121.51000,4308600
1516717800,121.07000,122.51000,120.85000,121.30000,3536900
1516804200,121.24000,121.48000,120.82000,121.14000,3445200
1516890600,120.61000,121.45000,120.36000,120.90000,2712900
1516977000,120.61000,121.84000,120.61000,121.76000,3993900
1517236200,121.38000,122.16000,119.65000,119.67000,3854700
1517322600,119.68000,121.20000,119.50000,119.89000,4945200
1517409000,119.84000,120.75000,119.51000,120.30000,4018100
1517495400,119.92000,121.01000,119.28000,120.30000,3485600
1517581800,119.91000,120.28000,118.40000,118.67000,3348900
1517841000,118.57000,119.66000,114.41000,114.46000,5347600
1517927400,112.44000,113.95000,110.15000,113.56000,6642600
1518013800,113.97000,115.77000,112.75000,113.50000,4931400
1518100200,113.70000,113.72000,110.09000,110.15000,4907900
1518186600,110.81000,111.99000,108.88000,111.18000,5301700
1518445800,111.90000,112.75000,111.06000,111.93000,4759200
1518532200,112.00000,112.67000,110.68000,112.14000,5274700
1518618600,111.67000,111.90000,108.76000,109.11000,7702700
1518705000,109.53000,111.04000,108.72000,110.97000,5125200
1518791400,111.06000,111.70000,109.76000,111.06000,5578500
1519137000,110.96000,110.98000,109.34000,109.48000,3835500
1519223400,109.35000,109.84000,107.94000,108.00000,4501900
1519309800,108.33000,109.97000,108.02000,109.26000,5394700
1519396200,109.36000,110.05000,108.57000,109.68000,4760400
1519655400,110.12000,111.17000,110.03000,110.94000,5355400
1519741800,111.19000,112.08000,110.71000,110.89000,6385800
1519828200,111.00000,111.65000,109.68000,109.73000,4638900
1519914600,109.21000,109.88000,107.24000,108.12000,6896300
1520001000,107.91000,109.32000,107.90000,109.04000,4903600
1520260200,108.46000,109.60000,108.02000,109.43000,3781700
1520346600,109.36000,109.62000,108.44000,109.58000,3380800
1520433000,108.89000,110.06000,108.61000,109.84000,4612600
1520519400,110.03000,112.13000,109.58000,112.08000,5437700
1520605800,112.27000,112.57000,111.64000,112.54000,3680600
1520861400,112.50000,113.09000,112.08000,112.75000,4509600
1520947800,113.27000,113.90000,112.72000,113.60000,4590000
1521034200,113.57000,113.77000,112.23000,112.61000,4055700
1521120600,112.40000,113.25000,111.66000,111.99000,3906800
1521207000,112.33000,113.20000,111.58000,111.64000,7730800
1521466200,111.65000,111.99000,110.05000,110.36000,4216700
1521552600,110.75000,111.30000,109.83000,109.90000,3319000
1521639000,109.89000,110.08000,108.53000,108.74000,3867600
1521725400,108.45000,109.67000,107.80000,107.94000,4325500
1521811800,108.09000,108.74000,105.94000,106.15000,4873300
1522071000,106.68000,107.47000,106.09000,106.81000,4119400
1522157400,107.23000,108.54000,106.51000,107.64000,5036300
1522243800,108.14000,110.11000,108.00000,109.18000,6413000
1522330200,110.12000,110.66000,108.97000,109.15000,3829500
1522675800,108.62000,109.22000,106.44000,107.05000,4325500
1522762200,107.39000,108.53000,106.59000,108.19000,4699000
1522848600,107.78000,110.73000,107.24000,110.18000,4694200
1522935000,110.43000,111.18000,109.75000,110.57000,3275700
1523021400,110.06000,110.98000,108.77000,109.30000,3579100
1523280600,109.54000,110.45000,108.78000,109.38000,2620000
1523367000,109.74000,110.20000,108.92000,109.40000,2817000
1523453400,108.57000,109.47000,108.42000,108.68000,4000200
1523539800,108.96000,109.51000,108.27000,108.31000,2691700
1523626200,108.85000,109.46000,108.52000,109.26000,2828300
1523885400,109.75000,110.64000,109.52000,109.92000,2769800
1523971800,108.69000,109.08000,107.98000,108.87000,5022000
1524058200,108.97000,109.36000,106.46000,106.98000,6525500
1524144600,106.71000,106.94000,105.08000,105.57000,6320200
1524231000,105.45000,105.60000,102.27000,102.48000,8650000
1524490200,102.55000,102.80000,101.84000,102.58000,6670600
1524576600,102.62000,102.85000,100.97000,101.44000,5695500
1524663000,101.21000,102.36000,100.85000,101.15000,4828300
1524749400,102.25000,104.08000,101.15000,103.26000,5978800
1524835800,102.22000,102.99000,101.65000,101.71000,4765900
1525095000,101.85000,102.39000,100.58000,100.94000,5479900
1525181400,100.36000,100.93000,98.57000,99.13000,4543900
1525267800,99.16000,99.36000,97.03000,97.23000,5927700
1525354200,97.48000,98.09000,96.70000,97.60000,6668200
1525440600,97.55000,99.77000,97.50000,98.99000,5937000
1525699800,98.98000,99.31000,98.07000,98.23000,3475400
1525786200,97.91000,97.99000,96.43000,96.79000,5333700
1525872600,97.19000,97.52000,95.94000,96.16000,6201500
1525959000,96.43000,97.74000,96.40000,97.27000,3100600
1526045400,97.58000,98.26000,96.88000,97.43000,3507300
1526304600,97.69000,97.73000,96.73000,97.15000,4307900
1526391000,96.61000,97.24000,96.36000,96.80000,6555700
1526477400,96.64000,97.55000,96.55000,97.19000,5544700
1526563800,97.55000,97.99000,97.15000,97.92000,6531100
1526650200,98.31000,98.45000,97.32000,97.51000,6894000
1526909400,98.22000,99.98000,98.06000,99.51000,6678100
1526995800,99.78000,100.46000,99.43000,99.93000,6807600
1527082200,99.93000,100.60000,99.61000,100.45000,6249900
1527168600,100.31000,100.58000,99.76000,100.18000,4696700
1527255000,100.18000,101.11000,99.90000,100.31000,5324300
1527600600,100.00000,101.29000,100.00000,101.10000,8302600
1527687000,101.66000,102.24000,101.09000,101.83000,6256600
1527773400,101.15000,101.30000,99.66000,100.25000,8270100
1527859800,100.54000,100.93000,99.65000,100.25000,4414200
1528119000,100.77000,101.09000,100.03000,100.12000,3932000
1528205400,100.46000,100.96000,99.88000,100.21000,4851900
1528291800,100.40000,100.86000,99.82000,100.83000,3946700
1528378200,100.51000,101.51000,100.33000,101.16000,5052900
1528464600,101.18000,102.61000,101.18000,102.49000,4795500
1528723800,102.61000,103.41000,102.27000,103.21000,3984500
1528810200,103.23000,104.55000,102.82000,104.48000,5075900
1528896600,104.16000,105.60000,104.16000,105.27000,7553500
1528983000,105.26000,105.36000,104.43000,105.13000,4812600
1529069400,105.10000,107.75000,104.82000,107.61000,10573000
1529328600,107.01000,107.21000,104.83000,105.38000,5964400
1529415000,105.49000,106.68000,105.22000,105.96000,5504400
1529501400,105.73000,106.11000,105.36000,105.81000,4601400
1529587800,106.57000,107.43000,106.30000,107.24000,6550700
1529674200,107.24000,108.67000,107.14000,108.37000,5709400
1529933400,107.71000,109.59000,107.71000,108.99000,5183000
1530019800,109.05000,109.17000,107.47000,108.05000,5034100
1530106200,108.37000,108.96000,107.62000,108.27000,6229200
1530192600,108.42000,109.30000,108.30000,108.68000,4297400
1530279000,108.72000,109.50000,107.80000,108.87000,4721400
1530538200,108.70000,110.00000,108.31000,109.53000,4711900
1530624600,108.58000,109.57000,108.06000,108.80000,3769100
1530797400,108.91000,109.62000,108.00000,109.55000,4870400
1530883800,109.49000,110.02000,108.97000,109.56000,4387300
1531143000,109.13000,109.30000,107.52000,107.76000,7866400
1531229400,110.62000,113.00000,109.68000,112.89000,16107200
1531315800,112.64000,112.94000,112.10000,112.54000,5521400
1531402200,112.54000,112.71000,110.97000,111.53000,5500100
1531488600,111.68000,112.79000,111.62000,112.69000,4417100
1531747800,112.56000,113.12000,111.75000,112.96000,5413600
1531834200,113.47000,115.03000,113.47000,114.88000,6783800
1531920600,114.92000,115.00000,113.89000,114.83000,5379000
1532007000,114.77000,116.59000,114.75000,115.77000,9241300
1532093400,115.75000,116.79000,115.22000,116.01000,27559700
1532352600,115.52000,115.98000,113.58000,114.39000,7769300
1532439000,114.14000,114.92000,113.85000,114.74000,5095100
1532525400,114.94000,115.67000,114.50000,115.21000,4762300
1532611800,116.14000,116.90000,114.88000,115.00000,5096300
1532698200,114.77000,115.35000,114.03000,114.28000,4563700
1532957400,113.78000,114.59000,113.67000,114.18000,3621800
1533043800,114.66000,115.49000,114.11000,115.00000,4892100
1533130200,114.42000,114.53000,113.23000,113.61000,4169000
1533216600,113.60000,114.93000,113.09000,114.69000,4167200
1533303000,114.77000,116.70000,114.37000,116.30000,3934500
1533562200,117.25000,118.44000,116.90000,117.38000,6704800
1533648600,116.45000,116.45000,113.53000,114.22000,6919600
1533735000,114.52000,114.85000,113.47000,113.49000,5172900
1533821400,114.12000,114.12000,113.38000,113.70000,4115400
1533907800,113.59000,113.97000,112.57000,112.87000,3711900
1534167000,112.81000,113.14000,112.01000,113.02000,3170100
1534253400,112.70000,113.49000,112.11000,113.10000,3836700
1534339800,112.76000,113.74000,112.25000,113.45000,6513300
1534426200,113.74000,114.73000,113.37000,114.25000,4504600
1534512600,114.00000,115.09000,114.00000,114.96000,3391600
1534771800,114.99000,115.85000,114.60000,114.84000,3676000
1534858200,115.25000,115.25000,113.65000,113.72000,4667700
1534944600,113.70000,113.82000,111.96000,112.24000,3860900
1535031000,112.17000,112.23000,111.51000,111.93000,4508800
1535117400,111.87000,112.53000,111.80000,112.15000,3677700
1535376600,112.58000,112.77000,111.83000,112.41000,3155700
1535463000,112.22000,112.45000,110.89000,111.17000,5229400
1535549400,111.30000,112.12000,111.22000,112.05000,2403200
1535635800,111.87000,112.23000,111.55000,111.96000,2119100
1535722200,111.77000,112.58000,111.26000,112.01000,4248800
1536067800,111.82000,112.09000,110.45000,111.00000,4576300
1536154200,110.76000,113.17000,110.70000,113.12000,4392100
1536240600,112.00000,113.53000,111.44000,113.50000,4808300
1536327000,112.85000,113.50000,111.51000,112.74000,3833800
1536586200,112.92000,113.99000,112.70000,113.57000,3289700
1536672600,111.85000,113.75000,111.85000,113.33000,2807300
1536759000,113.31000,114.23000,113.04000,113.85000,3651400
1536845400,114.49000,115.01000,113.69000,114.99000,3808100
1536931800,114.89000,114.89000,113.72000,114.57000,2698300
1537191000,114.60000,115.45000,114.22000,115.40000,3092600
1537277400,115.48000,115.48000,113.69000,113.98000,4081200
1537363800,113.95000,114.24000,113.46000,113.77000,2844900
1537450200,114.23000,115.51000,114.11000,115.22000,3375900
1537536600,115.26000,115.52000,114.84000,114.91000,6989500
1537795800,114.10000,114.72000,112.20000,112.27000,3387400
1537882200,112.64000,112.75000,111.76000,111.97000,3538700
1537968600,112.27000,112.86000,111.31000,111.50000,4053500
1538055000,111.43000,112.40000,110.91000,111.05000,3841500
1538141400,111.54000,112.05000,110.91000,111.80000,5945300
1538400600,112.15000,112.48000,110.67000,110.71000,5064700
1538487000,110.45000,111.11000,107.70000,108.72000,6702200
1538573400,109.21000,109.71000,107.17000,107.52000,6107500
1538659800,106.85000,107.40000,105.80000,106.61000,4930300
1538746200,106.25000,107.01000,105.98000,106.49000,3438100
1539005400,106.36000,108.34000,106.31000,108.19000,3994100
1539091800,108.68000,108.94000,107.52000,108.12000,4105600
1539178200,107.59000,109.35000,107.20000,107.34000,5796200
1539264600,108.21000,108.48000,104.90000,105.06000,5755100
1539351000,105.30000,105.76000,104.53000,105.28000,4543000
1539610200,105.20000,106.65000,105.17000,105.63000,3805700
1539696600,106.31000,107.69000,105.84000,107.39000,4061600
1539783000,107.21000,108.78000,107.19000,108.31000,4495900
1539869400,108.48000,109.35000,107.55000,107.93000,4093700
1539955800,108.59000,110.60000,108.49000,110.29000,5109000
1540215000,110.09000,110.89000,109.24000,109.40000,5477700
1540301400,108.93000,110.53000,108.32000,110.13000,4484100
1540387800,110.20000,114.16000,109.95000,112.96000,8222900
1540474200,112.96000,113.27000,111.42000,112.85000,6712900
1540560600,111.62000,112.06000,109.69000,110.45000,5872800
1540819800,111.29000,113.31000,111.14000,112.89000,5706000
1540906200,113.75000,114.23000,112.60000,113.77000,4900400
1540992600,113.49000,113.49000,111.19000,112.38000,6449500
1541079000,112.00000,113.14000,110.98000,111.51000,5736700
1541165400,111.49000,112.10000,109.63000,111.17000,6705700
1541428200,111.69000,114.44000,111.28000,114.39000,5270400
1541514600,114.03000,115.35000,113.86000,115.21000,3913400
1541601000,115.45000,115.77000,114.44000,115.61000,4219600
1541687400,115.38000,116.50000,115.25000,116.06000,2925100
1541773800,116.08000,117.71000,116.08000,117.48000,5026300
1542033000,117.00000,118.32000,116.71000,116.97000,4781900
1542119400,117.75000,117.75000,116.21000,117.14000,3609900
1542205800,117.44000,117.48000,116.27000,116.65000,4423800
1542292200,116.43000,116.99000,115.60000,116.80000,4045700
1542378600,117.05000,118.48000,116.84000,118.35000,4484300
1542637800,118.08000,119.52000,117.97000,119.01000,4673900
1542724200,119.80000,120.28000,115.78000,116.00000,5087800
1542810600,115.89000,116.89000,114.92000,115.28000,3245000
1542983400,114.78000,116.57000,114.78000,115.41000,1444700
1543242600,115.88000,116.43000,114.99000,115.86000,2972500
1543329000,115.37000,116.53000,114.90000,116.44000,2884700
1543415400,115.98000,118.52000,115.57000,118.50000,3989400
1543501800,118.40000,118.87000,117.44000,118.27000,2878700
1543588200,118.13000,122.00000,118.13000,121.94000,8051100
1543847400,120.48000,120.91000,117.51000,118.98000,6112600
1543933800,119.37000,120.61000,117.45000,117.80000,7018200
1544106600,116.31000,117.38000,114.10000,116.84000,5191700
1544193000,116.37000,116.98000,115.38000,115.82000,4615500
1544452200,116.40000,116.62000,114.46000,116.19000,4150600
1544538600,116.90000,118.19000,116.68000,117.29000,5545100
1544625000,118.34000,118.59000,116.41000,117.00000,4889700
1544711400,117.14000,118.89000,117.11000,118.35000,6181200
1544797800,117.32000,117.55000,113.67000,113.95000,7404200
1545057000,114.37000,115.07000,112.20000,112.87000,6015300
1545143400,113.22000,113.53000,110.75000,111.84000,5846200
1545229800,112.63000,113.19000,109.63000,110.04000,6915400
1545316200,110.20000,111.93000,109.20000,110.21000,8468300
1545402600,110.96000,114.16000,108.81000,109.42000,13263600
1545661800,110.13000,111.09000,105.96000,106.03000,3354000
1545834600,106.22000,108.44000,105.03000,108.33000,4537000
1545921000,107.77000,109.47000,106.03000,109.42000,5175900
1546007400,110.09000,111.10000,109.22000,110.36000,5410300
1546266600,110.58000,111.09000,109.32000,110.48000,5019100
1546439400,109.15000,110.02000,108.23000,109.28000,4835400
1546525800,108.91000,110.15000,108.05000,108.26000,5975900
1546612200,109.54000,110.60000,108.24000,110.48000,6293900
1546871400,110.01000,110.38000,108.65000,109.53000,5220300
1546957800,110.14000,110.80000,109.42000,110.58000,6407700
1547044200,110.33000,110.87000,107.49000,107.49000,8521300
1547130600,107.41000,108.34000,107.36000,108.15000,7905000
1547217000,107.86000,108.50000,107.64000,108.16000,5939000
1547476200,107.85000,107.96000,106.96000,107.32000,5804600
1547562600,107.46000,109.07000,106.73000,108.99000,4508000
1547649000,108.99000,109.05000,107.70000,108.34000,4953500
1547735400,108.14000,109.47000,108.09000,109.22000,4612200
1547821800,109.97000,110.30000,109.17000,110.07000,5142700
1548167400,109.86000,110.23000,108.78000,109.91000,5298200
1548253800,109.68000,110.79000,109.51000,110.73000,5197400
1548340200,110.31000,110.31000,108.41000,109.50000,4478000
1548426600,110.15000,110.59000,109.04000,109.35000,5074800
1548685800,108.96000,109.60000,108.00000,108.82000,4055900
1548772200,108.93000,109.62000,108.51000,109.00000,4301500
1548858600,108.94000,111.24000,108.54000,110.82000,5023800
1548945000,110.97000,112.90000,110.21000,112.67000,6183400
1549031400,112.95000,113.28000,111.45000,112.19000,5010500
1549290600,112.21000,113.40000,111.85000,113.09000,3665000
1549377000,113.03000,113.54000,112.49000,112.90000,4593400
1549463400,113.41000,113.58000,112.30000,113.05000,4209400
1549549800,112.82000,113.16000,112.16000,113.09000,4227700
1549636200,112.93000,113.04000,111.93000,113.02000,3868300
1549895400,113.16000,113.58000,112.64000,112.97000,4851100
1549981800,113.23000,114.50000,112.22000,113.79000,6765300
1550068200,114.11000,114.73000,113.63000,114.12000,5528000
1550154600,113.00000,113.00000,111.88000,112.59000,6359200
1550241000,115.85000,116.28000,114.11000,115.91000,8889500
1550586600,116.80000,116.97000,115.20000,115.93000,5596100
1550673000,115.75000,116.64000,115.41000,115.83000,6038900
1550759400,115.50000,116.93000,115.47000,116.10000,4825900
1550845800,116.11000,116.77000,115.59000,116.76000,4865400
1551105000,117.17000,117.30000,115.71000,116.06000,3755900
1551191400,116.37000,116.50000,115.43000,115.97000,4074600
1551277800,115.54000,115.70000,114.41000,115.37000,4175100
1551364200,114.74000,116.22000,114.21000,115.64000,5586300
1551450600,115.86000,116.37000,115.23000,116.18000,3629100
1551709800,116.55000,116.93000,115.50000,116.17000,4383100
1551796200,115.98000,116.82000,115.66000,116.03000,3785400
1551882600,115.78000,116.83000,115.58000,116.66000,4770700
1551969000,116.21000,117.33000,115.70000,116.10000,4858300
1552055400,115.83000,116.26000,114.26000,115.23000,5003300
1552311000,115.30000,116.71000,114.98000,116.59000,4821600
1552397400,116.75000,117.21000,116.01000,116.57000,4356400
1552483800,116.88000,117.56000,116.46000,116.58000,5968600
1552570200,116.86000,116.98000,115.45000,115.50000,8986600
1552656600,115.68000,116.53000,115.37000,115.66000,18194200
1552915800,116.17000,117.39000,116.05000,117.27000,9476000
1553002200,117.36000,118.75000,117.25000,118.09000,6751700
1553088600,118.07000,119.48000,117.35000,118.32000,5733500
1553175000,118.01000,119.67000,118.01000,119.44000,4305600
1553261400,119.50000,121.29000,119.45000,120.72000,6668100
1553520600,120.26000,121.29000,120.08000,120.85000,4275400
1553607000,121.46000,122.16000,121.26000,122.02000,4583000
1553693400,122.46000,123.19000,121.19000,121.89000,5318500
1553779800,121.89000,122.47000,121.59000,121.84000,3694700
1553866200,122.29000,122.76000,121.27000,122.55000,5758800
1554125400,122.59000,122.89000,121.59000,122.00000,5025700
1554211800,121.90000,122.26000,121.56000,121.68000,3242600
1554298200,121.68000,122.23000,120.74000,121.56000,4534400
1554384600,121.81000,122.13000,121.17000,121.47000,3022500
1554471000,121.35000,121.67000,120.82000,121.62000,3971500
1554730200,121.72000,122.04000,121.21000,122.00000,3140100
1554816600,121.74000,122.20000,120.85000,122.17000,3864400
1554903000,122.35000,122.70000,121.66000,122.04000,2681100
1554989400,122.36000,122.75000,121.17000,121.67000,3399700
1555075800,121.53000,122.33000,121.15000,122.23000,3501100
1555335000,122.44000,124.00000,122.36000,123.66000,4419800
1555421400,123.22000,123.82000,121.89000,122.41000,5263700
1555507800,125.00000,127.11000,123.84000,127.01000,7318200
1555594200,128.23000,128.25999,126.73000,127.09000,6331200
1555939800,126.77000,127.24000,125.88000,126.44000,3707000
1556026200,126.68000,127.54000,126.12000,127.09000,4464100
1556112600,127.41000,127.98000,126.67000,126.92000,3517200
1556199000,125.65000,126.40000,125.18000,126.13000,4433700
1556285400,126.52000,127.25000,126.12000,126.40000,3033800
1556544600,126.14000,126.96000,126.02000,126.69000,2793400
1556631000,127.05000,128.39000,126.34000,128.05000,4963600
1556717400,127.85000,128.00000,127.01000,127.24000,3810800
1556803800,127.24000,127.55000,126.17000,126.83000,2875900
1556890200,127.10000,128.17999,126.92000,127.67000,2854900
1557149400,127.30000,127.63000,126.76000,127.27000,2883900
1557235800,126.64000,126.95000,125.18000,125.98000,3558900
1557322200,125.80000,126.74000,124.95000,126.02000,3844700
1557408600,125.77000,126.54000,124.85000,126.05000,3127200
1557495000,126.14000,128.28000,125.62000,128.00999,3720400
1557754200,127.02000,127.94000,126.63000,127.16000,4297200
1557840600,127.56000,128.50999,127.29000,127.41000,5150300
1557927000,127.10000,129.87000,127.10000,129.35001,3751900
1558013400,129.37000,130.75000,128.75999,130.27000,4812900
1558099800,129.92000,130.87000,129.64999,130.50999,4011700
1558359000,130.03999,130.45000,129.55000,129.99001,3965600
1558445400,130.58000,130.58000,128.85001,129.05000,4080800
1558531800,129.10001,130.64000,128.95000,130.07001,3588000
1558618200,129.60001,130.89999,129.50999,129.97000,3901400
1558704600,130.33000,130.48000,128.96001,129.50000,2702700
1559050200,129.50000,129.89999,127.36000,127.63000,8806000
1559136600,127.58000,128.31000,126.84000,128.17000,5502700
1559223000,128.14999,128.91000,127.78000,128.61000,2710300
1559309400,128.00000,128.45000,126.99000,128.00000,4191200
1559568600,127.86000,129.16000,127.49000,128.98000,3588700
1559655000,129.75000,129.81000,128.02000,129.07001,4242400
1559741400,129.22000,131.60001,128.86000,131.39000,5084200
1559827800,131.08000,132.27000,130.56000,131.98000,5528000
1559914200,132.84000,134.71001,132.59000,133.47000,6332700
1560173400,133.17999,133.67999,132.36000,133.59000,2957900
1560259800,134.06000,134.34000,132.69000,133.20000,3553600
1560346200,134.00999,134.44000,132.66000,133.14000,3302800
1560432600,133.45000,133.78999,131.85001,132.94000,2851400
1560519000,133.00999,133.53999,132.56000,132.73000,3291800
1560778200,132.72000,133.24001,131.89000,132.52000,2725800
1560864600,134.42000,134.42000,131.86000,132.06000,4378200
1560951000,132.06000,133.28999,131.33000,132.85001,4349900
1561037400,133.87000,134.45000,133.34000,134.16000,3847500
1561123800,134.16000,134.56000,133.63000,133.96001,7696300
1561383000,134.64999,135.24001,133.94000,134.14000,3685800
1561469400,133.98000,134.48000,133.53999,133.81000,4176300
1561555800,133.06000,133.77000,132.30000,132.32001,6024100
1561642200,132.25000,132.44000,131.38000,131.69000,4750900
1561728600,132.28000,132.41000,130.75999,131.13000,6318500
1561987800,131.99001,132.28999,131.07001,131.87000,3544800
1562074200,132.09000,132.64999,131.35001,132.42999,3233300
1562160600,132.98000,134.09000,132.77000,133.99001,2859200
1562333400,132.89000,133.49001,131.55000,133.02000,3356000
1562592600,133.10001,133.39000,132.03999,132.56000,5854500
1562679000,133.00000,133.39999,130.72000,131.74001,8233200
1562765400,132.39999,134.46001,131.87000,134.41000,6141500
1562851800,134.21001,134.74001,133.35001,134.35001,3944200
1562938200,134.00000,134.42999,132.61000,133.28000,4481200
1563197400,133.60001,134.16000,132.55000,134.14999,3077900
1563283800,134.08000,135.24001,133.05000,133.80000,4019700
1563370200,133.92000,134.28000,132.47000,132.78000,4105100
1563456600,132.61000,133.20000,131.52000,132.88000,3698600
1563543000,133.17000,133.19000,130.00999,130.09000,5022000
1563802200,130.49001,130.81000,129.63000,130.28000,4411700
1563888600,131.13000,132.24001,130.41000,130.74001,4145800
1563975000,131.20000,131.20000,128.62000,129.21001,4669700
1564061400,128.63000,129.53000,128.39000,128.99001,3335200
1564147800,129.44000,131.42000,128.71001,131.22000,4580800
1564407000,131.50000,132.06000,131.17999,131.53000,4533400
1564493400,131.34000,132.08000,130.23000,130.48000,3367900
1564579800,130.48000,130.48000,126.24000,127.81000,5757600
1564666200,128.96001,129.39999,126.77000,127.14000,6199400
1564752600,127.10000,128.82001,126.50000,127.92000,5573300
1565011800,128.35001,129.14999,123.88000,124.40000,6192800
1565098200,124.78000,127.00000,124.38000,126.45000,6258600
1565184600,126.40000,128.34000,124.63000,127.78000,6149000
1565271000,128.10001,129.75000,127.00000,129.47000,3702100
1565357400,129.71001,129.74001,127.32000,128.60001,2929500
1565616600,128.45000,129.14999,127.87000,128.35001,2920800
1565703000,128.28000,130.38000,127.94000,129.92999,4088200
1565789400,129.52000,130.53000,128.80000,129.12000,6232700
1565875800,129.66000,131.22000,129.39999,130.72000,3701800
1565962200,131.42000,132.32001,130.64000,131.75999,3405000
1566221400,132.07001,132.85001,131.94000,132.57001,3101200
1566307800,132.80000,133.10001,131.92999,132.06000,3160300
1566394200,132.91000,133.64000,131.62000,132.34000,2936900
1566480600,131.75000,132.92999,131.32001,132.66000,2484200
1566567000,132.45000,133.35001,129.53999,130.27000,4239500
1566826200,130.82001,133.75000,130.59000,133.74001,3954100
1566912600,134.20000,135.36000,133.67999,134.75999,7187800
1566999000,134.50000,135.34000,134.28000,135.19000,3972600
1567085400,135.61000,136.44000,134.52000,136.02000,3045200
1567171800,136.11000,137.11000,135.75999,136.73000,3742800
1567517400,136.35001,137.67000,135.88000,137.46001,2989800
1567603800,137.81000,139.17999,137.25000,139.14999,3201700
1567690200,138.80000,138.80000,135.55000,135.98000,4994600
1567776600,136.92999,137.42000,136.02000,137.37000,3051600
1568035800,136.39999,136.67999,135.42999,136.39999,4062100
1568122200,135.74001,136.50999,134.67999,135.86000,4175000
1568208600,135.27000,136.78999,134.88000,136.36000,5005100
1568295000,136.74001,138.28999,136.74001,137.28999,4146900
1568381400,136.08000,136.95000,135.67999,136.44000,4008200
1568640600,136.39000,136.50000,134.38000,134.88000,2953600
1568727000,134.96001,136.31000,134.50999,135.70000,4013300
1568813400,135.81000,136.00000,134.10001,135.50000,2647800
1568899800,135.41000,135.84000,135.08000,135.48000,2804500
1568986200,135.00000,135.75999,134.48000,134.71001,6671100
1569245400,134.96001,135.75000,134.96001,135.44000,3346500
1569331800,136.25000,136.45000,134.58000,135.36000,4798500
1569418200,135.21001,135.66000,134.50999,135.09000,3579500
1569504600,135.87000,136.33000,135.00999,135.72000,4309600
1569591000,136.24001,136.24001,134.67000,135.60001,3559400
1569850200,136.07001,137.73000,135.87000,137.10001,3705200
1569936600,136.92999,137.94000,136.09000,137.37000,3638900
1570023000,136.89000,137.38000,133.49001,133.94000,5728600
1570109400,138.44000,139.75000,136.50000,137.92999,8829700
1570195800,137.84000,140.45000,137.62000,140.28000,5278700
1570455000,139.28999,139.61000,137.97000,138.34000,4273300
1570541400,137.64999,138.45000,137.08000,137.24001,4074900
1570627800,137.32001,138.17000,136.83000,137.85001,3065300
1570714200,137.11000,138.25000,136.64000,137.89000,2191000
1570800600,138.08000,138.70000,137.09000,137.64000,2761400
1571059800,137.84000,138.30000,137.24001,137.45000,2371500
1571146200,137.48000,137.95000,136.16000,136.33000,3369300
1571232600,136.14000,136.49001,135.58000,136.42000,2812000
1571319000,137.07001,137.62000,136.60001,136.96001,2322500
1571405400,137.27000,137.37000,136.23000,136.25000,3630400
1571664600,136.34000,136.74001,135.66000,136.12000,2829400
1571751000,136.64999,137.35001,136.31000,136.66000,3248100
1571837400,136.61000,137.50000,136.61000,137.45000,2323600
1571923800,137.70000,138.11000,136.78999,137.89000,2292500
1572010200,137.78000,137.92000,136.23000,136.64000,2520000
1572269400,136.55000,137.55000,136.14999,136.57001,3212600
1572355800,136.83000,137.12000,135.94000,136.08000,2550300
1572442200,135.86000,137.28999,135.41000,136.89999,2653700
1572528600,136.80000,137.53000,136.10001,137.17000,4492300
1572615000,137.55000,138.34000,136.70000,136.92999,3054900
1572877800,136.80000,137.10001,134.73000,135.16000,3202400
1572964200,134.83000,135.10001,132.60001,134.00999,4300800
1573050600,134.50000,134.88000,133.55000,134.44000,3645600
1573137000,134.41000,134.50000,133.12000,133.32001,3338700
1573223400,133.28999,134.13000,132.57001,133.13000,2604000
1573482600,133.03000,133.03000,131.97000,132.39000,2227200
1573569000,132.67999,132.67999,131.59000,131.98000,3246500
1573655400,132.63000,133.57001,132.00999,133.28999,3166600
1573741800,133.60001,133.91000,132.73000,133.33000,2141900
1573828200,133.66000,133.92000,132.80000,133.81000,3648700
1574087400,134.00000,135.69000,133.91000,134.06000,3619700
1574173800,134.64999,135.06000,134.07001,134.57001,3019100
1574260200,134.31000,135.20000,133.39999,133.74001,3047700
1574346600,133.42999,134.21001,133.09000,133.91000,3391200
1574433000,133.92000,134.53000,133.02000,134.07001,3014900
1574692200,134.66000,134.78000,133.21001,133.83000,3612400
1574778600,134.28999,135.87000,133.87000,135.70000,4947400
1574865000,135.70000,136.52000,135.33000,135.91000,2476100
1575037800,136.06000,136.42000,135.25999,135.83000,2978400
1575297000,136.64999,136.64999,134.44000,135.88000,3866300
1575383400,136.66000,136.66000,134.32001,135.46001,5000000
1575469800,134.95000,137.37000,134.53999,137.30000,4228200
1575556200,136.19000,136.53999,135.27000,136.34000,3351800
1575642600,136.67000,137.69000,136.34000,137.36000,3216900
1575901800,137.14999,138.03999,137.00000,137.16000,3882900
1575988200,137.61000,137.61000,136.17000,136.27000,2940200
1576074600,137.05000,137.53999,136.32001,137.10001,3339100
1576161000,136.80000,137.89999,136.75000,137.17999,3502100
1576247400,136.92999,138.25000,136.19000,137.94000,3557900
1576506600,136.95000,137.52000,136.16000,137.06000,4701000
1576593000,137.05000,137.44000,135.69000,136.17000,5491800
1576679400,137.05000,137.30000,135.63000,135.97000,5370500
1576765800,136.22000,136.74001,135.95000,136.47000,3641700
1576852200,137.41000,138.13000,135.16000,137.92000,10311300
1577111400,137.69000,138.13000,136.84000,137.03999,2992900
1577197800,137.09000,137.38000,136.27000,136.89000,1220600
1577370600,136.86000,137.34000,136.10001,136.69000,2934700
1577457000,136.88000,137.58000,136.63000,137.53999,2554000
1577716200,136.70000,137.97000,136.48000,136.81000,3024700
1577802600,136.69000,137.25999,136.03000,136.67000,3229400
1577975400,136.87000,137.23000,135.14000,135.82001,3784100
1578061800,135.46001,136.78999,135.13000,135.63000,4000100
1578321000,135.30000,136.32001,135.20000,136.14999,4085100
1578407400,136.00000,136.07001,133.95000,134.00999,5718100
1578493800,134.46001,135.36000,134.07001,134.70000,3681400
1578580200,135.28999,135.38000,134.53000,134.78999,3954700
1578666600,135.17000,135.42000,134.39000,134.53000,3099500
1578925800,134.64999,136.59000,134.63000,136.53000,5127200
1579012200,136.17999,136.94000,135.70000,136.85001,4159700
1579098600,137.03999,139.25000,136.80000,139.20000,5002600
1579185000,139.35001,140.16000,138.60001,139.61000,4977900
1579271400,140.10001,141.32001,139.89999,141.25999,6908700
1579617000,140.61000,142.12000,140.34000,141.86000,4440000
1579703400,141.81000,143.57001,141.72000,143.38000,5366100
1579789800,143.09000,143.85001,142.37000,143.64999,3915700
1579876200,143.83000,144.14999,142.45000,142.92000,2791500
1580135400,141.64999,143.36000,141.05000,142.14000,3895300
1580221800,142.13000,142.92000,141.75999,142.44000,2908300
1580308200,142.00000,142.45000,141.17000,141.73000,3263200
1580394600,142.32001,143.96001,141.52000,143.83000,4058500
1580481000,143.81000,144.64999,141.57001,142.02000,4753100
1580740200,142.77000,143.07001,141.84000,142.50999,3977800
1580826600,143.20000,144.06000,142.10001,143.22000,3494300
1580913000,143.67999,144.59000,143.42999,144.30000,3504900
1580999400,144.64000,145.30000,144.07001,144.33000,3571400
1581085800,144.25999,145.72000,143.83000,145.37000,3138500
1581345000,145.92999,146.42000,145.13000,145.66000,3775600
1581431400,146.21001,146.36000,144.87000,146.08000,3870500
1581517800,146.67999,146.74001,145.35001,146.08000,4217400
1581604200,145.25000,147.13000,143.52000,146.47000,5041400
1581690600,146.57001,147.14999,145.94000,146.99001,3555600
1582036200,147.11000,147.20000,145.39999,145.60001,4938700
1582122600,145.62000,146.48000,145.49001,145.53000,2978800
1582209000,145.77000,145.80000,143.95000,145.16000,2805900
1582295400,145.06000,145.92000,144.81000,145.85001,4271800
1582554600,145.86000,147.14999,142.56000,142.64000,5027700
1582641000,142.59000,144.38000,140.57001,141.10001,7585800
1582727400,142.44000,143.75000,141.16000,141.98000,6157200
1582813800,141.41000,143.14000,136.31000,136.37000,8605000
1582900200,133.24001,133.75000,128.35001,132.03000,14164000
1583159400,132.00000,137.77000,131.72000,137.58000,8504500
1583245800,137.19000,139.67000,134.74001,135.58000,8728300
1583332200,136.19000,142.71001,136.00999,142.39000,7635700
1583418600,138.81000,141.42000,136.67000,138.10001,6579100
1583505000,131.56000,138.17000,131.45000,137.25999,6754900
1583760600,130.17999,133.35001,128.17999,130.16000,8716300
1583847000,132.05000,134.57001,126.86000,134.14000,8258600
1583933400,130.58000,132.53999,127.63000,129.75000,7465100
1584019800,122.10000,125.00000,113.59000,115.34000,12808300
1584106200,120.68000,127.59000,115.07000,127.45000,12007700
1584365400,114.69000,123.82000,112.00000,113.09000,10733300
1584451800,116.70000,127.86000,116.39000,127.72000,14242300
1584538200,120.84000,127.72000,113.77000,120.92000,15250800
1584624600,121.43000,122.09000,116.06000,117.34000,9393500
1584711000,118.24000,118.45000,101.42000,103.93000,13093200
1584970200,106.00000,112.87000,102.87000,105.18000,13926800
1585056600,109.93000,114.43000,109.37000,113.84000,11447000
1585143000,112.74000,116.36000,111.04000,112.50000,9485500
1585229400,112.71000,121.80000,112.58000,120.26000,10376800
1585315800,118.57000,124.65000,117.99000,120.46000,9852500
1585575000,121.61000,125.84000,121.51000,125.48000,6916800
1585661400,124.94000,125.70000,119.53000,120.10000,7091700
1585747800,117.27000,122.30000,115.67000,118.12000,6873000
1585834200,117.22000,125.18000,116.48000,123.86000,6181800
1585920600,123.19000,125.37000,122.44000,124.59000,5552000
1586179800,128.66000,132.13000,125.29000,131.16000,8242200
1586266200,132.71001,135.08000,130.28999,130.48000,6253900
1586352600,129.64000,133.28999,129.13000,132.61000,5241100
1586439000,132.09000,135.08000,131.50999,133.63000,5502400
1586784600,131.69000,133.35001,129.42999,130.89000,3785000
1586871000,133.22000,138.63000,132.35001,138.39999,6278700
1586957400,137.14000,137.56000,133.70000,135.03000,5773100
1587043800,136.97000,136.97000,133.85001,135.64000,4564000
1587130200,137.73000,138.00000,134.91000,137.55000,4866500
1587389400,136.94000,137.38000,134.50999,134.55000,3995400
1587475800,132.14000,132.94000,130.59000,130.94000,4359500
1587562200,132.44000,133.67000,131.22000,132.62000,4084600
1587648600,132.50000,134.14000,130.03000,130.25999,5527700
1587735000,130.87000,134.82001,130.64999,134.36000,4063100
1587994200,134.42000,135.21001,133.89000,134.46001,4009200
1588080600,136.78000,137.67999,134.66000,136.32001,6674200
1588167000,136.77000,136.98000,132.89999,133.36000,6706800
1588253400,132.41000,133.17000,130.42000,132.28999,6783000
1588339800,131.12000,132.23000,129.52000,130.14000,4488000
1588599000,130.17000,131.35001,129.32001,130.92000,5245300
1588685400,131.64000,133.33000,130.77000,131.67000,3580000
1588771800,131.58000,132.23000,130.69000,130.78000,4192200
1588858200,131.55000,132.00000,130.12000,131.55000,5528000
1588944600,133.07001,135.16000,132.46001,134.23000,4209100
1589203800,133.42999,136.20000,133.17000,134.38000,3591100
1589290200,134.75999,136.38000,132.86000,132.94000,3914600
1589376600,133.17999,134.47000,131.45000,132.96001,5168500
1589463000,132.71001,133.56000,130.14999,133.08000,5522200
1589549400,133.77000,137.66000,132.78999,135.95000,20338200
1589808600,136.85001,137.99001,135.06000,135.52000,8480300
1589895000,134.42999,134.75999,131.39999,131.73000,6640300
1589981400,132.53999,132.67999,130.34000,131.25999,8213100
1590067800,130.98000,131.44000,129.61000,130.21001,4886300
1590154200,129.61000,130.63000,129.17000,130.48000,3429200
1590499800,131.94000,132.05000,129.39999,129.75000,5579300
1590586200,129.72000,130.84000,128.58000,130.81000,5686500
1590672600,131.21001,132.73000,130.11000,132.28999,4974400
1590759000,132.00999,132.24001,130.32001,131.55000,13337900
1591018200,131.60001,133.95000,131.19000,132.99001,4049200
1591104600,133.05000,133.81000,131.12000,132.63000,5327500
1591191000,133.24001,134.28000,132.60001,132.82001,5421200
1591277400,131.59000,133.56000,130.17999,130.57001,5229700
1591363800,131.00000,133.52000,130.77000,132.44000,7075700
1591623000,131.38000,132.47000,131.24001,132.21001,5613000
1591709400,131.83000,133.14999,131.05000,132.97000,6446900
1591795800,133.28000,135.16000,133.17000,134.13000,7069900
1591882200,134.22000,135.14000,127.46000,127.84000,8541000
1591968600,129.14999,129.92999,127.43000,129.00000,7039500
1592227800,128.28999,130.96001,126.53000,130.48000,5481000
1592314200,132.67999,133.06000,130.12000,131.67000,5197700
1592400600,131.89000,133.03999,131.49001,131.75999,3309700
1592487000,131.42000,133.13000,130.63000,132.78000,3417200
1592573400,134.41000,134.82001,131.22000,131.28000,8310100
1592832600,130.55000,131.75999,129.95000,131.05000,3379900
1592919000,131.62000,132.67999,130.98000,131.36000,3625600
1593005400,130.52000,131.07001,128.67999,129.56000,4853500
1593091800,129.14000,131.73000,128.05000,131.41000,4442000
1593178200,131.67999,132.37000,128.06000,128.92999,7372700
1593437400,130.17999,131.39999,129.42999,131.08000,4173900
1593523800,131.83000,132.82001,130.85001,132.25999,4626700
1593610200,132.53000,133.62000,131.94000,132.36000,3633000
1593696600,133.53999,134.17000,132.53999,132.85001,2769200
1594042200,133.08000,133.95000,132.31000,133.30000,4221600
1594128600,132.27000,134.62000,132.17000,133.57001,4424500
1594215000,134.16000,134.69000,133.16000,134.22000,3798200
1594301400,132.89999,133.94000,131.73000,132.71001,4005200
1594387800,132.37000,134.89000,131.28000,134.46001,5932800
1594647000,136.77000,138.07001,134.47000,134.91000,8960000
1594733400,134.59000,136.95000,134.25000,135.52000,6766800
1594819800,135.35001,136.19000,133.25000,133.69000,5561300
1594906200,134.06000,134.36000,133.05000,133.88000,3788100
1594992600,134.64999,135.06000,133.55000,134.66000,3229300
1595251800,134.61000,134.61000,132.17999,133.11000,3620300
1595338200,134.00000,136.41000,133.78999,134.42999,5435400
1595424600,135.56000,136.25000,133.67999,136.00999,3522300
1595511000,136.59000,137.25000,135.49001,137.08000,5011400
1595597400,136.99001,138.64000,135.39000,136.06000,3300000
1595856600,135.53000,137.75999,134.85001,137.67000,3607700
1595943000,137.98000,138.59000,137.09000,137.38000,3787500
1596029400,137.38000,139.00000,137.03999,137.92999,3179000
1596115800,137.24001,138.22000,136.48000,137.69000,2817600
1596202200,137.25999,137.70000,135.20000,137.66000,4304100
1596461400,137.11000,137.50000,136.00000,136.70000,2819200
1596547800,137.52000,137.59000,136.02000,137.47000,2553500
1596634200,138.14999,138.14999,135.77000,136.25000,2924000
1596720600,135.27000,136.28999,135.27000,135.86000,2692900
1596807000,135.94000,136.75999,135.37000,136.74001,3692100
1597066200,136.32001,136.88000,135.38000,135.98000,3052000
1597152600,136.97000,137.45000,134.62000,135.12000,3301200
1597239000,135.34000,138.67999,135.25000,137.80000,4424600
1597325400,137.10001,138.61000,137.10001,138.10001,2393500
1597411800,138.11000,138.17000,137.20000,137.56000,2461700
1597671000,137.50000,138.89000,137.05000,137.92000,2862500
1597757400,138.61000,138.61000,137.03999,138.11000,2638600
1597843800,138.69000,138.78999,136.10001,136.45000,3682200
1597930200,135.66000,137.14999,135.63000,136.72000,2263000
1598016600,136.37000,136.66000,135.25000,136.46001,4295600
1598275800,136.46001,137.67999,136.11000,137.64000,3177800
1598362200,138.25999,138.38000,136.70000,137.30000,2597400
1598448600,136.58000,138.66000,136.38000,138.47000,6019700
1598535000,138.71001,139.92999,137.91000,138.39999,4159300
1598621400,138.52000,139.96001,137.24001,139.94000,3355400
1598880600,139.32001,141.02000,139.00000,140.06000,3828700
1598967000,140.25000,140.48000,138.50999,139.19000,3421700
1599053400,139.52000,143.82001,139.35001,143.28999,4918200
1599139800,142.77000,144.03999,138.12000,139.37000,6642400
1599226200,139.66000,140.31000,136.94000,138.75999,4836400
1599571800,138.31000,138.63000,134.41000,135.55000,4901500
1599658200,135.50000,138.46001,135.39999,137.11000,4282300
1599744600,136.60001,137.55000,133.88000,134.75999,6050500
1599831000,135.22000,136.38000,134.23000,135.81000,3411900
1600090200,136.53000,137.50000,135.80000,136.67000,2779000
1600176600,136.48000,137.24001,135.41000,135.62000,4080800
1600263000,136.28000,136.60001,134.78000,134.98000,3353500
1600349400,133.39000,134.55000,131.69000,133.20000,5186400
1600435800,133.71001,134.78999,130.00999,131.47000,8473000
1600695000,130.37000,131.31000,129.36000,131.24001,4402700
1600781400,131.00000,132.89000,130.45000,132.14999,3951000
1600867800,132.70000,132.82001,129.85001,131.00000,5909900
1600954200,131.44000,132.31000,129.92000,131.58000,4316600
1601040600,130.89000,133.83000,130.50999,133.55000,4576000
1601299800,136.03999,138.58000,135.67000,137.97000,7487500
1601386200,138.66000,139.53999,137.13000,137.16000,4330500
1601472600,137.99001,139.19000,136.89999,138.60001,7060700
1601559000,139.44000,140.85001,137.49001,140.80000,6483900
1601645400,139.28000,139.91000,136.20000,138.06000,5130200
1601904600,138.11000,138.38000,136.98000,137.92999,4519800
1601991000,138.00000,138.82001,135.14999,135.70000,5031000
1602077400,135.94000,137.52000,135.75999,137.00999,4347300
1602163800,137.28000,138.13000,136.75999,137.85001,2977400
1602250200,138.70000,139.25999,137.89999,138.44000,3194000
1602509400,141.12000,143.49001,139.78000,142.13000,6167200
1602595800,142.22000,144.00000,141.91000,143.53999,4293200
1602682200,143.55000,144.11000,141.63000,142.52000,3641000
1602768600,141.16000,141.97000,140.62000,141.42999,3306800
1602855000,141.75000,142.82001,141.13000,141.73000,5076000
1603114200,141.34000,142.53000,139.25000,139.67999,3223200
1603200600,141.00000,141.22000,139.41000,139.71001,2750900
1603287000,139.67999,140.48000,139.10001,139.60001,2560100
1603373400,139.80000,140.20000,139.00999,139.61000,2909000
1603459800,140.22000,140.53000,139.03999,139.56000,2758400
1603719000,138.74001,139.08000,136.41000,138.06000,3431100
1603805400,138.57001,139.89000,138.30000,139.12000,3390800
1603891800,137.14999,137.71001,133.94000,134.17000,5196000
1603978200,133.75999,135.63000,132.25999,133.99001,3856500
1604064600,132.92999,133.84000,131.71001,133.28999,4303900
1604327400,135.61000,136.23000,133.78000,135.14999,3126400
1604413800,136.62000,138.60001,136.28000,137.03999,3293900
1604500200,139.00000,141.70000,137.66000,137.86000,4576300
1604586600,139.35001,140.27000,137.47000,138.05000,3667800
1604673000,138.56000,139.77000,137.33000,138.38000,2867000
1604932200,142.00000,143.64999,138.17000,138.45000,6111300
1605018600,136.99001,142.44000,136.19000,141.72000,5284500
1605105000,142.86000,144.24001,141.61000,143.89999,4389800
1605191400,144.25000,144.74001,142.75999,143.84000,2570100
1605277800,143.77000,144.89000,143.27000,144.71001,2580400
1605537000,145.00000,146.25999,144.69000,145.75999,3399000
1605623400,144.27000,146.10001,144.11000,145.24001,2924000
1605709800,145.49001,146.57001,143.30000,143.38000,4335200
1605796200,142.88000,143.70000,142.34000,143.32001,4263500
1605882600,143.64999,144.64000,143.00000,143.42000,3469100
1606141800,143.31000,143.64999,141.88000,143.02000,3443300
1606228200,143.19000,144.36000,142.82001,144.03000,4472300
1606314600,144.45000,144.92000,143.70000,144.16000,2278300
1606487400,144.62000,145.28000,144.17999,144.60001,1596000
1606746600,144.46001,144.63000,142.88000,144.23000,4906900
1606833000,145.03000,146.63000,144.50000,146.07001,3999200
1606919400,145.88000,146.94000,143.89000,144.62000,4432900
1607005800,143.02000,144.96001,143.02000,144.45000,4757900
1607092200,143.87000,145.98000,143.85001,145.85001,3592600
1607351400,145.67999,146.56000,144.62000,145.37000,4217300
1607437800,145.33000,146.16000,144.28999,145.52000,3623800
1607524200,145.56000,146.10001,144.28000,145.69000,3842000
1607610600,146.03999,146.28999,144.42000,144.67000,3985000
1607697000,143.63000,145.10001,143.41000,144.97000,2975500
1607956200,145.25000,146.47000,144.05000,144.23000,3952400
1608042600,144.56000,145.27000,143.89000,144.77000,3183300
1608129000,143.98000,145.47000,143.89999,144.89000,4915800
1608215400,145.25000,146.20000,145.17999,145.71001,3312500
1608301800,146.33000,147.10001,145.50000,146.92999,8980400
1608561000,145.00000,145.66000,143.47000,145.39999,3946900
1608647400,144.60001,145.00000,143.48000,144.02000,2653700
1608733800,144.49001,145.60001,144.07001,144.41000,2645100
1608820200,144.83000,145.11000,144.14000,145.06000,883300
1609165800,145.78000,147.60001,145.53999,146.91000,2493500
1609252200,147.67999,148.77000,146.84000,147.42000,3186700
1609338600,147.47000,147.99001,147.00999,147.31000,2224900
1609425000,147.48000,148.46001,146.64000,148.30000,2076800
1609770600,147.00999,147.78000,141.94000,144.27000,7486900
1609857000,144.07001,145.17999,142.89999,144.70000,4126000
1609943400,141.67000,143.60001,141.59000,142.92999,4843300
1610029800,142.81000,143.14999,141.14999,142.47000,4473200
1610116200,142.47000,144.39999,141.66000,144.17999,4312000
1610375400,144.03000,144.31000,141.69000,142.09000,3902700
1610461800,141.63000,142.00000,139.45000,141.42999,5150000
1610548200,141.12000,143.24001,141.00000,142.59000,4361600
1610634600,141.48000,142.44000,141.07001,141.75999,4724700
1610721000,141.45000,142.60001,140.53000,141.39000,4309100
1611066600,142.38000,142.58000,141.44000,142.06000,5158600
1611153000,141.03999,141.78000,139.92000,141.33000,5019300
1611239400,140.28999,140.78999,138.74001,139.61000,5684100
1611325800,139.50000,139.53999,138.23000,138.59000,4014900
1611585000,138.06000,140.33000,137.58000,140.17999,3829000
1611671400,141.31000,142.09000,139.75000,141.80000,4242500
1611757800,140.50999,142.33000,137.55000,138.03999,6659800
1611844200,138.83000,140.78999,137.75999,139.19000,5514000
1611930600,138.11000,138.46001,136.00999,136.57001,6778100
1612189800,136.98000,137.96001,135.89999,136.98000,4185700
1612276200,137.45000,139.53000,136.60001,138.38000,3581600
1612362600,137.75000,138.95000,137.07001,138.02000,3609600
1612449000,137.75000,139.75999,137.75000,139.67999,3860300
1612535400,140.49001,142.12000,139.73000,140.96001,4437900
1612794600,141.19000,141.81000,139.50000,140.39999,4112200
1612881000,141.13000,141.14999,139.49001,139.60001,3179300
1612967400,141.12000,141.12000,136.75999,137.70000,6966600
1613053800,137.85001,138.21001,134.34000,134.97000,7528000
1613140200,135.25999,135.60001,133.45000,133.87000,5659300
1613485800,134.56000,134.81000,133.39999,134.38000,5180100
1613572200,134.06000,135.07001,133.86000,134.46001,3353000
1613658600,134.07001,135.70000,133.91000,135.37000,3935200
1613745000,135.00999,135.12000,132.28999,132.50999,5414900
1614004200,132.03999,132.60001,130.75999,131.99001,5792900
1614090600,132.64999,134.34000,131.30000,132.78000,6264300
1614177000,131.85001,132.28999,131.20000,132.09000,4944000
1614263400,131.35001,132.09000,129.80000,130.00000,5702300
1614349800,130.57001,130.87000,128.57001,129.19000,8329000
1614609000,130.61000,131.97000,130.34000,130.62000,5287300
1614695400,130.50000,132.03000,130.38000,131.07001,5614000
1614781800,129.80000,130.53000,128.98000,129.14000,7505800
1614868200,129.25000,131.75000,128.32001,128.83000,9102800
1614954600,129.64000,133.41000,129.19000,133.03000,10186500
1615213800,133.23000,134.17999,131.99001,132.13000,8634900
1615300200,132.94000,133.91000,132.00000,132.25000,8930200
1615386600,132.52000,134.47000,130.53999,133.58000,7791700
1615473000,133.35001,134.58000,133.10001,133.22000,4458900
1615559400,133.12000,133.78999,132.64000,133.03999,5275100
1615815000,133.56000,133.63000,131.97000,133.03000,5389200
1615901400,133.08000,134.58000,132.75000,134.00999,5544700
1615987800,134.36000,134.56000,133.38000,133.62000,6199500
1616074200,132.36000,133.08000,131.41000,132.53000,6476700
1616160600,132.31000,135.00999,132.17999,134.50000,16114400
1616419800,135.63000,138.20000,135.09000,137.80000,7813400
1616506200,138.45000,140.17000,138.17999,139.46001,6978400
1616592600,139.00999,140.11000,138.78000,138.81000,5082300
1616679000,139.17999,140.25000,138.34000,139.63000,5827600
1616765400,139.62000,143.00000,139.13000,142.70000,6785600
1617024600,142.87000,144.96001,142.42000,144.81000,6105800
1617111000,143.67999,144.75000,142.12000,142.53999,4372700
1617197400,143.32001,143.33000,141.17000,141.45000,6257900
1617283800,141.19000,142.30000,140.11000,141.28000,4823400
1617629400,141.85001,144.34000,141.32001,143.16000,5980700
1617715800,143.03999,144.20000,142.56000,143.67000,4751900
1617802200,144.00000,144.10001,143.02000,143.41000,4849200
1617888600,143.67999,144.16000,142.05000,142.53999,6725100
1617975000,142.24001,143.14000,141.61000,142.57001,4950800
1618234200,142.20000,143.47000,142.05000,143.02000,4386700
1618320600,142.07001,143.97000,141.87000,143.05000,5283300
1618407000,142.57001,142.72000,141.24001,142.11000,4685300
1618493400,141.67000,143.10001,141.42000,142.31000,4777100
1618579800,143.46001,144.32001,142.46001,144.16000,6481400
1618839000,144.49001,145.60001,143.25999,144.75000,6621200
1618925400,144.13000,146.64999,143.92999,145.71001,4999700
1619011800,147.35001,147.80000,146.21001,146.98000,6316000
1619098200,146.24001,146.64999,145.38000,146.07001,4904400
1619184600,145.50999,146.34000,145.06000,145.83000,4354700
1619443800,145.55000,145.77000,142.98000,143.36000,5817700
1619530200,142.62000,143.17999,142.13000,142.89000,4693700
1619616600,143.49001,143.69000,141.73000,141.83000,4962700
1619703000,142.10001,144.42999,141.97000,143.94000,4699900
1619789400,143.32001,144.24001,142.50000,144.16000,5051100
1620048600,145.03000,146.78000,144.10001,145.78999,6109800
1620135000,145.98000,146.77000,143.49001,143.96001,6603800
1620221400,143.72000,144.57001,143.50000,143.89000,5305200
1620307800,144.47000,145.96001,144.00999,145.56000,4472200
1620394200,145.23000,146.00000,144.57001,145.56000,4181000
1620653400,146.49001,147.99001,146.11000,146.72000,5270600
1620739800,147.17000,147.64000,145.02000,145.64999,5266100
1620826200,144.88000,145.74001,143.85001,144.23000,5651700
1620912600,144.24001,147.12000,143.58000,146.37000,4849400
1620999000,147.20000,147.89999,146.42000,146.59000,4224700
1621258200,147.00000,147.39999,145.71001,146.17000,3747100
1621344600,146.64000,146.95000,145.32001,145.50999,4527300
1621431000,144.64000,145.63000,144.08000,145.42999,4432700
1621517400,145.25000,147.73000,145.11000,147.23000,3964600
1621603800,147.87000,148.31000,146.52000,147.10001,5194200
1621863000,147.64000,148.35001,147.00999,147.85001,3627800
1621949400,147.85001,148.37000,147.00999,148.30000,4649300
1622035800,147.91000,148.67000,147.67999,148.30000,4462600
1622122200,148.56000,148.77000,146.44000,146.50999,9203600
1622208600,147.41000,148.50000,147.24001,147.94000,4913700
1622554200,148.78000,148.85001,147.09000,147.63000,5530300
1622640600,148.20000,148.53000,147.23000,148.22000,4546900
1622727000,146.71001,147.75999,146.16000,147.67000,4651600
1622813400,148.00000,148.59000,147.47000,147.84000,4427400
1623072600,147.75999,148.25000,146.71001,147.75000,4724100
1623159000,147.70000,147.87000,145.92000,146.37000,5997200
1623245400,147.25000,147.59000,146.02000,146.10001,4008000
1623331800,146.31000,148.00999,146.13000,147.60001,4698200
1623418200,148.05000,148.12000,146.78999,147.69000,4364600
1623677400,147.47000,148.63000,146.78999,148.57001,3831900
1623763800,148.89999,149.17000,148.07001,148.58000,4256500
1623850200,148.86000,149.27000,146.75000,147.10001,5492100
1623936600,147.25000,149.00000,146.91000,148.52000,5316400
1624023000,147.98000,147.98000,145.23000,145.42000,10661700
1624282200,145.75000,146.74001,145.45000,146.56000,4904300
1624368600,146.73000,147.50000,146.28999,146.78000,3518000
1624455000,146.06000,146.13000,144.83000,144.85001,3901700
1624541400,144.86000,145.94000,144.61000,145.67000,3818900
1624627800,145.75999,146.78999,145.24001,146.41000,6387600
1624887000,146.75999,147.59000,146.62000,147.03999,4282800
1624973400,147.45000,147.70000,146.39999,146.94000,3197700
1625059800,147.42999,148.31000,147.20000,148.17000,4943700
1625146200,148.08000,149.08000,147.94000,148.20000,3997600
1625232600,148.89999,149.78000,148.56000,148.91000,3835500
1625578200,149.07001,149.42000,147.77000,149.13000,4313800
1625664600,149.28999,150.70000,149.00000,149.78999,4225000
1625751000,149.42000,150.67000,149.19000,149.86000,4216000
1625837400,149.41000,150.31000,149.17000,149.48000,4088600
1626096600,149.49001,149.78999,148.78000,149.50999,4873700
1626183000,151.14999,153.91000,150.75000,152.96001,8750800
1626269400,152.89000,155.14000,152.80000,154.53999,6390300
1626355800,154.07001,155.36000,153.25999,155.25000,4920600
1626442200,155.67999,156.84000,155.11000,155.82001,5852500
1626701400,155.99001,157.53999,154.75999,155.80000,5750200
1626787800,156.20000,157.33000,155.56000,155.82001,5213500
1626874200,155.30000,156.12000,154.57001,155.24001,4905900
1626960600,155.19000,155.75999,153.97000,155.19000,3333500
1627047000,155.56000,157.78999,155.24001,157.17999,3588400
1627306200,156.78999,157.47000,156.03000,157.07001,2999800
1627392600,157.31000,158.66000,157.03000,157.94000,4043900
1627479000,157.60001,157.96001,155.91000,156.49001,3556800
1627565400,157.23000,157.42999,156.20000,156.81000,3055600
1627651800,157.37000,157.60001,156.62000,156.95000,3757300
1627911000,157.00000,157.11000,155.50999,156.32001,3425900
1627997400,157.00000,157.14999,156.31000,156.67000,3359900
1628083800,156.19000,156.66000,153.87000,154.05000,4846300
1628170200,154.98000,155.19000,153.87000,154.31000,3733500
1628256600,153.77000,154.75999,153.64000,154.33000,3430900
1628515800,154.64000,154.78999,153.71001,154.35001,2636600
1628602200,154.31000,155.31000,153.81000,154.42999,2670200
1628688600,154.71001,156.02000,154.47000,155.03999,3058000
1628775000,155.23000,155.30000,154.60001,155.07001,1958700
1628861400,155.10001,156.67000,154.89999,156.52000,2113800
1629120600,156.92999,158.12000,156.73000,158.05000,3224000
1629207000,157.91000,158.45000,157.24001,157.89999,3736300
1629293400,157.67999,158.20000,156.20000,156.28000,3419200
1629379800,155.82001,159.42000,155.78000,158.91000,4745600
1629466200,158.92999,159.63000,158.25000,158.35001,3484100
1629725400,157.83000,158.52000,157.32001,157.85001,3102100
1629811800,157.75000,157.75000,155.67999,155.89000,3760800
1629898200,155.36000,155.67000,154.16000,155.20000,3346700
1629984600,155.50999,155.67000,154.09000,154.63000,3220700
1630071000,154.84000,155.41000,154.21001,154.94000,4166500
1630330200,155.17999,156.17000,155.00999,156.00000,2540300
1630416600,156.09000,156.47000,155.34000,156.39000,5291200
1630503000,156.84000,158.19000,156.50999,157.91000,4231400
1630589400,156.78999,157.28999,155.87000,156.95000,2862500
1630675800,156.20000,157.42000,155.89999,157.09000,2035100
1631021400,156.48000,156.75999,153.67999,154.53000,4609900
1631107800,154.66000,156.75000,154.30000,156.72000,3199100
1631194200,156.88000,156.97000,155.39999,155.73000,3560400
1631280600,155.98000,156.25000,155.00999,155.46001,3851500
1631539800,155.94000,157.39999,155.39000,155.75999,3367200
1631626200,156.38000,156.67000,154.82001,155.14999,2808600
1631712600,155.22000,156.38000,154.78000,156.02000,3702400
1631799000,155.39000,156.12000,153.81000,155.56000,4589900
1631885400,155.23000,155.50000,153.83000,154.13000,8127400
1632144600,153.89999,154.95000,152.42000,153.61000,5484600
1632231000,154.61000,156.12000,152.97000,153.53999,4479800
1632317400,154.62000,155.09000,153.45000,154.00999,3001000
1632403800,153.69000,154.92999,153.53999,154.13000,2712500
1632490200,153.75000,154.62000,153.55000,154.20000,2366100
1632749400,153.80000,154.14999,152.39000,152.72000,4482000
1632835800,152.37000,152.50000,150.10001,151.05000,5910900
1632922200,151.34000,153.17000,150.69000,152.30000,3326500
1633008600,153.22000,153.42999,150.37000,150.41000,4949200
1633095000,151.35001,151.61000,149.52000,150.95000,4274300
1633354200,150.88000,153.00000,149.48000,150.20000,5404900
1633440600,151.36000,152.39000,150.07001,151.09000,6103100
1633527000,150.84000,155.16000,149.96001,154.96001,5499200
1633613400,155.52000,157.75000,155.52000,156.39000,4605100
1633699800,156.57001,156.71001,155.49001,156.03000,4186000
1633959000,156.39000,157.23000,155.66000,156.24001,2738100
1634045400,156.22000,157.85001,156.21001,156.92999,3195400
1634131800,157.46001,158.05000,156.02000,157.99001,3599900
1634218200,158.62000,159.49001,158.61000,159.25999,3677100
1634304600,159.66000,159.66000,157.50999,158.81000,4313000
1634563800,158.20000,158.70000,156.80000,158.09000,3274200
1634650200,158.64000,160.16000,157.53999,160.10001,3125800
1634736600,160.58000,161.88000,159.67999,161.31000,3716500
1634823000,161.39000,161.42999,158.98000,159.17999,4164700
1634909400,159.58000,160.47000,159.47000,159.97000,3240300
1635168600,159.95000,159.95000,158.78999,159.22000,3281200
1635255000,159.17000,161.39999,159.10001,161.17000,3684700
1635341400,161.75000,161.84000,159.56000,160.61000,3751800
1635427800,160.85001,161.73000,160.47000,161.62000,3589600
1635514200,161.03000,162.25999,160.91000,161.60001,4558200
1635773400,161.20000,161.50000,160.17999,161.25999,3017100
1635859800,161.55000,162.81000,160.94000,162.74001,3464500
1635946200,162.14999,164.39000,162.14999,164.30000,3595000
1636032600,164.22000,164.56000,163.35001,164.31000,3310100
1636119000,165.55000,166.42999,164.52000,166.00000,3754300
1636381800,165.81000,166.10001,161.14999,162.42999,5766400
1636468200,162.31000,163.86000,162.00000,163.50999,3778600
1636554600,164.74001,165.00000,163.03000,164.03999,2683500
1636641000,163.97000,163.98000,162.55000,162.69000,2453000
1636727400,163.00999,163.92999,162.08000,162.64999,3540900
1636986600,162.50999,163.88000,162.49001,163.80000,3357100
1637073000,164.27000,164.99001,163.23000,163.31000,2899400
1637159400,162.62000,163.67000,162.08000,163.37000,3332200
1637245800,162.81000,163.52000,161.75000,163.42000,3498900
1637332200,164.50000,165.03000,163.44000,163.81000,5242200
1637591400,163.20000,166.80000,163.17999,164.14999,4157200
1637677800,163.56000,165.72000,163.31000,165.25000,3878000
1637764200,165.09000,165.50000,162.58000,163.74001,3309500
1637937000,162.71001,163.66000,160.89000,161.14000,3402900
1638196200,162.67000,164.58000,161.14000,164.14000,5305800
1638282600,163.83000,164.00000,158.39000,159.78000,7610000
1638369000,162.47000,163.25000,160.05000,160.16000,5385600
1638455400,160.13000,161.69000,159.83000,160.62000,4619800
1638541800,161.47000,164.88000,161.34000,164.71001,6465900
1638801000,166.05000,167.28999,165.78999,166.42000,5403100
1638887400,166.42000,166.96001,165.66000,166.23000,5460100
1638973800,166.14000,166.69000,164.03000,166.52000,3891900
1639060200,165.92000,166.88000,164.85001,166.31000,3644500
1639146600,167.53999,169.12000,166.89999,168.97000,5025700
1639405800,168.92999,171.25999,168.05000,169.81000,5411800
1639492200,169.35001,170.39000,168.30000,169.39000,4985000
1639578600,169.77000,171.78000,169.46001,171.57001,5507800
1639665000,171.57001,173.56000,171.02000,171.82001,6909900
1639751400,171.11000,172.38000,168.05000,168.30000,10159600
1640010600,167.16000,169.50000,166.75000,169.42000,5263600
1640097000,169.23000,169.60001,167.78000,168.92000,3401400
1640183400,168.96001,169.99001,168.27000,169.97000,4362900
1640269800,169.98000,170.63000,169.25000,169.78000,3241700
1640615400,169.99001,171.56000,169.77000,171.47000,2868800
1640701800,171.46001,172.78999,171.20000,172.36000,2332100
1640788200,172.78999,173.46001,171.92999,172.97000,2299500
1640874600,173.53999,173.62000,172.23000,172.67000,1988900
1640961000,172.46001,174.02000,172.11000,173.71001,2914900
1641220200,172.20000,173.19000,170.57001,172.98000,5488900
1641306600,172.66000,174.45000,172.20000,173.23000,4717600
1641393000,173.36000,175.36000,173.23000,173.82001,6564600
1641479400,173.91000,175.60001,173.23000,173.86000,4288700
1641565800,174.09000,174.69000,172.61000,174.08000,4916000
1641825000,174.44000,175.84000,173.62000,174.17000,5055900
1641911400,173.67999,174.23000,171.62000,174.09000,6452300
1641997800,173.89999,174.33000,172.95000,173.89999,5268000
1642084200,173.71001,174.69000,173.24001,174.17999,4310300
1642170600,174.57001,175.94000,173.39999,175.64000,4474500
1642516200,173.62000,174.75999,173.14999,173.96001,5789500
1642602600,173.96001,175.96001,173.57001,175.21001,6424500
1642689000,175.41000,176.88000,173.84000,173.94000,6284200
1642775400,175.33000,177.24001,174.11000,174.22000,6753200
1643034600,175.49001,176.50000,168.96001,173.33000,9263900
1643121000,172.08000,172.48000,169.74001,171.34000,6536900
1643207400,169.36000,171.81000,166.45000,169.53000,6841800
1643293800,170.78000,173.28000,168.78000,169.37000,6543500
1643380200,168.50999,172.73000,167.21001,172.67000,5796000
1643639400,170.77000,174.11000,170.59000,173.52000,5908000
1643725800,173.14999,173.42999,169.56000,172.34000,5952700
1643812200,172.75999,175.64000,172.57001,175.47000,5767000
1643898600,175.27000,176.66000,173.83000,175.37000,4632700
1643985000,173.10001,174.89000,171.19000,172.49001,4592400
1644244200,172.74001,172.99001,171.21001,171.81000,4813300
1644330600,172.63000,172.64000,170.31000,172.02000,3957700
1644417000,172.50000,172.78000,171.00999,171.94000,6780200
1644503400,168.66000,171.45000,167.30000,168.37000,7899800
1644589800,168.06000,170.31000,167.69000,168.58000,7299600
1644849000,169.42000,169.67999,165.10001,166.70000,6822500
1644935400,167.22000,168.25000,165.25999,165.96001,4943800
1645021800,165.63000,167.20000,164.53999,166.30000,4161700
1645108200,166.00999,167.95000,165.00000,166.75000,5156800
1645194600,167.11000,168.24001,166.22000,167.71001,5181600
1645540200,168.57001,168.94000,166.23000,168.35001,7733900
1645626600,169.12000,169.12000,166.52000,166.69000,5812800
1645713000,165.71001,166.34000,160.28999,163.78999,8888800
1645799400,164.42000,168.46001,164.25999,168.38000,6535600
1646058600,164.03999,165.21001,161.41000,163.74001,7677000
1646145000,163.07001,164.39999,161.30000,162.27000,5107900
1646231400,162.98000,165.82001,162.49001,164.52000,5452100
1646317800,163.97000,165.19000,162.80000,163.27000,5352200
1646404200,162.00000,166.50000,160.92000,165.75000,6340300
1646663400,164.07001,165.14999,162.13000,162.45000,6319500
1646749800,162.38000,163.97000,157.69000,157.87000,6163700
1646836200,159.81000,160.06000,156.39999,157.39999,5764900
1646922600,155.78999,156.25000,153.37000,154.50999,6103700
1647009000,155.45000,156.89000,153.48000,153.73000,4762600
1647264600,155.14999,157.80000,154.50000,155.89000,6075600
1647351000,157.32001,159.50000,156.83000,159.00000,6203400
1647437400,158.41000,159.99001,157.03999,159.70000,6299000
1647523800,159.83000,161.63000,159.30000,160.94000,3587600
1647610200,161.38000,162.92999,160.06000,162.78999,12123000
1647869400,162.27000,163.81000,161.07001,162.56000,5122600
1647955800,162.84000,164.77000,162.23000,164.34000,5779200
1648042200,164.25000,165.28000,162.63000,163.48000,4533700
1648128600,164.06000,164.73000,163.27000,164.47000,3160300
1648215000,164.42999,165.89999,164.42999,165.24001,4146800
1648474200,165.10001,165.77000,163.71001,165.73000,4308000
1648560600,167.28999,168.58000,166.37000,168.19000,4440400
1648647000,168.10001,168.24001,166.12000,167.96001,3871500
1648733400,168.37000,169.30000,167.27000,167.38000,6076200
1648819800,167.89000,169.92999,167.37000,169.75999,3239600
1649079000,169.11000,169.39000,167.45000,169.32001,3759900
1649165400,168.32001,171.38000,168.32001,169.50000,4480700
1649251800,169.92000,172.70000,169.49001,172.39000,4294800
1649338200,172.03000,173.28000,170.78000,172.55000,5041600
1649424600,172.99001,173.69000,171.59000,173.13000,3883100
1649683800,173.61000,174.97000,172.32001,172.60001,3825100
1649770200,173.78000,174.64999,172.63000,173.30000,3924300
1649856600,173.58000,173.82001,171.73000,173.00000,4394000
1649943000,173.48000,174.25999,171.75999,171.89999,4834300
1650288600,171.22000,172.31000,169.96001,170.42000,3086000
1650375000,169.84000,173.17000,169.84000,172.89999,3642000
1650461400,173.72000,175.97000,173.72000,175.47000,4197600
1650547800,175.75999,177.24001,174.64999,174.84000,3701300
1650634200,174.99001,175.27000,171.94000,172.14999,5864000
1650893400,173.21001,173.92000,171.00000,173.74001,7369900
1650979800,173.97000,175.35001,172.73000,173.30000,7386600
1651066200,173.42000,176.69000,173.19000,174.85001,5180300
1651152600,174.53000,177.62000,173.82001,177.50000,5235800
1651239000,177.41000,177.41000,171.41000,171.71001,6505600
1651498200,173.00000,173.46001,165.27000,167.75999,7692100
1651584600,169.14000,169.31000,166.58000,167.99001,5564900
1651671000,167.61000,174.12000,167.61000,173.86000,6231500
1651757400,173.10001,173.32001,169.08000,170.39000,6534300
1651843800,169.24001,170.80000,168.72000,170.41000,5824600
1652103000,169.66000,172.89000,168.75999,171.70000,7269100
1652189400,173.12000,174.53999,170.75000,171.49001,5936700
1652275800,170.82001,172.41000,169.92000,170.66000,5376900
1652362200,171.25000,171.99001,168.16000,170.39999,6473500
1652448600,170.70000,174.16000,169.46001,173.72000,4714600
1652707800,173.71001,176.30000,173.42000,175.47000,5317200
1652794200,175.31000,175.67999,172.58000,174.46001,5012200
1652880600,173.69000,173.87000,162.92000,163.64999,8875400
1652967000,162.50000,162.78000,159.67000,161.20000,6423800
1653053400,162.24001,163.06000,159.62000,162.21001,5768800
1653312600,164.21001,166.95000,163.57001,165.60001,4657800
1653399000,166.02000,168.25999,165.16000,167.82001,6327600
1653485400,167.85001,169.49001,166.96001,168.97000,5781000
1653571800,168.96001,171.09000,168.96001,170.11000,5193800
1653658200,171.25999,171.81000,170.20000,171.77000,6713500
1654003800,170.98000,170.98000,165.37000,167.75000,13610000
1654090200,168.17999,168.38000,163.82001,166.49001,5613900
1654176600,165.62000,166.75000,162.64999,166.67999,4677300
1654263000,165.86000,166.59000,164.36000,164.85001,4222000
1654522200,166.46001,167.62000,164.73000,165.53999,3447800
1654608600,165.67999,166.86000,164.22000,166.56000,4168300
1654695000,165.74001,166.81000,165.11000,165.73000,2646800
1654781400,165.19000,166.92999,162.67000,162.78000,3522900
1654867800,160.97000,163.92000,159.45000,162.52000,5203300
1655127000,160.53000,162.87000,159.06000,159.74001,6300700
1655213400,160.00000,160.05000,154.86000,156.12000,6159200
1655299800,157.92000,159.84000,155.92999,157.78999,5940100
1655386200,156.63000,158.46001,155.11000,157.03000,7207900
1655472600,157.03000,158.99001,156.17000,157.06000,9881800
1655818200,158.17000,160.96001,157.35001,160.71001,4449600
1655904600,160.33000,162.99001,159.56000,162.03000,4706500
1655991000,163.78000,165.14000,163.14999,164.10001,5810700
1656077400,165.64000,166.19000,163.94000,166.13000,5951500
1656336600,165.87000,167.13000,165.34000,166.35001,4595800
1656423000,167.14999,168.45000,163.85001,164.00999,4372900
1656509400,166.06000,167.56000,165.35001,166.73000,3653600
1656595800,167.13000,167.58000,165.63000,166.66000,6295100
1656682200,166.74001,169.52000,165.75999,169.39000,3918700
1657027800,168.63000,169.39000,165.33000,169.00999,4971600
1657114200,170.00000,171.95000,169.48000,170.70000,4209100
1657200600,169.52000,171.03999,169.38000,170.36000,5150200
1657287000,170.57001,172.70000,170.55000,171.88000,3482900
1657546200,171.41000,172.80000,170.02000,170.47000,4921300
1657632600,173.00000,173.32001,168.87000,169.50000,5201600
1657719000,168.53999,171.44000,167.98000,170.10001,4533100
1657805400,168.28999,171.16000,167.70000,170.98000,4218300
1657891800,171.34000,172.92000,170.02000,171.12000,4659100
1658151000,171.14999,171.24001,167.85001,168.25999,3479700
1658237400,170.25000,170.75000,168.63000,170.06000,4201600
1658323800,170.05000,170.57001,167.46001,168.25999,3460700
1658410200,167.99001,169.41000,167.56000,168.50999,3088300
1658496600,169.14000,170.57001,168.49001,169.61000,3757800
1658755800,170.31000,170.86000,169.03999,169.85001,3357200
1658842200,170.57001,171.99001,169.24001,171.83000,3732100
1658928600,170.49001,171.95000,169.06000,171.59000,4479000
1659015000,171.87000,175.12000,171.19000,174.84000,3134200
1659101400,173.66000,175.48000,173.39000,174.96001,4215500
1659360600,174.55000,177.69000,174.55000,176.95000,4034600
1659447000,176.94000,177.14999,175.22000,175.49001,3781100
1659533400,175.08000,177.06000,174.24001,176.83000,4401300
1659619800,176.42000,176.74001,174.58000,175.87000,3822500
1659706200,174.39000,174.70000,172.39999,174.55000,3295600
1659965400,175.78999,175.97000,173.32001,173.85001,2846100
1660051800,174.78999,175.23000,173.96001,174.50000,3228800
1660138200,175.81000,176.42999,174.72000,175.94000,4041100
1660224600,176.36000,177.12000,174.67000,175.03999,2743800
1660311000,175.92999,177.38000,175.38000,177.33000,3756200
1660570200,177.77000,179.36000,176.80000,179.28000,3043100
1660656600,179.78000,180.70000,178.64000,180.32001,3395700
1660743000,180.10001,181.07001,179.72000,180.22000,2666200
1660829400,180.82001,180.92999,179.94000,180.39999,3010600
1660915800,179.75999,181.00999,179.32001,180.17000,3704000
1661175000,180.14000,180.47000,178.02000,178.45000,3385000
1661261400,177.82001,178.86000,177.28999,178.37000,2575000
1661347800,178.37000,179.50000,178.11000,179.25999,3340600
1661434200,179.03000,179.35001,177.39000,179.27000,3401800
1661520600,179.96001,179.98000,174.67000,175.03999,5246600
1661779800,174.55000,175.28999,173.21001,174.49001,4184500
1661866200,174.34000,174.69000,172.33000,172.99001,4026300
1661952600,173.81000,174.41000,172.20000,172.27000,5597900
1662039000,170.92000,172.98000,170.24001,172.85001,4846100
1662125400,173.72000,174.97000,169.89000,170.66000,5801500
1662471000,170.98000,172.59000,169.13000,169.50999,4900100
1662557400,170.62000,173.78000,169.92999,173.25000,6074600
1662643800,172.78000,173.42999,170.56000,172.67000,3888100
1662730200,172.64999,174.55000,171.67000,173.22000,3662000
1662989400,173.22000,174.44000,172.75000,173.89999,5953300
1663075800,172.50000,172.83000,166.95000,167.41000,6926200
1663162200,168.12000,169.19000,167.57001,168.67999,5156900
1663248600,168.53000,168.56000,165.34000,165.88000,5461000
1663335000,166.36000,167.17000,165.25000,166.97000,12012600
1663594200,167.06000,168.81000,166.50000,168.73000,3720900
1663680600,167.58000,169.14999,166.86000,168.92000,3872000
1663767000,169.88000,172.03000,168.34000,168.44000,5134500
1663853400,168.39999,169.89000,168.05000,168.60001,4290600
1663939800,168.39000,168.75000,166.53000,168.52000,4565100
1664199000,168.33000,170.00999,167.53000,168.45000,5326400
1664285400,168.24001,170.00000,165.24001,166.00999,5400700
1664371800,166.91000,169.62000,165.24001,168.67000,5480900
1664458200,168.80000,169.14000,165.00000,166.61000,5167700
1664544600,167.69000,168.24001,163.00999,163.25999,5971900
1664803800,163.52000,165.69000,163.02000,165.25000,5093400
1664890200,167.39000,168.73000,165.55000,167.11000,4596800
1664976600,166.97000,167.09000,163.73000,166.00000,3538600
1665063000,165.78999,166.02000,162.50000,162.80000,4623400
1665149400,162.30000,163.00999,160.98000,161.61000,4779200
1665408600,161.99001,163.03999,161.19000,161.82001,4839200
1665495000,162.24001,164.27000,161.56000,162.59000,5222600
1665581400,168.73000,170.70000,166.60001,169.39000,9795300
1665667800,167.10001,175.03999,166.82001,174.61000,8412700
1665754200,175.98000,176.25999,169.99001,170.19000,5937900
1666013400,172.27000,173.59000,171.07001,172.73000,6401800
1666099800,174.82001,176.91000,173.41000,175.06000,4547400
1666186200,174.82001,175.84000,172.33000,173.36000,5200200
1666272600,174.20000,174.36000,171.11000,171.46001,4314000
1666359000,171.20000,173.69000,170.58000,173.06000,5071500
1666618200,174.81000,177.98000,174.67000,177.67999,5316500
1666704600,178.12000,178.87000,176.61000,178.27000,5220000
1666791000,179.25999,180.89999,178.32001,179.07001,5136000
1666877400,180.37000,180.92999,178.57001,178.88000,5424100
1666963800,179.70000,182.92999,179.48000,182.23000,6715300
1667223000,181.17999,182.98000,180.53999,181.58000,4877200
1667309400,180.94000,182.81000,179.89000,180.75999,4084500
1667395800,180.78000,183.58000,178.17000,178.24001,4970600
1667482200,176.78000,178.89999,176.53000,177.78000,3753800
1667568600,177.92000,179.78999,176.53000,178.78000,3922400
1667831400,179.52000,180.62000,178.83000,180.21001,3246100
1667917800,180.44000,182.11000,178.80000,180.71001,3724700
1668004200,179.95000,181.07001,178.39999,178.55000,4723600
1668090600,182.64999,182.92000,178.56000,181.70000,6704100
1668177000,181.13000,181.69000,175.44000,178.05000,7390500
1668436200,178.67000,179.17999,176.50000,176.73000,5633000
1668522600,178.03999,178.70000,175.42000,177.19000,5153600
1668609000,178.30000,179.63000,177.72000,178.33000,4701100
1668695400,177.49001,180.16000,177.42999,180.03000,3920300
1668781800,180.21001,181.84000,180.02000,181.33000,4498100
1669041000,182.27000,185.13000,182.09000,184.82001,4397600
1669127400,185.81000,186.62000,184.37000,184.84000,4109600
1669213800,185.00000,186.08000,184.50000,185.08000,2511000
1669386600,184.58000,185.00000,183.94000,184.11000,1837000
1669645800,184.39999,185.49001,183.50999,183.89000,6411400
1669732200,183.30000,183.42000,181.02000,182.59000,4375400
1669818600,181.89999,185.70000,180.24001,185.50999,7915600
1669905000,185.48000,186.33000,184.16000,185.89999,4683300
1669991400,184.00000,186.31000,183.84000,185.69000,3547700
1670250600,183.42999,183.94000,182.32001,183.12000,4083200
1670337000,183.75000,184.28999,180.70000,181.63000,5835100
1670423400,181.81000,182.45000,180.69000,182.17999,4241700
1670509800,181.81000,183.98000,181.25999,183.78000,3800800
1670596200,184.21001,184.21001,183.05000,183.10001,3116100
1670855400,184.17999,184.17999,182.36000,183.97000,4691400
1670941800,186.48000,186.84000,182.94000,183.87000,5634900
1671028200,184.07001,185.88000,182.13000,183.36000,5392500
1671114600,181.98000,182.71001,178.39000,180.25000,6127800
1671201000,180.08000,181.19000,178.48000,180.34000,15708100
1671460200,180.86000,183.47000,180.35001,181.34000,4447800
1671546600,181.82001,182.25000,180.64000,181.23000,3249000
1671633000,181.55000,183.67999,181.39999,182.50000,4236900
1671719400,181.86000,182.05000,178.92000,181.09000,4304700
1671805800,180.91000,182.55000,180.45000,182.25999,2197800
1672151400,183.28000,183.61000,182.27000,183.07001,3045000
1672237800,184.10001,184.53999,181.64000,181.75000,2694300
1672324200,181.92000,182.86000,181.89000,181.98000,2549200
1672410600,181.38000,181.96001,179.28999,180.66000,3136200
1672756200,180.59000,180.75000,176.57001,179.41000,5137400
1672842600,179.41000,180.53999,177.55000,178.97000,4771300
1672929000,177.96001,178.77000,176.86000,177.10001,3647100
1673015400,178.81000,181.83000,178.80000,181.10001,3713200
1673274600,180.44000,182.77000,178.81000,179.33000,3319200
1673361000,178.78999,179.53000,177.09000,177.85001,3817300
1673447400,179.39000,179.71001,175.67999,178.05000,4369900
1673533800,177.66000,178.37000,175.32001,175.78000,4246600
1673620200,175.39999,175.73000,174.17000,175.24001,4720400
1673965800,176.14999,177.55000,175.49001,176.06000,5032600
1674052200,175.24001,175.74001,171.33000,171.62000,5032600
1674138600,171.28000,172.17000,169.48000,169.63000,4720400
1674225000,168.95000,169.89000,167.46001,169.88000,5779100
1674484200,170.00999,170.75999,168.72000,169.12000,5440400
1674570600,169.61000,170.87000,168.45000,170.69000,4125600
1674657000,170.34000,171.98000,169.34000,171.92999,3852800
1674743400,171.64000,171.67000,170.03999,170.22000,4558400
1674829800,169.77000,170.23000,168.58000,169.62000,5451400
1675089000,169.78000,171.46001,169.14000,169.48000,5191500
1675175400,170.20000,171.07001,169.32001,171.02000,4665500
1675261800,170.88000,172.32001,169.50999,171.56000,4147700
1675348200,169.46001,170.56000,168.50999,169.97000,5653800
1675434600,170.96001,171.28999,167.05000,169.12000,5308200
1675693800,169.74001,172.38000,169.59000,171.82001,5640000
1675780200,170.28999,172.03000,169.25999,171.56000,6044700
1675866600,171.00000,171.33000,170.24001,171.16000,5687300
1675953000,175.32001,176.49001,172.03999,172.78000,9619400
1676039400,173.12000,176.59000,172.64999,176.20000,6176000
1676298600,176.25999,178.23000,176.03999,177.77000,5205100
1676385000,177.10001,177.25000,174.78999,175.77000,5203000
1676471400,175.00000,176.05000,174.59000,176.00999,4125500
1676557800,174.74001,176.89999,174.53999,175.50999,4973200
1676644200,175.16000,176.42000,174.83000,176.28000,3952100
1676989800,175.58000,177.41000,174.67000,176.17999,5797300
1677076200,176.72000,177.42999,175.77000,176.12000,5299500
1677162600,176.66000,176.99001,174.99001,176.31000,3801400
1677249000,175.46001,176.33000,174.28999,175.96001,2959100
1677508200,176.97000,177.25000,175.64999,175.91000,3208500
1677594600,174.88000,175.06000,173.20000,173.53000,4317100
1677681000,172.32001,172.46001,169.12000,171.33000,5359100
1677767400,170.50999,173.75999,169.78000,173.32001,4476300
1677853800,173.00000,173.45000,171.33000,173.14999,3627100
1678113000,172.22000,173.66000,172.22000,173.50000,3611400
1678199400,173.67000,174.25999,171.87000,172.64000,4094900
1678285800,172.67999,173.36000,171.78000,173.11000,2920200
1678372200,173.62000,174.36000,171.20000,171.80000,4042100
1678458600,172.53000,174.24001,170.96001,172.03000,4129900
1678714200,172.75999,177.23000,172.61000,173.71001,8265100
1678800600,172.49001,173.81000,171.57001,173.53000,6480800
1678887000,173.53000,176.66000,173.19000,176.63000,7099800
1678973400,176.61000,177.00000,175.32001,176.50999,4734400
1679059800,176.50999,176.69000,174.23000,175.13000,8854600
1679319000,176.50000,177.67999,175.50999,177.59000,4367000
1679405400,177.66000,178.17000,176.28000,178.00999,3812000
1679491800,177.84000,179.37000,176.42000,176.50999,4380800
1679578200,176.06000,177.22000,175.02000,175.64999,4655600
1679664600,176.53000,179.34000,176.39000,179.09000,3713800
1679923800,179.58000,180.64999,179.31000,179.49001,4078600
1680010200,179.33000,180.46001,179.33000,179.42999,2850000
1680096600,180.64999,180.91000,179.99001,180.67000,4496000
1680183000,181.00000,181.33000,180.08000,180.83000,2743000
1680269400,182.16000,182.49001,181.32001,182.30000,4479800
1680528600,181.89999,182.75999,180.39999,182.50000,3902300
1680615000,182.17999,183.36000,181.10001,181.85001,3306400
1680701400,183.25000,184.96001,183.06000,183.64000,3826300
1680787800,183.30000,184.74001,183.10001,184.36000,3389700
1681133400,183.83000,183.89999,181.69000,183.20000,2408100
1681219800,183.42000,183.88000,182.75999,182.92000,3586700
1681306200,182.69000,183.78000,182.25000,182.56000,3620900
1681392600,182.62000,184.61000,182.11000,184.38000,4303600
1681479000,183.34000,184.02000,182.92000,183.50999,2572900
1681738200,184.19000,184.75000,183.48000,184.45000,3224400
1681824600,184.77000,185.22000,183.74001,184.83000,2438600
1681911000,185.24001,185.32001,184.25999,184.72000,2209900
1681997400,184.84000,186.03999,184.20000,185.33000,3868200
1682083800,185.99001,186.38000,185.13000,185.41000,3781800
1682343000,186.50000,186.57001,185.02000,185.50000,3540200
1682429400,186.56000,190.17999,186.24001,189.71001,6231600
1682515800,188.48000,189.42000,187.87000,188.53999,4481700
1682602200,188.17999,189.95000,187.50999,189.69000,4574500
1682688600,189.89999,191.62000,189.64000,190.89000,4608900
1682947800,190.45000,192.33000,190.28000,191.67999,3137800
1683034200,191.36000,192.50000,189.75000,192.25000,3712200
1683120600,192.58000,193.25000,191.78000,192.17999,3389600
1683207000,193.08000,193.95000,192.16000,193.38000,4267600
1683293400,192.82001,194.48000,192.39000,194.27000,4146500
1683552600,193.39999,194.00000,192.64999,193.35001,2249900
1683639000,193.86000,194.67000,192.71001,194.14000,3087600
1683725400,194.11000,195.58000,192.67000,194.27000,4352900
1683811800,194.28000,195.52000,193.00000,195.34000,3690200
1683898200,195.34000,196.22000,194.95000,196.12000,2741000
1684157400,196.57001,196.88000,194.00000,194.27000,2946400
1684243800,194.48000,194.48000,192.53999,193.42999,5803100
1684330200,193.31000,193.59000,190.84000,192.06000,4878800
1684416600,191.32001,191.71001,190.41000,191.56000,3709400
1684503000,192.46001,192.86000,191.10001,191.84000,3883000
1684762200,191.19000,191.39000,186.41000,186.64000,5787000
1684848600,186.49001,186.63000,184.59000,186.07001,6382300
1684935000,186.27000,186.74001,184.37000,184.89000,3721000
1685021400,182.70000,184.22000,181.95000,183.80000,4712700
1685107800,183.71001,184.25000,182.39999,183.58000,4449300
1685453400,182.06000,183.09000,180.70000,181.61000,4331800
1685539800,182.86000,184.62000,181.46001,182.35001,20414600
1685626200,182.42000,182.69000,180.80000,182.19000,5277400
1685712600,182.02000,184.28999,181.70000,184.06000,4288300
1685971800,183.85001,186.17000,183.61000,184.19000,4311700
1686058200,184.98000,185.12000,180.42999,181.56000,3975600
1686144600,180.71001,181.74001,179.70000,180.11000,5162700
1686231000,179.70000,182.30000,179.33000,182.10001,4036100
1686317400,181.71001,182.83000,181.00000,182.35001,3200100
1686576600,182.49001,182.73000,180.69000,181.89999,4207100
1686663000,182.13000,182.19000,181.08000,181.53999,2838700
1686749400,182.00000,183.64999,181.44000,183.17000,3559300
1686835800,184.25999,186.17000,183.52000,185.71001,4326100
1686922200,186.14000,187.59000,185.70000,186.03999,8925700
1687267800,186.53999,187.87000,185.24001,185.31000,4154800
1687354200,185.72000,186.88000,184.19000,185.42999,3832400
1687440600,186.73000,187.58000,185.87000,187.35001,3185800
1687527000,188.00000,188.00000,185.95000,186.07001,7592600
1687786200,186.16000,186.42999,184.12000,184.89000,3706100
1687872600,184.67000,186.61000,183.96001,186.22000,5763000
1687959000,186.25000,186.74001,183.38000,183.70000,5193900
1688045400,183.25000,183.89000,181.39000,183.88000,5770400
1688131800,184.03999,185.52000,183.88000,185.22000,7635100
1688391000,184.30000,185.64000,183.47000,185.60001,2389000
1688563800,185.00000,186.69000,184.97000,186.58000,5277100
1688650200,185.81000,186.75000,184.89000,186.60001,5592100
1688736600,185.82001,185.88000,183.03000,183.08000,6309900
1688995800,184.07001,185.91000,183.78000,184.30000,5508800
1689082200,184.38000,184.73000,182.42000,183.98000,3914300
1689168600,183.98000,184.61000,182.98000,183.17000,6080100
1689255000,185.80000,188.06000,183.25999,187.53000,8223100
1689341400,187.86000,188.63000,187.09000,188.21001,4467600
1689600600,186.34000,187.00999,185.42000,185.63000,5637400
1689687000,185.44000,186.82001,183.82001,184.45000,5684100
1689773400,185.00000,186.60001,184.42000,186.25999,4140800
1689859800,187.50000,189.99001,186.81000,189.30000,5056500
1689946200,190.11000,191.47000,189.30000,190.16000,15022100
1690205400,190.59000,191.42999,190.14000,190.92000,4225800
1690291800,190.41000,192.00999,190.06000,191.36000,3521600
1690378200,191.12000,192.38000,190.06000,191.60001,3898900
1690464600,192.00000,192.28999,188.39999,188.53000,4141800
1690551000,190.14000,191.37000,189.78999,190.31000,5602300
1690810200,189.45000,189.59000,186.85001,187.46001,5687700
1690896600,187.49001,188.60001,186.39999,186.82001,2853900
1690983000,186.59000,189.97000,186.39999,188.31000,4285900
1691069400,188.17000,189.22000,186.97000,187.12000,2857400
1691155800,187.12000,188.00999,184.35001,184.60001,4651100
1691415000,185.28000,187.21001,185.10001,186.89000,3323400
1691501400,187.20000,187.48000,184.03000,184.44000,5017900
1691587800,183.88000,185.00000,182.63000,183.98000,4413100
1691674200,184.22000,185.59000,183.53000,183.75000,3727200
1691760600,184.00000,184.28000,183.28000,184.03999,2873800
1692019800,184.39000,184.86000,183.13000,183.62000,3385600
1692106200,183.14999,183.46001,181.13000,181.35001,3331800
1692192600,181.60001,182.95000,180.95000,181.21001,2633700
1692279000,181.21001,181.41000,178.32001,178.45000,4503000
1692365400,178.46001,179.55000,177.27000,178.17999,6020300
1692624600,177.73000,177.96001,176.23000,177.05000,4284100
1692711000,176.17999,176.82001,175.31000,175.70000,3489300
1692797400,177.25000,178.28000,176.37000,178.12000,4042700
1692883800,178.00999,180.44000,177.10001,177.17999,5709800
1692970200,178.06000,179.71001,177.84000,179.42000,4710700
1693229400,180.82001,181.17999,179.34000,180.25000,3189800
1693315800,180.30000,181.22000,179.02000,180.92999,4368600
1693402200,181.46001,182.25999,180.72000,181.08000,3153400
1693488600,179.34000,179.63000,177.86000,177.92000,5566700
1693575000,178.73000,178.81000,174.64000,175.32001,4801400
1693920600,175.27000,175.88000,173.64999,174.16000,5081800
1694007000,174.92000,174.99001,173.48000,174.73000,5933800
1694093400,175.85001,177.06000,175.21001,176.39999,4934300
1694179800,175.81000,177.14999,175.61000,176.27000,2995000
1694439000,176.83000,179.42999,176.83000,178.92999,4512700
1694525400,178.74001,178.92000,177.80000,178.27000,3331100
1694611800,178.33000,180.14000,178.21001,179.67999,3781400
1694698200,179.94000,181.69000,179.33000,181.23000,4118300
1694784600,181.41000,181.82001,179.61000,179.84000,11661200
1695043800,181.00000,181.00000,178.42999,179.38000,3182600
1695130200,178.86000,179.13000,177.30000,178.32001,3369300
1695216600,179.09000,179.42000,177.56000,178.38000,3695800
1695303000,178.10001,178.33000,175.13000,175.38000,5351000
1695389400,174.94000,176.39000,174.37000,175.27000,4542300
1695648600,174.67999,175.44000,173.17999,174.33000,3553600
1695735000,173.00000,173.72000,171.64000,172.52000,5213700
1695821400,172.31000,172.69000,169.03000,169.57001,5729900
1695907800,169.92999,170.17999,168.17999,169.50000,4841600
1695994200,170.50999,170.84000,168.03999,169.44000,5194200
1696253400,169.08000,169.49001,167.32001,169.17000,3838800
1696339800,168.86000,170.00000,167.03000,167.70000,4873400
1696426200,168.45000,169.13000,167.06000,168.91000,4134000
1696512600,168.77000,168.81000,159.87000,160.10001,10556400
1696599000,158.78000,160.92000,155.83000,160.28999,12774700
1696858200,160.00000,161.42000,158.64000,161.36000,7244500
1696944600,164.25000,165.17999,162.03000,164.39999,11456400
1697031000,165.00999,165.44000,161.60001,162.62000,7371500
1697117400,162.60001,162.64999,157.42999,158.08000,9024100
1697203800,158.62000,160.24001,157.95000,160.00000,6757100
1697463000,161.00000,161.95000,159.80000,161.08000,5605000
1697549400,160.00000,161.63000,159.16000,160.37000,6411300
1697635800,161.02000,163.39999,160.87000,162.03000,6650600
1697722200,161.89999,162.72000,160.41000,160.56000,6336800
1697808600,161.37000,162.23000,159.71001,160.00000,5486500
1698067800,159.60001,161.60001,159.06000,160.08000,5795800
1698154200,160.41000,162.85001,159.67999,162.19000,5265200
1698240600,162.05000,163.50000,161.47000,162.35001,4534600
1698327000,162.67999,163.36000,161.30000,161.41000,5147000
1698413400,162.02000,162.14000,158.89000,159.62000,5078000
1698672600,161.30000,162.58000,160.74001,162.28000,4625900
1698759000,162.95000,163.35001,161.66000,163.28000,5947400
1698845400,163.67000,165.42999,162.75999,164.87000,6682500
1698931800,164.74001,167.16000,164.67000,166.83000,5413400
1699018200,168.67999,168.81000,166.69000,166.78999,4063300
1699281000,165.46001,167.50000,165.21001,166.70000,5784600
1699367400,166.80000,167.71001,166.12000,167.17999,4687200
1699453800,168.17000,168.34000,166.66000,167.39000,4926600
1699540200,167.58000,167.86000,165.81000,166.16000,5639300
1699626600,167.31000,167.78000,164.86000,166.92000,5552900
1699885800,167.00000,168.78000,166.46001,167.77000,5402300
1699972200,167.95000,168.44000,166.89000,168.11000,6238900
1700058600,168.70000,168.78999,166.27000,167.25000,5611200
1700145000,168.39000,170.00000,166.39999,167.71001,5386400
1700231400,168.05000,168.25000,165.77000,166.75999,5583100
1700490600,166.00000,166.77000,165.72000,166.52000,4886200
1700577000,167.11000,167.86000,165.92000,167.80000,3980000
1700663400,168.35001,169.57001,168.30000,169.22000,3235600
1700836200,168.95000,170.02000,168.95000,169.37000,1751700
1701095400,169.70000,169.70000,168.09000,168.32001,3664700
1701181800,168.38000,169.75999,168.02000,168.86000,4056100
1701268200,169.10001,169.12000,166.64999,167.16000,4722400
1701354600,166.11000,168.36000,164.82001,168.28999,7346700
1701441000,168.37000,168.85001,167.38000,168.69000,4897400
1701700200,168.39999,169.92000,168.19000,169.14000,5323300
1701786600,169.14999,169.57001,167.71001,167.94000,4553800
1701873000,167.98000,168.32001,166.73000,167.50999,4726600
1701959400,168.00000,168.30000,166.70000,167.46001,4934800
1702045800,167.03999,167.12000,165.27000,165.67999,5115200
1702305000,167.44000,168.13000,166.46001,167.82001,6912600
1702391400,169.28000,169.28000,167.71001,168.47000,4515800
1702477800,168.53999,172.05000,168.12000,172.00999,6082100
1702564200,171.64999,171.97000,167.94000,168.25000,7119300
1702650600,167.45000,168.50999,166.45000,167.00000,17734600
1702909800,168.06000,170.25000,167.41000,168.91000,5439500
1702996200,167.94000,168.83000,167.31000,167.95000,4855900
1703082600,166.50999,167.47000,165.67000,165.69000,5157800
1703169000,166.50000,167.10001,165.39000,166.97000,4374000
1703255400,167.36000,168.17000,166.86000,167.67999,3030400
1703601000,167.64999,169.42000,167.25000,168.86000,2779200
1703687400,168.89999,169.49001,168.36000,169.39999,3502500
1703773800,169.39999,169.53999,168.70000,169.39000,2911100
1703860200,169.34000,170.07001,169.17000,169.84000,3291500
1704205800,169.52000,172.99001,169.19000,172.91000,5743100
1704292200,175.00000,175.20000,172.70000,172.95000,5588200
1704378600,171.61000,173.53000,170.58000,171.47000,6283200
1704465000,171.57001,171.57001,167.56000,168.94000,5252500
1704724200,168.94000,169.73000,167.78999,169.11000,5735600
1704810600,167.78999,167.89000,165.92999,167.17000,6268800
1704897000,166.59000,167.96001,166.20000,166.92000,4394900
1704983400,167.14000,167.14000,164.82001,166.13000,4800700
1705069800,166.34000,167.38000,165.57001,167.27000,3546100
1705415400,167.27000,167.52000,165.19000,166.17000,4576600
1705501800,165.99001,166.73000,165.44000,166.44000,4392300
1705588200,165.47000,167.28000,164.99001,167.17000,4709400
1705674600,167.14000,167.24001,165.57001,165.78000,6528600
1705933800,165.96001,166.71001,165.02000,165.11000,5697400
1706020200,164.56000,167.92999,164.36000,167.64000,4932700
1706106600,167.64000,167.74001,165.52000,165.60001,4984700
1706193000,165.81000,166.60001,164.94000,166.56000,5373800
1706279400,166.60001,168.03000,166.60001,167.86000,4849000
1706538600,167.53000,168.70000,167.39000,168.14999,5713600
1706625000,167.67000,169.70000,167.32001,169.62000,4804200
1706711400,169.96001,170.38000,167.88000,168.53000,5769200
1706797800,168.53000,171.80000,167.17000,171.70000,4920800
1706884200,171.24001,171.96001,170.10001,170.97000,5307700
1707143400,170.55000,171.58000,169.05000,170.92000,5142700
1707229800,171.45000,171.83000,169.94000,171.42000,5182700
1707316200,172.63000,172.89999,171.38000,171.47000,5769700
1707402600,171.72000,174.10001,171.41000,173.85001,9269700
1707489000,171.20000,171.39000,166.97000,167.67000,12731700
1707748200,167.86000,171.07001,167.20000,170.61000,7867500
1707834600,171.22000,171.45000,167.24001,168.88000,7302000
1707921000,168.34000,168.64000,166.06000,167.52000,5731900
1708007400,167.95000,168.37000,166.67999,167.86000,4451400
1708093800,167.21001,167.41000,165.67999,166.32001,5246000
1708439400,167.74001,169.52000,167.19000,168.64999,6117900
1708525800,169.95000,170.17999,167.86000,168.83000,4192600
1708612200,167.64000,168.83000,166.10001,168.25000,7539200
1708698600,167.94000,170.25000,167.80000,169.60001,6409800
1708957800,169.42000,169.42000,167.71001,168.25999,3837000
1709044200,167.82001,168.22000,167.35001,168.16000,3567600
1709130600,168.12000,168.50000,166.45000,167.03000,5275300
1709217000,166.21001,166.67999,164.91000,165.34000,8489400
1709303400,164.86000,165.00000,163.25000,164.59000,6109900
1709562600,164.45000,165.64999,163.60001,165.37000,4303700
1709649000,165.22000,165.50000,161.81000,162.03999,6631300
1709735400,162.06000,163.99001,162.03999,163.00000,5302500
1709821800,163.82001,163.89999,162.50000,163.11000,5801600
1709908200,162.32001,164.20000,162.09000,163.05000,6065300
1710163800,163.92000,165.42000,163.31000,164.73000,5404800
1710250200,165.14000,165.42000,163.96001,164.53999,6158500
1710336600,165.10001,166.14000,164.74001,165.30000,4585800
1710423000,166.25999,166.25999,164.20000,164.78000,5155300
1710509400,165.06000,165.38000,163.64000,164.66000,21887300
1710768600,167.05000,172.17999,166.95000,171.25999,10478500
1710855000,171.10001,172.64999,171.00000,171.80000,7653700
1710941400,172.30000,173.10001,171.12000,171.86000,5046700
1711027800,171.92000,173.42000,171.05000,172.45000,4343000
1711114200,173.02000,173.10001,171.75999,172.02000,4106400
1711373400,172.20000,173.09000,172.11000,172.60001,3941900
1711459800,172.17000,172.97000,171.82001,172.73000,4593000
1711546200,174.00000,174.69000,173.05000,173.57001,4911300
1711632600,174.75999,175.81000,174.37000,175.00999,5710400
1711978200,175.57001,176.23000,172.64999,172.98000,4815400
1712064600,172.94000,173.87000,171.36000,171.44000,5158500
1712151000,170.00000,170.92000,168.70000,169.67999,5828000
1712237400,170.92000,171.78000,169.33000,169.64999,5422600
1712323800,169.39999,169.97000,168.07001,169.14000,4412200
1712583000,169.14999,170.05000,168.74001,169.58000,3755700
1712669400,170.23000,170.72000,168.73000,170.61000,3773900
1712755800,169.57001,169.63000,167.77000,168.95000,4581500
1712842200,169.62000,169.87000,167.77000,168.36000,4241500
1712928600,167.69000,168.50999,167.32001,168.10001,5453500
1713187800,169.21001,169.35001,166.03000,166.95000,5133200
1713274200,167.03000,168.50999,166.89000,167.50000,4569700
1713360600,169.09000,169.70000,168.21001,169.48000,4069200
1713447000,170.10001,172.67999,170.10001,172.27000,5574700
1713533400,172.28000,174.27000,171.80000,174.13000,6636700
1713792600,174.41000,177.20000,174.03000,176.46001,7288700
1713879000,174.70000,174.88000,170.14000,171.22000,9145000
1713965400,168.50000,178.09000,167.64999,177.41000,10016700
1714051800,178.28000,180.63000,175.82001,176.67999,7441500
1714138200,174.44000,178.57001,174.34000,175.58000,4472100
1714397400,175.50000,176.32001,175.02000,176.14000,3224500
1714483800,176.27000,176.47000,174.84000,175.91000,4465100
1714570200,175.46001,176.23000,173.66000,175.14999,4340500
1714656600,175.58000,176.32001,174.55000,175.45000,3964800
1714743000,175.80000,176.49001,175.00000,176.14999,3491900
1715002200,176.75999,176.75999,175.13000,175.82001,3576200
1715088600,177.00000,178.14999,176.50999,178.02000,3708000
1715175000,178.71001,178.88000,177.19000,177.41000,3400900
1715261400,177.25999,178.42999,177.09000,178.06000,2421400
1715347800,177.95000,180.16000,177.61000,179.78999,4201600
1715607000,180.50999,181.35001,179.85001,180.89999,4408100
1715693400,181.05000,181.28000,178.60001,179.87000,3508600
1715779800,179.24001,180.39999,179.00000,179.46001,4785100
1715866200,179.63000,183.41000,179.46001,183.11000,5984700
1715952600,182.59000,182.96001,181.83000,182.19000,4449100
1716211800,182.09000,182.13000,179.91000,180.31000,3221100
1716298200,181.50000,181.58000,179.80000,181.08000,3288100
1716384600,180.45000,182.13000,179.98000,182.09000,4047000
1716471000,181.33000,181.89000,179.03999,179.27000,4009000
1716557400,179.37000,179.42000,177.87000,177.99001,3447400
1716903000,176.23000,176.28000,171.89999,173.38000,6178100
1716989400,172.42999,173.17999,170.72000,171.14999,5352100
1717075800,171.35001,171.71001,170.39999,170.48000,3903100
1717162200,169.89000,172.97000,169.52000,172.89999,8155600
1717421400,172.72000,172.89999,171.03000,171.23000,5032400
1717507800,171.21001,174.39000,170.82001,173.89000,4619100
1717594200,173.84000,173.97000,171.96001,173.49001,5370700
1717680600,174.00000,174.39999,172.67999,173.20000,5536700
1717767000,171.50000,172.50999,170.75000,171.03999,3521100
1718026200,170.11000,170.37000,165.62000,165.89999,9429400
1718112600,164.87000,165.46001,163.50999,165.07001,8284500
1718199000,164.88000,165.33000,162.44000,163.83000,6281100
1718285400,162.08000,163.56000,161.53999,163.33000,5432600
1718371800,163.13000,164.39000,162.53000,163.81000,3603300
1718631000,163.49001,166.41000,162.78999,166.14000,5412200
1718717400,166.10001,167.07001,165.25000,166.48000,3519500
1718890200,165.73000,167.64000,165.73000,166.67999,4942400
1718976600,167.21001,169.07001,166.45000,167.28000,10899100
1719235800,167.50000,169.61000,167.09000,168.08000,4476900
1719322200,168.08000,168.96001,167.25000,167.35001,4217300
1719408600,165.89000,167.00999,164.85001,166.74001,4778300
1719495000,166.63000,167.25000,165.27000,166.25999,4326500
1719581400,165.30000,166.22000,164.62000,164.92999,8755900
1719840600,165.03999,166.06000,162.58000,162.89000,4508000
1719927000,163.50000,164.47000,162.32001,163.58000,4650800
1720013400,162.92000,164.13000,161.96001,162.60001,2879600
1720186200,162.64000,164.52000,162.47000,164.39000,4208200
1720445400,163.06000,163.75000,161.92000,162.12000,5268800
1720531800,162.19000,162.56000,161.50000,161.89999,5801200
1720618200,161.84000,163.77000,160.66000,163.59000,7372300
1720704600,159.10001,164.89000,158.03000,163.95000,10258600
1720791000,164.96001,168.03000,164.96001,166.38000,6677000
1721050200,166.00999,166.30000,163.64999,163.86000,4551800
1721136600,163.41000,165.03999,162.84000,164.75999,4461700
1721223000,166.03999,170.07001,165.89000,169.89000,7671000
1721309400,168.71001,172.67000,168.39000,170.37000,6228600
1721395800,170.28000,170.49001,168.47000,169.36000,5332800
1721655000,169.25999,169.71001,167.35001,167.66000,5308400
1721741400,167.78999,168.36000,166.17999,166.28000,3344300
1721827800,166.28000,168.67000,164.95000,168.17000,5867000
1721914200,169.49001,173.49001,168.86000,171.02000,6270900
1722000600,170.73000,172.75999,170.73000,172.75000,5746300
1722259800,172.28999,173.49001,170.85001,173.21001,4152700
1722346200,172.69000,173.45000,171.55000,173.17999,4994600
1722432600,173.92000,174.69000,172.25999,172.67000,6245600
1722519000,172.53000,175.56000,172.50000,174.96001,5994500
1722605400,178.84000,179.95000,173.84000,178.03999,6856100
1722864600,179.52000,180.91000,173.16000,174.03999,7502300
1722951000,173.28000,176.21001,172.36000,172.49001,7287100
1723037400,171.62000,174.39000,171.33000,171.78999,5428900
1723123800,170.21001,173.00000,169.81000,172.37000,5112500
1723210200,172.09000,172.78000,170.39000,172.39000,3223000
1723469400,172.24001,172.87000,170.71001,171.42000,3802300
1723555800,171.62000,172.42000,170.22000,172.37000,3894700
1723642200,172.23000,174.34000,171.92999,173.71001,3555800
1723728600,173.71001,174.30000,171.83000,172.52000,4472100
1723815000,172.52000,172.78000,171.11000,172.62000,4614600
1724074200,172.66000,173.98000,172.44000,173.82001,3521700
1724160600,173.53000,176.03000,172.50000,175.85001,5330100
1724247000,175.94000,176.82001,174.62000,175.21001,4020700
1724333400,175.83000,176.08000,174.70000,175.74001,5265900
1724419800,176.63000,176.67999,173.67000,175.87000,5283600
1724679000,176.32001,176.84000,175.73000,175.97000,4146700
1724765400,176.31000,176.88000,174.52000,175.30000,3520600
1724851800,175.55000,175.74001,173.35001,173.92000,3915500
1724938200,173.75999,173.96001,171.91000,172.09000,4654300
1725024600,172.06000,173.56000,171.25000,172.88000,8677300
1725370200,172.38000,177.89000,171.88000,177.53999,7032100
1725456600,177.89999,179.64999,176.28999,178.52000,6188500
1725543000,178.73000,179.73000,177.52000,179.30000,5743100
1725629400,177.44000,178.58000,177.00000,177.34000,6395300
1725888600,177.05000,178.78999,175.86000,178.19000,4666200
1725975000,178.64999,179.10001,177.64000,177.81000,4315800
1726061400,177.44000,177.75000,174.42999,175.78000,4036000
1726147800,175.78000,177.69000,173.95000,177.25000,4222800
1726234200,177.45000,177.96001,176.37000,177.36000,3290400
1726493400,179.00000,179.42999,176.35001,177.21001,4940100
1726579800,177.00000,178.09000,176.30000,176.87000,6305100
1726666200,176.86000,178.06000,174.42999,175.21001,5307900
1726752600,175.75000,176.22000,174.14999,174.66000,5504000
1726839000,172.57001,173.77000,170.22000,171.17999,12198400
1727098200,170.87000,173.94000,170.73000,172.11000,5350300
1727184600,170.99001,171.60001,169.50000,169.92000,7837900
1727271000,170.39999,170.77000,168.75999,169.39999,4505100
1727357400,169.22000,171.00000,168.67999,169.69000,5673600
1727443800,169.96001,171.64999,169.67999,170.00000,7545800
1727703000,170.58000,171.74001,169.58000,170.05000,5054300
1727789400,171.28999,171.94000,169.77000,171.38000,7095900
1727875800,171.50000,171.74001,168.52000,169.55000,5786000
1727962200,168.14000,169.11000,167.17000,168.53000,5090300
1728048600,167.14999,168.50000,166.82001,167.97000,4390100
1728307800,167.72000,167.92999,166.46001,167.21001,5459500
1728394200,167.72000,170.64999,166.85001,170.42000,8297800
1728480600,169.38000,173.28000,169.10001,172.53999,7177500
1728567000,172.07001,173.06000,171.22000,172.99001,5292400
1728653400,174.00000,175.17999,172.87000,174.81000,4720300
1728912600,174.96001,176.27000,174.44000,176.10001,4535900
1728999000,176.36000,177.39000,175.12000,175.89999,5802300
1729085400,175.00999,175.33000,173.63000,174.48000,4400900
1729171800,174.38000,175.47000,173.70000,174.67000,4125900
1729258200,172.30000,175.33000,172.12000,175.06000,5097000
1729517400,174.46001,177.50000,174.35001,175.00999,6436300
1729603800,174.50999,174.95000,173.50999,174.37000,3790500
1729690200,173.70000,173.84000,172.47000,172.95000,3800700
1729776600,172.92000,173.53999,171.70000,172.16000,4244900
1729863000,172.47000,174.00000,171.60001,171.78999,4442600
1730122200,172.98000,172.98000,169.73000,169.84000,5186400
1730208600,169.20000,169.20000,166.97000,167.50000,5127900
1730295000,167.00000,167.64000,166.08000,166.21001,4801500
1730381400,166.10001,167.50000,165.81000,166.08000,5582400
1730467800,166.09000,166.25000,165.21001,165.59000,6339000
1730730600,165.59000,166.64999,165.19000,166.34000,4885500
1730817000,165.95000,167.96001,165.67000,167.85001,3678300
1730903400,167.37000,167.41000,163.60001,164.71001,7849300
1730989800,164.50000,164.89999,163.47000,164.00000,5333500
1731076200,163.84000,165.82001,163.64999,165.11000,4618300
1731335400,164.41000,166.14999,163.98000,164.25999,3762000
1731421800,164.09000,165.00000,163.14999,164.34000,5386600
1731508200,163.49001,164.80000,162.37000,164.74001,4145000
1731594600,164.74001,166.89000,163.83000,165.14999,5422700
1731681000,164.38000,164.38000,158.05000,158.62000,9108900
1731940200,159.41000,159.85001,157.75999,158.33000,6991300
1732026600,157.75000,157.87000,155.85001,156.72000,8248900
1732113000,156.45000,159.11000,156.20000,158.74001,5067300
1732199400,158.39000,160.50000,157.95000,160.34000,5977000
1732285800,160.89999,162.06000,159.89000,162.00000,5846300
1732545000,162.70000,163.59000,162.00000,163.05000,8580400
1732631400,163.27000,163.67999,161.89999,162.16000,4653600
1732717800,161.94000,165.13000,161.67999,162.72000,3622900
1732890600,161.42999,163.59000,160.95000,163.45000,2799300
1733149800,163.32001,163.64999,161.75999,163.05000,4967400
1733236200,162.84000,163.05000,161.42000,161.70000,4277400
1733322600,160.60001,161.03000,159.41000,160.17999,6964600
1733409000,160.92999,161.00999,158.83000,160.49001,5229600
1733495400,159.35001,160.80000,157.69000,157.78999,8359200
1733754600,157.91000,161.50000,157.14000,159.47000,8380400
1733841000,159.00000,160.42000,157.35001,159.84000,5329400
1733927400,160.21001,160.50999,156.25999,156.77000,7925900
1734013800,159.09000,159.39999,157.97000,158.89999,6849500
1734100200,157.53000,159.57001,157.06000,157.97000,4353900
1734359400,157.85001,158.82001,155.88000,156.02000,6696500
1734445800,155.74001,158.50000,155.24001,156.14000,6572600
1734532200,155.03000,155.83000,154.11000,154.42999,7620900
1734618600,153.09000,154.08000,151.41000,151.47000,9829500
1734705000,150.86000,153.49001,150.50999,152.78999,19205200
1734964200,152.41000,152.41000,149.71001,151.28999,6822200
1735050600,150.50000,152.83000,150.41000,152.81000,3399800
1735223400,152.53000,153.17999,152.24001,152.44000,5528500
1735309800,151.28999,153.47000,151.25999,152.89000,4287000
1735569000,152.66000,153.09000,151.09000,151.72000,5397000
1735655400,151.80000,153.14999,150.94000,152.06000,4274800
1735828200,152.88000,153.66000,149.89000,150.21001,4970200
1735914600,150.96001,150.96001,149.56000,149.64999,5218100
1736173800,149.60001,149.95000,146.10001,146.27000,9470600
1736260200,146.46001,147.97000,145.34000,145.39999,7473300
1736346600,145.39999,146.67000,144.56000,146.53999,6791800
1736519400,145.00000,145.57001,141.50999,142.64000,9632700
1736778600,142.78999,145.14000,142.14000,144.50000,8101400
1736865000,144.19000,145.14000,143.56000,144.95000,6996400
1736951400,145.49001,146.20000,144.17000,144.78000,7141600
1737037800,144.05000,146.78999,143.69000,146.53999,5068000
1737124200,147.72000,148.62000,147.17000,148.25000,7338900
1737469800,148.33000,149.78000,147.77000,148.55000,7456200
1737556200,148.23000,149.45000,147.78999,148.09000,5905100
1737642600,148.49001,148.94000,146.61000,148.62000,4759100
1737729000,148.82001,149.31000,148.13000,149.12000,4509600
1737988200,150.92000,155.47000,150.89999,154.61000,9820600
1738074600,154.14999,154.61000,150.12000,150.25000,6349700
1738161000,151.13000,152.00000,150.23000,150.37000,4874100
1738247400,151.28000,153.08000,150.63000,151.89999,4671300
1738333800,150.75999,151.69000,150.27000,150.69000,4905500
1738593000,149.75999,151.13000,148.83000,150.27000,7196200
1738679400,146.10001,147.75000,143.00000,143.49001,12804900
1738765800,143.39000,145.78999,142.70000,145.66000,9248100
1738852200,146.25999,146.89999,143.96001,145.35001,5604900
1738938600,145.00999,145.14999,143.89999,144.58000,5872300
1739197800,144.35001,144.52000,143.00999,144.35001,8715400
1739284200,144.37000,145.72000,143.39999,145.64000,6354000
1739370600,144.03999,144.78000,143.03000,143.99001,6658200
1739457000,144.23000,144.94000,143.60001,144.58000,7175300
1739543400,144.67000,146.17000,143.33000,143.39000,5001800
1739889000,142.89999,144.14999,141.60001,144.10001,8738700
1739975400,144.23000,145.92999,144.14999,145.81000,5777300
1740061800,145.11000,149.19000,145.00000,149.10001,6789800
1740148200,149.99001,154.55000,148.89999,153.50000,10604400
1740407400,152.34000,156.32001,152.12000,153.85001,7187000
1740493800,154.78999,158.46001,154.00000,156.42000,9474600
1740580200,155.57001,155.61000,151.14000,151.50999,9076500
1740666600,150.89999,152.69000,149.92999,152.02000,6731000
1740753000,153.70000,155.10001,152.35001,153.47000,8455500
1741012200,151.35001,156.14999,150.50000,155.99001,8321700
1741098600,157.34000,160.14999,153.96001,154.19000,10274200
1741185000,152.92999,155.34000,152.73000,153.88000,5578700
1741271400,154.17000,154.97000,152.53000,154.61000,8421000
1741357800,153.25000,157.59000,152.77000,154.44000,8997700
1741613400,155.88000,160.08000,155.37000,156.25000,11156900
1741699800,155.78999,156.05000,151.81000,152.33000,7981600
1741786200,147.53999,149.53000,146.50999,148.17000,8330200
1741872600,148.37000,150.48000,148.06000,148.34000,5351100
1741959000,147.13000,149.16000,147.08000,148.59000,5277500
1742218200,149.23000,151.67000,149.13000,151.34000,5449500
1742304600,150.00000,151.30000,148.75000,148.99001,8158600
1742391000,148.16000,148.88000,146.78999,148.11000,6080100
1742477400,147.56000,148.07001,146.64000,147.14999,4536400
1742563800,147.00000,147.70000,144.75000,145.45000,11574800
1742823000,145.49001,146.72000,144.83000,146.45000,5968900
1742909400,146.14999,146.30000,144.83000,145.53999,4763300
1742995800,146.00000,149.33000,145.75000,148.64000,5882200
1743082200,149.59000,150.41000,149.09000,149.67000,5397500
1743168600,150.44000,151.38000,147.11000,149.27000,8550900
1743427800,150.20000,152.59000,149.75000,149.94000,9985700
1743514200,150.49001,150.78999,148.67000,149.67000,6072800
1743600600,150.23000,150.50000,148.07001,149.12000,5866200
1743687000,151.69000,154.05000,150.86000,151.37000,8216200
1743773400,152.99001,154.92000,146.44000,146.61000,12911400
1744032600,141.32001,146.10001,140.67000,143.19000,14423200
1744119000,143.95000,145.39999,139.14999,140.30000,9488900
1744205400,140.25000,145.95000,138.33000,145.59000,14067000
1744291800,145.42000,147.14000,142.92000,144.14000,10980300
1744378200,145.14999,145.28999,142.12000,144.42999,8563300
1744637400,144.16000,147.17999,143.50000,146.75000,5393800
1744723800,145.84000,145.98000,142.63000,142.84000,5459600
1744810200,144.11000,144.39999,139.77000,140.09000,7878600
1744896600,140.34000,143.57001,140.07001,142.84000,6131400
1745242200,142.50000,142.83000,140.57001,141.73000,7412800
1745328600,142.28000,144.28000,141.95000,143.46001,7144700
1745415000,143.27000,144.00999,140.85001,142.25999,7760000
1745501400,141.45000,141.85001,134.53000,135.31000,15577300
1745587800,135.47000,135.61000,131.80000,133.38000,11544700
1745847000,133.89999,135.41000,133.10001,133.75999,8498600
1745933400,132.48000,134.46001,131.52000,134.31000,7010700
1746019800,135.63000,136.17999,133.10001,135.58000,7923500
1746106200,134.47000,134.81000,133.24001,133.55000,6807000
1746192600,134.14999,134.39999,133.14999,133.75000,7169700
1746451800,134.03999,134.03999,131.70000,131.99001,8972200
1746538200,131.89999,131.89999,130.16000,130.74001,6889900
1746624600,130.95000,132.67000,130.27000,131.92000,6313200
1746711000,131.89000,132.98000,131.25999,131.42999,6392400
1746797400,131.14999,131.64999,130.17999,130.44000,4770500
1747056600,130.84000,132.33000,130.06000,131.67999,8392700
1747143000,131.17000,131.64000,129.75000,130.31000,8650200
1747229400,130.07001,130.17000,127.87000,128.45000,10463000
1747315800,129.19000,131.55000,128.81000,131.50000,9165100
1747402200,132.09000,132.25999,130.64999,131.98000,8896400
1747661400,132.13000,132.25999,131.11000,131.78999,9406200
1747747800,131.75000,132.17000,131.35001,131.80000,7624200
1747834200,131.80000,131.89999,130.06000,130.14999,9243700
1747920600,130.02000,130.70000,128.82001,130.12000,7140200
1748007000,129.56000,129.75999,127.75000,129.34000,8122500
1748352600,130.08000,131.46001,129.13000,131.37000,13974800
1748439000,131.28999,132.19000,130.47000,130.67000,9431500
1748525400,130.86000,132.07001,130.25000,131.92000,6656900
1748611800,132.14999,132.72000,131.28999,131.45000,12992100
1748871000,130.89999,131.03000,129.07001,130.91000,6723700
1748957400,130.63000,132.21001,129.81000,131.85001,7339500
1749043800,132.24001,132.74001,131.10001,131.74001,6519700
1749130200,131.20000,131.41000,130.21001,131.11000,9560800
1749216600,130.25000,130.67000,129.34000,130.03000,7628200
1749475800,129.83000,130.64999,129.17999,129.96001,8453100
1749562200,130.20000,132.12000,129.46001,131.83000,11852900
1749648600,131.94000,131.97000,129.78999,129.89999,9168400
1749735000,129.89000,132.33000,129.71001,132.30000,11444900
1749821400,131.75999,133.06000,130.59000,130.85001,9581000
1750080600,131.31000,132.09000,130.23000,131.41000,11183700
1750167000,131.16000,131.69000,129.13000,129.28999,10235200
1750253400,129.63000,129.67999,128.59000,129.07001,8785800
1750426200,129.53000,130.42000,128.89999,129.07001,23001000
1750685400,129.28999,129.50000,127.82000,129.09000,12840400
1750771800,129.14000,131.21001,129.05000,131.05000,9226800
1750858200,130.25999,130.59000,127.63000,128.02000,10922600
1750944600,127.71000,129.16000,127.60000,128.22000,11538100
1751031000,128.28999,131.34000,128.11000,131.03999,26536500
1751290200,131.20000,132.36000,130.59000,132.03999,11402400
1751376600,132.59000,136.39000,132.47000,135.25999,12846700
1751463000,135.25000,137.00000,134.88000,136.48000,9388700
1751549400,136.70000,136.83000,135.24001,135.38000,4941400
1751895000,135.53000,135.72000,133.67999,134.45000,7773700
1751981400,133.41000,135.67000,133.28000,135.03999,7718300
1752067800,134.89999,135.38000,132.96001,134.48000,7762600
1752154200,134.42999,136.67999,133.63000,136.08000,8869700
1752240600,134.84000,135.39000,133.81000,135.25999,7963600
1752499800,134.75000,135.88000,133.86000,135.57001,8480300
1752586200,135.42999,135.50999,133.75000,133.81000,8933500
1752672600,133.95000,135.50999,133.75000,135.35001,10941600
1752759000,141.70000,145.96001,141.64000,145.44000,26161000
1752845400,146.25999,146.35001,142.94000,143.24001,13752800
1753104600,143.10001,143.59000,140.46001,141.70000,9025600
1753191000,141.23000,146.39999,141.23000,146.03999,8281500
1753277400,145.86000,147.03000,145.09000,145.66000,6166000
1753363800,145.82001,146.47000,143.98000,144.50999,9749400
1753450200,144.81000,144.82001,142.70000,143.45000,7021600
1753709400,142.70000,143.10001,141.46001,141.57001,10639100
1753795800,141.57001,143.99001,141.13000,143.89000,6282900
1753882200,143.77000,144.39999,142.28999,142.86000,9738400
1753968600,140.98000,141.57001,137.64000,137.92000,11689700
1754055000,139.10001,139.81000,138.28999,139.28000,7630500
1754314200,139.28999,140.32001,138.75000,139.56000,8384700
1754400600,139.60001,140.35001,139.25999,139.45000,5535100
1754487000,139.89999,141.58000,139.36000,140.80000,6747400
1754573400,141.24001,144.31000,140.48000,143.92000,7674600
1754659800,143.92000,145.37000,143.80000,145.21001,5315100
1754919000,145.32001,145.60001,143.75000,144.87000,5773400
1755005400,145.55000,147.00999,144.72000,146.87000,7668700
1755091800,146.89000,149.53999,146.85001,149.35001,6147000
1755178200,149.03999,149.50000,148.05000,148.62000,6892500
1755264600,149.39000,151.10001,148.49001,150.39999,9162200
1755523800,150.55000,150.55000,148.92000,149.55000,9901000
1755610200,150.00000,152.32001,149.86000,152.16000,8596900
1755696600,153.21001,154.61000,148.69000,150.73000,10023500
1755783000,150.32001,150.32001,148.60001,148.98000,8153600
1755869400,149.64999,151.17999,149.09000,149.64000,5218000
1756128600,148.42999,148.82001,147.58000,148.20000,6624300
1756215000,147.50000,148.25000,145.81000,147.00000,11208100
1756301400,147.00000,147.78999,146.31000,147.64000,8092900
1756387800,147.96001,148.03999,146.23000,146.98000,9265100
1756474200,147.10001,149.22000,146.87000,148.64999,7760700
1756819800,157.44000,157.80000,150.21001,150.28000,17348600
1756906200,149.95000,150.46001,147.11000,148.64000,11259200
1756992600,149.02000,149.47000,146.45000,146.89000,6342200
1757079000,146.00000,147.88000,145.28000,146.39000,7186300
1757338200,145.72000,145.72000,140.35001,141.71001,11127600
1757424600,141.17999,143.63000,141.10001,143.10001,5866400
1757511000,142.23000,143.11000,141.42000,142.66000,6015100
1757597400,142.89000,144.75000,142.50000,144.23000,6144400
1757683800,144.07001,144.25000,142.89999,143.53000,5713700
1757943000,143.39999,143.53000,140.53000,140.64000,7279600
1758029400,140.69000,141.31000,139.91000,140.03000,9283500
1758115800,140.17000,142.03999,140.14999,141.23000,6092900
1758202200,140.64000,141.63000,140.39000,140.73000,6106600
1758288600,141.46001,142.08000,140.46001,141.75999,12365500
1758547800,141.08000,141.52000,139.94000,141.03000,5797600
1758634200,141.03999,142.23000,139.96001,141.89999,6356500
1758720600,141.81000,142.34000,141.00999,142.17000,5949100
1758807000,143.00000,143.42000,139.86000,139.92000,7101700
1758893400,139.94000,140.99001,139.85001,140.44000,6224700
1759152600,140.44000,140.67000,139.12000,140.17000,11930200
1759239000,140.17000,141.03000,139.83000,140.44000,7583400
1759325400,140.81000,143.37000,140.48000,143.14000,5880800
1759411800,141.89000,143.25000,141.37000,142.31000,4497300
1759498200,142.25999,143.36000,141.86000,141.98000,5425700
1759757400,141.77000,141.85001,138.88000,139.70000,6750700
1759843800,140.37000,141.84000,139.69000,140.78999,6110300
1759930200,140.78999,140.98000,138.69000,138.84000,8256700
1760016600,140.46001,144.74001,138.59000,144.71001,13706600
1760103000,145.63000,150.82001,145.00000,150.08000,17545200
1760362200,148.64999,149.98000,147.34000,148.89000,7272000
1760448600,148.69000,151.62000,148.50000,151.53999,8371100
1760535000,151.33000,152.39000,149.17000,151.16000,6101100
1760621400,152.38000,154.38000,152.28999,152.67000,8532900
1760707800,153.77000,153.91000,151.74001,153.71001,6710100
1760967000,154.42000,154.42000,152.72000,153.64000,4810600
1761053400,154.70000,155.19000,152.84000,153.17999,5614300
1761139800,153.14999,155.17999,152.71001,153.03000,6486000
1761226200,153.17000,153.39999,151.03000,151.50999,6091800
1761312600,152.03999,152.42000,151.27000,151.55000,3580200
1761571800,151.00999,152.87000,150.96001,152.63000,4744600
1761658200,151.41000,153.21001,149.92000,150.12000,5626500
1761744600,148.05000,148.66000,143.67000,146.16000,7767600
1761831000,146.34000,148.09000,146.25000,147.55000,5752700
1761917400,146.20000,147.00000,145.30000,146.09000,6313600
1762180200,145.86000,145.91000,143.25000,143.60001,8331500
1762266600,144.70000,144.92999,142.06000,142.89999,8302900
1762353000,142.89999,143.28000,141.58000,142.86000,7136400
1762439400,142.41000,143.21001,141.30000,141.58000,6449400
1762525800,142.92999,144.05000,141.64999,142.95000,7592300
1762785000,142.49001,143.02000,141.25999,142.62000,6617500
1762871400,143.28000,145.75999,142.67999,145.08000,7683600
1762957800,144.56000,145.50000,144.06000,144.39000,5790100
1763044200,144.10001,146.39000,143.64999,145.02000,6663300
1763130600,145.89000,146.84000,143.92999,145.85001,5770500
1763389800,146.12000,148.11000,145.22000,147.83000,7320200
1763476200,148.30000,149.83000,147.45000,148.77000,10821500
1763562600,148.30000,148.80000,146.69000,147.11000,8123200
1763649000,146.60001,147.08000,144.89999,146.10001,6878900
1763735400,146.28000,148.94000,145.98000,146.33000,7911800
1763994600,145.83000,146.34000,144.75999,145.50000,9391400
1764081000,145.92999,147.12000,145.57001,146.11000,8954000
1764167400,146.32001,148.47000,146.23000,147.98000,5180600
1764340200,147.23000,148.82001,147.23000,148.74001,2969300
1764599400,148.63000,149.82001,148.50999,149.50999,7623300
1764685800,149.46001,149.50999,146.53000,148.61000,6830300
1764772200,148.69000,150.70000,147.91000,148.06000,5109200
1764858600,147.75000,148.25000,146.13000,146.91000,6803000
1764945000,145.62000,145.80000,144.50999,145.02000,5971300
1765204200,145.00999,146.56000,144.20000,145.63000,6327400
1765290600,146.35001,147.56000,143.91000,144.64000,10035200
1765377000,147.77000,149.78000,147.00000,149.70000,18526400
1765463400,150.14999,150.89000,148.13000,149.03999,7854000
1765549800,149.75000,150.67000,148.74001,150.64999,8143100
1765809000,150.94000,151.70000,150.28000,151.22000,8409600
1765895400,151.99001,152.35001,149.99001,150.37000,7520300
1765981800,150.38000,151.24001,149.48000,150.08000,8067100
1766068200,149.80000,150.37000,149.25000,149.37000,6643200
1766154600,149.14999,149.89000,147.89999,148.16000,17543500
1766413800,147.53000,148.98000,146.41000,147.05000,8818700
1766500200,147.19000,147.19000,143.56000,143.67999,7254800
1766586600,143.78999,143.99001,142.95000,143.74001,2618700
1766759400,143.56000,143.94000,143.09000,143.78000,4975500
1767018600,143.74001,145.05000,143.60001,144.24001,7201900
1767105000,143.97000,145.27000,143.92000,144.16000,4713800
1767191400,143.83000,144.03000,143.16000,143.52000,4380300
1767364200,143.22000,143.41000,142.10001,142.23000,7182100
1767623400,141.66000,141.81000,139.39999,139.92000,9031400
1767709800,139.67999,140.06000,138.57001,138.96001,9576500
1767796200,139.22000,139.83000,136.96001,137.00999,8539800
1767882600,136.57001,139.48000,136.00999,139.37000,8762800
1767969000,139.44000,140.78999,138.70000,139.91000,6767600
1768228200,139.91000,141.50999,138.56000,141.36000,12223400
1768314600,141.10001,143.64999,141.03999,143.48000,9030200
1768401000,143.14000,146.30000,143.14000,145.92000,8329500
1768487400,146.06000,147.02000,145.53000,146.57001,5797800
1768573800,147.16000,147.55000,145.50999,146.32001,10313500
1768919400,146.22000,147.66000,144.32001,147.66000,9982800
1769005800,147.05000,148.00999,144.94000,146.74001,7679600
1769092200,146.67999,147.13000,144.17000,144.39999,8167400
1769178600,143.86000,144.84000,143.06000,144.58000,5870100
1769437800,144.80000,145.92000,144.14000,145.87000,6589600
1769524200,145.75000,148.82001,145.33000,148.78000,7114900
1769610600,148.41000,150.03999,147.75999,148.50000,5954100
1769697000,148.84000,150.86000,148.44000,148.69000,9062300
1769783400,149.00999,153.89000,148.59000,153.63000,12641300
1770042600,154.06000,156.62000,153.19000,155.20000,14660500
1770129000,156.60001,163.44000,155.50000,162.85001,19096400
1770215400,164.89000,167.94000,164.17000,166.17999,13322900
1770301800,166.50999,168.00999,165.25000,167.53000,11038800
1770388200,167.45000,170.75000,167.25999,170.49001,10960400
1770647400,169.50000,169.92999,164.94000,166.47000,10316200
1770733800,165.75000,167.41000,163.74001,166.97000,10352500
1770820200,167.64999,170.27000,166.02000,169.14999,6733400
1770906600,169.75999,171.48000,167.09000,167.20000,9516300
1770993000,167.20000,167.88000,165.00000,165.94000,9286100
1771338600,166.12000,167.53999,160.81000,161.92000,8749800
1771425000,161.78999,164.53000,160.63000,164.39000,7239800
1771511400,164.39000,165.05000,163.13000,164.59000,6155800
1771597800,164.64999,164.97000,163.02000,164.94000,4811800
1771857000,164.49001,168.81000,164.24001,168.32001,6801600
1771943400,168.23000,169.78999,167.77000,169.53999,6319800
1772029800,168.61000,169.50000,166.00000,169.17000,6832700
1772116200,169.63000,170.06000,167.16000,167.58000,7219300
1772202600,168.38000,170.28000,167.82001,169.74001,10585200
1772461800,169.05000,169.53999,167.14000,167.28000,7264000
1772548200,166.53999,167.22000,163.67000,164.91000,6718100
1772634600,165.03999,165.92999,163.37000,163.92000,6855400
1772721000,162.16000,163.39999,160.16000,160.70000,7133700
1772807400,158.25000,159.53000,156.09000,159.42999,5937900
1773063000,159.17000,162.42999,158.10001,161.53000,6416000
1773149400,160.70000,162.86000,159.59000,160.78000,5341300
1773235800,160.31000,160.91000,157.89000,160.14999,4359700
1773322200,158.87000,161.53999,158.69000,158.86000,6165600
1773408600,159.78000,161.50999,159.24001,159.88000,4676800
1773667800,161.36000,161.58000,157.53999,157.72000,4498700
1773754200,158.83000,159.11000,156.28999,156.50000,5460200
1773840600,155.25000,156.12000,153.28999,153.53999,5124400
1773927000,153.75000,154.67999,152.66000,152.74001,5555500
1774013400,152.45000,153.41000,149.34000,150.03999,14480700
1774272600,152.30000,152.30000,149.94000,150.88000,6783000
1774359000,150.45000,152.58000,150.20000,150.59000,5803700
1774445400,151.30000,151.84000,149.03000,151.73000,4978500
1774531800,151.92999,153.14999,150.67000,150.83000,5677100
1774618200,151.14000,154.53999,150.47000,153.03999,6663600
1774877400,153.82001,158.39000,153.37000,156.82001,10386800
1774963800,157.67000,157.67000,154.17000,155.28999,8033800
1775050200,153.55000,155.14999,153.25999,154.64999,5412600
1775136600,154.66000,157.06000,154.22000,157.00999,5410000
1775482200,156.41000,156.86000,155.39999,156.73000,3562500
1775568600,156.17999,156.53999,152.57001,153.21001,5151100
1775655000,151.88000,154.82001,151.75000,154.80000,6878500
1775741400,153.70000,158.00999,153.25000,157.49001,4339400
1775827800,157.16000,157.78999,156.33000,157.06000,4412700
1776087000,156.99001,157.03000,154.95000,155.88000,5827800
1776173400,154.50999,156.63000,154.28999,155.72000,5655800
1776259800,155.02000,155.75999,153.34000,154.85001,7684800
1776346200,155.53999,159.78999,154.25999,158.38000,10422100
1776432600,158.25999,160.03000,156.47000,157.67000,7799900
1776691800,158.74001,158.84000,155.84000,156.99001,5731000
1776778200,156.74001,157.03999,153.73000,154.92000,6357300
1776864600,155.08000,157.22000,153.55000,153.78999,5921300
1776951000,155.16000,156.61000,154.57001,155.70000,6077600
1777037400,155.92999,156.28000,154.66000,155.44000,5364900
1777296600,155.53000,156.64999,154.00000,154.10001,4077000
1777383000,156.80000,158.11000,155.32001,156.28999,5174300
1777469400,155.59000,156.49001,153.48000,155.28999,4047600
1777555800,155.98000,159.00000,155.28000,158.49001,7065100
1777642200,159.55000,160.00000,156.42999,157.41000,4447300
1777901400,155.89999,156.73000,153.67000,154.59000,5330800
1777987800,154.05000,156.31000,152.53999,155.03999,6200100
1778074200,155.80000,156.92999,154.87000,155.96001,5296600
1778160600,155.00999,157.35001,154.88000,156.28999,4464000
1778247000,156.75000,157.30000,154.38000,154.62000,4934400
1778506200,154.39000,154.70000,149.06000,149.41000,8373300
1778592600,150.53999,152.72000,148.36000,151.85001,6250700
1778679000,150.69000,153.24001,148.96001,149.27000,5524900
1778765400,149.50000,149.99001,148.14999,148.67000,5022200
1778851800,149.56000,150.11000,148.19000,149.12000,6230600
1779111000,149.99001,150.12000,147.48000,149.06000,8799400
1779197400,150.30000,152.57001,148.97000,150.37000,10093900
1779283800,149.57001,150.64999,148.39000,149.28999,7425800
1779370200,149.28999,149.67000,146.38000,148.85001,6123100
1779456600,149.41000,150.84000,148.53999,150.57001,7774400
1779802200,149.71001,150.25000,145.50000,145.67999,9059200
1779888600,146.27000,148.91000,145.70000,147.74001,7404500
1779975000,147.77000,148.61000,145.62000,146.28999,7625200
1780061400,145.14000,146.77000,143.55000,144.19000,12776400
1780320600,142.59000,144.11000,141.32001,141.52000,8077300
1780407000,141.53999,142.89000,140.81000,142.00000,7864700
1780493400,141.78999,143.67999,141.77000,142.53999,6225100
1780579800,144.86000,145.70000,141.21001,142.14999,8089800
1780666200,141.56000,144.34000,141.21001,141.92000,13228700
1780925400,140.92000,141.86000,139.25999,140.67999,8800500
1781011800,141.53000,144.30000,140.85001,142.78000,10390200
1781098200,143.95000,145.45000,143.00000,144.32001,11249200
1781184600,144.86000,145.39999,143.57001,143.73000,8653900
1781271000,143.80000,144.36000,142.41000,144.27000,6781700
1781530200,143.02000,146.77000,142.81000,146.25000,8976400
1781616600,146.87000,147.64000,145.03000,146.12000,9345200
1781703000,145.50999,145.87000,140.85001,141.59000,10126600
1781789400,141.05000,142.73000,141.03999,142.02000,19130300
1782135000,141.28000,142.49001,140.48000,140.71001,10345000
1782221400,143.67999,143.67999,140.87000,142.05000,7589000
1782307800,142.02000,143.74001,141.67000,142.27000,8324100
1782394200,141.99001,143.10001,139.37000,139.52000,7333300
1782480600,140.52000,142.14000,140.20000,141.39000,9735700
1782739800,141.97000,142.37000,137.53000,138.67999,10042400
1782826200,138.81000,139.14000,134.94000,135.39999,14148300
1782912600,137.21001,141.34000,136.61000,141.16000,9391700
1782999000,143.24001,144.74001,142.16000,144.22000,13040200
1783344600,144.24001,144.70000,141.38000,143.28999,9006600
1783431000,146.99001,149.03999,144.53999,144.98000,9256700
1783517400,146.00000,146.00000,142.44000,142.50999,8997900
1783603800,137.09000,138.74001,134.69000,137.86000,18763700
1783690200,135.86000,137.96001,135.31000,137.38000,9074900
1783949400,138.02000,140.25000,137.75000,138.49001,6716300
1784035800,138.25000,138.78999,135.41000,135.45000,8518600
1784122200,135.09000,136.99001,134.64999,135.39999,8078300
1784208600,137.03999,139.62000,136.50000,139.42999,7805600
1784295000,140.89000,141.96001,136.17999,137.12000,8579300
1784554200,137.57001,137.59000,133.95000,135.46001,8758700
1784640600,134.89999,135.38000,134.27000,135.00000,7989500
1784727000,136.36000,136.36000,134.72000,135.64999,6198700
1784813400,134.70000,135.34000,133.73000,134.95000,7755700
1784899800,135.53000,137.13000,134.57001,136.64000,7968300
1785159000,137.07001,140.31000,137.00999,139.78999,7237900
1785245400,143.21001,145.42999,141.78999,142.86000,10648800
1785331800,143.28000,145.23000,142.58000,143.50000,8390800
1785418200,141.10001,142.52000,139.42000,140.20000,8253100
1785504600,139.53000,140.16000,138.38000,139.56000,9699400
1785763800,141.08000,141.55000,138.71001,139.63000,6645300
1785850200,137.77000,139.21001,137.13000,139.10001,8525200
1785936600,140.23000,140.27000,137.92000,138.78000,6257600
1786023000,140.09000,140.52000,137.14000,138.44000,8510300
1786109400,137.53999,139.49001,137.14999,139.02000,4734000
1786368600,138.52000,138.52000,137.17999,137.73000,5883800
1786455000,137.00999,138.50999,136.89999,138.41000,5823900
1786541400,137.52000,138.75000,136.73000,138.70000,5472700
1786627800,139.41000,140.83000,139.33000,140.62000,6246700
1786714200,140.62000,141.27000,140.12000,140.78999,3867000
1786973400,139.71001,139.89000,137.66000,138.24001,6856200
1787059800,140.36000,140.80000,139.05000,140.13000,6224700
1787146200,140.87000,143.63000,140.63000,142.58000,6954200
1787232600,141.74001,143.37000,141.11000,142.08000,5350000
1787319000,142.67000,143.56000,141.64000,143.48000,6627600
1787578200,144.91000,145.89999,144.38000,144.67000,5997000
1787664600,143.73000,143.87000,142.08000,142.27000,10194100
1787751000,142.69000,142.69000,141.22000,142.19000,8577000
1787837400,140.56000,141.09000,139.67999,139.72000,6241300
1787923800,140.66000,141.28999,139.99001,141.07001,5465100
