time,open,high,low,close,tick_volume
1472477400,87.39000,88.40000,87.32000,88.30000,8934500
1472563800,87.72000,88.30000,87.46000,87.54000,11619400
1472650200,87.75000,87.85000,87.03000,87.31000,11407800
1472736600,87.36000,88.31000,86.98000,88.31000,29793300
1472823000,88.48000,88.87000,88.04000,88.20000,17470400
1473168600,88.25000,88.64000,87.88000,88.64000,14472100
1473255000,88.31000,88.41000,87.71000,87.95000,17556400
1473341400,87.95000,88.18000,87.63000,87.78000,23465700
1473427800,87.10000,87.17000,86.24000,86.24000,21955000
1473687000,86.04000,88.38000,85.96000,88.25000,16105700
1473773400,87.55000,87.91000,87.01000,87.05000,19682700
1473859800,87.12000,87.60000,86.87000,87.01000,25397900
1473946200,86.75000,88.27000,86.75000,88.06000,13833600
1474032600,87.62000,88.11000,87.30000,88.05000,23518300
1474291800,87.92000,88.95000,87.25000,88.37000,19173900
1474378200,88.50000,88.95000,88.18000,88.58000,33986500
1474464600,88.54000,88.79000,86.44000,87.80000,55409800
1474551000,87.77000,89.30000,87.77000,88.99000,52692700
1474637400,88.63000,88.94000,87.49000,87.76000,48281400
1474896600,87.42000,88.43000,86.61000,87.85000,60276600
1474983000,88.06000,88.81000,87.66000,88.36000,65150800
1475069400,88.98000,89.73000,88.47000,89.46000,89806000
1475155800,89.16000,89.27000,87.54000,88.23000,74587500
1475242200,88.30000,90.22000,88.29000,89.75000,123735700
1475501400,89.35000,89.45000,88.41000,88.66000,26789500
1475587800,88.29000,88.68000,87.95000,88.35000,23317600
1475674200,88.48000,89.00000,88.21000,88.85000,64580300
1475760600,88.61000,89.73000,88.47000,89.22000,61462800
1475847000,89.01000,90.05000,88.30000,90.00000,20518800
1476106200,90.19000,90.33000,88.78000,89.06000,15492400
1476192600,88.83000,89.12000,88.20000,88.54000,11723100
1476279000,88.74000,89.01000,88.33000,88.57000,17118000
1476365400,88.05000,88.57000,87.60000,88.24000,11158100
1476451800,88.50000,88.96000,88.22000,88.43000,7369000
1476711000,88.43000,88.65000,87.71000,87.83000,7610600
1476797400,88.21000,88.27000,87.44000,87.45000,10749500
1476883800,86.65000,86.82000,85.44000,85.54000,12788800
1476970200,85.38000,85.52000,84.79000,84.93000,10175100
1477056600,84.41000,84.86000,84.24000,84.33000,13974100
1477315800,84.39000,84.70000,84.06000,84.10000,10573200
1477402200,87.49000,88.08000,86.97000,86.97000,20761200
1477488600,86.91000,87.74000,86.78000,87.40000,8464100
1477575000,87.51000,87.60000,86.45000,86.58000,6598300
1477661400,86.87000,87.23000,86.45000,86.84000,7021100
1477920600,87.01000,87.47000,86.69000,86.80000,8207100
1478007000,86.58000,86.99000,86.48000,86.85000,8564500
1478093400,86.77000,87.41000,86.56000,86.74000,7773200
1478179800,86.80000,86.98000,86.47000,86.60000,6899900
1478266200,86.69000,86.73000,85.07000,85.08000,9378100
1478529000,86.02000,86.57000,85.60000,86.56000,8878500
1478615400,86.77000,87.69000,86.59000,87.46000,7674600
1478701800,85.26000,86.54000,84.31000,85.93000,11972500
1478788200,85.51000,85.70000,82.18000,82.96000,22095000
1478874600,82.67000,84.06000,82.65000,83.58000,8905700
1479133800,83.56000,83.78000,82.76000,83.00000,12862500
1479220200,84.58000,84.58000,82.88000,83.62000,9464000
1479306600,83.98000,84.20000,83.17000,83.19000,8542900
1479393000,83.27000,83.50000,82.93000,83.07000,9083700
1479479400,82.92000,83.10000,81.99000,82.00000,14565500
1479738600,82.00000,82.75000,81.71000,82.64000,11482100
1479825000,83.01000,83.18000,82.66000,82.76000,7426500
1479911400,82.59000,82.93000,82.52000,82.68000,7693300
1480084200,82.99000,83.46000,82.95000,83.46000,3882900
1480343400,83.13000,83.36000,82.76000,83.07000,6990100
1480429800,83.42000,83.48000,82.69000,82.89000,6183100
1480516200,82.52000,82.83000,82.26000,82.46000,12115500
1480602600,82.21000,82.32000,81.18000,81.86000,12516900
1480689000,82.35000,82.68000,82.07000,82.40000,9079400
1480948200,82.56000,83.08000,82.48000,82.99000,8597500
1481034600,83.24000,83.25000,82.61000,82.91000,7327200
1481121000,82.74000,84.28000,82.71000,84.18000,8567700
1481207400,83.79000,84.18000,83.50000,83.50000,7522800
1481293800,83.52000,84.40000,83.47000,84.37000,8004500
1481553000,84.21000,85.18000,84.21000,85.13000,7494100
1481639400,84.67000,85.36000,84.53000,85.18000,11795900
1481725800,85.29000,85.74000,84.17000,84.37000,12292200
1481812200,84.15000,84.80000,83.61000,84.68000,8768100
1481898600,84.90000,85.12000,84.15000,84.68000,21172400
1482157800,84.75000,84.98000,84.32000,84.71000,6431200
1482244200,84.57000,84.71000,84.19000,84.57000,7485400
1482330600,84.19000,84.73000,84.12000,84.28000,6099300
1482417000,84.00000,84.61000,83.87000,84.47000,7864800
1482503400,84.68000,85.18000,84.55000,84.96000,5284200
1482849000,84.90000,84.94000,84.42000,84.60000,3782600
1482935400,84.40000,84.63000,83.95000,84.07000,4298800
1483021800,84.24000,84.49000,84.10000,84.35000,3718300
1483108200,84.17000,84.45000,83.92000,84.08000,6209800
1483453800,83.88000,84.39000,83.50000,84.20000,8792700
1483540200,84.45000,84.60000,84.24000,84.50000,8096700
1483626600,84.41000,85.43000,84.38000,85.06000,6852400
1483713000,84.94000,85.25000,84.62000,85.03000,4799900
1483972200,84.06000,84.66000,83.75000,84.40000,11000600
1484058600,84.34000,84.43000,83.24000,83.49000,10918200
1484145000,83.39000,83.75000,83.28000,83.75000,9572300
1484231400,83.71000,83.88000,83.37000,83.84000,6545400
1484317800,83.85000,84.02000,83.44000,84.01000,6762800
1484663400,83.90000,85.58000,83.88000,85.21000,13145100
1484749800,84.80000,85.30000,84.59000,84.93000,10520400
1484836200,84.63000,85.00000,84.28000,84.70000,14074500
1484922600,86.89000,87.98000,86.42000,87.45000,22944400
1485181800,87.09000,87.35000,86.85000,86.96000,9408900
1485268200,87.22000,87.95000,87.22000,87.86000,8704700
1485354600,87.84000,87.90000,87.06000,87.16000,8082900
1485441000,87.12000,87.23000,86.59000,86.60000,6542300
1485527400,86.45000,86.85000,86.02000,86.72000,9332300
1485786600,86.78000,86.86000,86.50000,86.75000,7350000
1485873000,86.63000,87.66000,86.53000,87.60000,9712400
1485959400,87.03000,87.59000,86.75000,87.33000,8291000
1486045800,87.61000,88.35000,87.25000,87.76000,8997200
1486132200,88.12000,88.17000,87.39000,87.41000,7161900
1486391400,87.50000,87.79000,87.13000,87.40000,7483000
1486477800,87.64000,88.28000,87.48000,88.01000,6646100
1486564200,88.07000,88.34000,87.81000,88.33000,6815800
1486650600,88.33000,88.78000,88.03000,88.67000,9914100
1486737000,88.56000,88.73000,87.97000,87.97000,11057600
1486996200,88.04000,88.36000,87.64000,88.31000,6905100
1487082600,88.00000,88.22000,87.23000,87.86000,20123400
1487169000,89.81000,91.15000,89.81000,91.12000,25847700
1487255400,90.92000,91.12000,90.54000,90.79000,12408500
1487341800,90.61000,91.36000,90.45000,91.09000,12152400
1487687400,90.58000,91.80000,90.58000,91.67000,9018700
1487773800,91.45000,91.80000,91.25000,91.44000,6749900
1487860200,91.61000,91.80000,90.91000,91.13000,7611600
1487946600,90.97000,91.34000,90.67000,91.05000,6643400
1488205800,90.53000,90.91000,90.06000,90.89000,11840300
1488292200,90.90000,91.79000,90.65000,91.07000,10535600
1488378600,91.05000,91.89000,90.71000,91.66000,8792200
1488465000,91.40000,91.59000,90.88000,90.91000,7031200
1488551400,90.91000,90.91000,89.89000,90.50000,8334900
1488810600,89.89000,90.51000,89.59000,90.37000,9533800
1488897000,90.14000,90.49000,90.06000,90.29000,5363000
1488983400,90.02000,90.35000,89.76000,90.14000,5503700
1489069800,90.14000,90.49000,90.10000,90.34000,5587400
1489156200,90.80000,91.16000,90.65000,91.07000,6797800
1489411800,91.06000,91.49000,90.85000,91.31000,7397500
1489498200,91.26000,91.59000,90.82000,91.00000,6686400
1489584600,91.00000,91.78000,90.73000,91.40000,7855300
1489671000,91.44000,91.72000,91.10000,91.44000,6601200
1489757400,91.45000,92.00000,90.92000,91.00000,37010100
1490016600,90.96000,91.41000,90.94000,91.22000,7772900
1490103000,91.30000,91.75000,91.03000,91.19000,8211000
1490189400,91.31000,91.80000,90.75000,90.99000,7798000
1490275800,90.91000,91.46000,90.60000,90.77000,6831400
1490362200,90.77000,90.92000,90.21000,90.57000,9252000
1490621400,90.45000,90.72000,90.18000,90.49000,10072000
1490707800,90.17000,91.06000,90.13000,90.76000,11855800
1490794200,90.56000,90.87000,90.39000,90.60000,4252800
1490880600,90.50000,90.57000,90.10000,90.20000,3691900
1490967000,90.03000,90.34000,89.84000,89.85000,6942400
1491226200,89.86000,90.06000,89.45000,89.68000,6967400
1491312600,89.75000,89.96000,89.42000,89.91000,5680800
1491399000,90.00000,90.50000,89.76000,89.97000,6320100
1491485400,89.77000,89.81000,89.31000,89.40000,7231500
1491571800,89.46000,89.61000,89.18000,89.23000,4739100
1491831000,89.13000,89.68000,88.75000,89.49000,5956000
1491917400,89.66000,89.82000,89.29000,89.80000,5186000
1492003800,89.70000,90.42000,89.56000,90.31000,6286300
1492090200,90.05000,90.54000,89.79000,90.03000,5040100
1492435800,90.23000,90.59000,90.13000,90.39000,6931700
1492522200,90.40000,91.13000,90.34000,90.80000,7087800
1492608600,90.10000,90.45000,89.50000,89.60000,6919000
1492695000,89.70000,89.70000,89.31000,89.33000,6983500
1492781400,89.17000,89.28000,88.61000,88.62000,9061200
1493040600,89.12000,89.66000,89.01000,89.55000,8338500
1493127000,89.58000,90.25000,89.47000,90.00000,9088400
1493213400,89.85000,90.00000,87.61000,87.74000,11951300
1493299800,87.58000,88.24000,87.23000,87.69000,8517500
1493386200,87.52000,87.59000,87.15000,87.33000,8295400
1493645400,87.38000,87.60000,87.08000,87.09000,4546600
1493731800,87.29000,87.29000,86.02000,86.22000,13197500
1493818200,86.30000,86.63000,85.90000,86.43000,6122000
1493904600,86.85000,87.24000,86.30000,86.45000,5986200
1493991000,86.54000,86.61000,86.13000,86.50000,4506200
1494250200,86.33000,86.62000,86.24000,86.55000,4634600
1494336600,86.80000,86.82000,86.22000,86.40000,9577600
1494423000,86.48000,86.79000,86.39000,86.49000,6178500
1494509400,86.61000,86.63000,85.88000,86.17000,6064700
1494595800,86.24000,86.32000,85.92000,86.19000,5892400
1494855000,86.65000,86.71000,86.25000,86.33000,5820700
1494941400,86.88000,87.00000,86.19000,86.24000,6554500
1495027800,86.24000,86.63000,85.93000,86.26000,7805800
1495114200,86.18000,86.22000,85.52000,85.87000,6985600
1495200600,86.00000,86.38000,85.67000,86.24000,7320700
1495459800,86.25000,86.40000,86.03000,86.21000,4260000
1495546200,86.28000,86.54000,85.98000,86.08000,4394200
1495632600,86.45000,86.65000,86.21000,86.50000,4878800
1495719000,86.58000,86.98000,86.55000,86.86000,4368000
1495805400,86.93000,87.38000,86.82000,87.25000,4337000
1496151000,87.25000,87.61000,87.10000,87.40000,4594500
1496237400,87.67000,88.35000,87.45000,88.09000,10146600
1496323800,88.02000,88.14000,87.37000,88.13000,6251300
1496410200,88.40000,88.68000,88.01000,88.59000,6136400
1496669400,88.30000,88.76000,88.00000,88.74000,4115300
1496755800,88.76000,88.97000,88.45000,88.80000,6503000
1496842200,88.68000,88.89000,88.40000,88.77000,4781600
1496928600,88.77000,88.80000,87.36000,87.85000,7712100
1497015000,87.85000,88.21000,87.55000,88.16000,9696900
1497274200,88.16000,88.66000,88.09000,88.24000,7867700
1497360600,88.36000,88.40000,87.77000,88.06000,6419300
1497447000,88.49000,88.75000,88.06000,88.44000,6183900
1497533400,88.23000,89.62000,88.23000,89.38000,7047500
1497619800,89.72000,89.77000,88.81000,89.66000,13855000
1497879000,89.60000,89.86000,89.20000,89.86000,5246200
1497965400,89.77000,90.21000,89.61000,89.63000,5674200
1498051800,89.62000,89.95000,89.29000,89.40000,4164500
1498138200,89.27000,89.41000,88.90000,89.03000,4536700
1498224600,89.03000,89.80000,88.90000,89.42000,8782100
1498483800,89.63000,89.68000,89.27000,89.36000,4373300
1498570200,89.36000,89.36000,88.61000,88.61000,5180400
1498656600,89.08000,89.21000,88.26000,88.37000,4875000
1498743000,88.02000,88.22000,86.93000,86.99000,8123500
1498829400,87.05000,87.47000,87.00000,87.15000,6070300
1499088600,87.40000,88.00000,87.18000,87.74000,3607400
1499261400,87.86000,88.00000,87.49000,87.67000,4974300
1499347800,87.65000,87.95000,87.36000,87.37000,6038900
1499434200,87.69000,87.82000,87.28000,87.65000,5142200
1499693400,87.63000,87.87000,86.89000,87.09000,5356400
1499779800,87.23000,87.45000,86.31000,86.77000,5838600
1499866200,87.24000,87.47000,86.83000,86.96000,4374200
1499952600,86.77000,87.05000,86.50000,86.70000,5448900
1500039000,86.96000,87.29000,86.73000,87.10000,4577700
1500298200,87.07000,87.91000,86.74000,87.55000,5227800
1500384600,87.61000,88.76000,87.46000,88.64000,7492300
1500471000,87.87000,88.41000,87.60000,88.35000,6008500
1500557400,88.32000,89.31000,88.31000,88.60000,7285000
1500643800,88.16000,88.68000,87.81000,88.61000,5714800
1500903000,88.55000,88.60000,87.97000,88.18000,6202000
1500989400,88.67000,89.20000,88.54000,89.14000,6766700
1501075800,89.00000,89.42000,88.87000,89.30000,6987000
1501162200,90.29000,90.75000,89.00000,90.68000,11089200
1501248600,90.56000,91.00000,89.96000,90.21000,6137500
1501507800,90.21000,91.07000,90.21000,90.82000,7835700
1501594200,91.03000,91.73000,90.72000,91.10000,8662100
1501680600,90.97000,91.30000,90.53000,91.04000,7167700
1501767000,90.86000,91.75000,90.82000,90.86000,6413200
1501853400,90.69000,91.08000,90.53000,90.67000,5824400
1502112600,90.67000,91.56000,90.52000,91.44000,5011300
1502199000,91.40000,91.94000,91.23000,91.58000,5623400
1502285400,91.52000,91.94000,91.52000,91.92000,5572800
1502371800,91.86000,92.00000,91.69000,91.74000,6338200
1502458200,91.94000,92.08000,91.29000,91.34000,7094200
1502717400,91.54000,91.95000,91.25000,91.65000,5398400
1502803800,91.91000,92.36000,91.88000,92.20000,5293400
1502890200,92.29000,92.95000,92.19000,92.44000,7965500
1502976600,92.40000,92.67000,92.07000,92.07000,5711400
1503063000,91.98000,92.78000,91.85000,92.47000,6815000
1503322200,92.38000,92.96000,92.36000,92.86000,4334300
1503408600,92.91000,92.96000,92.59000,92.79000,4731500
1503495000,92.50000,92.66000,92.28000,92.44000,3631900
1503581400,92.44000,92.57000,92.04000,92.27000,5173700
1503667800,92.65000,92.86000,92.41000,92.51000,4933000
1503927000,92.52000,92.71000,91.98000,92.47000,5386500
1504013400,92.48000,92.69000,92.24000,92.32000,3676300
1504099800,92.08000,92.08000,91.66000,91.87000,4709600
1504186200,91.89000,92.39000,91.84000,92.27000,5864400
1504272600,92.42000,92.66000,92.26000,92.53000,4960700
1504618200,92.18000,92.74000,92.04000,92.72000,6532100
1504704600,92.79000,92.91000,92.36000,92.72000,6747200
1504791000,92.74000,93.36000,92.33000,92.97000,7735400
1504877400,92.76000,93.15000,92.51000,92.84000,6070100
1505136600,93.09000,94.19000,92.90000,93.99000,10177300
1505223000,93.72000,93.98000,93.21000,93.51000,5804000
1505309400,93.50000,93.77000,93.45000,93.55000,5369300
1505395800,93.23000,93.65000,93.18000,93.55000,5492300
1505482200,93.82000,93.82000,92.82000,93.27000,12428800
1505741400,93.17000,93.50000,92.86000,93.15000,6177700
1505827800,93.34000,94.45000,93.34000,94.17000,6587200
1505914200,94.17000,94.67000,93.83000,94.40000,5941500
1506000600,94.15000,94.50000,92.45000,92.64000,9376700
1506087000,92.55000,93.00000,92.08000,92.24000,6837700
1506346200,92.43000,93.09000,92.33000,92.72000,6436200
1506432600,92.82000,92.85000,92.20000,92.65000,4885200
1506519000,92.52000,92.52000,90.34000,90.87000,9631200
1506605400,90.86000,91.12000,90.63000,90.89000,4999800
1506691800,90.97000,91.43000,90.70000,90.98000,6634500
1506951000,91.26000,92.40000,91.24000,91.77000,7302400
1507037400,91.96000,92.34000,91.56000,92.12000,5909900
1507123800,92.12000,92.80000,92.02000,92.42000,6140700
1507210200,92.49000,92.65000,91.94000,92.03000,6912800
1507296600,92.00000,92.35000,91.88000,92.33000,5241900
1507555800,92.40000,92.62000,91.93000,92.12000,5149000
1507642200,92.37000,93.04000,89.86000,91.62000,17125600
1507728600,91.09000,91.73000,91.07000,91.46000,7115400
1507815000,91.41000,92.31000,91.39000,92.15000,5984900
1507901400,92.70000,93.51000,92.59000,93.04000,6956700
1508160600,92.97000,93.37000,92.71000,93.14000,4159100
1508247000,93.04000,93.09000,92.40000,92.80000,5316100
1508333400,92.78000,92.95000,92.01000,92.77000,7399700
1508419800,91.70000,91.99000,91.14000,91.59000,8585000
1508506200,89.72000,89.96000,87.59000,88.25000,19997800
1508765400,88.63000,88.86000,86.87000,87.30000,13358200
1508851800,87.37000,87.42000,86.78000,86.98000,11519000
1508938200,86.90000,87.11000,86.28000,86.86000,9024300
1509024600,87.19000,87.77000,87.10000,87.50000,6233800
1509111000,87.53000,87.53000,86.45000,87.04000,7433800
1509370200,86.91000,87.08000,86.16000,86.27000,5387100
1509456600,86.49000,86.50000,85.72000,86.34000,7119000
1509543000,86.33000,87.14000,86.11000,86.89000,4884100
1509629400,86.78000,87.04000,86.23000,86.51000,5021200
1509715800,86.78000,87.16000,86.46000,86.58000,5106500
1509978600,86.55000,86.64000,86.03000,86.05000,5186700
1510065000,86.04000,87.00000,85.42000,86.98000,6875100
1510151400,86.99000,87.60000,86.80000,87.58000,6910000
1510237800,87.35000,88.17000,87.30000,87.78000,5280000
1510324200,87.99000,88.39000,87.78000,88.16000,7227300
1510583400,88.67000,89.41000,88.63000,89.00000,6873500
1510669800,88.74000,89.05000,88.47000,88.87000,5035500
1510756200,88.73000,88.94000,88.00000,88.23000,6688100
1510842600,89.84000,89.90000,88.77000,89.25000,7205100
1510929000,88.95000,89.09000,88.08000,88.43000,5941800
1511188200,88.43000,88.56000,87.71000,88.27000,4926200
1511274600,88.18000,89.21000,88.02000,88.72000,6196400
1511361000,88.50000,88.91000,88.06000,88.33000,6006900
1511533800,88.59000,88.96000,88.42000,88.45000,2196700
1511793000,88.33000,89.10000,88.15000,88.96000,6199700
1511879400,89.48000,89.52000,88.91000,89.40000,4841300
1511965800,89.40000,89.81000,89.03000,89.38000,5158900
1512052200,89.35000,90.37000,89.21000,89.99000,9789900
1512138600,90.18000,90.53000,89.12000,90.36000,7953200
1512397800,91.76000,91.91000,89.83000,91.41000,9003700
1512484200,91.52000,91.84000,91.07000,91.40000,8683000
1512570600,91.39000,91.78000,91.07000,91.25000,6737400
1512657000,91.05000,91.07000,89.89000,90.10000,7273600
1512743400,90.02000,90.37000,89.58000,90.37000,5883400
1513002600,90.23000,90.33000,89.75000,90.23000,4856000
1513089000,90.45000,90.51000,89.82000,89.85000,6558900
1513175400,90.02000,91.41000,89.97000,90.88000,7141000
1513261800,90.94000,91.43000,90.90000,91.00000,5853500
1513348200,91.57000,92.27000,91.48000,91.89000,15924000
1513607400,91.98000,93.14000,91.81000,91.88000,7405700
1513693800,92.00000,92.13000,91.58000,91.68000,5644400
1513780200,91.80000,91.97000,91.35000,91.53000,6938500
1513866600,91.66000,92.08000,91.53000,91.67000,4860400
1513953000,91.88000,92.43000,91.72000,92.13000,4919400
1514298600,92.35000,92.77000,92.15000,92.48000,3431900
1514385000,92.49000,92.75000,91.93000,92.10000,4276700
1514471400,92.30000,92.54000,91.91000,92.07000,3005400
1514557800,92.24000,92.46000,91.88000,91.88000,4346700
1514903400,91.92000,91.93000,90.55000,90.65000,7558900
1514989800,90.73000,91.09000,90.52000,90.54000,5863600
1515076200,90.83000,91.77000,90.61000,91.18000,6322500
1515162600,91.27000,91.30000,90.57000,91.24000,5949700
1515421800,90.93000,91.77000,90.93000,91.72000,4860700
1515508200,91.47000,91.65000,91.01000,91.05000,6630100
1515594600,90.91000,90.91000,90.01000,90.47000,6564700
1515681000,90.40000,90.52000,89.92000,90.15000,5469700
1515767400,90.05000,90.34000,89.35000,89.61000,8111000
1516113000,90.14000,90.77000,89.64000,90.22000,9465300
1516199400,90.56000,91.73000,90.43000,91.20000,8345500
1516285800,90.24000,90.65000,89.67000,90.18000,7699800
1516372200,90.28000,91.26000,90.24000,91.07000,9364000
1516631400,90.88000,91.92000,90.77000,91.89000,8658000
1516717800,89.82000,90.21000,88.60000,89.05000,18756300
1516804200,89.06000,89.16000,87.70000,88.31000,15141900
1516890600,88.68000,89.05000,88.01000,88.34000,11264400
1516977000,88.17000,88.17000,87.23000,87.73000,11503100
1517236200,87.69000,87.74000,86.69000,86.86000,11685800
1517322600,86.82000,87.44000,86.63000,86.95000,9662900
1517409000,86.81000,87.41000,86.08000,86.34000,11798100
1517495400,86.15000,86.50000,85.56000,85.85000,8606300
1517581800,85.56000,85.61000,84.21000,84.25000,12846300
1517841000,83.99000,84.37000,80.10000,81.06000,17462200
1517927400,80.53000,82.45000,80.12000,82.38000,19955500
1518013800,82.30000,83.39000,81.82000,81.84000,11851800
1518100200,82.03000,82.22000,80.15000,80.22000,14596100
1518186600,80.98000,81.03000,78.59000,79.92000,18838800
1518445800,80.61000,81.67000,80.58000,81.33000,10769000
1518532200,81.15000,81.83000,80.91000,81.50000,9278700
1518618600,81.06000,81.26000,80.27000,80.68000,9412000
1518705000,80.97000,82.41000,80.50000,82.41000,8910700
1518791400,82.21000,83.25000,82.13000,82.60000,10371700
1519137000,82.19000,82.22000,81.07000,81.34000,7087700
1519223400,81.31000,81.81000,80.19000,80.24000,9134500
1519309800,80.47000,81.28000,80.17000,80.84000,10277700
1519396200,81.01000,81.12000,80.48000,81.05000,10321800
1519655400,81.45000,81.69000,81.05000,81.63000,9422200
1519741800,81.89000,82.00000,80.51000,80.54000,8919600
1519828200,80.68000,80.79000,78.50000,78.52000,16862000
1519914600,78.40000,79.28000,77.90000,78.70000,13504200
1520001000,78.48000,79.66000,78.42000,79.50000,9317700
1520260200,79.28000,80.39000,79.15000,80.29000,8177000
1520346600,80.41000,80.42000,79.37000,80.02000,9085300
1520433000,79.53000,79.64000,78.90000,79.16000,9089500
1520519400,79.17000,79.99000,79.02000,79.97000,7951700
1520605800,80.18000,80.75000,79.90000,80.29000,7662200
1520861400,80.23000,80.62000,79.76000,79.86000,7182000
1520947800,80.00000,80.19000,79.36000,79.72000,9620200
1521034200,79.69000,79.84000,78.86000,79.00000,8898100
1521120600,79.09000,79.14000,78.54000,78.67000,6996900
1521207000,78.93000,79.39000,78.84000,78.97000,17715400
1521466200,78.97000,79.57000,78.27000,78.66000,8368200
1521552600,78.74000,79.10000,77.96000,78.31000,8465500
1521639000,78.05000,78.24000,76.88000,77.04000,9822800
1521725400,76.83000,77.52000,76.37000,76.41000,10481600
1521811800,76.79000,77.18000,75.81000,75.91000,11728300
1522071000,76.57000,76.87000,76.02000,76.41000,12937000
1522157400,76.53000,78.44000,76.30000,77.79000,11288200
1522243800,77.95000,79.14000,77.95000,78.84000,12857800
1522330200,79.43000,80.49000,79.18000,79.28000,10036400
1522675800,79.26000,79.37000,77.06000,77.40000,12017200
1522762200,77.56000,78.80000,77.18000,78.46000,11933100
1522848600,77.82000,79.52000,77.59000,79.05000,9030800
1522935000,79.09000,79.32000,78.51000,78.80000,7864700
1523021400,78.37000,79.36000,77.90000,78.43000,8300800
1523280600,78.80000,78.85000,77.57000,78.16000,9031200
1523367000,78.71000,78.84000,77.94000,78.37000,6779000
1523453400,78.19000,78.69000,78.04000,78.27000,7143500
1523539800,78.64000,78.70000,77.79000,77.79000,8282300
1523626200,78.06000,78.44000,77.72000,78.37000,6198500
1523885400,78.56000,78.86000,78.04000,78.61000,5962200
1523971800,78.93000,78.94000,78.10000,78.43000,6492400
1524058200,78.58000,78.68000,78.02000,78.20000,7349400
1524144600,75.39000,75.72000,74.20000,74.95000,16955600
1524231000,74.04000,74.92000,73.74000,73.80000,14085000
1524490200,73.59000,73.98000,72.76000,73.00000,13653400
1524576600,73.06000,73.33000,72.15000,72.50000,16551700
1524663000,72.41000,72.75000,71.95000,72.30000,14208800
1524749400,72.57000,73.01000,72.37000,72.75000,11204300
1524835800,72.53000,73.08000,72.21000,72.81000,8144800
1525095000,72.91000,72.92000,72.16000,72.34000,13076500
1525181400,72.05000,72.33000,71.66000,71.96000,8103800
1525267800,71.94000,72.01000,70.73000,70.94000,10830900
1525354200,70.81000,71.72000,70.74000,71.36000,9386500
1525440600,71.38000,72.62000,71.34000,72.43000,8107400
1525699800,72.67000,73.22000,71.89000,71.98000,6633600
1525786200,72.05000,72.12000,71.11000,71.44000,8084100
1525872600,71.77000,72.55000,71.74000,72.37000,7528400
1525959000,72.94000,73.34000,72.69000,73.15000,7618500
1526045400,73.63000,74.10000,73.05000,73.37000,7586200
1526304600,73.78000,73.78000,73.09000,73.28000,8646900
1526391000,73.31000,73.41000,72.60000,72.95000,11502800
1526477400,72.98000,73.93000,72.96000,73.53000,8325000
1526563800,73.52000,74.00000,73.40000,73.96000,8053600
1526650200,73.98000,74.07000,73.11000,73.45000,7042700
1526909400,73.75000,74.25000,73.42000,74.06000,6428400
1526995800,74.46000,74.94000,73.83000,74.03000,7744200
1527082200,74.02000,74.30000,73.72000,74.18000,6592500
1527168600,74.08000,74.35000,73.59000,73.77000,6508900
1527255000,73.90000,74.62000,73.75000,74.31000,7546500
1527600600,74.06000,74.70000,73.77000,74.05000,8905600
1527687000,74.33000,75.02000,74.05000,74.89000,8128600
1527773400,74.67000,74.69000,72.80000,73.17000,15526000
1527859800,73.33000,73.74000,72.86000,73.45000,7209300
1528119000,73.54000,74.62000,73.45000,74.18000,8743800
1528205400,74.28000,74.38000,73.60000,73.97000,6910100
1528291800,74.07000,74.42000,73.72000,74.35000,7002900
1528378200,74.18000,76.39000,74.10000,75.76000,13476100
1528464600,75.85000,77.21000,75.74000,77.18000,13625300
1528723800,76.97000,77.69000,76.88000,77.53000,9049400
1528810200,77.82000,77.89000,77.11000,77.24000,8786000
1528896600,77.40000,77.40000,76.20000,76.47000,8022400
1528983000,76.56000,76.56000,75.70000,75.99000,8895200
1529069400,76.16000,77.51000,75.92000,77.38000,14943500
1529328600,76.86000,77.10000,75.39000,75.84000,7384900
1529415000,75.59000,76.68000,75.57000,76.33000,8514000
1529501400,76.35000,76.35000,75.54000,75.85000,6603500
1529587800,75.53000,77.05000,75.53000,76.44000,8691200
1529674200,76.79000,77.63000,76.77000,77.43000,11446400
1529933400,77.28000,77.94000,77.18000,77.79000,11300500
1530019800,77.79000,78.31000,77.36000,78.00000,9558500
1530106200,78.11000,78.71000,77.56000,77.69000,7873300
1530192600,77.86000,78.32000,77.66000,78.05000,5714400
1530279000,77.93000,78.54000,77.29000,78.06000,7679900
1530538200,77.50000,78.31000,77.42000,78.13000,6092800
1530624600,78.54000,78.76000,77.78000,77.90000,5897200
1530797400,78.14000,79.25000,78.12000,79.21000,7956100
1530883800,79.38000,79.62000,78.90000,79.31000,7244000
1531143000,78.46000,78.83000,77.78000,77.86000,9095900
1531229400,78.07000,79.94000,77.99000,79.82000,12773500
1531315800,79.63000,79.84000,79.03000,79.16000,7851600
1531402200,79.34000,79.52000,78.57000,78.89000,8556800
1531488600,79.08000,79.47000,78.90000,79.31000,6021300
1531747800,79.21000,79.63000,78.83000,79.53000,6931200
1531834200,79.66000,80.50000,79.55000,80.03000,8983400
1531920600,79.72000,80.21000,79.33000,79.72000,9105100
1532007000,78.42000,79.19000,77.89000,78.73000,8010600
1532093400,78.32000,79.06000,78.32000,78.68000,8234700
1532352600,78.49000,78.94000,78.24000,78.51000,5881600
1532439000,77.54000,79.01000,77.54000,78.99000,8297100
1532525400,78.72000,79.60000,78.72000,79.47000,6208400
1532611800,79.56000,80.77000,79.47000,80.09000,9771100
1532698200,79.67000,80.83000,79.46000,80.58000,7492900
1532957400,80.07000,80.50000,79.84000,80.20000,7090700
1533043800,80.39000,80.98000,79.43000,80.88000,9878200
1533130200,80.42000,80.82000,80.11000,80.65000,7556700
1533216600,80.80000,82.22000,80.59000,82.00000,9261700
1533303000,82.14000,83.10000,81.92000,82.33000,7102800
1533562200,82.20000,82.93000,82.15000,82.52000,5669200
1533648600,82.41000,82.68000,81.73000,82.64000,6418000
1533735000,82.10000,82.80000,82.10000,82.35000,4891300
1533821400,82.44000,82.44000,81.30000,81.40000,5167400
1533907800,81.30000,81.76000,81.00000,81.43000,5566000
1534167000,81.70000,82.08000,81.15000,81.52000,5068100
1534253400,81.39000,81.72000,81.23000,81.31000,6226900
1534339800,81.30000,82.37000,80.81000,82.30000,8753500
1534426200,82.46000,84.00000,82.31000,83.69000,12368000
1534512600,83.73000,84.20000,83.60000,83.69000,8409300
1534771800,83.89000,83.95000,83.31000,83.64000,6795800
1534858200,83.57000,84.00000,83.09000,83.90000,8534500
1534944600,83.81000,83.85000,83.06000,83.39000,5132600
1535031000,83.01000,83.60000,82.84000,83.24000,4323200
1535117400,83.22000,83.55000,83.03000,83.36000,5356000
1535376600,83.50000,83.82000,83.02000,83.44000,3941500
1535463000,83.72000,83.86000,83.32000,83.48000,5405200
1535549400,83.51000,83.76000,83.29000,83.49000,4520400
1535635800,83.39000,83.74000,83.19000,83.41000,4549700
1535722200,83.35000,83.53000,82.39000,82.95000,6674900
1536067800,82.48000,82.96000,82.07000,82.70000,5800700
1536154200,82.11000,83.47000,82.11000,83.29000,7651900
1536240600,82.91000,83.31000,82.49000,82.65000,7541100
1536327000,82.10000,82.20000,81.25000,81.91000,11110900
1536586200,82.58000,83.10000,82.34000,82.38000,6783000
1536672600,82.13000,82.42000,81.63000,82.01000,5210300
1536759000,81.90000,83.18000,81.70000,83.11000,5925200
1536845400,83.27000,83.49000,82.65000,83.45000,5328400
1536931800,83.47000,83.67000,82.97000,83.61000,5004100
1537191000,83.50000,84.27000,83.34000,84.25000,7098800
1537277400,84.29000,84.29000,83.58000,84.00000,6022800
1537363800,83.92000,84.29000,83.77000,84.00000,6157600
1537450200,84.29000,85.64000,84.23000,85.36000,10053000
1537536600,85.81000,86.28000,85.52000,85.82000,17402500
1537795800,85.63000,85.71000,84.23000,84.27000,6389400
1537882200,84.28000,84.41000,83.08000,83.12000,5657200
1537968600,83.25000,83.99000,83.03000,83.26000,6581000
1538055000,83.04000,83.63000,82.81000,82.86000,6277600
1538141400,83.03000,83.29000,82.79000,83.23000,5125800
1538400600,83.31000,83.72000,83.17000,83.67000,4899900
1538487000,83.48000,84.44000,83.37000,84.36000,7390900
1538573400,84.44000,84.52000,82.85000,83.03000,7958700
1538659800,82.50000,82.50000,81.10000,81.92000,7029900
1538746200,81.98000,82.45000,81.98000,82.15000,5454600
1539005400,81.98000,82.74000,81.75000,82.40000,7192300
1539091800,82.39000,82.72000,82.06000,82.20000,6268100
1539178200,81.81000,82.68000,81.44000,81.44000,9295800
1539264600,81.64000,81.97000,78.67000,78.87000,12560300
1539351000,79.37000,79.38000,78.49000,79.06000,9878700
1539610200,79.01000,80.54000,78.92000,80.13000,9691500
1539696600,79.91000,81.09000,79.90000,81.01000,9462600
1539783000,80.76000,82.18000,80.38000,81.86000,10375300
1539869400,80.71000,81.34000,80.00000,80.24000,9869500
1539955800,84.86000,87.76000,84.86000,87.30000,30276400
1540215000,86.73000,87.24000,85.23000,86.60000,14124100
1540301400,86.01000,87.30000,86.01000,87.16000,16269500
1540387800,87.28000,90.70000,87.22000,89.46000,26703500
1540474200,88.11000,89.33000,87.31000,89.00000,14647000
1540560600,88.69000,89.17000,87.39000,87.86000,14335900
1540819800,88.29000,89.42000,87.44000,88.24000,12878900
1540906200,88.85000,89.43000,88.21000,89.19000,13844000
1540992600,88.77000,89.32000,87.27000,88.68000,13362400
1541079000,88.81000,89.83000,88.18000,89.59000,9732400
1541165400,89.88000,89.95000,88.98000,89.81000,11336000
1541428200,89.89000,91.44000,89.82000,91.20000,12270100
1541514600,90.86000,91.53000,90.43000,91.51000,8857800
1541601000,91.59000,91.62000,90.62000,91.29000,9019800
1541687400,90.95000,91.53000,90.67000,91.36000,6614400
1541773800,91.35000,92.67000,91.17000,92.41000,10713500
1542033000,92.21000,93.45000,91.75000,92.70000,12522100
1542119400,91.97000,93.57000,91.59000,93.47000,13438700
1542205800,93.42000,93.90000,92.99000,93.49000,11623000
1542292200,93.33000,93.90000,92.72000,93.83000,12506000
1542378600,93.82000,94.81000,93.67000,93.82000,13013500
1542637800,93.72000,94.19000,92.91000,93.29000,9458300
1542724200,93.24000,93.79000,91.86000,92.10000,12074000
1542810600,91.66000,92.37000,91.24000,91.41000,8911800
1542983400,91.25000,91.99000,90.63000,91.54000,4399600
1543242600,91.15000,92.40000,91.15000,91.94000,8171400
1543329000,91.93000,92.86000,91.85000,92.72000,9023400
1543415400,92.63000,93.22000,92.21000,93.01000,8093700
1543501800,92.86000,93.30000,92.66000,92.82000,6126900
1543588200,93.18000,94.65000,92.75000,94.51000,16291800
1543847400,94.67000,94.67000,92.26000,93.32000,13934700
1543933800,93.49000,94.86000,93.17000,93.31000,11123600
1544106600,92.70000,93.63000,91.08000,93.55000,14199200
1544193000,93.59000,93.78000,92.14000,92.45000,7996800
1544452200,93.25000,93.40000,91.37000,93.03000,9307600
1544538600,93.72000,94.52000,93.40000,93.91000,8743800
1544625000,94.21000,94.55000,93.10000,94.03000,9644000
1544711400,94.87000,96.79000,94.80000,96.49000,18541300
1544797800,96.45000,96.90000,96.02000,96.64000,12657300
1545057000,96.00000,96.50000,92.40000,92.77000,12427600
1545143400,93.13000,93.31000,91.86000,92.49000,12250600
1545229800,92.55000,93.35000,91.29000,91.76000,10825600
1545316200,91.51000,92.23000,90.13000,90.98000,14439200
1545402600,90.61000,93.17000,90.36000,90.97000,24030000
1545661800,90.45000,90.66000,86.88000,87.36000,7396300
1545834600,87.42000,90.09000,86.74000,90.09000,8630900
1545921000,89.61000,92.05000,88.20000,92.02000,11360100
1546007400,92.56000,93.28000,90.84000,91.18000,9611800
1546266600,91.63000,92.18000,91.15000,91.92000,7239500
1546439400,91.03000,91.39000,89.93000,91.28000,9843900
1546525800,90.94000,92.50000,90.38000,90.64000,9820200
1546612200,90.84000,92.49000,90.37000,92.49000,10565700
1546871400,91.91000,92.50000,91.40000,92.12000,9012500
1546957800,92.70000,93.09000,91.82000,92.46000,9551300
1547044200,92.69000,92.96000,90.81000,90.95000,15015600
1547130600,90.89000,91.54000,90.61000,91.17000,11102300
1547217000,91.67000,91.98000,91.11000,91.77000,7166600
1547476200,91.50000,91.91000,90.85000,91.15000,7952000
1547562600,91.15000,92.61000,91.14000,92.01000,7834500
1547649000,91.74000,92.15000,90.99000,91.37000,7964500
1547735400,90.71000,91.56000,90.35000,90.64000,8044500
1547821800,91.37000,91.84000,91.04000,91.42000,9100300
1548167400,91.39000,91.75000,89.08000,90.44000,13518500
1548253800,94.18000,96.41000,93.63000,94.84000,22869000
1548340200,94.29000,94.56000,93.19000,94.30000,12146400
1548426600,94.42000,94.89000,93.06000,93.60000,10618000
1548685800,93.32000,93.97000,92.97000,93.52000,9765600
1548772200,93.79000,94.12000,93.10000,93.54000,9769800
1548858600,93.61000,94.66000,93.57000,94.52000,7750200
1548945000,94.43000,96.81000,94.08000,96.47000,16044400
1549031400,96.35000,97.61000,95.99000,97.47000,12720800
1549290600,97.21000,98.22000,96.72000,98.03000,11887500
1549377000,97.99000,98.02000,97.21000,97.44000,9772300
1549463400,97.25000,98.32000,97.12000,97.92000,8693900
1549549800,97.52000,97.60000,96.34000,97.14000,8732500
1549636200,97.01000,97.72000,96.70000,97.71000,7483200
1549895400,97.49000,98.39000,97.43000,98.27000,8494100
1549981800,98.38000,99.34000,97.98000,99.26000,11238800
1550068200,99.29000,99.70000,99.01000,99.24000,11587200
1550154600,98.70000,98.82000,97.84000,98.46000,7930100
1550241000,98.95000,99.20000,98.25000,98.48000,12069100
1550586600,98.56000,100.00000,98.47000,99.99000,10098200
1550673000,99.78000,100.22000,98.94000,99.28000,8947400
1550759400,99.10000,99.86000,98.59000,99.78000,7444800
1550845800,99.69000,100.40000,99.40000,100.25000,7925400
1551105000,100.36000,100.45000,99.33000,99.57000,7436100
1551191400,99.84000,100.18000,99.63000,99.83000,7115300
1551277800,99.34000,99.63000,98.82000,98.91000,6013600
1551364200,98.91000,99.20000,98.08000,98.55000,10575400
1551450600,98.61000,98.78000,97.83000,98.44000,7733200
1551709800,98.57000,98.88000,97.88000,98.87000,6895300
1551796200,98.91000,99.68000,98.91000,99.09000,6274600
1551882600,98.86000,99.10000,98.40000,98.93000,4622300
1551969000,98.97000,99.60000,98.25000,98.55000,8408600
1552055400,98.82000,99.18000,97.75000,98.41000,5144500
1552311000,98.79000,99.68000,98.51000,99.58000,7544400
1552397400,99.78000,100.52000,99.73000,100.05000,7597500
1552483800,99.99000,101.59000,99.96000,101.18000,9883300
1552570200,100.94000,101.78000,100.72000,101.32000,8590200
1552656600,101.76000,102.89000,101.73000,102.44000,30802700
1552915800,102.06000,102.29000,101.20000,101.51000,8442800
1553002200,101.91000,102.14000,101.29000,101.90000,7334100
1553088600,101.73000,102.31000,101.05000,101.72000,7513800
1553175000,101.28000,102.91000,101.28000,102.49000,8221000
1553261400,102.48000,103.15000,99.01000,101.66000,11035900
1553520600,101.66000,102.34000,101.26000,101.96000,6955500
1553607000,102.44000,103.48000,102.40000,103.02000,6909400
1553693400,102.76000,103.02000,102.04000,102.90000,6037100
1553779800,103.31000,103.68000,103.11000,103.55000,6793700
1553866200,103.86000,104.15000,103.11000,104.05000,7535400
1554125400,104.23000,104.23000,103.14000,103.64000,6626500
1554211800,103.61000,104.02000,103.26000,103.75000,6088800
1554298200,103.58000,103.89000,102.75000,103.69000,5226500
1554384600,103.48000,103.67000,102.79000,103.43000,4786100
1554471000,103.61000,103.69000,103.17000,103.65000,4281800
1554730200,103.93000,105.14000,103.50000,104.97000,8468600
1554816600,104.55000,104.76000,104.14000,104.66000,5820300
1554903000,104.66000,105.00000,104.24000,104.65000,5394300
1554989400,104.58000,105.05000,104.37000,104.75000,5078400
1555075800,104.75000,105.06000,104.17000,105.06000,6707900
1555335000,104.98000,105.78000,104.79000,105.73000,5639200
1555421400,105.98000,106.50000,105.65000,106.42000,8136100
1555507800,106.27000,106.51000,105.35000,105.85000,6778100
1555594200,106.02000,106.71000,105.83000,106.05000,7248900
1555939800,106.13000,107.20000,105.74000,106.01000,9057200
1556026200,104.01000,104.11000,102.13000,103.16000,15979800
1556112600,103.32000,104.65000,102.79000,103.69000,10094800
1556199000,103.10000,103.57000,102.59000,103.28000,6085300
1556285400,103.95000,105.88000,103.91000,105.86000,7747400
1556544600,105.57000,105.75000,104.72000,104.78000,4787600
1556631000,104.86000,106.62000,104.66000,106.48000,8251300
1556717400,106.15000,106.39000,104.81000,104.93000,6733800
1556803800,105.20000,105.76000,105.05000,105.56000,6270300
1556890200,105.99000,106.41000,105.58000,106.08000,4793400
1557149400,105.12000,105.82000,105.04000,105.68000,4890400
1557235800,105.03000,105.58000,104.10000,104.70000,6021700
1557322200,104.99000,105.77000,104.16000,105.07000,5392600
1557408600,104.67000,105.04000,103.78000,104.24000,6901700
1557495000,103.98000,106.15000,103.92000,106.01000,5815800
1557754200,105.14000,106.59000,104.85000,106.11000,7575500
1557840600,105.77000,106.50000,105.57000,105.60000,7004000
1557927000,105.61000,107.00000,105.50000,106.70000,5535600
1558013400,106.74000,108.68000,106.59000,108.11000,9284200
1558099800,107.27000,108.00000,107.26000,107.45000,6370200
1558359000,107.44000,108.13000,107.14000,107.33000,6565300
1558445400,107.47000,107.54000,106.29000,106.37000,5226400
1558531800,106.09000,107.05000,105.94000,106.72000,4889700
1558618200,106.68000,107.03000,105.89000,106.76000,6175600
1558704600,107.15000,107.44000,106.54000,106.69000,4372100
1559050200,106.70000,107.25000,104.42000,104.46000,7615500
1559136600,103.96000,104.81000,103.70000,104.19000,7137300
1559223000,104.37000,105.37000,104.37000,105.33000,4729200
1559309400,104.89000,104.90000,102.41000,102.91000,10282300
1559568600,103.15000,103.96000,102.40000,103.80000,8532900
1559655000,104.01000,105.10000,103.85000,104.68000,6906400
1559741400,105.24000,106.75000,104.89000,106.73000,6481700
1559827800,106.85000,107.68000,106.33000,107.38000,6681600
1559914200,107.74000,109.38000,107.74000,108.77000,8063400
1560173400,108.32000,109.02000,107.46000,108.72000,4767000
1560259800,108.94000,109.60000,108.87000,109.38000,8074400
1560346200,109.60000,110.66000,109.58000,109.68000,7687800
1560432600,109.98000,110.95000,109.86000,110.91000,8611400
1560519000,110.97000,111.75000,110.65000,111.20000,6438100
1560778200,111.16000,111.21000,110.24000,110.99000,6020000
1560864600,111.45000,111.56000,109.43000,109.60000,7731200
1560951000,109.50000,110.73000,109.26000,110.42000,7028000
1561037400,110.78000,112.02000,110.50000,111.74000,7044200
1561123800,111.62000,112.47000,111.02000,111.20000,13799400
1561383000,111.82000,112.50000,111.40000,112.33000,5518100
1561469400,112.11000,112.63000,111.31000,111.72000,6805600
1561555800,111.39000,111.44000,109.66000,109.73000,7170300
1561642200,109.92000,110.27000,109.29000,109.78000,5613300
1561728600,111.86000,111.96000,109.02000,109.65000,12152000
1561987800,109.92000,110.70000,109.61000,110.49000,6775900
1562074200,110.61000,111.50000,110.29000,111.48000,6578200
1562160600,111.96000,114.27000,111.84000,114.08000,6223300
1562333400,112.97000,113.45000,112.23000,113.15000,8694800
1562592600,113.34000,114.23000,113.30000,114.05000,5317800
1562679000,113.90000,113.91000,112.32000,112.91000,7537700
1562765400,113.46000,114.50000,113.40000,113.75000,5600700
1562851800,113.66000,114.40000,113.44000,114.38000,4625300
1562938200,114.07000,115.21000,114.07000,114.99000,7058600
1563197400,115.07000,115.88000,114.79000,115.48000,6240700
1563283800,115.72000,116.52000,115.45000,115.89000,7644300
1563370200,115.73000,116.29000,115.73000,115.94000,7861700
1563456600,114.93000,115.77000,114.79000,115.44000,5828700
1563543000,115.50000,115.95000,115.01000,115.01000,6547000
1563802200,115.04000,115.45000,114.58000,115.30000,4018800
1563888600,115.71000,116.05000,113.84000,113.85000,8194600
1563975000,113.85000,113.88000,112.28000,112.60000,9635900
1564061400,111.48000,112.98000,111.38000,112.77000,7809400
1564147800,113.21000,114.88000,112.88000,114.73000,5559600
1564407000,114.73000,116.21000,114.62000,116.00000,7768700
1564493400,119.82000,121.76000,118.80000,120.41000,18788800
1564579800,119.66000,120.68000,117.07000,118.04000,12641800
1564666200,118.56000,119.17000,116.73000,116.73000,11308600
1564752600,116.51000,117.08000,115.69000,116.44000,12266100
1565011800,116.09000,116.30000,112.83000,113.08000,12974800
1565098200,113.65000,115.00000,113.18000,114.28000,9490600
1565184600,113.75000,116.24000,112.68000,115.52000,9507600
1565271000,115.52000,117.49000,115.34000,117.44000,7416600
1565357400,117.62000,118.04000,115.85000,116.78000,6939500
1565616600,116.78000,117.67000,115.59000,116.03000,4996200
1565703000,116.51000,118.07000,116.34000,117.25000,6722000
1565789400,116.46000,117.94000,115.66000,115.79000,10148300
1565875800,116.80000,118.09000,116.44000,117.39000,7758000
1565962200,118.06000,119.54000,117.60000,119.18000,8302400
1566221400,119.97000,120.45000,119.11000,120.24000,5867100
1566307800,120.05000,120.26000,118.79000,118.90000,6744300
1566394200,119.27000,119.65000,118.68000,119.20000,4037400
1566480600,119.08000,119.79000,118.70000,119.42000,4558400
1566567000,119.14000,120.11000,116.43000,117.32000,7336800
1566826200,117.75000,119.60000,117.22000,119.32000,5661500
1566912600,119.99000,121.05000,119.78000,120.55000,6996300
1566999000,120.46000,121.43000,119.63000,121.40000,4600300
1567085400,121.79000,122.00000,120.32000,121.18000,5011500
1567171800,121.96000,122.00000,119.51000,120.23000,6007100
1567517400,119.79000,121.54000,119.63000,121.36000,4959300
1567603800,121.85000,123.28000,121.46000,123.21000,5586900
1567690200,123.24000,123.43000,122.18000,122.76000,7491900
1567776600,123.00000,123.38000,122.54000,122.87000,5306900
1568035800,122.71000,122.78000,121.78000,122.17000,7662400
1568122200,121.03000,121.18000,119.58000,119.88000,9582200
1568208600,119.86000,121.34000,119.36000,121.27000,7565500
1568295000,122.65000,123.21000,121.62000,122.77000,6194300
1568381400,121.82000,122.58000,121.50000,122.12000,6777400
1568640600,121.81000,121.96000,119.02000,119.75000,9626700
1568727000,119.63000,121.99000,119.44000,121.16000,6377100
1568813400,121.27000,121.96000,120.77000,121.41000,5684200
1568899800,121.39000,122.23000,121.24000,121.90000,4525800
1568986200,122.13000,122.60000,121.75000,122.24000,15362000
1569245400,122.20000,123.77000,121.97000,123.22000,6060400
1569331800,123.70000,124.73000,123.36000,123.61000,7633200
1569418200,123.56000,123.83000,122.95000,123.02000,5812600
1569504600,123.64000,125.00000,123.53000,124.31000,6984800
1569591000,124.41000,124.88000,123.72000,124.57000,5589800
1569850200,124.57000,125.36000,124.13000,124.38000,5206900
1569936600,124.36000,124.64000,123.20000,123.85000,5415700
1570023000,123.20000,123.65000,120.21000,121.08000,6755100
1570109400,121.67000,122.54000,120.84000,121.74000,5171000
1570195800,122.19000,124.06000,121.99000,124.00000,4377900
1570455000,123.53000,123.89000,122.68000,122.84000,4749700
1570541400,122.66000,122.93000,120.88000,120.93000,5545300
1570627800,121.81000,122.39000,121.43000,121.98000,3775600
1570714200,121.33000,122.19000,120.80000,121.94000,3943400
1570800600,122.04000,122.06000,120.82000,121.09000,6292200
1571059800,121.62000,121.62000,119.58000,120.05000,7360200
1571146200,120.19000,120.56000,116.70000,117.20000,11113900
1571232600,117.67000,117.77000,116.51000,117.53000,7973100
1571319000,117.31000,117.64000,116.55000,116.63000,5956900
1571405400,116.55000,117.75000,116.17000,117.47000,9016700
1571664600,117.42000,119.12000,117.35000,119.08000,6731600
1571751000,124.00000,124.22000,121.60000,122.18000,14410500
1571837400,121.99000,123.73000,121.84000,123.00000,8249300
1571923800,123.76000,125.77000,123.34000,124.79000,6725600
1572010200,124.82000,124.82000,123.17000,123.25000,6093300
1572269400,123.48000,124.12000,122.60000,123.48000,5459500
1572355800,123.20000,124.56000,123.10000,123.60000,5659800
1572442200,123.99000,125.17000,123.50000,124.94000,4734500
1572528600,124.79000,125.45000,123.36000,124.51000,6399500
1572615000,124.83000,125.14000,123.25000,123.87000,6010200
1572877800,123.92000,123.92000,118.64000,119.07000,10351400
1572964200,118.83000,119.59000,118.24000,118.90000,9239600
1573050600,119.10000,120.35000,118.66000,120.32000,6756300
1573137000,120.34000,120.34000,118.81000,119.62000,8909700
1573223400,119.85000,120.59000,119.16000,119.70000,4249900
1573482600,119.48000,120.00000,119.09000,119.33000,3850400
1573569000,119.49000,119.60000,118.55000,119.27000,4759600
1573655400,119.90000,121.05000,119.87000,120.65000,7262800
1573741800,120.62000,121.17000,120.11000,120.50000,5188300
1573828200,120.99000,120.99000,119.97000,120.54000,7108600
1574087400,120.25000,122.56000,120.17000,121.89000,7493700
1574173800,121.93000,122.78000,121.13000,121.42000,5989000
1574260200,121.42000,122.38000,120.93000,122.29000,6480000
1574346600,121.78000,122.54000,120.28000,120.34000,7094200
1574433000,120.23000,120.61000,119.39000,120.29000,4414900
1574692200,120.44000,120.92000,120.02000,120.51000,5134300
1574778600,120.73000,122.35000,120.41000,122.26000,8235200
1574865000,122.42000,122.44000,120.96000,121.76000,3751400
1575037800,121.99000,122.63000,121.71000,122.06000,2927300
1575297000,121.94000,122.78000,120.96000,122.72000,6146200
1575383400,122.31000,122.96000,121.80000,122.95000,6396200
1575469800,122.75000,124.58000,122.69000,124.53000,6857300
1575556200,124.27000,124.63000,123.66000,124.62000,7029200
1575642600,124.73000,125.45000,123.89000,124.19000,7150900
1575901800,124.31000,125.14000,124.18000,124.87000,7452800
1575988200,124.78000,124.87000,124.12000,124.27000,4740100
1576074600,124.27000,125.27000,124.07000,124.66000,4823300
1576161000,124.78000,125.76000,123.88000,124.57000,5897800
1576247400,124.21000,125.74000,123.79000,125.47000,5471600
1576506600,125.47000,126.35000,125.35000,125.56000,8281900
1576593000,125.59000,125.98000,124.31000,125.31000,8832200
1576679400,125.31000,125.87000,123.69000,124.01000,8607600
1576765800,124.16000,125.20000,123.90000,124.92000,6629100
1576852200,126.15000,126.60000,125.03000,125.36000,16250500
1577111400,125.52000,125.82000,124.69000,124.90000,6619500
1577197800,124.79000,125.31000,124.58000,125.22000,2022100
1577370600,125.10000,125.75000,124.87000,125.22000,4760400
1577457000,125.56000,126.30000,125.39000,126.09000,5192000
1577716200,125.76000,125.98000,124.14000,124.47000,3884300
1577802600,124.43000,124.99000,123.95000,124.90000,4798900
1577975400,124.50000,124.73000,122.94000,123.41000,8130800
1578061800,122.16000,123.53000,121.86000,122.58000,7970500
1578321000,122.57000,123.19000,122.38000,122.75000,6674400
1578407400,122.88000,123.21000,121.87000,121.99000,7583400
1578493800,122.19000,123.43000,122.00000,122.51000,5385100
1578580200,122.51000,123.88000,122.51000,123.85000,5944000
1578666600,123.90000,124.32000,123.30000,123.97000,3927100
1578925800,124.00000,124.90000,123.81000,124.88000,8409200
1579012200,124.65000,125.20000,124.48000,124.69000,7829700
1579098600,125.06000,126.12000,125.01000,125.96000,4843700
1579185000,126.11000,126.78000,125.59000,126.07000,6233700
1579271400,126.35000,127.00000,125.88000,126.41000,11315200
1579617000,126.41000,126.62000,124.84000,126.09000,8553100
1579703400,126.33000,126.68000,125.83000,126.31000,7396700
1579789800,124.30000,126.55000,123.65000,124.99000,11096500
1579876200,125.22000,126.79000,124.77000,125.14000,9508600
1580135400,124.75000,126.39000,124.75000,125.69000,9338400
1580221800,125.93000,126.98000,125.72000,126.03000,6200200
1580308200,125.91000,126.07000,125.03000,125.06000,5271000
1580394600,124.79000,126.06000,124.42000,125.95000,5894400
1580481000,125.99000,126.95000,124.46000,124.62000,6612900
1580740200,124.66000,125.95000,124.49000,125.11000,6052300
1580826600,125.71000,127.35000,125.36000,125.66000,6512200
1580913000,125.91000,127.06000,125.40000,126.81000,6125400
1580999400,126.90000,128.09000,126.60000,127.14000,9102700
1581085800,127.19000,127.27000,126.05000,126.08000,5915100
1581345000,126.46000,126.83000,125.76000,126.17000,5216100
1581431400,126.27000,126.27000,124.03000,124.16000,6105700
1581517800,123.68000,123.97000,122.85000,123.45000,6031700
1581604200,123.73000,125.28000,123.52000,124.96000,7159000
1581690600,125.29000,126.15000,124.79000,126.14000,5889100
1582036200,125.83000,126.18000,124.83000,124.87000,6767600
1582122600,124.85000,126.47000,124.65000,125.44000,4734000
1582209000,125.47000,126.76000,125.13000,126.58000,6094600
1582295400,126.13000,128.07001,125.98000,126.70000,8723900
1582554600,125.26000,126.59000,123.14000,123.30000,7533900
1582641000,123.02000,123.96000,120.88000,121.43000,8903200
1582727400,121.42000,122.39000,119.85000,120.16000,6894200
1582813800,119.12000,119.92000,113.43000,113.50000,13298900
1582900200,109.46000,113.23000,106.67000,113.23000,22784300
1583159400,113.19000,119.79000,112.55000,119.56000,12399800
1583245800,119.73000,121.84000,117.14000,118.17000,12510900
1583332200,119.88000,124.69000,119.60000,124.50000,9459300
1583418600,121.30000,122.90000,120.28000,121.63000,9363500
1583505000,118.03000,122.61000,117.55000,121.66000,9817400
1583760600,115.27000,120.03000,115.12000,116.06000,13116500
1583847000,118.96000,120.82000,114.44000,120.55000,11419100
1583933400,117.60000,118.44000,110.68000,111.59000,16456000
1584019800,103.00000,111.58000,101.00000,101.84000,20988000
1584106200,106.50000,114.63000,105.41000,114.07000,17378700
1584365400,101.75000,115.95000,101.00000,108.50000,17367400
1584451800,111.45000,119.70000,110.77000,118.24000,19451400
1584538200,113.02000,121.50000,112.09000,117.45000,23139200
1584624600,116.61000,118.00000,109.79000,110.83000,16428100
1584711000,109.19000,109.70000,101.59000,102.43000,19922900
1584970200,100.19000,103.75000,94.34000,97.70000,17776800
1585056600,101.23000,104.00000,96.07000,103.27000,14625500
1585143000,100.51000,104.70000,98.60000,100.92000,13789100
1585229400,103.88000,108.31000,102.53000,107.38000,15796000
1585315800,106.49000,114.29000,106.49000,110.17000,16073100
1585575000,113.90000,115.79000,110.20000,115.00000,14571600
1585661400,113.50000,114.29000,108.95000,110.00000,21691000
1585747800,107.95000,112.18000,107.00000,109.33000,11095800
1585834200,107.69000,114.99000,107.50000,114.40000,9168800
1585920600,113.74000,115.90000,113.01000,115.08000,7768700
1586179800,117.00000,119.00000,114.58000,117.81000,16848400
1586266200,116.71000,120.06000,112.50000,112.77000,14438400
1586352600,114.39000,117.30000,111.86000,115.10000,12564500
1586439000,115.26000,118.66000,114.20000,114.66000,12747300
1586784600,113.61000,116.75000,113.16000,115.95000,7926700
1586871000,118.76000,121.47000,116.25000,120.96000,10474200
1586957400,120.86000,123.42000,119.59000,121.22000,14192900
1587043800,122.35000,122.50000,119.90000,121.50000,12020200
1587130200,122.45000,124.99000,120.54000,124.69000,15899800
1587389400,121.47000,123.23000,120.54000,120.60000,10832000
1587475800,119.50000,120.30000,118.43000,119.68000,9465400
1587562200,119.99000,120.28000,118.78000,119.40000,10259400
1587648600,118.65000,119.67000,118.05000,119.40000,17277000
1587735000,119.10000,119.76000,118.62000,118.78000,12751100
1587994200,119.19000,119.19000,116.90000,117.45000,10635700
1588080600,117.10000,117.91000,116.17000,116.89000,9958000
1588167000,117.52000,118.05000,115.08000,117.08000,8707900
1588253400,115.92000,118.28000,115.66000,117.87000,10026400
1588339800,117.60000,118.37000,116.32000,116.82000,7366400
1588599000,117.09000,117.20000,115.00000,115.77000,5636000
1588685400,115.80000,117.26000,115.21000,116.01000,5425200
1588771800,115.54000,116.14000,112.89000,113.10000,7892200
1588858200,114.06000,114.14000,111.82000,112.17000,8762800
1588944600,113.52000,116.30000,113.39000,115.95000,9279900
1589203800,115.75000,116.01000,114.92000,115.31000,6947500
1589290200,115.20000,115.90000,114.14000,114.55000,6734400
1589376600,114.28000,115.35000,113.73000,113.92000,9312600
1589463000,113.54000,114.45000,111.25000,113.81000,9310000
1589549400,113.93000,114.79000,112.05000,114.61000,10694800
1589808600,116.03000,116.99000,114.71000,116.21000,10020800
1589895000,115.09000,115.64000,112.34000,112.44000,8047600
1589981400,113.00000,113.77000,112.13000,113.28000,6593800
1590067800,112.80000,113.20000,111.43000,111.62000,6552700
1590154200,112.29000,113.60000,111.76000,112.60000,5571900
1590499800,114.15000,114.15000,111.68000,112.03000,10432400
1590586200,112.50000,113.97000,111.82000,113.89000,8279700
1590672600,115.53000,116.99000,114.90000,116.06000,6586700
1590759000,116.13000,116.72000,114.62000,115.92000,7868000
1591018200,116.00000,117.50000,115.26000,117.25000,5105600
1591104600,117.07000,118.14000,116.82000,118.06000,6327900
1591191000,118.10000,119.19000,117.95000,118.53000,6171000
1591277400,118.00000,118.83000,115.57000,116.05000,6895800
1591363800,116.25000,118.83000,116.05000,118.33000,7337800
1591623000,117.44000,119.12000,116.84000,119.05000,6926700
1591709400,119.40000,119.76000,118.15000,118.34000,5563200
1591795800,119.00000,119.89000,118.11000,119.23000,6678200
1591882200,118.81000,119.57000,116.00000,116.26000,8937500
1591968600,116.59000,118.05000,115.26000,115.62000,7998500
1592227800,114.55000,117.28000,113.76000,116.69000,8786000
1592314200,118.53000,118.97000,116.93000,118.13000,8165200
1592400600,118.39000,119.11000,117.44000,117.93000,6320800
1592487000,117.46000,119.96000,117.37000,119.28000,6274400
1592573400,120.49000,121.82000,118.83000,118.92000,17506200
1592832600,118.78000,119.08000,117.34000,117.75000,5695600
1592919000,118.67000,119.19000,117.65000,117.73000,5340400
1593005400,117.22000,117.96000,116.28000,116.42000,6547800
1593091800,116.99000,118.03000,116.03000,117.89000,5489300
1593178200,117.59000,118.47000,115.04000,115.23000,23201700
1593437400,116.51000,118.05000,116.35000,117.66000,6866900
1593523800,117.97000,119.99000,117.80000,119.57000,7818000
1593610200,119.65000,120.39000,118.90000,119.98000,6501200
1593696600,121.00000,122.57000,120.53000,120.88000,6150900
1594042200,121.77000,122.41000,120.88000,121.63000,6023300
1594128600,121.30000,123.25000,120.89000,122.22000,6866300
1594215000,122.15000,123.24000,122.00000,122.89000,6494100
1594301400,122.82000,123.98000,121.81000,122.48000,5341000
1594387800,122.57000,124.50000,122.47000,123.89000,6752600
1594647000,124.00000,125.59000,123.34000,124.05000,7681500
1594733400,123.99000,125.66000,123.50000,125.09000,6272100
1594819800,125.98000,126.90000,124.26000,124.50000,8145000
1594906200,125.08000,125.52000,123.91000,124.76000,3959300
1594992600,125.09000,126.07000,124.83000,125.63000,4868600
1595251800,125.47000,125.84000,124.79000,125.24000,4242100
1595338200,125.49000,126.64000,124.92000,125.07000,5162300
1595424600,125.50000,126.40000,124.21000,126.14000,5929200
1595511000,126.12000,127.18000,125.60000,126.16000,6664800
1595597400,126.99000,127.77000,125.32000,125.96000,6014200
1595856600,125.71000,126.64000,125.54000,126.32000,6464600
1595943000,126.37000,128.46001,126.29000,127.88000,7644400
1596029400,127.56000,129.24001,127.36000,128.31000,6702000
1596115800,130.66000,132.03000,129.64999,131.42000,10400700
1596202200,130.66000,131.21001,129.27000,131.12000,8487000
1596461400,130.47000,131.92000,130.47000,131.28999,7769400
1596547800,130.77000,133.92999,130.70000,133.78999,7773700
1596634200,133.59000,134.64999,133.12000,133.44000,5680000
1596720600,132.85001,133.37000,132.12000,132.71001,3974100
1596807000,132.89000,133.64000,132.45000,133.55000,4934900
1597066200,133.70000,134.44000,133.19000,134.10001,5812700
1597152600,134.27000,134.74001,132.78999,133.23000,5329900
1597239000,133.77000,135.97000,133.70000,135.46001,5920400
1597325400,135.08000,135.87000,134.92999,135.78000,4989500
1597411800,135.61000,135.64000,134.55000,135.10001,5845200
1597671000,134.94000,135.70000,134.66000,135.50000,5603800
1597757400,135.81000,137.52000,135.42000,136.50999,8670700
1597843800,135.53999,136.32001,135.50000,135.77000,6827700
1597930200,135.24001,136.98000,135.19000,136.85001,4352200
1598016600,136.60001,138.10001,135.91000,137.44000,5706600
1598275800,137.49001,138.78000,137.20000,138.50999,7420500
1598362200,139.00000,139.14999,137.80000,139.06000,4718300
1598448600,138.57001,139.32001,138.25000,138.39000,4746200
1598535000,138.84000,139.69000,138.17999,138.21001,6156100
1598621400,138.32001,138.91000,136.95000,138.77000,4166300
1598880600,138.19000,138.73000,137.82001,138.33000,5596800
1598967000,137.86000,138.22000,137.07001,138.17999,5671800
1599053400,138.11000,141.44000,137.61000,140.50999,8384800
1599139800,140.74001,141.70000,137.09000,138.25999,7277900
1599226200,137.81000,139.19000,136.12000,137.96001,7437700
1599571800,138.52000,138.64000,135.03999,135.94000,6847500
1599658200,136.42000,139.56000,136.27000,138.14999,6002900
1599744600,138.12000,138.72000,136.50999,136.70000,5242500
1599831000,137.69000,138.66000,137.16000,138.14000,4398000
1600090200,138.44000,139.58000,138.33000,138.63000,4767400
1600176600,138.78999,139.77000,138.39000,138.63000,4046500
1600263000,139.57001,140.17000,137.60001,137.70000,6049900
1600349400,137.06000,137.88000,136.19000,137.52000,4648500
1600435800,136.91000,137.92999,136.25999,137.37000,10192800
1600695000,137.00000,137.47000,134.70000,136.71001,7092600
1600781400,136.49001,139.03000,136.24001,137.96001,4722800
1600867800,138.42000,138.42000,136.09000,136.31000,6373700
1600954200,136.67000,137.14999,135.71001,136.92000,5708200
1601040600,135.89000,137.99001,135.89000,137.62000,4969900
1601299800,138.56000,139.94000,137.78000,138.00999,5810800
1601386200,138.39000,138.42000,136.66000,137.25999,4492100
1601472600,138.16000,139.85001,137.81000,138.99001,8727800
1601559000,139.58000,139.99001,138.21001,139.24001,5713400
1601645400,137.92999,139.12000,136.95000,138.12000,6077900
1601904600,138.72000,139.64999,138.30000,139.39000,6333900
1601991000,139.42000,140.77000,138.81000,139.61000,6042900
1602077400,140.08000,141.39000,139.37000,140.70000,4640900
1602163800,140.56000,141.92999,140.36000,141.64999,4569800
1602250200,141.84000,143.64000,141.70000,142.92000,6551700
1602509400,143.33000,145.33000,143.33000,144.49001,5791500
1602595800,143.82001,144.84000,143.46001,144.21001,4509400
1602682200,144.17999,145.10001,143.08000,144.03999,3860700
1602768600,143.06000,144.39000,142.89000,143.83000,4997100
1602855000,144.42000,145.87000,143.92000,144.39000,6806100
1603114200,144.47000,145.39000,141.13000,141.91000,6427600
1603200600,145.61000,145.69000,141.89999,142.48000,7582100
1603287000,142.49001,144.34000,142.47000,143.25000,5649700
1603373400,141.49001,142.75000,141.08000,141.45000,4502900
1603459800,141.75999,142.88000,141.75999,142.38000,4278100
1603719000,141.50000,142.05000,140.00999,141.30000,5315500
1603805400,141.94000,143.34000,141.64999,142.36000,6806700
1603891800,140.45000,140.94000,137.31000,137.66000,8192200
1603978200,137.35001,139.09000,135.80000,137.57001,5476900
1604064600,137.17999,137.99001,134.67999,137.10001,6422000
1604327400,138.50999,140.00000,137.44000,138.50000,6682800
1604413800,139.32001,142.66000,139.32001,141.22000,6244200
1604500200,140.46001,143.00000,140.27000,140.64000,5820600
1604586600,142.44000,143.53000,141.78000,142.38000,5673100
1604673000,142.67000,144.07001,142.38000,143.23000,4702300
1604932200,146.14999,146.92000,137.60001,137.99001,12664700
1605018600,138.10001,140.62000,137.14999,140.25999,7854000
1605105000,141.85001,143.00000,140.64999,142.07001,5554300
1605191400,142.28999,142.55000,141.07001,142.14999,5631700
1605277800,142.21001,144.48000,141.88000,144.28000,6466800
1605537000,144.78000,144.78000,141.25999,142.42999,7976600
1605623400,141.89000,143.47000,141.75000,141.88000,6396800
1605709800,141.99001,142.10001,139.66000,139.70000,6097100
1605796200,139.87000,140.12000,138.45000,139.53000,5284100
1605882600,139.53000,140.35001,138.63000,139.30000,4726900
1606141800,139.32001,139.95000,137.86000,138.75999,4770600
1606228200,138.83000,139.84000,138.07001,138.31000,7101800
1606314600,138.16000,139.39000,138.03999,138.67999,8411300
1606487400,138.59000,138.89000,137.53000,138.61000,4252200
1606746600,138.00000,139.20000,136.74001,138.87000,11640400
1606833000,139.16000,139.53999,138.16000,139.37000,7169700
1606919400,139.37000,139.94000,137.49001,138.36000,6963000
1607005800,138.09000,138.35001,135.53999,137.34000,8742500
1607092200,137.21001,137.86000,135.87000,137.47000,6617200
1607351400,136.61000,137.74001,136.56000,137.67999,6918000
1607437800,137.02000,138.78000,136.42999,138.05000,6493500
1607524200,137.83000,138.03999,136.25000,136.41000,6773400
1607610600,136.52000,136.92000,135.03999,135.50999,6800500
1607697000,134.46001,136.80000,134.20000,136.50999,6548000
1607956200,137.02000,137.92999,135.77000,135.85001,6485300
1608042600,136.39000,137.53999,136.24001,136.64999,5397000
1608129000,136.71001,138.27000,136.71001,137.27000,5382500
1608215400,138.00999,139.12000,137.95000,138.25000,7405300
1608301800,138.25999,140.07001,137.45000,139.03999,19988800
1608561000,137.96001,138.42999,136.22000,137.52000,6732400
1608647400,137.28999,138.07001,136.38000,136.55000,5023100
1608733800,137.39000,137.55000,136.13000,136.34000,6004200
1608820200,136.20000,138.13000,136.20000,137.72000,2588200
1609165800,138.14999,139.39000,137.95000,138.67999,3714700
1609252200,139.22000,139.94000,138.20000,138.42000,5139300
1609338600,138.60001,138.92000,137.55000,137.77000,3261400
1609425000,138.31000,139.28999,137.39000,139.14000,4076400
1609770600,139.66000,139.86000,136.35001,137.82001,8330900
1609857000,137.99001,138.92000,136.27000,138.70000,6856400
1609943400,138.77000,141.03999,138.60001,140.16000,10578000
1610029800,139.75000,140.13000,138.03999,138.85001,7355400
1610116200,138.47000,139.06000,137.00000,138.78999,7448500
1610375400,138.75000,139.44000,137.60001,137.85001,7239900
1610461800,137.85001,138.25000,136.24001,137.05000,6333500
1610548200,137.10001,138.07001,137.10001,137.25999,6078800
1610634600,137.42999,137.64999,135.28000,135.80000,6172800
1610721000,135.25000,136.20000,134.66000,134.78000,7757600
1611066600,135.70000,136.36000,133.56000,133.60001,9184900
1611153000,132.53000,133.80000,131.25999,131.92999,12506600
1611239400,130.64999,131.99001,130.50999,131.00999,8761600
1611325800,131.02000,131.47000,129.99001,130.00000,7202800
1611585000,129.95000,133.00000,129.89999,132.24001,9640000
1611671400,132.25000,133.47000,131.42999,133.09000,5996700
1611757800,132.39000,133.10001,127.70000,128.38000,10826700
1611844200,127.84000,131.64999,127.44000,130.36000,8242000
1611930600,130.19000,130.28999,128.07001,128.21001,8344100
1612189800,129.00000,129.66000,128.20000,128.97000,6534200
1612276200,129.60001,130.72000,128.69000,128.78999,6825600
1612362600,128.95000,129.20000,127.75000,128.95000,7309400
1612449000,129.38000,129.46001,128.58000,129.03000,6613700
1612535400,129.12000,130.10001,129.03000,129.57001,5063700
1612794600,129.92999,130.10001,128.11000,129.17000,7011200
1612881000,129.46001,129.94000,128.23000,128.67000,5917800
1612967400,128.75000,129.16000,127.96000,128.22000,8594100
1613053800,128.53999,129.33000,128.21001,128.33000,6139200
1613140200,128.00000,128.13000,126.58000,127.62000,8407300
1613485800,127.97000,128.17000,126.99000,127.92000,8246000
1613572200,127.19000,129.49001,127.11000,128.46001,8845200
1613658600,127.81000,129.85001,127.59000,129.53000,6936400
1613745000,129.35001,129.44000,127.02000,127.12000,8277900
1614004200,126.79000,127.24000,126.38000,126.58000,6975500
1614090600,127.78000,129.92999,127.19000,127.52000,10145300
1614177000,127.35000,128.24001,126.91000,127.66000,7263000
1614263400,127.49000,128.99001,126.29000,126.58000,7790800
1614349800,126.54000,126.93000,121.82000,123.53000,17718800
1614609000,124.16000,125.49000,124.00000,124.29000,7740200
1614695400,123.87000,124.86000,123.43000,123.90000,10206500
1614781800,123.77000,124.20000,122.79000,123.16000,7537000
1614868200,123.10000,124.77000,121.54000,122.15000,10228100
1614954600,122.76000,126.33000,122.55000,125.98000,10490900
1615213800,125.76000,128.89999,125.32000,127.31000,9224700
1615300200,127.65000,128.92000,126.06000,126.18000,8859700
1615386600,126.15000,128.42000,125.47000,127.34000,9070900
1615473000,127.13000,127.85000,126.72000,126.91000,6941500
1615559400,127.65000,128.82001,127.65000,128.14000,6521900
1615815000,128.39000,129.03999,127.19000,128.56000,7172600
1615901400,128.50999,129.98000,128.50999,128.94000,6485200
1615987800,129.11000,129.84000,128.35001,128.42000,6192900
1616074200,128.21001,129.03999,127.04000,128.70000,6871300
1616160600,129.10001,129.74001,127.90000,128.00999,20262100
1616419800,128.00999,130.89000,128.00999,130.17999,8077600
1616506200,130.41000,133.28999,129.99001,132.60001,9503800
1616592600,130.94000,133.14000,130.62000,132.56000,8318000
1616679000,133.09000,133.62000,132.05000,133.48000,7517300
1616765400,133.22000,135.61000,132.48000,135.45000,10821200
1617024600,135.00000,137.60001,135.00000,137.57001,11176000
1617111000,136.61000,137.00000,135.14000,135.45000,8090600
1617197400,135.67999,136.75000,135.25999,135.42999,9202600
1617283800,135.05000,135.48000,133.33000,134.28000,9117800
1617629400,134.96001,137.25000,134.73000,136.45000,8279100
1617715800,136.00000,137.02000,135.64000,136.50000,6180600
1617802200,137.12000,137.33000,136.25000,136.74001,10244500
1617888600,136.89999,137.63000,136.59000,137.25999,6190300
1617975000,136.50999,137.27000,135.56000,136.37000,5855400
1618234200,136.50000,137.03999,135.71001,136.92000,6440900
1618320600,136.02000,136.39000,134.84000,135.11000,9161200
1618407000,135.52000,135.78999,134.58000,135.60001,7584000
1618493400,135.97000,137.75999,135.87000,137.24001,7945300
1618579800,137.61000,137.89999,136.88000,137.25000,7708500
1618839000,136.94000,137.08000,135.39000,136.61000,9149400
1618925400,134.84000,138.59000,133.53000,137.75000,10040500
1619011800,137.89000,138.57001,136.60001,136.85001,8465900
1619098200,135.37000,135.78999,134.06000,134.63000,7338300
1619184600,134.92999,135.08000,133.25000,133.94000,6708300
1619443800,133.49001,133.75999,131.17000,131.25999,9910600
1619530200,131.24001,131.89000,130.28999,131.17999,8296800
1619616600,131.71001,131.85001,130.88000,131.39999,6262800
1619703000,131.31000,132.99001,131.31000,132.50999,6786800
1619789400,132.75000,133.67000,132.25999,133.42000,9188600
1620048600,134.03000,135.67999,134.03000,135.00000,8070300
1620135000,134.98000,135.83000,134.21001,134.53999,9624000
1620221400,134.37000,134.97000,133.37000,133.46001,8295900
1620307800,134.00999,135.37000,133.92000,135.14000,9771100
1620394200,135.08000,136.03000,134.75999,135.14999,6299100
1620653400,135.89000,138.42000,135.69000,137.67000,8852700
1620739800,138.49001,138.78999,136.47000,136.99001,10973700
1620826200,136.49001,137.00000,135.49001,135.53999,8853700
1620912600,135.89000,138.53000,135.39000,137.72000,8753600
1620999000,137.67000,139.10001,137.67000,138.00999,5989500
1621258200,137.97000,139.07001,137.61000,137.73000,7690700
1621344600,136.46001,137.83000,136.14999,136.32001,9239100
1621431000,136.06000,136.83000,135.59000,136.60001,9806800
1621517400,136.78999,138.71001,136.72000,138.00000,8768200
1621603800,138.20000,138.94000,137.78000,138.00000,10161000
1621863000,138.00000,138.80000,137.73000,137.96001,6981300
1621949400,138.05000,138.48000,136.75000,138.42999,8142400
1622035800,138.78999,138.86000,137.87000,138.12000,8122900
1622122200,138.12000,138.28000,134.66000,134.98000,33095700
1622208600,135.14999,136.13000,134.64000,134.85001,10477100
1622554200,135.78999,136.00000,132.48000,132.88000,9993900
1622640600,133.00000,133.63000,132.52000,133.46001,8254100
1622727000,133.23000,135.91000,133.20000,135.85001,11249800
1622813400,135.70000,136.62000,135.39999,135.95000,6894400
1623072600,136.36000,136.84000,135.67999,136.42000,8418000
1623159000,136.67999,136.75000,134.75000,134.84000,6911500
1623245400,135.55000,136.44000,134.74001,134.78999,6200700
1623331800,135.02000,136.35001,134.62000,135.78999,6515500
1623418200,135.75000,135.87000,133.89999,134.86000,10641400
1623677400,134.98000,135.03000,133.96001,134.91000,6302000
1623763800,135.20000,135.64000,134.55000,134.64999,5543400
1623850200,135.17999,135.58000,132.64999,132.78000,8936400
1623936600,132.82001,134.16000,132.64999,133.99001,7875600
1624023000,133.34000,133.35001,131.94000,132.03000,13997600
1624282200,132.69000,133.25999,132.39999,133.07001,8014800
1624368600,133.03999,134.02000,132.88000,133.12000,6550900
1624455000,132.95000,133.36000,132.32001,132.92999,5796000
1624541400,132.95000,133.31000,132.70000,133.02000,6056700
1624627800,133.25999,135.53999,132.95000,134.92000,24504900
1624887000,134.89999,136.16000,134.75999,135.32001,6065400
1624973400,135.50999,135.83000,133.82001,134.39999,5792300
1625059800,134.58000,135.28999,134.28999,134.92999,5776600
1625146200,135.42999,136.14000,134.92000,135.24001,5922300
1625232600,135.60001,136.64000,135.42000,135.89999,5572000
1625578200,135.52000,136.30000,135.36000,135.98000,6534400
1625664600,136.03000,137.59000,136.03000,137.00000,5532700
1625751000,136.99001,137.39999,135.89000,136.98000,7585200
1625837400,137.24001,137.64999,136.84000,137.03000,5948700
1626096600,136.89999,137.47000,136.42999,137.14000,6807300
1626183000,136.39000,137.57001,136.39000,136.97000,5603800
1626269400,137.00999,138.23000,136.37000,137.98000,5903600
1626355800,138.00999,139.25999,137.70000,139.16000,7357100
1626442200,139.30000,140.78000,139.11000,140.50999,9346300
1626701400,140.32001,141.87000,138.81000,140.44000,9544100
1626787800,140.44000,141.98000,139.64000,139.69000,8136300
1626874200,139.95000,140.20000,138.99001,139.20000,6954700
1626960600,137.28999,138.33000,136.71001,137.80000,6013800
1627047000,137.48000,139.98000,137.08000,139.78999,7906000
1627306200,139.62000,140.82001,139.22000,140.28000,5925800
1627392600,140.14999,141.62000,140.00000,140.85001,7075400
1627479000,140.67000,140.67000,138.71001,138.75999,8520000
1627565400,139.75999,140.17999,138.73000,139.48000,5430500
1627651800,142.00000,144.53999,141.55000,142.23000,14394300
1627911000,141.77000,142.42999,140.80000,141.88000,7009500
1627997400,141.86000,144.21001,141.52000,143.95000,8455700
1628083800,143.03999,144.09000,142.35001,142.42999,6628000
1628170200,143.35001,143.55000,141.47000,142.50000,5363300
1628256600,143.03000,143.12000,141.22000,141.41000,6030100
1628515800,141.95000,142.59000,141.70000,142.17999,4743800
1628602200,141.91000,142.50999,141.66000,142.27000,5253500
1628688600,142.74001,143.24001,142.47000,142.62000,4205000
1628775000,143.14999,143.14999,142.35001,142.95000,4956100
1628861400,142.95000,143.99001,142.69000,143.64000,4888800
1629120600,143.67000,144.69000,143.38000,144.64000,6040800
1629207000,144.39999,145.60001,143.89000,144.88000,7577000
1629293400,144.70000,144.88000,143.17999,143.30000,7162000
1629379800,143.16000,145.28000,143.16000,144.99001,5787200
1629466200,145.25000,145.98000,144.78000,145.09000,5273800
1629725400,144.28999,145.34000,144.23000,144.35001,4522200
1629811800,144.00999,144.14999,142.98000,143.17999,4560400
1629898200,143.07001,143.13000,142.25000,142.67000,3861500
1629984600,142.56000,142.71001,141.47000,142.42000,4749400
1630071000,142.48000,142.77000,141.64000,142.31000,4741200
1630330200,142.60001,142.99001,142.05000,142.92999,3845800
1630416600,143.03999,143.53000,142.05000,142.39000,9642400
1630503000,142.33000,144.19000,142.23000,143.84000,6214200
1630589400,143.97000,144.73000,143.58000,143.95000,5392500
1630675800,143.75999,144.37000,143.52000,144.05000,5466400
1631021400,144.32001,144.50000,143.28999,143.50999,6520600
1631107800,143.08000,144.94000,143.00999,144.60001,6897800
1631194200,144.57001,144.88000,143.64999,143.99001,6354700
1631280600,144.06000,144.46001,143.32001,144.13000,5750000
1631539800,144.85001,147.23000,144.85001,145.67999,9952500
1631626200,146.13000,146.36000,144.95000,145.42999,5831800
1631712600,145.35001,145.77000,144.74001,145.12000,6237100
1631799000,144.84000,145.19000,142.82001,144.11000,6142100
1631885400,144.37000,146.28000,144.23000,144.34000,18737400
1632144600,144.22000,144.85001,141.97000,142.89000,10238700
1632231000,142.98000,144.53000,142.88000,143.11000,6651300
1632317400,143.82001,144.35001,142.86000,143.60001,6332500
1632403800,144.06000,144.69000,143.49001,144.19000,5171200
1632490200,143.80000,144.45000,143.09000,143.55000,5009400
1632749400,143.14999,143.17000,141.52000,141.66000,5749700
1632835800,141.05000,141.37000,139.56000,140.59000,7015300
1632922200,140.27000,142.67999,140.17999,142.02000,5460000
1633008600,142.64000,142.74001,139.53000,139.80000,6934900
1633095000,139.92999,140.23000,138.32001,139.58000,5587200
1633354200,139.39000,140.39999,137.60001,138.78999,5816000
1633440600,138.80000,140.52000,138.72000,139.33000,6902700
1633527000,138.99001,141.25999,138.62000,141.19000,5332900
1633613400,141.75000,143.03000,141.75000,142.32001,5334600
1633699800,142.28999,142.62000,141.03999,141.73000,6131800
1633959000,142.37000,142.77000,141.77000,142.32001,5995600
1634045400,142.60001,143.03999,141.70000,142.11000,6734800
1634131800,142.39999,142.75999,141.03000,142.44000,5689800
1634218200,142.83000,144.31000,142.81000,144.05000,6777800
1634304600,144.52000,144.87000,143.67999,144.42000,6923700
1634563800,143.55000,143.70000,142.10001,142.34000,9119000
1634650200,139.08000,140.82001,138.80000,140.66000,9555300
1634736600,140.14999,141.96001,139.85001,141.21001,7352700
1634823000,140.86000,141.16000,139.17999,139.33000,6545500
1634909400,139.39000,141.00999,139.32001,140.83000,5265000
1635168600,140.41000,140.92000,139.05000,140.85001,5382100
1635255000,141.62000,143.17999,141.24001,142.85001,6234900
1635341400,143.14000,143.67999,141.69000,141.83000,9643500
1635427800,141.89000,142.88000,141.71001,142.67999,4538500
1635514200,142.16000,143.48000,142.02000,142.99001,6239500
1635773400,143.36000,143.80000,142.49001,142.64000,5038900
1635859800,142.72000,144.58000,142.28000,144.06000,9954300
1635946200,144.13000,145.11000,143.52000,145.05000,7620100
1636032600,142.84000,145.39000,142.34000,145.32001,6402500
1636119000,145.44000,146.37000,144.80000,146.03999,6062700
1636381800,145.50000,146.10001,144.02000,144.95000,5854400
1636468200,145.03000,145.83000,144.58000,145.39000,4873100
1636554600,145.74001,147.31000,145.59000,146.82001,7334900
1636641000,146.86000,146.97000,146.21001,146.39999,4096300
1636727400,146.74001,147.08000,145.98000,146.56000,5687400
1636986600,147.03000,147.75000,146.47000,147.39999,5510200
1637073000,147.39000,148.59000,147.00999,147.19000,7603900
1637159400,146.97000,147.78000,146.42000,147.10001,4900200
1637245800,147.03999,148.08000,146.50999,147.12000,5509300
1637332200,147.95000,148.23000,146.78999,146.82001,6274300
1637591400,146.97000,148.94000,146.83000,147.80000,6625400
1637677800,147.83000,149.50000,147.67000,149.44000,7912800
1637764200,148.77000,148.88000,147.67999,148.66000,5665200
1637937000,148.58000,149.72000,147.31000,147.47000,6299800
1638196200,147.78999,149.66000,146.78999,149.02000,7113300
1638282600,147.81000,148.53999,144.12000,144.58000,11696400
1638369000,144.85001,147.87000,144.85001,146.39999,8313500
1638455400,147.00999,148.46001,146.94000,147.25999,9468800
1638541800,148.02000,150.00000,147.66000,149.88000,11200800
1638801000,150.19000,152.39000,150.19000,152.14999,11935100
1638887400,151.95000,152.58000,151.27000,151.75000,7913400
1638973800,151.67000,152.66000,150.28000,152.42999,8329300
1639060200,152.31000,154.19000,151.60001,153.32001,8334300
1639146600,153.85001,155.80000,153.42999,155.46001,7172300
1639405800,155.30000,158.33000,154.91000,157.67000,8944000
1639492200,157.89999,158.63000,156.66000,158.25000,8677500
1639578600,157.64000,159.64000,157.64000,158.86000,9152600
1639665000,158.73000,161.32001,158.42000,161.11000,10852900
1639751400,160.66000,161.72000,157.31000,157.46001,24349400
1640010600,156.60001,158.46001,156.57001,157.86000,9202600
1640097000,157.64999,158.14999,156.78999,157.75999,6946000
1640183400,157.77000,159.58000,157.27000,159.32001,6626300
1640269800,159.50000,160.92000,159.44000,160.10001,5640900
1640615400,160.67000,161.99001,160.61000,161.97000,4548600
1640701800,161.96001,163.38000,161.94000,162.84000,5929400
1640788200,163.21001,164.98000,163.08000,164.19000,5346100
1640874600,164.39999,164.59000,162.61000,162.77000,5911500
1640961000,162.86000,163.73000,162.46001,163.58000,5327000
1641220200,161.69000,162.94000,159.88000,162.89999,9317300
1641306600,162.28999,164.39000,162.17999,163.47000,9253800
1641393000,163.44000,165.32001,163.39999,164.21001,9330200
1641479400,164.34000,165.20000,162.61000,162.83000,7556000
1641565800,163.13000,163.53000,161.95000,162.74001,6098500
1641825000,162.50999,163.12000,160.17000,160.52000,8055000
1641911400,160.22000,160.22000,156.91000,158.66000,11957900
1641997800,158.25999,159.36000,157.83000,159.00999,7127500
1642084200,159.31000,159.45000,157.78000,158.28999,6551000
1642170600,158.07001,160.49001,157.56000,159.81000,10708000
1642516200,158.53000,158.53000,156.03999,156.73000,10988400
1642602600,157.61000,164.19000,156.97000,162.00000,14088300
1642689000,160.12000,164.33000,160.12000,162.00000,10799100
1642775400,163.00000,165.35001,162.10001,162.62000,10900400
1643034600,163.42999,164.12000,158.72000,161.30000,14838100
1643121000,160.45000,161.30000,157.89000,159.53999,9369600
1643207400,157.34000,159.57001,156.38000,158.14999,10707100
1643293800,158.73000,161.35001,158.58000,159.13000,9083000
1643380200,158.61000,160.95000,157.32001,160.50000,9494200
1643639400,159.35001,160.64999,158.87000,160.45000,8950100
1643725800,160.78999,161.30000,157.73000,159.74001,6284100
1643812200,160.14000,162.84000,159.47000,162.60001,7558800
1643898600,161.98000,164.98000,161.62000,164.14000,10474500
1643985000,163.13000,164.49001,161.41000,161.53000,8959900
1644244200,161.87000,162.25999,159.67000,160.32001,6430500
1644330600,161.12000,161.27000,159.64999,159.96001,5048700
1644417000,160.36000,160.64000,159.27000,159.60001,8077400
1644503400,159.09000,159.50000,156.64999,157.17000,7033000
1644589800,158.00999,158.58000,155.58000,156.28999,9341400
1644849000,156.14000,157.06000,153.36000,156.74001,9472200
1644935400,157.77000,159.32001,156.11000,156.82001,6659200
1645021800,156.83000,158.78000,156.27000,158.00999,9315700
1645108200,158.38000,160.38000,157.35001,159.82001,7925500
1645194600,159.50000,161.06000,158.82001,159.89999,8063200
1645540200,160.11000,160.88000,156.66000,157.92999,8179500
1645626600,158.30000,158.60001,155.60001,155.96001,6273000
1645713000,155.64000,155.98000,150.56000,151.75999,13145100
1645799400,152.33000,158.94000,152.25000,158.24001,8888800
1646058600,156.28999,157.19000,153.82001,155.89000,8669200
1646145000,154.31000,155.39999,152.34000,153.31000,8311900
1646231400,152.96001,155.08000,152.60001,153.78999,6111300
1646317800,153.77000,155.86000,153.77000,154.36000,7451200
1646404200,153.12000,155.35001,152.55000,155.14000,8639100
1646663400,154.49001,154.52000,151.14000,152.84000,8374500
1646749800,152.17999,152.95000,146.58000,146.78999,9517200
1646836200,148.83000,150.47000,147.81000,148.77000,7044100
1646922600,147.80000,148.28000,143.94000,144.94000,9221000
1647009000,145.39999,146.16000,143.03000,143.22000,7086100
1647264600,144.45000,146.03999,143.35001,145.05000,7964600
1647351000,147.00999,150.53999,146.89000,150.27000,9868400
1647437400,150.63000,151.78999,148.03999,149.75999,6908900
1647523800,149.99001,150.47000,148.50000,150.23000,6003800
1647610200,150.87000,150.87000,148.24001,150.14999,15570300
1647869400,150.44000,151.42000,149.24001,150.72000,6937500
1647955800,153.42999,153.60001,150.52000,151.88000,7292100
1648042200,152.20000,153.00999,150.69000,150.82001,5531900
1648128600,150.89000,151.56000,150.16000,151.08000,4203100
1648215000,151.63000,153.92000,151.50999,152.83000,5047700
1648474200,153.64000,153.89999,152.63000,153.88000,4234000
1648560600,155.37000,156.47000,154.02000,155.46001,5643400
1648647000,152.50000,154.42999,151.94000,154.39000,5779300
1648733400,154.10001,154.34000,152.39999,152.80000,7538600
1648819800,153.52000,155.46001,152.06000,155.09000,5742600
1649079000,153.81000,154.35001,151.25999,154.08000,5992000
1649165400,153.61000,157.37000,153.53999,154.62000,7653000
1649251800,154.42000,157.28999,153.94000,156.83000,8884700
1649338200,157.87000,159.39000,156.97000,158.86000,6889700
1649424600,159.70000,160.53000,158.92000,160.10001,6045400
1649683800,159.95000,161.21001,158.63000,159.49001,6158400
1649770200,159.31000,160.63000,158.70000,159.00999,7221500
1649856600,159.08000,160.41000,158.71001,159.46001,5247700
1649943000,159.98000,160.30000,158.45000,158.57001,7806500
1650288600,158.48000,158.98000,156.53000,157.06000,6034500
1650375000,156.77000,160.03000,156.30000,159.41000,7897000
1650461400,160.50000,164.48000,160.00000,163.64999,10196100
1650547800,163.82001,164.89999,162.42999,162.61000,9365700
1650634200,163.24001,163.52000,160.91000,161.25000,9394600
1650893400,161.70000,163.28999,159.80000,162.55000,6986800
1650979800,162.67999,163.64000,159.75000,159.78999,7769500
1651066200,160.21001,161.45000,159.11000,159.36000,6754900
1651152600,160.53999,163.71001,159.27000,163.41000,9306800
1651239000,162.47000,162.95000,160.20000,160.55000,10637000
1651498200,161.60001,162.00000,156.19000,158.38000,10351600
1651584600,158.22000,158.99001,155.00999,156.21001,10344000
1651671000,155.83000,157.55000,155.14999,157.36000,7771000
1651757400,156.30000,157.28999,153.14000,154.46001,8217100
1651843800,154.77000,156.24001,153.87000,156.00000,7304800
1652103000,153.96001,156.75999,152.75000,155.61000,8540800
1652189400,155.55000,156.62000,153.94000,154.78999,7447400
1652275800,154.03000,155.89999,152.35001,152.61000,7692200
1652362200,153.52000,153.61000,149.88000,151.99001,9600800
1652448600,152.58000,153.73000,150.42000,153.62000,5675500
1652707800,153.47000,155.89999,152.03000,155.12000,5971000
1652794200,155.13000,156.75000,153.07001,154.67999,6509100
1652880600,154.67000,154.75999,144.53999,145.03999,9670700
1652967000,143.41000,143.42000,140.60001,141.70000,9694100
1653053400,142.14999,142.45000,139.17999,141.78999,7786900
1653312600,142.84000,145.63000,142.08000,145.05000,7134500
1653399000,144.89000,147.94000,144.82001,147.63000,7207400
1653485400,147.11000,147.14000,143.50000,145.21001,8217800
1653571800,146.48000,147.38000,145.03999,146.48000,5702600
1653658200,146.97000,148.72000,146.63000,148.72000,6028800
1654003800,147.28999,148.99001,146.16000,147.88000,12416700
1654090200,148.00000,148.12000,144.71001,145.64000,7036000
1654176600,145.97000,147.25999,142.63000,147.21001,6479800
1654263000,146.36000,147.21001,145.12000,145.89000,4720700
1654522200,147.37000,147.64000,144.59000,145.32001,4751100
1654608600,143.67000,147.17999,143.42999,146.94000,4918600
1654695000,146.30000,146.42999,144.99001,145.11000,4369600
1654781400,145.41000,146.89000,142.34000,142.49001,4625700
1654867800,140.89000,143.14999,139.45000,141.95000,6630800
1655127000,139.50000,140.49001,137.63000,138.14999,8549500
1655213400,137.50999,137.58000,132.53999,133.84000,9980200
1655299800,134.44000,134.89999,129.50000,132.50999,12178100
1655386200,131.03000,135.07001,130.60001,133.32001,9683300
1655472600,132.56000,134.25999,131.42999,132.36000,17113300
1655818200,134.62000,137.00000,133.42999,136.37000,9017000
1655904600,135.67999,139.69000,135.67000,138.50000,8374500
1655991000,139.05000,142.48000,138.89999,142.30000,6418300
1656077400,144.20000,145.24001,143.12000,144.35001,19440600
1656336600,144.12000,144.75999,142.71001,143.25000,5618500
1656423000,143.53999,144.09000,140.58000,140.92000,6077300
1656509400,141.60001,142.86000,141.14999,142.20000,5174600
1656595800,141.69000,144.44000,141.23000,143.78999,7410100
1656682200,144.24001,146.25000,143.39999,146.11000,5937200
1657027800,144.58000,146.10001,142.53999,144.70000,5760900
1657114200,145.50999,147.49001,144.97000,146.05000,5485200
1657200600,145.28999,146.19000,144.60001,146.00000,6623400
1657287000,145.99001,146.81000,144.57001,145.02000,4294200
1657546200,145.14999,146.58000,144.67999,146.03999,5482900
1657632600,145.86000,146.92000,144.37000,144.75000,5204400
1657719000,144.41000,146.96001,144.21001,145.70000,5075600
1657805400,143.75999,145.53000,143.47000,145.27000,4867000
1657891800,145.34000,145.70000,144.10001,145.07001,6264600
1658151000,144.94000,145.09000,143.17000,143.31000,6047500
1658237400,144.57001,145.00999,143.64000,144.03999,5943600
1658323800,144.00000,144.22000,140.64000,141.55000,8635300
1658410200,140.60001,141.36000,138.95000,140.77000,8310200
1658496600,140.75999,143.17000,140.67000,143.02000,5292700
1658755800,142.80000,144.42000,142.53000,143.99001,5262100
1658842200,142.69000,144.49001,141.71001,144.27000,5375700
1658928600,143.88000,146.21001,143.53000,145.64000,5500000
1659015000,146.14000,148.61000,145.08000,148.06000,7115700
1659101400,141.42999,142.50000,138.23000,138.91000,18694700
1659360600,138.34000,143.94000,138.27000,142.89999,12590000
1659447000,143.11000,143.72000,141.77000,141.95000,7495000
1659533400,141.66000,145.27000,140.91000,144.88000,6811000
1659619800,144.85001,146.46001,144.00999,144.64999,6124700
1659706200,143.75000,144.84000,142.77000,144.72000,4580300
1659965400,145.03000,146.47000,144.73000,145.27000,4486800
1660051800,145.57001,145.94000,144.49001,144.92999,3977300
1660138200,145.89000,146.50000,145.39000,146.30000,4641300
1660224600,146.81000,147.28999,144.92999,145.25999,5954300
1660311000,145.91000,146.73000,144.96001,146.67000,5038700
1660570200,146.87000,148.77000,146.75000,148.56000,6008000
1660656600,148.36000,150.60001,148.36000,149.92999,7093000
1660743000,149.10001,149.75000,148.88000,149.24001,4834600
1660829400,148.87000,149.99001,148.52000,149.77000,3829000
1660915800,149.21001,150.63000,148.72000,149.73000,6502500
1661175000,148.98000,150.13000,148.84000,149.33000,6380700
1661261400,148.42999,148.44000,145.83000,146.45000,5268200
1661347800,146.61000,147.25999,145.12000,145.82001,5903200
1661434200,145.23000,145.78000,144.49001,145.70000,5097600
1661520600,146.00000,146.53000,142.02000,142.28999,6086600
1661779800,141.30000,142.69000,141.02000,141.69000,5272100
1661866200,142.41000,142.41000,139.91000,140.17999,5203700
1661952600,140.39999,140.88000,137.86000,137.94000,8406900
1662039000,137.83000,139.75999,136.75999,139.64000,7446500
1662125400,140.42000,141.14999,136.55000,137.16000,7077800
1662471000,135.88000,137.94000,135.28999,135.63000,8217200
1662557400,136.03000,137.75999,136.02000,137.67999,6609400
1662643800,137.00999,138.49001,136.06000,137.86000,7380500
1662730200,137.95000,141.09000,137.30000,139.96001,6434300
1662989400,139.41000,141.80000,139.11000,141.10001,5818700
1663075800,140.78000,141.42999,137.86000,138.17999,6350200
1663162200,138.66000,139.66000,137.67000,138.50999,6137800
1663248600,138.78000,138.89000,136.64000,137.44000,5320700
1663335000,137.44000,139.06000,137.11000,138.28000,9321500
1663594200,138.20000,138.46001,137.23000,137.99001,6056000
1663680600,137.41000,137.97000,136.53000,137.50000,5589800
1663767000,138.08000,138.20000,135.71001,135.73000,6413900
1663853400,135.74001,137.07001,135.24001,136.21001,5061600
1663939800,135.67999,136.50000,133.95000,135.58000,6523600
1664199000,135.58000,136.82001,134.99001,135.71001,7396400
1664285400,135.96001,136.94000,131.71001,131.98000,7722200
1664371800,133.02000,133.02000,131.19000,131.98000,10455100
1664458200,131.87000,131.87000,128.25999,128.70000,7128500
1664544600,129.00000,129.03999,126.21000,126.25000,9431900
1664803800,127.25000,129.10001,126.68000,128.50999,8477700
1664890200,129.10001,130.87000,128.70000,130.10001,7211600
1664976600,129.20000,130.09000,128.09000,129.20000,5071100
1665063000,128.89000,129.06000,126.35000,126.48000,5530800
1665149400,126.50000,126.58000,123.76000,124.27000,6095400
1665408600,123.37000,124.25000,122.18000,123.76000,6923300
1665495000,123.69000,125.70000,123.60000,124.23000,5516200
1665581400,124.84000,125.81000,124.41000,124.43000,6823500
1665667800,123.51000,126.75000,122.92000,126.31000,6910500
1665754200,126.75000,127.02000,124.77000,125.08000,5516800
1666013400,126.01000,128.28000,125.86000,127.34000,6664600
1666099800,129.33000,130.07001,127.66000,128.37000,7114200
1666186200,131.64000,133.00000,129.50999,129.56000,9993700
1666272600,128.62000,129.77000,126.68000,126.99000,8168000
1666359000,126.54000,128.95000,126.48000,128.58000,6394600
1666618200,129.49001,130.44000,128.35001,129.37000,6946000
1666704600,129.60001,131.17999,128.47000,130.86000,6776000
1666791000,130.64999,132.57001,130.39999,131.78000,6612800
1666877400,132.00000,133.12000,131.50000,131.88000,6676700
1666963800,133.17000,135.50999,132.92000,135.22000,6996400
1667223000,135.20000,135.67000,134.25999,134.67000,8346300
1667309400,134.70000,136.28000,133.84000,134.88000,6428300
1667395800,134.72000,136.53999,132.81000,132.94000,7318100
1667482200,131.73000,132.64000,130.96001,132.03000,5204000
1667568600,133.32001,135.00000,132.52000,134.44000,5555400
1667831400,135.35001,137.19000,135.06000,136.50000,6746800
1667917800,136.82001,137.52000,135.80000,136.81000,5266200
1668004200,136.87000,137.97000,136.34000,136.48000,5690700
1668090600,139.46001,141.63000,138.20000,141.17999,8068700
1668177000,141.20000,141.63000,139.11000,140.97000,7175200
1668436200,140.50999,143.56000,140.25999,140.98000,8516200
1668522600,142.09000,143.20000,139.70000,140.49001,7732400
1668609000,141.50000,142.91000,140.98000,141.74001,6193700
1668695400,141.11000,141.69000,139.86000,140.87000,5186300
1668781800,141.92000,142.75999,141.27000,142.57001,5671400
1669041000,143.06000,145.19000,142.83000,144.38000,6377200
1669127400,145.42999,145.78999,144.84000,145.62000,5372900
1669213800,145.89999,146.63000,145.57001,146.45000,4296000
1669386600,146.78999,147.20000,146.39999,146.72000,2411100
1669645800,146.39000,147.34000,146.14000,146.60001,6628200
1669732200,145.75000,146.06000,144.53000,145.48000,5634200
1669818600,145.64999,149.16000,145.13000,149.16000,12396800
1669905000,149.53000,150.36000,148.57001,149.25000,6927400
1669991400,148.47000,150.77000,148.08000,150.61000,4938300
1670250600,148.71001,149.67000,148.27000,149.09000,5402500
1670337000,149.72000,150.08000,148.28000,149.28000,6866700
1670423400,149.00999,150.42999,149.00999,150.24001,6175500
1670509800,149.46001,151.38000,149.00999,151.32001,5187100
1670596200,150.70000,151.95000,150.22000,150.92000,5868200
1670855400,151.22000,152.56000,151.03999,152.47000,6142400
1670941800,153.41000,154.23000,150.78999,152.24001,7680600
1671028200,152.78999,154.44000,152.17000,152.84000,7385600
1671114600,151.72000,152.00000,149.74001,151.11000,7117200
1671201000,150.36000,151.07001,149.02000,150.44000,19966400
1671460200,150.22000,151.38000,149.24001,150.39999,5881800
1671546600,149.32001,150.89999,149.27000,150.46001,5646100
1671633000,150.75000,152.63000,150.72000,151.84000,5024700
1671719400,151.13000,152.41000,150.88000,152.19000,5904900
1671805800,152.31000,152.92000,151.67000,152.62000,3401800
1672151400,152.70000,154.32001,152.66000,153.95000,4215100
1672237800,154.28000,154.64999,151.89999,151.96001,4197500
1672324200,152.81000,153.24001,152.14000,152.59000,3809100
1672410600,152.42999,152.67999,150.44000,151.56000,4532000
1672756200,150.95000,151.71001,149.12000,151.57001,6447300
1672842600,151.99001,153.39000,151.23000,152.23000,7313400
1672929000,152.21001,152.48000,150.13000,150.34000,5373800
1673015400,151.85001,154.46001,151.75000,153.92000,7882200
1673274600,153.44000,154.80000,152.00000,152.03999,5727000
1673361000,152.10001,152.70000,150.94000,151.89000,4716400
1673447400,152.32001,152.56000,149.35001,150.66000,8691300
1673533800,151.70000,151.73000,149.52000,149.81000,7801600
1673620200,149.61000,151.05000,149.42000,150.88000,5535800
1673965800,150.78999,152.13000,150.39999,150.44000,9611800
1674052200,149.66000,149.92999,146.03999,146.41000,10461200
1674138600,143.31000,146.22000,142.24001,142.42000,12683700
1674225000,142.32001,143.14999,140.14999,142.97000,8603300
1674484200,143.36000,143.70000,140.69000,141.05000,7473100
1674570600,140.69000,142.38000,139.81000,141.82001,6822500
1674657000,140.39000,141.75000,138.73000,141.72000,6902600
1674743400,141.73000,141.74001,140.74001,141.14999,5398600
1674829800,141.07001,141.36000,139.28999,140.57001,6870800
1675089000,140.96001,142.12000,140.28000,141.00999,6369300
1675175400,141.23000,142.47000,140.75999,142.38000,9373400
1675261800,142.08000,144.10001,141.35001,143.19000,7207900
1675348200,142.17000,142.71001,141.21001,142.17000,6444300
1675434600,142.78000,143.38000,141.17000,142.61000,5993100
1675693800,142.00999,142.64000,141.00999,141.39999,6108100
1675780200,139.97000,140.78999,138.78000,140.02000,6278300
1675866600,139.06000,139.53999,138.41000,138.57001,7123800
1675953000,138.88000,139.33000,137.00000,137.05000,6547400
1676039400,136.95000,138.30000,135.83000,138.25999,8108900
1676298600,138.94000,140.45000,138.74001,140.07001,5081600
1676385000,140.14000,140.24001,138.62000,139.28000,5253500
1676471400,139.11000,139.32001,138.07001,138.96001,5530300
1676557800,137.39000,138.20000,136.55000,137.14000,7595700
1676644200,136.59000,140.03999,136.59000,140.00999,8034700
1676989800,138.87000,140.89000,138.87000,139.91000,6899500
1677076200,139.98000,141.58000,139.88000,140.50000,6126300
1677162600,140.23000,141.14000,139.10001,140.05000,5835400
1677249000,138.92999,139.42999,138.08000,139.25999,5260700
1677508200,139.61000,140.47000,138.53000,139.14000,5820900
1677594600,138.45000,138.59000,137.28000,137.56000,6709900
1677681000,138.05000,138.33000,136.50999,137.66000,7101800
1677767400,138.00000,140.42999,137.78000,139.92999,5924600
1677853800,141.19000,141.24001,139.97000,140.95000,5259400
1678113000,140.73000,141.14000,139.94000,140.35001,4943100
1678199400,140.42999,140.62000,137.34000,137.56000,5606800
1678285800,137.20000,137.69000,136.60001,137.58000,5518800
1678372200,138.14999,138.56000,136.10001,136.57001,4467200
1678458600,136.95000,137.99001,136.35001,137.19000,5928000
1678714200,137.03999,141.32001,137.03999,138.14000,8337100
1678800600,138.28999,140.11000,137.39999,139.85001,9219700
1678887000,138.81000,142.14999,138.81000,141.83000,8823500
1678973400,141.94000,143.12000,141.61000,142.89000,7063400
1679059800,142.50000,143.39000,141.53000,142.92999,16018800
1679319000,143.50000,145.39999,143.23000,145.13000,8379200
1679405400,144.91000,145.23000,142.84000,144.08000,7753200
1679491800,144.03999,145.75000,143.83000,143.99001,5729100
1679578200,144.24001,145.12000,143.19000,143.78999,5788400
1679664600,144.30000,146.75999,144.30000,146.72000,6144800
1679923800,146.89000,147.42000,145.87000,145.95000,5917200
1680010200,146.55000,146.82001,145.80000,146.36000,4213800
1680096600,147.08000,147.28999,146.25999,146.81000,4987700
1680183000,146.92000,147.53999,146.30000,147.45000,4117700
1680269400,147.74001,148.69000,147.57001,148.69000,7685900
1680528600,148.42999,150.07001,147.09000,149.50999,5721700
1680615000,150.08000,151.71001,150.08000,150.23000,6714300
1680701400,151.33000,152.35001,151.14999,151.25999,6094800
1680787800,151.87000,152.96001,151.42000,152.22000,5399700
1681133400,151.64999,151.67000,149.50999,150.96001,4891800
1681219800,151.25999,151.44000,150.52000,150.66000,6311800
1681306200,150.31000,152.41000,149.92999,151.07001,6137900
1681392600,150.89999,151.87000,149.82001,151.77000,5489500
1681479000,151.35001,151.59000,150.50999,151.00000,4478800
1681738200,151.17000,151.47000,150.34000,151.05000,4296400
1681824600,150.98000,151.59000,150.10001,151.21001,4158400
1681911000,151.17000,151.89999,150.71001,151.24001,3837600
1681997400,150.37000,151.36000,150.37000,150.85001,5370900
1682083800,154.94000,158.11000,154.50000,156.07001,14876900
1682343000,155.22000,157.25000,155.22000,156.35001,8109800
1682429400,156.50999,157.94000,155.78999,156.39000,8341800
1682515800,155.30000,156.00000,154.34000,154.58000,4843700
1682602200,155.30000,156.61000,155.00999,156.47000,4805600
1682688600,156.28000,157.37000,155.75999,156.38000,5754700
1682947800,156.03000,157.39999,155.80000,156.57001,3844600
1683034200,156.59000,156.92999,155.67000,156.42999,5262900
1683120600,156.64000,157.57001,155.42999,156.23000,5775000
1683207000,156.10001,156.60001,155.09000,155.50999,4892600
1683293400,155.39999,156.31000,154.69000,156.03000,3989200
1683552600,155.35001,155.73000,154.87000,155.30000,4950700
1683639000,155.85001,155.98000,153.58000,153.71001,4472100
1683725400,153.45000,154.32001,152.44000,154.03000,4754900
1683811800,154.81000,154.89000,153.39000,154.39000,3495300
1683898200,154.70000,156.05000,154.39000,155.96001,5252900
1684157400,156.61000,156.75000,154.64000,156.00999,5414900
1684243800,155.87000,156.92000,154.92999,155.74001,5591500
1684330200,156.25999,156.56000,153.89999,155.08000,4286900
1684416600,153.31000,153.64999,151.60001,152.53000,6997600
1684503000,152.47000,153.32001,151.84000,153.17000,4754100
1684762200,152.50000,152.60001,148.83000,149.16000,7876200
1684848600,148.78999,148.88000,147.07001,147.55000,6116000
1684935000,147.59000,148.20000,146.09000,146.33000,5755400
1685021400,145.49001,146.21001,144.35001,145.39000,6510300
1685107800,145.33000,146.00999,144.73000,145.39999,4716400
1685453400,143.86000,144.03999,142.35001,143.17999,5561000
1685539800,143.16000,143.98000,141.89999,142.50000,19854800
1685626200,143.25000,144.12000,142.45000,143.96001,6091100
1685712600,144.50999,146.67999,144.39000,146.52000,6124400
1685971800,146.05000,147.85001,145.73000,145.94000,4753700
1686058200,146.07001,146.31000,143.55000,144.49001,4635900
1686144600,144.00999,145.12000,143.47000,144.80000,6194400
1686231000,145.34000,146.64999,144.92000,146.44000,4863700
1686317400,145.67999,146.78000,144.73000,146.56000,5569500
1686576600,147.00000,147.00999,144.55000,145.41000,5354000
1686663000,144.50999,145.67999,144.28000,145.06000,5321200
1686749400,145.31000,146.89000,144.83000,146.42000,5693300
1686835800,147.17000,148.97000,146.53999,148.45000,5863000
1686922200,148.92000,150.09000,148.89999,149.53999,11244900
1687267800,149.75000,150.28000,148.11000,148.16000,5340700
1687354200,148.25999,149.60001,147.87000,149.44000,4649700
1687440600,150.35001,151.10001,149.48000,149.95000,6666800
1687527000,150.25000,150.53000,147.96001,148.46001,13843300
1687786200,148.10001,148.97000,146.72000,148.61000,4353100
1687872600,148.44000,150.17000,148.39000,150.02000,5445400
1687959000,149.33000,150.30000,147.96001,149.99001,6733300
1688045400,148.48000,149.70000,147.10001,149.38000,7343000
1688131800,149.83000,152.07001,149.78999,151.74001,7058300
1688391000,151.48000,152.53000,150.47000,152.50000,3996100
1688563800,151.63000,152.46001,151.44000,152.24001,8279800
1688650200,151.20000,152.19000,150.75999,151.99001,7958300
1688736600,151.71001,151.92000,148.75000,148.80000,9169500
1688995800,148.94000,150.32001,148.74001,148.86000,5529200
1689082200,148.73000,149.05000,146.96001,148.08000,5150300
1689168600,148.03000,149.39999,147.64000,148.85001,6764600
1689255000,149.00000,149.52000,148.20000,148.95000,5561400
1689341400,149.27000,150.63000,148.73000,150.05000,6128900
1689600600,149.64999,150.16000,148.97000,148.99001,4625300
1689687000,148.64000,150.48000,148.38000,149.27000,5351200
1689773400,149.55000,150.82001,148.86000,150.28999,6203600
1689859800,149.55000,150.75000,148.14000,150.56000,6445400
1689946200,151.14999,153.67000,150.70000,152.92999,9938400
1690205400,152.84000,153.95000,152.30000,153.42000,5549500
1690291800,153.48000,153.86000,152.45000,153.78000,5883800
1690378200,153.12000,154.84000,152.89000,153.94000,7013800
1690464600,154.16000,154.60001,151.92000,152.11000,7191600
1690551000,154.66000,157.48000,154.60001,156.41000,9397300
1690810200,156.39999,157.67999,155.06000,156.30000,7955200
1690896600,155.88000,157.17000,155.87000,156.25000,5718800
1690983000,155.97000,157.73000,155.97000,156.59000,5636000
1691069400,156.75999,157.70000,156.21001,157.00000,5792700
1691155800,157.42999,157.73000,155.14999,155.28000,4785900
1691415000,155.67000,157.14999,155.49001,156.92000,4107400
1691501400,157.28000,157.63000,156.53000,157.09000,4625500
1691587800,157.31000,158.09000,156.77000,156.89000,4293200
1691674200,157.17000,158.38000,155.80000,156.11000,4307800
1691760600,156.42999,157.46001,155.78999,157.02000,3862300
1692019800,157.13000,157.53000,155.50000,155.78999,4297600
1692106200,155.78999,155.97000,154.46001,154.78999,6921100
1692192600,154.75999,155.73000,152.87000,153.21001,6356800
1692279000,153.21001,153.56000,151.78999,152.11000,6419500
1692365400,151.62000,152.89000,151.17000,152.53999,5448200
1692624600,152.09000,152.78000,151.25999,151.77000,4504700
1692711000,151.42000,152.14999,150.92999,151.83000,4195600
1692797400,152.47000,153.48000,152.47000,153.25000,4522500
1692883800,152.55000,154.67999,152.48000,152.53999,4088900
1692970200,153.39999,154.08000,152.46001,153.53999,3541500
1693229400,153.71001,154.37000,153.05000,153.78000,3614700
1693315800,153.95000,154.03999,152.03000,153.87000,4034600
1693402200,154.10001,154.87000,153.71001,154.03999,3712200
1693488600,154.12000,155.16000,153.83000,154.34000,5451400
1693575000,154.89999,155.28000,153.56000,154.50999,4126300
1693920600,153.80000,154.85001,152.39999,152.44000,5097000
1694007000,152.28999,152.45000,151.53999,152.14000,3877400
1694093400,152.49001,154.19000,152.37000,153.59000,4824800
1694179800,153.42000,153.46001,152.35001,152.92999,3384700
1694439000,153.33000,155.10001,153.08000,154.75000,4288500
1694525400,154.99001,155.14999,151.57001,152.03000,4537800
1694611800,151.98000,153.59000,151.66000,153.09000,4040600
1694698200,153.85001,154.92000,153.37000,154.77000,4606800
1694784600,154.03000,155.32001,153.23000,153.47000,10262400
1695043800,154.45000,154.48000,153.50999,154.05000,3536500
1695130200,153.75000,154.06000,151.74001,153.60001,4704200
1695216600,153.77000,154.78000,153.36000,153.47000,5446400
1695303000,153.45000,153.71001,152.07001,152.14000,5096400
1695389400,152.44000,153.34000,151.38000,151.58000,6327000
1695648600,151.17999,151.28000,150.02000,150.66000,5527000
1695735000,149.98000,150.36000,148.78999,149.32001,6366500
1695821400,149.42000,149.70000,146.63000,147.34000,5403700
1695907800,147.82001,147.98000,145.67999,146.34000,6237100
1695994200,146.53999,146.77000,144.82001,145.86000,6683300
1696253400,144.78000,145.60001,143.89999,145.19000,5153800
1696339800,145.17000,146.49001,145.00999,145.49001,4670600
1696426200,145.59000,146.31000,144.92999,145.97000,4727800
1696512600,145.67999,146.09000,143.69000,143.80000,5205700
1696599000,143.60001,144.56000,141.45000,144.09000,7406700
1696858200,143.36000,143.97000,141.60001,143.36000,5062200
1696944600,143.98000,145.22000,143.72000,144.78000,5988900
1697031000,145.14000,145.56000,142.56000,143.00000,5469100
1697117400,142.78999,143.92999,141.66000,143.32001,5965600
1697203800,143.19000,145.03000,143.19000,144.69000,7078900
1697463000,145.86000,147.06000,145.46001,146.07001,6509800
1697549400,146.11000,146.82001,145.24001,146.25999,6160100
1697635800,150.06000,151.30000,148.77000,150.03000,10508500
1697722200,149.61000,150.28000,147.17999,148.25000,8146000
1697808600,149.05000,149.88000,147.92000,148.05000,7284200
1698067800,147.86000,149.50000,147.56000,148.14999,5981800
1698154200,148.12000,150.07001,148.07001,149.89999,6322000
1698240600,149.64000,151.19000,149.12000,150.60001,6172900
1698327000,151.05000,151.38000,149.74001,149.80000,7582100
1698413400,148.98000,149.95000,146.28000,147.16000,8131800
1698672600,147.89999,149.55000,147.53999,149.25999,5412800
1698759000,149.46001,150.25999,148.64000,150.03000,6762100
1698845400,150.67999,150.67999,149.21001,149.61000,5896900
1698931800,149.53999,151.64999,148.91000,151.44000,5859200
1699018200,151.78999,152.28999,149.62000,150.07001,6587700
1699281000,150.36000,151.25000,150.10001,150.94000,6480800
1699367400,150.92000,151.25000,150.12000,150.59000,6003800
1699453800,150.96001,151.20000,149.50999,150.00999,4832600
1699540200,149.74001,150.35001,149.12000,150.35001,6581500
1699626600,150.84000,151.44000,149.92000,151.41000,5387200
1699885800,151.45000,152.89999,151.45000,152.46001,6297500
1699972200,152.55000,153.50000,151.67999,152.12000,7982600
1700058600,152.06000,152.39000,150.38000,151.42000,7672600
1700145000,151.99001,152.89000,151.31000,152.83000,7590500
1700231400,152.72000,152.84000,150.89000,151.07001,8495600
1700490600,150.21001,151.03000,149.66000,150.27000,6856500
1700577000,149.85001,150.00999,148.83000,149.61000,7310400
1700663400,150.10001,151.48000,150.10001,151.02000,4372700
1700836200,151.17999,151.74001,151.03000,151.38000,2132500
1701095400,151.52000,151.64000,150.74001,151.24001,6021300
1701181800,151.14999,152.77000,151.14999,152.28999,6110400
1701268200,152.28999,152.45000,150.99001,151.13000,5342700
1701354600,150.89999,153.63000,150.08000,153.52000,9771300
1701441000,153.33000,153.49001,152.23000,152.66000,5685400
1701700200,151.77000,152.53000,151.66000,152.06000,6578300
1701786600,152.14000,152.61000,146.17999,146.75999,11895800
1701873000,147.00999,147.16000,145.64000,146.64999,7610000
1701959400,146.57001,147.10001,146.02000,146.50000,6119600
1702045800,145.92000,146.24001,144.52000,145.14999,6385300
1702305000,144.80000,145.87000,144.64999,145.82001,8471200
1702391400,145.86000,146.23000,145.08000,145.94000,6069200
1702477800,145.86000,148.64999,145.45000,148.58000,9055500
1702564200,148.46001,148.55000,144.38000,144.66000,10565200
1702650600,143.17999,144.25000,142.50000,143.96001,14550000
1702909800,144.17000,147.49001,144.14999,146.17000,8421800
1702996200,145.67000,146.34000,145.39000,146.17000,5233600
1703082600,145.57001,146.07001,143.84000,143.91000,7663800
1703169000,144.52000,144.78999,143.13000,144.25999,6104700
1703255400,144.50000,145.63000,144.28999,145.28000,4413800
1703601000,145.09000,146.17000,144.97000,145.94000,3634900
1703687400,145.64999,146.31000,145.36000,146.06000,4569400
1703773800,146.00000,146.00999,145.03999,145.73000,5023000
1703860200,146.00000,146.96001,145.73000,146.53999,5300900
1704205800,146.36000,149.41000,146.31000,148.74001,7238400
1704292200,148.34000,149.20000,147.17999,147.84000,7697500
1704378600,148.05000,149.27000,147.77000,148.64999,7067400
1704465000,148.72000,148.87000,146.55000,147.42000,5294200
1704724200,147.91000,148.92000,147.64999,148.69000,8255300
1704810600,148.57001,149.39999,148.05000,149.30000,9786800
1704897000,149.35001,150.00000,149.25999,149.94000,8591100
1704983400,150.05000,150.80000,149.28999,150.50999,6659400
1705069800,150.95000,151.30000,149.89000,150.60001,5684700
1705415400,150.14999,151.50000,148.88000,149.78999,8120100
1705501800,149.16000,150.60001,149.00999,149.94000,6541400
1705588200,148.23000,148.39999,146.92000,148.14000,6526200
1705674600,148.25000,148.62000,147.31000,147.57001,7848100
1705933800,146.97000,148.21001,146.28000,147.86000,11084100
1706020200,153.11000,156.39999,152.89000,153.98000,19101600
1706106600,153.92999,154.23000,152.09000,152.12000,11592700
1706193000,152.39999,155.66000,152.06000,155.62000,10352500
1706279400,155.81000,156.16000,155.34000,156.14000,8356600
1706538600,156.67999,157.33000,155.39999,156.16000,8987400
1706625000,156.34000,157.92000,155.82001,157.49001,7794700
1706711400,157.99001,158.50000,156.70000,157.14000,8870000
1706797800,156.77000,159.30000,156.62000,159.17999,7601100
1706884200,158.97000,159.60001,157.53000,158.09000,7937700
1707143400,158.17000,159.00000,157.56000,158.21001,6931900
1707229800,158.31000,159.07001,157.87000,158.96001,6185400
1707316200,159.10001,159.83000,158.74001,159.12000,7209300
1707402600,158.80000,159.10001,157.77000,158.64000,6121600
1707489000,158.25999,158.34000,156.96001,157.42000,5978000
1707748200,157.36000,157.61000,155.49001,157.11000,5482000
1707834600,157.75000,158.97000,155.48000,156.27000,6046800
1707921000,156.16000,156.16000,154.91000,155.63000,5727300
1708007400,156.30000,157.42000,156.14999,157.00999,6249200
1708093800,157.03999,158.45000,156.67000,157.50999,6617600
1708439400,158.70000,159.78999,158.13000,158.50999,6622100
1708525800,159.19000,160.39999,159.19000,160.39999,7121000
1708612200,159.46001,161.09000,158.63000,160.56000,6619500
1708698600,160.60001,161.74001,160.16000,161.03000,5486500
1708957800,161.03000,161.17000,160.07001,160.22000,4531900
1709044200,159.41000,159.80000,158.96001,159.30000,3868200
1709130600,159.07001,160.12000,158.64000,160.05000,3802900
1709217000,159.92999,160.11000,158.17999,158.94000,8348100
1709303400,158.05000,159.03000,157.61000,158.85001,4819800
1709562600,157.74001,159.75999,157.67000,159.56000,3841600
1709649000,159.46001,159.99001,158.78000,159.32001,4481600
1709735400,159.67999,159.99001,158.91000,159.57001,5405700
1709821800,159.95000,160.91000,159.47000,160.62000,4783900
1709908200,159.85001,161.25000,158.28999,160.35001,5080200
1710163800,161.34000,162.62000,160.82001,161.55000,5170900
1710250200,161.82001,162.52000,161.23000,161.92999,4229100
1710336600,162.38000,162.73000,161.33000,162.30000,5410500
1710423000,162.24001,162.62000,161.13000,161.50000,5848100
1710509400,160.70000,161.50000,160.30000,161.38000,10956900
1710768600,161.48000,162.72000,161.00000,161.21001,6086300
1710855000,161.80000,162.17000,161.17000,161.83000,6148100
1710941400,162.00999,162.39999,161.47000,161.99001,4870300
1711027800,162.09000,162.46001,161.12000,161.86000,5211500
1711114200,162.20000,162.41000,161.47000,161.66000,6393200
1711373400,161.17000,161.66000,159.73000,160.19000,7145600
1711459800,160.36000,161.14000,160.14000,160.55000,5842700
1711546200,161.36000,162.74001,161.34000,162.61000,6599700
1711632600,162.82001,163.14000,161.70000,162.25000,7191500
1711978200,161.78000,162.07001,159.80000,160.58000,5971900
1712064600,159.64000,160.71001,159.64000,160.57001,6771200
1712151000,160.63000,160.88000,155.67999,156.14999,9601800
1712237400,156.88000,157.08000,155.41000,155.45000,6801700
1712323800,155.28999,157.06000,154.69000,156.10001,5121200
1712583000,155.97000,156.70000,155.63000,156.03999,5476800
1712669400,156.27000,156.75000,155.70000,156.66000,4608100
1712755800,155.64999,157.58000,155.64999,157.24001,7784900
1712842200,157.55000,157.60001,155.77000,155.84000,8209800
1712928600,155.22000,155.97000,154.74001,155.33000,6770500
1713187800,156.42000,156.82001,155.33000,155.45000,5754000
1713274200,155.85001,156.94000,155.67000,155.95000,6103300
1713360600,156.30000,157.12000,155.74001,156.96001,6621900
1713447000,156.34000,157.63000,155.96001,157.28999,7819300
1713533400,154.98000,158.17999,153.52000,158.14000,12034200
1713792600,158.42999,161.28999,157.25000,160.53999,8926300
1713879000,161.67999,162.10001,160.42000,161.50000,7707300
1713965400,161.20000,162.86000,159.42000,162.60001,7217600
1714051800,162.97000,164.32001,162.08000,162.55000,7094600
1714138200,162.50000,163.32001,160.49001,161.28999,5659800
1714397400,161.17000,161.78999,160.41000,161.66000,4621000
1714483800,161.84000,163.35001,161.60001,163.20000,8106100
1714570200,163.28000,164.24001,162.22000,163.39999,7543000
1714656600,163.53999,164.49001,162.64000,163.84000,5647500
1714743000,163.53999,164.71001,162.16000,164.46001,5581500
1715002200,164.78000,164.98000,163.25999,164.44000,5472400
1715088600,164.98000,166.03999,164.59000,165.75999,6433000
1715175000,165.98000,166.37000,164.92999,165.07001,4579400
1715261400,165.05000,166.33000,165.05000,166.03999,4671100
1715347800,166.09000,167.36000,165.70000,166.85001,4879400
1715607000,166.85001,167.64999,165.36000,165.87000,5725500
1715693400,165.53000,166.07001,163.95000,165.75999,6009800
1715779800,165.31000,166.67999,165.12000,166.50999,5102700
1715866200,166.92999,168.34000,166.59000,167.86000,6793600
1715952600,167.67000,168.00000,166.88000,167.64000,4700800
1716211800,167.55000,167.88000,166.78999,167.31000,3804600
1716298200,167.75999,168.53999,167.28999,168.35001,5147100
1716384600,168.00999,168.42999,167.63000,167.81000,4536700
1716471000,167.28999,168.11000,165.32001,165.49001,4729800
1716557400,165.85001,166.31000,165.14999,165.33000,3820100
1716903000,164.49001,164.75999,162.25999,163.11000,6466200
1716989400,162.64999,162.74001,161.42000,161.64999,4360400
1717075800,161.64999,162.70000,161.48000,162.58000,4748200
1717162200,162.44000,164.77000,161.97000,164.53999,10341400
1717421400,163.92999,166.24001,163.63000,164.64999,5828400
1717507800,164.78999,167.12000,164.39999,167.00999,6277000
1717594200,167.00999,167.00999,164.98000,166.05000,5243300
1717680600,165.83000,168.58000,165.08000,168.47000,6302000
1717767000,168.39999,168.97000,166.84000,167.06000,4558200
1718026200,166.78000,167.72000,166.08000,167.35001,4110600
1718112600,166.97000,167.50000,166.02000,167.48000,3947700
1718199000,167.50000,167.64000,164.22000,165.17999,5474500
1718285400,164.47000,167.00000,164.47000,166.41000,4902200
1718371800,165.99001,166.92999,165.25000,166.78999,3695000
1718631000,165.85001,168.71001,165.39999,167.50000,6759400
1718717400,167.03000,168.64999,166.94000,168.56000,5112600
1718890200,168.37000,168.78000,166.86000,167.67000,8483600
1718976600,167.48000,168.88000,167.17999,168.25999,14682000
1719235800,168.75999,169.41000,167.48000,168.45000,7565200
1719322200,168.63000,168.91000,165.89999,166.85001,7968200
1719408600,166.05000,167.81000,165.66000,167.45000,5164000
1719495000,167.49001,168.10001,165.50000,166.62000,5007000
1719581400,166.00000,167.24001,164.58000,164.92000,9253100
1719840600,165.59000,166.21001,162.20000,162.72000,7638600
1719927000,162.58000,164.03999,161.71001,163.89999,5449200
1720013400,163.21001,164.21001,162.98000,163.83000,2980500
1720186200,164.00999,165.63000,163.50000,165.21001,6509200
1720445400,165.95000,166.67000,165.62000,166.52000,5144500
1720531800,166.63000,166.75999,165.14000,165.66000,4393100
1720618200,165.89999,166.92000,165.53999,166.80000,5037100
1720704600,166.30000,166.63000,164.78000,165.53999,5831500
1720791000,166.22000,167.64000,166.02000,166.61000,4684600
1721050200,166.47000,166.62000,164.46001,164.58000,5752500
1721136600,164.91000,167.07001,164.61000,166.95000,6378300
1721223000,167.75000,170.17000,167.33000,169.44000,7982300
1721309400,168.80000,170.92000,168.28000,168.44000,5926300
1721395800,167.97000,169.03999,167.13000,167.96001,6597100
1721655000,167.92999,168.70000,167.70000,168.25000,6383000
1721741400,168.11000,168.42000,166.32001,166.62000,4863400
1721827800,166.32001,168.28000,165.58000,168.00000,5907000
1721914200,168.32001,170.09000,166.87000,166.89999,7338300
1722000600,167.25000,169.32001,167.03000,169.11000,5581600
1722259800,168.85001,170.53999,168.11000,169.92999,6797800
1722346200,161.78999,162.38000,158.03999,161.70000,15746300
1722432600,160.81000,162.86000,159.21001,160.75999,9660900
1722519000,160.88000,166.31000,160.67999,165.69000,12532700
1722605400,167.44000,170.35001,165.14999,170.08000,11899000
1722864600,170.88000,170.88000,166.67000,168.06000,10338800
1722951000,167.89999,170.33000,167.85001,168.09000,7454900
1723037400,168.57001,171.72000,168.00999,170.02000,8385500
1723123800,169.42000,171.56000,169.00000,170.87000,6386900
1723210200,170.12000,171.25999,169.64999,170.53999,5377300
1723469400,169.39999,169.64999,166.20000,166.81000,7208100
1723555800,167.34000,167.80000,166.46001,167.28999,3770000
1723642200,166.50000,169.47000,165.82001,168.80000,5476600
1723728600,169.46001,169.67999,166.75000,167.92000,9491400
1723815000,167.82001,168.35001,166.80000,167.89000,5640800
1724074200,168.17999,169.24001,168.17000,168.42000,3885300
1724160600,168.77000,170.56000,168.11000,170.41000,4513600
1724247000,170.19000,171.89000,169.60001,170.16000,4082000
1724333400,170.88000,171.24001,169.14000,170.14999,4097300
1724419800,170.05000,170.11000,168.25000,169.17000,4771300
1724679000,168.70000,170.97000,168.70000,170.35001,6472400
1724765400,170.83000,171.10001,169.08000,169.25000,4456400
1724851800,169.42000,171.20000,168.58000,169.06000,5644800
1724938200,169.75000,170.60001,168.94000,170.03000,4413200
1725024600,170.16000,171.88000,169.69000,171.53999,7301600
1725370200,171.03000,175.00000,170.99001,174.52000,10101400
1725456600,173.63000,176.00000,173.63000,175.89999,7517500
1725543000,175.99001,176.55000,174.67000,175.47000,6061900
1725629400,175.75999,177.03999,175.34000,175.59000,5785700
1725888600,175.53999,176.84000,174.66000,176.06000,6450200
1725975000,175.91000,177.94000,175.91000,177.78999,6396300
1726061400,176.60001,177.00000,173.63000,173.92000,6828200
1726147800,173.89999,174.61000,172.44000,173.47000,4838900
1726234200,173.37000,174.53999,172.80000,174.08000,3918000
1726493400,174.71001,177.31000,174.32001,177.24001,6892300
1726579800,176.63000,176.97000,175.36000,175.88000,4757100
1726666200,175.05000,175.89999,172.57001,173.92000,5102900
1726752600,172.88000,173.16000,170.38000,171.53999,8692000
1726839000,171.50999,174.53999,171.50000,174.22000,28647500
1727098200,174.00999,175.19000,172.59000,173.77000,10265000
1727184600,172.88000,174.50000,172.62000,173.24001,5422400
1727271000,174.07001,174.67999,172.06000,172.25999,8916500
1727357400,171.50000,174.61000,171.36000,173.21001,4957200
1727443800,173.00999,174.45000,172.58000,173.55000,4599500
1727703000,173.73000,174.00000,172.71001,173.20000,6296600
1727789400,173.24001,174.00000,172.20000,173.03999,7130600
1727875800,172.00999,172.45000,171.08000,171.92000,6212700
1727962200,171.37000,171.37000,169.77000,170.12000,4794300
1728048600,168.85001,170.09000,168.25999,168.88000,6002800
1728307800,169.16000,169.58000,166.87000,167.12000,6325300
1728394200,166.85001,168.59000,166.27000,168.16000,7473000
1728480600,168.38000,169.81000,168.00000,169.27000,8758800
1728567000,168.80000,169.78999,168.37000,168.95000,6932300
1728653400,169.46001,171.41000,168.97000,171.09000,7036500
1728912600,171.02000,172.84000,170.74001,172.50999,5909000
1728999000,172.89000,174.91000,172.82001,173.57001,7172200
1729085400,171.88000,172.59000,170.89000,172.38000,6117000
1729171800,172.17999,173.67999,171.75999,172.28000,7045600
1729258200,170.30000,172.21001,168.46001,171.28000,8372500
1729517400,170.98000,171.48000,168.45000,169.53999,5522500
1729603800,168.57001,170.73000,168.57001,169.70000,7511400
1729690200,169.55000,170.17000,168.73000,169.58000,4837800
1729776600,169.42000,169.96001,168.92999,169.62000,5861200
1729863000,168.92000,169.39999,168.03999,168.22000,4877900
1730122200,169.28000,169.66000,168.38000,169.30000,5753800
1730208600,168.86000,168.86000,166.83000,167.17000,5681000
1730295000,167.09000,167.32001,165.96001,166.16000,5518100
1730381400,165.75999,167.03999,165.09000,165.17999,6056500
1730467800,165.31000,166.35001,164.99001,165.10001,5454800
1730730600,165.72000,166.27000,164.58000,165.08000,5130200
1730817000,164.33000,166.32001,164.33000,165.75999,4397400
1730903400,165.61000,166.03999,159.81000,161.05000,11473700
1730989800,161.96001,163.95000,161.48000,163.41000,9056700
1731076200,164.02000,167.75000,163.92999,167.71001,7506200
1731335400,167.00000,168.52000,165.78000,166.03000,6364400
1731421800,166.14000,167.06000,165.57001,165.84000,6507500
1731508200,166.06000,166.80000,165.67999,166.58000,5412300
1731594600,166.71001,168.03999,166.50999,167.08000,7444300
1731681000,167.94000,170.57001,166.88000,169.53999,9939400
1731940200,169.11000,171.45000,168.83000,170.75000,6681000
1732026600,170.69000,171.17000,169.66000,170.75999,5683700
1732113000,170.00999,171.07001,169.50999,170.89000,7081100
1732199400,171.66000,173.50999,170.22000,172.75000,6240400
1732285800,174.14999,177.39999,173.88000,176.28000,10609800
1732545000,177.48000,178.82001,176.89999,177.39000,19357000
1732631400,177.20000,179.46001,177.20000,179.31000,6276700
1732717800,180.00000,180.42999,178.73000,179.36000,5522900
1732890600,178.70000,179.63000,178.28000,179.25999,3823700
1733149800,179.12000,180.16000,178.00999,179.70000,5728200
1733236200,178.77000,179.62000,175.20000,175.42000,8127300
1733322600,174.17000,175.14999,173.46001,175.11000,6823500
1733409000,174.86000,176.46001,174.45000,176.03000,5022200
1733495400,175.37000,176.74001,173.75000,173.82001,5741200
1733754600,173.64000,173.75999,170.42999,170.78999,7164300
1733841000,170.42000,172.92999,169.92999,172.28000,6219900
1733927400,173.00999,173.39000,170.39999,170.63000,5237500
1734013800,171.42999,171.82001,170.02000,170.85001,4072800
1734100200,170.77000,171.78999,170.12000,171.06000,3884500
1734359400,171.45000,172.78000,171.10001,171.14000,5943600
1734445800,170.67000,171.95000,170.02000,170.33000,6069200
1734532200,169.75999,170.56000,169.02000,169.08000,7517100
1734618600,169.00999,170.10001,167.35001,169.19000,8585200
1734705000,168.87000,169.87000,167.50000,168.06000,21999300
1734964200,168.06000,168.67999,166.36000,168.11000,6983900
1735050600,167.62000,169.17999,167.42000,168.94000,2460800
1735223400,168.31000,170.30000,168.07001,170.16000,3629400
1735309800,169.42000,170.75999,169.25999,169.53000,4367900
1735569000,168.67000,168.98000,166.71001,167.09000,4354500
1735655400,167.36000,168.08000,166.59000,167.64999,3957600
1735828200,168.09000,168.71001,165.91000,165.98000,5401700
1735914600,166.25000,166.50000,164.25000,165.13000,5256600
1736173800,162.81000,163.50000,160.44000,160.60001,8731700
1736260200,161.46001,162.61000,160.74001,161.30000,8447400
1736346600,160.99001,162.39999,160.57001,162.10001,4974800
1736519400,160.14999,161.21001,157.47000,158.56000,8501500
1736778600,159.35001,160.09000,158.41000,158.84000,6772200
1736865000,158.85001,160.07001,158.31000,159.74001,5982200
1736951400,160.59000,161.14999,159.34000,159.64999,8059200
1737037800,159.62000,160.58000,159.14000,160.50000,5774400
1737124200,159.74001,161.75000,159.60001,161.13000,7262700
1737469800,160.96001,162.35001,160.96001,161.72000,13914700
1737556200,167.10001,168.14000,164.44000,164.74001,14356700
1737642600,163.88000,166.48000,163.32001,166.14999,7614300
1737729000,165.91000,165.91000,163.20000,164.12000,6199800
1737988200,166.72000,169.94000,166.11000,169.66000,9170800
1738074600,168.91000,169.59000,166.11000,166.19000,6716300
1738161000,166.72000,167.28999,165.88000,166.23000,4850300
1738247400,167.48000,167.60001,165.92999,167.41000,4136500
1738333800,166.00000,166.62000,165.21001,165.99001,5464700
1738593000,165.47000,169.38000,165.23000,168.75999,8668600
1738679400,169.28999,169.28999,166.28000,168.13000,6410900
1738765800,168.09000,169.14000,166.61000,169.00999,7536800
1738852200,169.37000,169.92999,168.03000,168.88000,4957900
1738938600,169.09000,169.12000,167.87000,167.97000,4535600
1739197800,167.69000,168.48000,166.39999,167.53000,7062900
1739284200,167.69000,169.57001,166.50000,169.42999,5438100
1739370600,168.35001,170.08000,167.97000,169.58000,6037400
1739457000,169.63000,171.38000,169.14000,171.02000,6328300
1739543400,169.78999,170.00000,162.30000,162.89000,13179500
1739889000,163.35001,165.75999,162.20000,165.42999,7075300
1739975400,166.10001,166.87000,165.24001,166.49001,7910700
1740061800,163.14999,167.78000,162.80000,167.21001,6162600
1740148200,167.44000,170.55000,165.92000,170.23000,9813700
1740407400,170.22000,172.98000,169.78999,170.53999,8564100
1740493800,171.28000,173.95000,170.80000,172.64999,7314900
1740580200,172.28000,172.64999,170.64999,171.30000,5519000
1740666600,170.85001,173.09000,170.63000,171.97000,5467000
1740753000,173.58000,174.64999,171.85001,173.84000,10240100
1741012200,173.58000,176.28999,173.50999,175.59000,7615300
1741098600,176.75000,179.99001,172.91000,173.17999,12117600
1741185000,173.38000,175.87000,173.02000,174.61000,6989100
1741271400,174.89000,175.84000,172.84000,174.66000,6702500
1741357800,174.09000,178.89000,174.05000,175.95000,9566700
1741613400,176.75999,179.99001,175.83000,176.25999,11047000
1741699800,175.83000,175.99001,172.32001,173.12000,11032300
1741786200,169.70000,171.83000,167.77000,168.37000,10158800
1741872600,167.70000,169.28999,167.28000,168.59000,6609000
1741959000,167.78999,168.59000,166.62000,167.97000,6790500
1742218200,168.37000,171.09000,168.13000,169.75999,9931700
1742304600,170.07001,170.25999,167.58000,167.71001,6099900
1742391000,167.87000,168.75000,167.11000,168.57001,7569200
1742477400,168.89000,169.21001,166.03000,167.55000,8789200
1742563800,167.14000,168.14000,164.12000,166.69000,16027300
1742823000,166.42999,166.87000,165.36000,165.64999,6102100
1742909400,165.30000,165.37000,162.20000,162.85001,8366700
1742995800,163.35001,166.82001,162.99001,166.58000,7756000
1743082200,167.87000,169.03000,166.62000,168.71001,6211700
1743168600,169.38000,169.71001,167.62000,168.03000,5479100
1743427800,168.10001,171.14000,168.10001,170.42000,11520100
1743514200,170.57001,171.05000,169.06000,170.56000,7021100
1743600600,170.07001,170.88000,168.31000,169.50000,6274500
1743687000,174.23000,174.80000,170.73000,172.39000,9393300
1743773400,171.77000,173.60001,163.47000,163.75000,13454200
1744032600,163.66000,164.70000,159.19000,160.23000,15708000
1744119000,162.31000,163.28000,156.71001,158.39000,11541100
1744205400,157.36000,164.67999,156.69000,162.32001,10670200
1744291800,162.89999,165.07001,160.75000,163.56000,10581600
1744378200,163.37000,168.02000,162.62000,166.91000,8602800
1744637400,167.03999,170.11000,165.78000,169.13000,9877300
1744723800,169.14000,170.16000,168.28000,168.47000,8765000
1744810200,169.28999,169.67999,165.78999,166.39000,5897500
1744896600,167.53000,171.64999,167.35001,170.63000,7227100
1745242200,169.89000,169.95000,164.28000,165.75000,8062400
1745328600,165.86000,168.77000,164.53999,167.88000,7907400
1745415000,166.39999,166.61000,163.11000,165.73000,9309200
1745501400,160.50000,160.96001,156.58000,159.53000,20077700
1745587800,159.88000,161.80000,157.77000,161.02000,12892800
1745847000,161.03999,162.56000,160.39000,161.85001,8127000
1745933400,161.28999,162.39000,159.20000,162.25999,8266200
1746019800,162.45000,163.16000,159.95000,162.57001,12475500
1746106200,160.66000,161.35001,159.05000,159.98000,6792800
1746192600,160.92999,161.81000,159.89999,160.52000,5750200
1746451800,160.89000,160.91000,158.02000,158.83000,7576200
1746538200,158.03999,159.71001,157.64999,159.25000,7703800
1746624600,159.02000,160.05000,158.53999,159.28999,6430000
1746711000,158.38000,160.00000,158.00999,158.64999,7230800
1746797400,158.02000,159.13000,157.41000,157.66000,6453200
1747056600,157.42999,161.05000,156.69000,160.89999,7378400
1747143000,160.02000,160.72000,157.36000,158.73000,7780800
1747229400,158.12000,159.16000,157.57001,158.02000,5988900
1747315800,159.59000,162.91000,158.70000,162.41000,8727300
1747402200,162.64999,163.42999,161.85001,163.28000,7100800
1747661400,163.47000,165.14999,163.41000,164.77000,8119900
1747747800,164.61000,166.00000,164.60001,165.64000,5576600
1747834200,164.82001,166.37000,164.62000,165.42999,6424200
1747920600,164.44000,166.20000,164.02000,165.03000,6245600
1748007000,164.83000,166.22000,163.48000,165.86000,5349800
1748352600,165.27000,167.98000,165.27000,167.75999,11423800
1748439000,167.64999,168.84000,167.06000,167.36000,5385900
1748525400,166.74001,168.99001,166.44000,168.56000,4842500
1748611800,168.75000,170.99001,168.60001,169.89000,12587500
1748871000,169.02000,169.03999,166.23000,167.78000,7574400
1748957400,166.78000,167.41000,165.89999,166.85001,6223000
1749043800,166.69000,168.05000,165.92000,165.95000,4939000
1749130200,165.42999,165.44000,162.50999,162.80000,10351800
1749216600,163.28999,165.24001,163.28000,164.02000,5697700
1749475800,163.39000,164.02000,162.07001,162.56000,6544200
1749562200,162.69000,163.50999,161.92000,162.84000,7680000
1749648600,162.63000,162.77000,161.69000,162.11000,5960100
1749735000,161.97000,163.31000,161.67999,163.17999,6509900
1749821400,162.75999,163.03000,159.91000,160.28000,7104500
1750080600,160.88000,161.95000,160.00999,160.88000,6332000
1750167000,160.06000,160.37000,158.31000,158.52000,6809700
1750253400,158.55000,158.64999,157.66000,158.02000,7211200
1750426200,158.03000,159.34000,157.85001,159.08000,16173400
1750685400,159.07001,161.19000,159.00000,161.03000,6588200
1750771800,161.17999,161.74001,159.64999,160.36000,7470100
1750858200,159.82001,160.34000,158.71001,158.97000,5933700
1750944600,159.55000,159.56000,157.17000,158.63000,7410400
1751031000,158.67999,160.13000,158.28999,159.86000,19257000
1751290200,159.25999,159.89999,158.13000,159.32001,11238200
1751376600,159.88000,162.53000,159.38000,161.22000,10664900
1751463000,161.14000,161.35001,159.86000,161.20000,8848700
1751549400,161.78999,162.02000,159.78999,160.83000,6999600
1751895000,160.89000,161.17999,159.28999,160.50000,7225700
1751981400,159.52000,159.78000,157.44000,157.89000,12034800
1752067800,158.10001,158.20000,155.95000,157.52000,18770900
1752154200,157.75999,159.61000,157.03999,158.49001,7200500
1752240600,158.05000,158.05000,156.44000,157.05000,8053800
1752499800,155.58000,155.80000,152.86000,153.75999,11491700
1752586200,153.56000,154.05000,151.89999,152.67999,9142600
1752672600,152.74001,153.75999,152.27000,153.73000,8479000
1752759000,154.03999,155.75000,153.88000,155.62000,8320000
1752845400,153.78000,155.57001,153.63000,155.10001,7337300
1753104600,155.07001,155.94000,154.89000,155.03000,6328400
1753191000,154.92000,158.37000,154.89999,158.32001,8187000
1753277400,158.22000,158.88000,157.67999,158.28000,4804800
1753363800,158.87000,159.02000,158.05000,158.81000,7027400
1753450200,157.34000,158.44000,157.02000,158.30000,5799900
1753709400,157.63000,158.09000,156.23000,157.11000,7885000
1753795800,158.64999,158.64999,154.84000,156.61000,11466100
1753882200,157.00000,157.00000,152.05000,152.88000,8162900
1753968600,151.80000,152.00000,149.91000,150.47000,11845400
1754055000,151.78000,153.49001,150.52000,150.64999,8594200
1754314200,150.25000,151.46001,150.02000,150.75999,7679400
1754400600,150.71001,152.08000,150.32001,150.50999,6670100
1754487000,150.86000,153.48000,150.21001,152.86000,7376200
1754573400,153.12000,154.00999,152.70000,153.49001,6719000
1754659800,152.77000,153.78999,152.57001,153.50999,5811000
1754919000,153.53999,155.39000,153.31000,154.98000,7331700
1755005400,155.06000,155.53999,154.31000,155.09000,6938000
1755091800,155.21001,157.00999,154.95000,155.41000,5812400
1755178200,154.64000,154.70000,153.27000,153.74001,6343700
1755264600,154.47000,155.60001,154.21001,154.36000,7121700
1755523800,154.42000,156.92000,154.17000,155.72000,8274500
1755610200,155.73000,158.70000,155.67000,158.39999,7868100
1755696600,158.58000,161.03000,158.41000,159.50999,7840400
1755783000,157.92999,159.06000,157.17999,158.73000,6417500
1755869400,159.38000,160.67999,158.31000,158.67000,5797300
1756128600,158.39000,158.70000,155.89000,156.14999,4692500
1756215000,155.92000,156.70000,155.34000,155.97000,6338000
1756301400,156.14999,157.13000,155.78999,156.96001,4551200
1756387800,157.00000,157.00999,155.03000,155.64999,5857400
1756474200,156.09000,157.56000,155.64999,157.03999,5318200
1756819800,157.36000,158.86000,156.98000,157.99001,6432800
1756906200,157.64999,158.64000,156.50000,158.17000,6592500
1756992600,158.52000,159.75000,157.81000,159.19000,6934900
1757079000,158.55000,160.56000,158.41000,160.02000,6436200
1757338200,159.61000,160.27000,158.25000,159.00999,7178400
1757424600,158.61000,159.87000,158.20000,159.46001,4984900
1757511000,158.60001,158.94000,155.89000,157.35001,6205500
1757597400,157.72000,159.35001,157.39000,158.63000,5819500
1757683800,157.92999,159.13000,157.78000,157.89999,5957000
1757943000,157.88000,158.52000,156.20000,156.83000,5995000
1758029400,157.14000,158.39000,156.89000,158.05000,6559600
1758115800,158.42999,161.67000,158.42999,160.33000,6764200
1758202200,158.14999,159.02000,157.16000,157.32001,7651500
1758288600,157.61000,157.62000,155.97000,156.03999,17224800
1758547800,156.08000,156.08000,153.05000,153.07001,8712900
1758634200,153.20000,153.28999,150.97000,152.50000,8853400
1758720600,152.05000,153.63000,151.78999,152.42000,6483300
1758807000,153.23000,153.88000,151.78000,152.14999,7511400
1758893400,152.23000,152.67999,151.53000,152.50000,5721100
1759152600,152.42000,153.72000,151.78999,153.53000,8139700
1759239000,153.46001,154.38000,152.84000,153.64999,7762600
1759325400,153.70000,153.89000,151.41000,153.17999,7566000
1759411800,152.72000,152.80000,151.63000,152.05000,6892100
1759498200,152.00000,153.42999,152.00000,152.27000,5212600
1759757400,151.50000,152.32001,150.39999,150.41000,6737000
1759843800,150.75999,153.17000,150.05000,152.53999,6844400
1759930200,152.78999,152.78999,150.63000,150.69000,5254700
1760016600,150.74001,150.87000,149.58000,150.58000,6134500
1760103000,150.94000,151.50999,149.45000,149.69000,7374000
1760362200,149.00000,149.42999,146.97000,147.49001,7511100
1760448600,147.57001,149.25000,147.08000,149.16000,8585300
1760535000,148.53000,149.41000,147.27000,147.42000,10003100
1760621400,148.00999,150.39999,147.92000,149.60001,8809700
1760707800,150.57001,152.03000,150.42999,151.39999,8612900
1760967000,151.59000,152.39000,151.30000,151.96001,5601300
1761053400,151.96001,152.28000,150.87000,151.62000,6013400
1761139800,151.30000,153.46001,150.78999,152.20000,6394400
1761226200,152.35001,153.30000,150.58000,152.21001,8205400
1761312600,156.39999,157.39999,151.53000,152.49001,11968500
1761571800,151.61000,151.75999,150.13000,151.74001,7775300
1761658200,151.12000,153.17000,150.62000,151.37000,5819300
1761744600,150.66000,150.97000,148.47000,148.77000,7405500
1761831000,149.47000,150.80000,149.34000,149.58000,6760700
1761917400,148.71001,151.10001,148.53000,150.37000,7930300
1762180200,150.10001,150.22000,147.77000,148.02000,8946400
1762266600,148.60001,149.50000,146.25000,147.17000,9295400
1762353000,146.87000,147.42000,145.64999,145.78999,11199900
1762439400,145.88000,146.67999,144.46001,146.13000,10024500
1762525800,146.95000,147.94000,146.00000,146.98000,8500100
1762785000,146.38000,146.62000,144.09000,145.50000,10208100
1762871400,145.96001,148.64999,145.67000,148.53999,7332500
1762957800,148.53000,149.14999,147.50999,148.00999,7851100
1763044200,148.17999,149.00000,147.64000,147.96001,7566800
1763130600,149.10001,149.38000,147.61000,147.67000,9150800
1763389800,147.75000,147.98000,145.00999,145.82001,9902300
1763476200,146.33000,147.39000,145.50999,146.99001,10735200
1763562600,146.96001,147.53999,145.86000,146.99001,6367000
1763649000,146.64000,148.66000,146.13000,148.19000,9021300
1763735400,148.38000,151.50000,148.30000,150.92000,12018000
1763994600,150.10001,150.41000,146.53999,146.98000,13846900
1764081000,147.32001,148.64999,147.22000,148.49001,10477700
1764167400,147.92000,148.97000,147.61000,148.25000,9238500
1764340200,147.80000,148.71001,147.17999,148.16000,4707200
1764599400,148.10001,148.89000,147.35001,147.44000,8240700
1764685800,145.28999,146.19000,142.50999,145.86000,16376800
1764772200,145.92000,148.28999,145.86000,146.71001,9125300
1764858600,146.67000,147.42000,144.50000,145.36000,10479300
1764945000,145.16000,145.63000,143.25000,143.45000,12791700
1765204200,142.91000,142.91000,138.14000,138.34000,17507500
1765290600,139.19000,140.88000,139.00000,139.63000,10375700
1765377000,139.64999,141.28000,139.53999,139.82001,13650400
1765463400,141.00000,141.84000,140.36000,140.75999,11798000
1765549800,141.00000,143.11000,140.84000,142.84000,10268800
1765809000,143.27000,145.32001,143.20000,145.13000,13877700
1765895400,146.10001,146.53999,144.64999,145.21001,10251700
1765981800,146.69000,148.45000,146.45000,147.81000,9833300
1766068200,146.62000,147.50000,145.35001,145.52000,12239900
1766154600,145.50999,146.05000,143.94000,144.46001,19345600
1766413800,143.71001,144.39999,142.42000,142.69000,11731400
1766500200,142.49001,143.73000,142.08000,143.17999,9541600
1766586600,142.89999,144.74001,142.83000,144.49001,3259200
1766759400,144.31000,145.64000,144.31000,144.74001,4711500
1767018600,144.80000,145.07001,143.95000,144.57001,7662100
1767105000,144.28999,144.46001,143.57001,144.05000,6006400
1767191400,144.00000,144.14000,143.23000,143.31000,5293200
1767364200,143.11000,143.34000,141.24001,141.78999,8946100
1767623400,141.10001,141.35001,139.60001,140.37000,12297300
1767709800,140.39000,141.42000,139.50999,139.91000,10421800
1767796200,139.80000,139.80000,137.62000,138.03999,14369100
1767882600,137.89000,141.78000,137.82001,141.53000,9297100
1767969000,141.70000,142.33000,140.83000,141.87000,9528500
1768228200,142.28000,143.88000,141.71001,143.46001,12812000
1768314600,144.00000,144.34000,142.97000,144.24001,15549200
1768401000,144.67999,146.89999,144.37000,146.35001,13475000
1768487400,145.67999,146.35001,144.35001,144.63000,10102800
1768573800,143.75999,144.73000,143.66000,144.53000,11729300
1768919400,144.46001,147.00000,144.12000,147.00000,12901400
1769005800,147.06000,147.37000,144.97000,146.06000,14126800
1769092200,148.08000,150.91000,147.50000,149.92999,18501900
1769178600,150.84000,151.64999,149.80000,150.14999,14562600
1769437800,150.12000,150.88000,148.52000,149.49001,12655700
1769524200,148.07001,149.64000,147.92999,148.34000,9546000
1769610600,148.00000,148.71001,146.78999,147.34000,7465800
1769697000,147.28999,150.13000,147.11000,149.89999,11035600
1769783400,150.42999,151.97000,149.14999,151.77000,12651400
1770042600,152.42000,153.73000,151.25000,153.19000,10554900
1770129000,152.59000,156.53000,152.20000,155.32001,12424700
1770215400,156.13000,158.37000,155.75999,156.87000,12178500
1770301800,158.84000,159.64999,156.12000,158.61000,13077700
1770388200,158.24001,159.99001,158.00999,159.17000,10441700
1770647400,158.75999,159.28000,156.02000,157.33000,11439900
1770733800,157.53000,160.14999,156.72000,159.08000,9910100
1770820200,158.64000,161.14000,158.19000,160.00000,10217300
1770906600,160.02000,163.14000,159.64999,161.21001,13512900
1770993000,161.74001,162.57001,159.71001,160.07001,13998900
1771338600,159.95000,162.17000,158.88000,159.55000,13319100
1771425000,158.98000,158.98000,155.77000,156.86000,14434300
1771511400,156.83000,159.96001,156.83000,158.56000,10724600
1771597800,159.13000,161.06000,158.16000,160.78000,11508100
1771857000,160.32001,165.36000,160.30000,165.17000,14772400
1771943400,164.89999,166.87000,163.94000,165.28000,9709500
1772029800,164.53999,165.00000,162.10001,163.39000,7878500
1772116200,164.22000,164.50000,162.86000,163.75000,7028600
1772202600,164.03999,167.25000,163.69000,167.20000,14878500
1772461800,165.28999,166.55000,163.45000,163.50999,9095500
1772548200,162.19000,162.19000,158.62000,159.72000,10161000
1772634600,159.44000,159.61000,157.31000,158.30000,8752700
1772721000,156.94000,157.10001,153.77000,153.99001,10060300
1772807400,153.66000,154.42999,151.89000,153.63000,8187900
1773063000,153.14999,156.23000,152.89999,155.22000,12494900
1773149400,155.49001,157.14999,153.60001,156.00999,7756800
1773235800,155.23000,155.38000,151.42999,153.32001,8855100
1773322200,152.21001,153.05000,150.33000,150.50000,8489300
1773408600,151.37000,152.55000,150.17999,150.64999,7298900
1773667800,151.86000,152.64000,150.64999,152.12000,6944000
1773754200,153.00999,153.46001,151.20000,151.48000,6147700
1773840600,149.31000,149.62000,146.46001,146.71001,10059300
1773927000,146.22000,147.38000,144.78999,144.84000,10340300
1774013400,144.99001,145.82001,144.25000,144.28000,60620900
1774272600,146.14999,146.14999,143.48000,143.99001,10315600
1774359000,143.33000,145.23000,142.23000,143.16000,8567600
1774445400,143.74001,144.10001,142.23000,143.92000,8418100
1774531800,143.69000,144.57001,142.24001,142.42000,6443200
1774618200,142.72000,144.08000,142.00999,142.71001,11558300
1774877400,143.03999,145.57001,142.57001,144.72000,11616300
1774963800,144.82001,144.92000,142.28000,144.44000,10407500
1775050200,143.92000,144.97000,143.21001,144.09000,8061700
1775136600,144.09000,144.21001,142.58000,143.12000,5941700
1775482200,143.00999,143.67000,141.92000,142.77000,6823100
1775568600,142.52000,142.77000,140.74001,141.30000,7207500
1775655000,143.14999,145.11000,141.87000,144.89999,10849700
1775741400,144.39000,146.94000,143.00000,146.66000,6794800
1775827800,146.89000,146.89000,144.75999,145.16000,9790300
1776087000,145.00000,145.09000,142.63000,143.58000,7121400
1776173400,143.24001,144.72000,142.77000,144.38000,6621600
1776259800,144.36000,144.39999,142.25999,143.38000,7698200
1776346200,143.20000,144.28999,142.66000,143.11000,6947100
1776432600,143.41000,147.59000,143.16000,146.92999,10886000
1776691800,146.06000,146.66000,143.59000,144.49001,8084700
1776778200,144.62000,144.62000,142.32001,142.32001,11197200
1776864600,142.50000,143.30000,142.22000,142.85001,7236300
1776951000,143.39999,146.23000,143.39999,145.71001,11288800
1777037400,152.00999,152.42000,147.62000,148.17999,13786200
1777296600,147.42000,149.70000,147.42000,148.39999,9166400
1777383000,150.03000,151.19000,148.42999,149.17000,7965700
1777469400,148.30000,148.75000,145.89000,146.46001,9002400
1777555800,147.09000,147.72000,145.95000,147.09000,9491700
1777642200,147.87000,149.28000,146.46001,147.25999,6814800
1777901400,146.06000,146.06000,143.27000,143.42000,9642800
1777987800,143.38000,145.89999,142.17999,144.89999,7664300
1778074200,146.39999,148.95000,145.94000,147.89999,9399500
1778160600,147.99001,147.99001,146.02000,146.06000,9545800
1778247000,146.55000,147.52000,146.21001,146.42000,5741000
1778506200,145.78999,145.95000,141.97000,143.36000,7489500
1778592600,144.35001,145.86000,142.86000,143.91000,9051200
1778679000,143.14999,144.67000,141.66000,142.24001,6685900
1778765400,143.17999,144.28000,142.63000,142.71001,9636200
1778851800,143.39999,143.39999,141.20000,141.57001,6989400
1779111000,142.10001,144.42999,141.63000,142.39000,7731200
1779197400,142.47000,143.71001,140.85001,141.30000,8355800
1779283800,141.45000,143.22000,140.62000,142.44000,8375600
1779370200,141.88000,143.72000,140.09000,143.39999,6297300
1779456600,143.87000,144.64000,143.53000,144.44000,4616700
1779802200,144.50999,145.61000,142.53000,142.96001,8157200
1779888600,143.46001,148.53999,143.46001,147.49001,10048900
1779975000,146.70000,146.70000,145.00999,145.91000,10196700
1780061400,145.52000,145.64000,143.20000,143.56000,12355800
1780320600,141.52000,141.82001,138.86000,140.28000,11093800
1780407000,140.12000,141.12000,139.03000,140.82001,9599500
1780493400,140.92999,142.45000,140.00000,140.19000,9351000
1780579800,142.70000,143.14000,139.89000,140.78000,8194000
1780666200,142.22000,148.23000,141.80000,146.53999,10963200
1780925400,145.78999,146.55000,145.02000,145.10001,7200700
1781011800,144.67000,149.48000,144.53000,148.67000,8259300
1781098200,149.91000,150.42999,148.38000,149.05000,7345900
1781184600,148.70000,149.62000,147.77000,148.34000,6684700
1781271000,149.38000,150.20000,148.30000,149.61000,6832000
1781530200,148.75999,151.50000,148.75999,150.46001,9158900
1781616600,151.50999,153.02000,150.55000,152.49001,8518900
1781703000,152.38000,152.94000,149.77000,150.56000,7055800
1781789400,150.87000,152.28999,150.17999,150.38000,17076100
1782135000,150.11000,150.89000,147.57001,147.67999,10533000
1782221400,149.66000,151.37000,149.37000,150.86000,7259600
1782307800,151.99001,153.35001,150.92000,152.03999,8618500
1782394200,151.57001,152.28999,147.82001,148.50000,11197200
1782480600,150.34000,150.88000,148.42000,149.02000,16724600
1782739800,148.73000,149.05000,147.03999,148.45000,10387700
1782826200,147.53000,147.53000,144.17000,146.64000,9353800
1782912600,146.53000,147.50000,145.55000,147.42999,9571700
1782999000,148.58000,151.67000,147.74001,151.41000,9256000
1783344600,150.67999,151.22000,146.96001,149.31000,8323100
1783431000,152.66000,153.49001,150.61000,152.75000,8061400
1783517400,150.96001,151.07001,148.35001,148.39999,14272300
1783603800,146.77000,147.66000,145.60001,146.85001,7748000
1783690200,147.10001,148.59000,146.71001,147.03999,12473000
1783949400,148.08000,150.05000,147.11000,148.37000,7816100
1784035800,148.37000,148.75000,145.59000,146.08000,7668100
1784122200,145.28000,148.59000,144.66000,148.05000,6180000
1784208600,149.49001,151.52000,148.17999,151.50000,6485400
1784295000,152.86000,154.32001,149.31000,149.98000,8917400
1784554200,149.56000,150.10001,148.42999,149.13000,5788300
1784640600,147.86000,148.41000,146.88000,148.10001,7027600
1784727000,149.50000,150.46001,148.82001,149.13000,5371200
1784813400,146.14000,147.61000,145.59000,146.97000,6499200
1784899800,146.45000,147.99001,145.39999,147.41000,6620700
1785159000,147.85001,150.25000,147.85001,148.63000,7301800
1785245400,151.50000,153.67999,148.52000,148.88000,12848800
1785331800,141.38000,146.38000,140.20000,146.10001,14616800
1785418200,143.75999,144.45000,142.25000,143.96001,9571100
1785504600,143.50999,144.70000,141.46001,144.49001,9152600
1785763800,145.85001,147.14999,144.25999,144.97000,8843600
1785850200,144.03999,148.25000,143.78999,148.00999,7362300
1785936600,147.85001,147.85001,144.66000,146.80000,9753300
1786023000,147.82001,148.50000,145.45000,146.97000,8766700
1786109400,144.89999,146.00000,143.88000,145.78999,7565500
1786368600,144.73000,146.46001,144.14999,146.44000,7386500
1786455000,145.41000,145.71001,143.92999,145.21001,7936700
1786541400,144.05000,144.94000,143.78999,144.08000,7195000
1786627800,144.59000,145.80000,144.00000,144.25999,7491300
1786714200,144.33000,144.91000,143.42000,144.55000,7249600
1786973400,143.64000,143.97000,142.48000,143.12000,9867500
1787059800,143.28000,144.42000,142.67999,143.45000,12746100
1787146200,144.30000,146.23000,143.62000,144.38000,13948500
1787232600,144.47000,144.92000,142.56000,142.97000,15794100
1787319000,143.02000,145.27000,142.14000,144.67999,9785200
1787578200,145.24001,146.80000,145.00000,146.60001,7061800
1787664600,145.73000,146.12000,144.95000,145.39999,9125700
1787751000,145.28000,145.92999,144.50000,145.00000,8249100
1787837400,143.70000,144.14999,142.71001,143.14000,7817200
1787923800,143.25000,144.39999,143.00999,143.78000,5868900
