time,open,high,low,close,tick_volume
1506605400,15.80000,23.50000,15.75000,23.50000,39265900
1506691800,26.74000,29.80000,25.47000,26.54000,44294700
1506951000,25.20000,26.28000,23.26000,23.56000,16008400
1507037400,23.01000,23.02000,20.77000,20.81000,13678500
1507123800,21.29000,22.60000,20.82000,20.85000,9345700
1507210200,21.40000,22.20000,21.35000,22.01000,6361600
1507296600,22.48000,23.37000,22.00000,23.20000,7058800
1507555800,23.85000,25.35000,23.56000,24.54000,7740800
1507642200,25.19000,25.60000,22.70000,22.93000,7479300
1507728600,23.81000,24.33000,23.20000,23.66000,5449300
1507815000,23.67000,24.33000,23.45000,23.63000,3545900
1507901400,23.75000,24.20000,22.95000,23.02000,2956900
1508160600,22.97000,23.20000,22.01000,22.19000,2589600
1508247000,22.29000,22.50000,21.50000,22.09000,1830800
1508333400,22.16000,22.50000,22.00000,22.05000,998500
1508419800,21.55000,22.93000,21.35000,22.03000,2025100
1508506200,22.07000,22.43000,21.80000,21.87000,1753200
1508765400,21.75000,22.00000,20.35000,20.37000,2728600
1508851800,20.40000,20.70000,19.28000,19.77000,2361900
1508938200,19.66000,19.75500,18.35000,18.92000,2418900
1509024600,19.06000,19.50000,18.52000,18.57000,1707900
1509111000,18.50000,19.30000,18.50000,18.79000,1588400
1509370200,18.72000,20.15000,18.70000,19.50000,2116000
1509456600,19.89000,20.84000,19.60000,20.38000,1879600
1509543000,20.44000,20.88000,19.77000,19.80000,1164400
1509629400,20.53000,20.53000,19.59000,19.75000,523900
1509715800,19.65000,19.76000,18.80000,19.55000,766200
1509978600,19.41000,19.95000,19.25000,19.34000,1416000
1510065000,19.24000,19.55000,18.80000,19.13000,927800
1510151400,19.30000,19.42900,18.56100,18.84000,4730600
1510237800,24.75000,29.44000,23.86000,29.19000,33372100
1510324200,30.91000,36.65000,30.50000,33.25000,34527400
1510583400,34.88000,47.49000,34.86000,42.71000,52790900
1510669800,46.74000,48.80000,36.58000,36.95000,56821100
1510756200,34.61000,39.75000,34.22000,39.32000,22401100
1510842600,42.00000,42.75000,38.11000,39.79000,18503400
1510929000,38.92000,40.57000,37.75000,38.59000,7572600
1511188200,39.10000,39.95000,38.60000,39.02000,5895300
1511274600,39.00000,39.42000,37.19000,37.26000,5433500
1511361000,37.00000,41.09000,35.02600,40.60000,11770900
1511533800,41.19000,41.26000,39.16000,39.47000,4689900
1511793000,40.86000,47.75000,40.60000,46.52000,19425300
1511879400,49.40000,51.80000,44.66000,46.43000,38951800
1511965800,44.51000,47.50000,42.31000,44.87000,15760800
1512052200,45.50000,45.85000,43.41000,43.90000,6735400
1512138600,43.74000,44.75000,42.31000,43.55000,4777300
1512397800,44.50000,45.30000,41.32000,41.73000,5744200
1512484200,41.16000,42.45000,39.21000,39.45000,5020000
1512570600,38.50000,44.55000,37.81000,44.26000,11888700
1512657000,43.02000,45.44000,42.07000,42.52000,10258200
1512743400,43.15000,44.98000,42.10000,44.79000,8539700
1513002600,45.00000,48.20000,44.43000,47.98000,10302900
1513089000,48.06000,48.70000,46.50000,46.95000,6346600
1513175400,47.79000,48.66000,44.25000,45.46000,6715000
1513261800,47.49000,48.52000,45.63000,46.15000,6940500
1513348200,47.48000,53.17000,46.76000,52.31000,16826600
1513607400,54.55000,57.25000,53.01000,56.10000,14266700
1513693800,57.71000,58.80000,53.92000,56.58000,11370600
1513780200,56.58000,56.73700,52.43000,52.89000,6668400
1513866600,52.40000,55.10000,52.30000,53.85000,6649900
1513953000,52.50000,53.68500,51.32000,51.62000,5314300
1514298600,51.20000,54.90000,51.01000,54.87000,5473900
1514385000,55.20000,56.70000,54.61000,54.76000,5361600
1514471400,54.85000,55.09000,53.03000,53.19000,3505100
1514557800,53.30000,53.60000,51.50000,51.78000,3522000
1514903400,52.64000,52.85000,50.35000,52.07000,4226700
1514989800,52.80000,57.41600,52.72000,55.44000,9911800
1515076200,51.56000,52.77500,50.21000,51.24000,9392600
1515162600,48.06000,48.99000,46.13000,46.28000,13007900
1515421800,45.14000,48.36000,42.79000,47.47000,12031400
1515508200,46.75000,48.11000,44.26100,44.73000,7244500
1515594600,43.20000,45.75000,42.91000,44.71000,5157000
1515681000,45.00000,45.61000,43.70000,43.87000,3332300
1515767400,44.50000,44.57000,43.05000,43.38000,3724500
1516113000,43.41000,43.75000,39.10000,39.19000,7956500
1516199400,39.47000,42.08900,39.47000,41.54000,6603100
1516285800,41.20000,41.84000,40.65500,40.76000,2728900
1516372200,40.61000,41.35000,40.10000,40.22000,1967900
1516631400,40.10000,43.81900,39.53000,43.62000,5429600
1516717800,45.64000,46.75000,42.54000,42.62000,8382100
1516804200,43.44000,43.90000,41.30000,42.25000,3546300
1516890600,42.85000,44.70000,41.85000,44.10000,3933400
1516977000,44.36000,44.89000,42.77000,42.91000,3280500
1517236200,42.25000,43.35800,41.91100,42.36000,1795800
1517322600,41.25000,42.23000,40.80000,41.52000,2807200
1517409000,42.30000,42.30000,40.48000,40.62000,2245900
1517495400,40.35000,41.72700,39.42000,39.92000,2521700
1517581800,40.57000,42.12000,40.00000,40.46000,2846400
1517841000,39.97000,41.86000,39.52000,40.17000,2848200
1517927400,39.01000,42.00000,39.01000,41.90000,2637000
1518013800,42.73000,46.45000,42.55000,45.69000,4760400
1518100200,46.04000,47.35000,43.56000,43.70000,5320400
1518186600,45.00000,45.35000,40.10000,42.46000,3590700
1518445800,43.56000,44.00000,41.83000,43.23000,1967400
1518532200,42.22000,43.69000,42.14000,43.02000,1278100
1518618600,42.95000,46.10000,42.86500,44.85000,3434100
1518705000,45.80000,46.10000,44.37000,45.64000,2061700
1518791400,45.60000,49.40000,45.40100,48.13000,6172800
1519137000,50.45000,51.75000,49.48000,51.18000,7555000
1519223400,52.03000,52.70000,49.14100,51.10000,12715600
1519309800,40.39000,44.33000,39.75000,42.05000,24022600
1519396200,42.92000,43.20000,41.38000,41.52000,6155200
1519655400,41.82000,42.15000,40.21000,40.44000,5135000
1519741800,40.30000,41.39000,40.28000,40.91000,3080900
1519828200,41.10000,41.80000,40.50000,40.77000,2159600
1519914600,40.21000,40.88000,38.38000,38.72000,4438000
1520001000,38.11000,38.65000,37.33000,37.57000,3630700
1520260200,37.60000,40.12000,37.40000,39.00000,3303200
1520346600,39.80000,40.14000,38.50000,38.58000,2702700
1520433000,37.76000,39.60000,37.76000,38.89000,2092200
1520519400,39.20000,39.46900,38.05000,38.69000,1868900
1520605800,38.80000,39.55900,38.50000,38.50000,1891900
1520861400,38.40000,39.09000,37.16000,37.87000,3154500
1520947800,37.67000,38.40000,37.05000,37.37000,3752600
1521034200,37.20000,37.80000,36.80000,36.93000,2167100
1521120600,36.81000,37.03300,35.30200,36.27000,2981000
1521207000,36.00000,36.15000,35.38000,35.86000,1900700
1521466200,35.44000,35.79000,33.25000,33.85000,3583100
1521552600,35.37000,35.50000,33.58000,34.73000,3663700
1521639000,34.50000,35.11000,34.20000,34.25000,1748800
1521725400,33.54000,33.98000,32.34000,33.51000,2607700
1521811800,32.92000,33.39000,31.80000,32.06000,3171500
1522071000,32.85000,35.45000,32.85000,34.59000,5476400
1522157400,33.55000,34.63000,32.60000,33.00000,9532700
1522243800,33.08000,34.04300,30.81000,31.30000,5184700
1522330200,31.34000,32.75000,29.80000,31.10000,6457900
1522675800,30.57000,31.67000,29.80000,30.33000,3253500
1522762200,30.97000,31.19000,29.18000,30.29000,4481700
1522848600,29.03000,32.46000,29.01000,32.27000,3211600
1522935000,32.77000,33.04900,31.15000,31.76000,3095600
1523021400,31.06000,31.90000,30.69000,31.36000,1364900
1523280600,31.32000,32.96000,31.27000,32.61000,2090800
1523367000,33.35000,33.49000,31.61000,32.27000,3193900
1523453400,31.92000,32.80000,31.25000,32.01000,1673900
1523539800,32.20000,33.92000,32.11800,33.69000,2345900
1523626200,33.93000,34.04000,32.55000,32.69000,1926800
1523885400,32.88000,33.24000,32.13600,33.02000,2325600
1523971800,35.35000,37.27000,34.65000,35.98000,13923200
1524058200,34.54000,35.18000,31.71000,31.72000,15597800
1524144600,32.24000,33.31000,31.75000,32.70000,7067900
1524231000,32.61000,32.94000,30.87000,32.57000,5022200
1524490200,32.53000,32.68000,31.56000,32.27000,2114100
1524576600,32.46000,33.34000,31.71400,32.40000,2892800
1524663000,32.41000,32.52500,31.36000,31.88000,1668400
1524749400,32.12000,33.38000,31.90000,32.91000,2175200
1524835800,32.95000,33.08000,32.11000,32.70000,1211000
1525095000,32.76000,33.38500,32.18000,32.54000,1640800
1525181400,32.38000,33.17000,31.82000,32.97000,2133100
1525267800,32.79000,33.75000,32.71000,33.36000,2645900
1525354200,33.02000,33.12000,30.88400,31.02000,5824400
1525440600,31.10000,32.20000,31.07000,31.55000,5104500
1525699800,31.95000,34.00000,31.93000,33.17000,6006700
1525786200,33.83000,34.25000,32.92000,33.12000,5501000
1525872600,34.38000,36.95000,34.00000,36.08000,21384700
1525959000,38.30000,38.84000,35.15000,35.46000,30802000
1526045400,33.76000,35.18000,31.78000,35.14000,12678200
1526304600,35.46000,36.50000,35.12000,35.30000,5932400
1526391000,35.00000,35.10000,33.53000,34.08000,4965000
1526477400,34.00000,34.78000,33.98000,34.44000,2364800
1526563800,34.05000,35.03000,34.04000,34.26000,2639800
1526650200,35.00000,36.31000,34.92000,35.40000,6855000
1526909400,36.40000,36.60000,34.56200,34.74000,4808700
1526995800,35.09000,35.18900,33.87000,34.04000,3353700
1527082200,33.73000,34.58000,33.62000,34.55000,2368500
1527168600,34.62000,36.10000,34.60000,35.99000,5706600
1527255000,36.06000,39.08000,35.65000,38.54000,21203400
1527600600,39.11000,39.88000,37.62000,38.60000,13802300
1527687000,38.92000,39.07000,37.31100,38.45000,7371800
1527773400,38.20000,38.62000,37.35000,37.46000,4160100
1527859800,37.55000,37.80500,36.14400,37.07000,6991300
1528119000,37.37000,38.21800,37.13000,38.03000,5655600
1528205400,38.03000,40.47000,37.70000,40.26000,10949200
1528291800,40.00000,40.20000,38.51000,39.45000,8130800
1528378200,38.94000,39.64000,37.52000,39.57000,6494300
1528464600,39.04000,39.75000,38.81000,39.24000,4448200
1528723800,39.66000,42.15000,39.60000,41.46000,12357800
1528810200,41.82000,42.15000,40.78000,41.46000,7289500
1528896600,41.68000,43.90000,40.86000,43.43000,15160800
1528983000,44.12000,45.81000,42.75000,45.02000,17120400
1529069400,43.99000,45.10000,43.15600,43.30000,10678600
1529328600,43.00000,45.83000,42.75000,44.93000,9400400
1529415000,44.30000,46.50000,44.05000,45.27000,8569000
1529501400,45.91000,47.40000,45.50000,46.75000,8876500
1529587800,47.20000,47.64000,44.61000,45.37000,9306100
1529674200,45.90000,46.19000,43.50000,44.71000,10590900
1529933400,44.14000,44.70900,41.05000,42.01000,7337600
1530019800,42.18000,44.27000,41.66000,43.99000,5184800
1530106200,44.62000,44.97900,41.38000,41.42000,7715200
1530192600,41.16000,42.24000,40.00000,41.62000,6351900
1530279000,41.90000,42.85000,41.85000,42.62000,3748500
1530538200,41.74000,43.29000,40.55000,43.29000,3869200
1530624600,45.32000,46.73000,44.13000,45.54000,12093300
1530797400,45.73000,46.05000,44.25000,45.41000,7551800
1530883800,45.00000,47.27000,45.00000,46.70000,6260200
1531143000,47.13000,48.16000,45.65000,46.33000,6654300
1531229400,46.40000,47.35000,45.35000,45.99000,4687600
1531315800,45.48000,46.67000,44.66500,45.91000,3825300
1531402200,46.23000,48.38000,45.82000,48.31000,6107600
1531488600,48.13000,49.69000,47.80000,48.76000,7994900
1531747800,48.51000,48.76000,47.37000,48.26000,5685400
1531834200,47.20000,51.45000,47.16000,51.39000,9910700
1531920600,51.13000,51.22000,49.45000,49.50000,7600400
1532007000,49.50000,50.75000,49.35000,49.79000,4174800
1532093400,49.80000,51.07000,49.55000,49.77000,4556700
1532352600,51.26000,51.82000,49.17100,49.74000,7900400
1532439000,50.02000,50.48000,46.08000,46.91000,11126900
1532525400,47.02000,48.77000,46.75000,48.71000,5332800
1532611800,48.01000,49.63000,47.75000,48.64000,3075400
1532698200,48.89000,49.31900,47.00000,47.54000,3229800
1532957400,47.50000,47.65000,43.59000,44.31000,6466000
1533043800,44.39000,45.56000,43.41000,45.42000,4753200
1533130200,45.48000,45.96000,44.76000,45.65000,2441100
1533216600,45.10000,46.50000,44.85000,46.46000,2399700
1533303000,46.54000,47.30000,45.60000,46.47000,2989200
1533562200,46.94000,48.25000,46.06000,47.85000,4330700
1533648600,48.50000,48.85000,47.10000,47.42000,3941800
1533735000,47.49000,47.87000,45.87000,47.25000,13055000
1533821400,52.80000,57.95000,52.31000,57.32000,39487400
1533907800,56.32000,60.65000,56.10000,58.05000,22379100
1534167000,58.02000,58.15000,54.42000,55.38000,15174100
1534253400,55.79000,58.10000,55.41000,55.79000,11713200
1534339800,55.32000,56.31000,53.61100,54.51000,7859600
1534426200,55.48000,58.35000,55.17000,57.05000,10176200
1534512600,57.00000,57.57000,55.18000,56.07000,5317300
1534771800,55.83000,57.75000,54.96000,57.03000,7103700
1534858200,57.30000,59.98000,56.67000,58.75000,11242300
1534944600,58.32000,60.31000,57.78000,59.69000,9049800
1535031000,60.06000,61.27000,58.84100,60.09000,10870900
1535117400,60.65000,63.53000,60.38900,63.26000,9610000
1535376600,64.00000,64.48000,62.56000,64.10000,9602900
1535463000,64.11000,64.41000,62.21000,62.99000,6333600
1535549400,59.09000,61.48000,58.21000,59.92000,16077500
1535635800,59.56000,61.78000,59.56000,60.68000,6768100
1535722200,60.37000,61.10000,58.85000,59.49000,4753800
1536067800,60.54000,63.49000,60.12000,63.20000,8341500
1536154200,63.06000,63.06000,58.78000,61.35000,7545600
1536240600,61.33000,63.73000,60.58000,63.60000,5510600
1536327000,62.75000,65.99000,62.52000,65.23000,7759800
1536586200,66.50000,69.70000,64.80000,68.71000,12169400
1536672600,69.30000,71.47000,68.63000,70.98000,8271800
1536759000,71.00000,71.93700,67.25000,70.94000,9000700
1536845400,70.00000,72.17500,69.95000,70.61000,5469600
1536931800,70.80000,71.98000,69.85000,71.12000,4626600
1537191000,70.91000,71.15000,69.28000,69.75000,3945900
1537277400,69.90000,74.25000,69.54000,72.07000,7312100
1537363800,72.25000,72.37000,68.40000,70.61000,6043200
1537450200,71.02000,73.33000,69.54000,72.86000,7309500
1537536600,73.30000,73.79900,72.00000,72.45000,5191200
1537795800,71.68000,73.17000,70.29000,73.07000,3890900
1537882200,73.10000,73.85000,71.65000,73.03000,4249800
1537968600,73.20000,75.30000,73.15000,73.34000,5238100
1538055000,73.75000,75.10000,73.54000,74.74000,2436900
1538141400,74.54000,75.70000,72.68000,73.03000,4791800
1538400600,74.82000,77.56900,74.60000,76.48000,8453100
1538487000,75.02000,76.83000,71.49000,71.64000,8319500
1538573400,72.67000,72.95000,70.20000,72.57000,7931600
1538659800,71.77000,72.04500,66.15000,66.82000,11991600
1538746200,66.60000,69.16000,64.33000,66.94000,8800200
1539005400,65.80000,66.85300,62.51000,65.64000,7327000
1539091800,64.34000,66.36900,63.54000,64.50000,5116600
1539178200,63.97000,63.97000,56.35000,56.45000,13585100
1539264600,55.55000,58.70000,54.80000,56.08000,9105900
1539351000,59.44000,62.12000,58.58000,60.41000,14209200
1539610200,60.20000,62.40000,59.34000,61.69000,7870400
1539696600,62.51000,63.92000,60.21000,63.66000,7637300
1539783000,65.30000,65.30000,60.25000,60.84000,10876700
1539869400,60.32000,60.74000,56.53000,57.01000,8286100
1539955800,59.34000,59.45000,53.81000,54.09000,8762000
1540215000,54.53000,56.16000,53.17000,53.91000,8460400
1540301400,51.45000,54.28900,49.32000,54.09000,9144100
1540387800,54.06000,54.79000,50.56000,50.74000,8157000
1540474200,51.19000,53.42000,51.09200,52.05000,7002300
1540560600,50.67000,54.18000,50.41000,51.82000,9263700
1540819800,53.46000,53.78000,49.28000,50.47000,5794600
1540906200,49.70000,52.80000,49.31000,52.26000,5603700
1540992600,54.00000,56.35600,53.75000,55.60000,5970800
1541079000,57.00000,58.45000,54.16000,57.83000,7179700
1541165400,57.55000,58.70000,56.15000,57.89000,4966500
1541428200,57.96000,58.50000,54.55000,56.85000,5432400
1541514600,56.40000,57.96000,54.55000,55.62000,5364300
1541601000,56.42000,59.18000,55.71000,58.86000,11827600
1541687400,51.09000,51.45900,45.61500,45.74000,34311200
1541773800,45.20000,45.39200,42.71000,43.94000,14422200
1542033000,43.25000,43.69000,40.31000,41.46000,10576000
1542119400,41.60000,43.39000,41.34000,42.44000,7877300
1542205800,43.04000,43.95000,41.70100,43.20000,6572700
1542292200,43.02000,44.83000,42.31000,44.53000,8035400
1542378600,43.64000,45.68000,42.95000,44.58000,5722100
1542637800,44.40000,44.55000,42.11000,42.67000,4324600
1542724200,39.70000,42.55600,38.51000,40.86000,7999000
1542810600,42.02000,42.47800,39.76000,40.25000,5220200
1542983400,39.78000,41.08000,39.72000,39.92000,2417800
1543242600,40.64000,41.42500,39.80000,41.21000,5090800
1543329000,40.89000,41.97000,39.14000,39.22000,6495300
1543415400,39.80000,40.07000,37.51000,38.93000,10524800
1543501800,38.68000,41.44800,37.76000,40.84000,9090600
1543588200,40.65000,41.54000,40.03100,40.75000,3568500
1543847400,43.37000,43.37000,40.85000,42.17000,6457600
1543933800,41.59000,42.48000,39.50000,39.78000,4270900
1544106600,38.47000,40.84000,38.04200,40.82000,4191400
1544193000,40.69000,41.48000,37.80000,37.92000,5017000
1544452200,37.46000,38.40000,36.66600,37.20000,7099200
1544538600,38.03000,38.20000,34.27000,35.81000,13491600
1544625000,35.64000,36.93000,35.02000,35.17000,7913300
1544711400,35.17000,35.78000,33.41000,33.74000,6544900
1544797800,33.11000,34.81000,33.00000,33.42000,4521500
1545057000,33.49000,33.80000,31.73300,32.12000,5649200
1545143400,32.15000,32.77600,31.06000,31.34000,6371600
1545229800,32.03000,32.41000,30.11000,30.61000,5750100
1545316200,30.21000,30.96000,28.52000,29.66000,6234100
1545402600,29.40000,30.08000,27.04000,27.28000,7210300
1545661800,26.62000,28.25000,26.30000,27.17000,4558500
1545834600,28.90000,30.37000,27.06000,30.35000,16972200
1545921000,30.51000,32.17000,28.33000,30.46000,18877200
1546007400,30.80000,31.25000,29.53000,30.16000,11221700
1546266600,30.85000,30.97000,29.77900,30.64000,6875500
1546439400,29.82000,32.69000,29.29000,32.52000,11890300
1546525800,31.87000,32.17700,29.50000,30.10000,14989400
1546612200,30.68000,34.11000,30.51500,33.73000,15505500
1546871400,36.83000,42.98000,36.52000,42.18000,42253700
1546957800,43.98000,44.48000,37.91000,40.88000,44167700
1547044200,40.39000,43.59000,39.65000,42.10000,19848200
1547130600,41.11000,42.71000,40.01000,40.16000,17148800
1547217000,40.15000,40.38900,38.76500,39.57000,12528200
1547476200,38.89000,41.34000,38.60000,39.46000,11192700
1547562600,40.03000,41.27500,39.31100,40.49000,10322200
1547649000,40.68000,41.79000,38.91000,39.89000,10778700
1547735400,39.56000,42.07000,39.26000,41.63000,14000700
1547821800,42.05000,42.84100,40.57000,40.98000,12690900
1548167400,40.21000,41.18000,39.42000,39.91000,6387000
1548253800,40.32000,41.23000,39.78000,40.44000,8159900
1548340200,40.41000,43.52000,40.33100,43.29000,13236100
1548426600,43.50000,44.00000,42.07000,43.69000,11226400
1548685800,42.26000,43.91000,41.27000,43.86000,9188400
1548772200,43.62000,45.95000,42.32000,42.85000,15778800
1548858600,43.51000,44.34000,42.90000,44.13000,7986300
1548945000,43.80000,46.36000,43.63100,44.95000,8078300
1549031400,45.02000,45.70300,44.51000,45.21000,5668600
1549290600,45.24000,50.70000,45.22000,47.43000,28407000
1549377000,48.50000,49.40000,47.17000,48.16000,11813100
1549463400,48.03000,48.99000,47.60000,48.38000,6243400
1549549800,47.66000,47.86000,45.01000,46.86000,10505800
1549636200,46.25000,48.33000,46.01000,48.27000,6471200
1549895400,48.27000,48.38000,45.02000,46.98000,13511000
1549981800,47.35000,49.34000,47.02000,49.21000,9823200
1550068200,49.30000,50.56000,48.90000,50.20000,7000400
1550154600,49.49000,52.00000,49.33000,50.97000,10047600
1550241000,51.72000,52.23000,50.81000,52.08000,7162300
1550586600,52.67000,55.27000,52.27000,53.22000,14485600
1550673000,54.29000,54.49000,52.66000,53.64000,10739900
1550759400,53.80000,53.90000,51.14100,51.48000,16876300
1550845800,55.09000,64.92000,54.50000,64.47000,48341700
1551105000,64.83000,67.43000,63.22000,64.87000,22283400
1551191400,63.65000,66.97000,63.34000,65.08000,12994400
1551277800,65.00000,67.60000,64.66000,67.37000,9676500
1551364200,67.92000,68.00000,65.28000,66.29000,8149100
1551450600,67.18000,69.89000,66.76000,69.08000,10741700
1551709800,69.37000,69.70700,64.63000,67.05000,15844900
1551796200,67.06000,69.49000,65.60000,68.83000,9322900
1551882600,68.59000,72.97000,68.17000,71.89000,15339500
1551969000,71.50000,72.46000,69.53600,70.81000,9990200
1552055400,67.71000,72.21000,66.57000,71.27000,11553300
1552311000,71.04000,74.35000,71.04000,74.12000,9832000
1552397400,72.96000,73.17000,70.53000,70.72000,11693700
1552483800,67.58000,69.72000,60.13000,60.74000,38849900
1552570200,61.74000,63.50000,59.63000,61.82000,23780700
1552656600,62.15000,63.70000,60.40000,62.79000,12736600
1552915800,63.22000,65.34000,62.61000,63.61000,10971800
1553002200,63.83000,65.74000,63.05000,64.92000,10828900
1553088600,64.37000,65.89500,63.37400,64.97000,6443900
1553175000,64.94000,67.99000,64.84000,66.94000,7901800
1553261400,66.38000,67.20000,63.26000,63.91000,8347900
1553520600,63.80000,69.00000,63.60000,66.90000,20747700
1553607000,68.10000,68.46900,63.30000,64.31000,14257200
1553693400,63.91000,64.99000,61.12000,62.18000,9859500
1553779800,62.71000,64.84000,61.65000,64.39000,8091100
1553866200,65.00000,65.35000,63.58000,64.51000,6211800
1554125400,66.20000,69.87000,65.60000,69.11000,14424900
1554211800,68.58000,71.30000,67.25100,70.64000,10053300
1554298200,70.86000,70.91900,68.27000,68.60000,12857500
1554384600,66.92000,67.00000,61.91000,64.49000,25099100
1554471000,64.80000,65.30000,62.56000,63.40000,10717000
1554730200,60.25000,61.15000,58.35000,60.73000,24549400
1554816600,59.98000,61.95000,59.07000,59.32000,13873300
1554903000,59.42000,59.89000,57.31000,58.57000,11912400
1554989400,58.52000,60.31000,58.07000,58.65000,9230400
1555075800,60.05000,60.73000,55.88000,56.50000,13706200
1555335000,56.20000,57.72000,55.91000,56.59000,8860800
1555421400,58.12000,59.26900,57.01000,58.04000,13594900
1555507800,58.50000,59.00000,55.93000,56.60000,10828200
1555594200,55.84000,57.34000,55.02000,56.68000,9480700
1555939800,56.09000,58.28000,55.92000,58.20000,8157600
1556026200,60.00000,62.99000,59.71000,61.53000,16577300
1556112600,61.32000,61.60000,59.66000,60.97000,9040200
1556199000,61.02000,62.46000,60.50000,61.04000,7675900
1556285400,61.12000,63.57000,60.29000,63.44000,11456100
1556544600,63.70000,64.17000,61.85000,63.28000,10486700
1556631000,62.84000,64.61300,62.06000,63.59000,8045400
1556717400,64.40000,65.18000,63.68000,63.69000,6866600
1556803800,63.52000,64.63000,62.34000,64.39000,6196300
1556890200,64.80000,65.04900,63.65000,65.02000,4597700
1557149400,63.05000,66.20000,62.56500,65.75000,8644000
1557235800,66.89000,68.43000,63.63600,64.41000,13991900
1557322200,64.00000,65.80000,63.81000,64.92000,12383200
1557408600,70.00000,83.35000,69.00000,83.17000,56746600
1557495000,82.00000,86.50000,80.87100,82.75000,25933400
1557754200,80.76000,84.90000,78.86000,79.45000,22878300
1557840600,80.66000,83.39000,79.67000,82.83000,10519200
1557927000,82.65000,84.85000,81.59000,83.34000,10503100
1558013400,82.59000,84.40000,80.60600,83.28000,11844100
1558099800,82.50000,87.14000,82.35000,84.03000,16141000
1558359000,83.81000,85.00000,81.23000,83.33000,11115100
1558445400,83.97000,87.65000,83.75000,87.63000,10989400
1558531800,87.79000,89.35000,86.47000,88.02000,10019400
1558618200,87.79000,90.00000,86.62000,89.98000,11658800
1558704600,90.50000,95.95000,90.08000,95.78000,19017200
1559050200,94.15000,95.10000,87.80000,88.83000,21523700
1559136600,90.58000,94.40000,90.20000,91.80000,17458400
1559223000,92.33000,94.96000,90.51000,93.34000,11605400
1559309400,92.00000,93.74000,90.06000,90.40000,10050200
1559568600,90.77000,92.50000,88.92000,89.71000,10553000
1559655000,91.00000,93.72000,90.70000,93.60000,7782700
1559741400,97.30000,102.00000,96.49000,101.71000,23470800
1559827800,101.17000,101.62000,98.38000,100.25000,12868200
1559914200,100.76000,104.03000,100.01000,101.87000,10603900
1560173400,102.38000,103.00000,98.46000,100.61000,10366300
1560259800,100.83000,101.44000,97.71000,100.20000,10283000
1560346200,99.71000,105.33000,99.50000,104.86000,12278600
1560432600,104.85000,105.40000,102.54000,104.97000,7629200
1560519000,104.33000,106.12000,101.98000,102.02000,7326900
1560778200,101.55000,104.33000,101.01000,103.84000,5528300
1560864600,104.75000,104.88000,101.17000,104.39000,6591700
1560951000,104.07000,106.55000,102.73200,106.49000,5663000
1561037400,107.60000,108.32000,104.08000,104.90000,6138900
1561123800,104.40000,104.50000,102.39800,102.57000,4391200
1561383000,102.99000,103.73000,98.68000,100.03000,7786800
1561469400,99.59000,99.75000,92.51000,93.25000,12244300
1561555800,92.27000,95.75000,91.57000,92.30000,8598800
1561642200,92.73000,94.50000,92.45000,93.23000,5476300
1561728600,93.82000,94.86000,90.18700,90.58000,11980700
1561987800,92.35000,94.62300,90.60000,91.37000,5913300
1562074200,88.95000,93.23000,87.34000,93.05000,12853400
1562160600,93.58000,94.50000,91.67100,93.51000,7313700
1562333400,93.17000,98.44400,92.51000,98.11000,12061700
1562592600,97.74000,104.00000,97.31000,103.25000,12268300
1562679000,102.67000,104.44000,100.62000,103.40000,10727300
1562765400,104.28000,105.89000,102.09000,103.50000,8519300
1562851800,103.90000,104.90000,101.56000,104.54000,9091800
1562938200,104.22000,105.45500,102.12000,102.47000,7524200
1563197400,102.50000,104.39000,100.15000,104.34000,6340000
1563283800,104.35000,113.44000,103.85800,111.94000,21356600
1563370200,112.01000,112.79000,108.44000,109.34000,11183900
1563456600,107.10000,110.57000,106.57000,109.02000,9290500
1563543000,109.60000,110.30000,106.52000,106.85000,6736200
1563802200,107.13000,109.23000,105.59000,108.60000,5697700
1563888600,108.89000,110.69000,103.16000,104.92000,9726900
1563975000,104.68000,108.17600,104.11000,107.66000,6138600
1564061400,107.72000,109.51000,106.30000,106.89000,5276800
1564147800,107.38000,111.52700,107.38000,110.45000,6865400
1564407000,110.55000,111.84000,102.22000,105.13000,10855500
1564493400,104.00000,106.74000,102.38000,105.76000,4684800
1564579800,105.76000,107.52000,101.10000,103.33000,5292200
1564666200,103.66000,105.68000,99.00000,100.84500,5478400
1564752600,100.84000,102.90000,99.29000,100.53000,4444500
1565011800,97.87000,102.75000,96.00000,102.57000,7328700
1565098200,103.23000,105.19500,96.16000,98.48000,11136200
1565184600,98.70000,103.84000,98.48000,100.97000,13649100
1565271000,118.70000,123.45000,117.56000,122.03000,27655500
1565357400,121.74000,128.20000,121.53700,125.32000,14591500
1565616600,129.86000,136.55000,129.42999,134.30000,19578800
1565703000,137.20000,142.10001,133.96001,135.33000,20212900
1565789400,132.45000,134.36000,128.75999,130.57001,11600700
1565875800,133.00000,133.94000,128.27000,129.39999,9015800
1565962200,131.00999,131.89999,127.06000,131.03999,6339800
1566221400,132.34000,135.80000,128.39999,134.96001,9339800
1566307800,134.49001,137.96001,133.14999,134.25999,6652600
1566394200,135.12000,140.45000,134.34000,138.58000,8198400
1566480600,138.25000,139.48000,135.85001,139.14000,6595700
1566567000,137.75999,143.36000,136.95000,137.74001,11339300
1566826200,140.08000,145.00000,139.14000,143.00999,11145900
1566912600,144.89000,147.75000,141.21001,147.02000,19421100
1566999000,146.08000,147.42999,143.30000,145.89000,9580200
1567085400,148.00000,150.10001,146.36000,149.88000,10426000
1567171800,150.98000,153.28999,148.28500,151.36000,10520600
1567517400,150.86000,157.22000,150.17999,156.88000,12600800
1567603800,161.49001,169.70000,158.55200,168.91000,28478400
1567690200,167.69000,169.45000,160.28000,166.92999,23405600
1567776600,165.47000,170.97000,164.85001,169.86000,14892300
1568035800,173.60001,176.55000,159.80000,161.03000,23942100
1568122200,157.22000,158.80000,139.53000,144.14000,34820500
1568208600,146.55000,149.94000,141.55499,149.75999,18660100
1568295000,150.00000,152.78999,145.82001,147.78000,14002000
1568381400,146.66000,148.70000,143.08000,147.55000,9256500
1568640600,146.97000,152.85001,146.03000,149.53999,11942200
1568727000,150.25000,152.37000,146.42000,150.52000,11124100
1568813400,143.60001,145.75000,127.79000,129.88000,38063700
1568899800,127.81000,134.88000,127.00000,133.75999,25246400
1568986200,127.39000,127.41400,103.62000,108.05000,64857700
1569245400,108.55000,111.79000,105.68100,107.37000,28234400
1569331800,108.39000,110.38000,98.65100,103.53000,37100500
1569418200,104.92000,107.26000,102.31000,106.30000,20933300
1569504600,106.49000,106.90000,100.45000,103.34000,15992900
1569591000,103.33000,103.74000,98.08000,99.74000,17528300
1569850200,99.40000,103.09000,98.69000,101.76000,13206900
1569936600,101.96000,105.55000,100.40000,102.40000,16558600
1570023000,100.91000,105.08000,99.98000,102.62000,14994800
1570109400,104.01000,109.20000,101.55000,108.84000,22658700
1570195800,109.05000,109.25000,104.27000,106.77000,20896900
1570455000,107.80000,110.62000,104.71000,106.25000,21088500
1570541400,105.43000,109.58000,104.26000,108.00000,13853100
1570627800,112.01000,118.22000,110.69000,117.79000,28238400
1570714200,118.12000,121.70000,115.28000,116.13000,25536400
1570800600,123.92000,124.02100,119.59800,121.60000,23088700
1571059800,120.58000,122.10000,117.80000,119.12000,14342500
1571146200,123.18000,132.95000,122.53000,132.82001,26445100
1571232600,132.83000,134.28000,127.81000,132.50000,22242600
1571319000,131.94000,139.59000,130.14000,139.07001,20024100
1571405400,137.39000,139.07001,124.79000,129.94000,32451800
1571664600,128.75000,135.35001,128.21001,133.03000,16360500
1571751000,132.81000,136.70000,127.02000,129.06000,17052100
1571837400,129.00000,131.87000,127.02000,128.75999,10625600
1571923800,128.33000,131.88000,126.41000,131.22000,10526600
1572010200,129.14999,134.10001,127.30000,133.74001,11485700
1572269400,137.00000,148.17000,136.39999,146.88000,24073200
1572355800,146.10001,149.50999,143.67999,147.24001,16095100
1572442200,147.74001,151.48000,146.84000,149.42999,10916500
1572528600,149.42999,151.30000,143.36000,147.20000,13249300
1572615000,148.44000,148.70000,143.41000,146.50000,10946600
1572877800,147.14999,148.85001,137.45000,140.50999,20088800
1572964200,140.47000,142.64999,136.71001,139.57001,11789400
1573050600,138.64999,143.95000,136.81000,141.05000,21711900
1573137000,118.75000,128.38000,116.26000,118.46000,52683900
1573223400,119.20000,123.56000,118.70000,121.94000,19210200
1573482600,120.80000,129.55000,120.28000,129.21001,20678300
1573569000,130.08000,135.80000,130.07899,135.35001,24287800
1573655400,134.48000,142.45000,133.06000,142.37000,20516300
1573741800,142.00000,150.03999,141.19400,148.70000,26197900
1573828200,151.70000,158.23000,149.80000,157.30000,26578000
1574087400,157.30000,165.10001,153.56000,160.12000,27376900
1574173800,153.45000,158.00000,147.50999,153.91000,31446000
1574260200,152.21001,160.99001,151.17000,158.92999,26596300
1574346600,159.70000,163.33000,154.13000,155.91000,21586300
1574433000,158.60001,160.58000,154.55901,158.75000,14853100
1574692200,160.75999,162.46899,157.50999,158.08000,14364900
1574778600,158.95000,164.42000,157.60001,164.28000,16023300
1574865000,167.05000,168.85001,159.61000,161.64000,19085100
1575037800,160.88000,163.44000,159.30000,160.37000,7526800
1575297000,145.85001,146.67999,132.39999,136.07001,48122400
1575383400,138.06000,145.89000,136.52000,144.63000,27429200
1575469800,149.00000,151.97000,144.05299,150.58000,26243300
1575556200,152.47000,153.35001,147.55000,148.34000,15822900
1575642600,148.60001,149.78999,143.13000,144.25999,15771800
1575901800,143.95000,148.03000,143.61000,145.53999,12513100
1575988200,146.39999,149.27000,145.30000,147.09000,11118800
1576074600,147.98000,148.72000,144.67000,145.70000,9531500
1576161000,144.73000,144.88000,136.81000,139.57001,16718900
1576247400,138.30000,142.84000,132.16000,132.49001,17452600
1576506600,134.00000,138.50999,127.53000,138.35001,19597400
1576593000,136.49001,137.74001,132.80000,135.28000,16008200
1576679400,136.03000,137.59000,133.92999,134.44000,9436000
1576765800,134.39000,141.00000,133.80000,137.73000,13758000
1576852200,140.14200,141.87000,136.35001,136.89000,12703400
1577111400,137.00999,141.25000,136.08000,140.14000,10810500
1577197800,141.30000,146.72099,140.50000,145.57001,11084700
1577370600,146.69000,149.49001,143.82001,144.60001,14660200
1577457000,144.94000,145.10001,139.00000,139.52000,13303200
1577716200,137.50400,138.75000,130.60001,131.60001,14469100
1577802600,128.75000,134.85001,127.22000,133.89999,13763900
1577975400,135.99001,137.33000,133.58000,137.10001,9924400
1578061800,134.50999,138.89000,134.00000,137.50999,8637000
1578321000,136.25999,144.55000,135.75500,143.37000,14422000
1578407400,144.00999,144.23000,137.91000,138.19000,11574700
1578493800,137.11000,137.92999,132.85001,134.64000,11291300
1578580200,135.67000,138.77000,131.24001,133.78999,12630700
1578666600,132.64000,133.00000,128.10001,128.39999,13439800
1578925800,130.23000,135.00000,126.30000,133.92999,18440100
1579012200,134.03999,137.13000,131.12000,133.42000,11144500
1579098600,132.87000,136.06000,132.13000,132.50000,7642700
1579185000,132.87000,134.27000,128.39999,131.07001,11206500
1579271400,131.25000,131.60001,128.38000,130.38000,9173500
1579617000,132.14999,137.50000,131.23000,136.63000,12801100
1579703400,137.52000,140.50000,132.31000,132.42999,11829900
1579789800,132.17999,134.99001,129.55000,134.07001,8818800
1579876200,133.92000,135.66000,128.78999,130.09000,8488100
1580135400,127.53000,128.51700,123.78000,126.21000,9239400
1580221800,127.30000,130.28999,125.01000,129.61000,8173100
1580308200,130.44000,131.80000,128.62000,128.88000,5805200
1580394600,127.56000,130.88000,126.80000,130.64000,4472500
1580481000,129.10001,129.53000,120.35000,120.95000,16948000
1580740200,123.90000,129.48000,123.20000,127.50000,10112900
1580826600,129.10001,132.78999,128.77000,131.03000,7994400
1580913000,133.46001,133.50999,125.02000,125.94000,8797400
1580999400,126.40000,129.02000,124.23300,126.16000,6425800
1581085800,126.30000,127.60100,123.90000,124.25000,5447800
1581345000,124.99000,133.37000,124.80000,132.21001,13483900
1581431400,135.71001,142.45000,134.10001,137.00000,19908000
1581517800,140.28000,141.30000,137.03000,138.28999,12578200
1581604200,139.50000,141.71001,138.36000,139.05000,20641400
1581690600,149.19000,151.20000,127.40000,130.25000,63567800
1582036200,131.66000,133.55000,125.24000,127.15000,19434100
1582122600,129.22000,131.60001,126.40000,126.56000,17247300
1582209000,127.25000,127.79000,121.12000,124.08000,15397000
1582295400,122.95000,123.75000,118.24000,119.38000,12555300
1582554600,110.30000,118.00000,108.05000,116.99000,16435500
1582641000,119.48000,120.49000,113.06000,118.67000,14533000
1582727400,118.29000,119.36000,112.33000,112.71000,9723300
1582813800,106.88000,115.20000,105.56900,110.03000,15852100
1582900200,107.00000,114.12000,106.00000,113.67000,12246900
1583159400,115.49000,116.16000,111.33000,114.67000,9298100
1583245800,113.98000,114.75000,106.42000,108.62000,11612300
1583332200,110.01000,110.45000,105.65300,109.61000,8881200
1583418600,108.20000,110.07700,105.66000,106.44000,8623400
1583505000,104.35000,105.30000,98.60000,102.02000,11841500
1583760600,91.00000,101.95000,90.40000,96.26000,10503200
1583847000,101.06000,101.06000,92.75000,97.30000,9694200
1583933400,96.38000,97.35000,89.15000,90.63000,8737000
1584019800,80.65000,86.64000,78.80000,78.81000,13580500
1584106200,82.71000,83.48000,74.25000,80.95000,11944000
1584365400,74.70000,76.47000,63.59000,63.84000,14455800
1584451800,60.30000,75.79000,58.22000,69.46000,24859200
1584538200,64.78500,74.85000,61.50000,67.50000,19522000
1584624600,69.47000,75.54100,67.22000,74.12000,13199800
1584711000,76.52000,80.08000,73.16000,76.13000,13755000
1584970200,77.37000,90.44000,74.77000,89.46000,18705900
1585056600,96.50000,101.78000,92.10000,97.20000,17774300
1585143000,97.85000,100.00000,88.88000,94.85000,15629700
1585229400,93.20000,96.43700,87.00000,89.75000,15213300
1585315800,87.40000,89.50000,83.13000,87.45000,9820700
1585575000,88.95000,90.85000,86.15000,89.61000,7899500
1585661400,89.16000,94.70000,87.08000,87.48000,9175500
1585747800,84.98000,86.50000,81.64000,82.42000,8694600
1585834200,81.41000,84.62200,80.75000,82.53000,5268800
1585920600,82.28000,83.34000,79.38000,81.46000,4738100
1586179800,83.71000,90.44000,83.50000,89.49000,7148400
1586266200,92.85000,93.68000,86.56000,87.80000,6193000
1586352600,88.90000,92.15000,87.52000,87.81000,6446900
1586439000,90.10000,94.10200,89.13000,92.45000,7271800
1586784600,92.50000,96.80000,91.07000,96.56000,8648400
1586871000,107.99000,108.60000,102.42000,106.53000,22987900
1586957400,102.42000,114.32000,101.97000,113.00000,18210700
1587043800,117.00000,132.39999,115.10000,128.00000,38289500
1587130200,123.68000,128.00999,118.55900,126.80000,20691800
1587389400,127.85000,135.47000,127.35000,130.03999,18823100
1587475800,131.75000,132.74001,118.12000,123.56000,19014500
1587562200,124.43000,125.73200,119.25000,122.19000,12254000
1587648600,123.00000,128.39999,122.21300,123.06000,11360900
1587735000,124.86000,126.02000,121.64000,124.83000,7629100
1587994200,126.30000,130.36000,125.32000,128.63000,6580600
1588080600,126.05000,127.26000,118.51000,119.36000,13001600
1588167000,119.18500,122.86000,116.65000,119.52000,8984900
1588253400,119.16500,124.50000,118.69900,121.23000,8027700
1588339800,119.55000,122.00000,111.36000,114.02000,9717900
1588599000,113.46000,124.33000,112.69000,124.30000,14551600
1588685400,126.30000,126.77000,121.77000,123.49000,9657800
1588771800,123.54000,128.95000,122.51000,127.52000,10567100
1588858200,131.20000,138.78999,130.28000,137.50000,22127800
1588944600,125.57000,133.67000,124.34500,126.66000,29617100
1589203800,125.02000,132.88000,124.60000,132.17999,14463900
1589290200,132.69000,134.98000,126.68000,127.16000,11524300
1589376600,128.28000,128.55000,114.60000,117.56000,18672300
1589463000,117.50000,120.70000,115.06000,116.60000,12161100
1589549400,115.82000,116.79000,112.48000,112.93000,9708500
1589808600,114.53000,120.09000,114.51700,118.45000,9354700
1589895000,118.87000,119.99000,115.03000,116.02000,6676800
1589981400,118.50000,119.92000,114.24900,117.04000,8665600
1590067800,116.36000,116.56000,112.07000,114.70000,7715700
1590154200,111.63000,114.40000,107.62000,108.51000,11992000
1590499800,110.21000,111.66100,107.30000,107.59000,8255900
1590586200,107.34000,109.09000,101.56000,106.56000,7960800
1590672600,105.63000,110.84000,104.88000,109.20000,7467200
1590759000,109.85000,112.12000,107.31000,109.51000,6825200
1591018200,109.16500,114.20000,108.40000,112.95000,6974100
1591104600,113.72000,114.38000,108.87000,110.82000,6357000
1591191000,111.00000,111.35000,103.90000,103.96000,13477500
1591277400,104.00000,107.75000,101.80000,102.93000,11763700
1591363800,103.95000,104.50000,100.19000,104.38000,10496200
1591623000,105.53000,113.02000,103.97000,112.95000,9120400
1591709400,112.44000,115.17000,108.60100,113.25000,9760500
1591795800,114.49000,116.28000,110.22000,113.80000,8123700
1591882200,108.69000,114.92000,106.24000,106.95000,8314000
1591968600,108.81000,110.16000,105.30000,108.07000,7460400
1592227800,107.17000,107.64000,103.94000,107.49000,5933100
1592314200,109.81000,120.85000,107.70000,120.81000,17193400
1592400600,119.48000,123.10000,115.78000,117.32000,14462400
1592487000,117.75000,129.19000,117.73000,127.79000,19343500
1592573400,128.17000,132.17000,124.75000,128.50000,18937200
1592832600,129.50000,134.81000,128.50999,129.78000,13285600
1592919000,131.00000,132.42000,127.32500,127.88000,8997700
1593005400,127.13000,129.92900,120.42000,123.35000,8242100
1593091800,123.00000,125.00000,120.57000,123.60000,4810100
1593178200,124.82000,126.55000,120.26000,122.55000,7984100
1593437400,122.40000,123.20900,112.11000,115.05000,12073800
1593523800,115.10000,117.87000,113.88000,116.53000,5845900
1593610200,117.30000,129.44000,116.35000,128.39000,15001800
1593696600,128.47000,132.50000,125.19500,128.64999,12158100
1594042200,130.86000,135.97000,128.66000,132.03000,10413900
1594128600,131.69000,135.81000,129.39999,130.42000,7458900
1594215000,131.88000,135.14000,130.70000,133.75999,6408100
1594301400,136.50000,149.98000,136.28000,149.69000,25309400
1594387800,147.82001,159.88000,147.25999,153.05000,24628200
1594647000,158.99001,166.18401,147.42000,149.06000,18541500
1594733400,149.50999,156.36400,142.14700,150.36000,12712300
1594819800,150.98000,155.88000,147.59000,154.21001,9203200
1594906200,152.72000,157.28000,149.48000,153.31000,8910200
1594992600,150.99001,153.71001,147.95000,148.36000,6527400
1595251800,148.78000,151.63000,146.58000,150.46001,6177800
1595338200,152.78000,159.06000,150.22000,153.36000,9370200
1595424600,153.53000,156.00000,150.82001,152.17000,3576100
1595511000,152.22000,158.47000,148.03999,150.16000,7138800
1595597400,147.24400,153.10001,145.17000,151.17000,4891500
1595856600,153.34000,156.58000,151.55000,155.97000,5140600
1595943000,154.39000,155.95000,148.50000,148.75000,5496800
1596029400,150.00000,154.42000,149.20000,151.57001,4599200
1596115800,150.16000,154.02000,149.24001,150.35001,3458200
1596202200,153.61000,158.27000,151.12000,154.89000,8076200
1596461400,158.36000,163.42000,156.62000,161.82001,8886600
1596547800,164.23000,168.14999,163.30499,166.44000,8704300
1596634200,164.85001,169.14000,163.75000,165.42000,12315800
1596720600,159.57001,160.50000,150.05000,153.87000,19647000
1596807000,154.45000,164.73000,153.39000,156.39000,15904100
1597066200,157.42000,157.78999,147.55600,150.41000,6280300
1597152600,149.28000,152.25000,143.21001,146.41000,5630800
1597239000,151.45000,153.85001,146.66000,146.98000,10261700
1597325400,148.61900,152.00500,146.81000,149.97000,5544700
1597411800,150.85001,152.50000,146.20000,146.85001,3855000
1597671000,147.77000,148.27000,143.36000,145.71001,4907400
1597757400,147.30000,152.19000,146.50999,149.85001,5945800
1597843800,149.00000,150.89000,146.17300,147.37000,4333700
1597930200,147.31000,151.89000,146.42000,148.89000,4492900
1598016600,148.95000,150.56100,146.60001,147.13000,3544300
1598275800,149.50000,149.70000,145.60001,148.58000,4350900
1598362200,148.00000,148.71500,145.86000,147.77000,3577600
1598448600,151.61000,167.17000,151.13000,164.28000,17714800
1598535000,162.59000,166.14999,157.86000,160.97000,7425000
1598621400,162.00000,177.53999,161.50000,172.85001,26700100
1598880600,172.50999,175.50999,168.06000,173.48000,10227100
1598967000,176.99699,185.44000,176.63000,179.27000,10561500
1599053400,183.75999,183.75999,171.03000,178.32001,8279600
1599139800,172.17999,176.48000,165.08000,166.89999,8175500
1599226200,165.00000,167.42000,150.38000,159.91000,7218600
1599571800,155.08400,170.44000,155.00000,162.63000,11271300
1599658200,166.07001,166.80000,159.08000,161.17999,6125400
1599744600,162.24001,168.60001,158.93300,159.44000,5310800
1599831000,160.75301,161.50000,152.62000,155.46001,5037100
1600090200,157.06000,160.20000,155.39999,157.73000,5009900
1600176600,162.71500,170.44000,161.77000,168.52000,10223600
1600263000,168.00000,174.19000,167.71001,169.99001,8087500
1600349400,165.86000,168.13200,161.36000,164.67000,6320800
1600435800,165.23199,165.78000,157.53999,160.47000,9286700
1600695000,166.05000,189.80000,163.53999,188.82001,35515000
1600781400,187.38000,195.36000,182.50000,193.78999,20693200
1600867800,193.49001,200.73000,185.00000,187.25000,18585100
1600954200,183.57001,184.97000,177.67999,178.27000,10836100
1601040600,182.66701,186.95900,176.63000,182.42999,8288000
1601299800,185.00000,189.00999,181.66000,186.28999,5653600
1601386200,186.20000,190.34000,183.22000,187.87000,6239800
1601472600,187.89000,193.55000,185.85600,188.80000,6796000
1601559000,192.83000,200.47000,192.70000,200.34000,9732100
1601645400,195.37000,203.56000,194.80000,200.00000,7415300
1601904600,201.39000,204.94000,197.95000,204.16000,5171500
1601991000,203.75999,208.96001,202.66000,204.83000,5504900
1602077400,207.95000,214.25999,207.50000,212.55000,5165800
1602163800,221.96001,228.33000,219.33000,223.84000,12767700
1602250200,226.05000,226.83000,221.63000,223.95000,7254500
1602509400,226.20300,227.00000,221.35001,221.67999,5775800
1602595800,221.10001,239.14000,219.02000,238.57500,8305700
1602682200,237.35001,238.33000,228.78999,233.05000,6617800
1602768600,225.00000,230.06599,223.64999,226.47000,4741000
1602855000,227.66000,231.44000,222.19000,222.32001,4017400
1603114200,223.71001,228.62000,220.17999,222.14000,4396200
1603200600,223.63000,224.98000,217.23000,218.39999,3742500
1603287000,218.00000,227.49001,216.27000,222.78000,5073600
1603373400,223.49001,229.45000,218.89999,222.36000,3496600
1603459800,223.30000,224.88000,218.50000,223.96001,2170800
1603719000,223.63000,229.55000,216.74001,218.42000,3136800
1603805400,219.74001,226.50000,217.17999,225.07001,2773400
1603891800,222.00000,224.96001,215.64000,217.39999,2172600
1603978200,219.80000,221.58000,214.63100,217.92999,2383400
1604064600,217.10001,218.13000,200.45000,202.39999,4604600
1604327400,205.66000,212.80000,203.71001,206.88000,3512000
1604413800,208.55000,209.31000,196.52000,203.49001,6691500
1604500200,208.13000,215.72000,205.03999,215.67999,3584200
1604586600,221.97501,226.59000,217.12000,225.06000,7754500
1604673000,235.99001,255.66000,228.89000,253.36000,16526900
1604932200,231.55901,240.88000,220.88000,221.91000,11659300
1605018600,227.84000,228.20000,207.50000,216.98000,7618400
1605105000,220.00999,232.08000,217.69000,231.42999,7433000
1605191400,231.24001,236.64999,227.61000,230.89999,5064900
1605277800,232.59000,236.44000,225.00000,228.10001,4181700
1605537000,222.20000,232.89000,220.60001,232.70000,2971600
1605623400,233.00000,242.46001,232.20000,237.13000,5169400
1605709800,235.88000,239.18900,231.50000,231.99001,2751900
1605796200,236.16000,257.48999,235.60001,255.67000,12022000
1605882600,257.09000,265.97000,254.78999,263.14001,6663400
1606141800,270.00000,279.50000,268.60001,276.57999,7843800
1606228200,279.50000,284.00000,268.14001,273.01001,6320900
1606314600,275.00000,278.78000,270.76999,278.06000,3135200
1606487400,279.70001,280.60001,273.01001,275.34000,2480900
1606746600,275.39001,293.64999,274.28000,293.57001,6194200
1606833000,290.50000,292.81000,279.38000,285.70999,4510300
1606919400,281.44000,284.53201,273.79001,281.32999,3117800
1607005800,281.95999,292.10001,281.54999,289.10001,3190500
1607092200,290.19000,298.13000,286.00000,296.38000,3748600
1607351400,295.64999,302.61801,289.00000,299.98001,3803000
1607437800,299.98001,307.63000,297.25000,306.13000,2605100
1607524200,315.10999,328.73999,303.16000,306.23001,9820700
1607610600,301.00000,322.09000,300.07001,321.98999,4435900
1607697000,321.00000,331.87000,316.89999,330.87000,5441700
1607956200,332.99899,336.17001,319.37000,324.32001,4124700
1608042600,325.41000,331.10001,319.01001,320.14001,3372600
1608129000,321.20001,327.95999,320.26999,325.82001,3349700
1608215400,346.64999,352.12000,326.50000,329.48001,14082100
1608301800,331.98001,343.60001,329.48001,340.70999,6843500
1608561000,344.00000,358.79001,341.54001,354.00000,6435200
1608647400,356.32999,361.68301,344.48199,354.70999,5471000
1608733800,355.00000,361.04001,344.20999,360.56000,3781600
1608820200,360.17200,363.44000,355.13000,356.98999,1846100
1609165800,359.50000,361.00000,339.12000,340.41000,4726500
1609252200,339.95999,344.94000,332.04999,339.57001,3639100
1609338600,339.16699,344.44000,333.50000,338.73999,3215300
1609425000,337.50000,339.91000,330.81799,332.01999,2086400
1609770600,339.98001,340.00000,316.45999,317.89999,4919700
1609857000,320.79999,335.38000,320.50000,335.17999,4506500
1609943400,325.04001,347.95401,320.20999,342.95001,7546900
1610029800,352.01001,379.39001,352.00000,379.29001,8091000
1610116200,391.35001,402.85001,387.17499,399.13000,8410800
1610375400,390.29999,416.22000,390.03000,403.13000,5850700
1610461800,407.89999,419.75000,405.56000,415.29001,4756200
1610548200,419.29999,423.00000,404.50299,408.60001,4036900
1610634600,410.81000,422.51999,410.10901,418.45999,3416900
1610721000,418.00000,425.98999,407.09000,408.29999,3365900
1611066600,420.73001,438.35999,420.09201,434.14001,6043300
1611153000,442.82001,448.17001,425.60501,428.50000,4353000
1611239400,429.31000,431.00000,418.88599,423.64001,3272700
1611325800,422.00000,429.89001,418.32999,422.85001,2989800
1611585000,430.89001,443.85001,415.01001,426.64001,4770300
1611671400,424.98001,429.39001,400.31000,403.39999,4229800
1611757800,394.95001,420.00000,383.60001,402.26001,5698400
1611844200,409.10001,409.11401,392.18399,404.01001,3558800
1611930600,400.20001,406.59000,384.03000,389.03000,3853200
1612189800,395.32999,416.34000,393.19000,416.20001,3774500
1612276200,420.00000,420.57001,409.00000,418.75000,2750400
1612362600,422.49500,432.60999,421.87500,425.07001,2400500
1612449000,427.89001,432.75000,420.99600,432.67999,1887300
1612535400,435.20999,443.20001,430.91199,439.89001,2646200
1612794600,444.01999,449.19501,431.82001,434.63000,3050700
1612881000,436.45999,484.85001,433.53000,467.29999,8053700
1612967400,469.22000,478.64999,449.42001,469.69000,4002500
1613053800,474.39001,479.95001,462.95499,465.69000,2797000
1613140200,463.85001,470.35001,457.06000,468.67001,2115700
1613485800,476.98999,486.72000,466.28000,469.70001,3726500
1613572200,456.22000,457.25000,436.00000,456.97000,3912000
1613658600,448.50000,462.50000,441.76999,452.98999,4890400
1613745000,462.03000,472.82599,442.76999,467.31000,7685500
1614004200,458.77499,483.70001,434.01001,437.28000,7795600
1614090600,413.01001,424.39999,381.03000,415.87000,7254000
1614177000,410.00000,419.99899,400.00000,413.79001,3667300
1614263400,406.23999,418.94199,378.00000,382.34000,5348600
1614349800,391.39999,401.87900,380.66000,395.48001,4452800
1614609000,407.07999,420.50000,397.20001,420.31000,3818100
1614695400,425.98001,429.44000,388.70001,389.67001,6013400
1614781800,395.01001,402.98001,367.89999,369.50000,7048900
1614868200,366.00000,375.56100,345.54001,359.95001,7879900
1614954600,358.50000,361.91000,322.42999,353.54001,7957500
1615213800,347.53000,356.98999,325.00000,327.19000,5336900
1615300200,348.50201,362.85999,340.41000,361.10999,5158300
1615386600,369.07999,376.28000,352.95999,356.54001,4098200
1615473000,370.00000,370.00000,358.94000,363.34000,3578800
1615559400,350.14001,361.48001,346.14001,359.95999,2720100
1615815000,358.98001,363.45001,354.06000,362.92001,2361600
1615901400,364.50000,369.60001,348.53000,353.57999,3192100
1615987800,346.25000,370.98999,341.29001,368.70999,3370500
1616074200,359.03000,361.35001,341.38000,341.95001,3361100
1616160600,342.60001,350.54999,334.04001,347.51001,3549500
1616419800,352.89801,361.32999,350.97501,356.32001,2699800
1616506200,357.12000,363.87000,341.53000,342.23999,3335700
1616592600,344.01001,345.10001,317.04999,318.45001,3670700
1616679000,311.25000,322.67999,307.26001,317.62000,4151200
1616765400,315.64801,318.78400,292.92001,306.82001,5156200
1617024600,303.82001,308.75000,293.60999,300.79001,3522600
1617111000,303.70401,314.81000,296.35999,311.95999,4278900
1617197400,316.00000,329.00000,314.01001,325.76999,3575600
1617283800,337.67001,343.42001,329.10999,331.89999,3507400
1617629400,338.01001,338.01001,322.57999,328.29001,2618500
1617715800,333.85001,363.07999,331.39999,359.37000,7272700
1617802200,355.72000,367.78000,352.01001,361.92001,5346700
1617888600,365.95001,378.00000,365.66000,372.67999,5598100
1617975000,370.00000,375.97601,363.19400,373.66000,3209000
1618234200,371.63000,374.64999,361.69000,371.12000,2348600
1618320600,376.95001,389.60699,374.89999,387.97000,3268900
1618407000,390.82800,397.69000,373.47000,374.66000,3490600
1618493400,381.13000,392.75000,376.25000,388.64001,2986300
1618579800,387.60999,388.39001,375.69000,376.51999,2674100
1618839000,370.26001,378.74500,354.39999,361.14999,2823400
1618925400,360.79001,366.56000,349.19000,354.85001,2396800
1619011800,341.62000,356.96799,336.26999,356.62000,3233700
1619098200,354.54001,367.38000,346.63000,350.06000,3049000
1619184600,355.45999,357.60001,347.66000,356.87000,1920500
1619443800,358.98999,368.98001,347.54001,368.63000,3774300
1619530200,371.00000,376.50000,359.56000,360.64999,2293800
1619616600,359.29999,364.84000,354.70001,357.73999,1443700
1619703000,370.57001,377.50000,353.17001,356.70001,3782000
1619789400,349.41000,352.64999,341.85001,342.97000,3081100
1620048600,346.39301,346.39301,332.03000,335.31000,2342900
1620135000,329.54999,330.39001,310.70999,319.59000,3785200
1620221400,327.45999,328.00000,301.83801,304.17001,3751600
1620307800,298.50000,300.26999,272.41000,284.17999,10479000
1620394200,321.98999,337.23999,313.69000,317.00000,16761100
1620653400,309.26001,316.23999,299.13000,301.41000,8683000
1620739800,289.39999,316.63000,287.65900,314.12000,7499500
1620826200,305.50000,322.63699,305.00000,308.03000,9642400
1620912600,314.54999,323.50000,303.03000,309.60001,6695800
1620999000,314.10001,317.84201,305.50000,315.95001,3587000
1621258200,313.43600,322.60001,305.64999,312.42999,3683800
1621344600,314.20999,332.41000,310.45999,325.53000,5946700
1621431000,318.76999,323.70001,313.04001,320.84000,3154100
1621517400,326.73700,336.92001,323.70001,335.98001,3662800
1621603800,338.00000,339.89001,330.41000,330.64999,2216200
1621863000,333.45499,351.42999,332.56000,347.22000,3463200
1621949400,349.41000,356.70001,344.14301,345.70001,2899100
1622035800,348.88000,352.88000,345.50000,348.98999,1848000
1622122200,348.29999,349.79999,342.73999,349.03000,2330500
1622208600,351.00000,357.39001,346.00000,346.70999,2058800
1622554200,348.97000,352.98999,340.50000,347.70999,2282100
1622640600,347.04999,347.70999,336.16000,340.23999,2940300
1622727000,333.01001,336.98001,323.50000,323.79999,2750700
1622813400,328.54999,333.14700,325.54999,327.12000,2093600
1623072600,327.12000,342.35001,325.29501,341.06000,2676000
1623159000,345.00000,345.76001,332.83200,340.13000,1864500
1623245400,341.91000,346.31000,338.64001,339.64001,1953600
1623331800,339.64001,350.45001,339.10001,347.81000,2288500
1623418200,348.00000,352.73999,343.79999,346.98001,2361100
1623677400,348.07999,368.60300,347.50000,364.85999,4472300
1623763800,362.98999,362.98999,338.04001,339.88000,5900800
1623850200,340.89001,346.12000,327.51999,336.67001,4420600
1623936600,334.07999,353.39999,333.48999,352.29999,3956900
1624023000,349.84000,370.75000,349.84000,368.42999,6206600
1624282200,365.04999,385.79001,363.10001,382.73001,6227000
1624368600,382.59000,405.67999,382.00000,403.50000,6686300
1624455000,406.50101,424.34000,406.50101,421.70001,8639900
1624541400,430.49500,431.78000,419.54999,423.57999,6575100
1624627800,426.17499,431.97501,420.29999,430.94000,5007400
1624887000,437.00000,445.45001,431.29999,440.32999,4472200
1624973400,441.79999,444.69000,435.89999,440.48001,2686500
1625059800,438.10999,462.98999,433.41000,459.25000,6376900
1625146200,455.95999,457.00000,433.66000,435.67001,5270600
1625232600,437.00000,445.88000,428.63101,430.32001,3810000
1625578200,431.45001,438.33499,425.56000,435.17999,2917000
1625664600,439.99701,442.00000,418.55600,419.01001,3413900
1625751000,407.25500,427.07599,405.14999,420.28000,4035900
1625837400,420.01001,433.71500,412.51001,431.60999,3141700
1626096600,437.60001,444.57999,426.63000,433.41000,3178600
1626183000,435.00000,439.29901,424.57999,427.12000,2364700
1626269400,431.52301,433.78500,411.81000,413.00000,3026100
1626355800,414.50000,419.23001,397.25000,406.00000,3345300
1626442200,407.62000,413.78000,397.35999,399.98999,2681000
1626701400,393.67499,407.95999,391.17999,407.70001,2582500
1626787800,409.07001,420.50000,398.50400,417.20001,2766700
1626874200,413.62000,424.94000,412.00000,422.13000,1956400
1626960600,423.88400,430.82001,418.59100,420.64999,1855900
1627047000,426.87000,474.97000,426.87000,473.64999,10787300
1627306200,472.10999,486.32001,468.78000,479.50000,6613500
1627392600,477.20001,490.76099,443.00000,459.37000,10515800
1627479000,467.14600,474.35001,453.01001,468.35001,4684600
1627565400,461.01999,472.00000,448.19000,449.60001,3714600
1627651800,441.17999,449.98001,427.39700,428.31000,3928300
1627911000,432.00000,433.00000,414.76999,421.37000,4885500
1627997400,425.01001,434.48999,411.79999,417.79999,3488500
1628083800,416.01999,422.29999,413.54999,420.32001,4155700
1628170200,382.00000,410.10001,379.00000,403.48001,10605500
1628256600,401.14999,412.00000,390.64999,391.47000,6706000
1628515800,394.01001,405.34000,388.89999,397.73001,3991100
1628602200,399.67001,400.95001,377.50000,379.26001,4170000
1628688600,377.17001,379.67999,361.94000,369.20999,4273600
1628775000,370.98999,375.98001,365.50000,369.51999,3120800
1628861400,369.41000,370.87000,356.70999,357.59000,3112600
1629120600,356.85999,362.98999,344.82999,356.57999,4382800
1629207000,353.70001,366.37000,350.39999,357.04001,4708600
1629293400,357.70001,358.79501,344.50000,344.72000,3070400
1629379800,342.06000,352.00000,340.00000,343.35001,3561700
1629466200,347.17999,351.73001,342.81000,351.20001,2890100
1629725400,356.47699,361.00000,351.75000,358.00000,3404800
1629811800,363.06000,364.23001,352.14001,356.82001,2929400
1629898200,356.35999,359.89001,352.51999,353.47000,2109400
1629984600,352.37000,367.79001,351.19000,352.00000,4381700
1630071000,355.16000,359.94000,352.85999,357.03000,2263800
1630330200,356.73999,361.20001,352.17001,355.89999,1978400
1630416600,356.00000,360.64999,350.25000,352.39999,2850200
1630503000,354.39999,374.73999,353.00000,368.10001,5909700
1630589400,370.39999,371.38901,346.17999,346.48999,6998500
1630675800,333.54501,345.45001,331.00000,342.26999,6882500
1631021400,344.00000,347.72501,338.00000,344.67999,2814800
1631107800,343.26999,343.66199,334.25000,334.64001,3144000
1631194200,334.59000,342.61899,333.92999,338.45999,2800300
1631280600,340.20999,342.04001,328.00000,328.29999,3389400
1631539800,325.75000,326.67001,314.53000,322.82001,4017500
1631626200,323.25000,329.53000,315.76401,316.76001,3524600
1631712600,317.00000,319.55099,311.60999,318.73001,2880500
1631799000,317.44000,323.28000,313.70999,323.09000,3000400
1631885400,323.39001,325.81000,316.97000,324.10001,3800500
1632144600,316.83600,319.32999,309.66800,316.01001,3275400
1632231000,319.85800,328.00000,318.00000,319.00000,3675300
1632317400,319.60400,326.04001,316.70999,324.76999,3006600
1632403800,339.43799,339.60001,330.01001,334.51999,5343700
1632490200,327.00000,328.39001,318.50000,321.89001,3630700
1632749400,320.23300,321.39999,312.81000,321.23999,3315400
1632835800,317.82001,321.17001,306.73001,310.57001,3814800
1632922200,312.95999,317.14499,302.10999,302.92001,3447000
1633008600,306.34000,315.85999,303.51001,313.35001,3806100
1633095000,312.32300,314.64001,306.22000,314.45999,2807100
1633354200,313.32999,313.45999,293.89999,296.85999,4992400
1633440600,299.35999,307.97000,296.00000,304.51001,3730300
1633527000,301.13000,322.98999,300.60999,321.69000,6083800
1633613400,325.85999,328.75000,323.00000,324.47000,3358000
1633699800,326.45999,327.75000,320.01001,323.35999,2222500
1633959000,321.51999,328.23999,319.19000,319.60001,1621400
1634045400,321.10999,324.85001,319.14001,320.00000,1776200
1634131800,321.50000,329.84000,319.54501,329.22000,2854600
1634218200,332.00000,334.10999,328.20999,328.92001,2973900
1634304600,329.29999,330.83200,323.70001,324.38000,3078200
1634563800,323.85001,344.67001,323.05899,344.45999,4557900
1634650200,342.00000,350.60001,339.12000,344.45001,4972500
1634736600,347.64001,349.95999,335.26999,338.92999,3307900
1634823000,335.42801,341.79999,333.35999,333.82999,2550500
1634909400,325.76999,328.41000,313.40100,321.88000,4133900
1635168600,321.95999,327.04999,315.20001,323.19000,2700200
1635255000,327.03000,333.34399,319.85001,324.01001,2768600
1635341400,325.04001,327.53500,315.84500,316.57001,2254400
1635427800,317.31000,323.22000,314.50000,320.56000,1709200
1635514200,318.76999,321.53000,303.64999,304.89999,3655300
1635773400,306.48300,318.43301,303.56201,317.72000,3293100
1635859800,317.50000,317.50000,310.04001,313.41000,1927300
1635946200,314.23001,314.69501,307.09000,313.66000,5500600
1636032600,289.81000,308.81000,285.82001,289.39001,12768900
1636119000,289.01999,290.37000,275.14001,278.62000,5828300
1636381800,279.67001,285.63000,275.54999,277.17001,4701900
1636468200,277.59000,282.66000,275.50000,279.76999,3036700
1636554600,278.95001,283.88000,271.71301,274.60001,3506900
1636641000,275.82001,277.98999,271.34000,271.79001,2282800
1636727400,272.64001,275.79001,268.57999,275.38000,2000500
1636986600,276.03000,279.29999,271.01999,274.79001,2287600
1637073000,274.54999,276.47000,269.28500,276.45999,2963300
1637159400,264.14999,264.19800,243.16000,245.11000,12946600
1637245800,239.38000,245.30000,234.85001,235.85001,5798400
1637332200,240.59000,243.66000,233.86000,234.10001,4513900
1637591400,233.56000,238.27000,223.85001,230.98000,5658800
1637677800,231.81000,233.38000,223.33000,226.06000,3402200
1637764200,225.67999,232.67000,222.32001,231.45000,4213900
1637937000,236.60001,237.00000,228.42000,235.16000,2637200
1638196200,232.77000,235.64999,225.00000,231.28000,3009300
1638282600,233.92999,235.92000,223.28999,227.61000,3291000
1638369000,229.80701,230.69099,207.14999,207.75000,4376400
1638455400,206.73000,213.80000,204.23000,210.25999,3385900
1638541800,210.53300,210.53300,199.14000,205.55000,4164800
1638801000,201.39000,210.33000,196.94000,210.16000,3867300
1638887400,213.28000,220.53999,213.16000,216.60001,4242800
1638973800,235.95500,260.98999,233.60001,256.07999,24838500
1639060200,257.00500,266.04999,234.59000,235.09000,16339100
1639146600,240.00000,245.45000,226.34000,229.25000,6189800
1639405800,228.28999,228.79201,214.11000,221.92000,5540100
1639492200,213.67999,223.78999,211.19501,221.55000,3433100
1639578600,215.64999,217.85001,190.23000,203.94000,20474800
1639665000,210.36700,220.70000,209.50000,219.00999,12324600
1639751400,216.84000,237.17999,208.07001,236.46001,9604400
1640010600,232.25600,238.75000,226.65800,228.06000,5128100
1640097000,230.97000,232.89999,222.33000,231.77000,3744600
1640183400,231.74001,234.92999,223.00000,226.70000,3977300
1640269800,226.95000,234.32001,222.06000,233.52000,2983300
1640615400,233.61600,234.39999,226.69000,227.92999,3166300
1640701800,227.13000,241.00000,227.00000,231.32001,5773700
1640788200,229.30000,230.00000,223.21001,224.80000,3342900
1640874600,225.00000,238.50000,224.92999,236.20000,4739100
1640961000,236.20000,241.45599,227.50999,228.20000,4570400
1641220200,230.63000,238.35500,224.87000,233.19000,4095600
1641306600,233.50000,234.25999,215.58000,222.83000,4064500
1641393000,213.33000,216.24001,195.92000,196.71001,7863000
1641479400,198.82401,203.58000,190.00000,193.83000,5571500
1641565800,189.46001,189.46001,178.61000,180.41000,9217000
1641825000,177.03999,183.72000,173.56000,182.96001,5849800
1641911400,180.64600,189.09000,179.45000,185.70000,3779300
1641997800,188.27000,190.50000,176.70000,177.44000,5235700
1642084200,178.56000,179.71001,167.82100,168.30000,6312100
1642170600,166.27299,170.39999,159.75999,167.48000,6402200
1642516200,166.20000,172.25000,162.00000,166.83000,5141800
1642602600,166.72701,172.72000,162.31000,166.49001,4133500
1642689000,170.30000,179.67999,167.03000,167.36000,7804000
1642775400,160.00000,163.50000,151.53000,152.13000,8167300
1643034600,148.45000,157.52000,139.46899,157.32001,9857000
1643121000,153.50000,158.14000,147.84000,152.19000,4495700
1643207400,156.95700,160.20000,146.26300,147.72000,6742500
1643293800,151.83000,156.41000,146.96001,147.82001,4861900
1643380200,148.09000,152.25999,142.03300,151.23000,4316900
1643639400,153.48000,164.31000,153.11000,164.05000,4636500
1643725800,168.74699,168.74699,160.13000,166.25999,3902400
1643812200,166.96001,166.97000,155.64000,156.89999,3229000
1643898600,152.10001,155.60001,145.17999,145.28000,4514200
1643985000,147.74100,161.21001,146.96100,158.73000,5573400
1644244200,157.57001,163.21001,154.52000,155.77000,3369200
1644330600,154.20000,157.60001,152.50000,155.86000,2876600
1644417000,158.24001,165.50000,157.45000,164.96001,3966700
1644503400,166.32001,177.96001,163.31000,165.64999,7814700
1644589800,165.00000,171.70000,161.66000,163.94000,5120300
1644849000,164.46201,167.53999,158.80200,159.02000,3896600
1644935400,162.64999,168.59500,156.69000,168.14999,3678000
1645021800,164.00000,165.84000,158.80000,161.45000,3710200
1645108200,159.28999,161.56000,143.00000,144.71001,18598700
1645194600,106.11000,116.00000,102.60000,112.46000,66585200
1645540200,113.11000,128.16000,112.01000,121.97000,47017400
1645626600,122.00000,122.89000,117.78100,118.35000,14294200
1645713000,112.66000,135.89999,112.49000,135.10001,16948300
1645799400,134.74001,139.81500,131.30000,139.61000,8167500
1646058600,138.22501,141.92999,136.50000,139.53000,9000800
1646145000,139.03000,141.50000,135.19000,136.62000,5700800
1646231400,137.10001,137.22000,125.66000,132.64999,7599800
1646317800,131.12000,135.88000,126.63800,127.85000,4403300
1646404200,127.50000,129.67000,120.28100,121.50000,5264100
1646663400,123.49000,125.28000,112.16000,112.45000,5615600
1646749800,111.70000,117.79000,104.63000,113.46000,6965900
1646836200,116.57000,120.42000,115.68000,117.55000,4568700
1646922600,116.92000,116.92000,107.52000,110.85000,5586800
1647009000,112.70000,112.87000,103.67000,103.85000,5297700
1647264600,102.31000,105.84000,99.24000,100.69000,4783800
1647351000,100.01000,104.44000,97.91000,101.83000,7157300
1647437400,104.50000,115.05000,103.94000,114.91000,7994800
1647523800,112.69000,119.96000,111.41000,119.88000,5000200
1647610200,119.00000,126.28000,117.50000,124.85000,5484800
1647869400,123.80000,124.69000,117.62000,120.51000,3783500
1647955800,119.57000,127.73000,118.28000,125.54000,4447300
1648042200,124.25000,130.89999,122.50000,125.34000,4031500
1648128600,126.02000,127.41500,121.00000,127.33000,4062700
1648215000,126.91000,127.04000,118.73000,123.75000,5010200
1648474200,124.70000,129.85001,122.44000,128.36000,4269600
1648560600,131.09000,139.58000,129.25000,137.56000,5956700
1648647000,135.16000,136.68700,128.20000,129.95000,5802800
1648733400,131.77000,131.98000,125.14000,125.27000,3915600
1648819800,126.50000,128.53000,122.92000,125.56000,4020800
1649079000,128.98000,135.99001,128.22000,134.59000,7547500
1649165400,133.35001,134.10001,125.43000,127.37000,5036500
1649251800,124.50000,125.37000,115.00000,119.33000,6371000
1649338200,119.49000,121.98000,112.59000,117.17000,4617100
1649424600,116.23000,118.65000,113.50000,114.74000,3774800
1649683800,112.71000,117.43000,109.82000,115.45000,3953700
1649770200,117.23000,120.24000,113.56000,113.58000,3709100
1649856600,113.27500,117.61000,111.67000,116.48000,2881600
1649943000,116.55000,116.55000,111.20000,111.36000,2744900
1650288600,110.70000,111.18000,105.57000,107.91000,3562500
1650375000,109.50000,118.29000,108.48400,116.78000,6657800
1650461400,108.20000,114.00000,106.37000,109.57000,9896700
1650547800,110.40000,112.12000,98.42100,99.55000,7198400
1650634200,100.89000,103.25000,95.23000,97.09000,5627600
1650893400,96.35000,101.90000,95.68000,101.41000,5868700
1650979800,99.06000,99.55500,91.26000,91.76000,6897600
1651066200,87.93000,91.48000,84.29000,84.76000,8733600
1651152600,86.10000,92.29000,83.72000,91.63000,13081100
1651239000,96.84000,101.29000,92.71000,92.90000,17813700
1651498200,92.67000,103.25000,90.36000,103.13000,12622300
1651584600,102.00000,106.74000,100.43000,103.95000,10537700
1651671000,103.90000,110.56000,98.22000,110.01000,8472300
1651757400,108.18000,108.81000,100.57000,102.45000,5764200
1651843800,102.04000,102.10000,93.32000,96.83000,6877100
1652103000,94.37000,96.91000,86.17500,87.77000,7669700
1652189400,90.54500,92.51000,78.09000,83.87000,9081000
1652275800,82.72000,86.39000,78.00000,78.72000,6955100
1652362200,78.46000,90.95000,75.12000,87.50000,10725200
1652448600,89.77000,98.50000,89.77000,97.84000,8909800
1652707800,96.85000,101.55000,93.06000,93.26000,5848500
1652794200,97.00000,98.02000,91.26000,97.66000,4986100
1652880600,95.92000,100.58000,94.06400,94.84000,5511400
1652967000,94.75000,99.11000,92.20000,96.87000,4788000
1653053400,98.99000,99.47000,89.71000,94.20000,5131700
1653312600,95.35000,95.35000,87.87000,91.77000,5083300
1653399000,85.33000,85.50000,75.03000,79.16000,14688300
1653485400,79.98000,85.37000,79.90000,84.79000,6002000
1653571800,83.94000,89.06000,82.71000,88.54000,4914800
1653658200,92.09500,96.76500,90.93000,96.47000,7533500
1654003800,95.36000,97.65000,92.55000,94.90000,4933700
1654090200,95.03000,97.68000,89.72000,90.77000,4740900
1654176600,90.61000,98.24000,89.82000,95.85000,5315800
1654263000,92.55000,93.72000,86.78000,87.28000,6503800
1654522200,88.37000,90.72000,86.91200,89.53000,5241700
1654608600,87.91000,93.59000,85.91000,93.42000,4416600
1654695000,97.89000,105.85000,96.36000,101.88000,27746000
1654781400,100.34000,100.74000,92.28000,92.37000,9817200
1654867800,88.78000,92.15000,82.62000,82.71000,8734300
1655127000,78.74000,80.26900,72.83000,73.25000,7528400
1655213400,76.50000,77.80000,72.63000,74.29000,7285000
1655299800,74.30000,84.80000,74.30000,83.00000,14197200
1655386200,79.22000,81.94000,77.23000,78.58000,8109800
1655472600,80.93000,82.88000,77.52000,82.42000,10714700
1655818200,84.32000,90.21000,84.27000,89.08000,8400900
1655904600,86.50200,95.07000,86.50200,91.19000,10761000
1655991000,91.90500,97.00000,88.87000,96.03000,8268400
1656077400,96.50000,100.59000,95.65000,98.77000,9606800
1656336600,100.00000,101.41500,91.83000,94.75000,7535800
1656423000,93.60000,96.49000,88.35000,89.09000,5555100
1656509400,88.70000,89.09000,85.05000,87.11000,5545700
1656595800,86.26000,86.58000,80.63000,82.14000,6714100
1656682200,82.54000,86.49000,82.14100,83.91000,6160300
1657027800,82.30000,92.13000,79.67000,92.06000,9151700
1657114200,91.70300,92.92000,87.10000,88.53000,6310000
1657200600,87.86000,93.58000,87.52000,93.49000,4935500
1657287000,90.63000,97.70000,90.15000,94.41000,7754600
1657546200,93.21000,93.33000,85.43000,85.86000,6320500
1657632600,87.19000,90.24000,85.06100,87.56000,6187100
1657719000,84.85000,89.87000,84.04000,87.02000,5656900
1657805400,86.40000,87.00000,81.65000,82.34000,6370700
1657891800,83.40000,86.70000,81.76000,85.77000,5614300
1658151000,88.23000,92.25000,87.35000,88.22000,7723100
1658237400,90.05000,90.39000,83.07000,89.87000,9195100
1658323800,90.97000,97.90000,90.31000,96.08000,10095700
1658410200,95.01000,97.93000,94.50000,97.53000,6454000
1658496600,94.96000,96.38000,85.93000,88.84000,11309600
1658755800,88.32000,89.82000,85.90000,86.71000,5209400
1658842200,82.00000,82.01000,77.82000,79.87000,10666400
1658928600,82.95000,88.03500,81.72000,86.92000,7977000
1659015000,85.66000,88.49000,83.81000,85.17000,14719800
1659101400,66.10000,66.46000,62.00000,65.52000,46099700
1659360600,64.82000,72.84000,64.00000,71.69000,26508600
1659447000,70.20500,78.29000,70.10000,75.71000,22348900
1659533400,75.39000,80.54000,73.84000,79.00000,15706800
1659619800,78.87000,85.06000,78.70000,81.28000,13257100
1659706200,79.63000,83.59000,78.32000,82.26000,10196900
1659965400,80.00000,86.49000,79.11000,83.60000,12852200
1660051800,81.64000,82.75500,76.58000,78.10000,9903800
1660138200,80.20000,81.64500,76.93000,81.08000,12093400
1660224600,82.21000,89.54000,80.56000,80.65000,15853300
1660311000,82.67600,84.58300,79.91000,83.81000,11120300
1660570200,83.44000,85.58000,82.51000,84.38000,9070800
1660656600,83.55000,86.35000,80.43200,84.12000,9902200
1660743000,82.37000,82.91200,78.13000,78.42000,10912100
1660829400,78.37000,79.05000,76.66000,77.91000,8965300
1660915800,76.37000,77.14500,73.52000,74.15000,8318000
1661175000,72.40000,73.25000,70.39000,70.99000,6817400
1661261400,71.15000,72.14000,68.18000,68.85000,8370300
1661347800,69.02000,70.91900,68.71000,69.01000,6765200
1661434200,69.90000,73.47000,69.20000,73.43000,7353200
1661520600,73.29000,74.31000,68.21000,68.32000,8022400
1661779800,67.42500,69.93000,66.75000,67.01000,5510300
1661866200,68.57000,69.75000,66.36000,67.01000,6501400
1661952600,68.80000,72.67000,67.60000,68.00000,9306100
1662039000,67.03000,68.36000,64.27000,68.30000,8760500
1662125400,69.00000,69.06000,65.10000,65.99000,8114000
1662471000,65.90000,65.94500,62.15000,63.73000,8643700
1662557400,63.53000,65.66000,62.58000,65.54000,7654500
1662643800,65.01000,69.33000,63.86000,69.27000,8519500
1662730200,70.15000,71.99000,70.10000,71.55000,6968200
1662989400,72.00000,73.48000,71.01100,72.01000,6435900
1663075800,68.80000,69.09000,66.88000,68.05000,7721600
1663162200,68.01000,68.97000,66.10000,68.35000,7294900
1663248600,67.58000,74.98000,67.35000,73.81000,18253100
1663335000,72.06000,73.48000,70.70000,71.35000,10274000
1663594200,71.44000,73.25000,70.16000,73.02000,7100900
1663680600,71.68000,73.78000,68.29000,68.40000,8448600
1663767000,68.58000,69.79000,65.53000,65.62500,8653500
1663853400,65.44000,66.25000,60.74000,60.89000,8705200
1663939800,60.19000,62.62000,58.60000,59.88000,10192500
1664199000,59.88000,62.17000,58.17000,58.18000,7166100
1664285400,59.95000,60.85000,57.75000,58.89000,8125200
1664371800,59.47000,61.53000,59.02000,61.11000,7723900
1664458200,59.54000,60.00000,55.17000,56.78000,10520500
1664544600,56.57000,59.16000,55.95000,56.40000,7878400
1664803800,57.07000,59.88000,55.68300,59.56000,9122900
1664890200,61.05000,63.30000,61.00000,62.40000,7398700
1664976600,60.63000,60.92500,57.65000,59.70000,8719900
1665063000,60.30000,62.43000,58.65000,59.39000,7885900
1665149400,57.80000,57.96700,54.80000,55.08000,8564000
1665408600,54.92000,55.42000,53.04500,53.61000,6114900
1665495000,53.07000,53.35000,50.76200,51.70000,7799100
1665581400,51.88000,53.14000,49.69500,53.06000,11037700
1665667800,50.32000,52.85000,48.53500,51.94000,11481500
1665754200,53.05000,53.92000,49.08000,49.28000,8361300
1666013400,51.48000,53.60000,50.69000,52.56000,9558900
1666099800,54.74000,55.24000,52.03000,53.23000,9162300
1666186200,53.80000,54.26600,50.88000,51.10000,10475100
1666272600,50.85000,53.57000,50.72000,51.88000,7518300
1666359000,50.46000,50.66000,48.45000,50.15000,10201700
1666618200,49.61000,51.29000,47.27000,50.62000,9483200
1666704600,51.00000,55.45000,50.88000,55.34000,7748700
1666791000,53.95000,56.32000,52.56000,52.60000,8036400
1666877400,52.91000,53.57900,51.42000,52.27000,4992500
1666963800,51.75000,54.67500,51.32000,54.55000,6374500
1667223000,56.01000,57.25000,53.84000,55.54000,7712700
1667309400,57.71000,59.12000,56.11000,56.79000,6446200
1667395800,56.28000,58.29000,54.14000,54.32000,15329500
1667482200,44.74500,53.81000,44.50000,51.84000,55794400
1667568600,53.40000,53.60000,47.44000,49.59000,17195000
1667831400,50.32000,50.90000,48.27000,50.37000,7057900
1667917800,50.51000,52.89000,49.34000,51.14000,8123300
1668004200,50.34000,50.50000,47.31000,48.11000,6692600
1668090600,52.04000,55.57000,50.86000,55.51000,9929300
1668177000,53.29000,61.94000,52.91000,61.30000,12304500
1668436200,60.41000,61.35000,58.40000,58.53000,7430100
1668522600,61.27000,61.99000,58.08000,59.07000,6846300
1668609000,58.08000,58.28000,55.47000,56.88000,5636800
1668695400,55.02000,57.08000,54.37000,56.41000,5043200
1668781800,57.76000,57.79300,54.92000,55.65000,3961500
1669041000,55.08000,55.28500,52.69000,53.66000,4533300
1669127400,53.27000,54.47000,52.42600,54.36000,3575200
1669213800,54.85000,57.04000,54.31000,56.51000,4273500
1669386600,56.11000,56.42000,55.17000,56.08000,1701700
1669645800,55.40000,56.35000,53.31000,53.91000,4283800
1669732200,51.40500,55.45000,51.12600,54.18000,14283000
1669818600,54.56000,59.47000,53.67000,59.37000,10260800
1669905000,59.16000,60.50000,57.82000,59.78000,5750800
1669991400,58.21000,60.99000,57.90000,60.73000,5065200
1670250600,60.52000,61.33500,55.77000,56.42000,5710400
1670337000,56.37000,56.37000,51.02000,51.20000,6695600
1670423400,50.77000,52.18000,49.65000,51.22000,6130400
1670509800,51.87000,53.39000,50.40500,50.91000,6330800
1670596200,50.96000,53.74000,50.30000,51.74000,6226100
1670855400,51.43000,51.85000,49.56000,51.54000,6376800
1670941800,54.77000,58.68000,52.17000,52.53000,10181100
1671028200,51.80000,52.66000,50.25000,50.50000,6093800
1671114600,48.96000,49.63000,46.36000,46.58000,7390200
1671201000,46.38000,47.09000,44.97000,45.85000,6484200
1671460200,45.55000,46.03000,43.47000,44.50000,6382200
1671546600,43.77000,44.90000,42.35000,43.00000,7314500
1671633000,43.40000,44.03900,42.42000,42.95000,5117100
1671719400,42.40000,42.50000,40.88000,42.36000,5116600
1671805800,41.98000,42.39000,40.83000,41.35000,4334900
1672151400,40.90500,40.97000,38.71000,39.23000,6119100
1672237800,39.17000,39.89000,38.26000,38.80000,4864500
1672324200,39.72000,41.68000,39.45000,40.56000,6089000
1672410600,39.58000,40.74000,39.05000,40.70000,5135000
1672756200,41.68000,42.37000,39.00000,40.56000,6203000
1672842600,41.43000,43.28000,39.84200,42.35000,8410300
1672929000,43.59000,44.16000,40.93000,42.76000,9568500
1673015400,42.49000,44.46000,41.30000,43.60000,7298600
1673274600,44.62000,46.49000,44.15000,45.19000,6636200
1673361000,44.93000,47.32000,44.80000,47.12000,4810200
1673447400,47.52000,49.00000,46.94500,48.97000,5238400
1673533800,48.10000,49.40500,46.31000,49.15000,8252700
1673620200,48.53000,50.84000,48.13000,50.82000,6694900
1673965800,50.11000,51.22000,49.11000,51.03000,4814400
1674052200,51.93000,52.36000,49.86000,50.24000,4502000
1674138600,49.10000,50.38500,48.77000,49.94000,4063200
1674225000,50.94000,52.59000,50.75000,52.39000,6857500
1674484200,52.73000,55.39000,52.04000,54.64000,6557500
1674570600,53.91000,54.79000,52.48000,52.61000,4855200
1674657000,50.36000,53.30000,49.46000,52.15000,12213400
1674743400,55.28000,55.62000,51.45000,52.58000,8305200
1674829800,52.24500,56.77000,51.95000,56.04000,8294000
1675089000,54.81000,55.97100,53.72000,54.00000,6754500
1675175400,54.65000,58.36000,54.40000,57.50000,11255000
1675261800,57.75000,60.68000,56.34000,60.05000,9855900
1675348200,62.66000,66.86000,62.66000,65.47000,10858100
1675434600,62.41200,66.22000,62.27000,62.84000,5947700
1675693800,61.37000,63.32000,60.82000,62.21000,4063500
1675780200,61.95000,63.42000,59.93000,62.50000,4809600
1675866600,61.25000,62.16000,58.71000,59.10000,5195400
1675953000,60.59000,61.07700,54.89000,54.99000,6597300
1676039400,54.30000,57.60000,54.02000,54.90000,6922600
1676298600,54.88000,56.30000,53.60000,55.36000,4020500
1676385000,54.40000,56.96000,53.63000,56.64000,5202100
1676471400,58.56000,63.75100,58.55000,63.49000,17825600
1676557800,69.12000,76.62000,68.11000,70.57000,43471700
1676644200,73.01000,73.48000,68.42000,71.56000,19891100
1676989800,69.34000,70.95000,64.76000,65.63000,11302200
1677076200,66.10000,69.53000,65.07000,68.84000,10008200
1677162600,69.65000,69.90000,64.67000,66.79000,8009100
1677249000,64.21000,65.17000,62.05000,62.65000,8071100
1677508200,63.30000,63.40000,60.11000,62.35000,9144300
1677594600,62.50000,65.87000,61.76000,64.69000,9219700
1677681000,63.83000,64.85000,62.35000,63.64000,5588200
1677767400,61.90000,64.18000,61.14000,64.03000,5616700
1677853800,64.34000,66.12000,63.55100,65.62000,5544000
1678113000,66.31000,67.89000,63.55000,63.64000,7150100
1678199400,63.66000,65.09000,62.37000,62.40000,5395700
1678285800,62.24000,63.39000,59.80000,63.24000,6676800
1678372200,64.25000,66.42000,60.26000,60.52000,8541200
1678458600,60.14000,61.83000,58.16000,59.99000,8647400
1678714200,57.81000,61.05000,54.50000,59.54000,13179200
1678800600,61.77500,62.98000,60.71000,61.71000,6349600
1678887000,60.57000,62.67000,59.30000,62.34000,6474300
1678973400,62.61000,65.38000,61.37000,65.18000,6358900
1679059800,65.20000,65.48000,62.56000,64.24000,7714500
1679319000,63.85000,64.00000,60.48800,61.82000,7906800
1679405400,62.42000,66.17000,61.95000,65.91000,6536400
1679491800,66.19000,66.79000,62.85000,62.94000,6378200
1679578200,63.36000,66.67100,61.65500,63.20000,7411700
1679664600,62.33300,63.44000,59.68000,60.00000,8080500
1679923800,62.56000,65.88000,61.58000,62.82000,19271500
1680010200,62.55000,63.31000,60.40000,60.60000,6931700
1680096600,61.85000,64.05000,61.10000,63.91000,8241100
1680183000,65.88000,66.97000,60.26000,61.62000,18822200
1680269400,61.88000,65.94000,60.72000,65.82000,14688300
1680528600,64.93000,65.75000,62.61800,65.71000,8476100
1680615000,66.40000,68.35000,64.74200,66.12000,11526000
1680701400,65.10000,65.39000,61.12000,61.27000,9049600
1680787800,60.95000,64.17000,59.46000,64.08000,9170100
1681133400,63.04000,64.45000,61.79000,64.32000,7988400
1681219800,64.32000,64.98000,62.64000,63.97000,5914800
1681306200,65.47000,65.47000,60.42000,60.47000,9041800
1681392600,61.10000,64.12000,61.10000,63.32000,9412100
1681479000,63.13000,63.46000,60.94000,61.72000,6017300
1681738200,61.52000,64.53000,61.07000,64.47000,7952500
1681824600,64.73000,65.10000,63.18000,64.84000,6085100
1681911000,63.50000,63.64000,61.58500,61.74000,6907000
1681997400,61.00000,61.55900,58.85000,58.92000,8540100
1682083800,59.00000,60.65000,57.72000,58.05000,9124700
1682343000,58.25000,60.15000,57.46000,59.06000,8070000
1682429400,59.21000,60.42000,57.32000,57.72000,7424900
1682515800,58.66000,59.60000,56.27300,56.56000,12005600
1682602200,54.82000,58.84000,53.83000,57.01000,15582400
1682688600,56.63000,57.04000,54.80000,56.21000,8415000
1682947800,56.48000,57.38000,55.51000,56.68000,5579400
1683034200,56.30000,56.46000,54.98000,55.35000,6164900
1683120600,55.33000,56.20000,53.47000,53.51000,6965700
1683207000,53.07000,53.59500,52.11000,52.79000,4869500
1683293400,53.70000,55.34000,52.97000,54.97000,4771600
1683552600,54.96000,56.30000,54.02000,55.71000,4447300
1683639000,55.11900,55.85100,54.42000,55.42000,3523800
1683725400,56.86000,57.71000,55.38000,55.93000,4672000
1683811800,56.30000,57.07000,54.68000,56.85000,5217800
1683898200,57.00000,57.00000,52.92000,53.73000,7604800
1684157400,53.71000,54.85000,52.94000,54.02000,4724200
1684243800,53.44000,53.59000,52.10000,52.23000,5157900
1684330200,52.19000,53.62000,51.62000,52.56000,4440200
1684416600,52.70000,54.60000,51.75000,53.81000,5637800
1684503000,53.41000,54.00000,52.53000,52.61000,4505200
1684762200,52.53000,56.65000,52.30000,56.62000,6564200
1684848600,56.26000,58.66000,55.68000,55.88000,6992200
1684935000,55.34000,58.34000,55.12000,58.18000,7028300
1685021400,58.73000,58.93000,54.44000,54.58000,5792500
1685107800,54.36000,56.44800,53.93800,56.05000,3875000
1685453400,57.49000,59.17000,56.42000,57.73000,4142100
1685539800,57.01000,58.31000,56.30000,58.20000,4344700
1685626200,58.17000,59.26900,56.48000,58.55000,3971400
1685712600,60.00000,60.95000,58.85000,60.14000,5143200
1685971800,59.44000,61.67000,59.40000,60.92000,5053400
1686058200,60.13000,63.61000,60.02000,62.98000,6137700
1686144600,65.18000,72.52200,64.75000,68.03000,23389400
1686231000,68.78000,70.97000,68.00000,69.10000,10985200
1686317400,70.72500,74.90900,69.20000,69.48000,12511700
1686576600,69.86000,72.23000,69.28000,71.70000,5987500
1686663000,72.92000,73.96000,71.03000,73.59000,6815400
1686749400,73.47000,75.45000,72.06000,73.37000,7813500
1686835800,72.30000,72.84000,70.45000,71.75000,6649900
1686922200,72.48000,72.92600,69.45000,70.69000,5794400
1687267800,70.17000,70.77000,67.70000,67.96000,5747900
1687354200,67.89000,68.40000,64.29000,64.52000,6059100
1687440600,64.30000,64.87000,62.84900,63.17000,4907100
1687527000,62.40000,63.43000,60.61000,62.57000,7462300
1687786200,62.48000,64.19500,61.53000,62.94000,4676300
1687872600,63.30000,64.33000,62.23000,63.51000,4368300
1687959000,63.40000,65.24000,62.51000,65.22000,4376800
1688045400,64.52000,65.47000,62.66000,63.00000,5538700
1688131800,64.48000,65.81000,63.22000,63.96000,6248800
1688391000,64.20000,67.86000,64.20000,65.34000,4971800
1688563800,65.03000,65.92500,63.75000,65.07000,4848500
1688650200,63.81000,63.97000,60.55000,61.60000,5995700
1688736600,61.85000,64.49000,61.85000,62.83000,5379400
1688995800,63.03000,67.93000,62.49000,67.87000,8227300
1689082200,69.22000,77.36000,68.30000,75.43000,19693100
1689168600,78.03000,79.39000,75.67000,76.32000,11709200
1689255000,77.36000,77.50000,75.16000,76.41000,6031500
1689341400,76.72000,78.86000,73.52000,74.02000,7188200
1689600600,74.27000,76.55000,72.86000,75.84000,6039800
1689687000,75.45000,77.19000,74.95000,75.65000,5569200
1689773400,76.66000,79.18500,75.02000,77.30000,7467000
1689859800,75.35000,75.76000,72.67000,73.59000,7490100
1689946200,74.53000,75.50000,73.36000,73.50000,7194700
1690205400,73.61000,74.20300,71.61000,71.86000,4153800
1690291800,71.99000,72.64000,70.38000,70.40000,4927200
1690378200,70.30000,72.99000,70.00000,71.47000,5801900
1690464600,73.53000,73.80000,67.70000,68.19000,14177700
1690551000,74.97900,89.71000,74.88000,89.61000,61301800
1690810200,91.70000,96.95000,90.99000,96.27000,36249500
1690896600,95.51000,98.44000,93.79000,97.49000,17923400
1690983000,95.18000,96.35000,90.41000,91.25000,12217200
1691069400,88.89000,91.25000,87.90000,88.47000,9213100
1691155800,88.59000,89.15000,85.81000,86.35000,7831800
1691415000,86.90000,88.56000,85.28000,88.40000,6591800
1691501400,86.50000,87.20000,84.41000,86.54000,6004100
1691587800,87.12000,87.47000,81.50000,81.64000,6802400
1691674200,82.67000,83.50000,78.80000,78.83000,7163300
1691760600,78.28000,80.25000,77.90600,79.26000,5076900
1692019800,78.35000,82.29000,78.28000,82.26000,5496900
1692106200,81.50000,84.44000,80.23000,82.69000,7246600
1692192600,82.02000,82.35000,78.66000,80.61000,7040400
1692279000,80.83000,81.10000,77.13000,77.23000,6443000
1692365400,76.00000,80.82000,75.65000,79.30000,7288200
1692624600,79.10000,79.98700,77.35000,78.19000,4347400
1692711000,78.70000,79.48000,76.30000,78.66000,3706900
1692797400,78.52000,80.86000,77.81000,80.27000,4393800
1692883800,80.38000,80.99800,75.12000,76.15000,6365200
1692970200,75.82000,77.90000,75.42000,76.95000,3236900
1693229400,77.67000,77.82000,76.05000,76.73000,2777300
1693315800,76.73000,80.31000,76.18000,80.25000,4602100
1693402200,80.00000,81.19000,78.64000,81.02000,4484200
1693488600,81.35000,82.47000,80.10000,81.20000,4459100
1693575000,81.83000,82.57000,77.80000,81.72000,7170700
1693920600,80.58000,84.16000,80.52000,83.73000,6551100
1694007000,92.89000,95.84000,83.59000,86.19000,31718700
1694093400,84.63000,86.96000,83.04000,83.62000,10411000
1694179800,83.28000,86.45000,82.10000,83.47000,8513700
1694439000,84.58000,88.42000,83.60000,84.25000,8180800
1694525400,83.66000,85.76800,81.23000,81.30000,7552800
1694611800,81.28000,81.70000,78.22000,78.44000,5896700
1694698200,79.14000,79.33000,77.45000,77.80000,5151500
1694784600,77.70000,78.21000,75.68000,76.26000,4941100
1695043800,75.88000,76.02000,74.27000,74.39000,4815700
1695130200,74.09000,74.65100,71.96000,73.81000,6017000
1695216600,74.35000,74.90500,71.46000,71.49000,4165800
1695303000,70.01000,73.33000,70.00000,71.63000,7975600
1695389400,73.00000,73.20000,69.17000,69.27000,5881500
1695648600,68.86000,71.50000,68.16000,68.55000,4967100
1695735000,68.31000,69.20800,67.65000,67.87000,4249300
1695821400,68.23000,69.30000,67.01000,67.64000,3868500
1695907800,68.15000,68.77000,66.66000,68.08000,4473900
1695994200,69.62000,70.93000,68.48400,70.59000,6355800
1696253400,70.21000,71.99000,69.15000,70.50000,4179100
1696339800,69.50000,71.27100,68.20000,68.65000,4571300
1696426200,68.84000,70.45000,67.70000,70.17000,4608900
1696512600,69.51000,70.54000,67.78000,70.04000,4836600
1696599000,68.26000,72.14000,68.22000,71.83000,4698600
1696858200,70.69000,72.04000,69.34100,71.72000,3386000
1696944600,72.00000,75.45000,72.00000,72.93000,4817200
1697031000,72.98000,73.89000,71.21000,71.36000,4158100
1697117400,71.38000,71.46000,67.61000,67.77000,5520800
1697203800,67.33000,67.99000,65.33000,66.07000,4774800
1697463000,66.34000,67.92000,65.25400,67.15000,4419400
1697549400,66.09000,68.89000,66.05000,68.43000,4106700
1697635800,66.60000,66.80000,62.02000,62.10000,10581600
1697722200,64.05000,64.80000,62.12000,62.48000,6142700
1697808600,62.40000,62.63000,59.66000,59.80000,5242400
1698067800,59.58000,62.03500,58.90000,61.18000,6281200
1698154200,61.67000,63.07000,60.62000,61.42000,5607700
1698240600,62.75000,64.24000,58.15500,58.50000,6670900
1698327000,58.25000,58.65500,55.68000,56.41000,6329900
1698413400,56.88000,57.46000,56.00900,56.35000,3997200
1698672600,56.88000,57.25000,55.02000,56.35000,4378200
1698759000,57.27000,59.69000,56.46000,59.57000,7088200
1698845400,59.14000,59.89000,57.32000,59.70000,12571200
1698931800,70.86000,79.12000,69.18000,78.05000,40334800
1699018200,79.45000,86.09000,79.34000,84.75000,28115200
1699281000,84.22000,85.43000,80.92000,83.30000,13716600
1699367400,83.99000,85.38100,82.43000,83.43000,8421000
1699453800,83.44000,83.50000,80.67000,82.84000,6477000
1699540200,83.95000,86.40000,81.17000,81.58000,7504700
1699626600,80.54000,82.84000,79.33000,81.31000,6839900
1699885800,80.74000,84.50700,79.50000,83.97000,7326400
1699972200,87.60000,88.78000,86.82000,88.10000,6963400
1700058600,88.59000,93.20000,87.59000,91.10000,8351100
1700145000,90.14000,90.30000,87.91000,89.50000,4731000
1700231400,89.13000,93.00000,88.08000,92.97000,6481300
1700490600,92.90000,96.48000,92.69000,94.99000,5939200
1700577000,93.76000,94.32000,91.96000,93.60000,4615800
1700663400,94.30000,95.61000,92.55000,94.78000,3930800
1700836200,94.78000,96.00000,93.87000,94.93000,2380600
1701095400,95.95000,103.57000,95.80000,102.98000,16319100
1701181800,102.44000,107.06000,102.23000,106.87000,12162800
1701268200,107.67000,108.39800,105.65000,106.75000,7047900
1701354600,107.67000,107.81000,102.35000,104.20000,7669700
1701441000,103.59000,105.55000,102.71000,103.54000,6262600
1701700200,101.80000,106.65000,101.47000,104.48000,5267100
1701786600,103.35000,105.69000,102.63000,105.19000,3917900
1701873000,106.66000,106.73000,102.07000,102.36000,4281700
1701959400,102.50000,103.71000,100.58000,100.68000,3877000
1702045800,101.00000,104.16000,100.12000,103.36000,4001200
1702305000,103.36000,103.81000,101.53000,102.97000,3249200
1702391400,103.34000,103.60000,100.03000,100.98000,3589900
1702477800,100.88000,102.91400,96.29000,101.68000,7002000
1702564200,103.98000,108.84000,100.95000,102.88000,7486700
1702650600,100.00000,100.18000,95.53500,95.93000,9173700
1702909800,93.30000,96.27600,93.19000,93.49000,6680000
1702996200,94.30000,96.40000,93.77000,94.42000,4833300
1703082600,93.72000,93.98000,88.71200,89.11000,7732200
1703169000,90.73000,92.08000,89.51600,92.04000,5068500
1703255400,92.90000,95.37000,90.05000,91.34000,8522600
1703601000,91.65000,95.39600,91.17000,94.90000,5771700
1703687400,95.20000,96.07000,92.64000,94.23000,5462800
1703773800,93.63000,95.10000,93.11000,94.10000,3780100
1703860200,93.65000,94.00000,91.09000,91.66000,4057300
1704205800,90.55000,90.67000,88.12000,89.00000,4729900
1704292200,87.61000,88.39000,85.87000,86.61000,4499000
1704378600,86.79000,89.79000,85.71000,87.91000,5167400
1704465000,87.00000,91.02000,86.69000,89.29000,5178500
1704724200,89.86000,94.90000,89.86000,93.95000,7044700
1704810600,92.38000,93.45000,90.35500,91.60000,4711900
1704897000,91.59000,91.64000,88.40000,89.69000,5716900
1704983400,89.26000,90.00000,85.57000,86.65000,6816500
1705069800,86.44000,87.35000,85.25000,86.05000,4720300
1705415400,85.07000,87.15000,84.23000,84.79000,4592800
1705501800,83.23000,84.04000,81.80000,84.01000,4642000
1705588200,85.07000,85.26000,82.45000,84.06000,4361000
1705674600,85.77000,87.10000,83.60100,87.07000,5833800
1705933800,88.03000,91.56000,86.66500,88.46000,5885300
1706020200,89.95000,90.99000,88.56000,90.97000,5154400
1706106600,93.26000,94.75800,88.17200,88.23000,6665700
1706193000,89.11000,90.96000,87.95000,88.83000,4380200
1706279400,89.53000,91.58500,88.55000,89.00000,3280500
1706538600,89.16000,93.33000,89.00000,93.27000,4556000
1706625000,92.40000,92.62000,89.87000,90.92000,3722100
1706711400,90.00000,92.26000,88.03000,88.06000,4019100
1706797800,88.91000,90.39000,87.22100,88.65000,2883300
1706884200,89.06000,91.21000,87.90000,91.03000,3622100
1707143400,90.00000,90.52000,86.75400,87.75000,4352600
1707229800,89.01000,93.54000,88.63000,93.48000,6738000
1707316200,93.50000,96.06000,91.87000,94.49000,5037300
1707402600,95.75000,98.54000,93.09000,94.70000,5812300
1707489000,95.45000,96.88000,93.76000,95.80000,3980200
1707748200,96.00000,99.80000,96.00000,98.57000,5782500
1707834600,94.14000,95.88000,87.60000,89.94000,10965600
1707921000,90.76000,91.90000,87.30000,91.24000,6883400
1708007400,91.75000,95.17000,91.07000,94.50000,13249800
1708093800,76.97000,78.61000,71.00000,72.00000,40211800
1708439400,68.03000,68.38000,66.00000,67.25000,19209900
1708525800,66.58000,68.01000,63.57000,63.90000,12774700
1708612200,65.06000,65.30000,62.26000,63.29000,13240500
1708698600,63.19000,65.20000,62.85300,64.48000,8515100
1708957800,64.45000,65.86000,63.63000,64.35000,6193900
1709044200,62.94000,64.09000,61.47500,63.83000,8088300
1709130600,63.00000,64.77000,62.75000,63.71000,5206600
1709217000,64.74000,65.04400,62.81000,63.18000,5618200
1709303400,63.41000,63.82000,62.62000,63.35000,4729700
1709562600,63.20000,63.76900,61.10000,63.02000,6593700
1709649000,62.35000,64.73000,62.04000,62.79000,5956300
1709735400,62.73000,63.29900,61.30000,62.67000,5141300
1709821800,62.75000,63.24500,61.35000,63.07000,4762600
1709908200,63.64000,65.78000,63.34000,64.50000,5397400
1710163800,64.27000,65.55000,63.83000,64.41000,3960500
1710250200,64.55000,65.17300,62.97000,64.13000,3725400
1710336600,63.99000,66.05000,63.75000,64.47000,3290600
1710423000,65.17000,66.75000,63.45800,64.66000,4912500
1710509400,64.42000,65.24000,63.78000,63.99000,3755700
1710768600,64.00000,64.25500,62.82000,63.37000,3746300
1710855000,64.25000,66.12000,63.71000,64.54000,5830800
1710941400,64.18000,65.57000,63.45600,64.95000,4677900
1711027800,65.15000,65.49200,63.82000,63.83000,3915800
1711114200,63.88000,64.30000,62.73700,63.58000,3336300
1711373400,63.97000,64.96000,63.39000,64.64000,2971000
1711459800,65.13000,65.80000,64.03000,64.65000,3197000
1711546200,65.19000,65.61000,64.17000,65.58000,2646000
1711632600,65.86000,66.65000,64.81500,65.17000,3435500
1711978200,65.27000,65.45000,63.25000,64.19000,3664000
1712064600,62.81000,63.17000,61.53000,62.85000,2994800
1712151000,62.25000,62.54000,61.50000,62.22000,3496100
1712237400,62.76000,63.03000,60.19000,60.24000,4081900
1712323800,59.91000,60.60000,58.40000,59.83000,5189300
1712583000,60.00000,61.28000,59.48000,60.85000,2694400
1712669400,61.17000,63.21000,60.88000,62.85000,3937100
1712755800,60.54000,61.56000,60.12000,61.14000,3394200
1712842200,61.60000,61.99000,60.40000,61.95000,2256500
1712928600,60.74000,61.45000,59.77000,59.90000,3032500
1713187800,59.96000,60.38000,58.40000,58.94000,3418300
1713274200,58.62000,58.86500,57.47000,57.82000,3465400
1713360600,58.18000,58.51500,57.43000,57.59000,2856300
1713447000,57.65000,58.92000,57.25000,58.69000,3120700
1713533400,57.54000,58.56000,56.32000,56.90000,3592700
1713792600,57.31000,58.63000,56.16000,58.57000,3926100
1713879000,59.00000,62.44000,58.90000,61.74000,5653800
1713965400,61.71000,62.44000,60.72000,61.83000,3181900
1714051800,59.93000,63.21000,59.66400,62.81000,8516300
1714138200,60.73000,60.74000,56.10000,56.35000,18083800
1714397400,57.18000,59.88600,56.89000,58.66000,8834800
1714483800,60.12000,61.46000,57.62000,57.66000,7035200
1714570200,57.28000,60.58000,57.25000,59.13000,4339500
1714656600,59.25000,59.99000,58.04000,59.94500,2667000
1714743000,61.30000,61.48000,58.70000,59.11000,3904600
1715002200,59.77000,61.17000,59.54800,60.33000,3110300
1715088600,59.99000,60.65000,59.53000,60.14000,2233700
1715175000,59.29000,59.92000,58.77000,59.55000,1921200
1715261400,59.44000,60.47000,58.68000,60.24000,1855400
1715347800,60.13000,60.33000,57.59200,57.91000,3400600
1715607000,58.38000,61.09000,58.36000,60.16000,3744900
1715693400,61.24000,66.58000,61.08000,62.26000,9784700
1715779800,63.88000,64.20000,61.51000,62.27000,3920400
1715866200,61.79000,62.46000,61.09000,61.25000,2638600
1715952600,61.41000,61.65000,60.60000,61.44000,1960100
1716211800,61.18000,61.46000,58.85000,59.27000,4034100
1716298200,58.89000,59.04000,57.86400,57.97000,2713600
1716384600,57.80000,58.98000,57.78000,58.52000,1840700
1716471000,58.19000,58.33000,56.12000,56.20000,3588200
1716557400,56.42000,56.95000,56.26000,56.76000,2035600
1716903000,56.77000,57.12000,55.80000,56.45000,2459400
1716989400,55.64000,56.60000,55.01000,56.48000,2481900
1717075800,56.78000,57.96000,56.10000,57.32000,2495700
1717162200,57.44000,58.47000,56.27500,57.40000,2961000
1717421400,58.50000,59.23600,57.18000,57.94000,3315700
1717507800,57.09000,58.40000,56.75000,57.78000,2093700
1717594200,57.95000,58.25000,57.13000,58.12000,2032900
1717680600,57.66000,58.87000,57.24000,57.97000,2613800
1717767000,57.08000,58.40000,56.83000,57.35000,2722800
1718026200,56.80000,58.04000,56.52000,57.88000,1858000
1718112600,57.63000,58.22000,56.95000,58.17000,2216700
1718199000,59.96000,60.43000,55.98000,56.36000,5177500
1718285400,56.50000,56.55500,53.40000,54.20000,5537500
1718371800,53.53000,54.77000,53.20000,54.51000,3334000
1718631000,54.23000,55.03000,53.71000,53.97000,3067100
1718717400,53.88000,54.35000,52.50000,52.53000,2837000
1718890200,52.30000,53.88000,51.51000,53.67000,3634100
1718976600,53.73000,54.65000,52.82000,54.40000,3167000
1719235800,54.25000,55.16000,53.85500,54.45000,2248900
1719322200,54.30000,54.97000,53.74000,54.64000,1951100
1719408600,54.38000,57.64000,54.21000,57.16000,4402400
1719495000,57.14000,59.51000,56.77000,59.15000,4277500
1719581400,59.56000,60.98000,59.51000,59.93000,4896000
1719840600,60.18000,63.76000,60.05000,62.47000,5564500
1719927000,62.45000,62.73000,60.52000,61.36000,3069400
1720013400,61.87000,62.88000,61.51000,62.29000,2106500
1720186200,62.00000,63.09000,61.16800,62.08000,2917800
1720445400,62.37000,62.55800,60.85000,61.02000,2648600
1720531800,60.88000,63.16000,60.52000,63.11000,3021500
1720618200,63.47000,63.74000,60.73000,61.37000,3710000
1720704600,62.21000,63.50000,60.54000,60.67000,3214100
1720791000,61.10000,62.11000,60.74000,61.32000,2827000
1721050200,61.46000,63.27000,60.25000,62.44000,3701400
1721136600,62.74000,65.11000,62.72000,64.73000,4030100
1721223000,63.88000,66.18000,63.75300,64.77000,4221800
1721309400,64.71000,66.19100,62.27000,62.77000,3600200
1721395800,62.81000,64.25000,62.29700,62.55000,2545100
1721655000,62.97000,62.97000,60.64000,62.05000,2635600
1721741400,61.50000,62.68000,60.61000,62.09000,2292800
1721827800,60.04000,60.05000,55.40000,55.59000,7748000
1721914200,55.51000,58.88000,55.30000,57.45000,3518100
1722000600,58.50000,59.06000,57.42000,59.04000,3006700
1722259800,59.18000,59.72000,58.05000,58.90000,2442900
1722346200,58.35000,59.30000,56.90000,57.44000,2876300
1722432600,57.60000,58.97000,56.94000,58.21000,2828600
1722519000,58.59000,58.68000,54.36000,55.33000,6806700
1722605400,56.90000,57.98000,52.95000,53.14000,7584600
1722864600,49.85000,52.96000,48.33000,51.67000,6725100
1722951000,52.23000,53.82000,51.30000,53.03000,4386500
1723037400,53.68000,56.85000,52.79000,52.84000,5064000
1723123800,53.00500,55.70000,52.80000,55.61000,4041800
1723210200,55.70000,55.77000,54.61000,55.10000,2091100
1723469400,55.32000,55.32000,53.28500,53.52000,2683900
1723555800,54.00000,57.13000,53.84000,56.51000,2898800
1723642200,57.02000,57.24000,55.25000,56.22000,2450300
1723728600,57.16000,61.00000,57.06000,59.27000,3995800
1723815000,58.83000,59.77000,58.49000,58.58000,1968200
1724074200,59.38000,62.28000,58.89000,61.96000,3166200
1724160600,61.78000,62.38500,61.29000,61.99000,2117700
1724247000,62.32000,62.85000,61.24000,62.77000,2202200
1724333400,63.02000,63.36000,61.65000,61.81000,1999500
1724419800,64.39000,70.56000,64.00000,69.14500,10749900
1724679000,69.43000,70.48500,68.30000,69.60000,3866700
1724765400,69.40000,70.68000,68.87600,69.74000,2598500
1724851800,69.28000,69.28000,66.31000,66.85000,3319200
1724938200,67.45000,69.75000,67.36000,68.44000,3398300
1725024600,68.70000,68.83000,63.83000,67.77000,6091000
1725370200,67.64000,67.64000,64.91000,65.22000,2340700
1725456600,64.37000,65.93000,63.28000,63.55000,2276200
1725543000,66.85000,68.40000,65.38700,66.70000,4953600
1725629400,66.81000,67.84000,63.69000,64.37000,3196300
1725888600,64.37000,66.60500,64.15000,65.41000,2507500
1725975000,66.07000,66.19000,64.11000,65.66000,2064500
1726061400,68.11000,70.20000,66.95000,70.15000,4670200
1726147800,74.65000,75.27000,72.46000,74.13000,7541500
1726234200,74.69000,75.45000,73.67000,74.69000,3092200
1726493400,74.23000,74.94000,72.73100,74.37000,2601700
1726579800,75.33000,76.40000,74.42000,74.67000,2773300
1726666200,76.18000,78.69000,76.00000,77.36000,5671900
1726752600,79.47000,79.65000,76.41300,77.45000,4290600
1726839000,76.78000,77.94000,75.60000,76.02000,4063100
1727098200,75.96000,76.31700,73.76000,73.80000,2734600
1727184600,74.11000,76.51000,73.73000,76.36000,3077900
1727271000,75.90000,76.10000,73.58000,74.01000,3146700
1727357400,73.88000,74.48000,71.74000,73.70000,3691900
1727443800,74.40000,76.00000,74.17000,74.41000,2841300
1727703000,75.32000,75.44000,73.72000,74.66000,2372900
1727789400,75.66000,76.61000,73.18000,74.34000,2987000
1727875800,73.84000,74.76000,73.28000,74.18000,2031900
1727962200,73.65000,75.54000,73.34000,75.45000,2021900
1728048600,76.71000,77.30000,74.95000,75.89000,1741500
1728307800,75.97000,77.49000,75.28000,76.35000,2585300
1728394200,75.63000,78.74000,75.63000,78.57000,2535100
1728480600,78.47000,78.70000,76.79500,77.40000,2621200
1728567000,77.37000,78.56000,76.32600,77.37000,2056900
1728653400,77.27000,79.03000,77.24000,78.37000,2212500
1728912600,77.96000,78.14700,76.15500,76.36000,2932500
1728999000,76.27000,79.43000,76.20000,78.93000,3002700
1729085400,79.01000,80.77000,76.53000,77.56000,2893800
1729171800,77.09000,78.30000,76.49800,76.95000,2128400
1729258200,78.61000,80.20000,78.24000,80.07000,2874200
1729517400,79.65000,79.90000,76.42000,77.00000,2997200
1729603800,76.65000,77.26000,76.01000,76.79000,1661600
1729690200,76.33000,76.93000,72.72000,73.50000,3738400
1729776600,74.00000,74.76000,73.55000,74.04000,2287600
1729863000,74.66000,76.23000,74.25000,75.27000,2281500
1730122200,75.93000,77.25000,75.61000,76.05000,2030300
1730208600,76.17000,77.05500,75.06000,76.41000,1956200
1730295000,76.91500,79.29000,76.08000,77.51000,7243000
1730381400,68.00000,68.75000,60.05000,64.08000,21958700
1730467800,63.35000,66.00000,63.00000,65.70000,6782400
1730730600,64.62000,69.82000,64.51100,67.18000,6687400
1730817000,67.23000,71.27000,67.00000,69.67000,5511600
1730903400,71.96000,72.97000,71.11000,72.27000,4065500
1730989800,72.60000,72.89000,70.99000,72.03000,3187200
1731076200,71.49000,74.13800,70.76000,73.82000,4265900
1731335400,74.53000,77.21000,73.85000,77.12000,3474300
1731421800,76.15000,77.74000,75.75000,76.62000,2906100
1731508200,75.78000,78.56800,75.10000,75.21000,2775000
1731594600,75.57000,76.35000,74.20000,74.32000,2269400
1731681000,74.50000,74.50000,68.77000,68.87000,5824100
1731940200,71.28000,74.44000,70.22000,74.03000,4535800
1732026600,72.89000,75.02000,72.18000,73.61000,2853400
1732113000,67.99000,69.85000,65.97000,68.71000,8627000
1732199400,69.52000,69.85300,68.15000,68.68000,2716800
1732285800,68.00000,70.81000,67.77000,69.20000,4142200
1732545000,69.71200,70.12000,68.14000,68.22000,3993700
1732631400,67.70000,68.38000,66.23000,66.31000,3405500
1732717800,66.73000,68.29000,66.49000,67.71000,2894400
1732890600,67.82000,69.05000,67.56000,69.03000,1540100
1733149800,69.65000,77.30000,69.28000,77.05000,8292400
1733236200,76.05000,77.70000,74.29000,75.69000,4171200
1733322600,80.17000,85.95000,79.16000,82.94000,12233300
1733409000,82.81000,83.39000,80.10000,82.03000,4295000
1733495400,83.31000,86.48100,82.67000,84.12000,4228400
1733754600,85.00000,86.75000,81.74000,84.12000,3695500
1733841000,84.09000,85.28000,80.58000,81.82000,2261400
1733927400,82.99000,84.29000,82.27000,82.42000,2469600
1734013800,82.28000,84.26000,81.88000,81.90000,1875100
1734100200,81.66000,83.14000,81.12000,82.99000,2019500
1734359400,82.73000,84.10000,81.02000,83.44000,1919500
1734445800,81.81500,84.40000,81.63000,83.39000,2153300
1734532200,83.00000,84.47000,77.59000,78.49000,3515700
1734618600,79.84000,80.73300,77.33000,78.43000,3108500
1734705000,77.67000,81.84000,77.09000,80.59000,3466600
1734964200,79.86000,80.73000,78.36000,78.80000,2484700
1735050600,78.91000,79.75000,78.37000,79.56000,768300
1735223400,79.08000,80.06000,78.57000,79.48000,1189000
1735309800,79.18000,79.18000,74.71000,77.03000,2286500
1735569000,75.39000,75.80000,73.31000,74.89000,2214100
1735655400,75.21000,75.87000,73.46300,74.34000,1686900
1735828200,75.14000,76.14100,73.58000,74.49000,1935200
1735914600,74.74000,77.50000,73.94500,77.38000,2633300
1736173800,78.33000,81.94000,78.01000,79.91000,2688300
1736260200,84.20000,84.83800,76.80000,77.99000,3435400
1736346600,79.07000,84.92000,78.60000,83.00000,5502000
1736519400,80.84000,81.41300,78.80000,79.19000,3691400
1736778600,77.67000,78.82000,76.30000,76.66000,2486000
1736865000,77.08000,77.49000,74.10000,74.80000,2639900
1736951400,77.18000,78.63000,76.26000,76.53000,2249800
1737037800,76.50000,76.97000,74.91800,75.16000,3027200
1737124200,75.84000,77.22000,75.56000,75.89000,1797900
1737469800,77.65000,81.74000,77.65000,79.74000,4072800
1737556200,80.79000,81.25800,78.80000,79.60000,2576800
1737642600,79.60000,83.85000,78.59200,83.78000,3214300
1737729000,83.62000,84.75000,80.58400,81.29000,2830500
1737988200,78.83000,81.48000,78.28000,80.21000,1856800
1738074600,80.00000,83.06000,79.35000,82.34000,1788600
1738161000,82.44000,83.75000,80.62000,82.58000,1660700
1738247400,82.80000,85.70000,82.80000,85.28000,2330000
1738333800,86.00000,86.41000,82.18000,82.76000,2863700
1738593000,80.33000,82.27000,79.00000,79.10000,3228900
1738679400,79.08000,82.70000,78.87000,80.16000,3266600
1738765800,80.12000,81.71000,79.52000,81.65000,2096900
1738852200,81.16000,82.12000,80.29000,81.08000,1926300
1738938600,80.87000,85.19000,80.87000,85.00000,3208300
1739197800,86.66000,91.61000,84.47000,84.60000,6609600
1739284200,82.75000,83.75000,81.21000,82.75000,3598600
1739370600,81.48000,85.28500,81.25000,84.78000,3203600
1739457000,81.76000,87.06000,81.39000,86.80000,10325900
1739543400,100.79000,104.96000,96.16000,99.07000,18474100
1739889000,99.93000,102.39000,94.44000,95.80000,6062800
1739975400,95.00000,96.35800,92.13000,92.41000,3750200
1740061800,94.22000,95.03000,90.43000,92.79000,3601100
1740148200,93.69000,93.79000,88.20000,88.86000,3413500
1740407400,88.86000,91.83000,86.81000,91.24000,3086000
1740493800,91.41500,91.43000,85.35000,85.76000,4022600
1740580200,85.86000,87.30000,84.20000,85.57000,3522900
1740666600,86.19000,87.00000,81.34000,81.49000,2831500
1740753000,80.70000,83.67000,79.75000,83.51000,3058000
1741012200,84.67000,85.50000,79.45000,80.26000,2450600
1741098600,79.03000,82.07000,76.68000,80.41000,3875900
1741185000,80.41000,85.41000,79.53000,85.07000,4811900
1741271400,83.74000,85.07000,79.29000,79.60000,3854900
1741357800,78.12000,79.35500,72.43100,76.67000,5873200
1741613400,74.27000,74.50000,68.98600,71.15000,5884600
1741699800,70.62000,72.10000,68.34000,69.64000,3353700
1741786200,71.73000,72.68000,70.11000,70.96000,3383900
1741872600,70.56000,71.44000,67.35000,67.63000,3694700
1741959000,68.77000,69.92000,67.55100,67.78000,3060800
1742218200,67.81000,70.61000,67.31000,69.65000,3381200
1742304600,68.79000,68.84000,66.27100,67.36000,3207100
1742391000,69.47000,74.45000,69.29000,72.14000,6799000
1742477400,71.09000,75.10000,71.06700,73.82000,3854700
1742563800,72.25000,78.72000,72.02200,78.29000,5833400
1742823000,80.33000,81.59000,79.35000,81.23000,4181600
1742909400,81.21000,82.34000,79.79100,81.73000,2547400
1742995800,81.12000,82.19000,77.12000,77.87000,2197100
1743082200,78.66000,78.76000,75.51000,76.05000,2113300
1743168600,76.10500,76.69000,72.44000,72.49000,3050400
1743427800,70.06000,71.24000,67.50000,70.44000,3756300
1743514200,70.77000,73.56300,69.60000,70.60000,3020900
1743600600,68.31000,72.67000,68.24000,71.42000,3037700
1743687000,65.32000,65.52000,59.71000,60.26000,7723100
1743773400,57.75000,58.30000,53.24000,55.28000,6957100
1744032600,53.23000,62.49000,52.43000,57.13000,7255300
1744119000,61.50000,62.50000,54.18000,55.10000,5645900
1744205400,54.69000,67.33500,54.50000,63.86000,9985300
1744291800,60.00000,60.90300,56.98000,59.27000,5512200
1744378200,58.81000,60.30000,57.18000,60.22000,5284300
1744637400,61.71000,62.63500,57.95000,59.50000,3515600
1744723800,59.42000,60.28800,58.66000,59.39000,3056500
1744810200,57.88000,59.03000,57.03000,58.40000,2574900
1744896600,58.68000,58.81700,57.37500,58.46000,2585000
1745242200,57.15500,59.26000,57.01000,59.17000,4028100
1745328600,59.41000,60.91000,58.87000,59.23000,3510300
1745415000,62.17000,65.05000,62.13500,62.58000,4293500
1745501400,62.76000,65.00000,62.58000,64.65000,3061700
1745587800,65.00000,66.59000,64.51000,65.71000,2971700
1745847000,65.70000,68.28000,65.21500,68.14000,3564800
1745933400,69.03000,71.16000,68.64000,69.28000,3835600
1746019800,66.45000,68.69500,65.85000,68.18000,4162600
1746106200,70.32000,71.25000,66.93000,67.27000,10330800
1746192600,59.85500,63.67600,58.55000,61.55000,13889400
1746451800,60.68000,61.75000,59.05000,60.42000,5235500
1746538200,59.45000,61.20900,58.77000,60.29000,3572900
1746624600,60.09000,61.04000,59.45000,59.89000,3316000
1746711000,60.67500,62.32000,59.93200,61.36000,3753300
1746797400,61.90500,62.84000,60.43000,60.93000,3095600
1747056600,65.50000,69.39000,65.20000,68.78000,8114000
1747143000,69.21000,72.17000,69.07000,71.40000,4836800
1747229400,71.47000,72.17700,70.12000,71.88000,4563700
1747315800,70.71000,71.14000,69.15000,70.07000,2518100
1747402200,70.29000,71.47000,69.97000,71.37000,2116100
1747661400,69.23000,71.18000,69.11100,70.83000,2454400
1747747800,70.62000,72.26000,69.96000,71.41000,2561500
1747834200,70.22000,71.77000,68.60000,69.56000,3631700
1747920600,69.21000,70.78000,69.15000,69.77000,2729900
1748007000,67.89000,69.05000,67.66800,69.01000,2108600
1748352600,70.11000,72.42000,69.12000,71.98000,3437300
1748439000,72.41000,74.14000,72.19000,73.96000,3143000
1748525400,75.20000,75.25000,72.48500,72.80000,3061700
1748611800,71.50000,72.88000,71.20000,72.46000,9625900
1748871000,71.75000,74.04500,71.61000,73.01000,2500800
1748957400,72.98000,73.97000,71.88000,72.97000,3499900
1749043800,72.88000,74.66000,72.75000,73.69000,3034100
1749130200,73.76000,76.50000,73.65000,74.60000,3850600
1749216600,76.38000,78.73000,74.70000,78.50000,5685200
1749475800,79.41000,79.64000,78.13500,79.59000,2989800
1749562200,79.65500,81.75000,79.36000,79.91000,3886500
1749648600,80.31000,81.84000,79.51000,80.48000,2306200
1749735000,78.98000,79.80000,76.15900,76.75000,3687000
1749821400,74.95000,76.36000,73.91000,74.41000,3220800
1750080600,81.32000,84.38000,79.91000,82.17000,9933100
1750167000,84.29000,85.40000,79.79000,80.63000,5593400
1750253400,80.70000,82.44000,80.13000,81.43000,3096700
1750426200,82.29000,82.62000,80.63000,80.99000,2587400
1750685400,80.61000,80.98000,77.64000,80.90000,4781300
1750771800,80.99000,83.71000,80.62000,83.69000,3838300
1750858200,84.25000,85.30000,83.30000,83.63000,3207200
1750944600,83.72500,86.94000,82.60000,86.50000,3259300
1751031000,87.12000,87.73000,85.13600,86.94000,3631500
1751290200,88.52500,89.06400,87.10000,87.89000,3011100
1751376600,86.74000,89.20000,86.00000,86.20000,3487900
1751463000,86.40000,88.04900,85.51000,86.40000,2833700
1751549400,87.96000,88.99000,86.83000,88.27000,2047200
1751895000,87.15500,88.12000,85.82000,88.06000,2961800
1751981400,88.50000,89.65000,87.33000,88.14000,1831200
1752067800,88.14000,88.95000,87.18000,88.63000,1917500
1752154200,91.00000,91.66000,88.06000,90.25000,3051600
1752240600,89.74000,90.48300,88.56000,88.99000,2254600
1752499800,88.92000,90.76000,88.81000,89.82500,2275800
1752586200,90.15000,91.07000,89.13100,89.28000,2240600
1752672600,88.86000,91.39000,88.61000,90.90000,2744300
1752759000,91.33000,92.37000,90.29500,91.10000,2509600
1752845400,92.21000,93.78000,90.97700,93.29000,2730900
1753104600,94.35000,95.16000,91.31000,91.69000,3867400
1753191000,91.00000,91.04000,88.21000,89.55000,2913700
1753277400,89.22000,90.67000,88.94700,90.25000,2451800
1753363800,90.19000,91.20000,89.62000,90.05000,2766300
1753450200,90.05000,90.61000,89.42000,90.12000,1972600
1753709400,91.18400,94.69000,90.95000,93.65000,4245600
1753795800,93.80500,93.98000,88.69000,90.38000,4261600
1753882200,90.80000,92.71000,90.60000,92.00000,3139200
1753968600,92.58000,95.20000,92.33000,94.16000,8896000
1754055000,85.22000,85.46000,79.05000,79.98000,15378000
1754314200,81.40500,86.48000,81.00000,85.83000,8256100
1754400600,85.18000,85.55000,82.42500,83.64000,5289700
1754487000,83.75000,86.64000,83.00000,84.93000,3852500
1754573400,85.59000,85.91000,81.67000,83.11000,4372900
1754659800,81.91000,83.24000,81.29500,83.21000,3935900
1754919000,83.19000,83.79000,81.18000,81.99000,3240500
1755005400,83.13000,84.47000,82.48000,84.32000,3051400
1755091800,84.66000,88.47000,84.50000,88.09000,4416100
1755178200,87.30000,88.70000,86.25000,87.51000,2955500
1755264600,88.14000,91.63000,87.26000,90.29000,4118000
1755523800,90.54000,92.64000,90.44000,92.33000,3291600
1755610200,92.16000,92.49000,88.65000,88.80000,3431200
1755696600,88.01000,89.05000,86.53500,88.47000,2899100
1755783000,88.14000,91.15000,87.51000,90.61000,3753300
1755869400,90.85000,95.72000,90.00000,94.22000,4123000
1756128600,93.90500,96.25000,93.45500,93.99000,3855100
1756215000,94.28000,95.73000,94.22000,95.56000,2730300
1756301400,95.56000,96.50000,95.50000,96.18000,2163500
1756387800,96.96000,98.06000,96.29000,97.54000,1915000
1756474200,97.48000,98.02000,95.61000,96.56000,2681700
1756819800,94.10000,96.14000,92.76400,95.86000,2816900
1756906200,96.50000,98.89000,96.02000,98.47000,3615100
1756992600,98.64000,99.98000,96.70000,97.15000,3646000
1757079000,98.00000,99.85000,94.88000,95.24000,3245900
1757338200,97.91000,99.99000,96.21000,99.39000,4384700
1757424600,99.35000,101.20000,96.48000,96.99000,4310500
1757511000,97.13000,97.57000,92.94000,94.94000,4174500
1757597400,95.10000,96.85500,94.43000,96.39000,3078000
1757683800,96.31000,97.21000,92.41200,94.52000,3833500
1757943000,94.52000,95.46000,93.27500,93.92000,2997300
1758029400,95.75000,98.43000,95.35000,97.91000,4660500
1758115800,97.40000,99.94000,96.92000,98.34000,3040000
1758202200,99.74000,100.74000,97.87000,99.16000,2310400
1758288600,98.61000,101.94000,98.61000,101.78000,3839000
1758547800,101.26500,103.16000,98.66000,99.05000,3571000
1758634200,99.52000,102.15000,97.66500,99.00000,2763700
1758720600,99.46000,100.19500,97.56000,98.21000,2782300
1758807000,96.73000,98.60000,95.34000,98.01000,2175000
1758893400,97.75000,99.74000,97.32500,99.60000,2270600
1759152600,100.47000,101.17200,99.28000,100.08000,3802500
1759239000,100.26000,101.28000,97.93000,100.13000,2868600
1759325400,99.02000,105.11000,98.85000,103.57000,5191600
1759411800,104.92000,105.45100,103.00000,103.84000,2888200
1759498200,104.23000,104.85000,102.08000,103.85000,2698600
1759757400,104.83500,105.45000,100.65000,104.84000,2629400
1759843800,104.84000,107.25000,101.10000,101.83000,2478000
1759930200,102.02000,102.25000,98.68000,99.93000,2361100
1760016600,100.00000,101.32000,96.88000,97.14000,2875700
1760103000,97.04000,97.57000,91.68500,92.02000,3932000
1760362200,93.99000,95.41600,92.83500,93.83000,1864800
1760448600,92.00000,95.53000,91.09500,94.40000,1956500
1760535000,95.89000,98.94500,94.79600,98.58000,2530000
1760621400,98.91000,99.80000,93.77000,95.33000,2643400
1760707800,94.57000,95.69000,93.32500,94.21000,1972700
1760967000,95.05000,96.93000,94.66000,96.28000,1790000
1761053400,96.15000,99.36000,96.00000,97.49000,2168100
1761139800,97.15000,98.15000,93.18000,96.03000,2816100
1761226200,96.41000,99.10500,95.78100,98.28000,2262900
1761312600,99.80000,100.39000,96.10000,96.29000,2375500
1761571800,97.50500,99.50000,96.12500,98.81000,2004200
1761658200,99.64000,100.10000,98.35500,99.01000,2125400
1761744600,98.22000,99.33000,95.84000,98.61000,2343600
1761831000,96.91000,103.00000,96.91000,100.03000,7151200
1761917400,96.90000,116.66000,96.77000,106.13000,15562700
1762180200,109.46000,111.29000,106.00000,108.63000,5385800
1762266600,105.83000,106.79000,102.57000,106.10000,3529800
1762353000,106.64000,108.79000,104.24000,105.67000,2734400
1762439400,107.59000,108.39000,104.20000,104.82000,3454900
1762525800,102.90000,103.00000,98.71100,102.30000,5236300
1762785000,103.30000,106.61000,100.97000,105.00000,2838800
1762871400,104.56000,107.42000,104.56000,106.79000,2209900
1762957800,107.52000,108.00000,105.46000,105.92000,1863100
1763044200,104.56000,104.76000,97.79000,100.01000,3056100
1763130600,97.06000,102.69500,95.58000,99.77000,2686900
1763389800,99.09000,99.52000,95.96500,96.89000,2465400
1763476200,95.09000,96.45500,92.82300,95.27000,2972200
1763562600,94.84000,95.90000,92.21000,93.10000,2320800
1763649000,95.00000,97.47400,90.61000,90.99000,3343000
1763735400,91.36000,94.53000,90.54500,93.32000,2616900
1763994600,93.04000,94.78000,92.18000,93.58000,2468200
1764081000,93.58000,95.58000,92.56000,94.88000,2559600
1764167400,95.32000,97.64000,95.14000,95.63000,1948100
1764340200,95.70000,96.93000,94.61000,96.79000,1024300
1764599400,95.64000,96.89000,94.20000,96.52000,2156000
1764685800,96.52000,99.10000,95.73000,98.26000,2717900
1764772200,97.35000,97.59000,91.77000,92.98000,4452900
1764858600,93.52000,95.95000,91.65500,94.54000,3435800
1764945000,93.00000,101.29000,92.88000,100.09000,4984500
1765204200,100.87000,102.85000,100.27000,101.70000,2877600
1765290600,101.39000,106.03000,101.23500,105.56000,2935500
1765377000,105.99000,106.10000,102.72500,105.36000,2074900
1765463400,109.45000,112.42000,105.66000,106.30000,5043100
1765549800,108.78000,109.95500,106.42000,107.47000,2990700
1765809000,107.44000,110.11000,107.00000,109.02500,3877100
1765895400,113.39800,113.40000,106.46500,111.09000,5178600
1765981800,111.33000,112.25000,107.39000,107.69000,2910300
1766068200,109.01000,112.69000,108.98000,110.87000,2681200
1766154600,111.46000,112.32000,108.13000,108.82000,3391100
1766413800,109.21000,113.57000,109.09000,109.80000,2472000
1766500200,109.00000,110.80000,107.23000,110.35000,2242500
1766586600,110.21000,111.23000,109.25100,110.68000,904000
1766759400,110.60000,112.73000,109.82500,112.08000,1576900
1767018600,111.40000,111.93000,109.92000,111.24000,2880800
1767105000,111.00000,112.12500,110.30000,110.82000,1313000
1767191400,110.43000,110.72000,108.25000,108.49000,1700300
1767364200,109.15500,111.06000,108.07000,108.72000,1948300
1767623400,111.12000,116.06000,110.91000,114.68000,3503500
1767709800,114.95000,115.22500,111.14000,113.28000,2658700
1767796200,112.85000,113.23000,108.47000,110.30000,2841600
1767882600,112.01000,113.63000,108.40000,108.86000,3376500
1767969000,112.28000,115.00000,110.39700,111.17000,4262000
1768228200,111.22000,116.33000,106.68000,110.72000,4579800
1768314600,110.35000,112.20500,109.00000,110.51000,2437200
1768401000,109.40000,109.66500,105.19800,107.55000,3096900
1768487400,107.56000,108.32000,103.93000,104.97000,3162800
1768573800,105.11000,105.60000,103.27000,103.66000,2231000
1768919400,100.55200,104.89000,100.55200,102.75000,2780200
1769005800,102.75000,104.66000,101.40000,104.26000,2819100
1769092200,105.53000,107.46000,104.84000,107.23000,2612800
1769178600,107.13000,107.62500,103.99900,106.23000,2336800
1769437800,106.24000,107.74000,105.04000,107.00000,1827900
1769524200,107.20000,107.48000,103.64000,104.58000,2163100
1769610600,104.73000,105.14000,100.66000,100.84000,2516600
1769697000,101.37000,101.67000,98.50000,100.46000,2531000
1769783400,99.82500,99.88000,94.56000,95.20000,4560100
1770042600,94.66000,97.84000,94.66000,96.18000,2893100
1770129000,97.79000,97.92000,92.88500,93.88000,4130800
1770215400,93.38000,94.92000,90.23000,92.13000,3764800
1770301800,89.22000,89.79200,82.72000,86.05000,6383500
1770388200,86.67000,89.00000,84.37100,85.85000,4327300
1770647400,87.06000,89.92000,85.93000,88.52000,3176300
1770733800,89.66000,91.84000,88.97500,90.91000,3284900
1770820200,91.09000,91.25000,86.62000,87.89000,3749100
1770906600,87.56000,89.13000,78.53000,82.93000,11347500
1770993000,96.55000,96.55000,86.58000,90.06000,14461000
1771338600,87.76000,90.35000,85.43000,88.58000,5912000
1771425000,89.44000,91.27000,88.08400,90.21000,4130700
1771511400,89.16000,90.93500,88.45000,89.61000,2975000
1771597800,89.06000,90.80000,87.98000,89.06000,2873500
1771857000,88.00000,88.16000,83.46000,84.42000,3311900
1771943400,84.40000,87.77000,84.09000,87.68000,3247800
1772029800,88.03000,92.69000,87.27000,92.28000,4071000
1772116200,92.12000,94.15000,91.31000,93.47000,2847700
1772202600,92.97000,98.46000,92.52000,98.41000,4778500
1772461800,96.56000,98.50000,95.57000,98.09000,2469600
1772548200,95.75500,96.60000,93.70000,94.07000,5016500
1772634600,94.07000,98.95000,93.94000,97.51000,4591800
1772721000,98.15000,101.36000,96.98000,98.11000,3218000
1772807400,96.51000,100.96000,95.23500,100.57000,3992700
1773063000,97.80000,100.25000,94.87500,100.17000,3037500
1773149400,100.17000,102.07000,97.52500,100.55000,3411600
1773235800,100.50000,103.05000,98.89000,100.74000,2629900
1773322200,99.48000,101.95000,94.35000,94.80000,2886900
1773408600,95.08000,96.20000,91.29000,91.65000,2961200
1773667800,92.26000,96.36000,92.00000,95.18000,2174700
1773754200,96.28000,99.20000,95.97000,96.30000,1686400
1773840600,96.06000,97.84400,94.88000,95.66000,2812300
1773927000,94.72000,96.64500,93.72500,95.86000,2317300
1774013400,95.74000,96.01000,91.68000,93.27000,2899600
1774272600,94.65000,98.93000,93.97000,97.81000,2568900
1774359000,96.61000,97.72600,94.44000,95.59000,2143200
1774445400,97.42000,99.22000,93.31000,95.06000,1930900
1774531800,92.93000,95.83000,88.24500,89.03000,3424600
1774618200,87.71000,88.23500,84.90000,87.15000,2150400
1774877400,88.67000,89.76000,87.26500,88.23000,2104400
1774963800,89.55000,95.82000,89.55000,94.62000,2796400
1775050200,96.02000,97.28000,94.22000,94.90000,1874400
1775136600,91.60000,98.85000,90.23000,97.66000,2755200
1775482200,98.54000,99.93800,97.28000,98.20000,1944500
1775568600,96.99000,100.23000,96.57000,98.53000,2396900
1775655000,105.00000,105.73000,100.30500,100.99000,2967900
1775741400,100.73000,101.36000,98.00000,100.04000,1916100
1775827800,100.88000,102.93000,97.68000,102.47000,2252200
1776087000,102.40000,103.84800,100.11000,103.32000,2428000
1776173400,104.20000,107.72300,104.13000,106.54000,2558900
1776259800,107.00000,109.88000,106.67000,109.33000,2233700
1776346200,110.17000,111.93000,108.60000,111.87000,2948100
1776432600,113.00000,116.80500,112.33000,116.19000,3105900
1776691800,115.55000,118.84000,114.33000,118.73000,2324900
1776778200,119.83000,120.00000,113.46000,114.11000,2810100
1776864600,116.36000,118.41000,115.37500,118.34000,2540000
1776951000,118.12000,118.73000,112.93000,114.96000,2281000
1777037400,116.50000,116.50000,113.21000,115.22000,2236300
1777296600,115.49000,116.71500,112.58500,114.38000,2227200
1777383000,114.00000,114.54000,110.81000,112.28000,1923100
1777469400,112.47000,113.39000,111.21000,112.62000,1577000
1777555800,113.01000,118.28000,110.10000,116.56000,6452300
1777642200,125.49500,127.00000,115.00000,123.58000,8103800
1777901400,124.00000,127.90000,122.35000,126.02000,3723300
1777987800,127.00000,127.57000,123.93000,124.41000,2826600
1778074200,125.69000,128.53000,123.75000,127.98000,2506000
1778160600,128.14999,129.85001,125.82000,126.67000,2060700
1778247000,128.00999,130.72000,124.76000,129.53000,2049900
1778506200,129.98000,131.39000,127.51000,128.07001,2259100
1778592600,128.02000,128.02000,125.25000,127.63000,2156000
1778679000,128.33000,128.38000,124.55000,125.68000,2571400
1778765400,126.21000,128.00000,124.26100,125.85000,1922900
1778851800,122.56000,125.65000,121.80000,124.02000,1903000
1779111000,124.18000,127.28000,123.50000,124.15000,1972000
1779197400,123.60000,124.40000,119.59000,120.58000,2425000
1779283800,121.33000,125.03000,120.21000,124.16000,1907900
1779370200,123.46500,127.76000,122.28000,125.08000,1089200
1779456600,125.16000,127.88000,125.08500,125.55000,1595400
1779802200,127.00000,129.14999,125.28000,127.61000,1536400
1779888600,128.19000,132.80000,127.65000,131.91000,2452600
1779975000,131.89500,132.00000,128.12000,131.09000,1535900
1780061400,131.09000,133.46001,129.88000,130.17999,2235400
1780320600,130.17999,131.00000,126.97000,129.03000,1902300
1780407000,127.26000,128.62000,124.56000,127.12000,1621900
1780493400,125.73000,126.99000,119.49000,122.20000,2360200
1780579800,124.74000,128.85500,122.86000,125.59000,1931400
1780666200,124.27000,127.45500,120.66000,122.26000,2021900
1780925400,125.85000,126.10500,122.58000,123.57000,3621700
1781011800,125.42000,127.15000,118.03000,120.91000,3313900
1781098200,118.44000,121.12000,116.53000,116.94000,2356300
1781184600,117.13000,120.10500,115.00000,119.64000,2414700
1781271000,124.81000,148.88000,119.66000,143.66000,15006600
1781530200,143.89999,145.88000,139.64000,140.89999,27132700
1781616600,138.25000,140.55000,137.92000,137.95000,15208900
1781703000,138.10001,140.32001,137.17000,137.28999,11526100
1781789400,137.57001,139.70000,137.14000,138.07001,24917000
1782135000,137.72000,138.25000,135.03999,135.20000,8328400
1782221400,135.14000,136.24001,134.89999,135.05499,6717900
1782307800,135.49001,137.39000,134.89500,135.92999,5927000
1782394200,135.80000,136.29500,134.46001,134.73000,7353300
1782480600,134.58501,136.48000,134.36000,135.39999,9730300
1782739800,137.00000,137.49800,135.48000,136.53000,3426800
1782826200,135.75000,138.58000,135.75000,138.14000,3714300
1782912600,138.88000,141.80000,138.88000,140.50999,5078700
1782999000,140.52499,142.67000,140.32001,142.42999,6746200
1783344600,142.33000,142.99001,141.33000,142.25999,2444500
1783431000,141.75999,142.94000,141.13000,141.21001,2680700
1783517400,141.00000,141.38000,139.19000,139.25000,3707700
1783603800,139.00000,140.63000,138.81000,140.25999,2594500
1783690200,140.59000,141.99001,140.37000,140.69000,1883000
1783949400,140.00999,142.87000,140.00999,142.34000,2889700
1784035800,141.70500,142.17999,141.11400,141.75999,1924000
1784122200,142.34000,143.56000,141.82001,143.32001,3228400
1784208600,143.28999,144.20000,143.00000,143.82001,2521700
1784295000,143.07001,144.71001,143.07001,144.42999,2865300
1784554200,144.95799,145.75000,143.97000,144.13000,1966000
1784640600,144.20000,144.69000,143.74001,144.27000,1491000
1784727000,143.85001,144.39000,143.08000,143.08000,1818900
1784813400,142.15500,143.00000,141.25000,141.67000,1985000
1784899800,141.80000,142.83000,141.75000,141.97000,2321800
1785159000,142.11000,144.07001,141.67000,142.92000,3014400
1785245400,142.62000,144.49001,142.62000,143.91000,2296600
1785331800,143.74001,145.67999,143.74001,145.33000,3052200
1785418200,145.00999,145.52000,144.28999,145.09000,3538100
1785504600,145.00000,145.58000,144.84000,145.00999,2931500
1785763800,145.84900,147.12000,145.72000,145.84000,3244100
1785850200,145.50000,147.38000,145.20300,147.33000,4102900
1785936600,147.88901,147.94000,146.17999,146.96001,3855400
1786023000,148.32001,150.61000,148.00000,150.07001,3841100
1786109400,151.95000,153.53999,151.14000,153.11000,2849600
1786368600,152.53999,152.84000,151.32001,151.84000,2820200
1786455000,151.86000,152.24001,150.64000,150.91000,1887400
1786541400,150.78000,151.87000,150.45000,151.78999,2060000
1786627800,151.50000,154.12000,151.50000,154.08000,1602300
1786714200,155.48000,157.86000,155.23000,157.67999,1923800
1786973400,157.11000,158.50999,157.11000,158.31000,2745200
1787059800,157.48500,159.69000,157.00000,157.78000,2268100
1787146200,157.86000,158.10001,156.45000,156.80000,1195500
1787232600,156.72000,157.80000,156.67999,157.12000,2204300
1787319000,157.41000,158.69000,156.98500,157.49001,1342900
1787578200,157.25999,158.61000,157.25999,158.17999,1526100
1787664600,158.00000,159.89000,157.92000,159.75999,1765300
1787751000,159.67999,159.78500,158.56000,158.60001,2696800
1787837400,158.30000,158.67500,156.14999,156.25000,2720400
1787923800,156.62500,158.41000,156.49001,157.67500,1957900
