time,open,high,low,close,tick_volume
1472477400,177.67000,178.67000,177.64999,178.57001,284500
1472563800,178.73000,179.17000,178.21001,178.80000,387300
1472650200,178.46001,178.77000,176.73000,177.55000,584300
1472736600,177.12000,180.87000,176.92999,180.71001,560700
1472823000,181.08000,182.24001,180.71001,182.14999,383300
1473168600,182.20000,182.20000,179.50999,180.42000,546400
1473255000,180.09000,180.33000,179.02000,179.71001,390500
1473341400,179.64000,181.50999,178.91000,180.21001,539100
1473427800,178.75000,179.28999,176.06000,176.06000,516500
1473687000,175.27000,180.03000,174.45000,179.80000,462300
1473773400,178.58000,178.95000,177.28000,177.58000,432900
1473859800,177.36000,178.61000,175.48000,176.25999,378400
1473946200,175.81000,178.50000,175.49001,178.19000,375000
1474032600,177.53999,177.55000,175.39000,177.19000,601500
1474291800,177.88000,178.42999,176.27000,176.70000,261300
1474378200,177.83000,177.83000,175.98000,175.99001,569700
1474464600,176.12000,178.24001,176.09000,178.05000,289300
1474551000,178.31000,182.35001,178.31000,182.13000,457000
1474637400,182.20000,182.21001,180.10001,180.10001,278900
1474896600,179.61000,179.61000,178.03999,178.35001,319900
1474983000,178.25999,179.78000,177.38000,179.58000,392300
1475069400,179.92999,183.03000,179.89000,182.84000,463500
1475155800,181.92000,183.12000,180.55000,181.30000,566600
1475242200,182.42000,183.49001,180.88000,182.47000,539200
1475501400,181.16000,183.00000,181.00999,182.09000,327300
1475587800,182.28000,182.69000,180.75000,181.95000,524500
1475674200,181.48000,182.95000,181.31000,182.31000,312000
1475760600,181.72000,181.78999,179.78000,181.31000,419900
1475847000,181.19000,181.19000,178.81000,179.88000,419800
1476106200,180.60001,181.23000,179.00000,179.39999,223800
1476192600,179.23000,179.23000,175.28999,176.86000,644400
1476279000,176.52000,177.27000,175.86000,176.37000,327900
1476365400,174.86000,175.02000,173.58000,173.88000,375800
1476451800,173.87000,175.59000,172.92000,172.94000,483400
1476711000,172.69000,172.92000,171.32001,171.42999,450500
1476797400,172.56000,172.61000,170.42000,172.52000,531500
1476883800,172.86000,174.70000,172.17000,174.56000,438000
1476970200,174.48000,174.61000,172.62000,173.17999,401100
1477056600,171.47000,172.92999,170.39999,172.39999,352000
1477315800,173.71001,174.87000,171.47000,171.50999,365400
1477402200,171.47000,172.36000,170.45000,171.34000,471900
1477488600,171.13000,171.25999,169.44000,169.73000,758300
1477575000,170.30000,170.52000,167.75000,168.48000,678200
1477661400,168.98000,169.44000,167.50000,167.91000,851900
1477920600,168.56000,174.88000,168.56000,173.31000,2106900
1478007000,172.87000,174.78999,171.27000,171.58000,2830100
1478093400,171.67999,171.97000,169.96001,170.07001,724200
1478179800,170.47000,171.31000,169.67000,170.36000,439000
1478266200,170.81000,171.32001,169.42000,169.47000,1033700
1478529000,171.32001,173.03999,171.27000,172.85001,550000
1478615400,173.12000,174.89000,172.14000,174.03999,756800
1478701800,173.25999,177.23000,171.57001,176.95000,970000
1478788200,177.09000,180.50000,176.60001,179.81000,1157500
1478874600,179.57001,180.31000,178.00999,178.95000,713700
1479133800,179.06000,180.25000,178.96001,179.58000,729500
1479220200,179.45000,181.78000,178.19000,181.64999,832900
1479306600,181.38000,181.71001,180.02000,181.28000,611100
1479393000,181.49001,182.25000,180.75000,181.42000,956000
1479479400,181.10001,181.86000,179.96001,180.12000,318400
1479738600,181.14999,182.03999,180.78000,182.03999,573900
1479825000,182.70000,183.87000,181.78000,183.78999,581700
1479911400,183.25000,184.42999,183.25000,184.20000,377700
1480084200,184.22000,184.60001,182.20000,183.13000,172100
1480343400,182.80000,183.35001,181.16000,182.08000,415000
1480429800,181.63000,182.20000,180.98000,181.10001,293200
1480516200,181.69000,182.31000,180.94000,181.11000,740700
1480602600,181.41000,182.64000,181.23000,181.83000,668200
1480689000,181.66000,182.69000,181.32001,182.32001,518300
1480948200,183.17000,184.92999,181.16000,181.64000,569400
1481034600,183.78000,185.36000,182.00999,183.05000,924300
1481121000,183.72000,183.95000,182.78999,183.50999,962100
1481207400,182.63000,183.77000,182.63000,183.28999,1462500
1481293800,183.12000,185.92999,182.96001,185.80000,792900
1481553000,185.72000,185.81000,184.13000,184.89000,401000
1481639400,186.00000,189.44000,185.50999,188.03999,1369800
1481725800,187.74001,188.82001,186.33000,186.66000,868500
1481812200,186.10001,187.19000,185.25999,186.97000,699200
1481898600,187.75000,188.47000,184.82001,185.00000,1113700
1482157800,185.09000,185.85001,183.86000,184.42999,410000
1482244200,185.33000,186.89000,184.92000,186.33000,395500
1482330600,186.28000,186.63000,185.78999,185.81000,376400
1482417000,186.00000,186.38000,184.70000,186.00999,486500
1482503400,186.42999,186.59000,185.62000,185.92999,190000
1482849000,185.86000,187.05000,185.86000,186.20000,264800
1482935400,186.46001,187.03000,183.74001,183.81000,312900
1483021800,184.11000,185.33000,182.64000,183.13000,376300
1483108200,184.09000,184.14000,182.03000,183.08000,372300
1483453800,184.82001,185.71001,183.74001,184.92999,421400
1483540200,185.31000,186.42999,184.45000,185.28999,436900
1483626600,184.67999,186.99001,184.30000,185.27000,342700
1483713000,187.14999,189.19000,186.42000,187.87000,647800
1483972200,188.03999,188.03999,185.97000,186.31000,285300
1484058600,185.63000,186.42999,184.55000,186.00000,500700
1484145000,185.71001,189.78999,185.06000,188.97000,670500
1484231400,188.75999,188.75999,185.63000,187.66000,446300
1484317800,189.50999,190.00999,188.12000,188.50000,622500
1484663400,188.05000,188.39000,185.42999,186.02000,381800
1484749800,186.72000,189.09000,185.33000,186.91000,709600
1484836200,187.64999,188.22000,185.10001,185.42000,341500
1484922600,186.12000,186.87000,185.11000,186.22000,464100
1485181800,185.85001,186.71001,185.12000,186.36000,669000
1485268200,186.70000,188.48000,186.00999,187.88000,491200
1485354600,188.55000,190.89999,188.20000,190.58000,602600
1485441000,191.00999,191.94000,189.50000,190.44000,457100
1485527400,191.12000,191.12000,189.52000,190.75000,289900
1485786600,190.11000,190.48000,188.36000,190.39999,436200
1485873000,190.16000,191.94000,189.58000,191.85001,739700
1485959400,192.07001,192.75000,190.45000,191.36000,493000
1486045800,190.36000,191.89999,189.74001,191.75999,352100
1486132200,192.21001,192.92000,191.44000,192.86000,566100
1486391400,192.28999,192.99001,191.32001,192.70000,376500
1486477800,193.27000,193.34000,191.67000,192.35001,428000
1486564200,192.49001,193.11000,191.22000,193.00999,483600
1486650600,195.08000,205.69000,194.03000,202.20000,1325000
1486737000,203.50000,205.78000,203.00999,204.56000,849200
1486996200,205.91000,207.38000,204.63000,205.74001,573500
1487082600,205.49001,206.69000,204.96001,205.37000,461500
1487169000,204.21001,207.60001,203.84000,206.74001,413400
1487255400,206.95000,207.13000,204.47000,206.81000,497700
1487341800,206.49001,207.22000,205.28000,207.14000,1076800
1487687400,207.62000,207.87000,205.97000,207.38000,497000
1487773800,206.64999,208.97000,206.64999,207.87000,402300
1487860200,209.83000,210.17000,207.33000,209.45000,557100
1487946600,209.22000,210.00000,208.46001,209.91000,624900
1488205800,209.83000,210.56000,208.73000,210.03999,845000
1488292200,210.03999,211.99001,208.34000,209.20000,645300
1488378600,211.67999,213.33000,210.67000,212.96001,506000
1488465000,212.83000,213.39000,211.59000,212.78000,342400
1488551400,211.42999,213.05000,211.27000,212.85001,290900
1488810600,211.92999,213.24001,211.23000,212.33000,281900
1488897000,211.86000,212.96001,211.32001,211.75000,598300
1488983400,211.20000,211.87000,210.05000,210.28000,637300
1489069800,210.52000,211.69000,210.12000,210.62000,443700
1489156200,210.83000,212.55000,209.77000,211.37000,369200
1489411800,211.00999,211.74001,210.09000,211.16000,699300
1489498200,210.49001,211.53999,209.89000,211.30000,453300
1489584600,211.50000,214.41000,211.14000,213.92999,526600
1489671000,213.67999,214.44000,210.72000,210.95000,627600
1489757400,211.16000,211.67000,209.99001,210.94000,742000
1490016600,211.06000,211.33000,210.02000,210.23000,279000
1490103000,211.21001,211.21001,207.98000,208.00000,491800
1490189400,208.67000,209.53000,207.44000,208.69000,340700
1490275800,208.83000,209.03000,207.00999,207.46001,673400
1490362200,206.50999,207.74001,205.58000,206.50000,607700
1490621400,204.44000,205.39000,203.50000,204.99001,706700
1490707800,204.42999,208.70000,204.30000,207.36000,491700
1490794200,206.89000,208.19000,206.64999,207.53000,315500
1490880600,207.28999,209.00999,207.20000,208.92999,396800
1490967000,208.25000,209.08000,206.45000,206.49001,729700
1491226200,207.13000,207.13000,204.62000,206.05000,608800
1491312600,206.32001,207.10001,205.46001,206.83000,372400
1491399000,207.17999,209.45000,206.44000,207.08000,653000
1491485400,207.23000,208.75000,205.72000,208.11000,428200
1491571800,208.02000,208.84000,206.97000,208.21001,416400
1491831000,208.21001,210.64999,207.64000,208.89999,352400
1491917400,207.85001,209.38000,204.99001,206.95000,514400
1492003800,205.80000,206.74001,204.88000,205.47000,397000
1492090200,204.81000,206.38000,204.77000,205.00999,300400
1492435800,205.89999,207.44000,205.20000,207.44000,368700
1492522200,206.64999,207.75000,206.64999,207.14000,357500
1492608600,208.33000,208.58000,206.16000,206.60001,416300
1492695000,207.39999,209.80000,206.99001,208.84000,262100
1492781400,209.31000,210.37000,208.55000,209.75000,495900
1493040600,212.00000,214.25000,212.00000,213.73000,744800
1493127000,214.49001,217.14000,214.00000,216.36000,613500
1493213400,216.06000,216.99001,214.98000,215.39000,579600
1493299800,215.72000,217.88000,215.00000,217.63000,709700
1493386200,218.00000,225.57001,217.58000,218.70000,1041700
1493645400,218.73000,219.57001,216.25000,216.78000,494100
1493731800,217.50999,218.39000,216.25000,217.23000,556400
1493818200,216.39999,217.11000,215.16000,216.75000,458500
1493904600,217.07001,218.45000,216.50000,218.22000,499500
1493991000,218.71001,220.92999,217.89000,220.89999,530300
1494250200,220.52000,222.07001,220.38000,220.89000,434800
1494336600,221.07001,222.39000,221.02000,221.89999,353200
1494423000,221.72000,222.89000,220.81000,222.62000,405700
1494509400,221.92000,222.94000,220.50999,222.78999,375100
1494595800,221.86000,222.70000,220.71001,221.48000,474500
1494855000,221.63000,222.85001,221.45000,222.39999,552100
1494941400,222.85001,224.32001,221.80000,224.19000,349800
1495027800,224.19000,224.19000,219.71001,219.71001,514100
1495114200,219.85001,220.41000,216.80000,219.35001,544700
1495200600,219.82001,222.59000,219.41000,221.57001,421600
1495459800,222.49001,223.66000,221.57001,223.46001,404200
1495546200,223.87000,225.39999,222.87000,224.81000,334900
1495632600,224.80000,225.80000,224.12000,225.17999,263700
1495719000,226.00000,227.45000,225.49001,226.75000,262100
1495805400,225.97000,228.03999,225.77000,227.08000,319500
1496151000,226.22000,228.21001,226.02000,227.70000,289900
1496237400,228.59000,230.12000,227.20000,227.20000,858000
1496323800,228.16000,230.47000,227.00999,229.67000,434500
1496410200,230.34000,232.87000,230.05000,231.20000,384500
1496669400,230.83000,231.67999,230.28000,230.36000,397400
1496755800,230.00000,230.00000,228.28000,228.36000,414700
1496842200,228.83000,230.20000,227.88000,228.88000,329700
1496928600,228.88000,229.61000,226.82001,228.45000,509100
1497015000,228.64999,230.14999,227.22000,228.84000,432300
1497274200,229.19000,229.62000,227.14000,227.14000,474500
1497360600,227.34000,228.61000,226.64000,228.42999,351900
1497447000,229.28000,229.41000,227.77000,228.84000,304500
1497533400,227.36000,230.94000,226.89999,230.73000,401900
1497619800,231.38000,233.10001,230.06000,232.20000,697600
1497879000,232.60001,235.50000,232.33000,235.25000,434200
1497965400,234.41000,235.14000,232.47000,232.95000,280100
1498051800,232.89000,233.24001,231.00000,232.67000,391700
1498138200,232.58000,233.78999,232.25000,232.41000,274400
1498224600,232.77000,233.25000,231.14999,231.50999,1180500
1498483800,232.55000,233.66000,231.46001,232.59000,370200
1498570200,232.17000,232.85001,229.95000,230.12000,229000
1498656600,231.45000,233.19000,230.75999,232.30000,296400
1498743000,232.14000,232.53000,228.39999,229.91000,434000
1498829400,230.61000,232.62000,230.39999,231.53000,315900
1499088600,233.08000,233.81000,230.92999,232.34000,179900
1499261400,232.64999,236.50999,231.67000,235.27000,395800
1499347800,234.63000,235.70000,232.48000,233.14999,511200
1499434200,233.45000,236.17000,233.45000,234.45000,312700
1499693400,233.69000,237.19000,233.64999,234.74001,443600
1499779800,234.71001,235.89000,233.30000,235.27000,358500
1499866200,236.81000,238.49001,236.50000,237.66000,394600
1499952600,237.53999,237.53999,235.50000,236.39999,402200
1500039000,236.84000,238.17000,234.66000,235.81000,461400
1500298200,235.62000,236.75999,234.83000,236.53999,218000
1500384600,235.89000,236.14999,233.45000,233.95000,378100
1500471000,234.20000,236.14000,232.78999,236.06000,402600
1500557400,236.22000,236.47000,234.45000,234.85001,262900
1500643800,233.28000,234.87000,231.55000,234.77000,285900
1500903000,234.87000,236.07001,233.99001,235.02000,256700
1500989400,235.89000,236.48000,232.92999,233.42000,288900
1501075800,233.89999,234.83000,233.22000,233.75999,255700
1501162200,234.33000,234.42999,230.75999,231.96001,305300
1501248600,231.89000,232.62000,228.83000,232.34000,474000
1501507800,226.81000,233.89999,226.81000,232.46001,732200
1501594200,233.67999,236.91000,232.32001,236.47000,522700
1501680600,236.25000,237.12000,234.82001,235.75999,490700
1501767000,235.89999,236.71001,233.60001,236.39000,311100
1501853400,236.84000,237.83000,236.03999,236.66000,260800
1502112600,236.36000,236.91000,234.73000,236.46001,226900
1502199000,235.89000,237.20000,235.52000,235.98000,263000
1502285400,236.03000,236.03000,234.00000,234.50999,205400
1502371800,233.67999,234.00999,229.12000,229.16000,602600
1502458200,230.25000,230.62000,228.75000,229.53999,388200
1502717400,231.19000,234.34000,229.69000,233.96001,449400
1502803800,234.03000,235.39999,231.67000,233.33000,354800
1502890200,233.59000,234.27000,232.39999,233.10001,376100
1502976600,232.72000,232.78000,229.30000,229.30000,290000
1503063000,228.85001,229.45000,227.50999,228.20000,404200
1503322200,228.25000,229.07001,227.31000,227.78999,323000
1503408600,228.46001,232.96001,228.46001,232.50000,325600
1503495000,230.67999,231.72000,229.99001,231.03999,315900
1503581400,231.56000,232.25999,228.66000,229.03000,282400
1503667800,229.59000,231.28999,229.59000,230.75999,247200
1503927000,231.41000,231.92999,229.82001,230.00000,346200
1504013400,229.00000,229.77000,227.92999,229.47000,282500
1504099800,229.62000,231.72000,229.21001,231.63000,349100
1504186200,232.25999,232.37000,230.12000,230.66000,425900
1504272600,231.20000,231.70000,229.42999,230.09000,293900
1504618200,228.72000,229.91000,227.46001,229.00999,320500
1504704600,229.99001,230.41000,228.67999,229.59000,298900
1504791000,229.63000,230.74001,228.07001,229.96001,267300
1504877400,229.58000,234.55000,229.14000,234.38000,348100
1505136600,235.60001,237.24001,234.41000,236.82001,297700
1505223000,237.23000,238.41000,236.38000,237.37000,152100
1505309400,237.14999,237.24001,234.78000,235.58000,271400
1505395800,235.07001,236.50000,234.91000,236.41000,241400
1505482200,235.78999,238.10001,235.28000,237.83000,409100
1505741400,238.45000,239.34000,237.02000,237.81000,375800
1505827800,237.85001,239.27000,236.99001,238.60001,241700
1505914200,241.64999,247.30000,240.19000,246.22000,801700
1506000600,246.14999,247.49001,244.22000,246.56000,398700
1506087000,246.09000,247.53999,245.44000,246.16000,319200
1506346200,246.21001,246.60001,242.86000,244.25999,310000
1506432600,244.75999,245.67999,242.75000,243.41000,263000
1506519000,244.05000,244.92000,240.34000,241.03000,370400
1506605400,240.42000,241.73000,240.03999,241.71001,391200
1506691800,241.37000,243.83000,240.85001,243.39999,305800
1506951000,243.45000,247.91000,243.45000,247.80000,343500
1507037400,248.56000,249.94000,247.45000,249.86000,341700
1507123800,249.86000,251.10001,249.16000,249.66000,255700
1507210200,249.75999,251.53000,248.99001,251.02000,265700
1507296600,251.10001,252.17000,250.16000,251.99001,206300
1507555800,252.46001,252.56000,250.58000,251.25999,587200
1507642200,251.70000,252.49001,250.75999,251.75999,493400
1507728600,251.81000,251.92999,249.03999,249.91000,424000
1507815000,249.17000,252.25000,249.10001,252.05000,296000
1507901400,252.20000,253.16000,249.49001,250.10001,368800
1508160600,250.19000,251.87000,249.24001,251.77000,187800
1508247000,251.39999,252.07001,250.37000,250.70000,511900
1508333400,251.03000,251.39000,249.24001,250.23000,228800
1508419800,249.72000,251.96001,248.92999,251.96001,299600
1508506200,252.86000,254.82001,252.17999,254.82001,223900
1508765400,255.91000,256.06000,253.47000,253.74001,240300
1508851800,255.00000,255.66000,253.60001,254.83000,253200
1508938200,254.67999,256.00000,253.70000,255.16000,295400
1509024600,256.39001,257.76001,255.23000,257.51999,273200
1509111000,257.13000,257.82001,254.42000,257.57001,396500
1509370200,252.35001,258.81000,248.03000,257.04999,565000
1509456600,257.70999,261.07001,256.60001,258.17001,453700
1509543000,259.32999,260.22000,257.10001,258.20999,361700
1509629400,258.06000,258.76001,255.85001,256.67999,335600
1509715800,256.95001,259.25000,256.12000,258.06000,363500
1509978600,257.89001,259.64999,256.63000,258.20001,236700
1510065000,258.79001,261.37000,257.73001,260.35001,357800
1510151400,260.10999,260.37000,258.70999,259.26001,355500
1510237800,257.97000,259.42001,255.78999,257.82999,597800
1510324200,257.64999,259.63000,255.94000,258.20001,408900
1510583400,257.29999,257.64999,254.95000,256.04001,443800
1510669800,256.07999,257.98001,254.22000,256.60001,299000
1510756200,255.78999,257.01001,253.85001,255.39000,336000
1510842600,256.22000,257.54999,255.07001,256.50000,320700
1510929000,255.13000,257.57999,254.53000,256.34000,345300
1511188200,256.31000,259.38000,256.26999,258.10999,207200
1511274600,258.39999,261.57999,257.94000,260.48001,357300
1511361000,260.60001,261.88000,259.79999,260.57999,251800
1511533800,261.10999,261.82999,259.76001,260.35999,100700
1511793000,261.06000,262.84000,259.95999,260.63000,331500
1511879400,261.14999,265.32999,259.51999,265.04001,447500
1511965800,265.35999,265.67999,261.95999,262.23999,398700
1512052200,262.79999,267.82999,262.26999,267.20999,421000
1512138600,265.67999,266.29999,257.32001,260.60001,496300
1512397800,263.53000,264.63000,261.72000,261.87000,552900
1512484200,262.45999,262.45999,257.87000,258.20001,348900
1512570600,258.38000,260.28000,257.88000,258.91000,302900
1512657000,259.16000,261.38000,258.70999,260.48001,432500
1512743400,261.98999,261.98999,258.85001,260.57999,269900
1513002600,261.00000,261.00000,255.67000,256.45999,649800
1513089000,256.14001,257.47000,254.45000,255.42000,699900
1513175400,255.14000,257.48001,253.50000,255.89999,447400
1513261800,255.89000,256.23001,252.23000,252.38000,359400
1513348200,253.03000,254.56000,252.37000,252.62000,909600
1513607400,254.08000,262.57001,253.05000,261.32001,997300
1513693800,261.10999,261.60001,259.14001,259.14001,493000
1513780200,259.41000,260.48999,258.50000,258.98001,553400
1513866600,259.07001,259.84000,256.23999,258.38000,210300
1513953000,259.03000,259.84000,258.10001,259.53000,310700
1514298600,260.01001,262.00000,259.45001,260.72000,277900
1514385000,260.73001,262.20001,259.94000,260.60999,282600
1514471400,261.56000,261.56000,259.22000,260.60001,222100
1514557800,261.85001,261.85001,259.00000,259.00000,283800
1514903400,260.44000,260.63000,258.25000,260.56000,360300
1514989800,260.64999,262.26001,257.95999,262.07999,347800
1515076200,262.81000,265.75000,262.39001,264.85999,367100
1515162600,266.91000,267.78000,264.70001,267.01999,343900
1515421800,266.23999,268.37000,266.06000,268.14001,397700
1515508200,268.98999,271.85001,268.85001,270.32001,331300
1515594600,269.16000,269.29999,267.17001,268.76999,268100
1515681000,269.35999,272.72000,268.53000,272.50000,348200
1515767400,274.10999,275.51999,272.39999,275.28000,249800
1516113000,275.98001,276.89999,273.84000,274.88000,289100
1516199400,275.91000,277.12000,275.45001,276.59000,336000
1516285800,276.85001,277.41000,275.85001,276.42001,319100
1516372200,276.42001,277.07999,274.66000,275.69000,645300
1516631400,275.07001,276.60999,272.45999,276.07001,320200
1516717800,276.26001,277.32001,275.07999,276.63000,289200
1516804200,277.00000,277.32999,274.82001,276.51001,443100
1516890600,277.00000,279.94000,275.79001,279.07999,585300
1516977000,279.63000,284.22000,278.53000,284.14001,297000
1517236200,283.32001,284.57001,281.26001,281.29999,301100
1517322600,279.87000,282.00000,276.87000,279.63000,378900
1517409000,281.10999,282.12000,277.94000,280.59000,1206500
1517495400,280.41000,282.97000,278.17999,281.25000,537900
1517581800,280.64999,290.42001,276.98999,285.20001,678300
1517841000,285.20999,289.54999,265.79001,266.75000,1009700
1517927400,261.44000,269.89999,258.31000,268.79001,970600
1518013800,267.91000,272.85001,266.19000,266.19000,616700
1518100200,266.64999,266.64999,259.23001,259.39999,834300
1518186600,261.92999,263.50000,254.10001,261.53000,637100
1518445800,263.29001,272.42001,261.64001,270.12000,571000
1518532200,268.85999,270.97000,266.12000,270.47000,392900
1518618600,269.14999,271.91000,267.39999,271.09000,504700
1518705000,272.31000,276.00000,267.54999,275.75000,434000
1518791400,274.29999,277.47000,273.76999,276.31000,492600
1519137000,275.06000,277.91000,274.03000,276.73999,418700
1519223400,277.17999,282.59000,277.10001,278.42999,531600
1519309800,279.42001,283.60001,279.03000,279.60001,456800
1519396200,281.07999,282.54001,279.28000,281.14001,310700
1519655400,282.59000,286.57999,281.98001,285.32999,282300
1519741800,285.23999,285.89001,280.23001,280.32999,452700
1519828200,281.42999,282.54001,275.07999,275.09000,417700
1519914600,275.00000,277.00000,267.23001,267.48999,551500
1520001000,265.76999,268.95001,264.60999,268.01001,420500
1520260200,267.37000,273.57999,265.17999,272.53000,418500
1520346600,273.09000,274.41000,270.89001,273.73999,326300
1520433000,271.04001,280.42999,271.04001,279.39001,562500
1520519400,280.78000,281.19000,276.09000,279.69000,434900
1520605800,280.48001,285.84000,280.22000,285.04001,621800
1520861400,285.89999,286.00000,282.07001,282.82999,289600
1520947800,284.32001,284.62000,280.00000,281.66000,357000
1521034200,283.85001,284.25000,278.81000,279.85001,321000
1521120600,280.41000,284.07999,279.70001,282.85999,419400
1521207000,283.42999,287.53000,283.10001,286.67001,744700
1521466200,285.38000,286.34000,281.42999,283.84000,342100
1521552600,284.95001,289.04001,284.45999,288.97000,520600
1521639000,288.97000,292.97000,287.45001,289.85999,431000
1521725400,287.13000,287.45001,280.48999,280.85999,379200
1521811800,281.07999,283.03000,274.13000,274.79001,467600
1522071000,278.00000,283.12000,275.82001,282.51999,337000
1522157400,283.39999,284.48999,276.26999,277.41000,327900
1522243800,278.04001,279.39999,275.03000,276.48999,341000
1522330200,278.95999,284.04001,278.12000,280.69000,373400
1522675800,280.69000,281.25000,270.14999,274.57999,582100
1522762200,275.42999,276.64001,271.10001,276.64001,708800
1522848600,271.45001,277.19000,270.04999,276.84000,676700
1522935000,279.10999,279.14999,274.07001,275.56000,645600
1523021400,273.70001,275.04001,266.51001,267.84000,565300
1523280600,268.85999,272.84000,267.53000,268.07999,625500
1523367000,272.63000,275.48999,271.32001,273.14001,466400
1523453400,270.73001,272.38000,269.44000,270.01999,441500
1523539800,271.70001,275.70001,271.67999,274.39001,366700
1523626200,276.22000,276.34000,271.85999,273.10999,318600
1523885400,275.51999,276.01001,273.89999,274.34000,371300
1523971800,276.70999,278.35999,275.35001,276.75000,452200
1524058200,278.20001,280.44000,276.54999,279.66000,436300
1524144600,279.14001,281.00000,276.51001,279.98001,393900
1524231000,277.94000,284.70999,274.97000,282.14001,915900
1524490200,282.95999,282.95999,273.76001,277.09000,670400
1524576600,277.34000,277.34000,261.28000,265.85001,991800
1524663000,265.23999,267.98001,260.92999,267.82001,846100
1524749400,268.12000,268.20999,263.76999,266.20999,452300
1524835800,266.20999,268.57001,265.32001,268.28000,377000
1525095000,268.54001,269.98999,264.17001,264.19000,527500
1525181400,263.98001,265.16000,260.16000,264.76999,511200
1525267800,263.91000,265.92999,261.47000,262.64001,637600
1525354200,261.76999,265.64999,257.44000,264.67001,430900
1525440600,263.19000,270.29001,262.09000,269.20001,366600
1525699800,269.59000,271.00000,266.98999,270.62000,381200
1525786200,269.64999,272.20001,269.13000,271.70001,274400
1525872600,273.01001,275.67001,269.84000,275.07001,303100
1525959000,276.48999,279.79001,275.28000,279.23001,473700
1526045400,279.32001,280.51999,278.70999,279.42999,390200
1526304600,280.00000,281.28000,278.22000,278.64001,340000
1526391000,277.32001,278.70999,275.70001,278.47000,306400
1526477400,277.70999,278.76999,275.20001,275.75000,401600
1526563800,275.76001,276.01999,273.76001,275.25000,454000
1526650200,275.04001,276.44000,274.39001,275.47000,542100
1526909400,277.64001,282.12000,277.56000,281.20999,407200
1526995800,282.00000,284.98999,279.42001,279.78000,439400
1527082200,279.14001,279.47000,275.94000,278.88000,339300
1527168600,279.92999,282.26001,278.01001,281.95001,469100
1527255000,281.10999,281.10999,277.89001,279.32001,247900
1527600600,277.14999,278.13000,273.01001,274.26001,417500
1527687000,275.35999,280.23999,274.57001,278.67999,358900
1527773400,278.39999,278.67999,274.91000,275.79001,533000
1527859800,278.44000,281.07999,277.12000,279.42999,260400
1528119000,280.07001,280.94000,277.39999,280.20001,226700
1528205400,281.04001,283.28000,280.73999,282.10001,251500
1528291800,282.37000,284.01999,279.60001,283.76001,401800
1528378200,284.51999,285.98999,283.82001,284.31000,273300
1528464600,284.66000,285.98001,283.32001,285.57999,220300
1528723800,285.73999,286.50000,282.95001,285.53000,304900
1528810200,285.79001,287.72000,284.67001,286.32999,282500
1528896600,286.29001,287.92001,284.51999,285.50000,324600
1528983000,286.31000,286.31000,282.50000,283.20999,365200
1529069400,281.22000,284.39999,279.42999,284.00000,577200
1529328600,281.16000,282.45001,279.07999,281.66000,332900
1529415000,278.44000,279.20999,275.12000,276.41000,453100
1529501400,276.54999,278.42999,276.10999,277.51001,397300
1529587800,276.82001,278.22000,274.13000,276.12000,501800
1529674200,278.34000,278.94000,275.89001,276.22000,1063800
1529933400,275.03000,275.03000,269.84000,273.13000,420100
1530019800,274.47000,274.47000,272.48999,273.26001,447100
1530106200,274.54001,280.17001,269.57999,269.89001,460100
1530192600,270.47000,272.60999,267.23001,271.53000,372200
1530279000,273.20001,278.37000,272.04001,275.91000,449400
1530538200,274.19000,274.89999,270.31000,274.60001,429600
1530624600,275.82001,276.95999,271.89999,272.85999,178300
1530797400,274.00000,276.63000,272.63000,276.00000,369800
1530883800,275.00000,277.14001,274.01999,276.17999,257100
1531143000,277.48001,281.07999,277.13000,280.59000,276300
1531229400,281.17999,281.63000,278.64001,280.98999,317300
1531315800,277.85999,279.19000,276.14001,276.72000,377100
1531402200,279.14001,282.31000,277.34000,281.92999,289500
1531488600,282.54001,284.14999,282.54001,283.45001,303100
1531747800,284.12000,285.35001,282.10999,282.59000,505900
1531834200,282.59000,283.67001,280.48999,283.04001,315500
1531920600,283.64999,285.31000,282.32001,283.79999,383900
1532007000,282.67001,284.37000,281.07999,283.45999,318500
1532093400,282.23001,285.92001,282.23001,284.73999,383300
1532352600,284.07001,284.07001,280.76001,282.37000,333500
1532439000,281.75000,284.98001,281.63000,282.73001,476900
1532525400,281.95001,289.32999,281.95001,288.59000,529200
1532611800,294.29999,312.38000,291.88000,303.57999,1429400
1532698200,305.00000,305.00000,296.64999,298.84000,902900
1532957400,299.09000,300.89999,293.70001,294.26001,528700
1533043800,295.04999,302.22000,295.04999,301.89999,726300
1533130200,301.54001,301.54001,298.16000,298.42001,549700
1533216600,295.19000,297.14999,294.25000,296.54999,519500
1533303000,297.35999,297.84000,292.23001,295.04001,302100
1533562200,294.78000,296.57999,293.88000,295.57999,236500
1533648600,296.14001,299.92001,295.25000,299.42999,283600
1533735000,299.01001,299.01001,295.34000,296.66000,250900
1533821400,296.48001,298.81000,295.17001,295.47000,274000
1533907800,294.67001,294.67001,292.35001,293.25000,246300
1534167000,293.25000,294.78000,290.91000,292.10001,285800
1534253400,292.57001,295.45999,291.37000,294.87000,288500
1534339800,293.12000,295.35001,291.79001,293.48001,353800
1534426200,295.38000,296.48999,293.95999,295.14999,271400
1534512600,294.39999,298.84000,294.29001,297.88000,778900
1534771800,298.79001,301.78000,298.16000,301.10999,449600
1534858200,301.29001,304.32999,301.29001,303.62000,417700
1534944600,302.51001,303.57999,298.60001,299.50000,337000
1535031000,299.88000,299.95999,296.79001,297.20999,385100
1535117400,297.69000,298.97000,291.94000,296.62000,681700
1535376600,298.87000,300.19000,296.64001,297.57001,512000
1535463000,298.75000,300.51999,297.79999,298.64999,309700
1535549400,299.10999,299.82001,296.48999,298.45999,477900
1535635800,298.14999,298.89999,295.35999,296.70999,274200
1535722200,296.91000,298.97000,296.26999,298.37000,408800
1536067800,298.37000,299.54001,295.95999,297.70999,396200
1536154200,296.97000,302.00000,296.42999,301.76999,519100
1536240600,301.87000,304.63000,300.82999,303.10999,586800
1536327000,302.53000,304.85001,301.35999,304.01999,336800
1536586200,305.98001,308.20001,305.73999,306.26001,429300
1536672600,305.17001,306.47000,304.54999,305.39001,443800
1536759000,305.38000,308.10001,304.22000,304.50000,670000
1536845400,305.89001,311.07001,305.26001,310.95999,328800
1536931800,310.59000,312.51999,308.32001,310.82999,305400
1537191000,311.17001,312.64999,309.82999,311.39999,416900
1537277400,310.14999,312.03000,308.76999,311.51001,393200
1537363800,311.29999,312.26001,307.91000,308.89999,339200
1537450200,310.14999,310.98001,307.42999,309.78000,305500
1537536600,306.98999,307.84000,304.39001,306.04999,879600
1537795800,305.06000,305.70001,299.45001,299.51001,582200
1537882200,300.56000,301.07001,296.84000,298.01999,457300
1537968600,298.48001,299.00000,295.26001,296.04001,380900
1538055000,297.29999,298.35999,293.92999,294.25000,443600
1538141400,293.95001,299.79001,293.89001,296.20999,723200
1538400600,299.10999,301.70999,297.92999,298.73001,650800
1538487000,298.42999,299.51999,297.26999,297.95001,511400
1538573400,299.01001,301.20999,296.14001,298.16000,322000
1538659800,296.50000,297.89001,293.82999,295.89001,329200
1538746200,296.95001,297.88000,292.92001,294.42999,398200
1539005400,294.38000,294.62000,290.70999,292.19000,350900
1539091800,292.01999,292.01999,288.31000,289.29999,358700
1539178200,288.23001,290.04001,280.32999,280.54001,606300
1539264600,279.73999,281.09000,272.60999,273.26999,787300
1539351000,277.75000,280.42001,274.37000,279.17001,884700
1539610200,279.00000,281.10001,277.88000,279.48999,555600
1539696600,281.09000,287.70999,280.42001,287.20999,528300
1539783000,286.60999,286.97000,281.89001,284.32001,387500
1539869400,282.89001,284.09000,277.41000,279.07001,353700
1539955800,279.82999,280.95001,276.04999,278.01001,372000
1540215000,278.42001,280.19000,276.81000,278.37000,292200
1540301400,270.06000,273.29001,266.07001,271.54999,601600
1540387800,271.64999,273.51999,262.72000,263.42001,548600
1540474200,265.03000,267.82001,262.75000,265.34000,761500
1540560600,275.10001,297.97000,272.07001,285.38000,1710200
1540819800,289.32999,293.09000,272.66000,277.50000,877800
1540906200,279.00000,281.89001,276.13000,281.54999,791200
1540992600,283.70001,287.79999,281.66000,282.89999,635300
1541079000,283.57999,284.95001,280.97000,284.06000,495000
1541165400,285.04999,288.03000,283.14999,285.28000,447500
1541428200,286.26001,289.72000,286.00000,288.34000,552600
1541514600,288.28000,291.26999,287.95001,289.67999,530200
1541601000,292.29001,296.67001,290.70999,296.03000,419700
1541687400,294.84000,297.26001,293.87000,296.53000,326100
1541773800,295.95001,298.10999,293.64999,296.81000,486300
1542033000,296.79999,297.35999,288.54999,289.34000,419300
1542119400,290.12000,294.34000,286.79001,290.67999,424800
1542205800,293.32001,294.00000,286.88000,287.98001,375400
1542292200,286.23999,294.76001,286.23999,294.45001,375500
1542378600,292.04001,298.28000,290.91000,297.79001,398800
1542637800,296.38000,298.95001,292.56000,294.03000,425300
1542724200,292.50000,292.66000,285.88000,287.09000,553300
1542810600,287.91000,290.20999,287.39999,288.51001,229900
1542983400,285.64999,287.64999,284.73001,285.20001,132900
1543242600,287.97000,288.39999,283.14999,285.75000,509800
1543329000,284.92999,287.75000,284.25000,285.26001,519200
1543415400,285.64001,294.20001,284.87000,294.14001,408600
1543501800,293.70001,295.79999,292.63000,293.87000,260700
1543588200,293.95001,298.07001,293.32999,297.59000,414300
1543847400,301.35001,303.75000,297.70999,301.04999,517200
1543933800,299.35001,300.51999,286.20999,286.66000,498000
1544106600,282.10001,287.85001,277.35001,287.22000,771100
1544193000,287.22000,289.37000,282.51001,284.82001,776700
1544452200,284.70001,286.28000,281.35999,285.35999,489800
1544538600,289.25000,290.76001,279.64001,281.48999,437800
1544625000,285.76001,288.91000,284.16000,284.35001,284000
1544711400,286.01999,286.35001,279.92001,281.20001,373400
1544797800,278.01001,280.25000,272.16000,273.84000,572000
1545057000,272.51999,275.01999,265.95001,266.56000,552500
1545143400,268.09000,271.10001,265.72000,268.87000,616800
1545229800,270.14999,275.07001,266.26999,269.47000,798900
1545316200,268.10999,270.12000,260.20001,262.78000,698500
1545402600,261.48001,266.75000,256.63000,258.07999,876000
1545661800,256.32001,258.19000,246.89000,247.00999,292700
1545834600,247.00000,259.63000,245.59000,259.41000,452400
1545921000,255.67000,265.17999,255.31000,265.14999,531100
1546007400,266.72000,268.84000,263.10999,263.82001,464300
1546266600,266.98999,268.14001,263.28000,266.51999,326100
1546439400,262.89999,266.98001,261.67999,266.60999,374800
1546525800,264.16000,265.26001,257.89001,258.79999,401400
1546612200,261.95001,267.59000,260.51999,267.48999,515400
1546871400,267.44000,271.44000,266.16000,269.07001,342300
1546957800,271.76001,273.10999,265.32999,269.14001,521800
1547044200,270.59000,273.23001,269.92999,271.64999,299700
1547130600,270.60001,275.41000,268.39999,275.17999,269600
1547217000,273.38000,274.53000,271.41000,273.16000,308800
1547476200,270.45001,272.12000,268.62000,271.32001,322000
1547562600,270.44000,271.35001,268.81000,270.29999,322200
1547649000,270.92999,273.70999,270.25000,272.60001,421200
1547735400,271.48999,277.17001,270.54001,275.41000,315500
1547821800,277.17999,282.59000,277.17999,282.04001,390500
1548167400,279.42001,280.14999,273.13000,274.70001,386800
1548253800,276.25000,278.35999,273.54001,276.26001,245600
1548340200,276.54999,280.16000,275.70999,278.70001,372000
1548426600,282.10999,283.73999,280.97000,283.14999,558500
1548685800,279.29999,282.04001,278.42999,279.87000,454200
1548772200,281.20999,283.73999,281.20999,283.25000,311900
1548858600,285.00000,289.31000,282.10001,287.48999,417000
1548945000,287.63000,289.10001,282.73999,283.26001,637000
1549031400,290.00000,293.32001,286.12000,292.23001,706300
1549290600,291.06000,293.48001,289.34000,293.13000,481200
1549377000,294.29001,298.10001,293.10999,297.85999,415700
1549463400,296.39999,300.00000,296.39999,299.75000,648100
1549549800,296.53000,298.31000,295.76999,297.62000,511400
1549636200,296.56000,300.22000,294.81000,300.16000,326600
1549895400,301.17999,302.04999,299.28000,301.25000,335500
1549981800,303.00000,308.38000,302.09000,308.14999,424100
1550068200,307.64999,310.79999,306.26001,309.34000,426300
1550154600,307.63000,308.48001,305.64999,306.12000,354400
1550241000,309.17999,312.00000,309.10001,311.95999,351600
1550586600,310.67001,313.14999,310.04999,311.23001,225500
1550673000,311.92001,313.70999,310.95999,313.47000,240900
1550759400,312.41000,314.89999,310.91000,314.79999,408300
1550845800,316.10001,317.39001,314.16000,317.19000,398000
1551105000,319.64999,320.22000,318.17001,319.35001,454600
1551191400,319.12000,321.09000,318.42001,319.87000,509700
1551277800,319.26001,324.14001,318.72000,323.56000,393000
1551364200,322.48999,324.67001,321.26999,323.64999,531500
1551450600,326.10999,326.73999,323.04001,323.63000,538500
1551709800,325.67001,327.23001,319.98999,320.92999,496300
1551796200,320.51001,322.50000,319.85999,319.95999,468600
1551882600,319.60999,321.26999,319.04001,319.82001,330400
1551969000,318.82001,319.95001,316.38000,319.25000,471100
1552055400,316.17001,318.00000,315.09000,317.67001,311500
1552311000,318.22000,323.39001,318.20001,323.14999,352800
1552397400,324.39001,324.79001,322.84000,323.73999,412200
1552483800,323.48999,327.38000,323.48999,326.34000,308200
1552570200,326.59000,327.48001,324.22000,325.45999,311100
1552656600,327.54999,327.54999,325.19000,326.20999,664800
1552915800,327.54999,331.64001,326.35999,331.47000,405100
1553002200,333.39001,334.88000,330.89001,331.92001,515100
1553088600,332.04001,333.85999,328.98001,330.72000,248500
1553175000,329.14001,334.98999,327.94000,334.01001,214500
1553261400,333.14999,333.60999,329.23001,329.47000,350400
1553520600,329.73001,332.84000,329.16000,330.98001,362000
1553607000,333.14001,335.85999,332.79001,335.26999,226200
1553693400,334.95999,336.60001,333.67999,335.57001,285600
1553779800,334.56000,340.25000,334.56000,340.10001,362000
1553866200,341.42999,342.57001,339.57999,341.97000,436100
1554125400,344.89999,348.66000,342.76001,347.92999,540100
1554211800,349.00000,349.00000,346.26001,348.26999,391100
1554298200,349.20001,350.91000,346.01999,347.00000,487900
1554384600,346.75000,347.54001,344.29999,345.16000,477700
1554471000,346.32001,348.44000,344.09000,345.48999,391000
1554730200,344.19000,346.07001,341.42999,343.82999,540700
1554816600,341.39001,344.29001,340.82999,343.01001,396700
1554903000,343.73999,343.73999,341.64001,342.92001,255500
1554989400,344.44000,347.12000,341.42001,346.47000,256100
1555075800,348.10999,351.39001,347.07999,351.26001,298300
1555335000,352.63000,353.63000,349.47000,351.42999,265600
1555421400,352.88000,353.12000,348.39999,349.39001,409400
1555507800,350.35999,351.67001,347.01999,347.97000,252500
1555594200,349.98999,350.94000,347.78000,349.72000,378800
1555939800,348.16000,351.07999,347.07999,350.84000,271100
1556026200,350.26001,353.69000,348.85999,351.29001,543000
1556112600,352.47000,352.47000,348.23999,350.26001,706000
1556199000,355.20001,363.85001,341.84000,347.14999,742400
1556285400,348.75000,352.69000,344.76001,352.48001,564600
1556544600,354.01999,358.67001,351.35001,357.81000,513500
1556631000,359.95001,360.88000,357.54999,359.70001,595800
1556717400,360.00000,361.48001,356.42001,357.14001,447600
1556803800,356.39001,358.00000,354.07001,357.62000,282800
1556890200,360.01001,360.92999,358.26999,360.19000,221000
1557149400,353.50000,359.12000,349.63000,358.20001,242500
1557235800,354.51001,355.54001,350.54001,352.97000,301600
1557322200,352.92001,356.53000,351.62000,354.38000,260200
1557408600,352.12000,352.54001,347.57001,352.44000,278200
1557495000,351.64999,357.48999,346.97000,356.20001,309200
1557754200,349.41000,351.01999,343.85999,348.89999,340000
1557840600,348.95999,354.57001,348.50000,351.63000,262700
1557927000,348.89999,355.56000,348.89999,353.95001,288900
1558013400,356.12000,361.66000,354.56000,359.98999,304000
1558099800,357.23001,360.51999,356.04001,358.60001,296200
1558359000,356.47000,356.66000,351.12000,353.09000,431500
1558445400,356.57999,360.04999,354.26999,358.54001,365800
1558531800,357.32001,360.67001,356.53000,356.73001,255700
1558618200,353.50000,356.54001,349.10999,352.82999,280000
1558704600,355.16000,356.14999,347.78000,348.07001,410300
1559050200,348.16000,349.48999,344.44000,345.22000,699000
1559136600,343.29999,346.88000,342.00000,345.35999,394100
1559223000,345.70001,349.47000,345.35999,347.23999,264900
1559309400,345.04999,346.35001,343.35999,343.92001,329000
1559568600,344.76001,350.84000,344.76001,347.41000,420600
1559655000,350.64999,351.95999,346.88000,351.66000,590000
1559741400,354.29001,358.98001,353.56000,358.07001,441100
1559827800,357.98001,360.97000,355.22000,360.60001,296200
1559914200,362.54001,366.76001,361.39001,365.37000,335900
1560173400,369.01001,369.42999,366.28000,367.35999,358200
1560259800,369.32999,369.95001,362.82001,365.66000,426000
1560346200,366.03000,366.45999,363.85001,365.69000,350600
1560432600,367.14001,368.23001,362.73999,365.31000,401400
1560519000,364.73999,365.79999,359.41000,364.62000,338900
1560778200,365.84000,367.23999,361.45999,361.85999,318200
1560864600,364.64999,370.31000,363.51001,365.73999,419900
1560951000,366.32999,368.26999,362.32999,364.64001,711600
1561037400,366.95001,369.42001,363.45999,367.60999,841000
1561123800,368.76999,368.76999,361.64999,365.38000,1041100
1561383000,365.25000,369.67999,365.17999,365.22000,700500
1561469400,365.41000,368.22000,363.62000,363.79001,840500
1561555800,363.98001,366.42001,361.31000,363.09000,478600
1561642200,363.73999,365.32001,359.69000,362.94000,387400
1561728600,363.48999,369.67999,362.70999,366.26001,1598500
1561987800,370.00000,373.64999,368.79001,373.57001,384000
1562074200,374.28000,375.01001,372.42999,373.51001,332600
1562160600,374.72000,379.23999,374.41000,378.07999,306600
1562333400,375.76999,376.42001,369.16000,376.07999,263900
1562592600,374.57999,376.04999,372.23999,372.56000,256800
1562679000,371.82001,376.12000,370.26999,374.29999,383400
1562765400,376.50000,379.04999,374.53000,374.79999,443400
1562851800,375.48999,380.38000,374.75000,380.38000,383000
1562938200,381.25000,384.48999,379.98999,384.45001,298100
1563197400,384.23001,384.75000,380.07999,381.37000,374700
1563283800,381.81000,385.14001,379.85999,384.23999,332600
1563370200,383.41000,385.51001,377.06000,377.35999,355300
1563456600,378.69000,380.45999,375.53000,377.54999,273200
1563543000,379.26001,379.91000,374.12000,374.57001,361400
1563802200,374.54999,378.26001,370.32999,370.91000,599600
1563888600,373.82001,376.00000,370.89999,373.89001,631900
1563975000,371.66000,376.98001,371.32999,374.64001,680500
1564061400,369.53000,372.00000,351.23999,370.98999,1389800
1564147800,370.38000,371.56000,364.09000,366.20001,564400
1564407000,366.23999,367.13000,360.79001,361.31000,552800
1564493400,359.98999,367.39999,359.45001,366.84000,393800
1564579800,366.66000,367.31000,358.87000,363.64999,568000
1564666200,363.04001,367.10001,359.48001,360.89001,561300
1564752600,360.91000,362.91000,354.64999,356.17001,472500
1565011800,351.95999,352.54999,342.53000,344.13000,618800
1565098200,346.79999,352.29001,344.76999,351.79999,479800
1565184600,346.39001,349.85999,343.20999,348.63000,414300
1565271000,351.41000,358.73001,351.41000,358.48999,453200
1565357400,356.85001,358.14001,352.04001,355.00000,360800
1565616600,352.98999,356.95999,351.45999,352.26999,310400
1565703000,351.92999,361.97000,350.07999,358.39999,566500
1565789400,353.01001,354.69000,347.51001,347.51001,436000
1565875800,347.53000,352.04001,346.76999,349.56000,372000
1565962200,352.64001,358.82999,346.76999,357.41000,376800
1566221400,360.76999,363.85001,359.98001,362.37000,374500
1566307800,362.87000,363.48999,358.32001,358.81000,275100
1566394200,361.63000,362.88000,358.00000,359.79999,244600
1566480600,360.59000,362.26999,354.66000,355.13000,282200
1566567000,352.44000,356.17001,346.89001,348.62000,665100
1566826200,351.44000,353.98001,343.48001,348.73999,289000
1566912600,356.14001,356.14001,350.25000,353.76001,474700
1566999000,352.01999,356.85001,350.97000,355.84000,222000
1567085400,358.70999,365.38000,358.64001,364.26999,302900
1567171800,367.73001,369.26001,364.13000,366.76001,429200
1567517400,363.04001,364.69000,358.87000,361.82999,300900
1567603800,364.66000,368.84000,364.66000,368.79999,339600
1567690200,372.97000,376.91000,372.97000,375.10999,327400
1567776600,375.54999,376.03000,372.72000,374.95999,359500
1568035800,375.50000,377.25000,356.00000,356.95999,623800
1568122200,353.50000,354.31000,338.48001,354.10999,898100
1568208600,354.19000,357.38000,351.51999,354.01001,710300
1568295000,354.23999,359.85001,353.19000,358.48001,530400
1568381400,358.92999,361.12000,353.29999,359.54999,380900
1568640600,358.67999,360.78000,355.01001,356.73001,354400
1568727000,356.73001,362.01001,355.76999,361.41000,412400
1568813400,360.51999,361.04001,353.81000,359.63000,724300
1568899800,358.53000,361.54999,356.34000,356.53000,656900
1568986200,359.14999,360.34000,354.42999,359.50000,1242100
1569245400,357.26999,361.44000,355.81000,360.53000,715500
1569331800,361.81000,364.41000,356.42999,356.59000,958900
1569418200,356.59000,358.09000,351.94000,356.20999,455200
1569504600,356.34000,359.00000,354.63000,355.22000,515000
1569591000,358.66000,361.88000,353.35999,354.63000,434000
1569850200,356.32999,357.26999,352.26001,356.60001,409400
1569936600,357.92999,359.97000,345.16000,345.45001,460100
1570023000,341.64999,341.67999,332.48999,337.89999,839100
1570109400,336.29001,340.64001,333.67001,340.07999,392500
1570195800,340.84000,345.76001,340.07999,344.73001,340100
1570455000,342.79001,343.17001,338.37000,338.56000,429300
1570541400,335.04999,337.20001,332.45001,332.57999,555400
1570627800,336.22000,338.98001,333.98999,338.39999,414400
1570714200,337.09000,342.00000,337.09000,340.04999,344200
1570800600,344.09000,348.35001,342.06000,342.48001,464900
1571059800,342.20999,342.63000,338.34000,338.70001,302200
1571146200,340.16000,341.41000,338.59000,338.98999,440500
1571232600,338.64999,340.20001,335.32001,335.67999,520400
1571319000,338.10001,341.26999,337.20001,340.75000,517100
1571405400,339.88000,342.28000,337.48001,337.92001,416100
1571664600,340.56000,342.09000,335.29999,337.03000,588700
1571751000,335.91000,338.23001,332.39999,332.73001,628600
1571837400,332.09000,335.29001,331.54001,334.92001,736300
1571923800,338.64001,339.14999,322.20001,332.32999,1069200
1572010200,331.14001,335.17999,330.57001,334.47000,704000
1572269400,334.32999,335.84000,331.26001,332.95001,658500
1572355800,330.76001,343.16000,330.76001,341.84000,657500
1572442200,343.10999,343.10999,337.51999,338.29001,359700
1572528600,338.22000,338.73001,332.17999,336.95999,520100
1572615000,340.09000,342.56000,338.87000,342.10999,478600
1572877800,345.00000,345.48999,338.19000,338.98999,543100
1572964200,339.04001,342.01001,337.39999,340.95001,723500
1573050600,339.89999,343.97000,338.57999,343.97000,543300
1573137000,345.44000,349.06000,338.25000,340.32999,464000
1573223400,338.85001,341.37000,336.20001,337.50000,440300
1573482600,335.23001,339.45999,334.91000,337.94000,350900
1573569000,339.89001,343.82001,338.72000,343.28000,477400
1573655400,341.32999,349.39999,340.16000,348.59000,838200
1573741800,347.84000,352.45999,346.25000,349.14001,735400
1573828200,351.82001,352.25000,345.32999,345.64001,507300
1574087400,345.00000,345.12000,340.85001,341.64001,461700
1574173800,342.69000,350.23999,341.67999,349.95999,431400
1574260200,349.23001,354.04999,348.89999,353.07999,998500
1574346600,353.01001,354.34000,350.31000,354.01999,721600
1574433000,354.87000,356.39001,351.17001,355.75000,480700
1574692200,357.92999,359.95999,356.56000,359.69000,651400
1574778600,358.67999,364.48999,357.60001,362.94000,912000
1574865000,363.63000,363.98999,358.60999,362.79999,303900
1575037800,361.57999,362.35999,358.98001,360.37000,251400
1575297000,360.32999,361.88000,353.87000,353.87000,503600
1575383400,349.35999,352.57001,346.76001,351.76001,661900
1575469800,350.44000,354.89999,346.50000,346.62000,670300
1575556200,347.95999,348.39999,345.00000,347.04999,742400
1575642600,349.59000,351.87000,345.73001,346.22000,667500
1575901800,345.10001,349.42001,343.23999,344.32999,614400
1575988200,344.42999,349.87000,342.82001,343.29999,383400
1576074600,344.29999,347.48001,343.20999,346.72000,366800
1576161000,347.23001,350.17999,345.00000,346.75000,390200
1576247400,347.29999,352.70001,347.13000,350.50000,440300
1576506600,351.50000,354.17999,350.56000,351.94000,369900
1576593000,353.31000,356.98999,352.82001,353.19000,375200
1576679400,352.07001,353.17999,346.51999,348.38000,500300
1576765800,348.94000,353.53000,348.50000,351.98001,449400
1576852200,354.01999,354.41000,349.72000,352.63000,788100
1577111400,354.10999,355.64001,351.82001,354.38000,307300
1577197800,355.00000,355.22000,352.62000,353.23999,149100
1577370600,354.39001,354.56000,350.91000,353.82001,313600
1577457000,354.39001,357.76001,353.00000,357.29999,290500
1577716200,357.29999,357.81000,353.64001,355.57999,200900
1577802600,355.57999,356.26001,352.47000,354.23001,410500
1577975400,353.92999,365.17001,353.92999,365.17001,754400
1578061800,359.42999,363.35999,358.45999,363.03000,479300
1578321000,359.42001,359.98999,356.10999,359.60999,587800
1578407400,358.70999,361.73001,356.57999,361.44000,404600
1578493800,361.78000,366.00000,359.39001,364.87000,453300
1578580200,366.95001,370.47000,365.06000,370.10999,541800
1578666600,371.34000,372.72000,369.53000,370.35001,352900
1578925800,370.95999,374.64999,370.37000,374.09000,308800
1579012200,373.51999,374.88000,371.95001,372.60001,356300
1579098600,374.04999,377.67001,372.91000,373.53000,360800
1579185000,375.28000,376.09000,371.39999,375.70001,412800
1579271400,376.51001,380.35999,376.00000,379.73999,513500
1579617000,378.00000,380.20001,376.28000,378.26001,419300
1579703400,379.34000,380.66000,374.54999,375.66000,373500
1579789800,375.97000,378.85001,372.62000,378.45999,431400
1579876200,379.88000,380.84000,375.31000,376.84000,366600
1580135400,372.01001,375.98999,370.79001,372.48001,374400
1580221800,373.00000,379.85001,371.23001,377.89999,469400
1580308200,380.75000,381.17999,376.72000,378.45999,428400
1580394600,383.45999,393.00000,377.91000,389.38000,808800
1580481000,386.60001,388.14999,379.67999,381.66000,630600
1580740200,384.66000,386.32999,378.41000,379.70999,460900
1580826600,385.54001,389.72000,384.39001,386.19000,420400
1580913000,390.78000,390.84000,384.45999,385.75000,470600
1580999400,386.76999,387.39001,384.45001,385.04001,311500
1581085800,385.37000,388.26001,383.54001,385.44000,303200
1581345000,384.00000,391.78000,383.75000,391.78000,373400
1581431400,394.26999,395.00000,389.62000,389.76999,310400
1581517800,389.70999,392.16000,385.48999,391.06000,301700
1581604200,389.13000,391.56000,386.28000,388.39001,270400
1581690600,388.20999,392.76999,388.20999,392.73001,279200
1582036200,390.82001,392.22000,388.51001,389.32999,319500
1582122600,390.23999,394.39001,387.87000,387.97000,297700
1582209000,387.17999,390.88000,383.73999,384.01001,432200
1582295400,382.64999,390.09000,381.76001,387.25000,955400
1582554600,378.67001,382.51999,373.31000,375.01999,468900
1582641000,375.79001,375.79001,363.92001,365.91000,478700
1582727400,368.57999,374.67001,363.84000,365.00000,528100
1582813800,358.64999,365.79001,354.48999,355.00000,786500
1582900200,346.54999,354.06000,341.13000,351.70001,1086400
1583159400,354.09000,361.66000,346.97000,361.01999,781500
1583245800,361.26001,371.10001,348.70001,352.54999,631300
1583332200,359.07999,367.39999,354.00000,366.95999,552500
1583418600,359.59000,365.26999,349.95999,351.54001,554300
1583505000,342.47000,352.22000,341.00000,350.32999,670700
1583760600,327.32001,329.67999,300.01001,315.32001,1142400
1583847000,324.78000,341.97000,323.95001,341.54999,1103500
1583933400,331.54001,333.44000,319.38000,323.09000,751200
1584019800,300.04999,310.54001,290.48001,290.94000,973800
1584106200,307.79001,313.51999,292.01001,313.51999,756400
1584365400,240.00000,303.95999,240.00000,283.26001,868100
1584451800,288.17999,311.84000,288.17999,309.39001,776900
1584538200,289.19000,299.04999,265.94000,287.26999,683000
1584624600,284.39001,309.44000,276.64999,300.01001,645600
1584711000,304.01001,304.10999,280.82999,283.14999,934800
1584970200,280.31000,281.76999,245.86000,254.30000,979400
1585056600,263.01001,287.10001,263.01001,282.88000,1257000
1585143000,283.60999,296.89999,271.51999,285.17999,1003500
1585229400,293.79001,306.32001,288.03000,306.32001,820100
1585315800,291.98001,313.19000,289.59000,305.79001,1191900
1585575000,308.14001,319.67999,305.29999,317.45999,741200
1585661400,314.00000,317.88000,308.76999,311.81000,704200
1585747800,298.16000,302.79999,290.00000,293.66000,556100
1585834200,290.42001,305.07001,290.42001,305.07001,479100
1585920600,304.73999,308.00000,293.01999,299.67999,458800
1586179800,312.78000,317.26999,303.29001,312.62000,660300
1586266200,323.01001,327.14999,307.03000,308.10999,663300
1586352600,311.75000,320.76001,306.91000,318.07999,482600
1586439000,319.35001,327.59000,314.29001,315.45001,605600
1586784600,313.29999,316.60999,308.01001,314.72000,357500
1586871000,320.31000,324.92999,312.54001,319.66000,622700
1586957400,314.41000,317.51001,310.84000,314.09000,482900
1587043800,314.84000,316.64001,306.85001,310.10001,867700
1587130200,318.59000,324.25000,313.98001,321.97000,613400
1587389400,318.98999,324.95001,314.70999,320.32001,475500
1587475800,314.32999,315.29999,308.70001,310.57999,466200
1587562200,315.76001,318.51999,310.42999,313.64001,416700
1587648600,315.10999,322.22000,312.92999,314.01001,401200
1587735000,315.28000,317.26999,304.54999,306.41000,955300
1587994200,309.51999,317.42999,308.17001,314.54999,929700
1588080600,345.00000,354.94000,323.32999,336.79001,1144800
1588167000,342.03000,344.98001,331.85999,340.72000,779800
1588253400,337.34000,342.32001,332.76001,341.03000,804900
1588339800,335.82999,340.45001,333.22000,339.38000,741300
1588599000,337.45001,342.82001,333.67001,341.07999,600100
1588685400,344.85999,352.23001,343.23999,345.87000,570700
1588771800,347.07999,353.76999,347.07999,351.16000,697700
1588858200,355.28000,360.89999,353.79001,356.19000,691600
1588944600,359.60999,362.32001,357.28000,358.35999,573600
1589203800,355.87000,368.54999,355.00000,364.12000,569700
1589290200,364.12000,368.44000,356.94000,357.00000,751100
1589376600,356.44000,360.92999,347.28000,352.59000,765300
1589463000,349.92999,357.84000,344.76001,357.48999,692500
1589549400,353.50000,363.12000,352.23999,361.50000,1201700
1589808600,372.79999,374.38000,365.81000,366.34000,699800
1589895000,365.26001,367.20001,357.75000,357.75000,536900
1589981400,364.03000,370.95999,361.66000,367.88000,447700
1590067800,367.03000,370.39999,363.62000,365.06000,290000
1590154200,364.60999,367.10001,362.94000,367.06000,322000
1590499800,377.70001,377.89999,369.01001,370.29001,559900
1590586200,375.00000,380.00000,368.97000,379.20001,571700
1590672600,380.00000,388.54001,376.76001,381.73001,567400
1590759000,380.53000,394.95001,379.14999,393.79999,1057200
1591018200,392.92999,393.31000,387.47000,387.76999,412700
1591104600,389.67999,396.62000,389.35999,395.62000,358700
1591191000,400.00000,404.23001,395.89999,401.47000,500800
1591277400,397.45001,404.64001,395.00000,402.23999,437900
1591363800,409.00000,410.41000,401.70999,405.82999,660400
1591623000,404.25000,406.79001,398.62000,401.89999,698000
1591709400,397.95999,406.10999,394.10999,402.13000,645100
1591795800,404.63000,405.10001,397.48999,401.22000,491100
1591882200,393.32001,401.22000,390.45999,392.29999,903200
1591968600,401.16000,402.07001,382.23001,389.81000,752800
1592227800,382.31000,397.31000,380.98001,394.04001,444600
1592314200,403.78000,405.67001,392.48001,398.64999,484300
1592400600,401.85999,405.01001,396.57999,402.23001,386600
1592487000,400.66000,404.51999,398.60001,402.13000,261200
1592573400,406.85999,406.85999,389.91000,390.56000,1141900
1592832600,392.94000,400.76001,389.38000,400.04001,413100
1592919000,401.19000,403.00000,396.89999,397.44000,385700
1593005400,393.73999,398.66000,382.56000,386.92999,590300
1593091800,386.79999,393.60999,381.32001,393.35001,411000
1593178200,392.69000,393.28000,383.76001,387.20999,745200
1593437400,390.42999,390.42999,382.14999,385.64001,583900
1593523800,385.20001,390.35999,383.48001,388.26001,947300
1593610200,391.62000,393.35001,386.89999,389.69000,497400
1593696600,394.28000,396.75000,390.45001,391.17001,483400
1594042200,395.87000,396.37000,391.85001,393.19000,440000
1594128600,391.41000,394.23001,390.22000,390.48001,435000
1594215000,390.37000,397.60001,390.37000,397.41000,387200
1594301400,396.60999,400.64001,391.91000,394.92999,598500
1594387800,394.44000,396.14999,388.45001,391.92999,399500
1594647000,393.98001,395.26001,386.17001,386.25000,439300
1594733400,386.48001,397.39001,386.48001,396.67999,322100
1594819800,403.07999,404.12000,398.31000,399.69000,479400
1594906200,400.82999,405.91000,399.25000,405.44000,490300
1594992600,407.76999,411.69000,406.34000,409.06000,362200
1595251800,409.23999,416.23999,408.98999,415.23001,474800
1595338200,416.00000,420.23001,411.94000,415.60999,316400
1595424600,416.82001,422.29001,415.63000,418.23001,337200
1595511000,418.42999,425.51999,418.42999,420.28000,561100
1595597400,418.35001,419.06000,412.63000,415.26999,426300
1595856600,416.48001,424.73001,414.98001,420.70001,466700
1595943000,425.39999,441.03000,423.04999,423.09000,697600
1596029400,423.76999,438.76999,423.70999,437.16000,639900
1596115800,433.00000,434.54999,424.25000,432.79999,382800
1596202200,431.39001,433.57999,426.23001,432.45001,440900
1596461400,434.54001,441.38000,431.29999,435.20001,360300
1596547800,432.04001,435.32999,431.20001,433.41000,360000
1596634200,436.41000,438.79999,434.01001,435.22000,296300
1596720600,434.70001,437.79999,431.76999,436.98001,258400
1596807000,437.76001,441.54999,435.48999,440.89999,246200
1597066200,441.35999,444.06000,439.01001,441.32001,456800
1597152600,442.64001,445.73001,433.95999,434.70999,578100
1597239000,436.91000,449.79001,436.35001,446.70001,418400
1597325400,444.73999,455.72000,444.73999,453.17999,645400
1597411800,452.29999,453.72000,443.53000,444.95001,473600
1597671000,446.75000,449.98999,439.51999,440.97000,613600
1597757400,443.50000,444.00000,437.38000,439.00000,529700
1597843800,440.44000,441.20999,434.35999,434.42999,473800
1597930200,433.20001,437.20001,432.00000,434.79999,451300
1598016600,434.53000,434.89999,429.25000,431.98999,640800
1598275800,433.64999,436.92999,429.39001,432.17001,301800
1598362200,433.82001,437.26001,431.26999,431.26999,333600
1598448600,429.35001,433.01999,427.57999,432.44000,387600
1598535000,433.45001,433.54999,427.45999,428.06000,361100
1598621400,428.54001,430.50000,425.98001,430.17999,257300
1598880600,428.14999,429.44000,425.37000,427.19000,373900
1598967000,429.29999,437.67999,427.42001,436.41000,316200
1599053400,436.88000,445.85001,434.59000,443.87000,518100
1599139800,443.98001,444.48001,426.98001,429.97000,404300
1599226200,433.57999,434.01999,416.79999,422.53000,446200
1599571800,401.54001,406.34000,390.01001,393.95001,1227000
1599658200,399.28000,404.07999,394.38000,399.89999,517100
1599744600,401.57999,406.20999,394.47000,395.79999,444200
1599831000,400.00000,403.70001,393.20999,399.60001,561200
1600090200,403.51999,406.10001,395.78000,396.26001,587100
1600176600,399.19000,407.85999,397.03000,403.89001,626100
1600263000,408.09000,409.79001,398.76999,400.42999,471000
1600349400,395.29001,399.82001,392.32001,398.79999,567200
1600435800,397.07999,399.76001,390.14999,391.37000,753200
1600695000,387.50000,393.38000,383.73001,392.25000,542800
1600781400,391.62000,394.85999,387.63000,392.73001,511400
1600867800,395.60001,398.78000,385.35999,386.45001,481400
1600954200,384.48001,393.76001,380.07001,391.20999,378600
1601040600,388.62000,401.70999,388.28000,398.12000,384600
1601299800,400.51999,404.17001,399.41000,400.60001,524100
1601386200,401.62000,404.29001,398.20001,401.35999,354100
1601472600,403.42999,404.70999,391.16000,395.10999,669400
1601559000,398.13000,401.69000,390.56000,393.48001,472700
1601645400,390.03000,398.69000,389.73001,395.72000,425900
1601904600,399.39001,401.62000,397.06000,401.20001,307800
1601991000,401.20001,407.00000,398.79999,399.89999,411100
1602077400,402.12000,407.79999,402.12000,405.00000,439300
1602163800,407.64999,407.70999,401.95999,403.67001,367800
1602250200,406.57001,417.87000,405.23001,414.39001,419700
1602509400,417.41000,429.48001,416.00000,421.85999,626700
1602595800,421.56000,426.35001,420.13000,423.76001,464900
1602682200,426.35999,430.31000,424.57999,427.20999,551600
1602768600,424.07001,431.92001,424.01999,430.45001,556200
1602855000,431.51999,438.32001,430.94000,433.89001,788800
1603114200,432.17001,435.31000,422.09000,424.89999,414200
1603200600,426.16000,427.79001,420.85001,422.87000,442400
1603287000,422.66000,426.29001,421.06000,421.45999,362000
1603373400,421.73001,429.39999,421.48001,427.51999,408600
1603459800,431.06000,432.73999,425.16000,428.60001,270400
1603719000,424.63000,426.82001,414.01999,417.89001,473000
1603805400,405.00000,405.73999,390.00000,394.60001,1415000
1603891800,387.75000,388.98001,365.50000,367.50000,1514600
1603978200,366.57001,375.95999,366.57001,370.81000,936400
1604064600,369.35999,373.32999,362.89999,371.34000,490500
1604327400,377.72000,381.92001,375.53000,380.94000,752700
1604413800,385.73001,390.67999,380.54999,383.35001,623400
1604500200,386.87000,397.54999,381.26999,388.75000,733600
1604586600,398.41000,398.41000,385.62000,386.00000,689600
1604673000,385.23999,391.60001,384.16000,388.42001,646100
1604932200,410.91000,417.25000,389.84000,390.20999,1047500
1605018600,390.25000,401.37000,390.25000,400.98001,676900
1605105000,403.88000,406.82999,399.45001,401.35001,545100
1605191400,399.66000,402.17999,386.19000,390.64999,584400
1605277800,393.29999,397.67999,390.10001,396.39001,546000
1605537000,399.00000,409.01001,396.42001,407.87000,580300
1605623400,402.92999,410.79001,401.29999,405.64999,584400
1605709800,405.26999,410.39001,400.44000,408.37000,585500
1605796200,407.00000,411.12000,406.26999,409.48001,441500
1605882600,409.89001,411.00000,403.54001,405.26001,679500
1606141800,408.82999,409.82999,403.42001,405.72000,458400
1606228200,409.89001,419.85001,405.92999,418.53000,484200
1606314600,420.14999,421.47000,416.92001,418.47000,274900
1606487400,420.45001,421.20999,416.29001,418.79999,257500
1606746600,418.00000,427.39999,418.00000,427.00000,704400
1606833000,429.67001,433.09000,422.20999,424.00000,564600
1606919400,423.82001,423.82001,415.91000,418.01001,351200
1607005800,416.20999,418.85999,408.14001,409.20999,609800
1607092200,409.82001,417.95001,409.82001,417.95001,529800
1607351400,418.37000,421.19000,413.44000,418.98001,368000
1607437800,416.23001,423.14001,416.23001,419.14001,357300
1607524200,418.79999,421.31000,413.85999,419.54001,388800
1607610600,420.09000,420.09000,412.31000,415.00000,440400
1607697000,412.82999,421.22000,412.82999,420.45001,335200
1607956200,422.59000,433.01999,422.59000,422.89001,460600
1608042600,424.76001,431.42999,423.95001,425.95999,463900
1608129000,425.10001,427.31000,420.48001,420.85001,367000
1608215400,422.00000,425.35001,420.60999,425.04001,486500
1608301800,425.45001,430.84000,421.89001,426.19000,1038600
1608561000,419.25000,422.73999,410.35999,422.38000,547900
1608647400,418.42001,419.07999,410.98999,412.92001,564100
1608733800,416.42001,424.01001,415.66000,419.45999,478200
1608820200,419.84000,423.67001,416.28000,420.12000,119700
1609165800,422.51999,424.31000,416.45001,423.14999,287900
1609252200,426.70001,427.39001,416.64001,419.60001,269500
1609338600,420.66000,423.50000,420.41000,421.82001,190000
1609425000,422.51999,431.95001,420.14001,431.09000,330200
1609770600,429.92001,430.98001,414.70999,419.54999,437100
1609857000,419.98001,424.13000,414.14999,419.17999,514900
1609943400,418.53000,426.81000,418.04001,423.39999,711700
1610029800,423.45999,432.09000,422.78000,430.57999,441000
1610116200,431.60001,432.92999,426.13000,431.10001,310500
1610375400,426.82001,438.79001,425.79999,438.53000,697400
1610461800,437.39001,439.57999,427.67001,429.98999,542000
1610548200,429.13000,429.13000,412.75000,413.14999,703400
1610634600,414.03000,414.76999,405.66000,407.41000,683100
1610721000,406.48999,414.37000,402.22000,411.62000,1019200
1611066600,416.00000,421.17999,412.28000,414.42999,497200
1611153000,417.75000,423.51999,415.26999,420.51999,420600
1611239400,420.75000,423.85999,418.57001,421.41000,359800
1611325800,421.67999,421.67999,412.48999,419.22000,412500
1611585000,420.42999,426.47000,417.95999,419.10999,408200
1611671400,420.87000,422.06000,413.89999,417.31000,322600
1611757800,414.04999,421.32999,409.82999,420.00000,588600
1611844200,421.53000,429.57001,421.53000,422.82999,618500
1611930600,420.00000,425.57999,392.56000,392.91000,1192700
1612189800,395.85999,403.06000,389.35001,391.35999,817400
1612276200,393.47000,402.07999,391.12000,398.00000,888800
1612362600,395.79001,403.50000,394.07999,401.69000,619200
1612449000,403.48001,406.00000,400.98001,403.75000,437800
1612535400,406.60001,411.69000,404.25000,404.95001,494500
1612794600,405.69000,409.14001,403.20999,407.16000,378900
1612881000,407.34000,409.38000,402.23001,403.73001,677100
1612967400,407.54999,407.54999,400.63000,401.85001,742100
1613053800,402.76999,404.64999,397.76001,400.01001,341000
1613140200,397.51001,402.09000,395.00000,396.01999,716200
1613485800,397.98001,398.14999,383.60999,383.79999,774700
1613572200,383.79999,388.17999,376.94000,387.12000,1517100
1613658600,385.85001,396.35001,384.56000,395.54999,574100
1613745000,395.54999,396.79001,386.76999,388.91000,736000
1614004200,386.92999,390.14999,382.56000,383.92001,813400
1614090600,386.10999,391.87000,377.19000,387.84000,1053100
1614177000,387.07001,388.35001,373.25000,378.82001,1298500
1614263400,377.94000,381.23999,373.32001,379.10999,747400
1614349800,381.79999,385.51999,377.62000,377.62000,531700
1614609000,379.73001,388.23001,379.73001,384.92001,819200
1614695400,387.01999,387.38000,378.04001,381.09000,502900
1614781800,379.78000,386.00000,378.70001,380.59000,796500
1614868200,379.89001,380.45999,365.23001,371.89001,619100
1614954600,374.84000,378.67001,367.20001,376.94000,637100
1615213800,378.34000,391.03000,375.92001,385.38000,909100
1615300200,386.23999,396.06000,386.23999,389.67001,731500
1615386600,391.57999,391.70001,384.32999,386.06000,556900
1615473000,386.35999,391.23999,384.04001,387.44000,395300
1615559400,389.32001,390.50000,384.76999,386.37000,493100
1615815000,387.12000,394.17999,385.53000,390.85999,543000
1615901400,390.98001,392.48001,385.01999,387.98001,574900
1615987800,392.50000,399.28000,389.79001,393.54999,671500
1616074200,399.16000,407.98999,397.45001,401.26999,794800
1616160600,400.72000,402.32999,394.57001,395.00000,1157800
1616419800,393.39001,403.57001,391.01999,401.29001,488300
1616506200,398.50000,406.75000,398.50000,404.66000,547400
1616592600,404.01001,410.23999,403.64999,406.28000,690700
1616679000,406.20999,406.25000,397.88000,403.35001,631100
1616765400,404.20001,410.57001,401.79001,410.35999,448000
1617024600,407.70001,409.81000,401.76999,408.35001,430500
1617111000,408.00000,408.39001,401.88000,403.01001,347100
1617197400,404.69000,407.09000,401.70999,403.34000,609900
1617283800,405.32999,411.53000,403.54999,410.35001,421800
1617629400,412.20001,416.98999,412.20001,414.84000,249400
1617715800,417.04001,420.34000,414.19000,415.64001,479200
1617802200,414.07999,418.51999,414.07999,414.73999,329000
1617888600,417.44000,422.04001,416.97000,418.20001,381700
1617975000,420.00000,422.98999,418.47000,421.57999,339400
1618234200,420.54001,425.79999,420.54001,425.64999,436900
1618320600,425.54001,425.54001,420.57001,421.62000,285200
1618407000,421.54999,425.51001,418.12000,419.00000,358800
1618493400,421.16000,425.00000,420.17001,424.95001,359400
1618579800,428.56000,428.56000,420.19000,423.29001,477200
1618839000,424.29999,426.64001,421.28000,425.45999,533700
1618925400,424.14999,427.95999,421.75000,426.54999,368700
1619011800,427.01001,432.60001,425.39999,429.64999,387000
1619098200,429.48999,434.73001,428.28000,431.13000,447400
1619184600,432.59000,435.89999,429.97000,434.22000,346600
1619443800,433.48001,437.89999,431.42001,432.37000,402300
1619530200,432.14999,447.94000,430.07001,445.85999,792200
1619616600,447.14001,447.84000,439.04001,442.34000,332200
1619703000,442.92999,448.38000,441.31000,445.85001,297600
1619789400,445.91000,447.57999,443.38000,446.44000,514500
1620048600,447.07999,449.54001,441.85001,445.07001,344600
1620135000,445.00000,450.00000,442.20999,448.38000,452300
1620221400,449.45999,450.48001,442.14001,450.14999,449100
1620307800,448.66000,452.23999,441.89999,446.20001,459700
1620394200,446.20001,449.48999,444.13000,444.45999,327100
1620653400,445.92999,450.50000,443.98001,444.39999,402200
1620739800,442.45999,444.63000,434.91000,440.39999,296800
1620826200,439.73001,439.73001,427.22000,429.38000,501400
1620912600,430.25000,439.06000,428.69000,437.44000,464600
1620999000,439.73001,442.62000,437.39999,438.35001,353000
1621258200,438.10001,439.75000,432.73999,433.04001,444800
1621344600,431.98999,434.88000,429.29001,432.81000,560600
1621431000,430.75000,432.20001,425.14001,431.28000,458900
1621517400,430.28000,438.92999,430.28000,437.50000,683400
1621603800,439.98001,443.69000,438.98999,439.82001,712800
1621863000,442.67999,446.94000,441.01999,444.44000,393800
1621949400,445.42999,448.54001,443.72000,445.87000,333000
1622035800,446.48001,447.94000,441.44000,444.42999,227700
1622122200,446.76999,449.17001,445.20999,447.48999,443700
1622208600,449.03000,452.03000,446.37000,450.01001,339900
1622554200,454.29999,454.85999,445.95999,448.42001,363300
1622640600,449.60999,451.56000,446.92999,449.26001,310000
1622727000,447.23999,449.59000,444.45999,447.10001,353800
1622813400,450.00000,452.88000,448.16000,451.04999,232400
1623072600,450.92001,451.28000,445.97000,446.78000,317700
1623159000,447.62000,451.19000,444.56000,449.69000,347700
1623245400,451.91000,452.72000,448.84000,450.95001,293000
1623331800,452.22000,453.95001,451.39999,453.67001,233800
1623418200,455.00000,460.39001,454.06000,459.23999,387000
1623677400,459.87000,466.62000,458.14999,464.28000,582100
1623763800,464.50000,464.54001,457.48999,462.75000,469100
1623850200,463.87000,465.94000,453.23001,453.84000,468000
1623936600,454.31000,455.84000,448.76001,454.89999,506400
1624023000,450.51999,456.17999,449.23001,449.41000,657600
1624282200,452.14999,459.22000,450.17999,458.29999,328600
1624368600,458.04999,461.97000,457.10001,459.98999,325600
1624455000,458.76001,461.67001,457.13000,457.44000,278200
1624541400,459.85999,462.42999,456.57999,461.60001,363200
1624627800,462.39001,466.66000,461.57001,466.07001,701700
1624887000,463.66000,468.12000,462.42999,468.04001,475000
1624973400,468.92001,471.35999,467.12000,467.63000,450900
1625059800,467.50000,472.09000,465.67999,470.20001,473900
1625146200,470.42999,471.31000,468.45001,470.44000,477100
1625232600,470.29999,473.95999,470.29999,472.60001,327600
1625578200,471.76001,475.64999,469.13000,474.16000,332800
1625664600,474.75000,483.50000,474.75000,481.82001,408900
1625751000,477.51999,477.67001,472.35001,475.23999,402300
1625837400,477.23999,481.38000,476.14999,481.17999,386800
1626096600,483.50000,483.50000,480.64001,482.34000,261800
1626183000,481.62000,483.14999,480.81000,481.72000,311600
1626269400,481.64001,488.01001,480.82999,486.47000,289600
1626355800,485.00000,488.31000,483.48999,486.60001,392500
1626442200,486.66000,491.04999,484.87000,485.98001,342600
1626701400,481.97000,484.17001,477.81000,481.72000,408300
1626787800,483.34000,493.17999,483.34000,491.56000,475000
1626874200,492.62000,494.87000,490.57999,493.79001,446300
1626960600,494.92999,497.10999,490.62000,491.60001,587500
1627047000,495.91000,499.20999,490.20001,496.63000,521000
1627306200,495.94000,497.44000,486.53000,489.78000,492900
1627392600,489.54999,493.35001,485.26999,493.32001,620300
1627479000,493.39999,494.88000,485.87000,488.35999,377700
1627565400,491.00000,493.10999,488.72000,491.85001,479200
1627651800,490.82999,492.42999,489.07999,491.34000,407900
1627911000,494.19000,494.19000,487.63000,488.35001,321200
1627997400,489.19000,493.26001,486.42001,492.29001,345300
1628083800,492.26999,495.92999,488.13000,490.10999,287400
1628170200,492.20001,493.26999,486.39999,489.82001,365000
1628256600,490.39999,492.14999,487.01001,487.95999,307000
1628515800,487.23001,487.29999,482.88000,485.35999,301000
1628602200,487.01999,487.01999,478.20001,479.39999,632800
1628688600,480.79999,482.56000,475.20001,480.48001,636300
1628775000,480.14001,480.67999,475.66000,479.50000,470600
1628861400,481.41000,483.42999,477.76001,480.76001,268300
1629120600,480.09000,486.35001,477.89999,485.19000,288400
1629207000,484.73999,486.39999,481.39999,485.92999,254200
1629293400,483.42001,485.73001,478.20001,478.26001,289800
1629379800,475.79999,480.23999,475.00000,477.09000,540200
1629466200,479.26999,482.14999,477.89999,479.94000,883200
1629725400,481.89999,484.89001,479.53000,482.23999,406400
1629811800,484.50000,484.78000,478.51999,479.44000,236700
1629898200,479.23001,481.37000,476.59000,479.50000,339500
1629984600,479.22000,479.22000,475.92999,478.09000,236500
1630071000,480.10999,483.07999,476.31000,478.54999,222300
1630330200,479.00000,485.26001,478.62000,482.64999,157100
1630416600,482.01999,484.78000,479.45999,483.28000,288500
1630503000,483.64001,485.42999,479.45999,483.23999,297700
1630589400,485.10999,487.01999,482.84000,486.23999,214000
1630675800,485.35001,489.25000,482.79001,486.22000,270700
1631021400,486.54999,487.20001,476.73001,476.73999,305900
1631107800,476.00000,483.37000,476.00000,482.45999,297000
1631194200,482.20999,486.48001,478.01001,478.91000,291300
1631280600,480.85999,481.76001,473.59000,473.95999,334400
1631539800,478.45999,478.45999,467.64001,471.87000,373400
1631626200,472.03000,472.53000,467.79999,468.72000,177300
1631712600,467.82999,476.51001,465.98001,474.79999,249500
1631799000,475.64999,475.64999,470.44000,473.72000,215700
1631885400,471.10001,471.67001,465.92001,466.64999,706000
1632144600,461.98001,467.67999,457.91000,461.51001,386200
1632231000,462.67001,465.87000,458.23999,458.45001,407600
1632317400,461.72000,464.01999,457.91000,460.97000,273100
1632403800,462.41000,465.78000,461.89999,462.73001,264500
1632490200,462.51999,466.04999,461.20999,466.00000,239900
1632749400,463.32999,465.41000,458.87000,461.73001,377000
1632835800,460.50000,461.01001,451.82999,452.91000,279600
1632922200,453.45001,458.94000,452.78000,455.54001,208000
1633008600,457.60001,459.62000,445.79999,446.13000,408000
1633095000,448.81000,451.23001,439.39999,447.57999,357400
1633354200,452.07999,457.60001,444.50000,445.48999,547400
1633440600,445.51001,453.53000,443.98999,446.89999,467400
1633527000,443.57999,454.07999,442.35999,453.82001,510500
1633613400,456.85001,462.39001,451.97000,453.35001,338300
1633699800,454.04999,455.92999,448.47000,451.59000,306400
1633959000,451.25000,454.95999,451.25000,452.23999,275100
1634045400,453.60001,454.48001,450.56000,452.17001,311900
1634131800,453.16000,457.76999,451.16000,456.44000,512800
1634218200,459.20999,463.16000,457.34000,462.79001,234000
1634304600,464.29999,469.88000,464.29999,467.09000,299800
1634563800,464.51999,470.31000,463.70999,468.53000,295700
1634650200,472.41000,475.45999,469.29001,474.13000,271700
1634736600,474.89001,476.75000,471.13000,474.94000,292100
1634823000,473.12000,481.45999,470.12000,481.23999,418100
1634909400,490.00000,505.00000,485.00000,487.20001,598600
1635168600,484.53000,490.88000,478.64001,487.92001,457100
1635255000,488.32001,491.19000,485.97000,488.32001,252600
1635341400,490.23999,491.34000,480.70999,481.19000,320900
1635427800,481.25000,488.07001,481.25000,486.56000,308400
1635514200,486.00000,488.38000,483.41000,487.87000,360900
1635773400,489.20999,490.67001,477.20001,479.19000,335500
1635859800,480.25000,481.07001,476.39999,479.00000,336800
1635946200,477.95001,479.50000,469.44000,478.48999,299100
1636032600,478.69000,488.29999,478.69000,487.64999,427200
1636119000,487.97000,491.85999,482.89999,484.29999,345700
1636381800,485.94000,488.64001,481.07999,488.50000,263400
1636468200,488.50000,489.75000,484.62000,489.38000,377600
1636554600,488.06000,489.73001,481.92001,485.91000,285900
1636641000,485.95001,485.95001,477.09000,479.34000,275000
1636727400,482.60001,488.14999,478.14001,487.73001,245200
1636986600,486.85001,491.54999,485.26001,485.63000,393700
1637073000,487.00000,494.84000,485.84000,492.29001,284300
1637159400,492.79001,493.56000,484.41000,490.78000,317800
1637245800,491.92999,493.85001,484.81000,486.66000,367300
1637332200,488.79999,501.48999,486.53000,498.42999,816100
1637591400,500.00000,501.54001,492.06000,492.85999,290200
1637677800,491.76999,491.76999,482.17999,485.64001,322200
1637764200,484.00000,485.12000,476.97000,484.87000,340000
1637937000,480.29999,485.09000,473.69000,475.37000,280100
1638196200,477.44000,482.85999,475.22000,481.48001,281300
1638282600,478.00000,479.41000,461.28000,464.14999,759600
1638369000,468.37000,472.98999,459.57999,459.57999,375300
1638455400,460.89999,468.32001,460.47000,467.26999,440100
1638541800,468.32999,470.00000,459.78000,466.07001,417800
1638801000,468.67001,474.31000,464.45999,472.17001,286800
1638887400,475.29001,478.60999,469.41000,471.92999,473600
1638973800,470.94000,473.14001,468.54999,471.85999,479200
1639060200,471.50000,471.60001,467.17001,467.82001,252200
1639146600,469.95999,473.60001,468.60001,473.42001,269800
1639405800,474.50000,476.92999,471.16000,475.97000,324200
1639492200,473.78000,475.75000,461.60999,466.29001,406100
1639578600,467.29001,481.70999,467.29001,479.26001,542500
1639665000,481.20999,488.45001,480.00000,486.95001,574300
1639751400,486.72000,487.85999,473.37000,475.51999,849500
1640010600,470.76999,471.32001,461.51001,467.00000,394500
1640097000,470.45001,474.26001,466.06000,472.22000,281000
1640183400,473.01001,474.42999,467.62000,472.95999,454700
1640269800,473.85001,481.06000,473.85001,478.32999,373000
1640615400,481.00000,488.47000,479.23001,488.01999,282600
1640701800,488.54001,492.88000,485.94000,492.09000,371000
1640788200,490.32999,494.32001,489.91000,491.00000,267000
1640874600,490.17001,493.00000,489.09000,489.16000,314800
1640961000,488.25000,494.04001,486.94000,491.85999,241800
1641220200,491.01999,492.35001,472.31000,474.97000,369400
1641306600,475.47000,477.39999,468.98001,470.16000,569900
1641393000,470.89999,474.41000,465.26001,466.53000,494900
1641479400,466.38000,475.44000,463.41000,471.50000,397400
1641565800,469.17999,473.22000,460.98001,461.42999,375300
1641825000,457.50000,458.67001,446.13000,453.63000,619000
1641911400,451.98999,461.48999,445.14001,460.28000,514800
1641997800,463.60001,466.81000,461.34000,464.51999,344500
1642084200,465.78000,466.42001,454.10999,455.73999,422900
1642170600,452.57001,452.64999,436.50000,447.79999,754100
1642516200,441.45001,445.98001,437.57001,445.42999,731700
1642602600,447.95001,454.20999,441.98001,442.48001,529100
1642689000,445.76999,451.31000,438.69000,439.73999,447500
1642775400,440.84000,444.95999,437.16000,437.94000,592700
1643034600,432.48999,434.89999,419.39001,434.45001,967800
1643121000,427.89001,431.19000,419.48001,427.84000,570500
1643207400,431.88000,436.82999,420.31000,426.82001,623900
1643293800,431.67999,433.13000,421.50000,423.48001,583500
1643380200,423.73001,435.64001,417.54001,435.47000,539700
1643639400,433.63000,437.31000,429.88000,437.16000,847600
1643725800,437.04999,442.70999,432.48001,441.98999,647700
1643812200,445.60999,463.10001,445.60999,452.32001,896500
1643898600,454.00000,464.51999,449.69000,461.45999,1082100
1643985000,457.91000,457.91000,446.01001,447.95001,526000
1644244200,448.44000,450.04999,442.82999,443.22000,419900
1644330600,441.82999,448.29001,437.13000,445.79001,367500
1644417000,450.00000,457.73001,448.20999,454.07001,405200
1644503400,449.66000,451.10001,440.13000,442.31000,515800
1644589800,442.84000,445.79001,434.35001,437.82999,469700
1644849000,437.51999,443.66000,436.60999,442.19000,568700
1644935400,446.42999,449.23999,439.44000,441.95001,460800
1645021800,440.07001,445.92001,436.48999,445.00000,386100
1645108200,441.72000,444.60001,437.41000,438.19000,416800
1645194600,439.31000,442.79999,437.26999,440.32999,731400
1645540200,440.85001,444.01001,433.82999,439.20999,524300
1645626600,440.51999,442.20999,428.66000,429.17001,491800
1645713000,420.51999,444.54999,420.03000,444.06000,552500
1645799400,442.79999,450.14999,438.57999,448.42001,400800
1646058600,446.19000,450.23001,439.67001,448.22000,540800
1646145000,449.20999,453.79999,443.10001,446.26001,568300
1646231400,449.26001,450.42001,442.42999,449.07999,571400
1646317800,453.82001,456.51001,447.47000,449.91000,561900
1646404200,447.60001,457.13000,444.26001,454.57999,444000
1646663400,454.26999,455.76999,444.79999,445.17001,460600
1646749800,445.13000,447.79999,434.14001,438.53000,770500
1646836200,442.91000,447.35999,439.13000,443.29001,381200
1646922600,437.09000,440.29001,434.23999,436.39001,496300
1647009000,438.54999,439.42001,432.12000,432.31000,440700
1647264600,431.26999,440.34000,430.60999,435.10001,369200
1647351000,438.39999,447.38000,435.87000,445.79999,321800
1647437400,446.23999,453.92999,442.51999,453.45999,400200
1647523800,451.00000,461.98001,450.76001,461.98001,360300
1647610200,460.00000,468.78000,455.95999,468.54001,905500
1647869400,467.03000,468.39001,459.56000,462.67001,391600
1647955800,463.00000,464.26001,460.70999,463.85999,294100
1648042200,462.57999,464.29001,459.67001,462.01999,259000
1648128600,462.73999,463.98999,458.82001,461.45001,224900
1648215000,462.73999,466.19000,459.38000,465.85999,205900
1648474200,464.85001,472.51001,462.82999,472.26001,260800
1648560600,478.53000,479.76999,470.59000,476.63000,297300
1648647000,475.75000,480.45999,474.14999,478.32001,383500
1648733400,476.20999,480.63000,472.07999,472.23001,601200
1648819800,472.44000,478.50000,470.88000,476.95001,397900
1649079000,477.60999,481.85999,474.73999,481.26001,395300
1649165400,479.14999,485.25000,476.01999,476.73001,629800
1649251800,475.39001,482.14001,471.28000,479.38000,491900
1649338200,478.04999,488.23001,476.67999,485.26999,681100
1649424600,485.10001,486.72000,481.57999,482.16000,479500
1649683800,482.00000,483.88000,477.64999,480.78000,413800
1649770200,481.70001,484.10001,470.28000,470.50000,479700
1649856600,470.67001,472.09000,466.67001,469.00000,434700
1649943000,468.76999,472.12000,460.82001,461.16000,347000
1650288600,459.82999,462.00000,453.34000,456.60999,236400
1650375000,457.82001,463.85001,456.64999,462.75000,371000
1650461400,466.97000,470.47000,464.76999,468.76999,635600
1650547800,473.26999,477.09000,467.54001,469.28000,562800
1650634200,467.62000,470.70999,453.76001,454.07999,620700
1650893400,454.92001,455.98001,447.12000,455.26999,1039100
1650979800,460.42001,476.39001,456.00000,472.01001,1022200
1651066200,473.91000,479.26999,468.04001,474.69000,776700
1651152600,479.75000,487.47000,477.00000,483.39001,553000
1651239000,478.48999,481.66000,465.92001,469.92001,2822200
1651498200,466.00000,469.79001,452.64001,459.28000,805300
1651584600,460.38000,460.87000,449.13000,451.13000,761700
1651671000,449.32999,466.26001,447.14999,464.39001,822600
1651757400,461.35999,465.62000,440.37000,443.50000,763800
1651843800,440.01001,441.89001,432.29001,439.29999,676800
1652103000,433.26999,436.26001,431.14999,432.92001,574300
1652189400,436.97000,438.53000,425.57999,430.59000,674000
1652275800,428.56000,434.29001,425.42999,429.37000,642600
1652362200,423.78000,432.01001,422.13000,428.84000,679700
1652448600,431.20001,435.35999,424.37000,430.32999,655200
1652707800,428.92001,433.44000,424.64001,429.85999,480100
1652794200,435.84000,439.00000,428.95001,432.76001,472500
1652880600,429.35999,430.00000,410.79999,411.48001,643500
1652967000,408.12000,416.28000,402.06000,413.17999,685600
1653053400,416.79999,422.25000,410.64001,417.45999,663400
1653312600,423.16000,426.13000,418.48999,423.91000,624800
1653399000,421.89999,429.00000,421.01001,426.97000,510700
1653485400,424.79001,427.62000,423.20001,425.73999,529300
1653571800,428.39999,434.63000,427.26999,432.51999,412000
1653658200,437.06000,443.89001,436.13000,443.88000,387900
1654003800,439.62000,445.64999,437.14001,442.44000,2166300
1654090200,443.69000,445.54999,429.54001,430.82999,640100
1654176600,431.92001,441.75000,429.53000,441.44000,462700
1654263000,439.10001,439.22000,430.34000,432.06000,511100
1654522200,432.79001,432.79001,423.34000,425.20999,787000
1654608600,421.64999,428.82999,420.01999,428.26001,456700
1654695000,425.16000,426.54999,417.32001,418.06000,451100
1654781400,415.23001,417.85999,405.82999,406.23001,407500
1654867800,400.16000,400.23001,388.76001,390.69000,742400
1655127000,383.39001,392.42999,381.66000,385.23001,1260000
1655213400,385.26001,388.85999,379.63000,380.66000,912800
1655299800,384.73001,389.79001,381.47000,384.31000,789000
1655386200,376.14999,380.14999,371.59000,372.29001,807500
1655472600,372.00000,377.57999,369.51001,374.70999,1620300
1655818200,376.34000,383.23999,376.34000,382.63000,649200
1655904600,378.69000,385.48001,377.69000,383.34000,548600
1655991000,385.48001,394.54999,383.01001,394.28000,734200
1656077400,397.64999,408.91000,396.57001,407.70999,945600
1656336600,406.42999,406.62000,397.69000,398.76999,505900
1656423000,400.01001,402.39999,391.44000,391.69000,467800
1656509400,393.29001,394.82999,390.04001,393.54999,366600
1656595800,390.00000,396.42001,387.12000,394.64999,525700
1656682200,394.84000,401.78000,393.82999,400.67001,392300
1657027800,397.95999,401.94000,391.29999,401.59000,582300
1657114200,403.91000,408.79999,399.31000,404.75000,628200
1657200600,402.26001,405.23001,400.89999,402.39001,440700
1657287000,399.34000,404.79999,398.73001,402.01999,412700
1657546200,398.34000,400.73999,395.07001,397.32999,319000
1657632600,398.10001,401.51001,389.45999,390.94000,605600
1657719000,384.53000,387.39001,380.17999,385.04001,419500
1657805400,381.20001,389.32999,380.73001,388.14001,380400
1657891800,395.22000,397.23001,391.53000,395.14999,489100
1658151000,394.50000,397.23001,390.67999,391.84000,395800
1658237400,396.50000,405.14999,395.51999,404.13000,444600
1658323800,404.81000,410.72000,402.60001,408.38000,439900
1658410200,408.32999,414.72000,407.82001,412.73001,412100
1658496600,414.00000,417.57001,409.76001,410.92001,375600
1658755800,408.79001,415.32999,406.04999,413.38000,440900
1658842200,412.10999,413.56000,408.89001,411.23999,529600
1658928600,412.35001,419.73999,411.20999,418.29001,551700
1659015000,419.25000,437.26999,417.98001,435.69000,547900
1659101400,434.75000,438.76999,431.97000,436.67001,510500
1659360600,432.87000,436.16000,430.09000,432.39001,396900
1659447000,432.88000,432.88000,426.03000,426.29999,418200
1659533400,426.72000,431.06000,424.28000,429.81000,432600
1659619800,428.95999,432.04001,425.88000,430.85001,332400
1659706200,427.23001,432.35999,426.37000,431.92001,310100
1659965400,435.60999,437.39001,429.81000,431.01001,320900
1660051800,428.95001,430.81000,426.20999,428.82999,374400
1660138200,438.84000,439.17001,434.17999,438.67999,398000
1660224600,440.00000,443.32001,433.39001,433.70001,292700
1660311000,435.54001,439.56000,433.20001,439.10001,282700
1660570200,437.70001,441.51999,435.32001,439.41000,244600
1660656600,436.60999,440.04001,434.48001,436.32999,355500
1660743000,432.54999,436.23999,430.14999,434.00000,316900
1660829400,435.64001,435.64001,431.32999,433.75000,318000
1660915800,431.87000,433.48001,427.17001,433.32001,325400
1661175000,429.22000,430.42999,421.48001,422.13000,376800
1661261400,418.48001,421.00000,412.89001,416.73001,699700
1661347800,419.14999,420.73999,416.76001,418.62000,470600
1661434200,421.25000,424.92999,418.89999,424.62000,432300
1661520600,426.91000,429.00000,409.51999,409.82999,372100
1661779800,406.29001,411.91000,406.14001,409.16000,318500
1661866200,411.39001,413.51001,403.98999,407.75000,566300
1661952600,410.97000,412.42001,402.45001,402.57999,630100
1662039000,398.39001,405.66000,398.39001,405.14999,493700
1662125400,409.85999,410.39999,399.42001,400.92001,295500
1662471000,398.45001,400.85001,395.10001,396.92001,502600
1662557400,397.76999,407.98999,397.34000,406.84000,364600
1662643800,404.37000,409.87000,404.37000,408.07999,334100
1662730200,409.20001,411.67001,408.16000,410.16000,542800
1662989400,412.73999,413.73999,407.04001,409.26001,1085900
1663075800,401.76999,404.07999,394.12000,395.17001,526700
1663162200,395.54001,398.95001,394.14999,396.19000,436400
1663248600,395.01999,396.73999,383.89999,384.00000,582600
1663335000,380.67999,385.20001,378.79001,382.10001,891000
1663594200,379.78000,383.53000,377.13000,382.35001,640800
1663680600,379.60001,379.91000,372.87000,378.54001,700500
1663767000,381.17001,384.01001,372.19000,372.39999,370400
1663853400,370.45001,378.37000,370.45001,375.57001,662600
1663939800,373.70999,378.45001,371.89001,378.00000,744900
1664199000,378.87000,381.57999,374.60001,377.07001,791900
1664285400,379.85999,380.97000,364.97000,366.89999,583600
1664371800,369.17999,372.31000,365.57001,370.53000,531000
1664458200,368.07001,369.26999,363.72000,366.75000,446300
1664544600,365.84000,368.25000,359.22000,359.64001,663400
1664803800,363.10001,374.29999,361.69000,372.23999,514500
1664890200,376.72000,382.92001,376.12000,379.95001,445900
1664976600,374.39001,383.25000,374.39001,380.45001,478900
1665063000,380.19000,384.39999,379.50000,380.32999,570200
1665149400,376.76999,377.92001,367.23001,369.37000,577200
1665408600,371.09000,371.89999,364.48999,365.12000,419400
1665495000,365.00000,372.67001,363.01001,364.13000,540100
1665581400,365.22000,369.85999,365.00000,365.95001,699700
1665667800,357.20001,372.23999,356.22000,370.50000,483000
1665754200,374.41000,376.92999,362.72000,363.17999,469900
1666013400,371.20001,373.10999,369.37000,370.94000,373400
1666099800,380.88000,380.88000,370.31000,375.39001,440300
1666186200,370.75000,375.01999,368.85999,371.42999,248700
1666272600,372.45999,373.87000,366.85001,367.41000,451400
1666359000,367.00000,372.57999,365.10999,370.73001,744400
1666618200,373.82001,375.81000,370.56000,372.75000,1057300
1666704600,374.14001,379.98001,373.12000,378.00000,1220900
1666791000,385.16000,397.85999,381.84000,388.64999,1385600
1666877400,392.75000,402.48001,392.75000,400.37000,1003400
1666963800,400.89999,413.85999,400.89999,413.70999,773600
1667223000,411.95999,416.73999,410.91000,414.54001,745700
1667309400,416.69000,418.22000,409.44000,413.70999,570000
1667395800,413.63000,416.92001,402.25000,403.12000,522700
1667482200,395.76001,402.39001,393.98999,397.72000,630000
1667568600,403.00000,403.89001,388.66000,396.03000,857500
1667831400,397.67001,413.04999,397.67001,412.62000,725300
1667917800,415.92999,424.10001,413.22000,416.42999,873000
1668004200,414.78000,417.82999,413.91000,416.20001,549600
1668090600,437.69000,438.42999,429.56000,438.42999,647400
1668177000,438.00000,442.76001,433.95001,438.35999,609200
1668436200,438.10001,441.48001,432.07999,432.59000,521800
1668522600,436.26001,439.35999,431.95001,435.95001,469400
1668609000,435.00000,435.13000,429.44000,431.39999,474700
1668695400,425.14999,430.84000,422.60999,429.62000,458200
1668781800,427.98999,434.98001,422.29001,433.01001,401500
1669041000,431.64999,438.35999,431.54001,434.50000,406200
1669127400,435.72000,437.10999,427.56000,432.73999,557000
1669213800,433.42001,435.97000,431.73001,433.62000,651400
1669386600,433.41000,438.95999,432.54999,436.38000,177700
1669645800,434.66000,435.48001,423.01999,424.03000,549200
1669732200,422.42999,425.35999,420.69000,425.25000,437500
1669818600,423.98001,438.94000,422.41000,438.89001,589500
1669905000,442.12000,446.29999,440.57001,444.73001,389900
1669991400,437.62000,445.56000,436.78000,443.87000,292900
1670250600,443.28000,443.28000,435.51999,436.82001,261100
1670337000,436.82999,436.82999,430.92999,434.06000,275900
1670423400,434.07001,439.42999,431.29999,434.22000,251200
1670509800,434.32999,439.06000,432.79001,433.63000,276500
1670596200,432.45001,434.84000,430.54001,431.32999,270300
1670855400,433.79001,439.98001,431.98999,439.88000,316100
1670941800,450.00000,451.25000,440.01001,443.85001,421600
1671028200,443.14999,448.51001,435.47000,438.79001,377900
1671114600,434.85001,435.78000,426.95999,429.60001,462700
1671201000,426.14999,427.42999,421.09000,424.35999,655100
1671460200,424.03000,428.12000,421.41000,423.35001,282200
1671546600,421.92001,427.17999,420.70001,424.51001,301000
1671633000,427.23001,432.82001,424.84000,430.84000,251000
1671719400,426.41000,428.73999,420.92999,428.51001,369900
1671805800,427.04001,430.26001,425.20001,430.10999,189900
1672151400,430.34000,433.94000,428.26999,433.14999,287800
1672237800,433.84000,436.34000,425.98999,426.17999,200700
1672324200,428.85999,437.82001,427.97000,436.87000,227500
1672410600,434.41000,436.48001,428.31000,432.09000,271600
1672756200,435.81000,436.72000,430.03000,434.45999,334900
1672842600,438.84000,445.28000,436.10001,442.73999,371300
1672929000,439.47000,441.48999,434.13000,435.92001,254800
1673015400,439.92999,443.85001,436.82999,443.67001,467300
1673274600,444.00000,449.39001,442.25000,443.41000,517500
1673361000,443.89001,445.91000,441.01999,443.45999,323100
1673447400,445.92001,452.41000,443.92999,452.10999,304100
1673533800,451.29001,453.42999,445.26001,451.23001,345900
1673620200,447.64999,452.04001,444.92999,450.98001,279600
1673965800,450.98001,452.17999,443.69000,445.06000,512300
1674052200,448.14001,448.72000,436.76999,437.81000,517400
1674138600,435.81000,439.09000,432.17999,432.17999,463200
1674225000,432.29999,442.79999,427.73001,441.59000,462700
1674484200,442.01001,444.57001,439.79999,443.03000,503700
1674570600,444.09000,446.89999,440.97000,446.17999,382400
1674657000,439.26001,444.88000,436.41000,444.23001,382000
1674743400,446.51001,448.94000,440.56000,444.45001,697700
1674829800,438.32999,442.44000,432.78000,434.10999,669100
1675089000,433.16000,433.54999,422.76001,423.48001,808800
1675175400,425.76001,428.17999,420.09000,426.75000,929000
1675261800,421.92999,436.38000,420.25000,433.91000,832900
1675348200,434.89999,440.66000,431.60999,432.54999,806900
1675434600,429.10999,432.35001,425.53000,430.34000,779000
1675693800,429.54999,430.79001,426.20001,430.07999,329200
1675780200,429.00000,435.95999,425.66000,434.54999,411200
1675866600,432.17001,435.00000,426.06000,427.91000,499100
1675953000,431.37000,433.51999,427.06000,428.66000,412900
1676039400,427.75000,429.76001,425.41000,427.39999,463100
1676298600,427.00000,430.85001,426.62000,429.67999,418800
1676385000,429.57001,432.32999,423.67999,426.76001,313500
1676471400,425.60999,426.07999,420.69000,421.59000,690600
1676557800,419.89001,426.28000,417.76001,422.97000,641900
1676644200,423.20001,429.38000,420.82999,427.67999,601700
1676989800,424.42999,426.67001,419.07999,423.20999,639000
1677076200,427.54001,428.04001,420.94000,421.60001,390800
1677162600,427.39001,432.10001,425.63000,431.04001,586800
1677249000,425.20001,429.23999,424.32001,428.44000,402700
1677508200,431.56000,433.57999,428.06000,428.98999,330200
1677594600,427.17001,431.16000,426.89001,430.20001,584400
1677681000,428.84000,431.92999,420.06000,421.20001,539200
1677767400,420.00000,427.53000,419.12000,426.64999,389300
1677853800,426.28000,431.23001,425.32001,430.10999,433600
1678113000,430.48001,433.79999,428.76999,428.94000,315500
1678199400,429.51999,432.20001,421.60999,422.17999,376100
1678285800,422.50000,425.97000,422.16000,424.50000,409500
1678372200,427.84000,433.14001,422.45999,422.79999,486700
1678458600,422.57001,425.17001,417.50000,420.32999,847900
1678714200,420.60999,426.50000,418.17999,421.48001,771900
1678800600,426.29999,429.92001,423.10001,428.07001,648500
1678887000,423.70999,426.48001,416.78000,420.92999,787500
1678973400,419.10001,430.60999,417.34000,428.42001,903700
1679059800,432.06000,432.26001,424.70999,425.66000,1642200
1679319000,427.45001,438.01999,427.45001,432.17999,561900
1679405400,433.70001,436.01001,422.54001,430.44000,948200
1679491800,431.95001,435.82999,428.04999,428.57999,854100
1679578200,428.73999,432.59000,424.45001,425.04999,852600
1679664600,425.16000,430.70001,423.95999,429.59000,673300
1679923800,433.10001,433.14001,429.56000,430.26001,393700
1680010200,429.50000,434.10999,428.84000,432.00000,409800
1680096600,434.29999,435.57999,432.35001,434.34000,809900
1680183000,436.00000,438.98999,435.17001,437.00000,436900
1680269400,439.01001,440.69000,436.35001,440.69000,957000
1680528600,440.23999,443.59000,438.79999,440.79001,609700
1680615000,441.95001,444.57999,436.82999,437.01001,590900
1680701400,437.41000,437.73999,433.98001,437.39999,450100
1680787800,438.29999,438.29999,433.25000,435.70001,363500
1681133400,433.85999,436.35001,431.10001,436.23999,359100
1681219800,436.50000,439.51001,435.78000,438.70999,410900
1681306200,440.25000,445.57001,440.25000,442.48001,659800
1681392600,442.73999,444.44000,437.07001,442.51001,729500
1681479000,441.95999,445.17999,438.07001,439.91000,456700
1681738200,440.19000,443.26999,439.07001,442.92001,410400
1681824600,443.98999,445.63000,440.37000,441.72000,327900
1681911000,441.69000,444.42999,439.87000,443.06000,374100
1681997400,443.60999,446.09000,440.91000,443.19000,484100
1682083800,445.62000,448.35999,443.20999,445.41000,506600
1682343000,447.06000,448.29999,445.47000,447.76001,469700
1682429400,446.89001,447.20999,437.29999,437.35999,530700
1682515800,435.98999,437.48999,430.03000,431.04999,646900
1682602200,435.48999,454.14001,435.48999,452.98001,823500
1682688600,452.00000,457.09000,451.60999,454.78000,560600
1682947800,455.50000,462.48001,453.95999,458.63000,446000
1683034200,459.60999,463.70001,456.89999,460.72000,687700
1683120600,462.19000,463.13000,456.17999,456.42001,406700
1683207000,457.35001,458.25000,451.67999,453.48001,376100
1683293400,455.91000,460.82999,455.44000,458.12000,329700
1683552600,456.17001,460.32999,456.17001,458.25000,341900
1683639000,458.39001,460.51001,457.04001,457.54999,261900
1683725400,460.78000,461.56000,454.98001,459.29999,449700
1683811800,459.38000,459.38000,455.47000,458.45999,344800
1683898200,458.64001,462.54999,458.26999,461.70999,403700
1684157400,462.32001,463.89999,459.54999,461.88000,338700
1684243800,459.25000,461.89999,458.26001,459.82999,307400
1684330200,461.79001,461.79001,453.92999,454.42999,626900
1684416600,453.54001,459.45999,452.39001,458.51001,360100
1684503000,459.85001,461.00000,455.51001,457.72000,340600
1684762200,457.07999,459.48001,454.85001,457.28000,333600
1684848600,454.64999,456.45001,448.87000,449.98001,435800
1684935000,448.38000,448.72000,441.39001,441.89001,641600
1685021400,444.48999,451.35001,441.06000,449.44000,526800
1685107800,451.62000,455.32001,445.54001,449.95999,524100
1685453400,450.64001,455.79999,449.29999,451.73001,619700
1685539800,448.13000,456.67999,448.13000,454.22000,2362400
1685626200,450.14999,454.17001,446.85999,452.79999,604500
1685712600,455.04001,461.25000,454.06000,458.85999,507400
1685971800,458.22000,458.50000,452.35001,454.89001,366300
1686058200,456.26001,457.75000,451.34000,453.97000,370700
1686144600,451.51999,453.67001,447.95001,450.57001,594800
1686231000,449.95001,452.81000,448.85001,452.22000,357300
1686317400,451.98999,453.28000,449.41000,451.79999,516200
1686576600,453.07001,454.16000,448.13000,454.01001,441500
1686663000,454.01001,459.92001,453.82001,455.92001,302600
1686749400,456.00000,458.22000,453.16000,456.44000,371900
1686835800,454.16000,462.73001,454.16000,461.14001,396900
1686922200,463.39999,464.01999,457.26001,458.78000,1015400
1687267800,456.51999,458.92001,454.54001,455.75000,425400
1687354200,455.84000,458.04999,453.17001,456.32999,447100
1687440600,459.22000,462.41000,453.95999,462.01999,516200
1687527000,460.91000,465.45001,460.47000,460.81000,670300
1687786200,460.13000,461.79001,457.44000,460.20001,363500
1687872600,465.14001,472.04001,464.82001,470.87000,622900
1687959000,470.97000,472.72000,469.60999,471.14001,576600
1688045400,470.73001,476.60001,470.26999,476.13000,342900
1688131800,478.03000,482.75000,476.92999,480.79999,556400
1688391000,477.84000,478.04001,472.35001,477.39001,297100
1688563800,473.06000,477.09000,471.92999,476.97000,352800
1688650200,473.48999,479.64999,472.29001,477.00000,517100
1688736600,472.57999,479.63000,472.57999,476.41000,392600
1688995800,476.94000,482.10001,473.64999,475.64999,330200
1689082200,476.85001,478.29001,473.00000,476.92001,486800
1689168600,480.10001,481.89999,475.73999,477.23001,379600
1689255000,478.95001,480.25000,475.79999,478.85001,430100
1689341400,477.98001,480.97000,476.98999,477.63000,349900
1689600600,475.60999,477.07999,472.57999,476.53000,708800
1689687000,473.64001,480.47000,472.17999,480.20001,537100
1689773400,480.95999,483.20001,479.35001,482.63000,568200
1689859800,482.53000,486.45999,480.32001,481.59000,471600
1689946200,500.00000,502.00000,493.29999,499.38000,838000
1690205400,500.13000,502.13000,492.12000,495.16000,745400
1690291800,491.73999,496.22000,487.73999,494.35999,720000
1690378200,491.10001,495.01999,487.01999,493.85001,450900
1690464600,497.22000,498.00000,488.78000,491.19000,421000
1690551000,494.53000,495.60001,489.35999,492.39999,339000
1690810200,494.60001,494.60001,490.17001,493.04999,354800
1690896600,491.51001,494.37000,489.73999,492.64999,279800
1690983000,489.89001,493.97000,488.32001,491.16000,338600
1691069400,489.13000,493.67999,489.07999,490.97000,303000
1691155800,494.34000,494.34000,486.17999,486.70999,234000
1691415000,488.45001,492.78000,488.26999,492.70001,312700
1691501400,492.70001,492.79999,487.88000,491.28000,353100
1691587800,493.00000,493.00000,487.67999,488.56000,372700
1691674200,493.00000,494.95001,487.25000,487.98001,235000
1691760600,487.57999,490.70001,486.17001,489.10999,319600
1692019800,489.03000,497.87000,489.01001,496.20999,376700
1692106200,495.42999,497.51001,494.01999,494.81000,370000
1692192600,495.04001,497.69000,492.20001,495.64001,364000
1692279000,495.07001,496.82999,486.17001,486.73001,346000
1692365400,483.84000,487.23999,482.09000,484.34000,256100
1692624600,484.35999,487.42999,482.73999,485.98999,287000
1692711000,487.31000,490.97000,485.50000,487.57001,258200
1692797400,488.10001,493.98001,487.66000,493.07001,253400
1692883800,495.00000,498.42001,488.50000,488.70999,229000
1692970200,490.82001,496.54999,489.92001,494.79001,206300
1693229400,495.38000,497.07001,493.60999,495.64001,170600
1693315800,493.95999,498.57999,493.95999,498.14999,238600
1693402200,499.10001,504.10999,497.44000,502.62000,298500
1693488600,504.73001,504.73001,498.87000,499.06000,395800
1693575000,500.37000,501.29001,496.59000,499.54001,248800
1693920600,498.98999,502.35999,491.14001,493.39001,299000
1694007000,493.39001,497.04999,492.01999,495.00000,254300
1694093400,493.81000,496.14999,492.48999,494.34000,264300
1694179800,495.42999,497.04001,489.92999,491.51001,382900
1694439000,490.28000,498.57999,490.28000,497.85999,285200
1694525400,496.42001,497.34000,492.03000,493.69000,307000
1694611800,494.94000,499.19000,494.84000,495.48001,373400
1694698200,496.13000,500.57001,495.59000,499.42001,309800
1694784600,499.64001,499.85999,493.39999,495.81000,725600
1695043800,496.64999,502.64001,496.14999,499.16000,229300
1695130200,497.89001,503.79001,497.17999,502.76001,316400
1695216600,503.17999,508.89999,502.20001,504.14999,455500
1695303000,502.51001,502.54999,494.60999,495.63000,472700
1695389400,493.59000,499.17001,492.59000,494.97000,436000
1695648600,494.73999,494.95999,489.44000,492.59000,437900
1695735000,489.13000,489.76999,482.37000,483.45999,377000
1695821400,486.14999,490.09000,483.45001,486.63000,488500
1695907800,486.63000,489.20001,484.39999,487.48999,411800
1695994200,489.51001,489.51001,482.95999,484.28000,422900
1696253400,483.79999,484.85001,480.82001,483.88000,330200
1696339800,479.76999,484.37000,479.32999,480.01999,356600
1696426200,481.42001,489.17001,481.42001,488.14999,359100
1696512600,488.00000,491.64001,484.34000,489.17999,398200
1696599000,488.06000,496.85999,483.88000,494.82999,423700
1696858200,492.35001,499.67001,492.23001,499.56000,275400
1696944600,499.39001,504.00000,496.63000,497.19000,416100
1697031000,498.84000,503.00000,497.85999,502.03000,247200
1697117400,502.00000,505.51001,498.67999,502.29999,251800
1697203800,502.10001,503.41000,495.79001,497.84000,314100
1697463000,500.32999,505.53000,498.82999,501.91000,282000
1697549400,499.37000,502.70001,497.06000,499.92999,396500
1697635800,499.16000,499.16000,492.47000,492.89999,289400
1697722200,491.79999,495.76001,487.45999,487.53000,428300
1697808600,490.00000,490.00000,480.98999,482.12000,481600
1698067800,482.12000,482.79001,477.62000,477.82001,458300
1698154200,481.10001,486.73999,478.39999,482.54999,638200
1698240600,484.76999,505.42001,479.16000,481.20999,911300
1698327000,482.92999,485.69000,478.35999,480.38000,509800
1698413400,478.70999,482.25000,474.45999,475.57001,450100
1698672600,478.87000,486.53000,476.01999,484.79999,509800
1698759000,486.76999,491.60001,484.00000,488.57001,843900
1698845400,490.13000,491.66000,483.56000,487.14999,602500
1698931800,487.37000,495.00000,486.82001,494.04999,722800
1699018200,495.32999,505.73999,495.32999,502.54001,613200
1699281000,504.66000,506.92999,502.57999,503.20001,517100
1699367400,503.00000,507.92001,502.06000,507.06000,486400
1699453800,510.00000,513.21997,507.59000,511.06000,419600
1699540200,511.00000,513.45001,508.07001,509.73999,350100
1699626600,511.41000,518.59998,510.29999,517.15002,534900
1699885800,516.63000,519.46997,513.46997,517.00000,506200
1699972200,518.71002,525.63000,516.27002,524.70001,539500
1700058600,525.08002,528.44000,520.69000,520.88000,423500
1700145000,522.23999,528.07001,521.12000,525.09998,384100
1700231400,528.01001,528.01001,523.23999,524.71997,372500
1700490600,528.35999,529.98999,521.00000,524.71997,353100
1700577000,524.52002,528.44000,524.15002,527.15002,325000
1700663400,529.64001,531.75000,526.53003,528.47998,404100
1700836200,527.27002,529.14001,524.66998,525.59003,280800
1701095400,526.13000,528.12000,523.53998,525.00000,589300
1701181800,526.09003,531.00000,525.37000,525.87000,434400
1701268200,528.35999,531.28003,525.28003,525.83002,377300
1701354600,526.22998,539.33002,526.01001,538.25000,1441800
1701441000,538.25000,540.85999,533.64001,540.58002,608600
1701700200,537.59998,542.03998,534.00000,536.75000,486600
1701786600,535.16998,537.87000,533.46997,535.53998,343300
1701873000,537.95001,538.06000,531.98999,535.37000,351400
1701959400,536.48999,536.48999,532.03998,534.79999,361400
1702045800,533.45001,537.58002,531.71002,536.59998,394000
1702305000,540.00000,544.44000,536.95001,540.21002,593500
1702391400,542.09998,545.01001,542.02002,543.46002,693500
1702477800,544.87000,551.90997,544.53003,550.77002,690600
1702564200,550.77002,551.83002,538.22998,538.83002,985100
1702650600,535.76001,542.00000,532.96997,541.54999,8038300
1702909800,544.44000,544.84998,539.04999,542.96997,653300
1702996200,543.82001,544.54999,537.72998,541.56000,499900
1703082600,540.41998,544.97998,534.81000,534.94000,676200
1703169000,538.50000,541.58002,535.59998,540.29999,407700
1703255400,543.15002,545.85999,541.34998,542.84998,420800
1703601000,543.60999,546.46997,541.75000,543.54999,443600
1703687400,544.70001,545.00000,542.73999,543.75000,539400
1703773800,544.17999,547.38000,543.57001,546.15002,267800
1703860200,546.41998,548.84998,543.78003,545.16998,398900
1704205800,542.38000,545.23999,530.92999,534.48999,618500
1704292200,534.48999,537.42999,530.79999,531.00000,488400
1704378600,526.00000,530.95001,523.51001,524.16998,601000
1704465000,525.00000,526.65002,521.70001,523.07001,444000
1704724200,522.32001,529.34998,522.06000,528.78003,509200
1704810600,528.77002,533.03003,526.92999,531.52002,373000
1704897000,528.96997,531.32001,527.35999,530.29999,401400
1704983400,529.87000,532.85999,528.19000,532.40002,336300
1705069800,535.88000,535.88000,531.06000,534.19000,435000
1705415400,532.47998,537.53003,531.38000,537.27002,428800
1705501800,535.67999,540.00000,532.56000,537.19000,427400
1705588200,535.01001,542.21997,533.66998,541.94000,425000
1705674600,543.29999,548.52002,541.32001,548.48999,427300
1705933800,550.00000,553.40002,547.89001,549.90997,449200
1706020200,550.00000,553.20001,545.90002,552.81000,304000
1706106600,553.41998,554.22998,547.32001,547.77002,353600
1706193000,552.19000,553.37000,548.26001,551.70001,884500
1706279400,552.94000,553.08002,546.40002,549.67999,426300
1706538600,549.31000,556.15997,548.72998,555.92999,413000
1706625000,558.26001,562.69000,555.14001,561.57001,621300
1706711400,527.47998,549.32001,525.17999,537.00000,993200
1706797800,538.57001,546.26001,534.81000,545.81000,561900
1706884200,544.09998,551.27002,538.53998,549.62000,489600
1707143400,548.78998,549.57001,542.06000,545.89001,335600
1707229800,548.37000,548.37000,541.87000,545.29999,348600
1707316200,550.00000,550.64001,546.81000,548.69000,413600
1707402600,550.84003,553.08002,540.38000,545.34003,508800
1707489000,548.48999,550.77002,545.10999,550.26001,388000
1707748200,548.84998,548.84998,540.02002,542.31000,343900
1707834600,536.79999,538.09003,532.03003,535.41998,433400
1707921000,535.90002,541.90997,534.54999,541.71002,460900
1708007400,543.15997,548.92999,538.28998,547.97998,420600
1708093800,549.95001,550.42999,543.98999,545.57001,552700
1708439400,545.57001,547.42999,539.81000,544.10999,440500
1708525800,542.89001,549.51001,540.46002,549.02002,381200
1708612200,552.52002,558.65997,552.52002,555.31000,610300
1708698600,559.15997,559.96997,554.94000,556.87000,985100
1708957800,554.08002,556.57001,545.83002,547.90997,847200
1709044200,548.01001,548.56000,542.52002,547.09998,852200
1709130600,544.39001,545.84003,541.66998,543.45001,457300
1709217000,546.15002,546.15002,539.26001,544.72998,817900
1709303400,541.07001,549.82001,540.59998,547.96002,781700
1709562600,549.34998,552.06000,545.45001,547.21997,521200
1709649000,544.23999,544.23999,534.72998,537.01001,431400
1709735400,537.50000,546.20001,535.59003,540.21002,441900
1709821800,545.14001,549.14001,543.28998,546.32001,301800
1709908200,546.16998,548.54999,544.34998,545.95001,310400
1710163800,545.21002,554.26001,542.90002,553.88000,521400
1710250200,554.59998,558.26001,553.62000,555.20001,465100
1710336600,557.77002,557.77002,547.65997,549.52002,439500
1710423000,549.63000,551.84003,543.87000,547.08002,375900
1710509400,544.41998,551.78998,542.28998,547.34998,877100
1710768600,548.59998,551.16998,545.42999,546.15997,373200
1710855000,547.00000,552.27002,545.78003,551.87000,317800
1710941400,553.09003,556.78003,550.09998,554.06000,442400
1711027800,556.54999,558.63000,554.46002,556.28003,425000
1711114200,558.96997,558.96997,553.03998,556.38000,240500
1711373400,554.03998,554.03998,547.81000,550.94000,576200
1711459800,550.94000,555.59003,549.20001,554.42999,419000
1711546200,557.78998,559.84003,556.53998,559.17999,362800
1711632600,560.00000,563.15002,557.79999,560.84003,478100
1711978200,562.34998,565.00000,552.03003,553.62000,268400
1712064600,552.00000,552.87000,543.41998,545.94000,775300
1712151000,542.91998,549.26001,542.91998,544.67999,927300
1712237400,550.06000,554.37000,537.10999,537.28003,451500
1712323800,537.52002,545.79999,536.87000,543.01001,338800
1712583000,541.33002,545.51001,540.20001,543.22998,371900
1712669400,544.39001,546.85999,541.15997,543.47998,315700
1712755800,538.81000,539.84003,534.48999,535.98999,481800
1712842200,537.77002,544.66998,535.73999,539.64001,398000
1712928600,534.38000,544.90997,534.33002,535.83002,590600
1713187800,542.37000,542.37000,526.96997,528.26001,800100
1713274200,531.00000,532.15997,526.95001,526.97998,405300
1713360600,528.32001,529.70001,525.66998,526.46997,447800
1713447000,530.51001,531.54999,526.16998,527.27002,477300
1713533400,530.07001,535.70001,529.54999,534.38000,776900
1713792600,538.91998,540.66998,534.40002,539.10999,584000
1713879000,539.95001,543.65002,538.47998,539.62000,381500
1713965400,536.26001,538.71002,533.84998,538.01001,631600
1714051800,537.04999,543.10999,533.76001,540.40997,552900
1714138200,530.38000,540.28998,526.52002,526.78003,856100
1714397400,522.39001,526.65997,511.62000,513.58002,698100
1714483800,512.88000,513.19000,508.37000,511.45999,901800
1714570200,512.00000,523.34998,511.12000,514.76001,767700
1714656600,515.44000,515.44000,508.22000,510.82001,694100
1714743000,512.96997,519.52002,511.50000,517.21002,1067600
1715002200,517.59003,518.81000,512.76001,515.53998,651700
1715088600,517.90997,520.92999,516.51001,520.26001,309900
1715175000,521.65997,528.25000,520.91998,521.04999,463200
1715261400,520.64001,523.81000,519.98999,523.33002,311600
1715347800,522.02002,526.47998,521.28003,523.50000,346700
1715607000,526.88000,527.37000,521.14001,521.76001,344400
1715693400,522.00000,523.53998,517.27002,520.83002,419800
1715779800,524.09003,532.75000,522.72998,531.44000,626500
1715866200,532.39001,539.54999,531.17999,538.79999,792100
1715952600,538.79999,544.09998,537.16998,541.89001,787900
1716211800,540.78003,546.67999,540.15997,546.37000,777900
1716298200,545.04999,545.71997,538.22998,541.40002,380400
1716384600,541.46002,549.90002,538.84003,547.45001,512000
1716471000,547.59003,549.84998,543.16998,544.62000,529500
1716557400,544.21002,547.87000,543.65002,544.65997,369900
1716903000,542.03998,542.03998,530.88000,533.02002,518300
1716989400,528.54999,532.81000,528.48999,530.94000,551800
1717075800,527.64001,528.83002,524.32001,526.58002,476500
1717162200,528.40997,533.00000,524.53003,532.76001,765800
1717421400,532.76001,536.35999,529.94000,536.15997,549900
1717507800,534.98999,544.89001,534.98999,543.40002,506400
1717594200,545.00000,547.84998,542.09003,546.91998,374000
1717680600,547.98999,553.65002,545.20001,550.35999,395500
1717767000,552.03998,556.85999,551.04999,554.03003,394000
1718026200,553.34003,556.62000,551.15002,556.50000,313200
1718112600,556.38000,556.38000,550.77002,555.71997,316300
1718199000,557.45001,559.08002,552.13000,558.19000,526300
1718285400,552.65997,556.46002,546.32001,547.16998,482800
1718371800,548.03998,554.73999,547.41998,549.45001,431100
1718631000,549.00000,554.15997,547.63000,553.59003,632800
1718717400,551.73999,561.89001,551.73999,560.09998,496100
1718890200,560.00000,563.91998,556.06000,559.21997,548300
1718976600,564.88000,564.88000,557.58002,561.48999,1028900
1719235800,560.63000,568.67999,558.25000,562.54999,529100
1719322200,565.09003,566.46997,561.82001,562.98999,391300
1719408600,559.97998,562.50000,556.64001,557.53998,372100
1719495000,560.08002,565.42999,556.92999,562.06000,435500
1719581400,561.96997,569.50000,559.94000,563.65997,742900
1719840600,567.10999,568.54999,560.63000,562.63000,360400
1719927000,564.14001,567.53998,561.25000,563.10999,503700
1720013400,563.15002,564.34003,559.03003,560.45001,284800
1720186200,558.32001,563.06000,556.09998,562.56000,324800
1720445400,558.63000,559.81000,553.57001,556.79999,315300
1720531800,557.66998,557.66998,549.23999,550.46997,348700
1720618200,551.26001,553.06000,549.46002,553.06000,443700
1720704600,553.17999,558.15997,553.17999,555.92999,436300
1720791000,558.96002,561.75000,557.01001,558.38000,400700
1721050200,557.88000,560.67999,554.28998,559.15002,566500
1721136600,559.15997,567.41998,558.35999,567.07001,405700
1721223000,570.03998,574.28998,566.58002,571.27002,661700
1721309400,571.27002,573.16998,567.84998,571.19000,352000
1721395800,572.75000,575.00000,564.34998,567.31000,459200
1721655000,570.82001,577.22998,570.25000,576.54999,505300
1721741400,577.50000,579.09998,573.47998,574.27002,430800
1721827800,546.00000,546.00000,520.44000,531.96997,2064400
1721914200,541.13000,548.19000,534.60999,540.89001,1094500
1722000600,550.65002,553.54999,542.27002,548.53003,777900
1722259800,549.08002,555.95001,542.64001,545.69000,400600
1722346200,546.52002,551.50000,541.65997,544.81000,327000
1722432600,548.00000,550.26001,543.00000,544.75000,560500
1722519000,544.45001,549.15002,537.84998,544.40002,441000
1722605400,546.90002,548.01001,532.07001,536.03003,740000
1722864600,571.19000,571.19000,515.88000,517.53003,934500
1722951000,520.50000,529.22998,517.91998,518.14001,596900
1723037400,524.90997,527.13000,514.78998,515.25000,465800
1723123800,518.96997,525.78003,516.38000,523.02002,347100
1723210200,521.22998,527.78998,517.96997,526.78003,300100
1723469400,524.51001,526.23999,519.22998,520.07001,299000
1723555800,520.07001,525.15997,518.87000,525.02002,388500
1723642200,524.22998,528.38000,523.70001,528.00000,272600
1723728600,535.23999,549.07001,532.48999,546.57001,608000
1723815000,548.45001,549.79999,545.35999,548.50000,389800
1724074200,547.62000,550.58002,546.12000,549.88000,273900
1724160600,550.41998,551.87000,544.83002,547.45001,266800
1724247000,549.94000,551.90997,547.39001,551.47998,324400
1724333400,552.58002,554.50000,545.01001,545.96997,456400
1724419800,550.15997,550.66998,542.77002,547.82001,392100
1724679000,547.94000,552.33002,545.34003,546.72998,330200
1724765400,543.31000,551.71002,543.31000,551.20001,341600
1724851800,552.15997,554.60999,549.08002,550.33002,304000
1724938200,555.34003,560.00000,552.97998,553.82001,278700
1725024600,557.38000,557.38000,549.03003,554.40997,407600
1725370200,553.28998,558.14001,549.79999,552.35999,427300
1725456600,552.25000,559.59003,551.65997,558.51001,397300
1725543000,555.34998,557.25000,550.03003,554.90997,315500
1725629400,555.31000,557.89001,546.77002,547.76001,409400
1725888600,549.88000,554.84003,549.88000,553.39001,309600
1725975000,556.53998,556.53998,548.00000,552.33002,314400
1726061400,550.28003,550.57001,537.92999,549.84003,385700
1726147800,550.51001,551.53003,544.51001,551.31000,354400
1726234200,551.87000,555.65997,551.28998,551.84003,297900
1726493400,554.98999,557.58002,552.25000,556.56000,241100
1726579800,556.71002,558.15002,550.62000,551.83002,297600
1726666200,551.65002,554.38000,546.21997,549.92999,281300
1726752600,558.87000,561.77002,556.08002,560.85999,521400
1726839000,554.60999,562.14001,552.40997,558.03998,1507100
1727098200,559.95001,560.02002,556.84003,557.75000,349600
1727184600,556.72998,556.72998,550.79999,551.97998,357500
1727271000,552.00000,553.08002,547.29999,548.35999,401600
1727357400,551.15997,553.33002,549.65002,552.50000,415200
1727443800,553.13000,558.04999,552.26001,553.79999,310500
1727703000,554.19000,558.04999,549.34003,556.44000,593300
1727789400,556.59998,556.59998,546.57001,548.27002,445900
1727875800,549.37000,552.21002,545.90002,551.37000,367000
1727962200,549.00000,552.64001,545.03998,548.92999,623400
1728048600,552.04999,552.04999,542.73999,544.85999,316600
1728307800,540.15002,541.53003,537.34998,537.87000,388700
1728394200,537.12000,543.45001,535.65997,542.90997,309200
1728480600,543.75000,550.17999,539.66998,545.92999,512300
1728567000,544.71997,545.33002,539.27002,539.45001,577100
1728653400,540.26001,552.31000,539.21997,551.54999,843500
1728912600,554.09003,555.00000,551.04999,553.83002,271900
1728999000,554.91998,561.31000,553.47998,556.17999,381600
1729085400,552.53003,561.59998,549.65002,560.85999,365300
1729171800,563.62000,566.46997,560.13000,563.73999,411500
1729258200,563.73999,565.78003,557.20001,557.62000,320500
1729517400,555.81000,558.46997,551.14001,556.79999,422000
1729603800,555.23999,556.01001,550.72998,552.09998,519100
1729690200,550.00000,550.00000,535.00000,542.94000,718600
1729776600,543.71002,550.66998,542.00000,542.09998,369900
1729863000,546.59998,547.33002,540.00000,542.00000,535300
1730122200,543.00000,545.78003,541.00000,545.13000,282800
1730208600,543.66998,553.08002,541.96997,548.81000,424800
1730295000,548.46002,551.94000,543.54999,547.22998,626300
1730381400,547.22998,547.78998,537.51001,537.72998,567000
1730467800,536.59998,542.64001,536.10999,540.90997,510800
1730730600,542.03003,542.25000,533.31000,542.08002,416300
1730817000,543.65002,545.60999,539.83002,542.70001,422100
1730903400,550.82001,567.94000,544.15997,564.66998,678400
1730989800,565.82001,573.71997,563.03998,572.26001,580200
1731076200,575.00000,575.00000,566.40997,567.62000,391900
1731335400,567.76001,573.91998,564.85999,565.14001,388000
1731421800,564.09003,565.97998,559.71002,564.77002,539700
1731508200,561.21002,574.13000,561.21002,571.20001,372100
1731594600,573.72998,573.72998,563.82001,564.77002,549700
1731681000,562.78003,565.16998,547.28998,548.22998,581300
1731940200,547.63000,550.38000,545.15997,549.37000,566000
1732026600,544.66998,549.62000,542.19000,547.96002,356200
1732113000,549.51001,552.27002,545.73999,549.45001,360800
1732199400,550.38000,555.28003,547.69000,554.26001,536900
1732285800,555.54999,562.09003,555.54999,560.14001,250000
1732545000,563.09003,565.46002,556.78998,557.94000,531400
1732631400,559.31000,562.23999,553.82001,561.89001,360700
1732717800,561.17999,564.75000,557.27002,564.34998,358600
1732890600,563.39001,569.51001,561.20001,566.44000,365700
1733149800,566.44000,569.28998,561.94000,568.63000,595900
1733236200,564.28003,567.51001,559.78998,566.85999,509000
1733322600,571.27002,580.09003,567.70001,575.95001,699700
1733409000,571.00000,571.00000,550.41998,557.90002,750900
1733495400,557.00000,560.00000,550.06000,551.20001,544800
1733754600,549.83002,551.07001,547.06000,548.41998,528400
1733841000,547.83002,552.27002,540.90997,549.46997,587900
1733927400,551.88000,553.46002,549.71002,550.39001,495700
1734013800,549.40997,552.20001,545.28003,548.03003,324400
1734100200,543.65002,545.85999,540.34003,543.65997,590300
1734359400,543.03998,545.84998,541.78003,542.03998,598100
1734445800,540.82001,543.65002,536.40002,536.75000,1086900
1734532200,536.75000,538.02002,526.34003,526.71997,840900
1734618600,528.56000,532.67999,521.45001,521.75000,644700
1734705000,519.64001,530.53998,518.50000,525.40002,1742100
1734964200,522.90997,526.25000,522.04999,524.94000,546900
1735050600,522.83002,528.16998,521.64001,528.14001,228100
1735223400,525.31000,528.54999,525.22998,527.23999,312600
1735309800,525.06000,527.59003,520.21002,523.90997,422400
1735569000,519.51001,521.82001,513.90997,519.87000,357200
1735655400,521.06000,522.02002,516.90997,519.84998,451900
1735828200,524.70001,524.70001,513.62000,513.78998,653400
1735914600,520.65997,520.65997,513.21002,514.64001,478700
1736173800,512.73999,513.45001,504.76001,507.10001,969000
1736260200,508.47000,513.65997,504.53000,507.10001,621700
1736346600,507.32001,511.87000,504.31000,510.29999,960700
1736519400,507.47000,510.76001,502.10001,502.70999,575600
1736778600,499.47000,509.85999,499.47000,508.00000,572700
1736865000,506.76001,511.87000,505.60001,510.69000,535800
1736951400,517.97998,521.01001,513.77002,517.96002,1000800
1737037800,518.79999,520.20001,515.81000,519.09998,619700
1737124200,529.06000,529.06000,520.07001,522.32001,763800
1737469800,524.09003,531.41998,523.03998,530.78998,686400
1737556200,530.88000,535.92999,529.90997,534.45001,481100
1737642600,531.09998,533.35999,528.03998,533.23999,387600
1737729000,532.46002,535.00000,529.34003,531.37000,385400
1737988200,527.90997,541.66998,527.20001,541.33002,748400
1738074600,540.10999,553.25000,535.69000,549.62000,686000
1738161000,547.90002,549.90997,542.85999,543.02002,691300
1738247400,565.98999,584.31000,561.59998,570.59998,1153800
1738333800,572.00000,581.91998,570.07001,575.65002,1158100
1738593000,575.23999,581.50000,569.67999,577.03998,892400
1738679400,578.07001,579.62000,571.15997,577.66998,768100
1738765800,578.14001,582.25000,573.12000,581.41998,484800
1738852200,582.37000,583.77002,577.71002,583.41998,714800
1738938600,583.45001,584.42999,572.58002,572.76001,496600
1739197800,573.29999,575.26001,567.40997,574.52002,569100
1739284200,570.50000,581.42999,570.50000,581.34998,552900
1739370600,573.63000,575.82001,566.46002,566.76001,688500
1739457000,569.38000,575.42999,565.28003,573.42999,400400
1739543400,575.00000,577.92999,572.92999,573.58002,353200
1739889000,572.92999,574.14001,569.47998,572.53003,550800
1739975400,572.53003,577.95001,568.14001,577.03998,478000
1740061800,574.96002,581.88000,569.01001,581.41998,474700
1740148200,579.39001,580.40002,573.53998,574.04999,634300
1740407400,575.12000,579.90002,572.28003,576.58002,512100
1740493800,578.14001,593.90997,577.09003,587.34003,984000
1740580200,585.20001,586.90997,574.42999,575.15002,646000
1740666600,574.03998,579.95001,571.97998,572.50000,549100
1740753000,579.04999,584.92999,573.65997,584.50000,911100
1741012200,588.48999,592.00000,583.15002,585.81000,709900
1741098600,586.40997,590.00000,582.45001,584.83002,870700
1741185000,582.57001,595.16998,581.98999,593.81000,629100
1741271400,589.75000,592.34998,582.85999,588.28998,569800
1741357800,585.62000,589.91998,577.96997,588.38000,462700
1741613400,586.83002,591.15997,574.08002,576.45001,748700
1741699800,576.09998,576.70001,563.92999,565.75000,611700
1741786200,566.65997,569.22998,559.59998,566.41998,621500
1741872600,563.44000,567.90002,560.78003,562.88000,431800
1741959000,566.31000,571.78998,565.71997,569.28998,428900
1742218200,569.28998,578.23999,569.28998,575.59003,499000
1742304600,573.84003,577.38000,569.65997,576.85999,459800
1742391000,579.21002,580.33002,572.28003,577.83002,488800
1742477400,574.31000,577.44000,570.84998,575.45001,439200
1742563800,569.91998,573.09003,564.26001,572.17999,879700
1742823000,577.28998,579.53998,574.15997,576.65002,568900
1742909400,575.77002,582.15997,572.52002,579.07001,735500
1742995800,579.56000,585.27002,579.56000,582.71002,336500
1743082200,587.66998,594.25000,578.10999,592.54999,627300
1743168600,589.35999,591.71997,580.62000,582.64001,876500
1743427800,582.83002,592.01001,580.19000,589.58002,994700
1743514200,585.79999,593.00000,584.22998,590.78003,438600
1743600600,584.19000,592.95001,580.07001,590.35999,411900
1743687000,589.85999,590.50000,576.81000,579.70001,994200
1743773400,576.78003,578.34003,540.76001,541.79999,1672600
1744032600,533.04999,547.67999,519.52002,532.53998,1109300
1744119000,534.82001,541.89001,513.91998,519.19000,806300
1744205400,517.51001,556.26001,513.87000,553.76001,1153100
1744291800,547.94000,554.46997,533.09998,549.59998,944000
1744378200,548.75000,564.71997,543.32001,560.15997,669100
1744637400,568.44000,570.72998,558.65997,565.88000,378400
1744723800,569.88000,571.67999,563.34003,567.08002,340700
1744810200,562.58002,569.89001,552.53003,556.27002,635200
1744896600,561.50000,564.46997,556.42999,557.23999,343100
1745242200,550.41998,555.34003,534.90997,539.27002,372600
1745328600,545.58002,551.78998,543.54999,551.29999,517600
1745415000,555.82001,564.12000,550.34998,551.08002,623400
1745501400,551.12000,561.42999,548.00000,559.65997,674300
1745587800,559.23999,559.23999,551.03998,557.70001,671000
1745847000,537.95001,558.20001,535.53003,551.95001,805900
1745933400,553.41998,558.06000,552.03003,556.16998,716500
1746019800,554.90002,560.90002,547.75000,560.08002,670400
1746106200,564.14001,564.21002,556.53003,557.59003,590200
1746192600,562.09998,569.40002,562.09998,566.03998,556000
1746451800,565.91998,575.32001,563.31000,571.13000,647800
1746538200,565.45001,574.02002,560.94000,569.70001,584900
1746624600,570.42999,576.42999,569.48999,574.28998,396000
1746711000,576.76001,582.16998,572.52002,574.97998,485200
1746797400,574.53998,574.53998,564.37000,570.47998,333200
1747056600,579.91998,579.91998,566.79999,575.84003,750900
1747143000,577.82001,582.57001,575.46002,577.07001,554600
1747229400,572.81000,576.87000,563.48999,565.94000,623100
1747315800,565.73999,574.77002,565.28003,574.40002,515800
1747402200,579.01001,583.02002,574.21997,582.88000,611500
1747661400,581.75000,584.03003,578.40002,580.46997,533500
1747747800,577.90997,578.66998,573.73999,578.21002,460200
1747834200,573.76001,583.95001,569.92999,572.81000,432200
1747920600,568.45001,573.09003,568.45001,569.07001,346400
1748007000,564.42999,569.72998,563.79999,567.03003,375100
1748352600,571.21002,574.72998,568.42999,573.82001,433700
1748439000,574.27002,576.54999,568.65002,569.13000,360900
1748525400,570.13000,571.52002,562.53998,564.27002,782000
1748611800,564.95001,572.70001,563.20001,570.27002,808800
1748871000,565.94000,568.38000,563.08002,566.69000,385700
1748957400,564.39001,568.21002,561.84003,567.87000,332500
1749043800,567.28003,569.28998,563.29999,568.01001,737200
1749130200,568.40997,571.08002,565.50000,569.48999,656700
1749216600,572.78998,575.00000,570.98999,572.87000,336700
1749475800,572.23999,576.48999,568.20001,573.08002,419300
1749562200,562.72998,574.32001,562.72998,572.17999,352900
1749648600,572.08002,573.79999,568.71997,569.56000,336700
1749735000,570.06000,573.08002,569.77002,572.03003,274900
1749821400,566.67999,570.84003,560.27002,560.75000,436800
1750080600,562.47998,567.90002,562.47998,565.65997,372600
1750167000,565.32001,565.90997,559.57001,562.58002,454900
1750253400,562.58002,562.58002,555.03998,555.75000,447100
1750426200,558.97998,564.35999,557.78003,561.98999,1124300
1750685400,562.59003,566.28998,558.14001,566.17999,374700
1750771800,568.50000,571.54999,563.28003,571.02002,460600
1750858200,570.84003,573.09998,562.98999,566.94000,494400
1750944600,566.08002,566.38000,558.28003,565.31000,509800
1751031000,565.31000,569.37000,560.65002,563.51001,653000
1751290200,564.69000,567.63000,562.00000,566.84003,910300
1751376600,567.23999,574.95001,565.90997,572.71002,563400
1751463000,571.72998,571.72998,563.57001,566.08002,460600
1751549400,569.95001,574.81000,568.72998,573.00000,244000
1751895000,573.00000,575.77002,565.32001,566.00000,651900
1751981400,564.45001,569.34003,562.19000,564.59003,699400
1752067800,566.00000,571.35999,551.51001,558.64001,861800
1752154200,553.59003,555.88000,544.66998,549.79999,944600
1752240600,549.83002,551.96997,545.75000,547.46002,743000
1752499800,546.02002,548.58002,541.20001,548.33002,545800
1752586200,548.41998,551.02002,544.78003,544.82001,669100
1752672600,545.59003,548.95001,541.90002,545.22998,669500
1752759000,543.28003,546.98999,543.28003,546.34998,461000
1752845400,549.52002,549.52002,540.40002,544.78998,642200
1753104600,549.62000,555.92999,535.70001,551.90997,914200
1753191000,554.15997,564.63000,551.41998,563.84003,812400
1753277400,563.84998,566.23999,556.41998,557.02002,885400
1753363800,556.53998,562.85999,554.21002,560.37000,544500
1753450200,560.70001,563.40997,557.10999,563.03003,278500
1753709400,561.62000,564.15997,558.76001,559.03003,439600
1753795800,561.70001,563.33002,556.19000,563.06000,695800
1753882200,563.58002,564.67999,549.95001,552.34003,666600
1753968600,550.67999,556.22998,549.00000,550.40002,708100
1754055000,551.09998,551.10999,539.90997,542.10999,497000
1754314200,543.03998,547.14001,542.04999,546.41998,473800
1754400600,549.23999,549.23999,537.37000,537.92999,668800
1754487000,539.83002,542.21002,535.88000,541.84003,493700
1754573400,546.03003,546.52002,535.32001,536.71002,423300
1754659800,536.71002,538.83002,531.59998,534.38000,358700
1754919000,534.38000,536.96002,525.77002,527.47998,504900
1755005400,527.77002,529.95001,518.21997,519.50000,844900
1755091800,521.41998,523.96002,514.04999,522.53003,1105800
1755178200,523.54999,526.09998,518.09998,524.96002,890000
1755264600,523.63000,530.62000,523.19000,529.64001,697600
1755523800,529.98999,533.97998,529.98999,532.28003,735600
1755610200,532.28003,538.03998,531.00000,532.59003,762700
1755696600,536.27002,544.94000,533.39001,540.52002,1337500
1755783000,537.37000,540.34003,526.65997,526.94000,1191400
1755869400,529.75000,538.21002,528.01001,536.84003,673500
1756128600,535.90002,536.57001,529.26001,530.28998,570700
1756215000,529.00000,531.09003,522.34003,524.45001,752700
1756301400,525.31000,529.84003,523.48999,528.65997,656800
1756387800,528.21002,528.83002,524.88000,526.59003,794000
1756474200,529.50000,532.17999,524.10999,526.31000,872100
1756819800,524.09003,525.01001,516.25000,518.98999,681100
1756906200,517.28003,524.67999,517.28003,524.13000,713000
1756992600,523.09003,527.22998,521.32001,527.12000,441600
1757079000,530.00000,530.00000,516.78003,518.44000,700600
1757338200,519.09998,524.07001,517.51001,523.42999,1086000
1757424600,521.69000,524.90002,518.46997,519.66998,969000
1757511000,519.44000,519.44000,509.13000,513.22998,1117900
1757597400,514.00000,519.20001,513.00000,517.38000,849800
1757683800,515.58002,517.15997,512.03998,512.53003,615400
1757943000,512.53003,514.39001,504.26001,505.23001,689100
1758029400,505.00000,506.26001,499.00000,502.44000,1871700
1758115800,504.38000,517.44000,503.73999,509.64999,940800
1758202200,509.64999,513.12000,507.60999,509.01001,736900
1758288600,508.51001,509.47000,502.95001,504.62000,1437900
1758547800,501.50000,510.45999,501.45001,509.63000,665300
1758634200,507.39001,508.73999,502.14999,503.98999,1097900
1758720600,503.48999,507.34000,502.37000,505.67999,765700
1758807000,506.22000,506.82001,492.25000,495.03000,949300
1758893400,495.22000,500.32001,494.07999,499.31000,560900
1759152600,500.22000,501.14001,494.78000,500.95999,729100
1759239000,500.45001,502.07999,495.81000,498.69000,804800
1759325400,499.26001,504.00000,495.54999,497.97000,969100
1759411800,495.44000,500.29001,495.44000,497.59000,881200
1759498200,497.26999,504.91000,497.26999,499.95001,1075500
1759757400,501.89999,507.35999,497.12000,506.98999,1210200
1759843800,505.84000,511.01999,503.64001,510.57001,1019400
1759930200,512.13000,521.28003,509.45001,520.00000,1513200
1760016600,519.90002,520.04999,511.45001,518.07001,776900
1760103000,520.71997,520.84998,503.89999,509.00000,1290900
1760362200,507.35001,513.84998,504.10999,512.72998,731400
1760448600,508.39999,515.32001,506.79001,513.82001,712600
1760535000,507.79999,515.57001,499.16000,499.73001,1057400
1760621400,500.17001,503.32999,497.57001,500.07999,837000
1760707800,500.04001,505.04001,498.42001,504.51999,716300
1760967000,504.51001,506.97000,501.51999,505.89001,887200
1761053400,507.28000,517.50000,505.89999,514.52002,622300
1761139800,510.98001,519.09998,508.57001,508.95001,1147900
1761226200,467.06000,481.48001,456.98999,479.95999,2230200
1761312600,482.59000,483.35999,474.79999,478.79999,1059300
1761571800,476.51999,476.53000,458.92001,463.73001,1631100
1761658200,463.73001,464.98001,455.70999,456.16000,1500200
1761744600,451.57999,454.78000,444.13000,446.28000,1657800
1761831000,446.31000,453.03000,442.69000,443.39999,1443300
1761917400,439.07999,448.00000,435.42001,446.14999,1164800
1762180200,447.54001,448.84000,437.37000,448.54001,1440100
1762266600,450.10999,451.45001,444.57001,449.31000,1193400
1762353000,446.13000,451.41000,444.35999,445.82999,1076000
1762439400,443.56000,447.32001,440.95001,444.48001,991200
1762525800,444.97000,448.85001,443.76999,447.04999,769700
1762785000,445.00000,451.98001,441.84000,449.82001,821700
1762871400,448.79001,449.39001,441.29001,443.26999,772900
1762957800,443.29999,455.79999,441.03000,455.20001,923600
1763044200,453.47000,454.66000,446.85999,447.75000,859400
1763130600,446.89001,451.04999,441.38000,449.50000,874500
1763389800,448.66000,449.97000,443.50000,443.88000,652100
1763476200,443.39999,448.64001,442.23001,444.41000,1071000
1763562600,442.07001,445.57999,437.39999,444.78000,1021100
1763649000,448.45001,448.45001,440.14999,440.85999,774200
1763735400,440.94000,449.79001,440.94000,443.75000,1085000
1763994600,442.57001,445.97000,438.73001,439.64001,1453100
1764081000,440.60999,447.29999,439.39999,446.41000,755900
1764167400,445.73999,448.17999,443.73001,446.07999,532500
1764340200,447.95999,449.79999,446.00000,446.22000,328300
1764599400,444.45999,446.26001,441.79999,443.57999,884200
1764685800,445.32001,446.04999,440.81000,444.14999,706400
1764772200,439.95999,446.29001,439.95999,445.89001,565900
1764858600,445.91000,448.14001,442.64001,444.78000,609100
1764945000,444.07999,449.70001,443.97000,447.56000,802200
1765204200,448.35999,449.76001,445.75000,446.70999,801700
1765290600,446.13000,449.06000,439.25000,440.64001,759500
1765377000,440.38000,445.07001,439.41000,442.28000,1175900
1765463400,442.50000,449.69000,441.76001,445.84000,954900
1765549800,445.84000,450.35001,445.14999,445.85999,1765600
1765809000,447.66000,448.85999,439.82999,443.60001,1915400
1765895400,442.42001,445.92001,439.89001,443.78000,1352000
1765981800,442.48999,453.84000,441.04001,452.23999,2056900
1766068200,449.06000,454.81000,446.81000,450.51001,2344000
1766154600,449.63000,451.03000,443.64999,444.98999,2952700
1766413800,443.34000,450.59000,442.00000,449.25000,742900
1766500200,449.14001,449.44000,446.01999,449.34000,598800
1766586600,447.91000,451.69000,446.87000,451.17999,233700
1766759400,450.56000,451.60001,449.20001,450.82999,283600
1767018600,450.82999,452.78000,449.42001,450.84000,528400
1767105000,449.73999,452.28000,449.38000,450.07999,430800
1767191400,450.39999,451.53000,444.53000,445.13000,507500
1767364200,444.73001,445.00000,428.19000,434.54001,914300
1767623400,429.94000,436.31000,427.89001,431.66000,1189300
1767709800,430.00000,437.38000,430.00000,436.54001,774400
1767796200,436.54001,440.00000,433.95999,437.60001,894700
1767882600,433.12000,439.29001,432.29001,434.47000,752300
1767969000,433.42001,437.16000,431.81000,434.81000,612500
1768228200,433.57001,434.79001,430.81000,432.39001,639100
1768314600,430.37000,431.17001,420.42001,426.35999,796600
1768401000,424.06000,428.92999,421.48001,424.20001,822900
1768487400,423.73999,424.04999,412.32999,414.25000,1774200
1768573800,412.41000,416.73999,407.03000,416.14001,1421400
1768919400,412.45001,414.32001,400.20001,403.76001,1483500
1769005800,403.76001,406.35999,399.09000,404.66000,1415100
1769092200,404.01999,410.00000,402.97000,407.48001,1302900
1769178600,406.01999,412.10001,403.73001,407.60999,1712300
1769437800,409.48999,413.00000,407.32001,408.67001,1524400
1769524200,368.50000,382.85999,345.92999,369.26999,5077700
1769610600,367.95999,368.20001,356.01001,360.37000,2940700
1769697000,355.67999,365.66000,353.35001,365.00000,2487200
1769783400,362.28000,371.59000,360.00000,371.23001,3072200
1770042600,372.79001,375.56000,369.85001,372.60999,2476200
1770129000,362.79999,364.37000,343.92001,348.82001,3248300
1770215400,346.14001,361.16000,346.14001,359.70999,2805500
1770301800,358.85999,365.20999,349.57001,351.00000,2827400
1770388200,353.45999,363.54001,351.00000,362.42001,1945500
1770647400,357.20999,358.48001,349.03000,351.70999,1966100
1770733800,350.45999,354.97000,345.25000,348.84000,1776000
1770820200,347.20001,347.64001,331.22000,333.79999,2433700
1770906600,334.47000,335.01001,317.67001,319.82001,2736100
1770993000,319.85001,325.60999,318.01001,321.41000,1640500
1771338600,321.72000,323.39001,313.07001,315.53000,1808500
1771425000,316.79999,328.79999,313.73999,327.60001,2136200
1771511400,329.48999,335.00000,328.29001,332.00000,1753100
1771597800,330.26001,337.63000,330.26001,335.79001,2482700
1771857000,334.92999,337.09000,329.82001,335.70001,2223100
1771943400,335.82001,341.42001,333.98001,337.70001,1565400
1772029800,337.89001,344.79001,336.03000,344.23999,1560400
1772116200,346.14001,354.64999,345.39001,352.14999,1836700
1772202600,348.79001,349.95999,345.00000,349.73001,1344400
1772461800,348.00000,356.03000,346.51001,353.92999,1372300
1772548200,348.56000,357.81000,346.50000,356.00000,1293400
1772634600,356.45999,366.44000,354.06000,361.26999,1612500
1772721000,362.00000,369.26999,360.03000,366.01999,1527200
1772807400,365.70999,368.37000,358.60001,367.50000,1621000
1773063000,363.79001,365.76999,358.88000,363.06000,1326300
1773149400,362.51001,364.39001,349.42999,353.87000,1247000
1773235800,356.54999,360.00000,348.56000,352.25000,1171600
1773322200,352.47000,357.10999,346.44000,346.78000,1494900
1773408600,349.82999,353.28000,346.13000,351.00000,1487400
1773667800,350.67001,353.54001,349.07999,352.20001,989300
1773754200,353.54999,360.00000,350.51999,352.89001,845700
1773840600,350.39999,353.95999,348.06000,350.79001,1337200
1773927000,352.14001,359.53000,351.57999,353.26001,1611800
1774013400,352.10001,355.76999,349.23001,353.67999,2933700
1774272600,354.89999,356.82001,351.85001,353.48001,1478900
1774359000,350.59000,351.32999,343.35999,345.92999,1416500
1774445400,348.82001,351.85999,340.41000,346.72000,994500
1774531800,346.98001,356.50000,344.26999,351.07001,1197800
1774618200,349.89001,351.59000,343.87000,344.42001,1246700
1774877400,345.73999,354.03000,341.42999,351.95999,1299100
1774963800,352.51999,355.54001,343.28000,353.85999,1517500
1775050200,351.47000,356.47000,347.54001,355.87000,1350900
1775136600,360.10999,363.44000,354.51001,357.88000,1087200
1775482200,357.06000,360.57001,353.67001,360.19000,907400
1775568600,359.64001,361.75000,357.45001,358.82999,762900
1775655000,359.84000,362.47000,355.20001,355.85001,817200
1775741400,353.26001,354.45001,345.67999,349.88000,1339500
1775827800,349.32001,350.07999,342.07999,343.14999,1184500
1776087000,343.57001,358.25000,343.57001,356.35001,1529100
1776173400,356.06000,360.57999,353.44000,354.00000,999400
1776259800,357.63000,359.79999,355.12000,358.09000,1128000
1776346200,362.57999,365.45001,360.35999,361.88000,1340400
1776432600,367.69000,367.69000,358.51999,362.44000,1113500
1776691800,360.70001,365.00000,358.39001,359.87000,990200
1776778200,361.94000,367.73999,359.76999,362.92999,1213900
1776864600,363.00000,368.10999,362.26999,364.73001,1167500
1776951000,379.42001,384.00000,360.70001,363.76001,1615600
1777037400,364.87000,364.87000,349.26999,353.39999,1341400
1777296600,352.85999,354.98999,348.23001,352.45001,1103700
1777383000,356.85001,361.14001,352.75000,354.12000,1234100
1777469400,353.28000,356.20001,350.01001,355.97000,1146300
1777555800,352.04999,356.16000,349.01001,354.81000,1275600
1777642200,359.37000,363.60001,354.89999,358.22000,993000
1777901400,356.81000,360.89999,354.19000,355.23001,995800
1777987800,354.81000,356.95999,349.28000,356.56000,808500
1778074200,354.31000,356.98001,348.87000,350.26001,1578100
1778160600,350.26001,357.26001,350.26001,352.44000,966300
1778247000,349.89999,351.31000,340.67999,343.32001,1178500
1778506200,339.76999,339.76999,327.88000,328.79999,1365300
1778592600,331.23001,333.89001,322.73001,323.94000,1002300
1778679000,320.57001,320.88000,305.95999,316.25000,1583000
1778765400,315.59000,320.60999,312.07001,317.95001,1180200
1778851800,320.07999,325.10001,319.72000,320.89999,1365400
1779111000,320.70999,331.44000,319.13000,331.01001,1080500
1779197400,334.10999,340.00000,328.00000,328.91000,1466100
1779283800,325.13000,325.13000,318.57001,323.12000,775000
1779370200,319.95001,324.48999,315.51001,324.07999,836000
1779456600,323.10001,329.23999,323.10001,326.94000,1015500
1779802200,323.41000,324.53000,319.89001,320.29999,759200
1779888600,320.29999,325.42999,316.47000,316.62000,836300
1779975000,316.62000,321.57001,311.81000,319.75000,1320600
1780061400,318.57001,326.45999,316.85001,325.53000,1381500
1780320600,330.07999,347.07999,328.07001,344.25000,1219400
1780407000,338.57999,340.66000,329.23999,336.50000,1001200
1780493400,334.25000,335.16000,326.89999,331.70001,754900
1780579800,340.54999,341.31000,330.59000,331.79999,736100
1780666200,335.41000,336.92999,330.39001,332.17999,882700
1780925400,330.95999,336.20001,327.85999,333.75000,1170600
1781011800,331.82001,338.17999,328.73001,335.37000,856300
1781098200,335.28000,339.10001,329.85001,334.10001,1029800
1781184600,329.82999,335.42001,326.53000,332.70999,1363700
1781271000,331.35999,337.64001,329.69000,334.97000,1127700
1781530200,334.32999,338.10999,330.64001,332.45001,1209800
1781616600,333.41000,338.89001,332.17999,337.32999,885700
1781703000,332.01999,339.66000,328.07001,329.97000,1299500
1781789400,328.53000,332.04001,325.79999,330.26001,3559600
1782135000,327.79001,333.62000,320.10999,325.09000,1680800
1782221400,331.14999,333.53000,327.23001,329.54001,1510200
1782307800,329.51001,336.04999,329.51001,331.60001,903500
1782394200,329.04001,338.22000,326.73001,332.42001,890400
1782480600,334.45999,342.73001,334.45999,338.31000,3126600
1782739800,342.22000,343.00000,330.59000,334.79999,1395900
1782826200,333.20999,339.70999,332.28000,338.39001,1272100
1782912600,346.85001,355.92999,343.13000,354.67999,932700
1782999000,357.35001,366.29999,353.54999,364.20001,995600
1783344600,360.12000,366.66000,356.44000,364.25000,695500
1783431000,374.48999,375.98999,363.56000,363.76001,905300
1783517400,360.42999,362.85999,350.47000,354.89001,1074600
1783603800,348.91000,356.78000,347.00000,355.94000,614400
1783690200,358.22000,361.04999,354.92001,355.89999,860800
1783949400,358.84000,363.39001,358.20001,360.59000,783000
1784035800,353.34000,354.98001,346.48001,346.64999,691300
1784122200,347.89999,355.01999,347.39001,348.51001,495900
1784208600,352.25000,364.98999,350.70999,364.20999,760800
1784295000,363.84000,369.07001,358.75000,363.14001,967000
1784554200,360.76001,366.64999,355.00000,362.84000,782300
1784640600,356.35999,360.98999,350.62000,350.69000,620900
1784727000,350.69000,352.07001,335.50000,336.70999,975700
1784813400,365.73999,369.14999,354.17001,355.12000,1515100
1784899800,362.47000,371.28000,359.42001,367.34000,859100
1785159000,369.41000,380.81000,367.51001,375.01999,780700
1785245400,385.00000,401.23999,384.94000,390.92001,1257400
1785331800,392.73999,410.26001,390.92999,408.07001,1274000
1785418200,397.66000,398.29001,381.70999,389.25000,1050900
1785504600,385.07999,393.64001,381.28000,391.97000,839100
1785763800,400.97000,403.70999,388.34000,392.57001,767600
1785850200,391.98001,393.20001,386.23001,392.76001,922000
1785936600,397.42001,399.25000,391.50000,394.53000,745200
1786023000,397.50000,397.63000,389.73001,397.07999,607800
1786109400,400.32001,404.26001,394.72000,402.25000,686600
1786368600,397.75000,405.76999,397.10001,403.89001,750100
1786455000,399.48001,404.51001,398.17999,399.50000,634700
1786541400,389.89001,397.41000,389.69000,395.23001,480200
1786627800,397.39001,400.13000,387.82001,397.50000,937600
1786714200,400.95001,403.01999,388.76999,399.34000,929500
1786973400,393.26999,396.98001,389.38000,389.70999,764200
1787059800,398.82001,400.82001,394.12000,394.17001,514200
1787146200,395.89999,410.76001,394.01999,407.32001,626800
1787232600,408.01001,412.63000,405.44000,410.45001,580600
1787319000,409.95001,413.54001,403.32999,411.79001,588200
1787578200,414.00000,418.75000,412.04999,415.51001,619300
1787664600,412.32001,418.00000,409.10001,413.37000,690700
1787751000,407.44000,416.72000,407.23001,413.28000,664400
1787837400,415.25000,423.98999,412.97000,422.69000,907000
1787923800,422.73999,428.13000,420.32999,426.20001,560800
