time,open,high,low,close,tick_volume
1472477400,31.02000,31.41000,30.99000,31.05000,7450500
1472563800,31.16000,31.64000,31.16000,31.61000,7895800
1472650200,31.65000,31.87000,31.16000,31.46000,9889300
1472736600,31.64000,31.85000,30.63000,30.98000,8278300
1472823000,31.12000,31.37000,30.69000,31.27000,6039300
1473168600,31.32000,31.47000,30.41000,30.73000,8764800
1473255000,30.52000,30.86000,30.46000,30.77000,6639600
1473341400,30.82000,31.13000,30.75000,30.92000,6000500
1473427800,30.92000,31.32000,30.64000,30.65000,6911100
1473687000,30.40000,30.99000,30.09000,30.87000,12056500
1473773400,30.46000,30.69000,30.15000,30.44000,8564500
1473859800,30.40000,30.53000,30.06000,30.21000,7300900
1473946200,30.27000,31.03000,30.17000,30.93000,9050200
1474032600,30.68000,30.71000,30.41000,30.53000,7553400
1474291800,30.72000,31.35000,30.60000,30.89000,6921700
1474378200,31.14000,31.17000,30.71000,30.75000,4335100
1474464600,30.98000,31.29000,30.69000,31.13000,9268000
1474551000,31.40000,31.63000,31.20000,31.24000,6949800
1474637400,31.15000,31.25000,30.62000,30.67000,5727500
1474896600,30.43000,30.75000,30.34000,30.46000,7806500
1474983000,30.28000,30.75000,29.86000,30.73000,6376700
1475069400,31.00000,31.09000,30.62000,31.06000,4705200
1475155800,31.05000,31.42000,30.55000,30.69000,7154300
1475242200,31.03000,31.76000,30.85000,31.57000,8757000
1475501400,31.56000,31.82000,31.35000,31.48000,5643500
1475587800,31.61000,32.15000,31.55000,31.85000,9514100
1475674200,32.00000,32.89000,31.98000,32.61000,9919100
1475760600,32.60000,32.65000,32.11000,32.43000,7737600
1475847000,32.43000,32.63000,32.18000,32.40000,7524500
1476106200,32.67000,32.86000,32.40000,32.45000,4260100
1476192600,32.40000,32.61000,31.65000,31.90000,7041900
1476279000,31.93000,32.06000,31.71000,31.73000,4321400
1476365400,31.55000,31.55000,30.90000,31.43000,8958800
1476451800,31.94000,32.21000,31.65000,31.97000,7684000
1476711000,31.99000,32.10000,31.14000,31.69000,13842600
1476797400,32.38000,32.45000,31.98000,32.21000,10294800
1476883800,32.32000,32.82000,32.20000,32.54000,9095100
1476970200,32.46000,32.57000,32.09000,32.17000,6499500
1477056600,31.79000,32.40000,31.72000,32.27000,8214700
1477315800,32.49000,32.54000,32.12000,32.19000,6305300
1477402200,32.11000,32.22000,31.68000,31.71000,5801900
1477488600,31.47000,32.21000,31.40000,32.15000,7960400
1477575000,32.33000,32.45000,32.03000,32.16000,6650600
1477661400,32.20000,32.44000,31.54000,31.89000,6961800
1477920600,32.04000,32.18000,31.68000,31.70000,5283700
1478007000,31.90000,32.14000,31.30000,31.65000,6145500
1478093400,31.45000,31.45000,30.87000,31.06000,8889200
1478179800,31.16000,31.44000,31.01000,31.15000,4740700
1478266200,31.18000,31.42000,30.66000,30.90000,6657900
1478529000,31.76000,32.31000,31.76000,32.31000,7413400
1478615400,32.11000,32.52000,31.91000,32.41000,6872900
1478701800,32.55000,33.90000,32.42000,33.71000,23315600
1478788200,34.26000,35.63000,34.23000,35.26000,23741600
1478874600,34.97000,36.12000,34.85000,36.08000,11738700
1479133800,36.43000,37.71000,36.29000,36.76000,22462000
1479220200,36.33000,37.23000,36.04000,37.20000,16471700
1479306600,36.67000,37.34000,36.45000,36.70000,10700100
1479393000,36.66000,37.33000,36.35000,37.04000,9376500
1479479400,37.16000,37.80000,37.00000,37.48000,10446700
1479738600,37.71000,38.15000,37.64000,38.10000,11882200
1479825000,38.30000,38.42000,37.74000,38.24000,11478000
1479911400,38.44000,39.22000,38.11000,39.11000,11088500
1480084200,39.00000,39.00000,38.63000,38.99000,3418500
1480343400,38.52000,38.79000,38.32000,38.35000,7060000
1480429800,38.40000,38.65000,38.15000,38.46000,6958600
1480516200,39.07000,39.35000,38.56000,38.66000,12973900
1480602600,39.11000,39.69000,38.80000,39.61000,15162700
1480689000,39.30000,39.41000,38.46000,38.76000,12058300
1480948200,39.14000,39.66000,38.90000,39.00000,11255700
1481034600,39.20000,39.30000,38.70000,39.27000,7894600
1481121000,39.27000,39.39000,38.87000,39.37000,9692900
1481207400,39.65000,39.89000,39.23000,39.42000,17535800
1481293800,39.47000,39.50000,38.96000,39.32000,8682500
1481553000,39.10000,39.41000,38.76000,39.03000,8289000
1481639400,39.21000,39.28000,38.61000,38.95000,7107300
1481725800,38.60000,39.75000,38.50000,39.00000,11653100
1481812200,39.18000,39.96000,39.18000,39.42000,14957300
1481898600,39.59000,39.70000,38.69000,38.84000,13466400
1482157800,39.01000,39.06000,38.49000,38.75000,10293400
1482244200,39.24000,40.16000,39.22000,40.15000,12846400
1482330600,40.13000,40.19000,39.71000,39.98000,7292700
1482417000,39.93000,40.02000,39.65000,39.77000,5475300
1482503400,39.61000,40.42000,39.45000,40.32000,6375000
1482849000,40.36000,40.58000,40.27000,40.47000,5426700
1482935400,40.50000,40.58000,39.85000,39.89000,3947500
1483021800,39.85000,39.99000,39.41000,39.58000,4935200
1483108200,39.71000,39.80000,39.30000,39.47000,4682200
1483453800,40.05000,40.65000,39.72000,40.20000,6950900
1483540200,40.40000,41.34000,40.34000,41.22000,8892900
1483626600,40.97000,41.48000,40.50000,40.97000,6336200
1483713000,41.30000,41.52000,40.66000,41.23000,5639700
1483972200,41.00000,41.25000,40.64000,41.12000,4413500
1484058600,41.19000,41.49000,40.99000,41.19000,5197900
1484145000,41.14000,41.42000,40.82000,41.32000,4778300
1484231400,41.06000,41.33000,40.42000,41.26000,6945900
1484317800,41.55000,41.85000,41.30000,41.41000,7671800
1484663400,41.07000,41.33000,40.26000,40.33000,11114900
1484749800,40.07000,41.26000,39.14000,41.10000,13651700
1484836200,41.38000,41.60000,40.95000,41.44000,10399200
1484922600,41.52000,41.74000,40.94000,41.31000,7369300
1485181800,41.11000,41.32000,40.75000,41.19000,4866200
1485268200,41.43000,42.11000,41.23000,41.80000,5451700
1485354600,42.28000,42.45000,41.93000,42.29000,7747700
1485441000,42.48000,42.61000,42.19000,42.45000,5146700
1485527400,42.50000,42.54000,42.11000,42.31000,4052100
1485786600,42.04000,42.04000,41.41000,41.83000,6281600
1485873000,41.62000,41.82000,41.09000,41.24000,8055300
1485959400,41.67000,41.98000,41.12000,41.34000,10398100
1486045800,39.87000,40.55000,39.03000,39.17000,20291300
1486132200,39.87000,40.68000,39.69000,40.17000,12348700
1486391400,39.75000,40.08000,39.51000,39.74000,7212700
1486477800,39.93000,40.13000,39.62000,39.68000,5612300
1486564200,39.42000,39.64000,39.19000,39.44000,8493200
1486650600,39.74000,40.30000,39.55000,40.08000,7484900
1486737000,40.30000,40.37000,39.91000,39.94000,6789900
1486996200,40.23000,40.99000,40.20000,40.72000,7576300
1487082600,40.69000,41.49000,40.45000,41.26000,7895900
1487169000,41.63000,42.46000,41.31000,42.16000,11623000
1487255400,42.08000,42.15000,41.24000,41.55000,4987200
1487341800,41.17000,41.59000,41.00000,41.55000,4713600
1487687400,41.82000,42.13000,41.67000,41.78000,4933300
1487773800,41.33000,41.94000,41.32000,41.62000,5368800
1487860200,41.61000,41.61000,40.84000,41.24000,4493800
1487946600,40.75000,41.11000,40.54000,41.11000,5223600
1488205800,41.09000,41.90000,41.09000,41.73000,5547200
1488292200,40.13000,40.91000,39.78000,40.41000,22639200
1488378600,41.50000,43.36000,41.40000,42.99000,15066500
1488465000,42.98000,42.99000,42.03000,42.23000,8817500
1488551400,42.17000,42.75000,42.09000,42.45000,7621100
1488810600,42.08000,42.29000,41.80000,42.11000,6600300
1488897000,42.07000,42.21000,41.60000,41.66000,6561100
1488983400,42.27000,42.65000,41.82000,41.86000,6709100
1489069800,42.07000,42.39000,41.96000,42.25000,5263400
1489156200,42.54000,42.82000,42.10000,42.48000,5614900
1489411800,42.63000,43.21000,42.51000,42.98000,5034400
1489498200,42.88000,42.98000,42.13000,42.67000,6257100
1489584600,42.92000,43.30000,42.39000,42.72000,8169800
1489671000,42.88000,43.64000,42.78000,43.53000,7391600
1489757400,43.62000,43.65000,42.81000,42.86000,8913900
1490016600,42.74000,42.89000,42.22000,42.25000,6191400
1490103000,42.56000,42.60000,40.32000,40.44000,10427900
1490189400,40.22000,40.54000,39.54000,40.16000,8935000
1490275800,40.03000,40.69000,39.98000,40.17000,7387800
1490362200,40.35000,40.42000,39.72000,40.02000,7528300
1490621400,38.34000,39.46000,37.62000,39.42000,13739500
1490707800,39.39000,40.87000,39.26000,40.49000,8934400
1490794200,40.33000,40.58000,40.07000,40.45000,5261300
1490880600,40.42000,41.34000,40.38000,41.14000,5817200
1490967000,40.95000,41.24000,40.79000,40.81000,5280800
1491226200,40.81000,40.96000,39.83000,40.57000,8765600
1491312600,40.45000,40.64000,40.02000,40.23000,6447500
1491399000,40.50000,40.78000,39.43000,39.48000,8835400
1491485400,39.47000,40.29000,39.21000,40.06000,6634600
1491571800,39.66000,40.24000,39.38000,39.90000,9337400
1491831000,39.82000,40.13000,39.12000,39.30000,6916400
1491917400,39.04000,39.10000,38.18000,38.93000,9730000
1492003800,38.90000,38.90000,38.14000,38.40000,10462400
1492090200,38.19000,38.56000,37.51000,37.53000,10215700
1492435800,37.64000,38.22000,37.47000,38.14000,7836300
1492522200,38.10000,38.55000,37.16000,37.91000,15029100
1492608600,38.33000,38.76000,38.05000,38.28000,10364600
1492695000,38.65000,38.94000,38.38000,38.68000,8466400
1492781400,38.68000,38.74000,38.01000,38.33000,7074500
1493040600,39.46000,39.66000,39.06000,39.19000,10924500
1493127000,39.64000,39.91000,39.43000,39.62000,8126600
1493213400,39.51000,40.58000,39.48000,40.06000,12762100
1493299800,40.06000,40.12000,39.22000,39.25000,7836900
1493386200,39.23000,39.23000,38.78000,38.85000,7001600
1493645400,39.10000,39.87000,39.09000,39.73000,9400600
1493731800,39.79000,40.05000,39.62000,40.03000,7735200
1493818200,39.82000,40.47000,39.68000,40.40000,8754800
1493904600,40.64000,40.82000,39.87000,40.16000,5618500
1493991000,40.25000,40.30000,39.82000,40.13000,5266200
1494250200,40.16000,40.42000,39.91000,40.41000,5508100
1494336600,40.44000,40.81000,40.35000,40.50000,5813700
1494423000,40.24000,40.33000,39.88000,40.15000,6334000
1494509400,39.89000,40.14000,39.59000,40.02000,7988900
1494595800,39.78000,39.89000,39.25000,39.61000,5451800
1494855000,39.72000,40.57000,39.72000,40.54000,6196600
1494941400,40.69000,40.74000,40.18000,40.67000,5698300
1495027800,40.67000,40.67000,37.73000,38.12000,13063900
1495114200,38.49000,38.64000,37.86000,38.33000,8607700
1495200600,38.46000,38.71000,38.21000,38.26000,8656100
1495459800,38.70000,38.70000,38.13000,38.52000,5754800
1495546200,38.50000,39.13000,38.18000,38.87000,4586300
1495632600,39.03000,39.22000,38.81000,39.01000,5463000
1495719000,39.27000,39.51000,39.07000,39.41000,4565800
1495805400,39.30000,39.63000,39.12000,39.52000,4326000
1496151000,39.30000,39.34000,38.62000,38.66000,7104200
1496237400,38.65000,38.90000,37.63000,38.75000,12278000
1496323800,39.09000,39.71000,38.65000,39.70000,8087500
1496410200,39.19000,39.39000,38.69000,38.95000,8772600
1496669400,39.00000,39.40000,38.97000,39.10000,5954900
1496755800,38.70000,38.89000,38.33000,38.72000,7387500
1496842200,38.75000,39.27000,38.64000,38.87000,5800900
1496928600,38.87000,40.01000,38.78000,39.76000,8588700
1497015000,40.18000,41.33000,39.96000,41.29000,11592600
1497274200,41.37000,41.92000,41.31000,41.88000,8076900
1497360600,41.99000,42.35000,41.88000,42.05000,6808000
1497447000,41.50000,42.33000,41.11000,42.30000,9060200
1497533400,41.99000,42.60000,41.75000,42.12000,6692000
1497619800,42.24000,42.35000,41.84000,41.92000,8880600
1497879000,42.22000,42.61000,42.14000,42.46000,4860200
1497965400,42.33000,42.42000,42.00000,42.14000,6913700
1498051800,42.20000,42.20000,41.60000,41.75000,6362200
1498138200,41.62000,41.84000,41.43000,41.63000,5804200
1498224600,41.93000,41.93000,41.36000,41.62000,8464300
1498483800,41.75000,42.10000,41.35000,41.85000,5263200
1498570200,42.28000,43.29000,42.08000,42.62000,8518800
1498656600,43.03000,43.25000,42.77000,42.85000,8843000
1498743000,43.88000,44.10000,42.68000,43.01000,8844000
1498829400,43.38000,43.52000,42.82000,42.96000,7231200
1499088600,43.21000,43.64000,43.09000,43.48000,5259400
1499261400,43.65000,44.10000,43.53000,43.68000,7350600
1499347800,43.61000,43.95000,43.37000,43.48000,7903100
1499434200,43.67000,43.69000,43.19000,43.32000,4718000
1499693400,43.21000,43.77000,43.12000,43.63000,3780200
1499779800,43.28000,43.34000,42.77000,43.10000,6077200
1499866200,43.00000,43.22000,42.74000,43.05000,6126600
1499952600,43.11000,43.43000,42.98000,43.18000,4526300
1500039000,42.60000,43.26000,42.47000,43.04000,6035300
1500298200,43.01000,43.04000,42.65000,42.93000,6778800
1500384600,42.49000,43.06000,42.26000,42.86000,7167800
1500471000,43.06000,43.15000,41.99000,42.17000,8002900
1500557400,42.07000,42.24000,41.92000,42.14000,7073100
1500643800,42.00000,42.43000,41.71000,42.15000,7452400
1500903000,41.90000,42.17000,41.75000,41.96000,6520100
1500989400,42.54000,43.05000,42.47000,42.95000,7337800
1501075800,43.04000,43.06000,42.68000,42.78000,8569200
1501162200,42.90000,43.09000,42.18000,42.54000,8536000
1501248600,42.58000,42.74000,42.28000,42.55000,5195200
1501507800,42.69000,42.99000,42.48000,42.90000,6081300
1501594200,43.18000,43.38000,42.97000,43.13000,6621600
1501680600,43.06000,43.20000,42.75000,43.02000,9488700
1501767000,42.83000,43.02000,42.59000,42.88000,5884000
1501853400,43.35000,43.78000,43.06000,43.11000,4507600
1502112600,43.18000,43.21000,42.79000,42.88000,2673200
1502199000,42.73000,43.25000,42.56000,42.72000,5346700
1502285400,42.12000,42.38000,41.69000,42.02000,5967200
1502371800,41.59000,41.60000,40.60000,40.61000,6709000
1502458200,40.70000,40.88000,40.49000,40.65000,4896700
1502717400,41.22000,41.48000,40.96000,41.12000,4166000
1502803800,41.55000,41.59000,40.53000,40.93000,5668500
1502890200,41.10000,41.23000,40.60000,40.74000,4515500
1502976600,40.61000,40.68000,39.65000,39.67000,6347100
1503063000,39.51000,39.91000,39.26000,39.51000,6571900
1503322200,39.42000,39.44000,39.01000,39.27000,5226000
1503408600,39.54000,39.93000,39.39000,39.77000,4925100
1503495000,39.42000,39.92000,39.19000,39.76000,4392300
1503581400,40.00000,40.00000,39.62000,39.64000,3604500
1503667800,39.79000,40.02000,39.64000,39.76000,3112000
1503927000,39.84000,39.85000,39.38000,39.54000,3292000
1504013400,38.99000,39.51000,38.73000,39.18000,8217500
1504099800,39.31000,39.65000,39.14000,39.57000,4627400
1504186200,39.83000,40.08000,39.65000,39.90000,7435800
1504272600,40.00000,40.24000,39.79000,40.16000,4704600
1504618200,39.75000,39.90000,38.68000,38.77000,8340500
1504704600,38.88000,39.10000,38.57000,38.93000,5883400
1504791000,38.97000,38.98000,38.06000,38.11000,7096600
1504877400,38.22000,39.16000,38.15000,38.68000,6466400
1505136600,39.25000,39.55000,39.14000,39.31000,6957900
1505223000,39.67000,40.19000,39.56000,39.84000,7939800
1505309400,39.69000,39.86000,39.29000,39.80000,6845800
1505395800,39.69000,40.27000,39.59000,39.99000,5916100
1505482200,38.47000,40.21000,38.20000,40.21000,14222800
1505741400,40.33000,41.00000,40.30000,40.65000,6517600
1505827800,40.79000,41.16000,40.60000,41.04000,6048900
1505914200,41.12000,41.92000,40.92000,41.61000,6982600
1506000600,41.58000,42.27000,41.36000,42.08000,6502700
1506087000,41.80000,42.63000,41.66000,42.54000,7360500
1506346200,42.36000,42.64000,42.26000,42.50000,8484900
1506432600,42.68000,42.95000,42.42000,42.83000,6479400
1506519000,43.52000,44.35000,43.50000,44.04000,10213600
1506605400,44.14000,44.31000,43.56000,43.63000,6789500
1506691800,43.53000,43.96000,43.39000,43.74000,5346800
1506951000,43.82000,44.06000,43.56000,44.04000,4642500
1507037400,44.10000,44.51000,44.01000,44.46000,5231500
1507123800,44.42000,44.61000,44.14000,44.28000,4260500
1507210200,44.33000,45.29000,44.25000,45.18000,7001400
1507296600,45.62000,46.21000,44.50000,45.34000,14787100
1507555800,45.35000,45.48000,45.11000,45.41000,5006200
1507642200,45.41000,45.62000,44.86000,45.09000,7953000
1507728600,45.02000,45.45000,44.76000,45.31000,5040000
1507815000,45.50000,45.50000,44.93000,45.03000,5896100
1507901400,44.80000,45.04000,44.33000,44.73000,6821700
1508160600,44.16000,44.75000,43.91000,44.47000,6709500
1508247000,44.78000,44.89000,43.34000,43.39000,7189400
1508333400,43.62000,43.69000,43.31000,43.48000,4309600
1508419800,43.02000,43.35000,42.20000,43.27000,4395300
1508506200,43.89000,44.87000,43.58000,44.68000,9190600
1508765400,44.72000,44.90000,44.25000,44.47000,6502700
1508851800,44.90000,45.32000,44.62000,45.19000,8614600
1508938200,45.38000,45.48000,44.22000,44.65000,5986000
1509024600,44.74000,45.64000,44.55000,45.35000,5767200
1509111000,45.25000,45.31000,44.58000,44.91000,5233000
1509370200,44.51000,44.89000,44.47000,44.85000,3256400
1509456600,44.78000,45.57000,44.77000,44.84000,6398200
1509543000,45.09000,45.32000,44.20000,44.24000,6465700
1509629400,44.08000,45.36000,43.83000,45.06000,4980600
1509715800,44.79000,44.89000,44.48000,44.82000,3627500
1509978600,44.69000,44.91000,44.43000,44.65000,2813200
1510065000,44.71000,44.86000,43.86000,44.15000,4318100
1510151400,44.12000,44.38000,43.87000,44.28000,3927900
1510237800,43.95000,44.20000,43.33000,44.00000,4613600
1510324200,44.12000,44.50000,43.92000,44.27000,4512000
1510583400,44.00000,44.85000,43.93000,44.60000,4225800
1510669800,44.42000,44.72000,44.17000,44.59000,3747500
1510756200,44.22000,45.10000,44.00000,44.54000,6834900
1510842600,44.83000,45.28000,44.60000,44.64000,3842400
1510929000,44.33000,44.86000,44.18000,44.68000,4272500
1511188200,44.82000,45.37000,44.64000,45.12000,4430000
1511274600,45.36000,46.33000,45.25000,46.08000,7767100
1511361000,46.11000,46.25000,45.76000,45.80000,4212700
1511533800,46.03000,46.07000,45.73000,45.78000,1269000
1511793000,45.80000,46.16000,45.74000,45.77000,3967400
1511879400,45.85000,47.27000,45.66000,47.14000,6663500
1511965800,47.63000,48.58000,47.54000,48.42000,12386800
1512052200,48.74000,49.54000,48.39000,48.79000,11493400
1512138600,48.82000,49.55000,48.00000,49.50000,10350500
1512397800,50.41000,51.89000,49.82000,51.55000,13058500
1512484200,50.68000,51.78000,50.64000,50.78000,7799200
1512570600,50.56000,51.03000,50.30000,50.54000,6505400
1512657000,51.21000,51.41000,50.22000,51.08000,5449800
1512743400,51.38000,51.41000,50.60000,51.39000,6266000
1513002600,51.42000,51.45000,50.51000,50.72000,7238400
1513089000,51.83000,51.98000,50.89000,51.56000,7251100
1513175400,51.45000,51.45000,50.31000,50.33000,8193400
1513261800,50.54000,50.78000,50.10000,50.20000,6911600
1513348200,50.62000,51.67000,50.26000,51.28000,10621900
1513607400,52.00000,52.20000,51.51000,51.74000,6092500
1513693800,52.03000,52.30000,51.60000,51.81000,5574000
1513780200,52.36000,52.52000,51.58000,51.81000,7401500
1513866600,52.07000,52.51000,51.96000,52.28000,4890000
1513953000,52.40000,52.51000,51.84000,52.08000,4729000
1514298600,52.00000,52.17000,51.56000,51.87000,2330600
1514385000,52.03000,52.10000,51.67000,51.85000,4395800
1514471400,51.96000,52.06000,51.63000,52.04000,2058900
1514557800,52.20000,52.40000,51.36000,51.37000,3895300
1514903400,51.55000,51.61000,50.96000,51.44000,7220800
1514989800,51.20000,51.77000,51.04000,51.52000,5522700
1515076200,51.93000,52.48000,51.64000,51.81000,5310400
1515162600,51.99000,52.05000,51.47000,52.01000,5696200
1515421800,51.90000,52.33000,51.84000,52.24000,4803600
1515508200,52.41000,53.59000,52.32000,53.34000,6660600
1515594600,53.48000,54.48000,53.35000,53.56000,9043300
1515681000,53.75000,54.23000,53.24000,54.17000,5379300
1515767400,54.66000,55.52000,54.66000,55.39000,7517000
1516113000,55.73000,56.13000,54.97000,55.53000,9365300
1516199400,55.61000,56.25000,54.52000,56.09000,8312200
1516285800,55.78000,56.22000,55.14000,55.33000,5837300
1516372200,55.44000,55.60000,55.15000,55.48000,7439500
1516631400,55.40000,55.61000,54.73000,55.44000,7245600
1516717800,55.16000,55.86000,55.03000,55.32000,7011500
1516804200,55.75000,55.87000,54.96000,55.39000,6351400
1516890600,55.61000,55.66000,53.99000,54.18000,7453700
1516977000,54.37000,54.43000,53.74000,54.27000,8782000
1517236200,54.36000,54.75000,53.87000,54.05000,8052400
1517322600,53.76000,54.38000,53.20000,53.20000,8368000
1517409000,53.44000,53.81000,53.07000,53.34000,7737200
1517495400,53.28000,54.92000,53.14000,54.91000,6938100
1517581800,54.75000,55.05000,53.14000,53.34000,9097600
1517841000,52.54000,54.10000,50.95000,51.29000,11267100
1517927400,50.00000,53.16000,49.15000,52.86000,14434800
1518013800,51.79000,53.02000,51.64000,52.03000,10182200
1518100200,51.99000,52.17000,48.90000,48.90000,11895200
1518186600,50.21000,50.52000,48.04000,50.12000,12923600
1518445800,50.72000,51.50000,50.43000,50.94000,7561300
1518532200,50.63000,51.22000,50.29000,51.15000,6467100
1518618600,50.95000,52.61000,50.90000,52.40000,5995500
1518705000,52.92000,53.13000,51.66000,52.33000,4921400
1518791400,52.04000,52.59000,51.72000,52.17000,5886200
1519137000,51.95000,52.72000,51.95000,52.34000,4671500
1519223400,52.28000,53.13000,52.21000,52.30000,5896600
1519309800,52.69000,53.09000,51.85000,52.03000,6315600
1519396200,52.20000,52.76000,52.03000,52.74000,5252800
1519655400,53.00000,53.73000,52.52000,53.73000,5767300
1519741800,53.74000,55.39000,53.74000,53.80000,8601900
1519828200,54.00000,54.51000,53.00000,53.02000,5915600
1519914600,52.90000,53.49000,51.49000,52.05000,7096100
1520001000,51.56000,52.76000,50.47000,52.63000,8586600
1520260200,51.96000,53.84000,51.80000,53.61000,5762400
1520346600,53.70000,54.74000,53.35000,54.73000,7464500
1520433000,53.94000,55.47000,53.15000,55.43000,7656100
1520519400,55.67000,55.97000,54.89000,55.91000,8160800
1520605800,56.41000,57.73000,56.40000,57.70000,7152200
1520861400,57.86000,58.04000,57.54000,57.76000,6020000
1520947800,57.92000,58.11000,56.56000,56.68000,7050000
1521034200,56.35000,57.04000,55.58000,55.94000,9871100
1521120600,56.32000,56.32000,55.19000,55.59000,5309700
1521207000,55.79000,56.51000,55.57000,55.71000,8231300
1521466200,55.66000,55.96000,54.63000,55.67000,6769900
1521552600,55.70000,56.28000,55.49000,55.97000,5486700
1521639000,55.96000,56.69000,55.61000,55.84000,5274600
1521725400,55.09000,55.28000,53.16000,53.40000,7755200
1521811800,53.50000,53.62000,51.18000,51.32000,7260900
1522071000,52.34000,53.11000,51.57000,52.96000,6043900
1522157400,53.10000,53.49000,51.02000,51.53000,7747100
1522243800,51.66000,51.82000,50.02000,50.90000,7477200
1522330200,51.14000,52.39000,50.62000,52.22000,8226100
1522675800,52.00000,52.14000,49.74000,50.41000,8356400
1522762200,50.88000,51.32000,50.32000,51.15000,7848400
1522848600,50.06000,51.92000,49.93000,51.75000,7313300
1522935000,52.26000,52.74000,51.67000,52.35000,6266300
1523021400,51.48000,51.66000,49.78000,50.11000,8171400
1523280600,50.45000,51.49000,50.06000,50.21000,5578500
1523367000,51.06000,51.57000,50.58000,51.51000,6797100
1523453400,50.81000,51.39000,50.57000,50.92000,5428200
1523539800,51.37000,52.16000,51.12000,51.73000,4451700
1523626200,52.54000,52.60000,50.63000,51.04000,6443700
1523885400,52.01000,53.19000,51.80000,53.08000,8967800
1523971800,53.53000,53.94000,53.06000,53.61000,7139200
1524058200,53.71000,53.78000,52.11000,52.18000,7913900
1524144600,52.12000,53.69000,52.12000,53.68000,8837600
1524231000,53.64000,55.60000,53.40000,54.99000,10153500
1524490200,55.24000,55.83000,54.83000,55.37000,9128300
1524576600,55.77000,56.27000,53.99000,54.49000,9931700
1524663000,54.11000,54.90000,53.37000,54.60000,7878900
1524749400,54.81000,55.78000,54.26000,55.65000,7232900
1524835800,55.50000,56.10000,55.37000,55.99000,5342100
1525095000,56.20000,56.42000,55.67000,55.68000,5483800
1525181400,55.52000,55.61000,54.93000,55.61000,5150100
1525267800,55.34000,56.22000,54.95000,55.65000,5327800
1525354200,55.14000,55.27000,54.06000,55.00000,5869900
1525440600,54.62000,56.46000,54.28000,56.09000,5001500
1525699800,56.35000,57.20000,56.11000,56.97000,6278200
1525786200,56.89000,57.61000,56.79000,57.30000,7039300
1525872600,57.74000,58.82000,57.46000,58.73000,6119200
1525959000,58.47000,59.23000,58.08000,59.00000,6015300
1526045400,59.21000,59.94000,58.90000,59.46000,6452500
1526304600,59.59000,59.75000,58.43000,58.93000,6120300
1526391000,58.74000,59.15000,58.45000,58.82000,6439300
1526477400,58.78000,59.27000,58.67000,58.88000,7406800
1526563800,59.00000,59.78000,58.72000,59.32000,6028400
1526650200,59.29000,59.48000,58.88000,59.14000,3312000
1526909400,59.54000,60.22000,59.34000,59.44000,6876400
1526995800,59.67000,60.04000,59.48000,59.59000,6790400
1527082200,59.14000,59.35000,58.26000,58.93000,5026400
1527168600,58.58000,58.65000,57.40000,58.14000,7279500
1527255000,57.85000,58.01000,56.80000,57.30000,6375100
1527600600,56.49000,56.76000,54.81000,55.14000,8237100
1527687000,56.15000,56.39000,55.39000,56.01000,7637900
1527773400,55.85000,56.26000,55.43000,55.62000,9514300
1527859800,56.53000,57.02000,56.34000,56.73000,6694500
1528119000,57.09000,57.26000,56.66000,56.86000,4588500
1528205400,56.52000,56.95000,56.13000,56.30000,4364900
1528291800,56.63000,57.95000,56.63000,57.95000,4799300
1528378200,58.11000,58.25000,56.78000,57.34000,3851900
1528464600,57.29000,57.77000,56.96000,57.73000,2843600
1528723800,57.85000,58.04000,57.26000,57.41000,2732000
1528810200,57.70000,57.76000,56.98000,57.31000,3495400
1528896600,57.40000,58.22000,57.02000,57.36000,4353900
1528983000,57.59000,57.83000,56.01000,56.61000,6049700
1529069400,56.34000,56.60000,55.37000,56.09000,8367300
1529328600,55.45000,55.70000,55.02000,55.48000,5051700
1529415000,54.72000,55.51000,54.51000,55.27000,4881900
1529501400,55.47000,56.15000,55.39000,55.54000,3743900
1529587800,55.31000,55.58000,54.58000,55.31000,4311000
1529674200,55.79000,55.84000,54.85000,54.90000,6752000
1529933400,54.50000,54.53000,52.73000,53.41000,6193400
1530019800,53.44000,53.69000,53.01000,53.07000,5021400
1530106200,53.22000,53.68000,51.90000,51.90000,6768800
1530192600,51.90000,52.05000,51.11000,51.71000,7194100
1530279000,52.23000,52.49000,51.05000,51.10000,6827600
1530538200,50.56000,51.33000,50.32000,51.30000,6474800
1530624600,51.50000,51.70000,50.19000,50.24000,2490100
1530797400,50.57000,50.57000,49.42000,49.48000,8985400
1530883800,49.49000,51.06000,49.35000,50.65000,6753300
1531143000,50.90000,52.02000,50.84000,51.90000,6146200
1531229400,51.90000,51.98000,51.03000,51.11000,5354300
1531315800,50.71000,51.02000,50.24000,50.47000,6404600
1531402200,50.78000,50.99000,50.34000,50.75000,5749800
1531488600,50.72000,50.78000,49.90000,50.62000,4966000
1531747800,50.79000,51.39000,50.66000,51.06000,6211200
1531834200,52.53000,53.78000,52.49000,52.88000,8638700
1531920600,53.14000,54.26000,53.12000,54.22000,7565100
1532007000,53.91000,54.07000,52.72000,52.88000,6194400
1532093400,52.56000,52.64000,51.93000,52.15000,8035500
1532352600,52.15000,52.73000,52.00000,52.61000,3954500
1532439000,52.95000,53.61000,52.41000,52.86000,5280500
1532525400,52.83000,53.11000,52.46000,52.94000,5445100
1532611800,53.08000,53.24000,52.54000,52.65000,4841100
1532698200,52.75000,53.01000,52.14000,52.55000,3362100
1532957400,52.70000,52.75000,51.25000,51.32000,4894300
1533043800,51.70000,51.74000,50.87000,51.06000,5523300
1533130200,51.49000,52.61000,49.67000,50.88000,15252600
1533216600,50.20000,50.49000,49.74000,50.13000,7535800
1533303000,50.39000,50.68000,49.96000,50.29000,4219500
1533562200,50.25000,50.47000,49.91000,50.40000,5060200
1533648600,50.70000,51.87000,50.55000,50.79000,4598600
1533735000,50.79000,50.79000,50.42000,50.50000,4679600
1533821400,50.41000,50.96000,50.30000,50.73000,3993700
1533907800,50.18000,50.71000,49.79000,50.61000,4341700
1534167000,50.68000,50.97000,50.07000,50.11000,4798100
1534253400,50.25000,50.70000,50.22000,50.53000,3485100
1534339800,50.00000,50.56000,49.82000,50.24000,4024500
1534426200,50.45000,51.42000,50.33000,51.13000,3501200
1534512600,51.00000,51.01000,50.32000,50.90000,3627100
1534771800,51.00000,51.53000,50.94000,51.42000,2728700
1534858200,49.79000,50.77000,49.32000,50.17000,16320400
1534944600,49.97000,51.50000,49.90000,50.93000,4539500
1535031000,50.95000,50.99000,49.91000,50.17000,4859600
1535117400,50.47000,50.91000,50.41000,50.55000,3753300
1535376600,50.83000,51.79000,50.83000,51.37000,5548900
1535463000,51.58000,51.80000,51.18000,51.24000,4616900
1535549400,51.35000,51.72000,51.14000,51.33000,5642800
1535635800,51.15000,51.29000,50.51000,50.56000,4274300
1535722200,50.38000,50.89000,50.21000,50.79000,5005200
1536067800,50.78000,51.58000,50.61000,51.32000,3872900
1536154200,51.13000,51.42000,50.47000,50.52000,3995100
1536240600,50.50000,50.77000,49.15000,49.51000,7570700
1536327000,49.73000,50.38000,49.26000,50.16000,7999800
1536586200,50.50000,50.90000,50.38000,50.62000,5688300
1536672600,50.52000,51.25000,50.50000,50.98000,5720600
1536759000,51.00000,51.12000,50.58000,50.71000,5571100
1536845400,50.82000,50.97000,50.36000,50.42000,5870700
1536931800,50.59000,51.57000,50.59000,51.16000,4528200
1537191000,51.29000,51.49000,50.12000,50.32000,5916000
1537277400,50.31000,50.83000,50.22000,50.62000,4134100
1537363800,50.83000,52.09000,50.82000,51.99000,7506500
1537450200,52.33000,52.70000,51.89000,52.07000,4990500
1537536600,52.37000,52.39000,51.77000,51.84000,10145700
1537795800,51.79000,51.83000,51.28000,51.56000,3408100
1537882200,51.65000,51.74000,51.17000,51.62000,3002300
1537968600,51.73000,51.86000,50.66000,50.72000,4720900
1538055000,50.83000,50.91000,50.42000,50.52000,4687100
1538141400,50.26000,50.29000,49.06000,49.15000,8910900
1538400600,49.35000,49.75000,49.22000,49.55000,8177300
1538487000,49.52000,49.92000,48.98000,49.85000,5372800
1538573400,50.37000,51.11000,50.24000,50.80000,6494800
1538659800,51.01000,52.47000,50.80000,51.68000,8713300
1538746200,51.89000,52.15000,51.12000,51.48000,5824700
1539005400,51.25000,51.83000,51.04000,51.67000,4978900
1539091800,51.38000,52.35000,51.33000,52.17000,5211700
1539178200,52.08000,52.17000,49.57000,49.59000,10251300
1539264600,49.37000,50.06000,47.64000,48.13000,11334700
1539351000,49.41000,49.47000,47.79000,49.01000,9760400
1539610200,49.00000,49.43000,47.63000,47.64000,7733800
1539696600,48.06000,48.42000,47.14000,48.23000,12448500
1539783000,48.02000,48.40000,47.03000,48.04000,9183900
1539869400,47.99000,48.11000,46.43000,46.70000,8541800
1539955800,46.52000,47.49000,46.25000,46.83000,9329300
1540215000,46.94000,47.01000,45.58000,45.60000,7684600
1540301400,44.40000,45.00000,43.76000,44.54000,13935000
1540387800,44.51000,44.57000,42.45000,42.57000,11439200
1540474200,43.07000,43.40000,42.31000,43.18000,12270600
1540560600,42.63000,43.48000,42.01000,43.19000,13460600
1540819800,43.92000,44.69000,43.18000,43.70000,13380700
1540906200,44.37000,45.67000,44.19000,45.57000,11310800
1540992600,46.16000,47.05000,46.12000,46.24000,11654700
1541079000,46.34000,46.70000,45.96000,46.39000,7161300
1541165400,46.86000,47.30000,46.32000,46.58000,9786600
1541428200,46.63000,47.48000,46.42000,47.28000,7046000
1541514600,47.11000,47.86000,47.11000,47.76000,5272600
1541601000,48.00000,48.72000,47.54000,48.58000,7716400
1541687400,48.18000,49.24000,48.13000,48.63000,6938300
1541773800,48.46000,48.52000,47.52000,47.64000,7085600
1542033000,47.50000,47.79000,46.60000,46.73000,6605100
1542119400,46.85000,47.76000,46.75000,47.05000,6032900
1542205800,47.48000,47.97000,46.17000,46.86000,7682200
1542292200,46.39000,47.54000,45.98000,47.32000,10269000
1542378600,46.78000,47.24000,46.61000,46.96000,9703100
1542637800,46.40000,46.90000,45.35000,45.97000,7900600
1542724200,45.25000,45.46000,44.13000,44.53000,10363900
1542810600,45.02000,45.63000,44.69000,44.87000,4814700
1542983400,44.46000,44.67000,44.01000,44.08000,3013000
1543242600,45.03000,45.78000,44.75000,45.09000,8136300
1543329000,45.04000,45.75000,44.91000,45.33000,6842000
1543415400,45.42000,45.71000,44.80000,45.66000,7123500
1543501800,45.20000,45.57000,44.12000,44.16000,10844300
1543588200,44.07000,44.81000,43.92000,44.80000,13690700
1543847400,45.79000,46.37000,45.37000,45.46000,10053900
1543933800,45.23000,45.31000,42.74000,43.01000,11956800
1544106600,41.87000,42.70000,41.13000,42.60000,14379300
1544193000,42.50000,43.25000,41.32000,41.47000,9727400
1544452200,41.15000,41.38000,40.08000,41.10000,11550200
1544538600,41.90000,42.23000,41.08000,41.25000,9064100
1544625000,41.90000,43.13000,41.73000,41.88000,11777100
1544711400,41.78000,42.37000,41.13000,41.43000,8997100
1544797800,40.72000,41.91000,40.43000,41.19000,7750600
1545057000,40.89000,41.73000,40.45000,40.70000,7481400
1545143400,41.04000,41.45000,40.20000,40.45000,9218600
1545229800,40.39000,41.14000,39.40000,39.72000,12819400
1545316200,39.38000,40.09000,39.23000,39.62000,13919000
1545402600,39.25000,40.13000,38.92000,39.14000,17656400
1545661800,38.81000,39.23000,38.25000,38.25000,6655100
1545834600,38.25000,40.56000,37.83000,40.56000,9391100
1545921000,39.83000,41.06000,39.49000,41.06000,8412400
1546007400,41.41000,41.68000,40.76000,41.06000,6725400
1546266600,41.36000,41.77000,40.91000,41.53000,4546400
1546439400,40.70000,41.85000,40.58000,41.58000,5835100
1546525800,41.35000,41.70000,40.49000,40.72000,10236000
1546612200,41.53000,42.63000,41.51000,42.44000,7058600
1546871400,42.22000,43.07000,42.00000,42.74000,8543700
1546957800,43.37000,43.63000,42.66000,43.28000,7784700
1547044200,43.55000,43.92000,43.32000,43.83000,5166100
1547130600,43.47000,43.93000,43.27000,43.71000,5205500
1547217000,43.31000,44.06000,43.18000,43.82000,4217500
1547476200,43.45000,44.11000,43.30000,43.80000,5815100
1547562600,43.55000,44.29000,43.35000,44.25000,6481700
1547649000,45.65000,47.18000,44.99000,46.70000,12599700
1547735400,46.37000,47.25000,46.03000,46.92000,7783200
1547821800,47.22000,48.20000,46.93000,47.98000,7954800
1548167400,47.65000,47.98000,47.18000,47.47000,9036600
1548253800,47.96000,47.96000,46.81000,47.32000,6993100
1548340200,47.21000,47.85000,47.14000,47.38000,4317700
1548426600,48.15000,48.23000,47.55000,47.97000,7786800
1548685800,47.46000,47.87000,47.26000,47.52000,7852500
1548772200,47.44000,47.81000,47.07000,47.72000,5303300
1548858600,47.81000,47.81000,46.76000,46.87000,7874900
1548945000,46.72000,46.95000,46.43000,46.77000,8322200
1549031400,46.88000,47.52000,46.77000,47.03000,6323300
1549290600,47.00000,47.22000,46.81000,47.20000,5377700
1549377000,47.20000,47.50000,46.12000,46.59000,11507300
1549463400,46.33000,46.69000,45.80000,46.11000,6299300
1549549800,45.76000,46.00000,44.77000,45.18000,6526100
1549636200,44.84000,45.00000,43.88000,44.76000,6512100
1549895400,45.04000,45.21000,44.50000,44.74000,4456200
1549981800,45.25000,46.14000,45.12000,45.88000,7018200
1550068200,46.12000,46.61000,45.87000,45.98000,6148400
1550154600,45.30000,45.56000,44.74000,45.29000,6082500
1550241000,45.75000,46.38000,45.64000,46.36000,7000200
1550586600,46.00000,47.20000,46.00000,47.06000,4977700
1550673000,46.06000,46.52000,45.70000,46.45000,8832300
1550759400,46.25000,46.45000,45.59000,45.72000,5519500
1550845800,45.91000,46.18000,45.75000,46.17000,3571800
1551105000,46.64000,46.96000,45.97000,46.01000,5391000
1551191400,45.77000,46.94000,45.76000,46.56000,3938100
1551277800,46.57000,46.88000,46.41000,46.57000,3582500
1551364200,46.55000,46.69000,45.98000,46.01000,5900400
1551450600,46.49000,47.10000,46.44000,46.81000,7009000
1551709800,47.00000,47.06000,45.14000,45.65000,6353900
1551796200,45.75000,46.03000,45.22000,45.88000,4432300
1551882600,45.84000,46.16000,45.23000,45.26000,3776300
1551969000,44.96000,45.01000,43.49000,44.02000,7948300
1552055400,43.63000,43.67000,43.11000,43.45000,6597900
1552311000,43.75000,44.18000,43.52000,43.79000,6048500
1552397400,43.94000,44.16000,43.73000,43.99000,4524200
1552483800,44.37000,44.63000,44.16000,44.41000,5602000
1552570200,44.27000,45.36000,44.01000,45.30000,9023400
1552656600,45.20000,45.69000,45.20000,45.45000,7283900
1552915800,45.67000,46.00000,45.61000,45.90000,3489100
1553002200,46.28000,46.68000,45.59000,45.74000,4462000
1553088600,45.58000,45.92000,44.50000,44.56000,8102100
1553175000,44.24000,44.49000,43.78000,43.81000,8840300
1553261400,43.13000,43.35000,41.55000,41.80000,11708700
1553520600,41.85000,42.25000,41.46000,41.83000,7921700
1553607000,42.31000,42.75000,42.21000,42.55000,10285400
1553693400,42.50000,42.53000,41.59000,41.91000,6557300
1553779800,42.04000,42.69000,41.76000,42.69000,8217000
1553866200,43.21000,43.29000,42.71000,42.76000,6539600
1554125400,43.35000,44.24000,43.20000,44.13000,5281300
1554211800,43.88000,44.42000,43.68000,44.38000,4147800
1554298200,44.89000,44.95000,44.42000,44.63000,5965500
1554384600,44.63000,44.97000,44.63000,44.87000,9045100
1554471000,44.95000,44.99000,44.41000,44.55000,6729100
1554730200,44.34000,44.79000,44.13000,44.78000,8416000
1554816600,44.30000,44.63000,44.08000,44.45000,6747900
1554903000,44.47000,44.47000,43.97000,44.27000,5796400
1554989400,44.48000,44.74000,44.05000,44.26000,6533500
1555075800,45.00000,45.79000,44.95000,45.35000,6815800
1555335000,46.75000,46.75000,44.50000,45.03000,8764700
1555421400,45.26000,45.77000,45.16000,45.66000,6166200
1555507800,45.92000,46.19000,45.30000,46.10000,7102000
1555594200,45.80000,46.00000,44.92000,45.55000,5666700
1555939800,45.49000,45.55000,45.18000,45.45000,4923500
1556026200,45.32000,45.86000,45.08000,45.56000,6883300
1556112600,45.34000,45.34000,44.37000,45.07000,4959900
1556199000,44.95000,45.77000,44.77000,45.31000,4214600
1556285400,45.29000,45.40000,44.41000,44.90000,6664200
1556544600,45.12000,46.08000,45.05000,45.90000,5292200
1556631000,45.85000,46.14000,45.11000,45.78000,6629000
1556717400,45.96000,46.18000,45.09000,45.56000,7019300
1556803800,45.49000,46.33000,45.41000,45.88000,4387300
1556890200,46.06000,46.54000,45.91000,46.24000,4085700
1557149400,45.39000,46.41000,45.10000,46.26000,4663600
1557235800,45.67000,46.15000,45.30000,45.68000,7113900
1557322200,45.55000,46.15000,45.52000,45.58000,3600700
1557408600,44.90000,45.86000,44.49000,45.82000,6288800
1557495000,45.59000,46.15000,44.72000,45.85000,6131900
1557754200,44.82000,44.96000,43.62000,43.81000,7829000
1557840600,43.71000,44.79000,43.62000,44.34000,5098200
1557927000,43.66000,43.77000,42.73000,42.74000,10343600
1558013400,43.01000,44.11000,42.96000,43.74000,8458500
1558099800,43.26000,43.90000,43.04000,43.21000,8971000
1558359000,43.13000,43.78000,43.08000,43.55000,7055000
1558445400,43.82000,44.26000,43.70000,44.02000,5868400
1558531800,43.74000,43.84000,43.41000,43.57000,5378600
1558618200,43.06000,43.06000,42.22000,42.54000,9351700
1558704600,42.72000,43.34000,42.72000,43.25000,4153200
1559050200,43.18000,43.36000,42.76000,42.79000,5174800
1559136600,42.42000,42.92000,41.95000,42.77000,6469800
1559223000,42.96000,43.29000,42.36000,42.55000,6270000
1559309400,41.91000,42.14000,41.45000,41.61000,9217900
1559568600,41.44000,42.25000,41.35000,41.63000,7054500
1559655000,42.36000,43.95000,42.34000,43.84000,8709600
1559741400,43.86000,44.05000,43.31000,43.78000,6189700
1559827800,43.72000,44.15000,43.48000,43.93000,5798700
1559914200,43.89000,43.98000,42.86000,43.00000,7468400
1560173400,43.45000,44.04000,43.19000,43.31000,7054700
1560259800,43.75000,43.88000,42.70000,42.85000,7601300
1560346200,42.73000,42.88000,41.68000,42.10000,7755400
1560432600,42.18000,42.67000,42.18000,42.36000,7258000
1560519000,42.33000,42.46000,40.62000,41.01000,14013400
1560778200,41.03000,41.46000,40.49000,40.61000,9341700
1560864600,40.16000,41.44000,40.06000,40.91000,10194200
1560951000,41.03000,41.26000,39.76000,39.89000,12627600
1561037400,40.18000,40.32000,39.36000,40.03000,12498800
1561123800,40.29000,40.79000,40.12000,40.63000,11441300
1561383000,40.19000,40.34000,39.13000,39.15000,9905500
1561469400,39.01000,39.53000,38.33000,39.23000,14207500
1561555800,39.37000,39.99000,39.31000,39.67000,8437800
1561642200,39.71000,40.74000,39.71000,40.20000,10128100
1561728600,40.66000,41.21000,40.12000,40.19000,15515700
1561987800,40.88000,41.18000,40.42000,40.76000,21507800
1562074200,40.46000,40.74000,40.13000,40.19000,6426900
1562160600,40.41000,40.59000,40.15000,40.45000,3019500
1562333400,40.82000,41.48000,40.73000,40.86000,6522300
1562592600,40.38000,40.83000,39.91000,39.99000,7209400
1562679000,39.75000,40.31000,39.61000,40.27000,7138800
1562765400,39.89000,40.42000,39.30000,39.66000,8562400
1562851800,39.85000,40.54000,39.66000,40.46000,6566100
1562938200,40.25000,40.37000,39.90000,40.13000,9983700
1563197400,40.20000,42.13000,39.87000,40.30000,8655000
1563283800,41.00000,42.14000,40.90000,41.63000,16155400
1563370200,41.46000,41.61000,40.81000,41.21000,7673800
1563456600,41.31000,42.09000,41.15000,41.48000,10955600
1563543000,41.75000,43.04000,41.63000,42.72000,12138900
1563802200,42.76000,43.45000,42.56000,43.16000,8774200
1563888600,43.26000,43.75000,43.22000,43.53000,10277000
1563975000,43.49000,44.28000,43.46000,44.28000,11347300
1564061400,44.45000,44.55000,43.76000,44.07000,8571800
1564147800,44.08000,44.24000,43.71000,44.05000,12260400
1564407000,43.90000,44.09000,43.51000,43.71000,7837500
1564493400,43.31000,43.39000,42.80000,43.02000,6223400
1564579800,43.17000,43.49000,42.80000,43.22000,9018400
1564666200,42.93000,43.02000,41.12000,41.29000,21228900
1564752600,41.32000,41.55000,40.33000,40.75000,8811900
1565011800,39.82000,39.90000,38.45000,38.84000,13878300
1565098200,39.36000,39.57000,38.73000,39.41000,9930000
1565184600,38.38000,38.43000,37.10000,37.58000,21892100
1565271000,37.69000,37.80000,37.16000,37.45000,14452100
1565357400,37.19000,37.34000,36.49000,36.87000,13647600
1565616600,36.35000,36.53000,36.01000,36.41000,8733200
1565703000,36.33000,38.02000,36.28000,37.68000,11376700
1565789400,36.52000,37.13000,36.09000,36.59000,13862200
1565875800,36.85000,37.04000,36.10000,36.56000,7587100
1565962200,36.85000,37.53000,36.78000,37.14000,6311800
1566221400,37.85000,38.09000,37.46000,37.70000,5361700
1566307800,37.40000,37.59000,37.01000,37.32000,6790500
1566394200,37.87000,37.90000,37.35000,37.61000,4950400
1566480600,37.99000,38.16000,37.62000,37.87000,6901600
1566567000,37.55000,38.03000,36.35000,36.58000,8736700
1566826200,37.00000,37.15000,36.52000,36.67000,5920500
1566912600,36.84000,37.10000,36.11000,36.12000,9081800
1566999000,35.87000,36.82000,35.85000,36.73000,10094400
1567085400,37.09000,37.95000,37.06000,37.76000,7658200
1567171800,38.18000,38.42000,37.91000,38.27000,6896900
1567517400,38.01000,38.11000,37.30000,37.96000,7749800
1567603800,38.53000,38.73000,38.33000,38.67000,6904000
1567690200,39.49000,40.37000,39.32000,39.62000,9395000
1567776600,39.59000,40.10000,39.44000,39.90000,7047900
1568035800,40.28000,41.32000,40.28000,41.10000,7962500
1568122200,41.37000,41.95000,41.27000,41.95000,8701400
1568208600,42.00000,42.78000,41.51000,42.76000,6799700
1568295000,42.16000,43.16000,41.68000,43.07000,8829400
1568381400,43.60000,44.00000,43.49000,43.62000,6777600
1568640600,43.08000,43.74000,42.99000,43.60000,6585000
1568727000,43.13000,43.22000,42.65000,43.11000,6244300
1568813400,42.67000,43.36000,42.23000,43.23000,6663000
1568899800,43.14000,43.33000,42.74000,42.92000,4935700
1568986200,42.99000,43.40000,42.75000,42.78000,10962100
1569245400,42.25000,42.82000,41.94000,42.58000,4463300
1569331800,42.78000,42.95000,41.57000,41.79000,5693600
1569418200,41.82000,42.34000,41.68000,41.80000,7229200
1569504600,41.69000,41.80000,40.64000,40.89000,8429200
1569591000,41.28000,41.61000,41.15000,41.41000,6272300
1569850200,41.74000,41.93000,41.30000,41.83000,4931400
1569936600,39.80000,39.88000,36.92000,37.76000,35680100
1570023000,37.21000,37.36000,36.41000,36.51000,20944000
1570109400,36.14000,36.43000,34.92000,35.10000,24552800
1570195800,35.10000,35.79000,35.08000,35.67000,14326700
1570455000,35.87000,36.15000,35.44000,35.45000,10249300
1570541400,35.00000,35.42000,34.58000,35.23000,13000100
1570627800,35.59000,36.06000,35.49000,35.67000,14228200
1570714200,36.20000,36.58000,35.99000,36.14000,13028000
1570800600,36.99000,37.71000,36.82000,37.28000,11315900
1571059800,37.03000,37.83000,37.03000,37.72000,9452500
1571146200,38.97000,40.23000,38.27000,39.74000,12800400
1571232600,38.68000,39.57000,38.67000,39.02000,13056700
1571319000,39.56000,39.73000,39.20000,39.45000,6928300
1571405400,39.43000,40.05000,39.43000,39.94000,7582800
1571664600,40.53000,41.01000,40.23000,40.90000,7654700
1571751000,40.89000,41.44000,40.64000,40.92000,7142600
1571837400,40.77000,41.54000,40.65000,41.37000,5969800
1571923800,41.42000,41.48000,40.58000,40.99000,6359100
1572010200,40.75000,41.26000,40.61000,40.98000,3928100
1572269400,41.18000,41.77000,41.05000,41.48000,5534500
1572355800,41.18000,41.60000,40.87000,40.96000,5708300
1572442200,40.75000,41.66000,40.45000,41.30000,5284700
1572528600,41.05000,41.30000,40.01000,40.71000,7119700
1572615000,41.21000,42.02000,41.19000,41.78000,6238700
1572877800,42.26000,43.32000,42.10000,43.22000,8368800
1572964200,43.25000,43.70000,42.67000,43.42000,8986000
1573050600,43.28000,43.56000,42.97000,43.08000,4888400
1573137000,43.53000,43.85000,43.29000,43.50000,5835000
1573223400,43.47000,43.78000,43.34000,43.54000,4274200
1573482600,43.11000,43.54000,43.06000,43.23000,3455200
1573569000,43.34000,43.90000,43.12000,43.48000,3887100
1573655400,43.01000,43.01000,42.41000,42.81000,4443900
1573741800,42.70000,43.41000,42.44000,43.38000,5358000
1573828200,43.78000,44.44000,43.63000,44.35000,7064400
1574087400,44.27000,44.35000,43.56000,44.18000,6983100
1574173800,44.43000,44.78000,44.21000,44.40000,6093500
1574260200,44.07000,44.81000,43.63000,44.75000,6188200
1574346600,50.02000,50.97000,47.50000,48.03000,42834400
1574433000,47.68000,48.60000,47.41000,48.20000,16855500
1574692200,47.70000,49.49000,47.39000,49.31000,37435100
1574778600,49.22000,49.79000,48.66000,49.24000,23072200
1574865000,49.59000,50.05000,49.19000,49.84000,11805900
1575037800,49.55000,50.02000,49.34000,49.50000,4867700
1575297000,49.96000,50.33000,49.57000,49.57000,11375200
1575383400,49.02000,49.10000,48.32000,48.66000,11151000
1575469800,48.64000,49.39000,48.64000,49.03000,6799000
1575556200,49.27000,49.30000,48.50000,48.74000,9766900
1575642600,49.57000,49.97000,48.92000,48.95000,14627100
1575901800,48.90000,49.05000,48.63000,48.95000,7147400
1575988200,48.81000,49.24000,48.67000,49.19000,8317700
1576074600,48.93000,49.61000,48.91000,49.60000,11033600
1576161000,49.84000,51.65000,49.66000,51.07000,16916600
1576247400,51.15000,51.36000,49.81000,49.95000,15217100
1576506600,50.50000,50.52000,49.68000,49.72000,11036800
1576593000,49.56000,49.71000,49.44000,49.49000,9239100
1576679400,49.65000,49.65000,48.55000,48.66000,19820300
1576765800,48.66000,48.88000,47.96000,48.20000,9618000
1576852200,48.29000,48.40000,47.90000,48.12000,15327300
1577111400,48.43000,48.85000,48.03000,48.71000,6931800
1577197800,48.81000,48.81000,48.34000,48.71000,1819000
1577370600,48.76000,48.92000,48.51000,48.57000,3408600
1577457000,48.55000,48.70000,48.27000,48.34000,3733600
1577716200,48.50000,48.63000,47.74000,47.82000,5121400
1577802600,47.83000,47.94000,47.39000,47.56000,8841400
1577975400,47.76000,48.38000,47.55000,48.23000,5644800
1578061800,47.44000,47.60000,46.90000,47.01000,6698900
1578321000,46.65000,47.39000,46.59000,47.34000,6804300
1578407400,47.34000,48.01000,47.30000,47.62000,9985100
1578493800,47.47000,48.00000,47.39000,47.91000,10887000
1578580200,48.50000,48.54000,47.89000,48.11000,9749600
1578666600,48.13000,48.16000,47.62000,47.80000,7452900
1578925800,48.17000,48.25000,47.78000,48.02000,8906000
1579012200,48.07000,48.12000,47.54000,47.71000,8874500
1579098600,47.31000,47.65000,46.93000,47.12000,7654900
1579185000,46.99000,49.07000,46.98000,49.00000,13752200
1579271400,49.10000,49.26000,48.15000,48.34000,10257100
1579617000,48.04000,48.88000,47.82000,48.45000,8849900
1579703400,48.15000,49.03000,47.86000,48.93000,6699600
1579789800,48.40000,48.66000,47.96000,48.42000,8126200
1579876200,48.39000,48.52000,47.00000,47.15000,11268100
1580135400,46.00000,46.36000,45.59000,45.76000,9537800
1580221800,46.14000,46.59000,45.81000,46.30000,7282900
1580308200,46.58000,46.72000,45.89000,45.95000,5918700
1580394600,45.40000,47.33000,45.39000,47.19000,11536600
1580481000,46.63000,46.83000,45.47000,45.55000,12297200
1580740200,45.86000,46.91000,45.58000,45.68000,10490500
1580826600,46.66000,47.98000,46.50000,47.08000,10595100
1580913000,47.84000,48.35000,47.49000,48.29000,9583000
1580999400,48.64000,48.78000,47.32000,47.83000,8767600
1581085800,47.10000,47.59000,46.92000,47.31000,5680200
1581345000,46.89000,47.20000,46.49000,46.77000,6062000
1581431400,47.03000,47.97000,46.86000,47.67000,7082600
1581517800,48.10000,48.35000,47.59000,47.79000,5136400
1581604200,47.39000,47.60000,47.15000,47.29000,5873100
1581690600,47.12000,47.32000,46.68000,47.23000,7106600
1582036200,47.03000,47.31000,46.20000,46.73000,8165700
1582122600,46.99000,47.85000,46.83000,47.44000,6377500
1582209000,47.34000,49.55000,47.30000,48.58000,16198800
1582295400,48.09000,48.43000,45.93000,46.19000,13500500
1582554600,44.48000,44.56000,43.48000,43.80000,13407600
1582641000,43.99000,44.01000,41.38000,41.60000,16466000
1582727400,42.01000,42.40000,41.22000,41.42000,15389400
1582813800,40.18000,43.00000,40.09000,41.91000,28185100
1582900200,40.25000,41.62000,39.51000,40.75000,27459700
1583159400,40.90000,42.05000,39.57000,41.98000,21834000
1583245800,41.62000,41.95000,37.95000,38.30000,28382000
1583332200,38.45000,38.54000,36.74000,37.16000,26339300
1583418600,35.90000,35.90000,34.45000,34.80000,28000700
1583505000,33.05000,35.06000,32.64000,34.13000,29385700
1583760600,30.86000,31.87000,30.19000,30.27000,24766500
1583847000,31.88000,32.94000,30.00000,32.94000,20293200
1583933400,31.90000,33.89000,31.25000,32.43000,27992400
1584019800,29.96000,30.31000,28.11000,28.43000,32521600
1584106200,30.38000,33.90000,30.04000,33.87000,26153200
1584365400,28.59000,32.66000,28.00000,30.56000,23373900
1584451800,31.39000,33.73000,28.92000,33.68000,21796200
1584538200,31.09000,34.08000,30.36000,32.42000,24241700
1584624600,31.45000,32.95000,30.03000,31.82000,18311100
1584711000,32.50000,32.94000,30.03000,30.75000,15922500
1584970200,30.82000,30.82000,28.01000,28.50000,20573000
1585056600,30.26000,31.53000,29.24000,30.72000,17925200
1585143000,31.12000,36.87000,30.44000,34.17000,22746200
1585229400,34.17000,36.30000,32.97000,34.16000,16976500
1585315800,32.56000,34.87000,32.13000,33.61000,12461700
1585575000,33.19000,34.57000,32.69000,34.33000,10078800
1585661400,33.89000,34.81000,33.00000,33.62000,10708400
1585747800,31.83000,33.55000,31.59000,32.96000,11700200
1585834200,32.42000,34.57000,32.32000,34.39000,15329500
1585920600,34.08000,34.97000,33.01000,33.60000,9127900
1586179800,35.36000,36.42000,34.51000,36.08000,11658800
1586266200,37.80000,37.80000,34.73000,34.94000,13087400
1586352600,35.45000,36.76000,34.63000,36.49000,8104600
1586439000,37.21000,37.95000,36.11000,36.54000,12354400
1586784600,36.40000,36.62000,34.49000,34.77000,11531300
1586871000,35.64000,36.36000,34.61000,36.21000,12376800
1586957400,34.53000,34.97000,33.70000,34.67000,11516400
1587043800,34.12000,35.04000,33.67000,34.60000,10852100
1587130200,36.20000,37.05000,35.36000,35.79000,13305000
1587389400,35.13000,36.84000,35.11000,36.59000,11016500
1587475800,35.54000,36.17000,35.19000,35.94000,9671800
1587562200,36.47000,36.55000,35.66000,35.87000,8397300
1587648600,36.18000,36.49000,35.33000,35.64000,8748800
1587735000,36.13000,36.34000,35.22000,35.40000,8043200
1587994200,35.92000,37.07000,35.65000,36.84000,11030800
1588080600,37.66000,37.94000,36.92000,37.08000,7674800
1588167000,38.12000,39.09000,37.81000,38.79000,8225300
1588253400,38.00000,38.60000,37.55000,37.72000,8061700
1588339800,36.70000,36.95000,36.28000,36.45000,8176600
1588599000,36.07000,36.25000,35.19000,35.63000,7292100
1588685400,36.25000,36.25000,34.86000,34.90000,7645300
1588771800,35.33000,35.48000,34.54000,34.57000,5791200
1588858200,34.70000,36.27000,34.61000,35.17000,10672300
1588944600,35.88000,36.66000,35.81000,36.51000,9489400
1589203800,35.93000,36.36000,35.80000,35.84000,9750800
1589290200,36.01000,36.01000,33.97000,34.32000,10475300
1589376600,34.04000,34.15000,32.62000,33.15000,10168100
1589463000,32.23000,33.50000,31.89000,33.40000,10143000
1589549400,32.87000,33.24000,32.44000,32.56000,6780900
1589808600,33.86000,34.59000,33.04000,34.21000,15300500
1589895000,34.00000,34.30000,32.97000,32.99000,7009100
1589981400,33.00000,33.94000,32.78000,33.69000,8876200
1590067800,33.24000,33.66000,32.90000,33.22000,7426300
1590154200,33.09000,33.23000,32.44000,32.83000,7300200
1590499800,34.20000,34.96000,34.03000,34.50000,14756000
1590586200,36.20000,37.09000,35.81000,37.09000,13261300
1590672600,37.56000,37.63000,35.91000,36.01000,8760900
1590759000,35.42000,36.07000,35.22000,35.91000,14247600
1591018200,36.04000,36.63000,35.94000,36.51000,7469800
1591104600,37.00000,37.53000,36.76000,37.14000,6232800
1591191000,38.30000,39.65000,38.10000,39.51000,9672100
1591277400,40.02000,41.72000,39.15000,41.68000,26855900
1591363800,44.71000,45.86000,42.71000,42.82000,20489900
1591623000,43.01000,43.27000,41.32000,41.82000,12200400
1591709400,40.65000,41.09000,40.09000,40.18000,11529200
1591795800,39.65000,39.95000,38.04000,38.12000,11641200
1591882200,36.54000,37.57000,36.08000,36.16000,11348300
1591968600,37.65000,37.70000,35.44000,36.56000,15666500
1592227800,35.35000,37.15000,35.16000,36.65000,10012600
1592314200,37.87000,38.00000,36.42000,36.92000,12662400
1592400600,37.04000,37.21000,36.44000,36.67000,12120900
1592487000,36.30000,37.07000,36.01000,36.88000,10430100
1592573400,37.66000,37.66000,35.76000,36.67000,14817900
1592832600,36.41000,36.77000,36.17000,36.42000,8242500
1592919000,36.82000,37.07000,35.88000,35.89000,9923100
1593005400,35.50000,35.54000,33.67000,33.80000,14398500
1593091800,33.58000,34.23000,33.28000,34.08000,14814500
1593178200,33.62000,33.75000,31.63000,31.75000,28270700
1593437400,32.10000,32.78000,31.93000,32.75000,12378300
1593523800,32.60000,33.99000,32.53000,33.74000,15650400
1593610200,33.68000,34.12000,32.81000,33.02000,21721400
1593696600,33.80000,34.19000,33.28000,33.39000,7862700
1594042200,34.10000,34.89000,34.01000,34.21000,13573500
1594128600,33.80000,34.18000,33.53000,33.89000,7198500
1594215000,34.02000,34.53000,33.76000,34.43000,6916000
1594301400,34.31000,34.46000,33.42000,33.88000,8475800
1594387800,33.81000,34.91000,33.81000,34.80000,6258800
1594647000,35.21000,35.44000,34.31000,34.43000,8679900
1594733400,34.28000,34.88000,33.97000,34.55000,7862300
1594819800,35.11000,35.81000,34.79000,35.66000,9873300
1594906200,34.89000,36.08000,34.45000,34.92000,12191300
1594992600,34.92000,35.09000,33.43000,33.44000,11840000
1595251800,33.42000,33.94000,33.04000,33.84000,9564100
1595338200,34.05000,35.36000,34.02000,35.24000,11384700
1595424600,35.05000,35.17000,34.47000,34.86000,7585000
1595511000,34.80000,35.85000,34.51000,35.21000,7457300
1595597400,35.21000,35.51000,34.72000,34.94000,6577600
1595856600,34.55000,34.68000,33.65000,33.84000,10588000
1595943000,33.60000,34.02000,33.55000,33.66000,8882800
1596029400,33.71000,34.11000,33.43000,34.08000,6592700
1596115800,33.44000,33.73000,32.89000,33.58000,7323500
1596202200,33.43000,33.47000,32.66000,33.15000,10384800
1596461400,33.28000,33.62000,32.79000,33.34000,7285600
1596547800,33.11000,33.95000,33.11000,33.95000,14859100
1596634200,34.21000,34.35000,33.88000,34.20000,8142100
1596720600,33.58000,33.98000,33.02000,33.14000,8077700
1596807000,33.02000,34.06000,32.84000,34.04000,7823100
1597066200,34.06000,34.28000,33.55000,33.80000,6043100
1597152600,34.47000,35.56000,34.23000,34.96000,12160300
1597239000,35.50000,36.00000,34.75000,34.84000,8998700
1597325400,34.49000,34.92000,34.10000,34.61000,5937600
1597411800,34.45000,35.46000,34.29000,35.05000,8740700
1597671000,34.88000,35.28000,34.47000,34.62000,8340900
1597757400,34.50000,35.00000,34.24000,34.95000,7710000
1597843800,34.95000,35.90000,34.95000,35.71000,8035700
1597930200,35.23000,35.35000,34.48000,34.55000,8161000
1598016600,34.55000,34.89000,34.23000,34.45000,5804500
1598275800,34.50000,35.50000,34.46000,35.12000,9920000
1598362200,35.50000,35.87000,35.24000,35.55000,5261000
1598448600,35.58000,35.72000,35.12000,35.42000,4117800
1598535000,35.49000,36.37000,35.13000,36.08000,6467400
1598621400,36.15000,36.47000,35.85000,36.28000,6156500
1598880600,36.13000,36.20000,35.45000,35.53000,8331400
1598967000,35.16000,36.26000,34.96000,35.80000,6146400
1599053400,35.78000,36.12000,35.46000,35.97000,8021200
1599139800,36.30000,36.88000,35.20000,35.39000,13777900
1599226200,36.25000,36.89000,35.63000,36.20000,11454000
1599571800,35.47000,35.70000,34.61000,34.66000,9022900
1599658200,34.93000,35.27000,34.56000,35.03000,7657700
1599744600,35.20000,35.38000,34.52000,34.66000,5709900
1599831000,34.69000,35.57000,34.69000,35.24000,5890300
1600090200,35.50000,36.17000,35.33000,35.73000,6875600
1600176600,34.68000,35.12000,33.79000,34.75000,12952500
1600263000,34.93000,36.08000,34.81000,35.73000,8778900
1600349400,35.14000,36.07000,35.06000,35.81000,7298400
1600435800,35.61000,36.54000,35.61000,36.03000,9021000
1600695000,35.14000,35.92000,34.50000,35.24000,11448100
1600781400,35.17000,35.80000,34.45000,34.97000,7816900
1600867800,35.19000,35.81000,34.77000,34.78000,8151900
1600954200,34.91000,34.97000,34.10000,34.36000,7039200
1601040600,34.10000,35.07000,33.96000,34.94000,5768400
1601299800,35.51000,36.31000,35.42000,36.20000,6035300
1601386200,36.15000,36.26000,35.49000,35.78000,7150300
1601472600,36.08000,36.68000,35.96000,36.23000,7214300
1601559000,36.91000,37.76000,36.60000,37.73000,19959000
1601645400,37.17000,38.48000,37.07000,37.67000,22728100
1601904600,38.17000,38.71000,36.75000,36.94000,94997700
1601991000,37.14000,37.46000,36.07000,36.75000,19905300
1602077400,37.49000,38.16000,36.90000,37.78000,18282600
1602163800,37.83000,37.95000,37.44000,37.74000,10818300
1602250200,38.20000,38.46000,37.57000,38.23000,11643900
1602509400,38.25000,38.53000,37.90000,38.47000,14481600
1602595800,38.33000,38.51000,37.41000,37.61000,10841100
1602682200,37.30000,37.94000,37.01000,37.12000,10013400
1602768600,37.31000,39.04000,37.24000,39.03000,15403400
1602855000,39.28000,39.77000,38.56000,39.29000,14090400
1603114200,39.41000,39.56000,38.73000,38.89000,12294100
1603200600,39.19000,40.12000,39.08000,39.13000,9961200
1603287000,39.13000,39.42000,38.74000,38.93000,7672700
1603373400,38.92000,40.27000,38.71000,40.13000,10093800
1603459800,40.72000,40.93000,39.92000,40.35000,8243400
1603719000,39.82000,40.00000,38.67000,39.15000,11991800
1603805400,39.05000,39.22000,38.31000,38.47000,7881800
1603891800,37.84000,38.53000,37.29000,38.15000,13941200
1603978200,37.97000,40.78000,37.33000,40.31000,14757200
1604064600,40.10000,41.14000,40.00000,41.11000,13154600
1604327400,41.27000,42.69000,40.89000,41.26000,12719800
1604413800,42.09000,43.77000,42.09000,42.56000,12927300
1604500200,39.99000,41.96000,39.50000,40.84000,15044200
1604586600,40.80000,42.20000,40.80000,41.45000,9876000
1604673000,41.98000,42.00000,40.98000,41.13000,6824100
1604932200,45.19000,45.89000,43.76000,44.96000,14747800
1605018600,45.27000,46.49000,44.87000,46.42000,10791600
1605105000,47.45000,47.48000,45.89000,46.23000,14938300
1605191400,45.40000,45.50000,44.26000,44.72000,9621300
1605277800,45.09000,46.23000,45.01000,46.00000,7519300
1605537000,47.09000,47.41000,45.98000,46.89000,10664000
1605623400,46.86000,48.94000,46.75000,48.90000,16788600
1605709800,48.92000,49.84000,47.70000,47.70000,15442400
1605796200,46.91000,47.33000,46.25000,47.08000,11022100
1605882600,46.67000,46.95000,46.42000,46.61000,6365800
1606141800,47.28000,48.35000,46.73000,48.24000,6970600
1606228200,48.93000,49.88000,48.60000,49.79000,10115700
1606314600,49.07000,50.15000,48.87000,49.75000,9898100
1606487400,49.61000,50.09000,49.46000,49.70000,4626600
1606746600,49.46000,49.74000,48.51000,48.78000,21664600
1606833000,50.08000,51.02000,49.67000,50.02000,12399900
1606919400,49.58000,51.00000,49.55000,50.86000,6785000
1607005800,50.64000,51.23000,50.23000,51.07000,7579300
1607092200,51.42000,51.81000,50.96000,50.99000,7371400
1607351400,50.59000,51.07000,50.46000,50.76000,7657100
1607437800,50.15000,50.97000,50.15000,50.55000,7494200
1607524200,50.92000,51.00000,50.16000,50.55000,5592000
1607610600,50.16000,50.37000,49.53000,50.10000,7825300
1607697000,49.28000,49.52000,48.89000,49.43000,7629500
1607956200,50.39000,51.69000,49.82000,49.84000,7981000
1608042600,50.28000,51.54000,50.02000,51.05000,7674600
1608129000,51.06000,51.71000,50.61000,51.68000,7448000
1608215400,51.70000,52.04000,51.31000,51.78000,7291000
1608301800,51.89000,52.22000,51.33000,51.98000,16739600
1608561000,51.90000,52.06000,50.95000,51.75000,7605400
1608647400,51.75000,52.07000,51.45000,51.64000,5444100
1608733800,51.85000,52.71000,51.60000,52.35000,4254100
1608820200,52.38000,52.38000,51.84000,52.06000,1633100
1609165800,52.62000,52.97000,52.28000,52.94000,4635000
1609252200,52.99000,53.33000,52.52000,52.54000,3421500
1609338600,52.54000,52.93000,52.35000,52.41000,3971500
1609425000,52.55000,53.12000,52.26000,53.04000,4085100
1609770600,53.22000,53.47000,51.93000,52.76000,8650000
1609857000,51.96000,52.95000,51.94000,52.77000,7995700
1609943400,54.37000,57.83000,54.04000,57.41000,16551800
1610029800,57.89000,59.44000,57.63000,59.06000,10949600
1610116200,58.84000,59.58000,58.23000,58.98000,9165300
1610375400,58.85000,60.35000,58.13000,60.25000,8766100
1610461800,60.80000,62.04000,60.44000,61.20000,12194500
1610548200,60.58000,61.37000,59.19000,59.51000,17171700
1610634600,59.61000,59.79000,59.13000,59.33000,9165800
1610721000,58.56000,59.17000,57.96000,58.75000,9952400
1611066600,59.24000,59.59000,57.83000,59.23000,8277200
1611153000,59.35000,59.45000,58.11000,58.61000,9798200
1611239400,58.86000,58.97000,58.34000,58.70000,6367000
1611325800,58.16000,58.92000,57.93000,58.40000,5472400
1611585000,57.27000,58.18000,56.60000,57.08000,7888800
1611671400,57.49000,57.69000,56.12000,56.21000,6786900
1611757800,55.41000,55.41000,53.16000,53.29000,10579800
1611844200,53.65000,55.42000,53.57000,53.74000,11278600
1611930600,53.26000,53.29000,50.77000,51.54000,17772200
1612189800,52.13000,53.72000,51.97000,53.37000,8601100
1612276200,54.13000,55.34000,54.11000,54.54000,8720500
1612362600,54.68000,55.32000,52.96000,53.46000,10230400
1612449000,53.87000,55.20000,53.63000,55.20000,7890900
1612535400,55.69000,56.39000,55.29000,55.74000,7994500
1612794600,55.98000,56.11000,55.22000,55.85000,5377100
1612881000,55.48000,56.53000,54.98000,56.27000,5541200
1612967400,56.60000,56.89000,55.37000,55.70000,7549100
1613053800,55.65000,56.37000,55.41000,55.93000,6040300
1613140200,55.93000,58.26000,55.81000,58.19000,8138100
1613485800,58.93000,61.35000,58.64000,60.95000,11008900
1613572200,60.61000,61.39000,60.36000,61.30000,8785800
1613658600,60.99000,62.23000,60.64000,61.93000,6157700
1613745000,62.44000,63.45000,61.14000,61.91000,8421300
1614004200,62.65000,63.09000,62.08000,62.95000,8049400
1614090600,63.45000,63.45000,61.44000,62.67000,8613200
1614177000,63.00000,65.43000,62.49000,64.44000,11535200
1614263400,64.35000,65.24000,62.97000,63.10000,10584100
1614349800,62.91000,63.28000,61.25000,61.72000,9543600
1614609000,62.59000,64.93000,62.57000,64.10000,5863700
1614695400,63.71000,64.78000,63.43000,63.80000,6079400
1614781800,64.26000,66.23000,63.91000,64.96000,8831100
1614868200,64.82000,65.17000,63.03000,64.77000,11204300
1614954600,66.10000,66.61000,63.04000,65.02000,10204000
1615213800,65.32000,65.63000,64.34000,64.46000,8663200
1615300200,64.03000,65.04000,62.33000,63.75000,9761700
1615386600,64.16000,65.07000,63.87000,65.03000,8930500
1615473000,64.80000,66.86000,64.55000,66.41000,9233600
1615559400,67.00000,68.21000,66.76000,67.65000,5643300
1615815000,67.39000,67.65000,65.46000,66.34000,6855700
1615901400,66.10000,66.10000,65.02000,65.47000,5632400
1615987800,66.67000,66.67000,65.14000,65.70000,6881500
1616074200,66.91000,67.90000,65.99000,66.07000,7417000
1616160600,65.38000,66.59000,64.80000,66.05000,10670300
1616419800,65.34000,65.73000,64.73000,64.77000,5138800
1616506200,64.38000,64.93000,63.28000,63.36000,6259600
1616592600,64.08000,65.77000,64.02000,64.12000,5796700
1616679000,63.86000,65.46000,63.07000,65.13000,6220600
1616765400,65.91000,66.07000,64.94000,65.71000,6082100
1617024600,64.66000,65.43000,63.60000,64.11000,8113500
1617111000,64.28000,65.07000,63.98000,64.76000,6300200
1617197400,65.08000,65.65000,64.34000,65.18000,7536100
1617283800,65.14000,66.49000,65.04000,66.44000,5796900
1617629400,68.21000,68.89000,67.77000,68.15000,8211800
1617715800,67.88000,68.63000,67.11000,67.30000,7360400
1617802200,67.16000,67.60000,66.40000,67.05000,7281400
1617888600,66.54000,66.94000,66.08000,66.84000,6361000
1617975000,68.32000,68.83000,67.19000,67.57000,6311100
1618234200,67.32000,67.92000,67.32000,67.71000,5620600
1618320600,67.67000,67.67000,66.19000,66.60000,4886500
1618407000,66.99000,68.42000,66.70000,67.44000,6702200
1618493400,66.85000,67.49000,64.59000,65.50000,10163600
1618579800,65.74000,65.83000,64.34000,64.74000,10289400
1618839000,65.03000,66.62000,64.92000,65.88000,8750800
1618925400,65.37000,65.73000,63.61000,63.69000,7532800
1619011800,63.86000,65.46000,63.46000,65.40000,6442800
1619098200,65.25000,66.07000,64.33000,64.80000,8590800
1619184600,65.20000,67.18000,64.88000,67.14000,7270500
1619443800,67.53000,68.85000,67.35000,67.77000,7387100
1619530200,68.57000,69.76000,67.86000,69.64000,8745300
1619616600,69.61000,70.03000,69.21000,69.86000,6338800
1619703000,70.26000,72.16000,70.05000,71.71000,9816600
1619789400,71.43000,71.74000,70.21000,70.40000,8105100
1620048600,70.83000,71.05000,69.74000,70.94000,5394300
1620135000,70.39000,71.63000,68.67000,70.09000,11044100
1620221400,70.80000,71.66000,69.57000,70.98000,8739500
1620307800,71.28000,71.65000,70.08000,71.52000,4802800
1620394200,70.45000,71.88000,70.00000,71.75000,6233000
1620653400,72.16000,72.54000,71.08000,71.10000,5721200
1620739800,70.17000,71.96000,69.91000,70.63000,5380000
1620826200,71.02000,71.47000,68.66000,69.12000,8500500
1620912600,68.82000,71.01000,68.75000,70.43000,6317300
1620999000,70.66000,73.37000,70.61000,73.25000,8843300
1621258200,73.00000,73.24000,72.02000,73.00000,5207200
1621344600,73.37000,73.59000,70.86000,70.90000,5829600
1621431000,69.78000,71.35000,69.20000,71.21000,6552300
1621517400,71.50000,71.63000,70.38000,70.74000,4606600
1621603800,71.19000,72.55000,71.01000,72.17000,5414900
1621863000,72.33000,73.04000,72.01000,72.61000,4538300
1621949400,72.95000,73.50000,71.53000,71.63000,5920100
1622035800,72.29000,72.29000,70.70000,71.53000,7370400
1622122200,72.27000,74.14000,71.84000,73.85000,14693800
1622208600,73.94000,74.31000,73.19000,73.85000,6205300
1622554200,74.94000,75.49000,74.16000,74.64000,6175500
1622640600,74.84000,75.29000,74.29000,74.93000,6881900
1622727000,74.55000,76.34000,74.45000,76.01000,7623800
1622813400,75.91000,76.37000,74.51000,75.72000,5587500
1623072600,75.94000,75.95000,74.35000,74.73000,5662000
1623159000,74.15000,75.17000,73.57000,75.12000,7317100
1623245400,74.84000,74.90000,72.25000,72.85000,9634600
1623331800,73.70000,74.22000,72.45000,72.62000,8741300
1623418200,72.89000,73.98000,72.85000,73.92000,6912700
1623677400,73.48000,73.73000,71.16000,72.01000,7764100
1623763800,72.50000,73.31000,72.03000,72.54000,7934500
1623850200,72.07000,74.54000,71.13000,73.75000,8819100
1623936600,74.14000,74.33000,70.86000,72.14000,8699900
1624023000,71.08000,71.80000,69.28000,69.83000,17257900
1624282200,70.64000,72.96000,70.19000,72.74000,9488200
1624368600,72.65000,72.75000,71.52000,72.50000,6856800
1624455000,72.75000,73.27000,72.47000,72.89000,7116700
1624541400,73.07000,73.64000,72.16000,73.39000,5895500
1624627800,73.54000,74.27000,73.16000,73.78000,12715300
1624887000,73.60000,73.80000,72.58000,73.28000,5006400
1624973400,74.06000,74.60000,73.16000,73.22000,5316100
1625059800,72.86000,73.10000,72.29000,72.81000,6429700
1625146200,73.46000,73.64000,72.94000,73.57000,4413400
1625232600,73.13000,73.33000,71.61000,72.80000,6108800
1625578200,72.61000,72.61000,70.67000,70.77000,7684000
1625664600,70.46000,70.64000,68.86000,70.07000,9833600
1625751000,67.33000,68.88000,67.33000,67.94000,10896900
1625837400,69.41000,70.59000,68.52000,70.55000,10327400
1626096600,69.93000,72.01000,69.74000,71.71000,6192400
1626183000,71.58000,72.10000,70.96000,71.82000,7489100
1626269400,71.35000,72.11000,69.96000,70.20000,7577000
1626355800,69.74000,71.56000,69.36000,70.55000,5719800
1626442200,70.53000,70.65000,68.30000,68.89000,10465600
1626701400,67.36000,68.11000,66.20000,66.68000,8937300
1626787800,66.60000,68.26000,65.73000,67.94000,5857700
1626874200,68.66000,70.01000,68.42000,69.56000,5767000
1626960600,69.31000,69.67000,67.14000,67.25000,8206600
1627047000,67.52000,68.41000,67.25000,67.91000,6059900
1627306200,67.94000,68.63000,67.65000,68.04000,5838300
1627392600,67.55000,67.82000,66.60000,67.37000,3879400
1627479000,67.65000,68.33000,67.13000,67.85000,5206000
1627565400,68.40000,69.28000,67.75000,68.57000,4475900
1627651800,68.24000,69.12000,67.76000,67.95000,4084100
1627911000,68.20000,69.71000,67.62000,67.74000,4941400
1627997400,68.17000,68.24000,66.16000,67.41000,4858100
1628083800,66.84000,68.31000,66.50000,67.67000,4619300
1628170200,68.06000,69.70000,68.01000,69.30000,4814400
1628256600,70.14000,72.45000,70.06000,71.93000,9361700
1628515800,71.64000,74.10000,71.40000,73.42000,6079800
1628602200,73.35000,74.99000,72.92000,74.53000,5784800
1628688600,74.84000,75.39000,74.08000,74.81000,6280700
1628775000,74.56000,75.50000,74.36000,75.42000,3425600
1628861400,75.30000,75.42000,73.45000,74.01000,3552100
1629120600,73.33000,73.78000,72.12000,73.26000,3796400
1629207000,72.68000,72.99000,71.60000,72.50000,5487200
1629293400,72.25000,73.46000,71.92000,72.00000,5828500
1629379800,70.97000,71.83000,70.14000,71.06000,3303600
1629466200,71.07000,72.11000,70.71000,71.97000,3259100
1629725400,72.30000,72.74000,72.05000,72.30000,3989700
1629811800,72.52000,74.34000,72.30000,74.15000,5296300
1629898200,74.42000,75.40000,74.01000,74.58000,4754900
1629984600,74.97000,75.20000,73.63000,73.65000,3237400
1630071000,73.75000,75.90000,73.74000,75.84000,4690800
1630330200,75.85000,76.00000,73.33000,73.44000,9734600
1630416600,73.23000,73.60000,71.96000,72.85000,7450300
1630503000,72.84000,73.57000,71.77000,73.20000,4606200
1630589400,73.52000,73.72000,72.58000,72.91000,3213200
1630675800,72.95000,73.55000,72.05000,72.09000,3348900
1631021400,71.50000,72.43000,71.02000,72.08000,4129000
1631107800,72.08000,72.35000,71.31000,71.56000,2955000
1631194200,71.59000,73.77000,71.30000,72.33000,4549200
1631280600,72.98000,72.98000,71.38000,71.44000,4099900
1631539800,72.00000,72.25000,70.84000,71.89000,3180200
1631626200,71.78000,72.19000,69.13000,69.73000,5572700
1631712600,69.92000,71.39000,69.43000,71.15000,4248900
1631799000,71.37000,71.96000,70.37000,70.78000,3054600
1631885400,70.28000,70.93000,69.82000,70.43000,10256800
1632144600,68.64000,68.97000,67.31000,68.80000,5848600
1632231000,69.23000,69.42000,68.13000,68.44000,4243100
1632317400,69.46000,71.11000,69.08000,70.40000,4957000
1632403800,71.21000,74.42000,71.04000,74.30000,5860900
1632490200,74.03000,75.94000,73.94000,75.59000,6437400
1632749400,76.00000,77.68000,75.94000,77.38000,6584100
1632835800,77.50000,77.97000,75.44000,76.18000,8754700
1632922200,76.49000,76.50000,74.73000,75.38000,6075700
1633008600,75.97000,75.97000,72.77000,72.84000,7077400
1633095000,72.97000,74.94000,72.05000,74.42000,4814800
1633354200,74.17000,75.12000,72.92000,73.23000,5938700
1633440600,73.66000,76.56000,73.66000,75.90000,7569900
1633527000,75.02000,76.11000,73.97000,75.71000,5731600
1633613400,76.50000,77.75000,76.24000,76.39000,4560900
1633699800,76.33000,77.86000,76.19000,77.34000,3485100
1633959000,77.79000,78.94000,76.55000,76.61000,4229100
1634045400,77.09000,77.92000,76.35000,77.27000,6138200
1634131800,77.53000,77.72000,74.92000,76.27000,6066000
1634218200,77.22000,78.38000,76.64000,78.11000,4799500
1634304600,79.42000,81.00000,78.36000,80.90000,9004400
1634563800,80.75000,81.24000,79.71000,80.55000,6323200
1634650200,80.59000,81.63000,80.23000,81.54000,5346500
1634736600,81.14000,81.81000,80.58000,81.59000,6157200
1634823000,81.50000,82.57000,80.74000,82.24000,5938000
1634909400,82.37000,83.74000,82.26000,83.55000,5740200
1635168600,83.69000,84.01000,82.85000,82.89000,4213500
1635255000,83.49000,84.49000,83.02000,83.06000,6362400
1635341400,82.67000,83.73000,81.09000,81.15000,6539200
1635427800,81.51000,82.40000,81.34000,81.99000,3579600
1635514200,82.00000,82.71000,81.74000,82.03000,4421600
1635773400,82.55000,82.78000,81.41000,81.87000,4095700
1635859800,81.88000,82.52000,81.38000,81.77000,3682600
1635946200,81.71000,83.85000,81.51000,83.33000,7051500
1636032600,82.95000,83.13000,80.31000,81.45000,5782900
1636119000,82.10000,82.96000,80.82000,81.15000,4107600
1636381800,81.72000,82.66000,81.38000,81.68000,3420000
1636468200,80.90000,81.36000,79.93000,80.78000,4193800
1636554600,80.33000,81.07000,79.82000,80.75000,4739000
1636641000,81.21000,82.08000,80.57000,81.40000,2794800
1636727400,81.34000,82.32000,80.61000,82.11000,4681400
1636986600,82.49000,82.55000,81.62000,81.92000,3302400
1637073000,81.74000,82.17000,81.05000,81.81000,4383200
1637159400,81.53000,81.75000,80.15000,81.42000,5613500
1637245800,81.70000,82.08000,81.22000,81.72000,3297500
1637332200,80.76000,80.99000,78.85000,80.17000,6394900
1637591400,81.22000,83.28000,81.00000,81.92000,5896200
1637677800,82.33000,83.13000,81.65000,82.94000,4321800
1637764200,82.39000,83.46000,82.39000,83.14000,4725400
1637937000,79.72000,79.82000,77.94000,79.15000,5773800
1638196200,80.43000,80.88000,78.93000,80.10000,6017600
1638282600,78.79000,79.10000,77.22000,77.39000,9711300
1638369000,79.60000,80.29000,76.46000,76.53000,6029400
1638455400,77.28000,80.50000,76.88000,80.12000,8382000
1638541800,80.50000,81.00000,77.66000,78.47000,7344000
1638801000,79.69000,80.98000,78.65000,80.37000,4488800
1638887400,81.30000,82.22000,80.90000,81.31000,4333000
1638973800,81.29000,81.89000,80.51000,81.20000,4138300
1639060200,80.72000,81.82000,80.31000,80.66000,3652800
1639146600,81.18000,81.18000,79.62000,80.81000,3864900
1639405800,80.48000,80.68000,78.78000,79.38000,5057400
1639492200,79.26000,81.27000,79.03000,80.79000,6068800
1639578600,80.90000,81.88000,79.55000,81.60000,5307200
1639665000,83.50000,85.75000,82.99000,83.89000,9825000
1639751400,83.52000,84.19000,81.62000,82.95000,13350300
1640010600,81.62000,81.62000,78.96000,80.68000,6446300
1640097000,81.72000,83.26000,81.72000,83.19000,4353500
1640183400,82.99000,84.50000,82.61000,84.38000,3945200
1640269800,85.06000,86.00000,85.04000,85.13000,3570400
1640615400,85.35000,85.82000,85.02000,85.82000,2815000
1640701800,85.62000,86.43000,85.26000,85.50000,2719000
1640788200,85.54000,86.16000,84.70000,84.96000,4196900
1640874600,85.16000,86.19000,84.39000,84.48000,3079200
1640961000,84.42000,84.79000,83.72000,84.10000,3223200
1641220200,84.57000,85.86000,84.14000,85.76000,6739700
1641306600,87.03000,90.85000,86.81000,89.96000,12870700
1641393000,90.00000,90.66000,89.30000,89.31000,9568800
1641479400,90.91000,91.50000,89.45000,90.74000,7941200
1641565800,90.55000,92.32000,90.10000,91.74000,7344300
1641825000,91.48000,92.14000,88.97000,91.65000,6821800
1641911400,92.36000,94.10000,91.73000,93.91000,8977700
1641997800,94.35000,95.05000,93.37000,94.82000,8669100
1642084200,93.40000,94.75000,92.86000,93.38000,9123000
1642170600,93.00000,95.62000,92.59000,95.53000,10057100
1642516200,94.91000,95.01000,89.64000,92.16000,15343500
1642602600,93.00000,93.32000,90.97000,91.51000,9110700
1642689000,92.53000,93.32000,91.42000,91.43000,8790900
1642775400,91.07000,91.07000,88.33000,89.20000,9773200
1643034600,86.45000,89.06000,85.18000,88.71000,13314700
1643121000,87.27000,89.69000,85.74000,88.53000,9155100
1643207400,89.99000,91.28000,89.00000,90.01000,8703900
1643293800,91.01000,92.90000,89.05000,89.70000,10986500
1643380200,88.96000,90.43000,86.18000,88.91000,13898000
1643639400,87.87000,88.27000,84.92000,87.70000,12540800
1643725800,88.62000,90.41000,87.58000,90.06000,9309100
1643812200,89.95000,90.70000,88.30000,90.36000,6511500
1643898600,90.34000,91.60000,88.75000,88.89000,7044400
1643985000,88.95000,93.07000,88.95000,91.90000,8962400
1644244200,92.56000,93.84000,91.89000,93.14000,5368300
1644330600,93.77000,95.28000,93.69000,94.96000,8092700
1644417000,95.64000,96.24000,94.23000,94.52000,5545100
1644503400,93.66000,95.52000,92.51000,92.85000,9336400
1644589800,92.23000,92.64000,88.51000,89.11000,12520300
1644849000,89.22000,89.37000,86.23000,87.74000,9735700
1644935400,89.15000,90.42000,88.90000,89.64000,6049500
1645021800,88.56000,89.84000,88.24000,89.33000,4936600
1645108200,88.00000,88.34000,85.91000,86.02000,7858200
1645194600,85.73000,86.85000,85.34000,85.61000,5605800
1645540200,85.27000,86.30000,84.12000,84.57000,7000700
1645626600,85.37000,86.52000,82.18000,82.55000,7808600
1645713000,79.17000,82.59000,77.52000,82.27000,10687500
1645799400,82.42000,86.47000,82.38000,85.75000,9128100
1646058600,83.01000,85.49000,82.64000,84.46000,9401400
1646145000,83.16000,83.62000,76.51000,77.86000,14470700
1646231400,79.00000,82.54000,78.82000,81.81000,10446900
1646317800,82.00000,82.29000,80.04000,80.71000,6544700
1646404200,78.50000,79.60000,77.66000,79.23000,6676000
1646663400,78.39000,79.28000,76.23000,76.36000,7950500
1646749800,77.15000,77.70000,74.63000,75.69000,7100700
1646836200,79.18000,80.16000,78.16000,79.39000,5883900
1646922600,78.13000,79.83000,77.71000,79.65000,5030900
1647009000,81.30000,81.65000,80.16000,80.24000,6321000
1647264600,82.30000,84.82000,81.83000,83.26000,9527100
1647351000,84.11000,84.38000,82.30000,83.17000,5805400
1647437400,84.95000,88.99000,84.57000,88.94000,10413500
1647523800,87.72000,89.82000,86.76000,89.78000,6689600
1647610200,89.99000,90.77000,89.43000,90.00000,13003200
1647869400,90.05000,90.33000,88.24000,89.01000,5782200
1647955800,90.26000,93.00000,90.26000,92.20000,8382700
1648042200,91.23000,92.03000,89.75000,89.75000,6159300
1648128600,90.61000,91.51000,89.89000,90.93000,6164600
1648215000,89.99000,91.47000,89.23000,91.36000,6894600
1648474200,91.45000,91.85000,90.65000,91.80000,4194000
1648560600,93.07000,93.16000,91.03000,91.22000,6072600
1648647000,91.42000,91.53000,88.38000,88.76000,7478300
1648733400,88.45000,88.80000,84.19000,84.31000,12792300
1648819800,85.37000,85.53000,82.72000,83.54000,10638900
1649079000,83.08000,84.01000,82.09000,82.30000,9851100
1649165400,82.28000,84.40000,81.66000,81.86000,8913800
1649251800,81.20000,82.49000,80.63000,80.87000,7083100
1649338200,80.43000,80.69000,78.60000,80.03000,8144100
1649424600,80.70000,82.28000,80.13000,81.69000,6617700
1649683800,81.62000,83.47000,81.13000,81.58000,5632300
1649770200,81.69000,82.76000,79.58000,80.07000,7596900
1649856600,80.08000,84.05000,79.69000,83.83000,9598100
1649943000,84.00000,85.59000,82.46000,82.75000,11563000
1650288600,76.30000,77.00000,72.90000,74.94000,24023500
1650375000,75.04000,77.68000,74.99000,76.90000,15361200
1650461400,77.56000,78.13000,76.35000,76.45000,8671300
1650547800,77.61000,78.24000,70.78000,73.27000,18283400
1650634200,73.30000,73.52000,70.25000,70.32000,11945500
1650893400,69.61000,70.73000,68.55000,70.31000,9841800
1650979800,69.76000,70.60000,68.51000,68.54000,8661200
1651066200,69.00000,70.34000,68.54000,68.58000,6988200
1651152600,69.13000,69.62000,67.55000,69.12000,6481100
1651239000,69.00000,69.61000,66.15000,66.33000,7744600
1651498200,67.62000,68.72000,66.46000,67.89000,8411800
1651584600,68.15000,70.02000,67.94000,69.46000,9513300
1651671000,69.58000,71.60000,68.87000,71.36000,6842000
1651757400,70.40000,70.55000,68.34000,69.85000,7036300
1651843800,69.33000,69.55000,66.72000,67.42000,8118100
1652103000,66.44000,66.49000,63.78000,64.13000,9216400
1652189400,64.75000,65.77000,63.49000,64.58000,6661700
1652275800,65.01000,67.50000,64.54000,65.12000,10257400
1652362200,64.68000,65.78000,63.34000,64.95000,8308100
1652448600,65.77000,66.18000,64.91000,65.61000,6799100
1652707800,64.75000,65.30000,63.40000,64.04000,6051600
1652794200,65.70000,66.28000,64.33000,65.20000,8095200
1652880600,64.42000,64.46000,62.84000,63.27000,7867300
1652967000,62.21000,63.66000,61.95000,62.66000,9179100
1653053400,63.32000,63.63000,61.53000,63.28000,7793700
1653312600,64.13000,65.32000,63.56000,65.27000,6723400
1653399000,64.91000,64.99000,62.85000,63.94000,5758700
1653485400,63.87000,66.75000,63.36000,65.80000,10584800
1653571800,66.92000,69.44000,66.85000,68.82000,7846700
1653658200,69.21000,70.63000,68.87000,70.59000,7402900
1654003800,70.12000,70.98000,69.73000,70.10000,11549000
1654090200,70.59000,70.95000,68.88000,69.57000,5065800
1654176600,70.00000,71.73000,69.26000,71.67000,5380700
1654263000,70.49000,71.32000,69.94000,70.07000,3561900
1654522200,71.09000,71.43000,67.88000,68.06000,8687300
1654608600,67.14000,67.65000,66.51000,67.49000,14689200
1654695000,66.50000,66.81000,65.36000,65.73000,10059100
1654781400,65.65000,65.96000,64.21000,64.25000,7698400
1654867800,63.21000,63.21000,61.67000,62.22000,8355100
1655127000,60.21000,61.62000,59.35000,60.24000,12359000
1655213400,60.94000,62.03000,60.11000,61.11000,11800900
1655299800,61.88000,62.92000,61.25000,61.51000,11274400
1655386200,60.28000,61.00000,59.80000,60.86000,9045900
1655472600,61.48000,61.62000,59.92000,59.99000,16943900
1655818200,62.29000,63.61000,62.07000,62.38000,10367600
1655904600,61.39000,62.86000,61.22000,62.44000,6636600
1655991000,62.59000,62.82000,60.79000,62.03000,6216700
1656077400,62.83000,64.68000,62.71000,64.43000,16120000
1656336600,65.40000,65.40000,63.51000,64.15000,6530900
1656423000,65.14000,65.61000,63.97000,64.17000,7243500
1656509400,64.15000,64.45000,63.14000,63.62000,5628900
1656595800,62.52000,63.52000,60.99000,63.18000,7550100
1656682200,63.19000,63.97000,62.44000,63.92000,4653800
1657027800,62.67000,63.40000,61.39000,63.39000,4476900
1657114200,62.99000,64.09000,62.73000,63.44000,6266000
1657200600,63.92000,64.47000,63.65000,64.24000,4713500
1657287000,64.12000,64.56000,63.18000,64.36000,4558600
1657546200,63.57000,63.63000,62.71000,62.94000,4999200
1657632600,62.44000,63.86000,62.05000,62.25000,6283000
1657719000,61.38000,62.00000,60.72000,61.55000,4370300
1657805400,60.29000,61.17000,59.59000,60.57000,5681100
1657891800,61.35000,62.53000,60.94000,62.18000,7219800
1658151000,63.69000,63.69000,60.83000,61.24000,9338600
1658237400,61.95000,63.37000,61.68000,63.20000,6802700
1658323800,63.18000,63.55000,62.40000,62.83000,6765800
1658410200,63.00000,63.15000,61.96000,63.13000,6901300
1658496600,63.37000,63.89000,62.62000,62.99000,6794100
1658755800,63.50000,63.93000,63.01000,63.66000,6720300
1658842200,63.42000,63.43000,60.93000,61.17000,5592300
1658928600,61.35000,62.85000,61.15000,62.51000,5267500
1659015000,64.11000,67.73000,62.82000,67.70000,16393500
1659101400,67.70000,70.27000,67.62000,69.05000,9927900
1659360600,67.94000,69.11000,67.30000,68.72000,5941400
1659447000,65.71000,68.00000,65.59000,67.55000,13210100
1659533400,68.58000,69.60000,68.46000,68.98000,6793600
1659619800,69.11000,69.42000,68.50000,69.00000,5798900
1659706200,68.30000,70.31000,68.17000,69.31000,4870900
1659965400,69.37000,69.61000,68.07000,68.45000,4403900
1660051800,68.81000,69.13000,68.39000,69.04000,3940000
1660138200,70.00000,70.30000,68.94000,69.94000,6992600
1660224600,70.85000,72.77000,70.77000,72.57000,16375600
1660311000,73.00000,75.20000,71.89000,75.00000,15009800
1660570200,74.18000,76.55000,73.93000,75.86000,12471500
1660656600,75.36000,77.41000,75.27000,77.18000,11219100
1660743000,75.85000,76.71000,74.99000,75.46000,9084300
1660829400,75.35000,76.17000,75.01000,75.75000,3790300
1660915800,75.10000,75.24000,73.45000,73.86000,5133600
1661175000,72.50000,72.95000,71.85000,72.55000,3994900
1661261400,72.27000,73.13000,72.20000,72.79000,3902800
1661347800,72.94000,73.76000,72.72000,73.32000,3712200
1661434200,73.68000,74.30000,73.26000,74.00000,4297600
1661520600,74.45000,74.61000,71.83000,71.89000,5369800
1661779800,71.52000,72.89000,71.06000,71.94000,5363600
1661866200,72.48000,72.90000,70.92000,72.50000,6952100
1661952600,72.84000,72.84000,70.94000,70.95000,7519000
1662039000,71.00000,71.85000,69.40000,71.72000,5949300
1662125400,72.05000,72.44000,70.00000,70.34000,6188300
1662471000,71.03000,71.34000,69.42000,70.47000,4903600
1662557400,69.94000,72.17000,69.88000,71.79000,5208000
1662643800,71.69000,73.31000,71.25000,73.16000,5304000
1662730200,73.80000,74.86000,73.68000,74.54000,6471700
1662989400,74.68000,75.02000,73.96000,74.92000,4511700
1663075800,73.14000,73.86000,72.52000,72.95000,5310200
1663162200,73.14000,73.40000,72.04000,72.75000,5270000
1663248600,71.58000,73.48000,71.57000,72.58000,4910100
1663335000,71.96000,72.20000,70.69000,71.87000,12599100
1663594200,71.27000,73.88000,71.12000,73.71000,7608900
1663680600,73.08000,74.52000,72.90000,73.35000,7442400
1663767000,74.36000,75.34000,72.85000,72.91000,8087200
1663853400,73.58000,74.17000,71.60000,72.06000,8132800
1663939800,71.15000,71.33000,69.81000,70.89000,7988600
1664199000,70.46000,71.98000,70.27000,70.89000,10467400
1664285400,71.77000,72.66000,70.65000,71.63000,6557600
1664371800,71.60000,73.77000,71.49000,73.25000,8273400
1664458200,72.39000,73.26000,71.57000,72.64000,7057500
1664544600,72.44000,73.64000,71.34000,71.87000,7633200
1664803800,72.95000,73.49000,72.01000,73.21000,8144000
1664890200,74.68000,76.59000,74.58000,76.22000,8491600
1664976600,75.46000,76.79000,75.30000,75.93000,6384300
1665063000,75.74000,77.04000,75.50000,75.99000,6276900
1665149400,75.50000,75.88000,73.59000,74.31000,8063000
1665408600,74.84000,75.31000,73.25000,73.56000,6192300
1665495000,72.88000,73.11000,71.23000,71.71000,9676100
1665581400,71.71000,72.67000,70.74000,71.89000,8460000
1665667800,70.32000,74.58000,70.09000,74.07000,9491900
1665754200,74.32000,75.00000,68.46000,68.98000,13326300
1666013400,70.57000,70.57000,65.39000,67.43000,20113300
1666099800,69.64000,70.94000,68.27000,68.61000,11732200
1666186200,68.21000,69.62000,68.20000,68.71000,5917800
1666272600,68.66000,69.98000,67.83000,68.00000,7761700
1666359000,68.26000,70.35000,67.77000,70.32000,6621300
1666618200,70.31000,71.29000,69.52000,70.70000,5456300
1666704600,70.94000,72.68000,70.64000,72.46000,5144600
1666791000,72.60000,74.31000,72.60000,72.95000,5788500
1666877400,73.47000,77.78000,73.31000,77.33000,16821900
1666963800,78.64000,80.69000,78.08000,80.19000,11482000
1667223000,79.89000,80.48000,78.97000,79.67000,10450800
1667309400,80.08000,81.08000,79.43000,79.89000,5430600
1667395800,79.72000,80.64000,78.36000,78.93000,5139100
1667482200,78.22000,80.04000,77.59000,78.95000,5370400
1667568600,79.99000,80.86000,78.89000,79.05000,9053600
1667831400,79.36000,79.68000,78.22000,79.65000,5633700
1667917800,80.00000,80.36000,79.00000,79.63000,5142500
1668004200,79.41000,79.70000,78.13000,78.27000,4194300
1668090600,80.44000,80.96000,76.06000,78.56000,12947100
1668177000,79.94000,80.19000,77.51000,78.36000,12172300
1668436200,77.13000,77.47000,75.62000,76.47000,12606400
1668522600,77.44000,78.95000,77.20000,78.30000,6709500
1668609000,78.02000,78.36000,77.38000,77.41000,6278100
1668695400,76.36000,78.04000,76.00000,77.90000,6787200
1668781800,78.97000,80.23000,78.84000,79.81000,7540900
1669041000,79.93000,80.30000,79.47000,80.00000,5858500
1669127400,80.78000,82.21000,80.66000,81.26000,6901000
1669213800,81.78000,82.39000,81.26000,81.41000,4386400
1669386600,81.64000,81.78000,80.88000,81.61000,1683400
1669645800,80.92000,81.27000,79.75000,79.83000,5833900
1669732200,79.81000,80.83000,79.81000,80.39000,6043100
1669818600,80.04000,82.66000,79.57000,82.54000,10237600
1669905000,82.58000,82.67000,80.75000,81.73000,6122000
1669991400,81.28000,82.54000,80.73000,82.46000,4227000
1670250600,81.72000,81.99000,80.39000,81.24000,4943200
1670337000,80.98000,81.81000,80.04000,80.59000,4989600
1670423400,80.14000,81.26000,79.99000,80.19000,5911100
1670509800,80.82000,80.85000,79.84000,80.25000,3898800
1670596200,79.92000,80.30000,79.73000,79.82000,5098400
1670855400,79.60000,80.55000,79.51000,80.29000,6803900
1670941800,82.03000,82.29000,77.30000,77.75000,10448800
1671028200,77.50000,79.01000,77.01000,77.32000,8753100
1671114600,76.72000,77.32000,75.98000,77.06000,7854500
1671201000,76.67000,78.56000,76.55000,78.19000,13857700
1671460200,78.25000,79.54000,78.02000,78.26000,6478200
1671546600,78.76000,80.17000,78.41000,79.56000,7110700
1671633000,80.56000,81.70000,80.52000,81.25000,7123500
1671719400,81.11000,81.44000,79.83000,80.80000,6124600
1671805800,80.78000,82.15000,80.26000,81.77000,4756400
1672151400,82.11000,82.77000,81.71000,82.22000,5346500
1672237800,82.37000,82.99000,81.94000,82.35000,3382700
1672324200,82.75000,82.97000,82.24000,82.66000,3378500
1672410600,82.22000,83.38000,82.00000,83.26000,5058400
1672756200,83.57000,83.85000,81.24000,81.94000,7443200
1672842600,83.19000,83.73000,82.21000,83.35000,6199100
1672929000,82.90000,83.60000,82.20000,83.11000,4562400
1673015400,84.01000,84.97000,83.21000,84.54000,6462600
1673274600,85.00000,86.63000,84.84000,85.43000,8036900
1673361000,85.43000,85.92000,84.97000,85.62000,3986600
1673447400,85.55000,85.91000,83.09000,83.42000,10252000
1673533800,83.64000,84.04000,82.72000,83.48000,8211600
1673620200,82.76000,83.18000,81.54000,82.98000,9309500
1673965800,82.75000,84.51000,81.88000,83.49000,9365000
1674052200,81.50000,81.86000,79.34000,81.38000,14026500
1674138600,77.97000,78.40000,75.47000,76.32000,23537100
1674225000,76.70000,78.04000,76.47000,77.03000,11544500
1674484200,76.51000,77.90000,76.51000,77.73000,8610500
1674570600,77.18000,79.76000,77.18000,79.25000,6555600
1674657000,78.12000,79.59000,78.09000,79.21000,7206500
1674743400,79.55000,79.66000,77.75000,78.05000,11540300
1674829800,78.41000,79.08000,74.12000,74.69000,19831100
1675089000,74.33000,76.35000,73.57000,75.50000,14849100
1675175400,75.48000,77.47000,75.36000,77.42000,12526800
1675261800,77.09000,79.11000,77.09000,78.25000,9718100
1675348200,78.29000,78.41000,75.72000,76.62000,13198100
1675434600,76.76000,80.19000,76.74000,79.02000,9523200
1675693800,78.95000,80.66000,78.90000,79.86000,7816300
1675780200,79.13000,81.55000,79.00000,81.19000,5974400
1675866600,80.09000,81.96000,80.09000,80.61000,7128600
1675953000,80.38000,80.85000,78.92000,79.58000,6292800
1676039400,79.60000,80.74000,79.42000,80.46000,4809400
1676298600,80.50000,81.36000,80.39000,80.42000,5760000
1676385000,81.00000,81.56000,80.37000,80.77000,4482200
1676471400,80.36000,81.18000,80.00000,80.48000,4184800
1676557800,79.57000,81.10000,79.36000,80.34000,4665100
1676644200,79.97000,80.95000,79.87000,80.32000,4764700
1676989800,79.67000,80.63000,79.60000,79.90000,5828300
1677076200,79.67000,80.18000,79.09000,80.00000,5389100
1677162600,80.33000,80.55000,78.68000,78.97000,5260800
1677249000,78.80000,80.81000,78.61000,80.60000,6470400
1677508200,81.12000,81.32000,77.73000,77.88000,7722100
1677594600,78.16000,78.80000,77.34000,77.92000,9474800
1677681000,77.72000,78.18000,76.31000,77.41000,7389500
1677767400,76.86000,77.50000,75.43000,76.09000,8579900
1677853800,76.37000,77.81000,76.00000,77.41000,5845600
1678113000,76.64000,77.32000,75.94000,76.60000,6969900
1678199400,76.40000,76.64000,74.88000,74.95000,6377900
1678285800,74.90000,76.47000,74.81000,76.20000,5371900
1678372200,72.61000,73.16000,64.36000,66.47000,40220100
1678458600,65.66000,65.66000,57.31000,58.70000,88882900
1678714200,51.76000,54.90000,45.00000,51.91000,148476900
1678800600,59.29000,61.11000,55.00000,56.68000,112494900
1678887000,57.05000,59.98000,54.54000,59.55000,87012300
1678973400,58.41000,60.00000,55.84000,57.88000,66199500
1679059800,56.53000,57.31000,53.76000,56.41000,64528800
1679319000,58.56000,59.97000,55.95000,56.11000,46523700
1679405400,58.50000,60.00000,57.32000,59.47000,39433900
1679491800,59.06000,59.29000,56.25000,56.26000,35735700
1679578200,56.15000,56.89000,52.80000,52.89000,46162500
1679664600,52.09000,54.11000,51.11000,53.26000,45393100
1679923800,54.82000,55.30000,54.10000,54.86000,27218100
1680010200,54.34000,54.54000,52.97000,53.85000,23163200
1680096600,53.97000,55.24000,53.09000,55.21000,26360200
1680183000,53.77000,54.17000,51.87000,52.47000,45460400
1680269400,52.45000,52.65000,50.76000,52.38000,43886100
1680528600,52.78000,53.59000,51.54000,51.57000,24883200
1680615000,51.65000,51.94000,49.89000,50.00000,29144500
1680701400,49.07000,49.42000,48.36000,48.87000,37753000
1680787800,48.80000,49.74000,48.57000,49.35000,28155000
1681133400,49.51000,52.17000,49.49000,51.72000,31528500
1681219800,51.55000,52.29000,51.23000,51.71000,19861900
1681306200,52.07000,52.78000,51.27000,51.92000,19174400
1681392600,51.62000,51.95000,51.30000,51.49000,16165100
1681479000,52.16000,52.28000,50.12000,50.77000,32171900
1681738200,49.50000,52.82000,49.00000,52.77000,52377600
1681824600,52.50000,54.25000,52.28000,54.00000,36872300
1681911000,54.00000,56.27000,53.99000,55.55000,35415600
1681997400,54.56000,55.88000,53.75000,54.00000,24735700
1682083800,54.26000,54.31000,53.10000,53.80000,17572800
1682343000,53.65000,54.22000,53.01000,53.12000,13246100
1682429400,52.63000,52.84000,50.86000,51.03000,17042900
1682515800,50.52000,51.27000,50.30000,50.60000,11422600
1682602200,50.73000,52.30000,50.36000,51.73000,12315900
1682688600,51.16000,52.43000,50.80000,52.24000,12797300
1682947800,52.11000,53.08000,51.40000,51.81000,11041000
1683034200,51.60000,51.70000,49.05000,50.10000,20934400
1683120600,50.38000,50.59000,47.75000,48.03000,22505400
1683207000,47.18000,47.60000,45.65000,47.37000,26316200
1683293400,49.10000,50.28000,48.57000,49.24000,22019600
1683552600,49.98000,50.26000,47.50000,47.63000,19204700
1683639000,47.54000,48.28000,47.11000,47.94000,11467400
1683725400,48.64000,48.72000,47.20000,47.55000,12343400
1683811800,47.15000,47.78000,46.55000,47.73000,11764000
1683898200,48.70000,49.79000,48.32000,48.94000,19336800
1684157400,50.51000,51.80000,50.20000,50.94000,22098000
1684243800,50.67000,51.20000,50.08000,50.09000,12351700
1684330200,50.71000,52.17000,50.07000,51.82000,19884400
1684416600,51.96000,52.15000,51.00000,51.75000,12764900
1684503000,52.13000,52.22000,51.12000,51.67000,11963900
1684762200,52.00000,52.14000,51.26000,51.97000,9277400
1684848600,52.22000,53.35000,52.16000,52.79000,14865300
1684935000,52.27000,52.65000,51.94000,52.08000,10073300
1685021400,51.90000,54.27000,51.71000,54.24000,18822400
1685107800,54.22000,54.50000,53.38000,53.67000,11521400
1685453400,54.00000,54.35000,53.19000,53.84000,12334200
1685539800,53.38000,53.55000,52.47000,52.69000,17631500
1685626200,53.25000,53.31000,52.37000,52.70000,10750300
1685712600,53.15000,54.67000,53.15000,54.37000,12279800
1685971800,54.40000,54.59000,53.45000,54.41000,8658000
1686058200,53.84000,54.68000,53.69000,54.61000,10894800
1686144600,54.98000,56.12000,54.34000,55.63000,15622200
1686231000,55.46000,55.60000,53.91000,55.03000,11732600
1686317400,55.14000,55.33000,54.72000,55.00000,7863000
1686576600,54.95000,55.04000,53.11000,53.97000,11268600
1686663000,54.00000,55.12000,53.83000,54.75000,10611600
1686749400,54.20000,55.34000,53.71000,54.35000,14994400
1686835800,54.13000,55.60000,53.95000,55.51000,12833800
1686922200,55.89000,55.89000,54.27000,54.40000,19693500
1687267800,53.99000,54.14000,53.41000,53.93000,9151500
1687354200,53.80000,54.12000,53.41000,53.97000,13934100
1687440600,53.95000,53.98000,52.75000,53.21000,9009500
1687527000,52.70000,53.36000,52.51000,53.17000,21942900
1687786200,53.31000,53.64000,52.97000,53.41000,10131400
1687872600,53.74000,55.40000,53.07000,55.22000,12367300
1687959000,55.46000,55.81000,55.04000,55.78000,9910600
1688045400,56.82000,57.35000,56.49000,57.14000,15151100
1688131800,57.55000,57.82000,56.07000,56.68000,18007600
1688391000,56.64000,58.10000,56.64000,57.72000,6410600
1688563800,57.38000,57.56000,56.57000,56.69000,7979600
1688650200,56.17000,56.50000,55.44000,55.96000,8730300
1688736600,55.81000,57.40000,55.73000,56.79000,9493600
1688995800,57.75000,57.99000,57.09000,57.83000,8258900
1689082200,58.00000,58.13000,57.38000,57.58000,8430600
1689168600,58.20000,58.80000,58.00000,58.41000,8909900
1689255000,58.74000,59.98000,58.70000,59.93000,12598300
1689341400,60.26000,60.27000,58.48000,58.52000,12775200
1689600600,58.38000,59.34000,58.10000,58.64000,15512600
1689687000,64.65000,66.95000,64.00000,66.01000,45975500
1689773400,67.87000,68.80000,66.02000,66.04000,22153000
1689859800,65.97000,67.98000,65.78000,67.94000,13621600
1689946200,68.19000,68.26000,66.46000,66.48000,9887900
1690205400,66.69000,67.34000,66.34000,66.56000,7414600
1690291800,66.20000,66.67000,65.15000,65.44000,9973200
1690378200,65.68000,67.07000,65.65000,66.62000,6704700
1690464600,66.45000,67.52000,65.58000,65.82000,9199000
1690551000,66.10000,66.57000,65.71000,65.96000,6675500
1690810200,66.12000,66.21000,65.23000,66.10000,8651900
1690896600,65.74000,65.94000,65.38000,65.72000,5942300
1690983000,65.13000,65.59000,64.83000,65.34000,9585300
1691069400,65.06000,66.26000,65.00000,65.87000,7426600
1691155800,65.81000,65.95000,64.72000,64.92000,7367000
1691415000,65.37000,66.07000,65.20000,65.97000,5825100
1691501400,64.78000,65.69000,63.86000,65.52000,6325600
1691587800,65.40000,65.94000,64.85000,65.29000,6617500
1691674200,65.24000,65.90000,64.50000,64.54000,7347000
1691760600,64.24000,64.88000,63.94000,64.08000,6573200
1692019800,63.73000,63.77000,61.54000,61.78000,12327500
1692106200,61.00000,61.36000,60.38000,60.97000,8753400
1692192600,60.51000,61.04000,60.37000,60.45000,6402800
1692279000,60.30000,60.64000,59.64000,59.77000,8660700
1692365400,59.09000,59.85000,58.96000,59.52000,5949400
1692624600,59.54000,59.69000,58.67000,59.40000,7448800
1692711000,59.70000,59.70000,56.26000,56.46000,17490000
1692797400,56.45000,58.12000,56.35000,58.02000,10628400
1692883800,58.00000,58.69000,57.39000,57.84000,6727400
1692970200,58.23000,58.55000,57.58000,58.15000,8367200
1693229400,58.52000,59.17000,58.47000,59.05000,4952700
1693315800,59.12000,59.90000,58.50000,59.45000,7604200
1693402200,59.61000,60.26000,59.29000,59.78000,10299000
1693488600,59.78000,59.85000,59.03000,59.15000,6687700
1693575000,59.57000,60.86000,59.50000,60.50000,9392600
1693920600,60.70000,60.96000,59.63000,59.68000,6085800
1694007000,58.97000,59.30000,57.67000,58.27000,8534800
1694093400,58.25000,58.60000,57.62000,57.82000,6351600
1694179800,57.63000,59.43000,57.58000,59.33000,9554100
1694439000,59.89000,60.59000,59.62000,59.82000,7641700
1694525400,59.91000,61.15000,59.81000,60.52000,9448200
1694611800,60.80000,60.98000,57.90000,58.73000,13621300
1694698200,59.35000,59.93000,59.07000,59.76000,8074200
1694784600,58.00000,58.62000,56.82000,58.22000,23653400
1695043800,57.99000,58.25000,56.94000,57.86000,8713500
1695130200,57.84000,58.20000,57.39000,57.73000,7313900
1695216600,57.91000,58.39000,56.63000,56.67000,8867700
1695303000,56.24000,56.85000,55.95000,56.01000,8686200
1695389400,56.00000,56.20000,55.12000,55.15000,7019500
1695648600,54.96000,55.53000,54.56000,55.35000,6994300
1695735000,54.74000,54.98000,53.53000,54.20000,8948800
1695821400,54.43000,55.23000,54.12000,54.38000,7746700
1695907800,54.52000,54.78000,53.91000,54.55000,6154300
1695994200,55.10000,55.81000,54.64000,54.90000,8061700
1696253400,54.74000,54.96000,53.27000,53.55000,8859300
1696339800,52.93000,53.01000,50.75000,51.30000,15459400
1696426200,51.26000,51.58000,50.74000,51.41000,10421900
1696512600,51.11000,51.41000,50.02000,51.06000,8601700
1696599000,50.54000,51.85000,49.66000,51.52000,11471300
1696858200,50.86000,51.78000,50.84000,51.75000,8168600
1696944600,52.16000,52.59000,51.71000,51.78000,8373800
1697031000,51.87000,52.49000,51.12000,51.91000,8068500
1697117400,52.03000,52.13000,50.77000,51.51000,9412300
1697203800,52.01000,52.24000,51.08000,51.33000,12412900
1697463000,50.61000,54.60000,50.33000,53.72000,20509400
1697549400,53.25000,54.31000,52.07000,53.69000,15991300
1697635800,53.50000,53.91000,51.66000,51.84000,9949100
1697722200,52.10000,52.50000,51.58000,51.90000,9981700
1697808600,51.50000,51.85000,50.53000,50.87000,9786400
1698067800,50.70000,50.91000,49.28000,49.33000,10885600
1698154200,49.73000,50.17000,49.28000,49.83000,9022900
1698240600,49.49000,49.61000,48.66000,49.37000,8056400
1698327000,49.19000,51.83000,49.16000,51.43000,14097600
1698413400,51.04000,51.39000,49.90000,50.12000,10574800
1698672600,50.72000,51.11000,49.71000,50.75000,9293000
1698759000,50.88000,52.17000,50.30000,52.04000,13193500
1698845400,52.06000,53.52000,51.86000,52.82000,13862700
1698931800,53.58000,55.09000,53.51000,54.93000,14948800
1699018200,56.41000,56.84000,55.47000,55.83000,12839200
1699281000,55.97000,56.20000,54.58000,55.62000,10606400
1699367400,55.51000,55.87000,54.41000,55.23000,10955900
1699453800,55.23000,55.34000,54.63000,54.90000,6386800
1699540200,55.00000,55.15000,53.96000,54.16000,8548700
1699626600,54.65000,54.65000,53.49000,54.41000,6356000
1699885800,53.98000,54.61000,53.60000,53.96000,9827200
1699972200,55.60000,55.94000,54.24000,54.79000,15361400
1700058600,55.30000,56.79000,55.27000,56.08000,10245500
1700145000,56.02000,56.12000,55.09000,55.67000,10189400
1700231400,56.41000,56.80000,55.85000,56.78000,7366700
1700490600,56.69000,56.97000,56.04000,56.56000,8233100
1700577000,56.39000,56.45000,55.90000,55.99000,4901200
1700663400,56.32000,56.48000,55.42000,55.93000,6830100
1700836200,56.09000,56.47000,55.80000,56.43000,2725600
1701095400,56.00000,56.34000,55.78000,56.00000,8715200
1701181800,55.97000,56.60000,55.59000,55.81000,7866000
1701268200,56.00000,59.93000,56.00000,59.61000,15656600
1701354600,59.66000,61.80000,59.61000,61.32000,20200300
1701441000,60.87000,63.17000,60.36000,63.16000,17131600
1701700200,62.50000,63.35000,62.30000,62.64000,11690900
1701786600,62.31000,62.39000,61.52000,62.23000,7172600
1701873000,62.89000,63.62000,62.09000,62.16000,8544500
1701959400,62.69000,63.04000,62.08000,62.96000,9500600
1702045800,63.00000,64.33000,62.86000,64.07000,10159700
1702305000,63.95000,64.37000,63.64000,64.02000,8281700
1702391400,64.03000,64.63000,63.59000,64.57000,8274200
1702477800,64.74000,66.41000,64.30000,66.30000,13922500
1702564200,67.71000,71.17000,67.71000,70.94000,26968400
1702650600,70.67000,71.40000,70.10000,70.98000,21428000
1702909800,71.13000,71.34000,69.22000,69.31000,12870800
1702996200,69.26000,69.85000,68.87000,69.74000,10781100
1703082600,69.18000,71.00000,67.06000,67.12000,11408600
1703169000,67.62000,68.55000,67.33000,68.18000,8674300
1703255400,68.25000,69.13000,68.03000,68.58000,4456900
1703601000,68.40000,69.20000,68.27000,68.95000,3565700
1703687400,68.79000,69.37000,68.42000,69.27000,4320000
1703773800,69.32000,69.84000,69.26000,69.55000,4352200
1703860200,69.65000,69.70000,68.73000,68.80000,6047700
1704205800,68.13000,69.19000,67.55000,69.10000,10111200
1704292200,67.05000,67.61000,66.30000,67.05000,10661900
1704378600,66.74000,67.93000,66.43000,66.89000,6755000
1704465000,66.91000,68.04000,66.62000,67.23000,7243200
1704724200,67.00000,68.16000,66.52000,67.80000,6534200
1704810600,67.00000,67.36000,66.61000,66.75000,7069300
1704897000,65.86000,66.33000,65.50000,65.82000,7990100
1704983400,65.49000,65.67000,64.82000,65.26000,8294800
1705069800,65.65000,66.05000,64.47000,65.23000,8457700
1705415400,64.30000,64.88000,63.75000,64.31000,12604100
1705501800,60.93000,63.87000,59.67000,63.45000,24688400
1705588200,63.23000,63.23000,61.93000,62.72000,11301800
1705674600,63.03000,63.80000,61.90000,63.78000,12711200
1705933800,63.85000,64.54000,63.29000,63.63000,10041700
1706020200,64.00000,64.29000,63.44000,63.92000,5857400
1706106600,64.50000,64.69000,63.43000,63.48000,5977600
1706193000,63.94000,64.05000,63.14000,63.71000,5904400
1706279400,63.95000,64.72000,63.74000,64.04000,5108500
1706538600,63.68000,64.08000,63.38000,63.94000,5546800
1706625000,63.58000,64.48000,63.37000,64.38000,5641200
1706711400,63.67000,64.17000,62.89000,62.92000,8916100
1706797800,62.92000,63.38000,61.17000,62.27000,8942600
1706884200,62.00000,63.32000,61.54000,62.94000,9803100
1707143400,62.50000,62.76000,61.48000,62.37000,6953800
1707229800,62.36000,62.88000,61.67000,61.89000,6171000
1707316200,62.07000,62.78000,61.68000,62.43000,6990500
1707402600,62.24000,62.91000,61.91000,62.47000,5689100
1707489000,62.52000,63.41000,62.35000,63.37000,7562800
1707748200,63.31000,65.12000,63.31000,64.50000,6692400
1707834600,63.65000,63.92000,61.68000,62.71000,8998800
1707921000,63.16000,63.40000,62.16000,63.03000,6324900
1708007400,63.26000,65.25000,63.20000,64.63000,8268300
1708093800,64.44000,64.90000,63.87000,64.40000,6057200
1708439400,63.93000,64.38000,63.38000,63.58000,5357500
1708525800,63.37000,64.18000,62.90000,64.13000,5184900
1708612200,64.71000,65.19000,64.34000,64.63000,6084300
1708698600,64.55000,65.15000,64.30000,64.44000,4196900
1708957800,64.44000,65.16000,64.28000,64.40000,5377300
1709044200,64.54000,65.41000,64.49000,65.35000,5484200
1709130600,65.18000,66.07000,64.89000,65.65000,5126700
1709217000,66.02000,66.84000,65.87000,66.78000,8522900
1709303400,66.62000,66.92000,65.70000,66.47000,7875300
1709562600,66.64000,68.17000,66.61000,67.64000,5805100
1709649000,67.27000,68.47000,67.21000,68.10000,6170200
1709735400,68.49000,68.57000,67.13000,68.10000,6624700
1709821800,68.55000,68.82000,68.15000,68.19000,5326200
1709908200,68.41000,69.03000,67.15000,67.17000,9029600
1710163800,67.20000,67.67000,66.83000,66.95000,8456500
1710250200,67.17000,67.37000,65.85000,66.50000,9497900
1710336600,66.71000,67.61000,66.67000,67.13000,8202500
1710423000,66.72000,67.33000,66.03000,66.60000,11673800
1710509400,66.13000,67.81000,66.13000,67.04000,11825900
1710768600,66.72000,67.57000,66.67000,67.40000,6567400
1710855000,67.60000,68.46000,67.36000,68.35000,7979200
1710941400,68.37000,69.78000,68.06000,69.67000,6836100
1711027800,69.99000,72.00000,69.94000,71.85000,10466900
1711114200,72.64000,72.94000,71.56000,71.60000,7231300
1711373400,71.46000,72.32000,70.99000,71.33000,6578600
1711459800,71.39000,71.53000,70.91000,71.00000,5659100
1711546200,71.40000,72.45000,71.30000,72.38000,7358000
1711632600,72.40000,72.60000,71.70000,72.34000,6865000
1711978200,72.29000,72.63000,71.85000,72.37000,4070800
1712064600,72.00000,72.16000,70.97000,71.46000,5373600
1712151000,71.43000,72.24000,71.28000,71.42000,5295900
1712237400,72.23000,72.97000,71.08000,71.35000,7855300
1712323800,71.48000,72.13000,71.21000,71.89000,4255200
1712583000,72.27000,72.78000,71.82000,72.37000,5846000
1712669400,72.54000,72.80000,71.49000,72.28000,5024000
1712755800,71.55000,72.07000,70.12000,71.10000,7750200
1712842200,70.86000,71.28000,69.82000,70.62000,5891800
1712928600,69.71000,70.87000,69.47000,70.03000,8615000
1713187800,70.50000,73.65000,70.47000,71.23000,14417600
1713274200,71.50000,73.26000,70.37000,73.07000,12021600
1713360600,73.50000,73.88000,72.32000,72.50000,9852800
1713447000,72.53000,73.84000,71.96000,72.93000,8208300
1713533400,73.40000,73.88000,72.86000,73.42000,8489400
1713792600,73.96000,74.98000,73.22000,74.26000,8847500
1713879000,74.35000,75.37000,74.18000,75.23000,9244400
1713965400,74.47000,75.55000,74.36000,75.19000,6038800
1714051800,74.93000,75.46000,74.00000,74.89000,6375400
1714138200,74.96000,75.30000,74.52000,74.99000,5560700
1714397400,74.91000,75.49000,74.43000,74.56000,5743200
1714483800,74.37000,74.44000,73.62000,73.95000,6725700
1714570200,73.96000,75.37000,73.45000,74.57000,7015000
1714656600,75.37000,75.47000,74.35000,75.33000,5591300
1714743000,76.08000,76.47000,75.17000,76.04000,5414700
1715002200,76.50000,76.93000,75.87000,76.86000,4857600
1715088600,76.99000,77.05000,75.41000,75.54000,7336800
1715175000,75.44000,76.61000,75.32000,76.40000,5190100
1715261400,75.99000,76.35000,75.44000,75.44000,6091500
1715347800,75.80000,76.25000,75.53000,76.11000,5103000
1715607000,76.17000,76.41000,74.67000,74.70000,5488100
1715693400,75.00000,77.27000,74.85000,77.07000,9566100
1715779800,77.42000,78.79000,77.38000,78.68000,6601300
1715866200,78.07000,78.52000,77.32000,78.04000,7992900
1715952600,78.30000,79.22000,77.77000,78.78000,6467200
1716211800,78.80000,79.13000,78.15000,78.66000,5559400
1716298200,78.50000,79.34000,78.08000,78.90000,6067500
1716384600,78.66000,79.49000,75.01000,75.27000,13806600
1716471000,74.59000,74.73000,71.69000,72.34000,14676500
1716557400,72.64000,73.09000,72.17000,72.27000,6152200
1716903000,72.09000,72.09000,70.56000,70.79000,8486300
1716989400,69.90000,70.76000,69.48000,70.53000,5617300
1717075800,70.73000,72.00000,70.60000,71.88000,7078300
1717162200,71.76000,73.37000,71.58000,73.28000,8617400
1717421400,73.21000,73.33000,72.04000,72.37000,4365000
1717507800,71.83000,72.54000,71.65000,71.99000,3887900
1717594200,72.42000,74.67000,72.33000,74.39000,7010100
1717680600,74.46000,74.60000,73.73000,74.25000,4669400
1717767000,74.00000,74.87000,73.72000,73.93000,5371000
1718026200,73.44000,74.18000,73.14000,74.11000,5337700
1718112600,73.77000,73.87000,72.62000,73.45000,6048500
1718199000,74.55000,75.00000,73.49000,73.56000,5587300
1718285400,73.52000,73.70000,72.71000,73.39000,4147300
1718371800,72.49000,73.49000,72.11000,73.25000,5756200
1718631000,72.91000,72.92000,72.03000,72.81000,5689100
1718717400,72.76000,73.14000,72.44000,72.84000,5868600
1718890200,72.54000,73.02000,72.18000,72.70000,5785200
1718976600,72.58000,73.58000,71.93000,73.34000,11933200
1719235800,73.36000,74.97000,73.19000,74.53000,8341000
1719322200,74.30000,74.35000,73.49000,73.90000,5840400
1719408600,73.57000,74.06000,73.18000,73.26000,4684100
1719495000,72.78000,73.62000,72.51000,73.56000,5564300
1719581400,74.00000,74.21000,73.10000,73.69000,8997500
1719840600,73.97000,74.17000,73.27000,73.42000,3902800
1719927000,73.25000,74.18000,73.22000,74.15000,4925300
1720013400,74.25000,74.61000,73.80000,74.13000,2502100
1720186200,73.87000,74.15000,73.15000,73.20000,3233000
1720445400,74.20000,74.51000,73.11000,73.24000,5338100
1720531800,73.03000,74.89000,72.89000,74.53000,4971800
1720618200,74.35000,74.73000,74.06000,74.63000,4527300
1720704600,74.97000,76.44000,74.70000,76.08000,5796000
1720791000,76.32000,76.70000,75.18000,75.38000,6543500
1721050200,73.61000,76.10000,73.36000,75.07000,10069300
1721136600,70.21000,70.71000,67.39000,67.43000,34310900
1721223000,66.26000,66.60000,61.01000,63.80000,42877600
1721309400,62.89000,63.40000,61.85000,62.27000,21576200
1721395800,62.67000,62.78000,61.32000,62.08000,14768600
1721655000,62.94000,64.89000,62.87000,64.75000,16727200
1721741400,64.64000,66.37000,64.64000,65.14000,14758600
1721827800,65.31000,66.39000,64.00000,64.08000,11836500
1721914200,64.39000,66.89000,64.39000,66.24000,12194300
1722000600,66.54000,67.40000,66.48000,66.60000,11168800
1722259800,65.97000,66.39000,65.04000,65.30000,9962700
1722346200,65.92000,65.99000,64.17000,64.91000,8022600
1722432600,65.32000,65.56000,64.57000,65.19000,6982700
1722519000,65.20000,65.55000,63.41000,63.71000,9896000
1722605400,62.74000,64.10000,62.13000,63.39000,10258500
1722864600,61.62000,62.92000,61.15000,62.29000,7873800
1722951000,62.42000,63.77000,61.58000,62.80000,7691900
1723037400,63.54000,63.95000,62.08000,62.22000,7331100
1723123800,62.79000,63.19000,62.13000,62.78000,6138700
1723210200,62.38000,62.80000,62.08000,62.41000,4255100
1723469400,62.69000,62.78000,61.21000,61.77000,6994000
1723555800,61.97000,62.51000,61.32000,62.49000,8774000
1723642200,63.75000,65.96000,63.16000,65.36000,15942100
1723728600,66.00000,66.38000,64.59000,65.23000,7612800
1723815000,65.02000,65.57000,64.93000,65.55000,5335000
1724074200,65.58000,66.15000,65.31000,65.58000,4303600
1724160600,65.50000,65.63000,64.72000,64.84000,5381400
1724247000,65.00000,65.11000,64.21000,64.57000,7814400
1724333400,62.68000,64.50000,62.60000,64.27000,19988800
1724419800,64.70000,65.13000,63.75000,64.39000,13127800
1724679000,64.65000,65.30000,64.15000,64.48000,7439200
1724765400,64.36000,64.47000,63.71000,63.91000,7006000
1724851800,63.91000,64.43000,63.21000,63.98000,8135500
1724938200,64.29000,65.04000,63.83000,64.93000,6429500
1725024600,65.10000,65.54000,64.54000,65.10000,6549100
1725370200,64.22000,65.00000,64.15000,64.79000,6540800
1725456600,64.80000,65.06000,63.38000,63.90000,5489900
1725543000,64.54000,64.66000,63.40000,63.69000,5552100
1725629400,63.77000,64.36000,62.45000,62.90000,8331700
1725888600,63.54000,63.64000,62.86000,63.01000,6247100
1725975000,63.16000,63.16000,61.83000,63.06000,8567900
1726061400,62.80000,63.66000,61.49000,63.41000,8781300
1726147800,63.46000,63.67000,61.16000,61.74000,10621900
1726234200,62.00000,62.77000,61.81000,62.12000,10840600
1726493400,63.01000,64.10000,62.37000,63.69000,11797200
1726579800,63.57000,64.41000,63.42000,63.84000,8158200
1726666200,63.56000,64.49000,63.25000,63.56000,8802800
1726752600,64.29000,65.10000,63.36000,64.76000,9825400
1726839000,65.69000,65.97000,64.53000,65.39000,12332400
1727098200,65.62000,65.84000,64.82000,64.93000,5872900
1727184600,64.83000,65.10000,64.29000,64.58000,6030100
1727271000,64.51000,64.79000,63.72000,64.04000,5097500
1727357400,64.09000,64.54000,63.59000,63.84000,7602100
1727443800,64.05000,64.58000,63.72000,64.42000,6521100
1727703000,64.34000,64.85000,64.23000,64.81000,6078900
1727789400,64.62000,64.68000,63.45000,63.91000,6331500
1727875800,63.83000,64.17000,63.21000,63.35000,4817400
1727962200,63.00000,63.68000,62.41000,63.40000,8144400
1728048600,64.17000,64.99000,64.07000,64.75000,7141400
1728307800,64.48000,65.40000,64.16000,64.29000,7060200
1728394200,64.53000,65.08000,64.26000,64.90000,7510100
1728480600,65.25000,66.73000,64.97000,66.70000,11115600
1728567000,66.40000,67.16000,66.25000,66.65000,6463300
1728653400,66.96000,68.09000,66.81000,67.68000,7369900
1728912600,67.86000,68.35000,67.54000,67.82000,7672200
1728999000,72.60000,73.92000,71.42000,71.96000,21705700
1729085400,72.68000,74.18000,71.71000,72.08000,13643700
1729171800,72.52000,72.71000,71.76000,71.91000,8717600
1729258200,72.58000,72.61000,71.19000,71.36000,8948400
1729517400,71.20000,71.25000,70.48000,70.87000,5438500
1729603800,70.82000,71.05000,69.93000,70.91000,5559600
1729690200,70.83000,71.99000,70.74000,71.71000,6593700
1729776600,71.90000,72.65000,71.32000,72.59000,6727500
1729863000,72.76000,72.91000,71.52000,71.82000,4503900
1730122200,72.27000,72.58000,71.65000,72.04000,5758700
1730208600,72.16000,72.46000,71.87000,71.89000,6006000
1730295000,71.75000,72.25000,70.96000,71.10000,6426100
1730381400,70.72000,71.55000,70.48000,70.83000,6997100
1730467800,70.95000,71.36000,70.42000,70.94000,6266000
1730730600,70.94000,71.15000,70.29000,70.96000,3924600
1730817000,70.43000,71.40000,70.38000,71.31000,4232100
1730903400,74.57000,76.23000,73.41000,75.75000,16218400
1730989800,75.64000,75.64000,72.90000,73.17000,10380200
1731076200,73.46000,74.99000,73.13000,73.90000,8728200
1731335400,75.04000,77.96000,75.01000,77.85000,13162800
1731421800,77.94000,78.54000,77.41000,78.19000,10244800
1731508200,77.75000,79.05000,77.75000,78.25000,8731500
1731594600,82.09000,82.50000,79.81000,80.19000,14717700
1731681000,80.15000,81.00000,79.89000,80.64000,9372300
1731940200,81.00000,81.88000,80.39000,81.39000,9447700
1732026600,80.39000,80.73000,79.90000,80.19000,6549300
1732113000,79.69000,80.52000,79.42000,80.46000,6613500
1732199400,80.59000,81.69000,80.22000,80.80000,5081800
1732285800,80.81000,81.77000,80.81000,81.26000,7738000
1732545000,81.93000,82.40000,81.11000,81.77000,13029300
1732631400,81.77000,82.33000,81.23000,82.25000,5120900
1732717800,82.00000,82.66000,81.79000,82.60000,3977400
1732890600,82.86000,83.35000,82.64000,82.76000,3201600
1733149800,82.75000,83.05000,81.34000,81.39000,5658500
1733236200,81.78000,81.97000,80.88000,81.12000,4840200
1733322600,80.68000,81.69000,80.19000,81.51000,6035200
1733409000,80.01000,82.23000,80.00000,81.81000,6796600
1733495400,81.69000,82.17000,81.41000,81.47000,5071300
1733754600,82.47000,82.82000,80.95000,81.51000,9564300
1733841000,81.60000,83.13000,81.23000,82.32000,5923400
1733927400,82.50000,82.72000,81.92000,82.41000,6323800
1734013800,82.76000,83.30000,82.40000,82.85000,7469400
1734100200,83.04000,83.08000,78.71000,79.54000,14089400
1734359400,79.99000,79.99000,77.67000,77.94000,12313800
1734445800,77.50000,77.82000,76.58000,76.76000,8409200
1734532200,76.76000,77.17000,73.51000,73.97000,14116700
1734618600,74.52000,75.16000,73.40000,73.62000,9749000
1734705000,73.52000,75.00000,73.32000,74.31000,12322400
1734964200,73.97000,74.74000,73.74000,74.71000,6863600
1735050600,74.74000,74.86000,74.12000,74.84000,2150300
1735223400,74.70000,75.11000,74.44000,75.05000,2926900
1735309800,74.84000,75.15000,74.17000,74.74000,3967500
1735569000,74.10000,74.32000,73.32000,73.93000,5321700
1735655400,74.20000,74.35000,73.68000,74.01000,4082400
1735828200,74.38000,74.60000,73.28000,73.84000,5870000
1735914600,74.23000,74.51000,73.32000,74.45000,4541400
1736173800,74.56000,75.86000,74.29000,74.48000,7435000
1736260200,74.98000,75.03000,71.45000,72.26000,12617600
1736346600,72.71000,73.03000,71.79000,73.00000,9576700
1736519400,71.92000,73.46000,71.48000,72.77000,10866900
1736778600,72.20000,72.75000,71.85000,72.66000,6701500
1736865000,72.76000,72.97000,71.31000,72.34000,6609900
1736951400,73.94000,74.10000,72.58000,73.66000,8474900
1737037800,73.61000,75.52000,73.51000,75.51000,8044900
1737124200,75.77000,76.56000,75.11000,76.41000,12288300
1737469800,78.83000,82.60000,78.18000,80.93000,22648600
1737556200,81.08000,81.73000,79.99000,80.60000,9767300
1737642600,80.47000,82.13000,79.85000,82.08000,8861400
1737729000,81.33000,82.47000,81.18000,81.83000,6665500
1737988200,81.39000,82.56000,80.73000,82.53000,6983900
1738074600,82.28000,83.00000,81.59000,81.70000,9057200
1738161000,82.30000,82.65000,81.40000,82.06000,8717900
1738247400,82.50000,83.84000,82.07000,83.60000,7192600
1738333800,83.23000,83.73000,82.28000,82.72000,7663700
1738593000,81.29000,83.22000,80.79000,82.75000,6524800
1738679400,82.60000,82.75000,81.75000,81.80000,5225900
1738765800,82.24000,82.24000,81.04000,81.87000,6475200
1738852200,82.53000,83.94000,82.33000,83.64000,5837400
1738938600,83.80000,84.04000,83.03000,83.18000,4133700
1739197800,81.55000,81.76000,80.26000,81.17000,17849300
1739284200,82.05000,84.50000,81.70000,83.20000,59327300
1739370600,83.09000,83.16000,81.26000,82.28000,60765000
1739457000,82.26000,82.47000,79.94000,81.57000,27501400
1739543400,81.55000,81.75000,80.05000,80.34000,9583500
1739889000,81.00000,81.76000,80.89000,81.48000,9766000
1739975400,81.10000,82.22000,80.87000,82.01000,8908200
1740061800,82.02000,82.17000,80.76000,81.83000,9361800
1740148200,81.99000,82.56000,80.42000,80.44000,9856800
1740407400,80.98000,81.10000,79.39000,80.12000,7489400
1740493800,80.23000,80.66000,78.49000,79.00000,16317700
1740580200,79.39000,80.12000,78.38000,78.70000,7544800
1740666600,79.00000,79.54000,78.19000,78.43000,7218200
1740753000,78.81000,80.13000,77.96000,79.53000,12686600
1741012200,79.90000,79.95000,77.65000,78.12000,9984000
1741098600,77.64000,77.67000,73.97000,75.15000,15423600
1741185000,75.12000,77.10000,74.97000,76.74000,10896200
1741271400,75.69000,76.98000,74.74000,75.56000,10412200
1741357800,75.09000,75.90000,72.48000,74.63000,12013700
1741613400,72.89000,73.00000,69.46000,71.24000,19050000
1741699800,70.74000,73.06000,70.72000,72.47000,14302500
1741786200,73.91000,74.96000,72.93000,74.22000,11310500
1741872600,74.59000,74.72000,72.93000,73.51000,9664000
1741959000,76.15000,78.22000,75.60000,77.11000,14199000
1742218200,76.47000,78.32000,76.24000,77.77000,6550400
1742304600,77.90000,77.99000,77.06000,77.56000,6014000
1742391000,77.94000,79.41000,77.37000,78.73000,6530700
1742477400,78.11000,79.55000,78.05000,78.57000,8635100
1742563800,78.03000,78.77000,77.72000,78.39000,11842800
1742823000,79.22000,80.41000,79.06000,79.96000,7542400
1742909400,80.33000,81.03000,79.92000,80.75000,7661000
1742995800,80.97000,81.24000,79.68000,80.14000,9268000
1743082200,79.65000,80.61000,79.16000,79.60000,5811100
1743168600,79.27000,79.69000,77.42000,77.81000,6457300
1743427800,77.37000,78.78000,76.97000,78.28000,10906800
1743514200,77.71000,78.03000,76.07000,77.67000,11417900
1743600600,77.88000,79.18000,77.28000,78.59000,8873900
1743687000,74.71000,76.74000,74.05000,74.87000,13517900
1743773400,72.01000,72.88000,68.59000,69.06000,25465600
1744032600,67.04000,71.36000,65.88000,70.04000,24498000
1744119000,72.25000,74.55000,69.08000,69.93000,22473400
1744205400,67.98000,76.52000,67.60000,75.25000,24973100
1744291800,74.19000,74.41000,71.23000,73.85000,11599200
1744378200,73.21000,77.33000,72.80000,76.96000,14847900
1744637400,78.34000,78.49000,76.30000,76.92000,7967000
1744723800,77.55000,78.12000,77.03000,77.19000,6921500
1744810200,76.32000,76.75000,74.60000,75.70000,12653000
1744896600,77.67000,79.10000,76.15000,76.15000,19271600
1745242200,75.64000,75.97000,73.76000,74.95000,12824100
1745328600,75.48000,77.06000,75.43000,76.58000,9741700
1745415000,78.28000,80.02000,77.66000,77.85000,9826600
1745501400,77.94000,79.50000,77.51000,79.38000,8423300
1745587800,80.23000,81.14000,79.30000,79.94000,7781000
1745847000,80.45000,80.48000,79.30000,80.18000,6576900
1745933400,80.21000,81.47000,79.61000,81.26000,7776500
1746019800,79.95000,81.66000,79.47000,81.40000,8236100
1746106200,81.13000,82.07000,80.98000,81.51000,7997800
1746192600,83.07000,83.68000,82.63000,83.11000,9348100
1746451800,82.67000,83.85000,82.04000,83.37000,5242600
1746538200,82.71000,83.58000,82.40000,82.83000,5724000
1746624600,83.21000,84.26000,83.19000,84.01000,9393700
1746711000,84.56000,85.19000,83.80000,84.37000,8554000
1746797400,84.58000,84.74000,83.62000,84.47000,5910000
1747056600,86.99000,87.00000,84.06000,85.37000,9421900
1747143000,85.51000,86.87000,85.11000,86.22000,9564900
1747229400,85.81000,87.29000,85.78000,87.16000,9279300
1747315800,87.21000,88.37000,86.95000,88.11000,8619400
1747402200,88.42000,88.87000,87.72000,88.69000,6566900
1747661400,88.56000,89.39000,88.25000,89.23000,6797200
1747747800,89.11000,89.85000,88.80000,89.18000,6533000
1747834200,88.92000,88.92000,87.32000,87.58000,8581400
1747920600,87.22000,87.67000,86.96000,87.31000,6596300
1748007000,86.20000,87.76000,86.03000,87.40000,5166700
1748352600,88.14000,88.95000,87.61000,88.63000,6808800
1748439000,88.44000,88.60000,87.99000,88.05000,5792300
1748525400,88.34000,88.50000,87.16000,87.76000,7800000
1748611800,87.57000,88.52000,86.95000,88.34000,11834400
1748871000,87.76000,88.17000,86.91000,88.11000,6012600
1748957400,87.97000,88.52000,87.45000,88.00000,6124000
1749043800,88.02000,88.23000,87.32000,87.48000,5543700
1749130200,87.66000,87.78000,86.93000,87.24000,6172100
1749216600,88.15000,88.60000,87.75000,88.25000,4858800
1749475800,88.29000,88.65000,87.65000,88.21000,5117000
1749562200,88.01000,88.44000,87.57000,88.27000,5438100
1749648600,88.21000,89.35000,87.89000,88.40000,6761300
1749735000,88.05000,88.54000,87.60000,88.50000,4380400
1749821400,87.91000,88.10000,85.76000,87.36000,8938900
1750080600,87.82000,89.68000,87.77000,88.97000,7396200
1750167000,88.62000,89.32000,88.42000,88.96000,7077400
1750253400,88.96000,90.19000,88.74000,89.91000,8081600
1750426200,90.06000,90.60000,89.15000,89.21000,12981000
1750685400,89.04000,89.54000,87.17000,88.38000,10245900
1750771800,89.19000,90.48000,88.91000,89.32000,9769100
1750858200,89.50000,89.92000,88.89000,89.80000,6585800
1750944600,89.88000,90.86000,89.03000,89.44000,11575300
1751031000,89.54000,90.69000,88.83000,89.98000,9335400
1751290200,90.25000,91.36000,90.12000,91.24000,9525100
1751376600,90.92000,91.68000,90.14000,91.17000,8199600
1751463000,91.37000,91.82000,90.88000,91.34000,6121700
1751549400,91.50000,92.15000,91.10000,91.48000,5765500
1751895000,91.50000,92.65000,91.32000,92.60000,7300400
1751981400,92.65000,92.80000,91.29000,91.95000,7089500
1752067800,92.31000,92.67000,91.96000,92.32000,6139700
1752154200,92.41000,93.35000,92.03000,93.04000,6740700
1752240600,92.53000,92.99000,91.83000,91.97000,6815800
1752499800,92.08000,93.00000,91.34000,92.70000,6116100
1752586200,92.73000,92.90000,91.58000,91.61000,7259200
1752672600,91.78000,91.99000,89.95000,91.26000,10825600
1752759000,91.26000,93.43000,91.11000,93.10000,12584800
1752845400,95.70000,97.50000,94.67000,95.80000,23554000
1753104600,96.02000,97.08000,95.15000,96.25000,11871300
1753191000,96.34000,96.62000,94.98000,95.39000,8865300
1753277400,95.61000,95.87000,94.85000,95.15000,8802000
1753363800,95.20000,96.75000,94.72000,96.50000,9052400
1753450200,97.48000,98.28000,96.65000,97.06000,9105900
1753709400,97.09000,98.08000,96.90000,97.91000,7197600
1753795800,99.00000,99.59000,97.72000,97.91000,9532000
1753882200,98.00000,98.88000,97.60000,98.57000,5962800
1753968600,98.00000,98.75000,97.55000,97.73000,8164900
1754055000,96.23000,96.50000,94.41000,95.53000,9792500
1754314200,96.10000,97.26000,95.84000,97.10000,9032100
1754400600,97.35000,97.82000,95.83000,96.44000,6236400
1754487000,96.79000,97.22000,96.20000,96.71000,5712200
1754573400,97.13000,97.30000,94.69000,95.99000,7313000
1754659800,96.26000,97.23000,95.95000,97.08000,5032100
1754919000,97.16000,97.91000,96.91000,97.63000,7337600
1755005400,98.16000,99.24000,97.94000,98.69000,7549400
1755091800,98.97000,99.42000,95.28000,95.59000,12456300
1755178200,97.36000,98.21000,95.60000,97.78000,11310500
1755264600,97.15000,97.17000,95.89000,96.11000,9538100
1755523800,96.09000,96.70000,95.71000,96.17000,6803200
1755610200,96.00000,96.73000,95.54000,95.76000,6778400
1755696600,95.91000,96.15000,94.38000,95.51000,9435500
1755783000,95.38000,96.08000,95.18000,95.82000,5162700
1755869400,96.17000,97.04000,94.35000,95.83000,12859500
1756128600,95.89000,96.53000,95.34000,96.19000,5962000
1756215000,96.10000,97.48000,95.93000,97.24000,7721700
1756301400,97.29000,97.53000,96.83000,96.87000,5072900
1756387800,96.95000,97.38000,96.52000,97.09000,6611900
1756474200,97.08000,97.40000,94.99000,95.84000,8829400
1756819800,95.35000,96.12000,94.04000,96.12000,7741300
1756906200,96.21000,96.62000,95.26000,96.22000,7261500
1756992600,96.87000,97.74000,96.21000,97.63000,7504600
1757079000,97.23000,97.60000,91.52000,92.05000,18240700
1757338200,92.18000,93.65000,91.85000,93.45000,12681500
1757424600,93.57000,94.05000,91.43000,93.67000,10773600
1757511000,93.15000,93.36000,91.86000,92.24000,12543900
1757597400,92.28000,94.08000,91.83000,93.94000,8724400
1757683800,93.93000,94.50000,93.36000,93.54000,7701800
1757943000,93.76000,94.10000,91.68000,92.10000,9645700
1758029400,92.33000,92.40000,90.50000,91.03000,13613800
1758115800,91.07000,92.19000,90.55000,92.09000,14497000
1758202200,91.92000,93.74000,91.90000,93.28000,10439800
1758288600,93.36000,94.56000,92.80000,94.33000,15163100
1758547800,93.67000,94.48000,93.34000,94.43000,11076300
1758634200,94.01000,94.93000,93.36000,93.91000,6914800
1758720600,94.06000,94.13000,91.70000,92.37000,10336200
1758807000,92.39000,94.80000,92.00000,94.78000,9203700
1758893400,95.13000,95.98000,94.74000,95.46000,5288300
1759152600,95.76000,96.98000,95.45000,96.89000,8356100
1759239000,96.85000,97.30000,94.46000,95.47000,8609100
1759325400,94.60000,94.72000,92.17000,92.25000,11649200
1759411800,92.49000,93.07000,92.13000,92.70000,6881600
1759498200,92.70000,94.36000,92.60000,94.08000,6762200
1759757400,94.43000,95.09000,93.42000,94.00000,6284000
1759843800,94.65000,94.73000,93.37000,94.01000,7582100
1759930200,94.13000,94.42000,92.67000,93.79000,6115700
1760016600,94.10000,94.36000,92.78000,94.02000,8584300
1760103000,94.30000,94.86000,91.96000,91.96000,8023600
1760362200,92.38000,93.78000,91.98000,93.49000,8773400
1760448600,93.13000,94.98000,93.03000,93.39000,8934100
1760535000,94.31000,94.95000,93.18000,94.33000,15688800
1760621400,94.77000,97.16000,93.21000,93.41000,17319200
1760707800,94.72000,94.86000,92.83000,94.14000,9199700
1760967000,94.20000,95.68000,94.20000,94.95000,7380900
1761053400,94.57000,95.41000,93.80000,95.09000,7450900
1761139800,95.30000,95.76000,93.63000,94.31000,10388200
1761226200,94.81000,95.15000,93.94000,94.60000,7708000
1761312600,95.00000,95.42000,94.31000,94.42000,7124300
1761571800,95.00000,95.28000,94.54000,94.84000,7577900
1761658200,94.97000,95.00000,93.51000,93.85000,7090300
1761744600,93.49000,95.11000,93.25000,94.61000,11773900
1761831000,94.69000,95.53000,93.54000,94.41000,5753500
1761917400,94.02000,94.83000,93.11000,94.52000,6275200
1762180200,94.89000,95.04000,92.61000,93.15000,6980300
1762266600,92.80000,94.12000,92.13000,93.84000,7719800
1762353000,93.54000,94.07000,92.78000,93.68000,8338800
1762439400,94.00000,94.75000,93.53000,94.20000,6350300
1762525800,94.51000,95.49000,93.32000,95.24000,6743700
1762785000,94.90000,96.02000,94.72000,95.58000,8498900
1762871400,95.00000,97.13000,94.92000,96.12000,5641900
1762957800,96.28000,98.50000,96.13000,97.71000,10610500
1763044200,97.87000,98.26000,94.92000,95.36000,8347600
1763130600,94.93000,95.63000,93.34000,94.39000,9356800
1763389800,94.56000,94.58000,91.59000,91.91000,9141200
1763476200,91.60000,93.35000,91.26000,92.28000,8505800
1763562600,92.02000,93.39000,91.60000,92.64000,6193800
1763649000,93.59000,94.39000,90.46000,90.49000,14227600
1763735400,90.99000,91.20000,89.35000,90.51000,8270200
1763994600,90.65000,90.90000,89.64000,90.52000,9966500
1764081000,90.29000,91.14000,89.50000,90.74000,8979600
1764167400,91.00000,92.37000,90.95000,91.80000,6697200
1764340200,91.85000,93.24000,91.58000,92.73000,6707800
1764599400,92.03000,93.21000,91.82000,92.69000,7974500
1764685800,92.80000,93.12000,92.03000,92.07000,10610500
1764772200,92.02000,94.02000,91.60000,93.99000,9688300
1764858600,94.12000,95.41000,93.96000,95.03000,8367600
1764945000,94.70000,95.62000,93.79000,93.82000,9043200
1765204200,93.64000,94.42000,92.75000,94.28000,8371100
1765290600,94.08000,95.77000,94.01000,94.16000,6479300
1765377000,94.36000,96.38000,94.07000,95.81000,8521900
1765463400,95.56000,97.09000,94.86000,97.05000,10564900
1765549800,96.99000,97.40000,94.38000,96.65000,13406700
1765809000,96.73000,97.16000,94.51000,95.28000,9842800
1765895400,95.30000,96.44000,95.03000,96.00000,9624500
1765981800,96.57000,97.20000,95.82000,96.61000,10929800
1766068200,96.90000,97.38000,95.92000,97.23000,9627500
1766154600,97.40000,99.53000,97.22000,98.82000,23213100
1766413800,99.56000,101.74000,99.05000,101.41000,9307900
1766500200,101.52000,102.05000,100.90000,101.18000,5727400
1766586600,101.35000,102.11000,100.89000,101.85000,2859500
1766759400,101.87000,102.28000,101.54000,101.89000,2778100
1767018600,101.71000,101.80000,101.22000,101.31000,7958200
1767105000,101.58000,101.65000,100.32000,100.55000,3943400
1767191400,100.80000,100.91000,99.89000,99.91000,4380500
1767364200,99.77000,101.83000,99.41000,101.57000,8409300
1767623400,101.74000,104.44000,101.74000,103.74000,9206500
1767709800,104.34000,104.76000,103.52000,103.57000,7285600
1767796200,103.87000,103.95000,101.84000,101.93000,7352000
1767882600,102.28000,102.49000,101.14000,101.34000,6500700
1767969000,101.34000,101.62000,100.14000,100.17000,6839500
1768228200,100.24000,102.28000,100.05000,101.90000,8849800
1768314600,101.99000,102.26000,100.39000,101.18000,7029000
1768401000,100.86000,101.94000,99.60000,101.92000,6643000
1768487400,102.20000,103.60000,102.01000,102.76000,8317700
1768573800,102.64000,104.98000,102.64000,103.82000,10868200
1768919400,102.31000,103.45000,100.90000,100.99000,12978300
1769005800,101.33000,104.83000,99.69000,101.79000,17879500
1769092200,103.07000,105.81000,103.01000,104.05000,13539500
1769178600,103.67000,104.08000,101.24000,102.18000,8712700
1769437800,102.52000,103.69000,102.47000,102.94000,7357400
1769524200,102.57000,104.10000,102.25000,103.72000,8837500
1769610600,103.57000,103.79000,102.75000,103.47000,7531000
1769697000,104.18000,104.98000,102.69000,103.47000,10033900
1769783400,103.35000,104.86000,102.88000,103.92000,11335300
1770042600,103.73000,105.19000,103.09000,105.17000,9897200
1770129000,105.22000,105.72000,102.44000,103.73000,13372700
1770215400,103.76000,105.04000,102.96000,103.88000,10779700
1770301800,103.93000,103.93000,101.57000,102.00000,9683400
1770388200,103.25000,105.28000,103.00000,105.08000,7527600
1770647400,104.84000,107.27000,104.78000,107.21000,10177800
1770733800,107.00000,107.50000,97.01000,99.25000,40420200
1770820200,100.91000,101.15000,95.09000,95.45000,25148900
1770906600,96.00000,96.47000,92.80000,95.08000,24881800
1770993000,94.06000,94.52000,93.01000,93.72000,12653700
1771338600,94.23000,94.47000,92.30000,93.08000,11250900
1771425000,93.91000,95.86000,93.50000,95.38000,16284800
1771511400,94.86000,94.89000,93.06000,93.87000,13403200
1771597800,93.37000,94.23000,92.73000,94.03000,8491800
1771857000,93.51000,93.92000,91.28000,92.75000,11226900
1771943400,92.19000,94.55000,91.86000,93.12000,13635200
1772029800,93.87000,95.80000,93.52000,95.35000,8788600
1772116200,95.48000,97.61000,95.48000,97.52000,9895700
1772202600,96.49000,96.99000,93.62000,95.20000,13146100
1772461800,94.23000,96.60000,93.93000,95.49000,11412300
1772548200,94.00000,95.99000,93.50000,95.24000,8257400
1772634600,96.22000,96.80000,95.38000,96.04000,8268100
1772721000,95.47000,96.84000,94.16000,95.41000,12027400
1772807400,93.88000,95.27000,92.55000,95.23000,9745100
1773063000,94.10000,94.86000,92.27000,94.38000,8517400
1773149400,94.40000,94.62000,92.59000,93.17000,7017500
1773235800,92.95000,93.49000,91.21000,92.67000,6460400
1773322200,91.82000,92.04000,90.51000,91.24000,9215100
1773408600,92.00000,93.80000,91.93000,93.06000,11043500
1773667800,94.13000,95.24000,93.26000,93.63000,8835600
1773754200,94.27000,95.39000,93.77000,93.93000,5972100
1773840600,93.80000,94.22000,92.87000,93.28000,8175300
1773927000,93.37000,94.15000,92.79000,93.99000,8001300
1774013400,94.11000,94.87000,93.50000,94.66000,13145400
1774272600,95.59000,96.45000,93.99000,95.30000,8933300
1774359000,95.58000,96.74000,95.20000,95.68000,6456200
1774445400,95.95000,96.65000,94.39000,94.99000,6454300
1774531800,94.68000,95.16000,93.84000,94.47000,6984000
1774618200,93.87000,93.96000,91.97000,92.36000,7252400
1774877400,92.99000,93.73000,92.37000,93.06000,6406400
1774963800,94.00000,94.13000,92.17000,93.98000,9731000
1775050200,95.01000,95.44000,90.00000,92.36000,15988700
1775136600,91.10000,94.02000,90.89000,93.77000,7970400
1775482200,93.90000,94.75000,92.04000,92.99000,10968100
1775568600,92.21000,93.73000,91.30000,93.34000,11971800
1775655000,94.89000,96.78000,94.50000,96.70000,10783100
1775741400,96.28000,97.98000,95.83000,97.27000,5794500
1775827800,97.19000,97.25000,94.15000,94.80000,9346800
1776087000,94.72000,96.85000,94.20000,96.79000,7449700
1776173400,97.28000,99.06000,96.89000,98.38000,12167600
1776259800,99.40000,100.76000,99.09000,100.27000,10983400
1776346200,95.76000,98.75000,91.92000,92.62000,27859500
1776432600,93.35000,93.93000,90.57000,92.28000,20191300
1776691800,91.98000,93.59000,91.65000,93.15000,11271600
1776778200,93.26000,94.16000,91.83000,91.97000,12842800
1776864600,92.19000,93.00000,91.15000,91.71000,10798300
1776951000,91.14000,91.60000,87.84000,88.92000,17899600
1777037400,88.92000,89.86000,88.29000,88.50000,11670500
1777296600,88.26000,91.12000,88.15000,90.76000,8399200
1777383000,91.30000,91.90000,90.18000,90.83000,9259100
1777469400,90.33000,91.49000,89.44000,91.16000,8328300
1777555800,90.35000,92.53000,89.88000,91.64000,12560300
1777642200,92.03000,92.86000,91.27000,91.54000,8532600
1777901400,91.37000,92.72000,90.95000,91.48000,7005800
1777987800,91.76000,92.89000,91.50000,92.40000,5784300
1778074200,92.36000,92.75000,91.59000,92.15000,6883300
1778160600,91.81000,92.43000,88.66000,89.50000,14792000
1778247000,89.29000,89.70000,88.31000,88.61000,9954000
1778506200,88.62000,88.87000,87.61000,87.83000,9542700
1778592600,88.02000,90.39000,87.64000,90.18000,9489900
1778679000,89.45000,91.78000,89.26000,91.17000,9299800
1778765400,91.65000,92.17000,89.13000,89.44000,14178800
1778851800,90.48000,92.87000,89.76000,90.88000,14262000
1779111000,91.00000,93.43000,90.78000,92.39000,8266100
1779197400,92.20000,92.93000,91.46000,91.81000,8681800
1779283800,92.32000,92.56000,89.73000,90.11000,12827800
1779370200,90.18000,90.70000,89.28000,90.41000,8077900
1779456600,90.36000,91.39000,90.11000,90.15000,7065600
1779802200,89.70000,90.42000,89.37000,89.40000,8359900
1779888600,89.00000,89.26000,84.72000,85.61000,21847900
1779975000,85.12000,85.62000,83.96000,85.35000,16763700
1780061400,86.00000,87.48000,85.93000,87.35000,20459400
1780320600,86.81000,89.20000,86.02000,88.74000,13961600
1780407000,87.94000,88.62000,86.22000,87.61000,11612000
1780493400,87.00000,87.56000,85.58000,86.59000,11339400
1780579800,87.51000,88.50000,86.70000,88.00000,11790000
1780666200,88.46000,88.94000,87.68000,88.84000,9213900
1780925400,88.28000,88.92000,87.77000,88.08000,7473300
1781011800,88.25000,88.92000,87.18000,88.77000,10830600
1781098200,88.45000,90.25000,87.86000,89.27000,11177400
1781184600,89.26000,89.94000,88.54000,88.70000,11380700
1781271000,89.53000,92.21000,89.25000,91.10000,11399400
1781530200,91.61000,92.39000,90.76000,90.95000,11479900
1781616600,92.00000,93.70000,91.44000,93.67000,12346400
1781703000,93.55000,94.83000,92.46000,94.51000,12107300
1781789400,94.58000,94.79000,90.86000,91.70000,27430200
1782135000,92.50000,92.69000,91.36000,92.03000,11599200
1782221400,92.39000,93.30000,92.03000,93.17000,11700800
1782307800,92.81000,92.90000,91.02000,91.39000,12928600
1782394200,91.39000,92.60000,89.26000,89.44000,10917000
1782480600,89.60000,90.67000,87.63000,90.67000,17567400
1782739800,90.35000,91.60000,90.20000,90.55000,9170300
1782826200,91.49000,94.17000,91.29000,92.27000,9834900
1782912600,92.76000,96.07000,92.31000,95.78000,10685400
1782999000,96.74000,97.45000,96.21000,97.00000,8892800
1783344600,97.19000,101.17000,97.19000,100.62000,11391100
1783431000,101.21000,102.54000,100.89000,101.93000,9405300
1783517400,101.91000,103.07000,101.26000,101.70000,8948300
1783603800,101.42000,103.44000,100.51000,101.91000,6374500
1783690200,103.25000,103.57000,101.80000,103.12000,5680000
1783949400,103.51000,103.97000,102.11000,102.38000,7419600
1784035800,101.14000,103.36000,100.75000,101.10000,7747200
1784122200,101.56000,103.40000,101.34000,102.79000,7971900
1784208600,103.40000,103.80000,101.95000,102.80000,10311700
1784295000,102.32000,102.81000,100.81000,101.56000,8312000
1784554200,100.61000,103.09000,100.30000,102.54000,13660300
1784640600,104.18000,104.48000,99.71000,99.96000,14815100
1784727000,101.34000,101.34000,99.42000,100.80000,7797300
1784813400,100.27000,102.71000,100.27000,101.61000,8258400
1784899800,101.61000,102.00000,100.55000,101.97000,5175300
1785159000,102.68000,104.29000,102.36000,104.18000,7276400
1785245400,104.24000,106.29000,103.45000,105.97000,7809100
1785331800,106.00000,106.73000,104.39000,104.47000,7149300
1785418200,103.93000,104.82000,103.07000,104.33000,7497700
1785504600,104.98000,105.69000,104.05000,105.24000,8546900
1785763800,105.86000,106.81000,105.05000,105.87000,6443500
1785850200,105.26000,106.76000,105.23000,106.35000,6861800
1785936600,106.99000,108.55000,106.51000,108.02000,11677500
1786023000,108.60000,109.05000,106.81000,107.66000,6358600
1786109400,107.07000,107.63000,106.19000,107.60000,7154300
1786368600,107.51000,109.32000,107.14000,107.99000,6748900
1786455000,107.52000,108.40000,107.37000,107.70000,4063500
1786541400,107.00000,109.66000,106.75000,109.34000,5537500
1786627800,109.74000,110.20000,108.90000,110.06000,5155200
1786714200,109.75000,111.18000,109.19000,111.09000,5986000
1786973400,110.94000,111.64000,110.41000,110.58000,6236700
1787059800,111.33000,112.20000,110.59000,111.68000,7092000
1787146200,111.41000,112.08000,110.54000,110.88000,6510900
1787232600,111.46000,111.86000,109.55000,109.79000,6641000
1787319000,110.27000,112.40000,110.17000,112.30000,6938600
1787578200,112.89000,114.53000,112.51000,113.65000,8275200
1787664600,113.04000,113.38000,112.08000,112.27000,5047700
1787751000,108.25000,110.32000,106.34000,109.39000,13947700
1787837400,108.95000,109.53000,107.23000,108.05000,10104700
1787923800,108.40000,111.01000,107.78000,110.16000,12819300
