time,open,high,low,close,tick_volume
1472477400,213.75999,216.28999,213.36000,215.69000,883700
1472563800,216.03999,216.20000,213.16000,215.89999,944700
1472650200,215.49001,217.10001,214.33000,215.47000,1817500
1472736600,214.89000,216.64999,214.25999,216.02000,881900
1472823000,216.92000,219.41000,215.61000,216.69000,939100
1473168600,217.12000,218.17999,215.39999,218.16000,1374700
1473255000,218.11000,219.06000,216.89999,218.95000,813600
1473341400,217.98000,218.58000,216.57001,217.09000,2414600
1473427800,215.31000,215.31000,209.78999,209.89999,1693000
1473687000,209.21001,213.53999,208.49001,212.28000,2081200
1473773400,211.05000,211.20000,206.92000,206.92000,1406600
1473859800,207.55000,210.28000,207.06000,207.78000,1212800
1473946200,207.30000,208.33000,206.41000,207.91000,1230100
1474032600,207.35001,209.03000,206.37000,208.73000,2460600
1474291800,209.89999,210.41000,208.82001,209.59000,960100
1474378200,210.70000,210.94000,208.67999,208.69000,974700
1474464600,208.56000,211.13000,206.02000,210.87000,1498100
1474551000,212.02000,214.47000,210.89000,213.49001,1173600
1474637400,213.06000,214.16000,210.34000,213.49001,1208900
1474896600,213.17999,215.08000,212.50000,214.75999,1073800
1474983000,215.56000,215.56000,212.64000,212.92999,935500
1475069400,212.99001,213.73000,210.67000,212.61000,1149600
1475155800,211.71001,211.99001,207.20000,207.58000,1362700
1475242200,209.34000,209.89000,206.98000,207.00999,1697200
1475501400,206.28999,206.28999,200.89999,201.84000,2024100
1475587800,201.53000,202.32001,197.39000,198.87000,1894600
1475674200,199.36000,201.00000,194.67999,195.72000,1612300
1475760600,195.36000,198.60001,192.64999,196.48000,1364700
1475847000,197.64000,200.30000,195.82001,196.81000,1427000
1476106200,196.97000,198.83000,196.85001,197.50000,699000
1476192600,197.50000,198.19000,194.82001,195.55000,959400
1476279000,196.08000,199.05000,195.59000,198.92000,1206700
1476365400,197.83000,199.22000,196.91000,198.78999,1226300
1476451800,199.05000,199.85001,196.99001,196.99001,1056400
1476711000,197.25000,198.30000,196.23000,197.49001,1014500
1476797400,198.44000,199.69000,197.82001,198.44000,855900
1476883800,198.33000,198.74001,195.10001,198.46001,1409700
1476970200,199.00000,199.14000,196.32001,197.25999,1241800
1477056600,195.78999,196.89999,195.03999,196.55000,872100
1477315800,197.67999,199.19000,196.00000,197.00999,1030400
1477402200,196.34000,197.70000,195.82001,197.27000,1035700
1477488600,195.11000,196.07001,187.48000,188.38000,2676100
1477575000,188.14999,188.16000,181.85001,183.23000,3726600
1477661400,184.23000,186.03000,182.03000,182.88000,1694000
1477920600,184.27000,186.33000,182.88000,185.96001,1932800
1478007000,184.99001,185.48000,181.64000,183.25000,1861200
1478093400,183.61000,184.22000,179.64999,179.67999,1662400
1478179800,179.61000,180.61000,178.11000,179.33000,1118900
1478266200,180.12000,180.52000,178.53000,180.28000,1662700
1478529000,182.98000,183.61000,180.78999,181.92999,1082700
1478615400,182.31000,183.89000,181.00000,183.25000,874100
1478701800,180.14000,181.70000,174.91000,180.78000,2099600
1478788200,181.32001,186.47000,176.67999,182.28999,3137400
1478874600,182.25000,184.95000,181.98000,182.61000,1795200
1479133800,181.28000,186.33000,179.20000,185.59000,1786900
1479220200,186.42999,189.25000,182.80000,184.23000,2468600
1479306600,184.60001,185.23000,181.83000,182.94000,1030500
1479393000,182.75999,183.96001,180.13000,180.67999,1090800
1479479400,180.56000,181.75000,179.16000,180.83000,1369300
1479738600,181.17999,182.97000,179.37000,179.67999,1006600
1479825000,180.60001,181.98000,180.14000,181.58000,1068300
1479911400,180.20000,180.95000,178.05000,180.75999,1102500
1480084200,181.74001,182.99001,180.35001,181.30000,490900
1480343400,180.64000,182.95000,180.07001,181.33000,1398200
1480429800,181.95000,184.14999,181.35001,182.30000,1346900
1480516200,180.38000,181.61000,178.42000,179.64999,2234500
1480602600,178.92000,179.38000,175.87000,176.82001,2075900
1480689000,177.57001,180.78999,177.42000,179.36000,1273900
1480948200,179.50999,180.81000,178.03000,180.75999,1027300
1481034600,180.78000,182.14000,179.13000,180.11000,1202000
1481121000,180.70000,183.75999,180.50999,183.75000,1278400
1481207400,182.39999,185.14000,180.45000,183.66000,1196100
1481293800,183.75000,185.16000,182.78000,183.42999,974800
1481553000,182.97000,186.38000,182.72000,186.12000,1066900
1481639400,186.91000,187.69000,184.06000,187.42999,1566000
1481725800,187.16000,187.61000,180.99001,181.28000,2093400
1481812200,181.39000,182.17999,179.45000,180.00000,1533700
1481898600,181.45000,182.87000,179.82001,181.28999,1975400
1482157800,182.53999,183.80000,181.34000,182.63000,1171300
1482244200,182.57001,183.63000,181.39999,182.98000,1295200
1482330600,183.28000,184.44000,177.86000,178.17000,1617100
1482417000,178.00000,178.84000,175.02000,176.24001,1618000
1482503400,176.89999,176.89999,174.50999,175.95000,973500
1482849000,175.96001,176.36000,175.28999,175.96001,1041200
1482935400,176.41000,176.56000,173.11000,174.20000,1290100
1483021800,174.78000,176.41000,173.39999,175.98000,1472900
1483108200,176.61000,178.80000,175.61000,177.67000,2285100
1483453800,179.09000,182.62000,176.87000,182.62000,2751200
1483540200,182.91000,184.13000,181.53999,184.08000,1991700
1483626600,179.69000,184.73000,178.17000,184.39999,2186400
1483713000,183.55000,188.10001,182.60001,186.83000,2251400
1483972200,186.49001,187.78999,185.28999,185.91000,1954000
1484058600,185.12000,185.89999,183.64999,184.19000,2666100
1484145000,183.70000,184.48000,181.57001,181.99001,2151700
1484231400,181.61000,183.22000,181.11000,183.09000,1243200
1484317800,182.87000,184.97000,182.48000,184.00999,1740400
1484663400,184.37000,186.75999,184.14000,185.33000,1888500
1484749800,185.00000,187.17000,184.72000,186.57001,1330300
1484836200,185.52000,185.66000,182.73000,182.92000,1939700
1484922600,182.83000,185.03999,181.10001,184.53000,2673600
1485181800,184.38000,185.21001,183.81000,185.00000,2150200
1485268200,185.19000,185.37000,183.42000,184.14000,2315200
1485354600,183.89999,184.22000,182.09000,182.39999,2063800
1485441000,182.91000,183.42000,181.87000,182.09000,1891300
1485527400,182.57001,182.67999,178.53000,179.50999,2194000
1485786600,179.96001,179.98000,176.62000,177.74001,1716100
1485873000,179.00999,184.07001,179.00999,183.77000,3403200
1485959400,185.38000,186.00000,181.49001,181.53000,2925100
1486045800,181.31000,183.52000,181.31000,182.96001,1535100
1486132200,184.10001,185.41000,183.77000,185.33000,1805300
1486391400,184.24001,185.50000,181.75000,182.07001,1179400
1486477800,182.13000,183.36000,178.52000,179.06000,1812900
1486564200,179.25999,181.14000,178.66000,180.62000,1406100
1486650600,181.00999,182.87000,180.78999,181.99001,1298500
1486737000,180.37000,182.67999,180.05000,182.10001,1193500
1486996200,182.83000,183.78999,180.53000,181.67000,1250600
1487082600,181.08000,182.39000,179.85001,180.94000,1079700
1487169000,180.42999,180.83000,176.84000,178.53999,1954900
1487255400,178.88000,180.86000,178.55000,179.17999,1373100
1487341800,179.36000,182.05000,178.39000,181.09000,1657800
1487687400,181.53000,185.62000,181.03999,185.16000,1521200
1487773800,184.83000,185.69000,183.60001,184.70000,1469200
1487860200,184.70000,185.78999,183.63000,184.99001,1043700
1487946600,184.69000,184.71001,181.89999,184.28999,1213100
1488205800,185.03999,187.35001,184.30000,186.33000,1313800
1488292200,185.67000,186.37000,182.78999,184.39999,1841800
1488378600,184.27000,184.88000,182.22000,182.52000,1845900
1488465000,182.52000,182.56000,179.60001,181.14000,1566500
1488551400,181.50999,181.72000,178.81000,179.39999,1729600
1488810600,178.73000,180.13000,177.53000,178.80000,1104200
1488897000,178.49001,179.09000,175.92000,177.28999,1379700
1488983400,176.53999,176.89999,173.66000,174.69000,3275700
1489069800,174.66000,174.77000,169.17000,169.32001,4031600
1489156200,169.32001,171.80000,167.59000,168.17000,3101200
1489411800,169.00000,169.75999,166.89000,168.69000,2719600
1489498200,168.11000,169.39000,166.64999,167.23000,2718900
1489584600,168.00999,172.98000,167.50000,170.00000,2657100
1489671000,170.00000,170.58000,169.00000,169.39999,1110200
1489757400,168.92999,169.72000,167.00999,168.02000,2846800
1490016600,168.45000,169.22000,167.75999,168.11000,1076000
1490103000,168.57001,169.72000,166.92000,168.96001,2042000
1490189400,168.71001,169.00000,163.55000,165.39999,2554700
1490275800,165.60001,169.59000,165.48000,167.56000,1459700
1490362200,167.89999,168.35001,166.50000,167.95000,1545900
1490621400,166.92000,168.36000,165.57001,166.14999,1598200
1490707800,166.14999,168.12000,165.25000,168.05000,1980600
1490794200,167.82001,169.89000,167.07001,169.86000,1916500
1490880600,169.17999,171.00000,167.35001,170.03999,1548100
1490967000,170.36000,172.49001,170.22000,172.03000,2052000
1491226200,172.28000,174.88000,171.81000,174.06000,2526500
1491312600,174.05000,175.71001,170.42999,170.56000,2966100
1491399000,171.00000,171.60001,170.06000,170.28999,1725000
1491485400,170.08000,170.63000,169.03999,169.80000,1819800
1491571800,169.62000,170.91000,168.95000,169.81000,1501100
1491831000,169.67000,171.60001,169.17000,171.49001,1379400
1491917400,171.41000,173.97000,171.28999,173.35001,1807600
1492003800,172.82001,174.83000,172.14999,173.28000,1913900
1492090200,173.32001,174.23000,172.78999,173.84000,1043300
1492435800,174.37000,176.17000,173.83000,174.57001,1215700
1492522200,173.82001,174.83000,173.39000,174.73000,1190200
1492608600,174.39999,175.83000,173.75999,174.42999,1367000
1492695000,174.75999,174.97000,173.13000,174.73000,1145900
1492781400,174.60001,174.98000,171.30000,171.98000,2003800
1493040600,173.02000,173.16000,167.53999,168.94000,2407300
1493127000,169.32001,169.55000,167.42000,168.03999,1754600
1493213400,167.62000,167.73000,164.88000,165.03999,2025600
1493299800,165.03999,170.00000,165.03999,167.87000,2388200
1493386200,167.64999,167.82001,164.83000,165.25999,1838300
1493645400,166.22000,170.24001,164.83000,168.61000,2955500
1493731800,168.75000,169.73000,167.39000,168.78999,1954800
1493818200,169.46001,169.78000,165.20000,165.59000,1520500
1493904600,164.61000,165.71001,163.30000,165.42000,2223200
1493991000,165.45000,165.89000,164.06000,164.52000,1665000
1494250200,164.84000,165.00000,160.45000,162.84000,2399600
1494336600,163.00000,163.00000,160.66000,162.46001,2041000
1494423000,162.46001,165.75000,162.19000,165.64999,2429300
1494509400,163.31000,163.49001,159.67000,161.78000,2684400
1494595800,161.45000,161.66000,157.31000,157.48000,2834800
1494855000,155.72000,157.64999,155.50999,156.16000,2108400
1494941400,156.16000,156.23000,153.22000,154.13000,3241200
1495027800,153.92999,156.05000,152.09000,154.25999,3276400
1495114200,153.69000,154.75999,152.50999,154.00999,2319600
1495200600,154.23000,159.16000,153.30000,157.87000,4364900
1495459800,158.39000,160.12000,156.94000,157.60001,2106100
1495546200,157.60001,158.25999,156.84000,157.25000,1802000
1495632600,157.37000,159.98000,156.83000,159.78000,1619600
1495719000,160.07001,162.25000,159.08000,160.70000,1777800
1495805400,160.74001,160.75999,156.97000,157.25999,1475500
1496151000,158.03999,158.28000,154.95000,154.98000,1767500
1496237400,155.09000,156.25000,153.92000,154.25000,3560300
1496323800,154.00000,155.25999,152.64000,154.83000,2096500
1496410200,155.38000,156.25000,152.10001,152.64000,1903100
1496669400,152.25000,152.91000,150.14999,152.25999,1609000
1496755800,152.42999,153.97000,150.64999,153.09000,1836000
1496842200,153.02000,156.12000,152.82001,155.27000,2070300
1496928600,155.27000,156.53999,153.70000,154.57001,1790400
1497015000,154.50000,156.56000,152.53999,155.60001,1217500
1497274200,155.53999,160.87000,155.39999,159.74001,2386400
1497360600,159.31000,160.82001,157.09000,158.81000,1940400
1497447000,159.64999,160.78999,158.81000,159.64000,1793000
1497533400,158.85001,161.74001,158.06000,160.73000,1647400
1497619800,161.17999,162.89000,158.25000,160.25999,4639200
1497879000,159.77000,159.77000,157.21001,158.97000,2150500
1497965400,160.59000,161.34000,157.63000,158.98000,1829000
1498051800,159.42999,159.92000,157.55000,158.78000,1749600
1498138200,158.60001,159.75999,157.00000,159.13000,1903000
1498224600,159.48000,160.44000,158.41000,158.89999,1967900
1498483800,159.77000,163.17000,159.69000,160.45000,1801400
1498570200,159.94000,163.45000,159.80000,162.37000,1819200
1498656600,163.25000,164.69000,162.73000,163.80000,2014300
1498743000,163.50000,165.38000,162.53000,162.58000,2008500
1498829400,163.60001,164.87000,160.20000,161.75999,1568800
1499088600,162.36000,165.39000,162.30000,165.17999,1057100
1499261400,164.98000,165.35001,158.17999,158.23000,2456900
1499347800,157.91000,159.06000,155.42999,155.78000,1594500
1499434200,156.17999,156.96001,155.42999,156.64000,1343800
1499693400,156.86000,157.14000,155.38000,155.44000,1140400
1499779800,155.73000,155.73000,153.14000,153.94000,1668400
1499866200,155.24001,158.96001,155.17000,155.52000,1861400
1499952600,156.13000,158.46001,155.81000,158.05000,1331000
1500039000,157.31000,160.92999,157.31000,160.73000,1365400
1500298200,160.63000,162.82001,160.02000,162.13000,1246900
1500384600,161.72000,162.48000,159.64000,159.83000,1268700
1500471000,159.78999,160.64999,159.50000,160.27000,1185700
1500557400,160.69000,162.05000,160.06000,161.00999,1241300
1500643800,160.89000,161.28999,159.00000,160.58000,1321500
1500903000,160.62000,161.97000,159.14999,160.03999,1221000
1500989400,160.55000,162.06000,159.20000,161.57001,1362300
1501075800,162.00000,164.30000,161.42000,163.77000,1090500
1501162200,162.92999,166.96001,161.57001,166.33000,1498800
1501248600,163.82001,165.69000,160.23000,160.52000,2031700
1501507800,160.60001,160.85001,157.78000,158.50000,3627000
1501594200,165.25000,165.50000,159.17999,164.58000,3144100
1501680600,162.46001,165.35001,160.31000,161.37000,2486400
1501767000,160.94000,163.55000,160.13000,161.95000,1919500
1501853400,162.21001,164.77000,161.77000,164.53000,1647200
1502112600,164.46001,167.12000,163.48000,166.37000,1534200
1502199000,165.75999,166.98000,162.30000,164.09000,1387900
1502285400,164.07001,164.39000,161.62000,163.41000,1194800
1502371800,163.14999,163.14999,161.00999,161.14999,1191500
1502458200,160.35001,160.92999,156.00000,157.89000,1839300
1502717400,158.58000,160.96001,158.07001,160.34000,1644600
1502803800,157.94000,158.52000,155.38000,157.49001,2024300
1502890200,158.25000,159.61000,157.35001,157.95000,2043300
1502976600,157.75000,158.78999,157.20000,157.20000,1302700
1503063000,155.77000,156.16000,152.50999,153.58000,2131500
1503322200,153.92000,155.49001,152.55000,154.58000,1145800
1503408600,154.83000,155.67999,152.92000,153.23000,1052100
1503495000,153.10001,157.75999,152.97000,157.57001,1731200
1503581400,158.67000,161.07001,156.38000,156.66000,2289900
1503667800,157.17000,159.99001,155.85001,159.03999,1501200
1503927000,159.20000,159.69000,156.11000,156.83000,1100900
1504013400,156.42000,157.56000,155.67000,156.25000,1068500
1504099800,156.70000,157.12000,154.45000,157.02000,909100
1504186200,157.53000,158.59000,156.48000,156.85001,2279500
1504272600,157.52000,159.52000,157.00000,158.19000,1043200
1504618200,158.19000,159.17999,156.00000,156.88000,1397800
1504704600,157.57001,159.87000,157.10001,158.73000,1676600
1504791000,158.84000,161.64000,158.23000,160.80000,1456800
1504877400,160.50000,160.86000,159.52000,159.56000,915800
1505136600,160.17000,161.31000,159.48000,160.32001,736600
1505223000,160.39999,161.77000,157.00000,157.55000,1302400
1505309400,157.84000,160.42999,157.70000,160.42999,1540600
1505395800,160.46001,163.86000,160.17999,163.75000,1770300
1505482200,164.49001,165.19000,163.21001,164.77000,2811600
1505741400,164.49001,164.73000,161.17000,161.52000,1718200
1505827800,161.22000,161.42000,158.80000,159.73000,1733700
1505914200,159.89000,160.63000,159.08000,159.89999,1637000
1506000600,159.75999,161.10001,159.17000,159.58000,1231100
1506087000,159.42999,160.20000,158.49001,158.81000,855100
1506346200,159.02000,162.10001,158.98000,160.48000,933200
1506432600,161.17000,164.17999,160.75999,163.50999,1706500
1506519000,163.10001,163.70000,159.67000,160.11000,1478300
1506605400,160.47000,161.92000,159.42999,161.59000,1168600
1506691800,160.77000,162.00000,159.81000,161.00999,1611000
1506951000,161.17999,161.38000,159.50000,159.69000,1335600
1507037400,159.55000,160.35001,157.91000,159.03999,1168400
1507123800,158.42000,160.24001,158.13000,159.84000,1661700
1507210200,160.41000,162.57001,159.91000,161.25999,1371200
1507296600,160.28000,161.12000,158.77000,160.24001,1161900
1507555800,160.20000,161.25999,160.14000,160.75999,551500
1507642200,161.56000,163.66000,161.11000,162.91000,1076700
1507728600,163.16000,165.11000,162.62000,165.08000,1414900
1507815000,164.56000,165.92000,162.70000,164.53999,1385500
1507901400,165.41000,167.82001,164.38000,166.31000,1446500
1508160600,166.45000,167.28000,165.03000,165.33000,1092800
1508247000,165.19000,167.74001,164.82001,167.10001,1366200
1508333400,166.72000,167.60001,164.17000,164.49001,1092700
1508419800,164.75999,166.48000,164.16000,165.52000,1518300
1508506200,165.50999,165.80000,163.08000,164.72000,1300000
1508765400,165.23000,166.19000,164.22000,165.44000,965400
1508851800,165.28999,165.74001,163.55000,163.87000,1507700
1508938200,163.06000,163.88000,161.08000,163.67999,1220700
1509024600,164.19000,164.83000,161.64000,163.75999,1868200
1509111000,161.25000,162.00000,153.71001,156.66000,3493800
1509370200,156.57001,158.27000,156.14000,157.74001,1371900
1509456600,157.39999,157.61000,154.05000,155.33000,2357300
1509543000,155.99001,157.73000,155.28999,157.09000,1539800
1509629400,156.98000,160.27000,156.74001,159.36000,1690100
1509715800,156.37000,157.72000,154.70000,155.00000,2114200
1509978600,154.98000,155.39999,153.74001,154.99001,2230300
1510065000,155.24001,160.38000,154.66000,159.05000,2481300
1510151400,159.09000,160.14000,155.67999,157.03000,2289400
1510237800,156.50000,163.50000,156.49001,161.25999,2798300
1510324200,163.14999,164.50000,161.62000,163.75000,2832400
1510583400,164.30000,165.83000,160.11000,160.31000,2945900
1510669800,160.60001,161.83000,159.85001,160.50999,2085100
1510756200,158.00000,160.44000,157.00000,159.38000,1726300
1510842600,158.87000,160.36000,157.78000,159.87000,1601700
1510929000,160.50000,164.17000,160.50000,161.95000,2209600
1511188200,161.39000,161.70000,158.92999,159.00999,1440200
1511274600,158.98000,159.39000,157.39999,159.14999,1407900
1511361000,158.91000,160.05000,158.24001,158.33000,1152200
1511533800,159.11000,159.89000,157.49001,158.00000,589500
1511793000,158.00000,158.25999,155.35001,156.39000,1377800
1511879400,156.17999,156.57001,154.53000,156.12000,2312400
1511965800,156.05000,159.98000,155.50999,158.73000,2627300
1512052200,159.35001,162.32001,158.86000,161.75000,2655100
1512138600,162.20000,162.78999,160.98000,162.35001,1725100
1512397800,163.20000,164.20000,162.28999,163.67000,2498800
1512484200,164.24001,164.24001,162.07001,162.75000,2010500
1512570600,162.86000,163.92999,161.78000,162.75999,1310800
1512657000,162.07001,163.13000,161.70000,162.07001,1137900
1512743400,161.86000,162.74001,160.74001,162.25000,1423800
1513002600,162.30000,163.33000,161.66000,162.25999,1122300
1513089000,166.00000,167.30000,163.48000,166.35001,4140500
1513175400,166.77000,168.34000,165.20000,165.83000,1878300
1513261800,166.00000,167.78000,165.28999,165.63000,1342800
1513348200,166.39999,169.11000,166.24001,167.81000,3053300
1513607400,168.14999,170.92999,167.89999,169.82001,1689000
1513693800,169.85001,170.47000,167.25999,168.42000,1569500
1513780200,168.32001,169.00000,163.89999,163.98000,2263500
1513866600,164.49001,164.92000,163.80000,164.70000,1098500
1513953000,164.49001,167.81000,164.00000,167.07001,2015600
1514298600,167.25000,169.99001,166.66000,169.36000,1103000
1514385000,169.82001,171.25000,169.13000,170.77000,1617700
1514471400,170.84000,171.42999,169.92000,171.14999,995000
1514557800,171.32001,172.35001,170.36000,171.74001,1190900
1514903400,172.34000,173.02000,170.34000,172.42000,1442900
1514989800,172.10001,172.61000,169.85001,171.62000,1849300
1515076200,171.49001,171.49001,166.53999,166.60001,2159500
1515162600,167.05000,168.37000,166.37000,168.14999,2126500
1515421800,168.96001,170.17000,168.34000,169.25000,1874900
1515508200,168.91000,169.41000,165.13000,165.53000,1720900
1515594600,164.67999,165.12000,162.77000,164.98000,1339500
1515681000,165.25000,165.49001,164.06000,164.83000,1494600
1515767400,165.00999,165.97000,164.37000,165.50999,1238100
1516113000,165.92000,168.10001,164.89999,165.03999,1448900
1516199400,165.72000,167.96001,164.62000,167.39999,1699300
1516285800,167.03000,167.63000,163.75000,164.25000,1947600
1516372200,164.91000,165.28999,163.03000,164.24001,1805200
1516631400,164.28000,166.83000,164.07001,166.10001,1751600
1516717800,166.92999,169.28000,165.59000,166.33000,2864000
1516804200,166.64999,167.16000,164.77000,166.10001,1802200
1516890600,165.58000,166.23000,162.60001,164.20000,1476900
1516977000,164.85001,165.36000,163.02000,163.71001,1574700
1517236200,163.42999,163.78999,161.83000,162.92000,1678600
1517322600,162.81000,163.47000,161.25999,162.61000,2145000
1517409000,159.97000,163.67000,158.56000,163.37000,3259500
1517495400,163.61000,164.83000,159.30000,159.64999,2652400
1517581800,159.19000,160.00000,155.70000,156.52000,3166200
1517841000,155.67999,159.17999,154.36000,155.12000,2678600
1517927400,154.16000,156.09000,152.13000,155.98000,3469700
1518013800,155.78999,158.50000,154.75999,154.86000,2055700
1518100200,154.39000,156.87000,152.14000,152.17999,2940100
1518186600,152.89000,158.47000,151.27000,157.20000,3211700
1518445800,157.33000,157.84000,152.36000,156.80000,2338500
1518532200,154.56000,156.10001,153.50000,155.49001,1481900
1518618600,154.66000,155.03000,151.31000,154.09000,2092500
1518705000,154.57001,156.67000,153.86000,156.14999,1692400
1518791400,156.00999,157.53999,155.49001,156.09000,1909900
1519137000,155.97000,157.39999,155.53000,155.59000,1516600
1519223400,155.00000,155.69000,151.28000,151.30000,1657100
1519309800,152.03999,155.96001,152.03999,154.03000,1602800
1519396200,154.44000,156.66000,153.88000,156.66000,1071000
1519655400,157.14999,159.14999,156.50000,159.07001,1451800
1519741800,160.11000,161.08000,153.92999,153.92999,1944300
1519828200,154.67999,155.82001,153.38000,153.50999,2076100
1519914600,153.30000,156.89000,152.89000,154.94000,1655200
1520001000,154.77000,155.74001,153.12000,155.52000,1565900
1520260200,154.37000,158.67000,154.37000,157.46001,1610300
1520346600,156.75000,158.17999,156.03000,157.63000,1472000
1520433000,156.67999,158.49001,155.25999,155.92000,1461900
1520519400,156.17999,157.05000,155.17000,156.28000,1201700
1520605800,156.14000,156.78999,154.14999,156.57001,1376300
1520861400,156.72000,157.80000,156.11000,156.74001,2259700
1520947800,157.13000,159.27000,156.03999,157.47000,1409100
1521034200,158.25999,159.32001,157.02000,158.49001,2498200
1521120600,158.52000,159.17000,155.78999,156.60001,1792800
1521207000,156.50000,158.05000,156.05000,157.13000,2092600
1521466200,157.31000,157.31000,154.14999,155.42999,1269300
1521552600,155.69000,156.80000,154.19000,154.58000,1318200
1521639000,154.86000,155.64999,153.32001,154.34000,1401000
1521725400,153.94000,155.21001,152.41000,152.53000,1797300
1521811800,152.80000,154.63000,151.38000,151.73000,1785000
1522071000,152.78999,153.53999,151.77000,153.32001,1485000
1522157400,151.50999,151.81000,147.28000,150.46001,3576100
1522243800,151.24001,156.12000,151.20000,155.91000,2420800
1522330200,156.35001,157.28999,153.30000,154.35001,1761500
1522675800,154.57001,155.50000,151.98000,153.08000,1680700
1522762200,153.33000,155.34000,152.20000,154.23000,1429700
1522848600,153.00000,156.89000,152.89999,156.28000,2066900
1522935000,155.98000,156.42000,154.22000,155.55000,1477800
1523021400,155.53999,157.25000,153.58000,154.10001,1198800
1523280600,154.17000,154.98000,153.00000,153.42000,1310500
1523367000,154.49001,155.41000,153.39999,154.92999,1409200
1523453400,154.19000,155.71001,153.53999,153.61000,1269800
1523539800,153.64000,154.12000,149.64000,149.92000,1892600
1523626200,150.08000,151.85001,149.70000,151.73000,1284300
1523885400,152.83000,153.07001,151.38000,152.28000,1357600
1523971800,152.58000,154.95000,151.53000,153.24001,1630400
1524058200,153.57001,153.89000,152.31000,152.55000,995500
1524144600,152.39000,152.39000,148.58000,150.28000,1368500
1524231000,150.78999,151.44000,146.89999,147.25000,2333300
1524490200,147.39000,148.42000,145.96001,146.89999,1494700
1524576600,147.03000,148.14000,145.89000,147.80000,1674900
1524663000,147.39000,148.42000,145.78000,146.74001,1899900
1524749400,147.41000,151.48000,146.89000,150.16000,2048700
1524835800,148.91000,157.50000,148.91000,156.14000,2371100
1525095000,156.52000,156.95000,154.00000,156.34000,2580900
1525181400,158.25000,160.74001,157.64999,159.74001,3064700
1525267800,158.63000,159.98000,156.27000,159.19000,2483800
1525354200,158.64999,159.69000,157.87000,159.03999,1635900
1525440600,158.89999,160.13000,158.66000,159.34000,1710600
1525699800,160.03999,160.21001,158.50999,159.77000,1650800
1525786200,160.42000,160.60001,158.09000,158.75000,2265300
1525872600,158.64999,160.55000,158.21001,159.94000,1212900
1525959000,160.50000,161.61000,160.14999,161.22000,1319200
1526045400,161.52000,162.11000,159.66000,159.89000,1151200
1526304600,159.67999,160.49001,156.80000,158.02000,1764000
1526391000,157.17000,157.58000,154.17000,154.64999,2298300
1526477400,153.60001,155.62000,153.60001,154.31000,1253600
1526563800,154.61000,155.22000,153.25999,153.67999,1064800
1526650200,153.03999,154.86000,152.50000,154.17999,1239400
1526909400,154.94000,157.72000,152.89000,157.03999,1354900
1526995800,157.00000,159.20000,156.37000,158.22000,1624900
1527082200,158.38000,159.70000,158.34000,159.25999,1495300
1527168600,159.24001,159.98000,157.63000,158.78000,1026300
1527255000,159.33000,159.87000,158.73000,159.49001,981700
1527600600,159.07001,160.87000,158.21001,159.75000,1605800
1527687000,159.82001,162.44000,158.67000,161.59000,1676400
1527773400,160.00000,161.63000,159.19000,160.22000,3009100
1527859800,160.56000,161.41000,159.00000,160.80000,1540900
1528119000,161.17000,162.95000,159.89999,162.62000,1397000
1528205400,162.99001,165.13000,162.38000,162.92999,1784100
1528291800,162.75999,165.32001,162.75999,165.27000,1309900
1528378200,165.22000,165.80000,163.97000,164.78999,1621900
1528464600,164.95000,165.56000,163.92999,165.38000,1282900
1528723800,164.89999,165.63000,164.35001,165.10001,1077500
1528810200,165.03000,167.03000,164.38000,166.14999,1268800
1528896600,166.74001,166.82001,162.23000,162.50000,1155400
1528983000,163.36000,164.47000,162.67999,164.05000,1277800
1529069400,164.34000,165.99001,164.00000,164.48000,2510800
1529328600,164.25999,165.70000,163.77000,165.03999,1362000
1529415000,164.52000,166.62000,164.47000,165.39000,1702300
1529501400,165.21001,168.47000,165.00000,168.08000,2165200
1529587800,167.45000,169.52000,167.14999,169.48000,1210900
1529674200,169.89999,173.00000,168.62000,172.85001,1833800
1529933400,173.00000,173.11000,170.20000,171.46001,2346600
1530019800,171.60001,173.06000,170.64000,172.39999,2723100
1530106200,172.77000,173.25999,170.92000,170.92000,1546200
1530192600,171.23000,171.99001,169.55000,171.21001,1091000
1530279000,170.75999,171.35001,168.97000,170.19000,2191700
1530538200,170.14999,170.72000,167.17000,169.67999,1131100
1530624600,169.53999,172.49001,168.42999,171.14999,648800
1530797400,171.61000,172.62000,170.00000,172.50000,1172100
1530883800,172.80000,173.45000,172.27000,172.99001,1134000
1531143000,172.39999,173.30000,171.13000,172.14000,1484100
1531229400,172.27000,173.63000,171.39999,172.83000,1566800
1531315800,171.98000,172.99001,170.98000,171.13000,968100
1531402200,171.14999,172.09000,170.50999,171.64999,845400
1531488600,172.30000,172.67999,171.09000,171.69000,987400
1531747800,171.31000,171.31000,168.53000,170.66000,870200
1531834200,171.23000,172.22000,170.22000,170.48000,1052200
1531920600,169.87000,171.23000,168.86000,170.72000,1501900
1532007000,170.03999,174.39000,169.66000,173.96001,1726300
1532093400,173.08000,173.53000,170.32001,170.50000,1383100
1532352600,170.60001,170.81000,169.03000,170.38000,1138800
1532439000,170.50000,171.21001,169.50000,169.80000,2066200
1532525400,170.17000,171.94000,169.86000,171.13000,1630400
1532611800,171.92000,172.97000,170.48000,170.92000,1265300
1532698200,171.25000,171.75999,167.78000,168.58000,1375400
1532957400,168.60001,172.92000,166.95000,171.86000,1721400
1533043800,173.03999,177.17999,171.89999,176.21001,2379500
1533130200,175.50000,178.09000,174.28999,177.75000,2071300
1533216600,177.35001,178.39000,175.91000,176.25999,1711200
1533303000,176.25000,179.45000,175.99001,178.27000,1190600
1533562200,178.14000,179.00000,176.56000,177.09000,1316000
1533648600,177.14000,177.14000,175.00999,176.48000,831500
1533735000,176.50000,177.05000,175.36000,176.28000,771700
1533821400,176.12000,177.33000,174.83000,176.70000,1188500
1533907800,176.58000,176.73000,173.85001,174.38000,1214700
1534167000,174.67999,175.42000,173.85001,174.78999,948300
1534253400,175.00000,175.92000,174.75999,175.59000,959400
1534339800,175.23000,177.35001,173.78999,177.14000,1964000
1534426200,175.74001,177.06000,175.02000,176.78999,1378500
1534512600,177.12000,178.63000,176.64999,178.48000,1211100
1534771800,179.13000,182.62000,178.86000,181.37000,1779700
1534858200,180.70000,182.05000,179.85001,180.21001,1175300
1534944600,180.50999,180.67000,178.11000,179.38000,898400
1535031000,179.47000,181.17000,179.16000,180.42999,917700
1535117400,179.81000,181.03999,179.59000,180.92000,1108600
1535376600,181.24001,181.46001,178.95000,180.07001,1165600
1535463000,180.31000,182.50000,179.12000,182.44000,1502100
1535549400,182.60001,182.86000,180.84000,181.56000,1298500
1535635800,181.66000,182.31000,180.45000,181.45000,1070400
1535722200,182.32001,183.08000,181.00000,183.03000,2267000
1536067800,183.00000,183.89000,181.23000,181.83000,1565100
1536154200,181.00000,183.57001,180.05000,182.41000,2039200
1536240600,183.46001,184.94000,183.17999,184.52000,1710500
1536327000,183.05000,183.62000,181.28000,181.69000,1114700
1536586200,182.62000,183.57001,181.28000,182.09000,869200
1536672600,182.87000,185.55000,182.37000,184.30000,1740800
1536759000,184.39000,185.98000,183.69000,184.94000,1562300
1536845400,186.00000,186.03000,184.83000,185.23000,1253000
1536931800,184.42999,184.42999,180.37000,182.50000,966400
1537191000,182.53999,184.10001,180.69000,183.46001,990600
1537277400,182.84000,183.37000,181.14000,181.42000,1384500
1537363800,181.89000,181.89000,179.10001,179.81000,1290400
1537450200,179.94000,181.32001,178.21001,180.11000,1426600
1537536600,180.07001,182.05000,180.06000,180.48000,2263100
1537795800,180.38000,180.64000,176.09000,176.67000,1211600
1537882200,177.57001,178.50000,176.85001,176.99001,1257100
1537968600,176.99001,178.03999,175.20000,175.31000,1130800
1538055000,175.95000,176.89000,175.22000,175.47000,1042700
1538141400,175.75999,176.77000,174.89000,176.75000,1740200
1538400600,176.78999,178.33000,176.22000,176.64000,1155600
1538487000,176.55000,177.20000,175.67999,176.05000,1111000
1538573400,176.28000,176.99001,171.39000,173.10001,1093600
1538659800,172.25000,173.06000,168.41000,169.08000,1950400
1538746200,170.49001,171.92000,169.70000,171.28000,1759200
1539005400,172.07001,175.45000,171.71001,174.91000,1537900
1539091800,174.91000,176.67000,173.58000,175.10001,1198300
1539178200,174.00000,175.77000,172.48000,172.62000,1697500
1539264600,173.42999,173.42999,169.83000,170.39999,3494400
1539351000,171.63000,174.57001,170.75000,171.17999,2415500
1539610200,170.50999,173.17999,170.44000,171.02000,1407500
1539696600,171.73000,174.63000,170.71001,174.09000,1255400
1539783000,174.05000,175.21001,171.52000,172.75000,1140700
1539869400,172.75000,174.60001,171.60001,173.11000,1160600
1539955800,173.17000,175.41000,173.17000,174.77000,1734100
1540215000,174.98000,176.06000,171.77000,171.88000,1210500
1540301400,171.58000,173.75999,170.98000,172.69000,1801500
1540387800,172.61000,176.16000,172.50000,174.00999,2465100
1540474200,177.34000,181.52000,174.89000,180.82001,3018800
1540560600,181.07001,181.49001,178.25999,179.75999,2013200
1540819800,180.92999,182.91000,179.75999,180.86000,1831900
1540906200,182.49001,188.21001,181.95000,187.75000,3125100
1540992600,187.71001,187.71001,182.74001,183.52000,2197700
1541079000,184.27000,185.62000,181.47000,181.64000,1393800
1541165400,181.62000,182.50000,177.77000,180.41000,1453500
1541428200,181.19000,183.98000,180.95000,183.14999,1011400
1541514600,183.00000,183.75000,181.00999,183.63000,1024300
1541601000,184.69000,187.38000,183.74001,187.27000,1014000
1541687400,186.19000,187.85001,185.14999,187.28999,811000
1541773800,187.28999,189.16000,186.77000,188.69000,1262100
1542033000,188.73000,191.16000,187.39000,187.92000,916300
1542119400,188.70000,189.17000,186.78000,188.86000,1021500
1542205800,189.07001,189.73000,186.20000,187.39999,1025500
1542292200,184.05000,184.82001,180.30000,182.42000,1731000
1542378600,182.41000,185.07001,181.10001,185.07001,1609700
1542637800,185.24001,186.89000,184.48000,186.82001,1184800
1542724200,185.75000,186.53999,182.80000,183.17000,1223100
1542810600,183.56000,185.70000,182.60001,183.02000,1379300
1542983400,182.53999,183.56000,180.60001,182.42999,330700
1543242600,182.89000,183.30000,180.45000,180.73000,1618800
1543329000,181.14999,182.03999,179.71001,181.73000,1721500
1543415400,181.72000,184.32001,181.02000,184.30000,1299900
1543501800,183.98000,185.56000,182.46001,184.60001,1061600
1543588200,184.89999,186.42999,183.67999,185.69000,3131000
1543847400,186.50000,186.99001,184.07001,186.95000,1597000
1543933800,187.07001,188.62000,184.53999,185.03000,1337100
1544106600,184.35001,190.75999,182.47000,190.59000,2413500
1544193000,189.94000,190.13000,187.37000,188.42000,1472000
1544452200,188.95000,188.95000,183.55000,186.10001,1269900
1544538600,190.25000,191.49001,186.75000,187.45000,1608400
1544625000,188.07001,188.23000,181.80000,182.50000,1688100
1544711400,182.97000,186.10001,182.97000,184.06000,2518100
1544797800,183.62000,184.84000,181.37000,182.66000,1681100
1545057000,182.75999,183.39000,174.38000,174.98000,1691200
1545143400,176.06000,177.69000,173.17000,175.00000,1443500
1545229800,174.92999,175.59000,170.94000,171.95000,1833900
1545316200,171.95000,172.25000,167.74001,168.07001,2304700
1545402600,168.05000,172.13000,164.44000,164.88000,3190500
1545661800,164.88000,165.37000,160.58000,160.66000,1176600
1545834600,160.71001,166.66000,159.77000,166.66000,1542500
1545921000,165.52000,167.36000,162.60001,167.33000,1661600
1546007400,168.87000,170.14999,165.92999,168.10001,1408000
1546266600,168.25999,168.60001,164.98000,167.99001,1225400
1546439400,166.35001,167.28999,163.63000,165.00999,1439900
1546525800,164.34000,167.81000,164.31000,164.87000,1559100
1546612200,165.83000,168.86000,164.17999,167.38000,1056100
1546871400,167.84000,170.64999,167.57001,169.14000,1571100
1546957800,169.80000,173.59000,168.64999,173.17999,1616000
1547044200,173.67000,173.92999,171.80000,173.42000,1022700
1547130600,171.25999,173.92000,170.21001,173.35001,1563400
1547217000,173.17999,173.17999,170.57001,172.35001,1470600
1547476200,171.55000,172.42000,170.19000,170.74001,1093900
1547562600,170.84000,172.88000,170.62000,171.23000,1462900
1547649000,171.22000,173.06000,170.50000,172.89000,1359800
1547735400,172.50999,173.88000,171.35001,173.27000,1183100
1547821800,175.52000,175.52000,172.17000,173.96001,1251700
1548167400,173.89999,174.05000,171.84000,173.25999,1192600
1548253800,173.28999,174.28000,172.39999,174.17000,1299800
1548340200,174.00000,176.02000,173.03999,175.27000,1345400
1548426600,175.81000,177.39999,175.53999,177.11000,1228400
1548685800,176.66000,178.78999,175.55000,178.50000,1432800
1548772200,178.11000,179.52000,177.69000,179.20000,1817200
1548858600,179.23000,182.62000,178.67000,181.25000,2389700
1548945000,181.00000,182.42000,179.59000,182.12000,2544400
1549031400,184.58000,185.22000,176.60001,179.21001,2204400
1549290600,179.00000,181.89999,178.58000,181.87000,1531600
1549377000,182.34000,184.14999,181.12000,184.00000,1322900
1549463400,184.00000,184.97000,182.25000,183.85001,973500
1549549800,182.57001,186.03000,181.38000,185.85001,1579900
1549636200,184.88000,186.44000,183.44000,184.10001,1363600
1549895400,184.00000,185.48000,183.39000,185.30000,1124500
1549981800,185.92999,186.03999,183.61000,184.60001,1905100
1550068200,182.20000,184.50000,181.64000,184.00000,1281200
1550154600,184.05000,184.50999,182.17000,183.75999,1136100
1550241000,184.38000,184.38000,181.89999,183.36000,1727800
1550586600,183.47000,184.06000,181.71001,182.23000,1555700
1550673000,181.75999,181.95000,178.30000,179.22000,1727100
1550759400,178.69000,182.17999,178.50999,182.14999,1617700
1550845800,182.61000,185.22000,182.20000,183.63000,1259100
1551105000,184.37000,184.53999,182.52000,183.30000,1234600
1551191400,183.56000,183.95000,182.42999,183.28000,907300
1551277800,182.59000,182.89999,180.78999,181.24001,1244200
1551364200,181.16000,183.70000,180.21001,181.16000,2336300
1551450600,181.16000,181.49001,173.91000,175.57001,2587600
1551709800,177.38000,177.38000,173.16000,175.31000,1827500
1551796200,175.45000,177.17000,174.98000,176.39999,1259800
1551882600,176.48000,178.11000,176.09000,176.38000,1572400
1551969000,176.17000,177.62000,174.75000,175.39000,1567700
1552055400,175.00000,176.22000,173.38000,174.22000,1440500
1552311000,175.00000,176.00000,173.11000,175.88000,1351500
1552397400,176.28000,178.25000,176.00999,177.92000,1094700
1552483800,179.03999,179.46001,178.05000,178.14000,1111000
1552570200,178.25999,179.98000,177.42999,179.78999,1691700
1552656600,179.37000,180.03999,175.24001,176.09000,2628600
1552915800,176.24001,176.57001,173.56000,174.33000,1345900
1553002200,174.28999,174.92999,172.89999,173.39999,1316200
1553088600,173.55000,175.25000,172.02000,173.94000,1396300
1553175000,173.62000,178.24001,172.22000,178.17999,1445300
1553261400,178.25000,179.97000,177.52000,177.60001,1480100
1553520600,178.19000,178.77000,176.67000,177.98000,739200
1553607000,178.84000,181.38000,177.89000,181.24001,1106400
1553693400,180.44000,181.70000,179.69000,181.11000,1448500
1553779800,181.35001,183.39000,180.64000,183.36000,1249400
1553866200,183.78000,183.92000,181.53999,182.21001,1613400
1554125400,182.67999,183.13000,180.97000,182.92999,1578700
1554211800,182.80000,183.48000,179.96001,183.28999,1253800
1554298200,183.47000,184.21001,181.38000,182.97000,861200
1554384600,183.53999,183.91000,182.37000,183.85001,813600
1554471000,183.86000,185.42000,183.20000,184.80000,762300
1554730200,185.00999,185.59000,183.00999,183.47000,623800
1554816600,183.28000,183.28000,182.03000,182.57001,709500
1554903000,183.69000,184.97000,182.66000,184.92999,707500
1554989400,185.00000,186.39999,183.53999,184.21001,872400
1555075800,184.03999,185.53000,182.33000,185.52000,721000
1555335000,185.99001,186.24001,183.67000,184.50000,651500
1555421400,184.14999,184.32001,176.09000,177.08000,1381500
1555507800,177.66000,178.80000,175.37000,177.44000,1916200
1555594200,177.49001,179.33000,177.27000,178.06000,1018200
1555939800,177.60001,177.60001,171.95000,173.71001,1297000
1556026200,174.58000,177.22000,173.97000,176.61000,982400
1556112600,177.03000,179.25000,176.25000,178.14999,828700
1556199000,177.39000,178.47000,176.11000,177.85001,905500
1556285400,178.42999,179.67000,177.49001,178.61000,834100
1556544600,178.92000,179.89999,175.56000,175.75000,1183000
1556631000,174.89999,175.17000,168.50000,173.70000,2193400
1556717400,173.37000,178.92999,172.25999,177.75000,2256300
1556803800,178.02000,179.30000,177.06000,177.80000,1644600
1556890200,177.64000,180.06000,176.59000,179.41000,1069900
1557149400,178.59000,179.09000,177.32001,178.11000,851900
1557235800,177.66000,178.71001,172.62000,174.03000,2063200
1557322200,173.82001,175.50000,172.62000,172.84000,1013300
1557408600,172.22000,173.98000,170.84000,173.77000,1421700
1557495000,173.77000,175.80000,172.20000,175.21001,1279700
1557754200,173.64999,176.19000,173.60001,175.00000,1068100
1557840600,174.78999,176.34000,173.80000,176.25000,1408400
1557927000,176.42000,177.92999,175.23000,177.00000,906000
1558013400,175.14000,176.67999,174.71001,175.31000,900800
1558099800,173.70000,175.72000,173.38000,174.46001,1799400
1558359000,174.28999,174.53999,169.97000,170.56000,1255400
1558445400,171.13000,173.50999,170.35001,172.80000,1775700
1558531800,172.84000,173.23000,171.30000,171.67999,1540300
1558618200,170.83000,172.44000,169.03000,171.48000,1649700
1558704600,172.05000,172.39000,170.24001,171.33000,1148400
1559050200,171.10001,171.81000,167.99001,168.09000,2642600
1559136600,168.69000,168.69000,163.16000,163.96001,2067200
1559223000,163.96001,165.58000,163.03000,163.05000,1519200
1559309400,162.00999,162.87000,160.70000,162.09000,2379700
1559568600,162.13000,162.61000,159.69000,161.67000,1609700
1559655000,161.67000,163.07001,160.53000,162.11000,1702400
1559741400,163.45000,165.10001,162.69000,164.95000,1169400
1559827800,164.88000,165.07001,162.45000,163.63000,1386700
1559914200,164.89000,165.00000,163.32001,163.39000,872400
1560173400,163.86000,164.17999,160.62000,161.39000,2257800
1560259800,162.10001,163.25000,161.25999,162.67000,1071100
1560346200,163.28999,163.73000,162.02000,162.55000,1069700
1560432600,162.66000,163.82001,161.88000,163.82001,995900
1560519000,163.96001,164.34000,162.58000,162.92000,1175000
1560778200,163.30000,166.98000,162.96001,166.53999,1816500
1560864600,167.72000,168.52000,165.81000,166.13000,1389200
1560951000,165.74001,166.55000,163.03000,165.27000,1212300
1561037400,165.42999,166.19000,162.81000,164.85001,1722700
1561123800,164.81000,164.81000,162.11000,164.09000,2620200
1561383000,164.41000,165.00000,161.62000,162.03000,1353500
1561469400,162.38000,164.13000,161.08000,161.49001,1151000
1561555800,161.50000,162.08000,158.63000,159.27000,1716900
1561642200,159.70000,161.00000,158.67000,159.92999,1199900
1561728600,160.32001,161.30000,159.30000,159.75999,1559200
1561987800,160.67999,161.52000,157.84000,158.64000,1568400
1562074200,159.42000,162.23000,158.60001,161.95000,1557400
1562160600,162.58000,165.16000,162.58000,165.03000,1109700
1562333400,163.78000,164.09000,160.56000,162.96001,959900
1562592600,163.00000,165.21001,163.00000,164.28000,1498500
1562679000,163.98000,165.27000,163.46001,164.53000,2712700
1562765400,165.19000,165.48000,163.28999,163.88000,1555200
1562851800,163.78999,164.86000,161.72000,162.55000,1011400
1562938200,162.81000,163.03000,162.00000,162.25999,844800
1563197400,162.55000,163.91000,162.07001,162.60001,1019700
1563283800,162.30000,163.17999,161.70000,162.02000,1155400
1563370200,162.67999,163.10001,159.58000,160.14000,1109900
1563456600,160.36000,160.36000,158.87000,159.39000,2152500
1563543000,159.47000,160.22000,156.24001,156.44000,1790700
1563802200,156.45000,156.96001,155.03999,155.13000,1602900
1563888600,155.52000,158.39000,155.50999,158.25000,2757700
1563975000,158.92000,159.60001,158.03999,159.17000,1054700
1564061400,158.92000,159.80000,157.21001,158.32001,1149000
1564147800,158.84000,159.41000,156.80000,158.33000,1556600
1564407000,158.78000,160.92999,158.78000,159.64000,1042800
1564493400,159.48000,160.75000,159.45000,160.21001,1385600
1564579800,162.50000,164.46001,160.56000,162.20000,2481600
1564666200,161.00999,161.41000,157.36000,157.48000,2441000
1564752600,157.39000,160.08000,156.75000,159.25000,1113600
1565011800,158.00000,158.89999,152.83000,154.75000,2052700
1565098200,155.05000,155.95000,153.14999,153.46001,1628300
1565184600,153.00000,155.06000,150.80000,153.52000,1792900
1565271000,153.75000,155.39000,152.42000,155.14999,1235500
1565357400,154.95000,155.81000,153.82001,154.95000,1229100
1565616600,154.56000,155.00999,152.20000,153.03999,1413900
1565703000,153.07001,155.72000,152.83000,155.36000,1549300
1565789400,153.95000,154.48000,151.00000,152.12000,2976000
1565875800,150.02000,151.19000,147.21001,147.89000,2882100
1565962200,148.30000,151.19000,147.21001,148.61000,1899200
1566221400,149.10001,150.62000,148.85001,149.96001,1082600
1566307800,150.00999,150.59000,147.44000,147.52000,1295800
1566394200,149.02000,149.95000,146.25000,147.38000,1525600
1566480600,147.50000,149.07001,146.45000,148.70000,1164100
1566567000,148.24001,148.67000,145.50000,146.03000,1747200
1566826200,147.00000,147.60001,146.07001,146.98000,1022300
1566912600,147.98000,148.20000,145.42000,145.47000,1855300
1566999000,145.60001,146.78000,145.45000,146.53999,1220800
1567085400,147.00000,148.74001,146.52000,148.22000,1280500
1567171800,148.88000,149.62000,148.06000,148.94000,1420500
1567517400,148.39999,149.55000,148.10001,149.50999,943600
1567603800,150.21001,150.71001,149.53999,150.14999,1048100
1567690200,149.66000,150.44000,148.31000,150.06000,1055400
1567776600,150.16000,151.61000,150.12000,151.25000,1021900
1568035800,151.60001,158.46001,150.78999,158.21001,2675900
1568122200,157.98000,163.60001,157.73000,161.22000,2190900
1568208600,159.27000,160.46001,156.00000,157.87000,2704700
1568295000,158.25000,158.25999,154.11000,155.27000,2739600
1568381400,156.21001,157.32001,153.72000,153.92999,1481700
1568640600,153.59000,154.49001,152.83000,154.39000,1303600
1568727000,154.67999,154.69000,152.44000,154.17000,989800
1568813400,155.00000,156.52000,154.08000,155.82001,1254000
1568899800,156.07001,156.50000,154.57001,154.62000,982400
1568986200,155.58000,157.87000,155.00999,155.03999,2128200
1569245400,152.42000,156.34000,151.11000,154.95000,1285900
1569331800,154.77000,155.38000,152.73000,154.00000,1110500
1569418200,154.39999,155.46001,153.64000,153.75999,979400
1569504600,154.32001,155.67000,153.75999,155.62000,945000
1569591000,155.97000,158.00000,155.80000,157.96001,1355000
1569850200,157.67999,158.24001,155.52000,155.64999,1255600
1569936600,155.91000,156.89999,151.69000,152.36000,1666000
1570023000,152.28000,152.28000,148.56000,149.17000,2144500
1570109400,149.25000,149.81000,147.46001,147.50000,1993300
1570195800,148.03999,149.00000,146.80000,148.00000,2070300
1570455000,148.00999,149.08000,147.83000,148.22000,1510400
1570541400,147.81000,147.85001,145.50999,145.87000,1605700
1570627800,146.70000,147.03000,145.28000,145.98000,1209400
1570714200,146.20000,147.64999,145.75999,147.19000,1549700
1570800600,147.71001,151.10001,147.30000,148.60001,1295800
1571059800,148.35001,148.82001,146.37000,148.64999,1103200
1571146200,148.57001,149.23000,147.69000,148.89000,1072200
1571232600,148.80000,149.78999,147.82001,148.72000,911600
1571319000,148.62000,149.37000,148.36000,148.81000,902600
1571405400,148.89999,150.35001,147.61000,149.92000,1271100
1571664600,150.32001,153.25999,150.28000,153.17000,1417800
1571751000,153.17000,154.60001,151.77000,154.50999,1211600
1571837400,155.00000,156.30000,154.03000,154.69000,1227100
1571923800,154.69000,154.83000,151.80000,154.44000,1176700
1572010200,154.41000,155.75000,153.45000,155.56000,1171000
1572269400,155.13000,155.64000,152.73000,153.84000,1068200
1572355800,153.62000,155.20000,152.34000,152.87000,1313500
1572442200,154.00000,154.75000,146.66000,151.17999,1885600
1572528600,151.58000,152.42999,149.87000,150.67999,1559000
1572615000,151.73000,154.13000,151.17999,154.10001,1217400
1572877800,153.89999,158.39999,153.37000,158.06000,1810900
1572964200,158.00000,158.37000,155.52000,156.41000,1824200
1573050600,156.47000,157.50000,154.66000,155.08000,1942300
1573137000,155.53999,157.03999,154.94000,155.97000,1585700
1573223400,155.09000,155.87000,153.37000,154.49001,1164600
1573482600,154.12000,155.97000,153.38000,155.42000,1449200
1573569000,155.27000,156.92999,153.37000,153.60001,1514300
1573655400,153.59000,155.45000,153.53999,154.34000,1313100
1573741800,152.00999,154.39000,151.97000,153.57001,1120700
1573828200,153.89000,154.75000,153.02000,154.00000,1034100
1574087400,154.13000,154.45000,153.13000,153.71001,981100
1574173800,153.49001,153.49001,150.38000,150.84000,1124400
1574260200,150.32001,150.69000,145.87000,148.23000,1801400
1574346600,148.10001,148.31000,146.23000,146.50999,1506800
1574433000,147.08000,148.21001,144.52000,147.70000,1224800
1574692200,147.87000,149.83000,147.13000,149.24001,1513100
1574778600,149.75000,151.03000,148.58000,150.74001,2012400
1574865000,150.74001,151.34000,149.50000,151.22000,1088700
1575037800,150.81000,151.59000,150.06000,151.21001,789500
1575297000,151.37000,151.49001,147.87000,148.86000,1820800
1575383400,148.47000,149.10001,146.07001,148.12000,1729200
1575469800,147.14000,149.94000,146.96001,149.14000,1712800
1575556200,149.09000,149.50999,147.39000,148.50000,1379300
1575642600,148.02000,149.78000,148.00000,148.24001,1078400
1575901800,148.48000,150.12000,147.62000,149.78999,1045300
1575988200,149.89999,150.06000,147.97000,149.03999,1896000
1576074600,146.63000,147.44000,144.75999,145.39999,3609200
1576161000,145.58000,146.69000,142.39999,144.00999,3093100
1576247400,145.07001,146.17000,143.28999,144.35001,2403100
1576506600,145.06000,145.61000,142.89999,145.58000,2422300
1576593000,146.00999,146.00999,143.95000,144.66000,2263400
1576679400,143.75000,145.50000,143.75000,144.35001,2007700
1576765800,144.22000,145.44000,143.75000,145.35001,1765100
1576852200,146.27000,146.88000,144.63000,145.49001,2836500
1577111400,145.62000,146.25000,144.30000,144.97000,1429600
1577197800,145.19000,146.22000,144.78999,145.77000,518600
1577370600,146.02000,147.31000,145.99001,146.62000,1043700
1577457000,147.03000,147.98000,146.82001,147.59000,1087200
1577716200,147.60001,148.81000,146.89999,147.59000,1070800
1577802600,147.31000,148.97000,147.00999,148.96001,1473900
1577975400,149.41000,149.75999,144.85001,145.09000,1849300
1578061800,144.28999,145.98000,144.00000,145.35001,1308200
1578321000,145.09000,146.87000,144.49001,146.11000,1026700
1578407400,144.64000,145.49001,143.50999,144.45000,1621600
1578493800,144.91000,146.06000,144.03000,145.39999,1397600
1578580200,144.86000,145.07001,143.36000,144.23000,2236400
1578666600,144.25000,144.95000,143.66000,144.78999,1912800
1578925800,144.57001,146.64999,144.20000,145.28999,2061300
1579012200,145.50999,147.24001,145.14999,147.13000,1584800
1579098600,147.05000,147.75000,146.19000,147.10001,1357000
1579185000,147.35001,149.05000,147.03000,148.53999,1103900
1579271400,148.64999,149.49001,147.60001,147.77000,1436900
1579617000,147.73000,149.89000,147.42999,149.11000,1628800
1579703400,149.30000,149.64999,145.94000,146.00999,1582600
1579789800,145.89999,147.31000,144.42000,147.25000,1561300
1579876200,147.21001,147.80000,144.64000,144.82001,1893300
1580135400,143.75000,143.91000,141.63000,141.63000,2061600
1580221800,141.83000,142.37000,139.95000,139.99001,1422400
1580308200,140.28000,141.37000,139.81000,140.03000,1667500
1580394600,139.03000,139.94000,136.10001,136.45000,2639600
1580481000,136.00000,136.22000,132.86000,133.14999,2920300
1580740200,133.38000,135.80000,132.53000,132.80000,2812300
1580826600,131.58000,139.24001,130.00999,137.28999,5060800
1580913000,137.27000,140.63000,137.25000,140.47000,2811900
1580999400,141.78000,142.64000,140.02000,140.86000,2151300
1581085800,140.32001,141.03999,139.28999,141.02000,1983500
1581345000,142.11000,143.10001,139.83000,143.06000,2893300
1581431400,143.50000,144.30000,139.87000,142.08000,3060400
1581517800,141.99001,142.48000,137.98000,139.17000,4957300
1581604200,136.92999,140.03999,136.50999,138.66000,2557100
1581690600,138.86000,139.27000,137.87000,138.92000,1501100
1582036200,138.96001,139.58000,137.85001,139.17000,1594300
1582122600,138.87000,138.87000,135.42000,137.00999,2267800
1582209000,137.02000,140.53999,136.64999,140.53000,2202300
1582295400,139.85001,142.77000,139.85001,142.25000,3180200
1582554600,140.39000,141.05000,139.37000,140.78000,3097400
1582641000,140.78000,141.03999,134.81000,135.28000,4040700
1582727400,136.34000,137.37000,132.20000,132.23000,2228300
1582813800,130.03999,132.53999,125.02000,125.80000,3834700
1582900200,123.82000,125.89000,119.91000,123.08000,5789400
1583159400,123.45000,127.33000,120.35000,127.22000,3437900
1583245800,127.08000,130.30000,121.14000,122.47000,4913100
1583332200,123.32000,124.44000,120.09000,123.49000,3673600
1583418600,121.40000,121.43000,117.60000,119.90000,3553600
1583505000,116.96000,119.69000,115.05000,119.06000,3613100
1583760600,112.50000,112.53000,103.00000,103.04000,6489400
1583847000,107.00000,112.49000,102.78000,111.44000,6009900
1583933400,108.68000,109.55000,100.00000,101.50000,5926000
1584019800,92.52000,95.74000,82.76000,83.49000,7611300
1584106200,88.85000,91.27000,81.60000,89.77000,7038700
1584365400,78.88000,78.89000,65.32000,65.79000,5743600
1584451800,66.55000,67.47000,53.96000,58.86000,10561600
1584538200,54.50000,55.54000,43.52000,44.92000,12166900
1584624600,46.31000,59.50000,45.50000,55.74000,10392200
1584711000,58.97000,63.41000,46.16000,48.14000,9258400
1584970200,48.50000,52.12000,46.05000,50.16000,10694900
1585056600,54.45000,57.18000,52.56000,54.73000,7401800
1585143000,55.72000,69.54000,54.73000,62.34000,8662200
1585229400,62.69000,65.49000,58.40000,62.10000,8730100
1585315800,60.42000,60.46000,55.70000,58.17000,4837800
1585575000,57.57000,58.00000,54.81000,56.27000,4848900
1585661400,56.61000,57.32000,52.80000,54.86000,6507700
1585747800,50.75000,51.33000,46.00000,47.04000,8728800
1585834200,46.12000,48.48000,42.25000,44.01000,7679000
1585920600,44.21000,47.12000,44.19000,46.72000,6759100
1586179800,50.60000,55.44000,49.96000,54.06000,8207200
1586266200,59.00000,64.34000,59.00000,60.88000,8424900
1586352600,62.00000,65.35000,60.30000,62.91000,6692100
1586439000,66.00000,74.17000,65.91000,68.17000,9095600
1586784600,68.60000,68.92000,62.19000,65.30000,4123200
1586871000,66.11000,69.40000,65.68000,67.75000,5105100
1586957400,63.80000,64.30000,59.80000,61.22000,5168400
1587043800,62.01000,62.34000,52.11000,53.10000,8421600
1587130200,58.36000,61.39000,55.51000,56.12000,9279000
1587389400,54.04000,57.00000,52.24000,53.83000,6498400
1587475800,52.23000,54.97000,51.80000,53.56000,6130100
1587562200,54.89000,55.15000,51.50000,52.46000,5913200
1587648600,52.63000,55.06000,51.41000,53.15000,5861000
1587735000,53.38000,53.64000,48.63000,51.49000,10103600
1587994200,52.25000,58.07000,51.50000,57.19000,7038000
1588080600,60.78000,65.66000,58.73000,63.33000,15427700
1588167000,66.37000,72.58000,66.31000,68.80000,16205700
1588253400,66.42000,68.64000,63.26000,66.77000,8992000
1588339800,63.50000,64.65000,60.59000,63.20000,6430000
1588599000,60.40000,63.51000,59.40000,63.01000,3763600
1588685400,64.94000,66.28000,60.09000,60.55000,5189500
1588771800,60.69000,61.86000,55.25000,55.74000,7686400
1588858200,55.91000,58.78000,55.27000,57.00000,6753600
1588944600,58.64000,60.50000,57.81000,58.02000,8335500
1589203800,57.60000,57.67000,54.91000,55.08000,9361400
1589290200,60.34000,60.54000,54.50000,54.54000,16602200
1589376600,53.20000,54.50000,49.22000,51.17000,13982300
1589463000,50.00000,53.49000,47.25000,51.55000,10654900
1589549400,50.45000,52.14000,49.38000,51.32000,7579200
1589808600,54.85000,57.71000,54.78000,56.91000,9214700
1589895000,57.26000,58.92000,54.16000,56.87000,7025000
1589981400,58.59000,59.36000,54.96000,55.67000,7010000
1590067800,55.56000,57.31000,54.60000,56.00000,6061100
1590154200,56.23000,56.40000,53.88000,54.59000,5301500
1590499800,58.00000,59.52000,56.90000,59.25000,10442100
1590586200,62.55000,63.30000,59.43000,63.19000,9220000
1590672600,63.65000,63.79000,58.86000,59.75000,7862000
1590759000,57.68000,59.38000,56.36000,57.70000,8489700
1591018200,57.31000,61.80000,56.86000,61.60000,6494900
1591104600,62.99000,64.49000,62.44000,63.45000,7797600
1591191000,65.70000,74.79000,65.50000,72.88000,17321700
1591277400,75.12000,77.85000,69.64000,76.73000,17516800
1591363800,83.39000,92.96000,83.36000,88.60000,23237100
1591623000,94.88000,95.56000,89.13000,95.50000,15401100
1591709400,88.00000,90.32000,83.74000,86.47000,12537800
1591795800,87.56000,87.56000,78.00000,83.01000,15585400
1591882200,71.69000,78.65000,70.40000,71.92000,13082500
1591968600,77.75000,78.20000,72.82000,75.98000,10647500
1592227800,71.87000,75.86000,70.82000,74.39000,9850000
1592314200,80.95000,81.29000,74.59000,75.52000,11006200
1592400600,75.31000,75.35000,71.51000,71.67000,8312400
1592487000,70.01000,72.45000,68.58000,70.96000,8103300
1592573400,72.50000,72.51000,67.00000,67.12000,13314800
1592832600,66.35000,68.84000,65.09000,68.55000,6269600
1592919000,69.39000,72.11000,69.38000,70.13000,6921700
1593005400,67.93000,68.17000,62.66000,65.11000,10487700
1593091800,63.29000,66.63000,63.03000,64.94000,7432000
1593178200,63.84000,64.69000,61.45000,61.90000,11016500
1593437400,62.64000,68.18000,61.29000,68.13000,9412900
1593523800,71.36000,71.50000,67.57000,68.38000,10456500
1593610200,69.80000,72.93000,69.24000,69.81000,7979600
1593696600,71.81000,72.96000,68.68000,68.81000,6470600
1594042200,69.72000,70.59000,67.01000,68.93000,6075600
1594128600,67.50000,67.66000,65.56000,65.93000,5294900
1594215000,66.00000,66.80000,64.38000,65.71000,6884900
1594301400,64.25000,64.40000,59.87000,61.02000,9286300
1594387800,60.50000,64.24000,60.31000,63.98000,5824100
1594647000,64.78000,65.14000,62.20000,63.69000,5124300
1594733400,63.08000,63.96000,61.37000,61.93000,5240500
1594819800,64.54000,66.72000,63.83000,66.59000,7163100
1594906200,65.00000,65.61000,62.60000,62.90000,5227200
1594992600,62.79000,63.56000,62.08000,62.40000,4932300
1595251800,62.15000,62.39000,60.12000,60.42000,5644400
1595338200,60.98000,62.38000,60.39000,60.95000,5207900
1595424600,61.06000,62.14000,60.12000,62.03000,4059700
1595511000,61.02000,62.69000,60.61000,61.80000,3274200
1595597400,61.60000,62.28000,60.30000,60.57000,3115400
1595856600,60.47000,61.98000,59.03000,61.96000,4299800
1595943000,61.57000,65.07000,61.35000,64.14000,5328400
1596029400,64.59000,65.63000,62.65000,65.59000,3809600
1596115800,63.50000,64.60000,62.62000,63.62000,3311300
1596202200,63.31000,63.90000,61.50000,62.35000,5134400
1596461400,61.21000,61.79000,59.91000,61.03000,4149800
1596547800,61.23000,63.63000,61.07000,62.99000,4097700
1596634200,63.87000,64.58000,62.27000,62.50000,3380800
1596720600,62.71000,62.71000,61.19000,61.20000,4865100
1596807000,61.18000,62.54000,60.51000,62.19000,6391300
1597066200,65.22000,69.16000,63.82000,65.47000,18253800
1597152600,68.16000,70.99000,66.83000,67.15000,13635300
1597239000,67.80000,68.94000,65.62000,67.83000,6873000
1597325400,67.17000,68.25000,65.73000,66.02000,5499400
1597411800,65.38000,68.45000,65.17000,68.18000,5334300
1597671000,68.35000,68.39000,66.18000,68.18000,4441600
1597757400,67.37000,67.50000,63.88000,65.13000,8189200
1597843800,65.12000,65.64000,63.74000,63.88000,4962300
1597930200,63.33000,65.45000,62.90000,64.87000,4220400
1598016600,64.80000,65.54000,63.90000,64.52000,3014100
1598275800,65.05000,68.52000,63.86000,68.50000,5515800
1598362200,69.36000,70.14000,66.52000,68.65000,5053500
1598448600,68.48000,68.61000,65.75000,66.31000,4363500
1598535000,66.62000,69.10000,66.62000,67.57000,4207400
1598621400,68.10000,69.90000,66.95000,69.84000,3676900
1598880600,69.81000,69.83000,67.44000,67.85000,4089900
1598967000,66.65000,67.88000,65.90000,67.20000,3485200
1599053400,66.64000,68.03000,65.96000,67.84000,3595200
1599139800,68.50000,70.98000,66.87000,68.00000,5310100
1599226200,69.50000,72.48000,68.84000,70.24000,6858400
1599571800,69.46000,70.75000,68.79000,70.05000,3899300
1599658200,69.94000,70.17000,67.96000,68.86000,4332700
1599744600,68.59000,69.83000,66.00000,66.19000,4586200
1599831000,66.44000,66.46000,63.38000,64.15000,5096600
1600090200,65.00000,67.93000,64.53000,67.80000,3529100
1600176600,68.03000,71.83000,67.69000,71.07000,6836300
1600263000,71.03000,75.20000,70.04000,74.12000,8906800
1600349400,71.47000,74.24000,70.88000,71.88000,4973200
1600435800,71.44000,71.90000,69.59000,69.83000,5821500
1600695000,67.07000,67.22000,64.35000,64.87000,7010300
1600781400,65.02000,67.07000,64.75000,65.11000,6154600
1600867800,65.58000,66.80000,62.72000,62.89000,4440600
1600954200,62.05000,64.16000,59.60000,62.83000,5337500
1601040600,62.00000,63.93000,62.00000,63.58000,2601500
1601299800,65.80000,66.54000,64.80000,65.79000,3771800
1601386200,65.33000,65.34000,62.90000,63.99000,3816800
1601472600,64.15000,66.12000,63.70000,64.68000,4188200
1601559000,64.84000,66.56000,64.25000,66.53000,3426200
1601645400,64.13000,68.50000,64.05000,68.20000,5346800
1601904600,68.71000,69.33000,67.42000,68.76000,3688200
1601991000,69.75000,72.63000,69.01000,69.98000,6512200
1602077400,70.32000,72.16000,69.80000,71.03000,4167200
1602163800,70.83000,71.23000,69.40000,70.07000,3721700
1602250200,70.14000,70.35000,67.51000,67.72000,3825400
1602509400,67.64000,68.11000,66.70000,68.02000,3040800
1602595800,66.97000,67.33000,65.47000,65.82000,3705400
1602682200,65.89000,66.54000,65.26000,65.72000,2766800
1602768600,64.71000,66.52000,64.59000,65.12000,2900600
1602855000,65.53000,65.70000,64.15000,64.82000,3939100
1603114200,65.00000,65.35000,63.84000,63.91000,3587400
1603200600,64.89000,66.08000,64.43000,64.46000,2902200
1603287000,64.12000,65.01000,63.34000,64.21000,3137900
1603373400,64.01000,66.54000,63.90000,66.35000,2901400
1603459800,66.75000,67.80000,65.92000,66.88000,3194500
1603719000,66.01000,66.10000,63.87000,64.68000,3852700
1603805400,64.11000,64.58000,61.95000,61.98000,3795000
1603891800,60.27000,61.63000,59.35000,60.76000,6595600
1603978200,60.69000,64.11000,60.17000,63.41000,5851500
1604064600,62.98000,63.62000,60.83000,62.81000,3704500
1604327400,62.96000,64.88000,62.59000,64.71000,3666000
1604413800,65.60000,66.00000,64.40000,64.99000,3552600
1604500200,64.90000,64.91000,62.12000,62.28000,4431700
1604586600,62.93000,64.10000,62.46000,63.47000,3283400
1604673000,63.50000,64.83000,61.64000,61.86000,4872900
1604932200,74.87000,82.50000,73.10000,79.10000,24996200
1605018600,76.70000,84.49000,75.31000,78.84000,14440400
1605105000,77.98000,78.50000,72.52000,73.41000,6844600
1605191400,71.66000,72.63000,68.01000,69.14000,8143000
1605277800,71.63000,75.15000,70.80000,74.70000,7732900
1605537000,79.95000,82.42000,78.85000,78.96000,13224900
1605623400,77.95000,81.33000,76.98000,78.96000,6171800
1605709800,77.87000,81.04000,76.60000,76.61000,7493300
1605796200,75.99000,81.33000,75.49000,80.63000,16282200
1605882600,80.48000,81.79000,79.26000,81.12000,9733700
1606141800,84.75000,86.30000,82.30000,85.41000,10874800
1606228200,88.74000,91.37000,88.42000,88.79000,9742200
1606314600,88.41000,88.88000,86.30000,87.19000,5973300
1606487400,87.96000,88.60000,85.53000,85.55000,2305900
1606746600,85.32000,86.90000,82.40000,82.57000,6987300
1606833000,84.65000,86.29000,83.89000,84.99000,4869700
1606919400,83.73000,87.99000,82.60000,87.25000,4333200
1607005800,87.89000,91.70000,87.29000,89.63000,5490000
1607092200,92.24000,94.36000,90.71000,93.91000,5268500
1607351400,93.70000,93.80000,89.00000,89.37000,6097000
1607437800,89.73000,91.95000,88.50000,90.11000,4603100
1607524200,90.62000,92.16000,89.19000,90.84000,4596400
1607610600,89.12000,90.96000,89.08000,90.44000,3046000
1607697000,89.21000,89.93000,86.29000,87.90000,4907600
1607956200,90.00000,90.18000,86.76000,87.32000,4841400
1608042600,88.44000,89.76000,87.22000,89.74000,5295100
1608129000,88.34000,90.30000,88.13000,88.28000,3371600
1608215400,89.19000,89.23000,87.49000,89.03000,3002000
1608301800,88.74000,89.07000,84.92000,85.43000,6377100
1608561000,83.95000,84.50000,82.25000,83.65000,4629100
1608647400,85.50000,85.56000,82.02000,83.72000,4139900
1608733800,83.34000,85.25000,83.21000,83.65000,2768600
1608820200,84.00000,84.59000,83.05000,84.37000,810700
1609165800,84.53000,86.15000,84.51000,85.48000,3105000
1609252200,85.79000,86.57000,82.94000,83.29000,2281200
1609338600,83.21000,85.55000,83.21000,83.97000,2791400
1609425000,83.52000,85.35000,82.36000,85.28000,2488300
1609770600,85.66000,86.24000,82.06000,82.81000,4299400
1609857000,83.15000,84.32000,82.93000,83.17000,4647900
1609943400,84.00000,86.48000,83.75000,85.07000,8356300
1610029800,85.84000,87.24000,84.51000,85.13000,4227800
1610116200,85.34000,86.50000,83.70000,86.49000,3692500
1610375400,85.54000,85.60000,82.85000,83.14000,3988200
1610461800,83.84000,85.99000,83.21000,85.43000,4103400
1610548200,85.40000,89.28000,85.40000,88.87000,4295600
1610634600,89.42000,95.75000,89.31000,94.95000,7465800
1610721000,94.00000,94.24000,92.33000,93.00000,4006500
1611066600,93.10000,93.78000,90.74000,92.67000,3094500
1611153000,92.33000,96.01000,92.02000,95.29000,3904100
1611239400,94.99000,95.76000,93.70000,94.51000,3059400
1611325800,93.00000,96.00000,92.05000,95.49000,3692700
1611585000,94.66000,100.17000,94.00000,97.48000,5322700
1611671400,98.50000,99.66000,96.64000,99.05000,3720100
1611757800,98.23000,103.50000,96.09000,96.64000,5775900
1611844200,97.24000,99.03000,96.69000,97.51000,3124700
1611930600,97.19000,97.83000,92.11000,92.93000,4517400
1612189800,93.43000,93.60000,90.56000,92.94000,3774100
1612276200,94.11000,94.11000,91.36000,92.46000,2987200
1612362600,92.36000,93.75000,91.02000,93.38000,2986900
1612449000,93.38000,96.24000,93.38000,95.16000,2794000
1612535400,96.41000,97.90000,95.92000,96.75000,2547700
1612794600,97.60000,99.47000,96.66000,98.94000,4464400
1612881000,102.50000,105.01000,101.35000,102.55000,6002200
1612967400,104.39000,108.65000,103.10000,106.22000,4318300
1613053800,108.15000,111.42000,107.25000,109.27000,4696700
1613140200,108.53000,110.64000,107.71000,109.26000,2264400
1613485800,108.94000,111.42000,108.63000,109.98000,3719700
1613572200,109.50000,110.49000,107.10000,108.23000,2752700
1613658600,107.39000,108.64000,105.72000,106.52000,3314300
1613745000,107.42000,109.93000,106.70000,109.43000,3073300
1614004200,108.93000,115.33000,108.93000,112.77000,4256300
1614090600,115.38000,115.94000,110.06000,115.12000,4174400
1614177000,115.04000,121.13000,114.50000,119.00000,4698100
1614263400,119.85000,121.31000,113.65000,114.82000,4935000
1614349800,113.87000,116.46000,111.26000,112.92000,3964400
1614609000,116.20000,117.85000,113.84000,113.92000,3604600
1614695400,113.84000,114.11000,111.34000,111.68000,3371900
1614781800,112.10000,115.73000,112.05000,113.99000,4274600
1614868200,114.03000,115.16000,106.75000,110.11000,5024200
1614954600,111.56000,112.29000,104.12000,111.17000,4576600
1615213800,112.39000,114.97000,111.17000,111.70000,3387300
1615300200,112.20000,112.75000,108.71000,111.00000,2863400
1615386600,110.94000,114.93000,110.69000,114.31000,2989700
1615473000,114.46000,117.02000,113.27000,115.84000,5177900
1615559400,115.75000,118.03000,115.60000,117.85000,2619900
1615815000,118.15000,121.92000,116.85000,121.01000,3816100
1615901400,121.00000,121.11000,116.75000,117.19000,3633300
1615987800,116.82000,118.66000,116.46000,118.24000,2232400
1616074200,117.64000,120.82000,115.63000,116.82000,6079000
1616160600,117.21000,118.46000,114.11000,116.69000,4471200
1616419800,116.51000,116.88000,113.84000,115.25000,2725900
1616506200,114.66000,114.96000,109.52000,110.41000,3682200
1616592600,111.12000,114.28000,109.39000,109.40000,3428000
1616679000,107.81000,114.15000,106.68000,113.64000,3852100
1616765400,114.70000,116.66000,112.21000,114.67000,2674100
1617024600,114.41000,115.24000,110.96000,113.81000,3331400
1617111000,113.98000,116.45000,113.70000,115.39000,2087800
1617197400,114.61000,115.65000,113.47000,113.77000,2507100
1617283800,114.99000,115.35000,112.63000,115.20000,2858600
1617629400,116.00000,116.00000,113.27000,115.05000,2911900
1617715800,114.73000,116.86000,114.51000,116.49000,2500000
1617802200,117.05000,117.71000,115.12000,117.01000,2541100
1617888600,115.06000,115.64000,113.61000,114.33000,2364300
1617975000,114.69000,116.21000,114.04000,115.91000,1669900
1618234200,116.41000,116.87000,113.44000,114.74000,2994200
1618320600,113.70000,114.10000,111.30000,113.38000,3681700
1618407000,113.71000,115.75000,113.56000,113.76000,2657400
1618493400,115.00000,115.56000,113.62000,114.57000,2314100
1618579800,116.51000,118.50000,115.93000,117.12000,3249500
1618839000,116.60000,116.89000,114.95000,116.56000,1753600
1618925400,115.51000,116.42000,113.12000,114.26000,2180100
1619011800,113.97000,117.90000,112.61000,117.63000,2467900
1619098200,117.78000,119.06000,115.57000,115.65000,2591400
1619184600,116.31000,117.12000,115.41000,116.92000,2348000
1619443800,118.90000,121.70000,118.43000,120.17000,3268400
1619530200,120.96000,123.30000,119.46000,122.36000,3301100
1619616600,122.67000,125.42000,122.65000,123.10000,2297900
1619703000,124.27000,125.55000,121.77000,123.33000,2281400
1619789400,122.93000,123.10000,120.93000,121.74000,2751900
1620048600,122.69000,123.83000,121.64000,123.20000,2627800
1620135000,123.04000,123.96000,120.40000,121.36000,2730600
1620221400,120.96000,122.65000,120.34000,120.92000,2454000
1620307800,121.14000,122.98000,120.28000,122.92000,2044200
1620394200,122.33000,125.00000,121.80000,124.94000,2686000
1620653400,125.99000,128.25000,125.64000,126.75000,5105100
1620739800,121.77000,123.97000,119.57000,122.64000,5664400
1620826200,122.64000,123.36000,117.21000,117.62000,3294000
1620912600,117.62000,121.31000,116.53000,117.99000,3583900
1620999000,118.75000,122.95000,118.75000,122.18000,2477500
1621258200,122.00000,123.18000,121.21000,122.24000,1609700
1621344600,122.01000,123.85000,120.72000,122.57000,2552300
1621431000,120.15000,122.32000,118.41000,122.27000,2048800
1621517400,122.03000,123.09000,120.75000,122.57000,1669800
1621603800,122.84000,124.31000,121.95000,122.38000,1854500
1621863000,123.20000,124.98000,122.31000,124.64000,1975800
1621949400,125.00000,126.69000,124.18000,124.40000,1671900
1622035800,124.66000,127.02000,123.80000,126.70000,1765800
1622122200,127.50000,128.72000,127.10000,128.28999,3172100
1622208600,128.83000,129.20000,127.66000,128.49001,1929200
1622554200,129.70000,134.21001,129.70000,134.19000,3726900
1622640600,134.38000,135.50999,132.35001,135.19000,2685700
1622727000,134.38000,134.75000,132.03000,134.06000,2060900
1622813400,134.64999,134.92999,131.62000,132.27000,1952200
1623072600,132.14000,134.25000,131.77000,134.00000,1796900
1623159000,134.61000,136.70000,133.89999,135.71001,2590900
1623245400,136.41000,136.63000,135.31000,135.59000,2075600
1623331800,135.75999,136.57001,132.70000,134.53999,2225700
1623418200,134.70000,134.84000,133.32001,134.23000,1976100
1623677400,134.19000,135.20000,132.09000,133.28000,1474600
1623763800,132.64999,133.61000,130.30000,131.28999,2453700
1623850200,130.98000,132.50999,130.03999,130.73000,1820700
1623936600,130.37000,130.96001,126.05000,128.66000,2784300
1624023000,127.05000,128.21001,125.28000,125.33000,4232300
1624282200,126.92000,131.82001,126.40000,131.50000,2335500
1624368600,131.19000,131.39999,129.23000,130.25000,1971400
1624455000,131.34000,132.99001,130.81000,132.21001,1805300
1624541400,132.80000,132.88000,129.88000,130.62000,2019600
1624627800,131.00999,131.60001,129.85001,131.07001,2322900
1624887000,131.00000,131.03000,128.25000,130.20000,1904200
1624973400,130.61000,132.22000,130.58000,130.99001,2201500
1625059800,130.58000,132.28000,130.25000,130.48000,2720200
1625146200,129.39999,132.89000,129.07001,131.53999,2550400
1625232600,131.44000,132.07001,129.17999,129.63000,1529300
1625578200,129.10001,129.35001,126.08000,127.64000,3143700
1625664600,127.12000,127.31000,124.10000,125.79000,2607600
1625751000,123.50000,126.27000,122.01000,125.09000,2630900
1625837400,127.00000,129.78000,126.68000,129.69000,1790100
1626096600,128.60001,130.78000,128.06000,130.27000,1263300
1626183000,129.58000,130.03999,126.43000,126.61000,1742700
1626269400,126.50000,128.64999,126.15000,127.45000,1556800
1626355800,126.83000,127.81000,125.29000,126.54000,1585200
1626442200,127.62000,127.83000,124.32000,124.50000,1741600
1626701400,120.08000,120.57000,114.72000,117.19000,5454200
1626787800,119.00000,126.15000,118.26000,125.63000,3821600
1626874200,126.83000,129.22000,126.70000,127.93000,2247900
1626960600,127.53000,127.53000,124.41000,125.10000,1709600
1627047000,126.06000,126.66000,122.85000,124.15000,1364500
1627306200,124.00000,127.24000,123.84000,127.03000,1905400
1627392600,126.09000,126.83000,124.85000,125.87000,1960700
1627479000,126.33000,126.91000,123.91000,125.22000,1642100
1627565400,125.97000,128.30000,125.72000,125.92000,1793000
1627651800,126.08000,128.12000,125.50000,126.52000,2194700
1627911000,128.20000,130.84000,126.02000,126.32000,2285100
1627997400,128.99001,130.97000,127.04000,129.53999,3366800
1628083800,130.07001,132.33000,128.25999,128.70000,3112900
1628170200,130.13000,134.75000,129.49001,134.03000,3351300
1628256600,134.56000,136.05000,134.02000,135.20000,2285400
1628515800,134.38000,134.45000,132.71001,132.86000,1652300
1628602200,132.69000,133.53000,131.27000,132.11000,1688300
1628688600,132.95000,134.07001,131.17000,133.50999,1415800
1628775000,133.77000,134.28000,132.25000,133.85001,1832800
1628861400,134.37000,134.84000,133.17999,133.67000,1441200
1629120600,132.80000,133.67000,130.55000,130.97000,1797800
1629207000,129.23000,129.33000,125.93000,128.11000,2164200
1629293400,127.50000,129.66000,126.09000,128.00000,1489400
1629379800,126.04000,129.22000,126.00000,128.46001,1979000
1629466200,127.30000,129.42999,126.61000,128.77000,1701600
1629725400,129.62000,131.10001,128.92999,129.46001,2111900
1629811800,130.41000,132.70000,130.23000,132.56000,1851600
1629898200,132.60001,134.52000,131.63000,132.53999,1746600
1629984600,132.41000,132.74001,130.64000,131.03999,1268800
1630071000,132.58000,135.14999,132.36000,133.69000,1691700
1630330200,133.80000,134.00999,131.92999,133.41000,1428200
1630416600,133.09000,135.20000,132.75999,134.45000,2326600
1630503000,134.45000,136.45000,134.25999,135.81000,1706100
1630589400,136.09000,137.38000,135.39000,136.42000,1859700
1630675800,136.17000,136.17999,134.25000,135.75000,1595800
1631021400,134.96001,135.70000,133.23000,134.58000,1788300
1631107800,132.50000,133.84000,130.77000,132.14000,1695600
1631194200,130.75000,132.14000,129.96001,130.64000,1598800
1631280600,131.27000,131.31000,127.89000,127.90000,1879800
1631539800,129.67000,131.87000,128.35001,131.12000,1843600
1631626200,131.45000,131.99001,128.67999,129.56000,1291700
1631712600,129.48000,131.97000,128.69000,131.14999,1560900
1631799000,131.86000,133.78000,131.14999,132.67000,1297600
1631885400,132.22000,133.30000,131.14999,131.27000,3153700
1632144600,128.16000,130.36000,127.07000,129.52000,2525600
1632231000,130.74001,132.60001,130.35001,130.38000,1616300
1632317400,132.39999,134.89999,131.85001,133.64000,1955500
1632403800,134.50000,136.47000,134.32001,135.12000,2364000
1632490200,134.64999,136.25000,133.82001,133.85001,1362200
1632749400,134.64999,137.24001,134.00999,134.14999,1960700
1632835800,134.08000,135.12000,133.19000,133.71001,1641200
1632922200,134.03000,134.50999,133.20000,133.85001,1086100
1633008600,134.50000,134.50000,129.42000,129.97000,3053500
1633095000,131.56000,134.16000,130.14999,133.14000,2160400
1633354200,132.69000,134.00000,131.59000,132.25000,1487600
1633440600,132.24001,132.27000,130.42000,131.39000,1499700
1633527000,130.27000,132.64999,128.60001,132.61000,2199100
1633613400,133.02000,136.20000,132.95000,134.00999,1798500
1633699800,133.98000,135.10001,131.75999,132.08000,1715200
1633959000,131.75999,133.67999,131.02000,132.62000,1081800
1634045400,132.28000,135.25000,131.33000,134.77000,1324400
1634131800,135.00000,137.56000,134.22000,137.14999,2994100
1634218200,138.25000,139.89999,137.50999,139.33000,2281500
1634304600,140.00000,141.66000,139.33000,140.22000,2443400
1634563800,140.28000,144.78999,139.89999,144.53000,3335500
1634650200,145.00000,145.00999,142.69000,142.84000,1709400
1634736600,142.20000,144.98000,142.07001,144.96001,1543800
1634823000,144.50000,145.03999,143.38000,143.96001,1367500
1634909400,144.78000,145.60001,144.00000,145.14000,1217800
1635168600,145.00000,146.89999,143.75000,146.83000,1537200
1635255000,147.00000,147.77000,145.48000,146.37000,1973700
1635341400,146.35001,146.46001,143.70000,143.92999,1178000
1635427800,144.55000,147.23000,143.84000,147.12000,1627900
1635514200,146.45000,147.74001,145.67999,146.58000,2778300
1635773400,147.41000,149.41000,147.19000,149.36000,2605400
1635859800,157.00000,159.97000,154.45000,158.99001,5642000
1635946200,158.94000,166.78999,158.74001,166.24001,4226300
1636032600,166.44000,167.67000,164.52000,165.71001,2282800
1636119000,168.42999,170.91000,167.27000,170.50000,2501600
1636381800,170.64999,171.00999,166.25999,167.39000,1642700
1636468200,167.32001,167.58000,165.53999,167.49001,1383600
1636554600,166.69000,167.69000,163.78000,163.97000,1824700
1636641000,164.50000,166.31000,163.91000,165.44000,1175700
1636727400,166.25000,166.55000,163.89999,164.80000,1182600
1636986600,165.17000,166.32001,164.23000,166.28999,1677300
1637073000,165.75000,166.28999,164.34000,164.87000,1221100
1637159400,164.23000,167.87000,162.84000,167.49001,1503100
1637245800,169.14000,171.12000,167.37000,169.38000,2459400
1637332200,167.91000,168.48000,165.86000,166.74001,1816500
1637591400,168.13000,170.64999,167.00999,167.99001,2039300
1637677800,167.89000,170.71001,167.20000,169.03000,1392500
1637764200,168.02000,169.24001,166.63000,169.03000,1358800
1637937000,160.32001,162.80000,158.28000,160.48000,2875400
1638196200,163.87000,164.67999,157.44000,159.94000,2890700
1638282600,157.64999,157.81000,151.75000,152.84000,4264900
1638369000,156.56000,158.83000,147.64000,147.72000,3711400
1638455400,149.94000,153.98000,148.37000,151.86000,4506500
1638541800,152.00000,152.78999,147.36000,149.19000,3639600
1638801000,152.13000,155.50999,151.52000,152.60001,2858400
1638887400,155.77000,158.70000,154.95000,156.25000,2650100
1638973800,156.25000,158.44000,155.38000,157.45000,2681300
1639060200,154.94000,155.58000,152.20000,152.24001,1946600
1639146600,153.48000,153.64999,150.03999,152.42000,1378300
1639405800,151.58000,152.07001,147.53999,151.10001,2416900
1639492200,151.09000,152.21001,149.85001,150.92999,2000300
1639578600,151.44000,152.19000,147.21001,152.03999,2121800
1639665000,152.75000,154.84000,151.03999,151.66000,2750900
1639751400,151.50999,152.86000,148.42999,150.73000,4124800
1640010600,147.66000,148.69000,143.63000,146.27000,2665000
1640097000,148.20000,154.89000,148.07001,154.47000,2011200
1640183400,153.91000,156.00999,153.53000,155.53000,1077500
1640269800,156.50000,157.38000,155.25999,155.46001,2259900
1640615400,155.45000,158.48000,154.48000,158.42999,994400
1640701800,157.56000,159.25000,156.75000,157.77000,966400
1640788200,158.00000,159.30000,156.77000,158.75999,953000
1640874600,158.75999,161.87000,158.53999,160.03999,1085400
1640961000,159.99001,161.69000,159.50999,159.77000,1194700
1641220200,160.48000,162.60001,158.87000,160.30000,2128100
1641306600,162.23000,163.88000,161.80000,162.98000,1834100
1641393000,163.86000,165.83000,160.96001,161.03000,2324400
1641479400,161.83000,164.52000,160.75999,163.16000,1715700
1641565800,162.83000,163.89999,161.05000,161.27000,1457100
1641825000,160.30000,160.99001,157.09000,160.88000,1753600
1641911400,160.89999,162.61000,158.07001,161.83000,1267700
1641997800,162.59000,163.64999,161.75999,161.92999,931100
1642084200,162.42999,164.24001,162.25000,162.99001,1246800
1642170600,162.09000,162.09000,152.48000,155.70000,2539700
1642516200,154.28999,154.30000,150.86000,153.89000,2753000
1642602600,154.89000,154.89000,148.53000,148.59000,2198900
1642689000,150.49001,152.75000,147.19000,147.42999,1976000
1642775400,147.14999,147.53999,144.56000,146.96001,2515300
1643034600,142.88000,146.23000,137.75000,146.10001,3755400
1643121000,142.70000,148.96001,140.84000,146.78000,2614100
1643207400,149.11000,151.87000,143.75999,145.58000,2029400
1643293800,147.71001,149.46001,143.10001,143.89000,1810000
1643380200,143.56000,146.44000,139.67000,146.39999,2631400
1643639400,144.86000,147.60001,143.61000,147.20000,2108000
1643725800,147.20000,148.66000,145.03999,147.36000,1510600
1643812200,148.00999,149.98000,146.91000,149.55000,1871200
1643898600,147.97000,149.19000,145.34000,145.56000,1539100
1643985000,144.23000,146.81000,141.75000,145.17999,1934900
1644244200,145.53999,149.80000,144.89000,148.92000,3230700
1644330600,139.81000,144.60001,137.77000,142.03999,4550300
1644417000,143.25000,144.03999,141.45000,143.09000,2604000
1644503400,142.00000,147.50000,141.25999,143.98000,2722300
1644589800,143.85001,146.39000,140.58000,141.83000,2157600
1644849000,141.78999,142.30000,139.06000,139.89999,2070800
1644935400,142.11000,142.89999,140.53999,141.32001,1619900
1645021800,142.03999,144.28999,141.31000,143.86000,1712500
1645108200,143.05000,146.77000,143.02000,143.67000,3546800
1645194600,143.24001,144.11000,140.49001,140.95000,1751100
1645540200,139.99001,140.39000,136.73000,138.05000,2314400
1645626600,139.12000,140.32001,133.42999,134.07001,1978500
1645713000,129.92999,138.17999,129.35001,137.82001,3105900
1645799400,138.64999,140.14999,137.67000,139.70000,1785600
1646058600,137.78999,139.89999,136.56000,137.56000,2381900
1646145000,137.84000,138.34000,133.44000,134.60001,2182100
1646231400,135.92999,139.73000,135.92000,138.77000,2096500
1646317800,140.06000,140.94000,137.56000,139.41000,1890100
1646404200,137.64999,137.91000,133.82001,136.89000,2315100
1646663400,135.84000,135.89000,128.20000,128.27000,3966300
1646749800,128.92000,133.89000,128.10001,131.39000,3123900
1646836200,133.39999,135.32001,132.44000,132.57001,1728000
1646922600,130.02000,132.92999,129.47000,132.61000,1565700
1647009000,134.00999,134.09000,130.00000,130.05000,2548200
1647264600,131.13000,132.53999,126.76000,128.19000,2455800
1647351000,128.60001,130.03000,127.03000,128.88000,1883600
1647437400,131.14000,132.46001,128.28999,131.33000,2550300
1647523800,130.49001,132.41000,129.94000,131.64999,2045100
1647610200,129.63000,131.56000,129.47000,130.84000,4175500
1647869400,131.64999,131.82001,127.97000,129.06000,2679100
1647955800,131.14999,134.45000,130.86000,132.84000,2501100
1648042200,132.07001,132.70000,129.88000,130.00999,1206000
1648128600,130.03000,130.53000,129.05000,130.13000,1473800
1648215000,130.50999,131.17999,129.64000,130.17000,2055800
1648474200,130.81000,131.80000,129.66000,131.75000,1631900
1648560600,133.92999,138.42999,133.59000,138.08000,2468200
1648647000,137.85001,138.64999,134.34000,134.78999,1346200
1648733400,134.63000,135.41000,131.55000,131.56000,2331900
1648819800,132.27000,133.25999,131.25999,133.00000,1572800
1649079000,132.61000,134.89000,131.14999,134.53000,1722800
1649165400,134.50000,135.63000,130.31000,130.58000,1719300
1649251800,130.00000,130.17999,126.27000,127.86000,2327100
1649338200,127.42000,127.52000,123.48000,125.51000,2542700
1649424600,126.09000,128.52000,125.49000,127.47000,1804800
1649683800,127.22000,129.10001,126.33000,126.78000,1084200
1649770200,126.38000,128.92000,125.71000,126.18000,1460000
1649856600,126.00000,128.71001,125.76000,127.58000,1661400
1649943000,128.00000,129.45000,127.69000,127.88000,1788800
1650288600,127.42000,129.11000,127.10000,127.89000,1206700
1650375000,128.77000,131.75000,127.89000,131.32001,1470700
1650461400,131.72000,133.50000,131.03999,132.59000,1645700
1650547800,134.25000,134.80000,130.56000,130.85001,1499600
1650634200,130.84000,130.84000,125.72000,125.88000,1988500
1650893400,125.88000,126.70000,123.93000,126.29000,2053600
1650979800,126.13000,126.96000,124.03000,124.13000,1889200
1651066200,124.60000,125.20000,122.06000,122.13000,2032100
1651152600,122.02000,125.05000,120.82000,124.41000,2313100
1651239000,123.51000,123.98000,117.78000,118.00000,3160500
1651498200,118.68000,119.08000,113.41000,116.84000,2818500
1651584600,117.73000,121.70000,116.25000,120.87000,1894500
1651671000,120.73000,125.18000,119.58000,124.58000,1623900
1651757400,123.70000,124.29000,121.12000,122.34000,2037600
1651843800,121.20000,122.96000,118.64000,121.42000,2366500
1652103000,119.59000,120.78000,117.61000,118.19000,2810200
1652189400,121.14000,125.99000,117.94000,119.07000,3139200
1652275800,118.99000,120.00000,112.78000,113.01000,3323500
1652362200,112.74000,116.28000,111.17000,115.62000,2754300
1652448600,117.00000,117.68000,115.18000,116.78000,2662900
1652707800,116.80000,118.13000,115.50000,116.87000,1564700
1652794200,118.88000,120.92000,118.18000,120.76000,1752000
1652880600,119.32000,119.69000,113.16000,113.67000,2031800
1652967000,112.52000,114.63000,109.91000,110.04000,2629100
1653053400,111.00000,111.20000,105.72000,108.84000,3296800
1653312600,109.81000,110.46000,107.23000,107.77000,1842900
1653399000,107.03000,108.13000,103.46000,107.85000,2605200
1653485400,107.17000,110.27000,106.89000,109.19000,2324700
1653571800,110.00000,112.82000,110.00000,112.03000,2086600
1653658200,112.92000,114.64000,112.41000,113.73000,1436500
1654003800,113.00000,115.29000,112.11000,114.65000,3700300
1654090200,114.98000,115.29000,109.82000,111.17000,2685800
1654176600,110.75000,112.33000,109.87000,112.32000,1531800
1654263000,111.30000,111.61000,109.58000,109.95000,1392500
1654522200,110.75000,111.10000,109.11000,109.62000,1917800
1654608600,108.84000,112.33000,108.56000,112.28000,2546800
1654695000,109.19000,110.29000,107.62000,107.87000,1603500
1654781400,107.30000,107.45000,103.84000,103.87000,2100900
1654867800,102.22000,103.34000,101.22000,101.26000,2792100
1655127000,98.30000,98.75000,95.46000,97.15000,3667000
1655213400,97.25000,98.31000,95.72000,96.51000,2491000
1655299800,97.52000,98.93000,95.97000,97.50000,2597900
1655386200,95.30000,95.73000,93.50000,94.62000,3000200
1655472600,95.64000,97.35000,94.94000,95.69000,3631600
1655818200,97.69000,98.64000,96.47000,96.59000,2221100
1655904600,95.14000,97.72000,94.83000,95.95000,2730400
1655991000,96.09000,97.04000,95.19000,96.70000,2372500
1656077400,97.92000,100.52000,97.49000,99.62000,4455200
1656336600,99.94000,101.44000,98.75000,100.12000,1783300
1656423000,101.43000,102.48000,99.14000,99.25000,1497500
1656509400,98.70000,99.00000,96.42000,97.26000,1866900
1656595800,95.00000,96.43000,93.20000,94.92000,3121400
1656682200,94.35000,95.97000,93.79000,95.68000,1709200
1657027800,95.07000,97.60000,93.51000,97.57000,1907200
1657114200,97.72000,98.47000,96.01000,96.42000,1406000
1657200600,97.04000,98.28000,96.65000,97.88000,1378200
1657287000,98.00000,98.22000,96.18000,97.69000,1423400
1657546200,96.98000,97.51000,95.73000,97.22000,1032400
1657632600,97.20000,99.14000,96.98000,97.60000,1660400
1657719000,96.02000,97.15000,95.04000,95.56000,1821400
1657805400,94.01000,94.89000,93.06000,94.00000,1692000
1657891800,95.92000,96.75000,94.75000,96.36000,2034700
1658151000,97.31000,98.83000,97.30000,98.64000,1727400
1658237400,99.95000,102.56000,99.14000,102.27000,1990100
1658323800,101.83000,104.32000,101.54000,103.45000,2077800
1658410200,102.44000,104.26000,102.00000,104.24000,1552700
1658496600,105.02000,105.38000,103.28000,103.68000,1627800
1658755800,103.71000,104.63000,103.11000,104.03000,1172100
1658842200,103.00000,103.78000,102.06000,102.58000,1376400
1658928600,102.98000,104.61000,102.43000,104.12000,1275700
1659015000,104.92000,107.56000,104.78000,107.46000,1696300
1659101400,107.71000,109.26000,107.46000,108.64000,2460200
1659360600,107.93000,109.20000,107.08000,108.63000,1650100
1659447000,109.88000,110.96000,105.25000,105.48000,2594000
1659533400,106.68000,108.37000,106.59000,106.93000,2241800
1659619800,106.49000,107.41000,104.95000,105.82000,1416100
1659706200,105.19000,106.62000,104.87000,106.50000,1277500
1659965400,107.61000,110.14000,107.61000,108.84000,1645700
1660051800,108.70000,108.89000,107.10000,108.01000,1495700
1660138200,110.51000,111.52000,109.71000,111.38000,1581500
1660224600,112.77000,114.81000,112.70000,114.07000,1948600
1660311000,114.82000,115.99000,114.14000,115.85000,1491100
1660570200,115.23000,115.62000,113.10000,113.25000,1989100
1660656600,112.62000,115.32000,112.62000,114.52000,1567600
1660743000,112.80000,113.62000,111.78000,112.84000,1579800
1660829400,112.84000,113.48000,112.28000,113.33000,1146700
1660915800,112.61000,112.86000,110.26000,111.01000,1459700
1661175000,109.48000,110.00000,105.94000,106.74000,1722100
1661261400,107.15000,108.35000,106.73000,106.84000,1313900
1661347800,106.61000,107.69000,105.92000,106.68000,1070000
1661434200,107.16000,108.27000,106.89000,108.24000,1332100
1661520600,108.50000,108.55000,104.84000,104.85000,1538400
1661779800,103.92000,105.10000,102.95000,103.65000,1771700
1661866200,104.05000,105.05000,103.09000,103.79000,1592700
1661952600,104.38000,104.73000,101.77000,101.98000,2294500
1662039000,101.19000,101.43000,98.75000,101.33000,2114600
1662125400,102.92000,103.76000,100.17000,100.53000,1908300
1662471000,101.35000,101.76000,98.82000,101.04000,1839900
1662557400,101.31000,103.49000,100.91000,103.46000,2056900
1662643800,100.70000,102.59000,99.75000,102.54000,1868000
1662730200,103.45000,104.10000,102.60000,103.77000,1441400
1662989400,104.73000,105.82000,103.84000,105.25000,1668300
1663075800,102.15000,103.10000,100.04000,100.41000,2172100
1663162200,99.89000,100.20000,98.34000,100.03000,1961600
1663248600,100.54000,101.22000,99.40000,99.54000,2019200
1663335000,99.22000,99.80000,97.61000,99.70000,2630700
1663594200,98.31000,100.28000,98.00000,100.28000,1288800
1663680600,99.04000,99.81000,97.89000,98.32000,1525400
1663767000,99.50000,100.03000,95.61000,95.65000,1790000
1663853400,95.59000,95.79000,91.74000,92.18000,2789000
1663939800,90.76000,91.00000,88.54000,90.18000,3334500
1664199000,89.39000,89.48000,86.02000,87.36000,3618400
1664285400,88.40000,89.95000,87.94000,89.03000,2611900
1664371800,90.53000,92.97000,89.40000,92.53000,2864600
1664458200,91.25000,91.42000,88.46000,89.13000,2924900
1664544600,89.65000,90.51000,88.41000,89.75000,3000300
1664803800,91.54000,91.91000,89.11000,90.98000,2247500
1664890200,92.33000,95.93000,92.33000,95.87000,2520100
1664976600,93.27000,96.18000,91.83000,95.77000,2246500
1665063000,95.23000,96.35000,94.16000,94.68000,1596100
1665149400,93.48000,94.31000,92.03000,92.54000,1811700
1665408600,93.44000,94.01000,92.09000,92.53000,1425700
1665495000,92.72000,95.94000,91.33000,94.82000,2178100
1665581400,94.52000,94.75000,92.79000,93.68000,1912200
1665667800,91.82000,96.63000,90.77000,95.83000,1788200
1665754200,97.02000,97.99000,95.14000,95.86000,2161700
1666013400,98.00000,99.93000,97.60000,99.15000,3178200
1666099800,100.15000,101.07000,97.33000,98.66000,2307700
1666186200,97.89000,99.65000,97.25000,98.03000,2128000
1666272600,98.84000,100.94000,98.20000,98.31000,2096500
1666359000,98.12000,101.07000,97.28000,101.04000,2364600
1666618200,101.56000,102.86000,100.03000,102.39000,1470400
1666704600,102.76000,106.27000,102.55000,105.84000,2379000
1666791000,105.74000,106.70000,105.12000,105.53000,1650200
1666877400,106.90000,107.72000,106.19000,106.39000,1463800
1666963800,105.94000,109.11000,105.56000,108.96000,1454000
1667223000,107.86000,109.56000,107.37000,108.98000,2144100
1667309400,110.00000,114.52000,109.46000,113.84000,2451000
1667395800,113.42000,115.35000,111.48000,111.61000,3161100
1667482200,110.19000,113.40000,108.81000,112.58000,1563000
1667568600,114.15000,115.81000,112.62000,115.57000,1588700
1667831400,116.50000,117.15000,114.77000,116.87000,1522100
1667917800,116.86000,117.47000,114.64000,115.42000,1848600
1668004200,114.60000,116.06000,112.56000,112.92000,1740100
1668090600,117.73000,121.29000,117.48000,120.04000,2990900
1668177000,120.11000,121.98000,119.93000,120.20000,1999000
1668436200,118.95000,119.57000,117.51000,117.53000,1551600
1668522600,119.51000,120.93000,118.46000,120.16000,1692200
1668609000,118.99000,119.06000,115.52000,115.59000,1832500
1668695400,113.98000,115.87000,113.46000,115.79000,1817200
1668781800,118.00000,118.48000,116.75000,117.90000,1507700
1669041000,117.14000,118.14000,116.06000,117.18000,1315200
1669127400,117.93000,119.66000,117.47000,119.38000,1541600
1669213800,119.00000,120.18000,118.39000,119.61000,1116000
1669386600,119.97000,120.70000,119.71000,120.70000,548200
1669645800,119.80000,120.11000,115.50000,115.76000,1735800
1669732200,116.12000,117.67000,115.53000,117.46000,1765200
1669818600,117.34000,119.69000,116.43000,119.44000,2503100
1669905000,120.18000,120.80000,117.75000,119.01000,1848600
1669991400,117.61000,120.03000,117.50000,119.34000,1738100
1670250600,118.48000,119.36000,117.38000,117.69000,1455800
1670337000,118.15000,119.05000,116.71000,118.26000,2218400
1670423400,117.61000,120.35000,117.26000,119.05000,2318300
1670509800,118.47000,118.65000,116.55000,117.12000,1976400
1670596200,116.80000,117.56000,116.10000,116.75000,1162600
1670855400,116.75000,118.73000,115.55000,118.62000,1698000
1670941800,120.46000,121.95000,118.67000,120.24000,2386400
1671028200,120.38000,121.81000,118.98000,119.71000,1779900
1671114600,118.31000,118.81000,116.83000,118.21000,1928300
1671201000,116.08000,116.92000,114.85000,116.32000,3919600
1671460200,116.17000,116.83000,114.19000,115.62000,1368100
1671546600,115.00000,116.01000,113.80000,115.66000,1146300
1671633000,117.00000,118.10000,116.27000,116.55000,1335300
1671719400,115.48000,116.44000,114.05000,116.36000,1081600
1671805800,116.18000,117.95000,115.65000,117.91000,680200
1672151400,118.06000,118.53000,117.14000,118.10000,1234200
1672237800,118.34000,118.89000,114.83000,115.06000,983700
1672324200,115.95000,117.66000,115.33000,117.32000,972800
1672410600,116.56000,117.86000,115.72000,117.48000,1265300
1672756200,118.13000,119.18000,116.22000,117.54000,1313800
1672842600,118.82000,122.31000,118.01000,121.16000,1808700
1672929000,119.60000,119.76000,117.17000,117.42000,1390600
1673015400,117.82000,119.53000,117.78000,118.87000,1501000
1673274600,118.83000,119.60000,117.61000,118.32000,1474900
1673361000,117.61000,117.78000,115.44000,116.85000,1329100
1673447400,117.80000,121.63000,117.15000,121.36000,1660600
1673533800,122.00000,126.43000,121.45000,125.99000,2304200
1673620200,124.31000,126.12000,124.17000,125.57000,1560400
1673965800,125.00000,125.62000,124.46000,125.02000,2021200
1674052200,125.61000,125.86000,121.94000,122.25000,1483900
1674138600,121.09000,121.71000,120.04000,120.93000,1274300
1674225000,121.68000,123.85000,120.41000,123.65000,1651900
1674484200,123.86000,125.29000,123.28000,124.97000,1097900
1674570600,124.93000,125.65000,123.20000,125.45000,1353500
1674657000,125.00000,125.54000,124.50000,125.19000,1016900
1674743400,125.95000,126.41000,124.88000,126.33000,1205800
1674829800,126.34000,128.88000,126.15000,128.61000,1480600
1675089000,127.46000,128.85001,125.89000,125.95000,1429900
1675175400,126.13000,128.71001,125.67000,128.46001,3802900
1675261800,127.90000,129.95000,126.88000,128.92999,1467100
1675348200,130.00000,133.08000,129.50999,131.78999,2066900
1675434600,130.00999,130.28999,128.20000,129.81000,1391800
1675693800,128.44000,129.55000,127.78000,128.64000,1379600
1675780200,127.85000,127.85000,123.21000,125.90000,2443100
1675866600,125.10000,125.65000,123.34000,124.24000,1614400
1675953000,125.38000,125.79000,124.02000,124.41000,1750000
1676039400,123.60000,124.65000,122.50000,124.35000,1171500
1676298600,124.50000,125.85000,124.17000,125.78000,1338400
1676385000,125.31000,127.03000,124.49000,125.41000,1387900
1676471400,124.13000,125.55000,123.56000,125.52000,859700
1676557800,124.01000,125.46000,123.37000,124.35000,959500
1676644200,124.09000,124.48000,122.39000,123.66000,1292400
1676989800,122.22000,122.86000,120.06000,120.62000,1612400
1677076200,121.25000,122.08000,120.38000,121.10000,1399500
1677162600,122.28000,123.09000,120.97000,122.30000,1053000
1677249000,120.55000,122.53000,120.29000,121.83000,1047600
1677508200,123.42000,124.14000,121.99000,122.51000,1330200
1677594600,122.57000,124.08000,122.01000,122.09000,2118700
1677681000,122.14000,122.14000,119.35000,121.25000,1655500
1677767400,120.46000,123.01000,120.19000,122.85000,1277700
1677853800,123.76000,124.43000,122.73000,124.08000,1060900
1678113000,124.44000,125.31000,123.52000,123.85000,779000
1678199400,123.78000,124.08000,119.74000,120.61000,1376100
1678285800,120.88000,122.58000,120.85000,122.18000,1244200
1678372200,120.50000,120.60000,117.19000,117.30000,1054200
1678458600,117.00000,117.00000,111.13000,111.50000,2845600
1678714200,109.89000,113.34000,108.55000,111.42000,2279900
1678800600,114.03000,115.49000,111.03000,112.20000,2467000
1678887000,109.93000,110.21000,107.65000,109.69000,2499900
1678973400,108.24000,110.49000,105.79000,109.20000,2496700
1679059800,108.26000,108.26000,104.23000,104.31000,3489000
1679319000,105.23000,107.57000,104.48000,107.12000,2393000
1679405400,108.78000,110.74000,108.68000,109.12000,2114000
1679491800,108.09000,108.53000,104.23000,104.31000,1648900
1679578200,104.70000,105.74000,101.55000,102.38000,2180300
1679664600,101.36000,103.63000,100.32000,103.48000,2022700
1679923800,105.00000,105.20000,102.93000,103.30000,2225600
1680010200,102.93000,104.53000,102.21000,104.15000,1190500
1680096600,105.93000,107.09000,105.46000,106.59000,1580100
1680183000,107.95000,108.50000,106.84000,107.56000,1438800
1680269400,108.21000,112.09000,108.21000,111.97000,3298500
1680528600,112.52000,113.81000,111.05000,112.42000,2154700
1680615000,112.60000,112.74000,110.15000,111.31000,1228000
1680701400,110.53000,111.00000,108.81000,109.95000,1563400
1680787800,110.31000,110.57000,108.73000,109.77000,1145100
1681133400,109.48000,110.24000,107.92000,109.56000,1098800
1681219800,110.41000,111.06000,109.34000,110.16000,1106500
1681306200,111.40000,111.55000,109.34000,109.51000,1317700
1681392600,109.34000,109.51000,107.80000,108.94000,1244500
1681479000,109.57000,110.53000,106.65000,107.56000,1803800
1681738200,108.02000,111.36000,107.92000,111.35000,1464800
1681824600,111.69000,112.06000,110.75000,111.30000,984800
1681911000,110.31000,112.49000,109.98000,112.06000,1070900
1681997400,111.16000,111.57000,109.88000,110.77000,998100
1682083800,111.18000,111.26000,109.79000,110.66000,770400
1682343000,110.78000,110.97000,108.82000,110.23000,854200
1682429400,109.28000,109.87000,108.51000,109.22000,809300
1682515800,109.24000,110.05000,107.63000,108.34000,966400
1682602200,108.67000,111.17000,108.45000,110.60000,970000
1682688600,110.54000,113.66000,110.54000,113.32000,1430200
1682947800,113.00000,114.95000,113.00000,113.49000,1332500
1683034200,112.51000,112.95000,109.64000,112.05000,1700400
1683120600,113.00000,113.00000,107.36000,107.59000,2092300
1683207000,107.40000,108.20000,105.82000,107.85000,1621200
1683293400,109.35000,110.40000,108.58000,109.55000,1340700
1683552600,109.25000,109.72000,107.89000,108.00000,1149600
1683639000,107.30000,107.54000,104.88000,106.49000,1434700
1683725400,107.29000,107.70000,105.05000,106.53000,1364700
1683811800,105.45000,106.62000,104.68000,106.25000,1177900
1683898200,106.42000,106.73000,105.60000,106.35000,1010000
1684157400,106.62000,107.53000,105.89000,106.93000,936200
1684243800,106.88000,107.02000,103.70000,103.73000,1472800
1684330200,104.83000,106.44000,103.84000,106.30000,1212600
1684416600,105.99000,106.70000,104.97000,105.54000,1394400
1684503000,106.52000,107.11000,104.41000,105.36000,1615900
1684762200,105.15000,106.00000,104.38000,105.98000,1338400
1684848600,106.05000,106.79000,104.04000,104.13000,1329900
1684935000,103.50000,103.82000,101.94000,102.16000,1107800
1685021400,102.13000,102.34000,100.17000,101.25000,1391100
1685107800,101.40000,102.58000,100.90000,102.36000,1057500
1685453400,102.98000,103.86000,102.65000,103.51000,1135100
1685539800,103.45000,105.44000,103.22000,105.15000,3061900
1685626200,105.23000,105.34000,102.70000,103.40000,1413000
1685712600,105.06000,107.21000,104.93000,106.51000,1517300
1685971800,106.71000,107.82000,106.37000,106.55000,1145900
1686058200,106.70000,109.60000,106.47000,109.17000,1295500
1686144600,109.99000,113.20000,109.08000,112.70000,1832400
1686231000,110.11000,110.48000,108.24000,109.71000,1295300
1686317400,109.69000,111.01000,109.34000,110.70000,1093700
1686576600,111.00000,111.70000,109.11000,109.96000,1480200
1686663000,110.12000,112.09000,109.70000,110.96000,1530900
1686749400,111.78000,112.45000,109.78000,110.90000,1529800
1686835800,110.48000,110.95000,109.58000,110.92000,1409300
1686922200,112.23000,113.29000,110.86000,112.79000,3047300
1687267800,112.48000,112.48000,110.08000,110.73000,1793000
1687354200,110.24000,111.39000,109.65000,110.73000,1539700
1687440600,110.77000,110.92000,107.73000,109.08000,1167200
1687527000,108.00000,108.64000,106.66000,107.74000,3287400
1687786200,107.56000,111.15000,107.04000,111.07000,1567600
1687872600,111.05000,113.29000,110.34000,113.07000,1348700
1687959000,113.19000,113.28000,111.68000,112.79000,1394400
1688045400,112.32000,114.76000,112.00000,114.76000,1304700
1688131800,116.24000,116.86000,113.96000,115.48000,3148100
1688391000,115.09000,117.73000,114.99000,117.04000,1032700
1688563800,116.35000,119.02000,115.56000,118.21000,1748000
1688650200,117.64000,119.22000,116.68000,119.10000,1855200
1688736600,118.09000,119.56000,117.87000,118.55000,1440200
1688995800,118.68000,121.02000,118.22000,120.95000,1456600
1689082200,121.53000,123.28000,120.88000,123.01000,1649600
1689168600,124.39000,124.64000,122.40000,122.44000,1955300
1689255000,122.42000,122.50000,121.02000,121.84000,1601800
1689341400,121.51000,121.67000,120.28000,121.28000,905600
1689600600,120.31000,121.98000,119.82000,121.65000,1188200
1689687000,121.13000,122.05000,120.69000,121.52000,1325200
1689773400,122.00000,124.16000,121.96000,123.41000,1377900
1689859800,123.34000,123.97000,121.92000,123.75000,1186100
1689946200,124.17000,124.88000,123.45000,123.65000,1131500
1690205400,123.68000,124.85000,123.46000,124.41000,1021300
1690291800,124.92000,125.32000,123.65000,123.69000,1213600
1690378200,123.46000,124.71000,123.05000,124.17000,989200
1690464600,124.97000,125.56000,122.98000,123.00000,1412400
1690551000,124.26000,124.81000,123.55000,124.48000,1069200
1690810200,124.48000,125.54000,123.98000,124.60000,1301400
1690896600,124.44000,125.68000,124.01000,125.44000,1406600
1690983000,124.21000,124.60000,123.46000,124.06000,1107100
1691069400,118.63000,119.68000,114.15000,118.37000,2965500
1691155800,118.79000,120.88000,117.64000,118.29000,1537400
1691415000,118.53000,119.95000,118.36000,119.66000,1048700
1691501400,118.57000,119.60000,117.86000,119.00000,889800
1691587800,118.83000,119.55000,118.11000,118.80000,1002900
1691674200,119.55000,120.43000,118.31000,118.85000,1185300
1691760600,117.84000,119.00000,117.69000,118.87000,884800
1692019800,118.24000,119.54000,118.19000,119.02000,792300
1692106200,117.76000,118.51000,117.03000,117.87000,842300
1692192600,117.92000,117.92000,115.57000,115.61000,1172900
1692279000,115.88000,116.62000,114.09000,114.15000,1193700
1692365400,113.50000,115.94000,113.28000,115.60000,1170300
1692624600,115.53000,116.00000,112.60000,112.72000,1417800
1692711000,113.54000,113.54000,110.82000,110.93000,1753600
1692797400,111.17000,112.37000,110.56000,111.64000,1991700
1692883800,111.62000,112.53000,110.35000,110.66000,1751500
1692970200,110.91000,111.39000,109.91000,110.73000,1080900
1693229400,111.12000,112.75000,111.12000,111.67000,900400
1693315800,111.68000,113.59000,111.00000,113.53000,1085900
1693402200,113.55000,114.32000,112.64000,113.51000,774600
1693488600,113.42000,113.86000,112.79000,113.49000,1573400
1693575000,114.36000,115.21000,114.33000,114.91000,1306000
1693920600,114.80000,115.57000,114.39000,114.94000,2187400
1694007000,114.37000,115.96000,114.25000,115.75000,1921600
1694093400,113.67000,114.86000,113.15000,114.45000,1581900
1694179800,114.45000,114.75000,113.91000,114.62000,1022500
1694439000,114.74000,115.35000,114.11000,114.74000,1349900
1694525400,114.25000,116.08000,114.17000,115.48000,1314000
1694611800,115.52000,115.52000,114.27000,114.77000,1451900
1694698200,115.71000,117.65000,115.51000,117.38000,1627000
1694784600,117.26000,117.35000,116.23000,116.41000,2880800
1695043800,116.33000,116.35000,114.24000,114.25000,1334700
1695130200,114.01000,114.85000,113.54000,114.26000,1130500
1695216600,115.32000,115.99000,113.73000,113.76000,1560600
1695303000,113.06000,113.65000,111.59000,111.64000,2385700
1695389400,111.87000,112.88000,111.36000,111.68000,1585600
1695648600,111.22000,112.66000,110.92000,112.13000,1576500
1695735000,111.03000,111.47000,109.03000,109.15000,2228000
1695821400,109.58000,110.38000,108.08000,108.19000,2376000
1695907800,108.66000,109.07000,107.72000,108.83000,1984000
1695994200,110.15000,110.68000,107.10000,108.03000,2228800
1696253400,107.50000,108.20000,104.28000,104.63000,2077700
1696339800,104.00000,104.45000,102.11000,103.37000,2202500
1696426200,103.87000,104.61000,102.78000,104.44000,1295900
1696512600,104.16000,104.88000,103.60000,104.54000,1083500
1696599000,103.77000,105.35000,102.82000,104.41000,1123800
1696858200,103.69000,105.84000,103.36000,105.44000,882100
1696944600,105.44000,107.02000,105.02000,106.15000,1019100
1697031000,107.11000,108.61000,107.10000,108.33000,1479000
1697117400,108.05000,108.09000,106.80000,107.35000,1604400
1697203800,107.89000,108.02000,106.39000,107.03000,1499600
1697463000,108.00000,108.93000,107.12000,108.33000,1235800
1697549400,107.69000,110.88000,107.69000,110.15000,1470500
1697635800,109.51000,109.68000,108.36000,108.55000,1294700
1697722200,107.99000,109.00000,106.43000,106.50000,1571600
1697808600,106.92000,107.40000,106.08000,106.15000,1506700
1698067800,105.25000,106.68000,104.83000,105.21000,1560600
1698154200,106.15000,107.30000,105.76000,105.97000,1521500
1698240600,105.73000,105.98000,104.76000,104.98000,1465200
1698327000,105.08000,107.19000,105.08000,106.32000,1388500
1698413400,106.67000,106.67000,104.05000,104.54000,1744800
1698672600,105.57000,106.69000,104.24000,105.33000,1458400
1698759000,106.41000,110.10000,104.93000,109.89000,2384200
1698845400,110.99000,112.84000,109.96000,112.49000,2080800
1698931800,114.25000,116.34000,114.07000,115.84000,2049500
1699018200,118.03000,119.82000,117.69000,117.89000,1956400
1699281000,117.84000,117.90000,116.19000,117.08000,1225500
1699367400,116.88000,116.88000,114.45000,115.24000,1661200
1699453800,115.65000,115.96000,114.89000,115.44000,911300
1699540200,115.90000,115.90000,113.42000,113.79000,1204700
1699626600,114.80000,115.54000,113.40000,115.33000,906900
1699885800,114.57000,115.71000,113.46000,115.54000,1321700
1699972200,118.62000,122.53000,118.60000,120.79000,2105700
1700058600,120.50000,121.37000,119.71000,120.54000,1623400
1700145000,120.60000,120.80000,119.72000,120.42000,1271600
1700231400,121.34000,121.78000,120.64000,121.68000,1121300
1700490600,121.61000,122.89000,120.43000,122.75000,1283500
1700577000,122.16000,122.16000,121.09000,121.75000,1213700
1700663400,122.71000,122.71000,120.50000,121.10000,1190200
1700836200,121.20000,121.50000,119.96000,120.84000,767600
1701095400,120.84000,122.19000,119.92000,121.71000,1027500
1701181800,121.50000,122.39000,120.50000,122.10000,1149700
1701268200,123.17000,124.51000,122.58000,122.76000,1151700
1701354600,122.52000,125.09000,122.50000,124.89000,2300500
1701441000,125.04000,128.91000,124.64000,128.82001,1833600
1701700200,128.12000,130.92999,127.60000,130.85001,1920900
1701786600,129.89999,131.02000,129.41000,130.78000,1668700
1701873000,131.39999,132.98000,131.21001,131.73000,1769800
1701959400,130.00000,131.44000,129.08000,131.35001,1983700
1702045800,130.81000,132.91000,130.35001,132.88000,1394100
1702305000,132.50000,134.81000,132.24001,134.78000,1452900
1702391400,134.41000,135.12000,134.17999,134.49001,1330500
1702477800,134.49001,139.61000,133.11000,139.25999,2192300
1702564200,140.71001,146.59000,140.52000,146.58000,2874700
1702650600,145.56000,146.41000,143.42999,144.35001,3723300
1702909800,145.25999,145.25999,143.25999,143.62000,1425900
1702996200,143.91000,145.85001,143.50000,145.16000,1318900
1703082600,145.16000,146.91000,144.03000,144.11000,1215800
1703169000,145.07001,145.19000,141.05000,142.22000,2114000
1703255400,142.39999,143.35001,141.98000,142.30000,1191500
1703601000,142.30000,143.89000,142.00000,143.66000,786300
1703687400,143.86000,144.39000,143.08000,143.67000,1185300
1703773800,143.00000,144.35001,142.83000,144.28000,997500
1703860200,143.69000,144.11000,142.38000,142.64000,1227800
1704205800,141.98000,144.03000,141.00000,143.03000,1162900
1704292200,141.58000,142.00000,139.36000,140.09000,1248500
1704378600,140.03999,141.41000,139.47000,140.25999,1162300
1704465000,139.55000,141.95000,138.75999,140.64999,1187200
1704724200,140.92000,142.50000,140.25999,142.30000,1232800
1704810600,141.00999,142.38000,140.25000,142.14999,897800
1704897000,142.53000,145.30000,142.38000,144.67999,1675700
1704983400,143.78000,145.25000,142.73000,144.38000,1554900
1705069800,145.50000,146.63000,144.44000,146.62000,1641900
1705415400,145.63000,146.52000,144.63000,145.53000,1934700
1705501800,143.63000,145.84000,140.89000,142.12000,1591800
1705588200,142.46001,142.97000,139.91000,141.83000,1214600
1705674600,142.44000,142.53999,140.19000,141.62000,1550500
1705933800,142.83000,143.95000,141.86000,142.02000,1611800
1706020200,142.71001,143.50000,141.09000,142.60001,1138600
1706106600,144.09000,144.12000,140.85001,141.49001,1364600
1706193000,143.50999,143.91000,141.77000,142.83000,1139000
1706279400,143.20000,143.28000,141.73000,141.96001,1010300
1706538600,141.86000,141.86000,140.21001,141.73000,1305400
1706625000,141.28999,141.52000,139.22000,139.24001,2234500
1706711400,139.70000,140.59000,137.59000,138.61000,2292600
1706797800,138.32001,139.42000,136.74001,139.39999,2139500
1706884200,137.38000,138.99001,135.48000,137.94000,2028700
1707143400,136.36000,138.02000,135.14999,136.78999,2333000
1707229800,137.49001,144.75999,137.25000,143.39000,3199700
1707316200,144.00000,144.69000,142.45000,143.44000,1803100
1707402600,143.06000,144.67000,141.78999,144.10001,1226900
1707489000,145.27000,147.37000,144.06000,146.92999,2222400
1707748200,146.99001,147.49001,145.11000,145.70000,1554500
1707834600,142.49001,143.55000,140.30000,143.52000,1567200
1707921000,144.05000,144.42000,141.84000,142.86000,1454000
1708007400,144.16000,148.56000,144.16000,148.00000,1474900
1708093800,146.23000,150.66000,145.87000,149.96001,1792800
1708439400,149.10001,150.25000,147.94000,148.89999,1221900
1708525800,149.14999,150.92000,148.17999,150.28000,1038300
1708612200,150.97000,153.11000,150.00999,151.50999,1658300
1708698600,151.42999,151.75000,150.34000,150.35001,854900
1708957800,150.39000,151.62000,149.50000,149.53000,1108900
1709044200,150.28000,151.87000,149.19000,149.70000,1250900
1709130600,148.99001,151.12000,148.32001,149.86000,1613300
1709217000,151.17000,151.37000,147.17000,148.14000,3365300
1709303400,147.94000,150.70000,146.33000,150.44000,1240500
1709562600,150.44000,152.73000,149.89999,152.41000,1440800
1709649000,151.78000,153.50000,149.49001,149.86000,1696200
1709735400,150.59000,152.74001,150.02000,152.32001,1863300
1709821800,150.99001,151.33000,147.91000,149.70000,1878700
1709908200,150.50999,151.89999,150.10001,150.96001,1044600
1710163800,150.61000,151.67000,148.07001,149.80000,1237500
1710250200,149.80000,151.42000,149.53999,150.60001,2038100
1710336600,150.56000,153.21001,149.91000,151.49001,1161800
1710423000,150.62000,150.89999,147.85001,149.36000,1549900
1710509400,148.28999,151.27000,148.28999,150.77000,2985200
1710768600,151.00000,152.25000,150.63000,151.95000,1152900
1710855000,152.50000,154.21001,152.25000,154.10001,1536300
1710941400,153.20000,155.81000,153.00000,155.39999,1995300
1711027800,156.20000,157.82001,154.83000,155.81000,1451700
1711114200,155.81000,156.07001,151.73000,151.86000,1367000
1711373400,152.64000,153.45000,150.96001,151.06000,1084400
1711459800,151.34000,152.48000,150.66000,150.67000,1475700
1711546200,152.20000,154.36000,151.72000,154.33000,1330000
1711632600,154.78999,156.86000,154.70000,156.49001,1904800
1711978200,156.08000,156.25000,153.00999,153.48000,928800
1712064600,152.25999,152.39000,149.39999,150.03999,1595700
1712151000,150.08000,150.89000,149.39999,149.75000,1253000
1712237400,151.00000,151.75000,147.42000,147.95000,1172800
1712323800,148.02000,150.57001,147.67000,150.14999,918000
1712583000,150.30000,150.66000,149.25999,150.36000,1000000
1712669400,150.50999,151.08000,147.86000,150.19000,1008000
1712755800,146.28000,147.00000,144.56000,145.55000,1474600
1712842200,146.48000,148.20000,144.64999,146.86000,1333600
1712928600,146.14000,146.75000,143.82001,144.81000,1128000
1713187800,146.24001,146.24001,141.36000,142.39000,1237700
1713274200,141.94000,142.07001,139.53999,140.35001,1301600
1713360600,140.96001,142.19000,140.13000,140.94000,1019700
1713447000,141.66000,142.06000,140.00000,140.37000,1046100
1713533400,141.34000,141.50000,139.83000,140.44000,1116100
1713792600,141.00000,143.48000,140.14000,142.41000,984400
1713879000,142.50999,144.47000,142.50999,143.78000,877400
1713965400,143.10001,143.73000,141.62000,142.81000,1110000
1714051800,141.24001,143.72000,140.59000,142.73000,1741000
1714138200,143.05000,144.46001,142.31000,142.36000,1026200
1714397400,143.84000,144.84000,142.70000,144.83000,1111000
1714483800,143.33000,144.50999,140.23000,140.53000,1835400
1714570200,140.34000,142.82001,139.25000,140.17999,1355900
1714656600,141.55000,141.99001,139.31000,141.36000,1829400
1714743000,143.00000,144.47000,141.89000,142.92999,1257400
1715002200,144.28000,145.45000,143.50000,144.44000,1598800
1715088600,146.75999,151.48000,144.74001,147.95000,2682400
1715175000,146.91000,149.03999,146.73000,147.88000,1490800
1715261400,148.53999,150.28000,147.91000,149.13000,1364800
1715347800,149.71001,150.00000,147.60001,147.72000,1305300
1715607000,148.14999,148.72000,146.00000,146.97000,1381700
1715693400,147.55000,149.72000,147.33000,149.53999,1087800
1715779800,151.99001,152.24001,149.95000,150.25000,1005600
1715866200,150.25000,151.48000,148.37000,148.66000,1802200
1715952600,149.64999,149.64999,148.10001,148.78999,1258400
1716211800,148.75999,148.97000,146.11000,146.37000,851700
1716298200,146.20000,148.14000,145.97000,147.97000,1101900
1716384600,147.49001,148.21001,145.63000,146.19000,734400
1716471000,146.28000,146.48000,144.56000,144.66000,1091000
1716557400,146.67999,148.25999,146.00999,147.88000,1410900
1716903000,148.89999,149.42000,146.84000,147.17999,1187200
1716989400,146.06000,147.37000,145.58000,147.10001,1131000
1717075800,148.10001,148.87000,147.50999,148.44000,1088100
1717162200,149.42999,151.49001,148.78999,151.31000,2376200
1717421400,151.35001,152.24001,149.96001,151.60001,1770900
1717507800,151.12000,153.00999,151.12000,152.47000,1208100
1717594200,152.88000,153.50999,151.85001,153.45000,1480600
1717680600,152.81000,154.60001,152.80000,153.78000,1686200
1717767000,150.06000,152.59000,149.44000,151.78999,1776400
1718026200,151.20000,152.75000,150.52000,152.03999,1962400
1718112600,151.24001,151.39000,150.64000,150.78000,2294100
1718199000,154.14999,154.88000,152.83000,153.16000,1818000
1718285400,153.21001,154.50000,151.66000,151.87000,1073400
1718371800,150.75000,151.84000,148.28999,148.83000,1299200
1718631000,148.11000,148.23000,147.06000,147.67000,1211000
1718717400,147.80000,148.56000,146.64000,146.92000,1143100
1718890200,146.46001,147.52000,145.50000,146.24001,1555000
1718976600,146.45000,146.57001,144.89999,146.16000,2538500
1719235800,146.25000,150.67000,146.09000,150.45000,2240800
1719322200,150.32001,150.56000,147.00999,147.87000,1885600
1719408600,147.00999,148.73000,146.28000,147.59000,1674600
1719495000,147.88000,149.98000,147.25999,149.81000,1641300
1719581400,150.77000,152.39000,149.70000,151.80000,3709800
1719840600,150.58000,151.39999,145.88000,146.52000,1452500
1719927000,146.46001,148.41000,146.09000,147.78000,1142300
1720013400,148.53000,149.25000,147.39999,148.25999,619500
1720186200,148.00000,148.10001,145.44000,146.09000,962800
1720445400,146.77000,147.92999,146.33000,146.87000,784300
1720531800,146.64000,149.17999,146.24001,147.57001,1334100
1720618200,148.09000,148.53000,146.50000,148.44000,719800
1720704600,150.62000,151.30000,148.34000,148.80000,1384500
1720791000,149.89999,150.77000,148.28999,149.48000,1140700
1721050200,149.89999,150.20000,148.21001,150.06000,1187400
1721136600,150.83000,151.55000,149.73000,151.50999,1584600
1721223000,150.97000,155.58000,150.97000,154.89999,1794100
1721309400,154.46001,158.19000,152.75999,153.11000,1226600
1721395800,153.94000,154.25000,152.67000,153.45000,993100
1721655000,153.71001,157.95000,153.48000,157.74001,1708700
1721741400,157.00000,158.50000,155.89999,156.82001,1764900
1721827800,156.96001,157.00000,149.67000,149.89000,1905900
1721914200,150.57001,152.38000,148.46001,149.31000,1118100
1722000600,150.28999,153.25000,149.78999,152.45000,1032400
1722259800,152.70000,153.78000,150.95000,152.83000,784900
1722346200,153.34000,155.73000,152.81000,154.81000,964800
1722432600,154.37000,155.89000,153.02000,153.44000,1770100
1722519000,155.00999,156.61000,151.52000,153.44000,1266500
1722605400,152.00000,153.03999,149.58000,151.07001,1432900
1722864600,148.62000,151.80000,145.74001,148.05000,2049300
1722951000,150.11000,156.42000,147.14000,155.53999,1586200
1723037400,156.89000,156.89000,152.63000,152.92000,1569200
1723123800,153.37000,155.50000,153.06000,155.16000,988800
1723210200,155.35001,159.73000,154.70000,158.67000,1477700
1723469400,157.59000,159.67999,151.77000,153.10001,2035700
1723555800,154.33000,156.12000,152.81000,155.92000,1287300
1723642200,155.81000,157.78000,155.39999,156.82001,960200
1723728600,158.00000,161.30000,157.50000,157.86000,1853500
1723815000,158.03999,159.17999,155.86000,156.70000,1422600
1724074200,157.34000,159.92999,156.95000,159.89000,968400
1724160600,160.00000,160.35001,158.34000,159.39999,910200
1724247000,159.61000,161.16000,158.99001,161.14000,882600
1724333400,161.39000,162.46001,160.78999,162.21001,881000
1724419800,162.64999,166.96001,162.42999,166.50000,1325800
1724679000,167.50000,168.09000,166.45000,167.36000,1173600
1724765400,166.31000,169.19000,166.00000,168.05000,1404200
1724851800,168.03999,168.78999,165.92999,167.71001,909900
1724938200,168.00000,168.33000,164.91000,165.50000,1296200
1725024600,166.53999,167.50000,164.98000,167.35001,1747100
1725370200,164.05000,165.78999,162.95000,163.92000,1867200
1725456600,164.00000,166.44000,163.73000,165.08000,1258400
1725543000,166.64000,166.89999,163.87000,164.17999,1013500
1725629400,164.57001,165.32001,162.35001,164.50000,1443600
1725888600,162.09000,162.41000,159.47000,161.92999,1406600
1725975000,162.80000,164.11000,161.13000,163.96001,1155000
1726061400,162.39999,164.16000,160.07001,163.38000,1566600
1726147800,162.00000,164.58000,161.42000,163.74001,1356000
1726234200,164.75000,165.85001,162.61000,164.02000,2512400
1726493400,165.89999,166.80000,164.30000,164.89999,1794000
1726579800,164.92000,166.31000,163.92000,164.35001,1288100
1726666200,164.92000,166.57001,163.50000,164.35001,1786900
1726752600,166.57001,167.42000,164.34000,167.06000,1599300
1726839000,166.42000,167.64000,165.53999,166.55000,6736200
1727098200,166.00000,168.30000,166.00000,168.14999,2274400
1727184600,167.89000,170.87000,167.25000,170.11000,1546700
1727271000,170.23000,170.67999,168.10001,169.10001,1349400
1727357400,169.39000,169.39000,165.88000,166.41000,1085300
1727443800,167.42999,168.73000,166.41000,167.71001,1397200
1727703000,167.08000,169.08000,166.13000,169.02000,1599400
1727789400,169.00000,169.75999,166.32001,169.55000,1327100
1727875800,168.50999,169.74001,167.50000,168.53999,1321400
1727962200,168.20000,168.46001,166.64999,168.35001,1126700
1728048600,168.35001,169.73000,167.07001,169.58000,1211100
1728307800,168.49001,168.69000,166.70000,167.50000,1069300
1728394200,168.32001,168.98000,166.42000,167.23000,1087400
1728480600,166.81000,169.47000,166.14999,169.23000,805300
1728567000,168.21001,169.22000,167.07001,167.83000,741900
1728653400,168.94000,171.50999,168.85001,170.78000,1135400
1728912600,170.31000,172.28000,169.50000,171.67999,888800
1728999000,172.00000,176.70000,172.00000,174.63000,1374000
1729085400,174.71001,175.78999,174.05000,175.03000,1264000
1729171800,174.42999,175.10001,172.88000,174.35001,1070800
1729258200,174.85001,177.08000,173.34000,176.92000,1060400
1729517400,176.28000,176.78999,173.64999,174.21001,1032000
1729603800,174.38000,175.53000,173.55000,174.85001,928100
1729690200,173.53999,175.30000,172.49001,173.82001,908900
1729776600,173.85001,175.25000,172.67000,173.39999,1047200
1729863000,173.75000,174.06000,169.94000,170.52000,954900
1730122200,171.57001,173.92999,171.50000,172.52000,1101500
1730208600,172.02000,172.78000,171.00000,171.98000,857700
1730295000,172.23000,173.58000,171.60001,172.08000,929400
1730381400,170.44000,171.67000,169.03000,169.12000,1794900
1730467800,167.11000,171.38000,166.00000,167.70000,1433600
1730730600,168.58000,172.16000,167.71001,172.16000,1215900
1730817000,171.00000,174.39000,170.92999,174.39000,894600
1730903400,176.30000,178.71001,171.38000,173.61000,1967000
1730989800,174.10001,176.96001,173.80000,175.75000,1278200
1731076200,176.27000,179.46001,176.27000,179.02000,972000
1731335400,178.84000,181.86000,178.50000,181.34000,1491200
1731421800,181.19000,182.84000,178.16000,178.22000,1516500
1731508200,179.38000,181.19000,178.50000,179.17000,1197200
1731594600,179.21001,180.78999,177.88000,178.31000,1187600
1731681000,177.98000,180.85001,176.50000,180.27000,1127500
1731940200,179.25000,181.27000,179.25000,180.85001,1125600
1732026600,179.78000,181.73000,179.12000,181.21001,1160400
1732113000,180.45000,181.32001,179.36000,180.91000,1139300
1732199400,180.97000,182.75999,180.28999,181.80000,883800
1732285800,183.08000,183.96001,180.64999,181.14000,1836500
1732545000,182.14000,182.89999,180.07001,180.11000,4564900
1732631400,180.59000,183.94000,179.99001,183.46001,1358500
1732717800,183.25999,186.00000,183.20000,183.75000,903000
1732890600,184.72000,186.00000,183.60001,183.60001,1291400
1733149800,183.16000,183.17000,180.75000,181.37000,1687800
1733236200,182.72000,182.83000,179.42000,180.63000,1651400
1733322600,181.30000,181.61000,179.28999,181.50999,1128400
1733409000,180.64000,182.80000,180.37000,181.88000,1209300
1733495400,183.00000,183.98000,182.12000,183.84000,1419400
1733754600,181.64999,182.84000,180.28999,182.11000,1638400
1733841000,181.38000,181.38000,178.17000,179.23000,1925500
1733927400,179.23000,179.86000,176.03999,176.63000,1777000
1734013800,176.63000,179.85001,176.53000,177.20000,1509100
1734100200,177.67000,179.82001,176.22000,179.60001,1462400
1734359400,179.35001,182.78000,178.82001,181.92999,1499700
1734445800,180.37000,182.62000,179.73000,179.96001,1681100
1734532200,179.49001,181.25999,171.39999,171.50999,1852100
1734618600,172.59000,174.24001,169.00999,169.25999,2057400
1734705000,171.06000,174.14000,170.33000,171.61000,4887000
1734964200,171.00000,171.75000,169.56000,171.38000,1388500
1735050600,170.89000,173.45000,170.50999,173.35001,441700
1735223400,172.63000,174.39999,172.11000,173.80000,469900
1735309800,172.35001,174.28999,171.32001,172.00999,734400
1735569000,170.07001,171.52000,168.50999,170.87000,852000
1735655400,172.27000,172.57001,170.50000,172.21001,1376100
1735828200,172.50000,174.24001,171.58000,173.53000,1154500
1735914600,174.05000,176.25000,173.62000,176.07001,896900
1736173800,175.16000,175.89999,173.92999,174.41000,2050700
1736260200,174.81000,176.70000,173.16000,174.17000,2317800
1736346600,173.82001,174.99001,172.77000,174.69000,1319700
1736519400,172.36000,174.84000,170.10001,170.96001,2010300
1736778600,170.64000,173.08000,169.84000,172.80000,1257000
1736865000,173.64000,174.71001,172.70000,173.57001,1067900
1736951400,176.61000,176.94000,170.87000,171.75000,1204400
1737037800,172.02000,173.16000,170.74001,172.71001,1195800
1737124200,173.49001,175.72000,172.53999,174.14000,1302400
1737469800,174.00000,176.55000,174.00000,175.96001,1078300
1737556200,175.47000,175.47000,172.60001,172.89999,1517100
1737642600,173.31000,175.00000,172.24001,174.86000,902100
1737729000,174.34000,176.45000,173.96001,174.25000,1050700
1737988200,174.62000,176.91000,174.28999,176.70000,1186100
1738074600,175.89999,177.41000,175.35001,175.62000,786600
1738161000,176.00000,177.16000,172.75000,173.63000,689200
1738247400,175.12000,177.25000,174.48000,175.78999,1093600
1738333800,175.87000,177.11000,173.13000,173.86000,1504200
1738593000,172.11000,174.08000,170.59000,173.41000,1306100
1738679400,171.38000,173.66000,171.38000,173.35001,1041100
1738765800,178.56000,180.55000,175.97000,179.11000,1998200
1738852200,181.35001,181.46001,177.78999,180.17000,1382900
1738938600,180.50999,180.89999,179.28999,179.94000,1082100
1739197800,180.77000,180.92999,178.75000,180.56000,1492000
1739284200,180.34000,184.55000,179.77000,184.38000,2155800
1739370600,180.95000,184.42999,180.95000,183.88000,1395300
1739457000,184.57001,187.10001,183.67000,186.22000,1355200
1739543400,186.86000,188.14000,184.99001,185.05000,998000
1739889000,185.39999,187.00000,184.92999,186.03999,1135200
1739975400,185.50000,186.58000,184.28000,185.92999,783100
1740061800,185.42999,187.49001,185.42999,186.71001,940600
1740148200,187.21001,187.50000,181.78000,183.80000,1367600
1740407400,184.42000,186.17999,183.87000,184.64999,1657000
1740493800,184.80000,186.25000,183.06000,183.80000,1356700
1740580200,184.67999,186.10001,183.19000,184.24001,1078300
1740666600,185.03999,186.10001,182.52000,182.58000,954100
1740753000,183.67999,186.24001,182.31000,186.09000,2573100
1741012200,187.28999,190.14000,186.05000,187.78000,2047200
1741098600,187.53000,187.85001,182.73000,183.58000,2894800
1741185000,182.07001,184.36000,180.82001,183.38000,1772800
1741271400,181.17000,181.63000,174.32001,174.53999,1949500
1741357800,174.32001,175.59000,169.64999,171.10001,1898700
1741613400,168.25000,169.45000,164.07001,165.28999,2140500
1741699800,165.60001,165.97000,160.28999,163.48000,2565500
1741786200,164.46001,167.39000,164.00000,165.83000,2003000
1741872600,165.99001,167.53999,158.22000,159.48000,1832900
1741959000,160.89999,161.22000,158.71001,161.21001,1887500
1742218200,162.25000,167.80000,161.60001,166.86000,2279300
1742304600,166.56000,168.09000,164.56000,164.80000,1340200
1742391000,164.80000,166.00999,162.86000,164.80000,1674500
1742477400,164.63000,165.50000,162.20000,164.45000,1445800
1742563800,163.30000,163.91000,159.91000,162.10001,3094000
1742823000,162.50000,166.42999,161.69000,166.12000,1300500
1742909400,166.28999,168.70000,164.25000,165.75999,1661800
1742995800,166.19000,168.55000,166.19000,168.45000,1630100
1743082200,168.46001,169.56000,165.46001,165.85001,1665700
1743168600,166.89000,167.37000,163.11000,164.28000,1309300
1743427800,163.67000,166.78000,163.58000,166.08000,2409200
1743514200,166.64000,167.50000,163.67999,166.47000,1483200
1743600600,165.82001,170.86000,165.57001,170.41000,1417900
1743687000,163.74001,165.00000,151.88000,153.17999,3770000
1743773400,147.88000,150.71001,142.75000,146.05000,3680100
1744032600,140.00000,150.53000,138.11000,143.34000,3557400
1744119000,148.50999,150.00000,138.53000,140.37000,2703600
1744205400,139.21001,154.24001,136.34000,153.17999,4323400
1744291800,150.00000,152.00000,143.10001,147.69000,2325500
1744378200,146.77000,149.02000,142.30000,148.20000,1713000
1744637400,150.98000,151.89000,148.69000,149.87000,1406900
1744723800,149.60001,151.74001,148.85001,149.37000,1203500
1744810200,149.25000,151.23000,146.84000,148.05000,1435900
1744896600,149.09000,152.07001,148.83000,150.39999,1267300
1745242200,148.30000,148.73000,145.84000,147.20000,1701000
1745328600,149.34000,152.17999,148.00000,150.71001,1495900
1745415000,152.99001,158.30000,152.85001,153.28000,1862300
1745501400,152.64000,157.30000,151.84000,156.20000,1696800
1745587800,156.33000,157.77000,155.53999,156.66000,1421800
1745847000,156.91000,159.02000,156.17999,158.50999,1551700
1745933400,157.17999,158.47000,155.30000,156.80000,1284300
1746019800,155.48000,157.89999,153.16000,157.38000,2279600
1746106200,158.23000,160.85001,157.00000,158.87000,1365700
1746192600,161.12000,162.42999,159.75999,161.77000,1321300
1746451800,160.66000,162.22000,160.31000,160.86000,991100
1746538200,159.78000,161.37000,158.25000,160.17000,1139400
1746624600,160.88000,163.53000,160.57001,161.47000,1629300
1746711000,161.89999,164.37000,160.35001,163.00999,1387000
1746797400,163.35001,165.09000,162.50000,163.19000,1612100
1747056600,169.39999,172.14000,169.31000,171.44000,2804900
1747143000,167.75000,168.00000,160.48000,160.88000,3838100
1747229400,160.85001,161.91000,158.21001,161.17999,2179200
1747315800,161.35001,163.45000,160.94000,163.03000,1279200
1747402200,163.52000,165.44000,162.55000,165.12000,1352600
1747661400,162.78999,165.00000,162.37000,164.49001,1591400
1747747800,163.46001,163.63000,161.87000,162.94000,1661800
1747834200,161.47000,162.00000,157.96001,158.12000,2158200
1747920600,157.98000,159.08000,155.96001,157.95000,1903800
1748007000,156.24001,158.00000,156.05000,156.77000,1268500
1748352600,158.56000,160.86000,157.24001,160.21001,1929600
1748439000,160.21001,161.23000,158.86000,161.21001,1488400
1748525400,161.71001,164.64000,161.22000,163.23000,1337300
1748611800,162.11000,163.28999,161.00000,163.07001,3546200
1748871000,162.13000,162.92999,159.55000,162.91000,1156200
1748957400,162.42000,163.72000,161.28000,161.78000,1651900
1749043800,161.52000,162.45000,160.39000,161.62000,994700
1749130200,161.62000,161.95000,160.42000,160.75000,1065900
1749216600,162.17999,162.75999,160.62000,162.10001,1303800
1749475800,159.69000,161.72000,159.39999,160.42000,1139000
1749562200,160.00000,161.12000,159.25999,160.89000,1328400
1749648600,161.42000,161.89999,159.02000,159.70000,1486300
1749735000,159.32001,159.37000,157.95000,158.78999,1565000
1749821400,157.48000,158.10001,155.44000,156.89999,2090700
1750080600,158.17000,159.72000,157.24001,157.86000,1753200
1750167000,157.77000,158.50999,156.42999,157.13000,1388000
1750253400,157.13000,158.57001,156.25000,157.10001,1476100
1750426200,157.83000,158.87000,156.64999,157.27000,2806500
1750685400,157.59000,159.56000,155.92000,159.08000,1340500
1750771800,159.59000,160.91000,158.78000,160.12000,1559200
1750858200,159.58000,159.98000,157.05000,157.39999,1380400
1750944600,157.95000,160.75000,157.59000,160.60001,1788200
1751031000,160.83000,162.09000,159.49001,160.50000,2029000
1751290200,160.34000,160.92999,158.00000,160.75999,2060200
1751376600,160.34000,165.77000,160.00000,164.27000,1772300
1751463000,164.39000,166.33000,163.16000,165.84000,1589400
1751549400,166.17999,167.81000,165.69000,166.74001,925300
1751895000,165.97000,167.89999,164.23000,165.03999,1277600
1751981400,164.27000,165.53000,163.16000,163.45000,1790400
1752067800,164.62000,164.74001,162.92000,162.92999,1427100
1752154200,162.99001,164.64999,162.75999,163.45000,1061500
1752240600,162.00000,162.42000,160.96001,161.75000,1112300
1752499800,161.33000,162.56000,160.70000,162.42999,1434000
1752586200,162.94000,162.94000,159.33000,159.92999,1532200
1752672600,160.74001,161.91000,159.35001,161.47000,1438900
1752759000,161.69000,163.17999,161.35001,162.73000,1054200
1752845400,162.89999,163.81000,162.05000,162.86000,950800
1753104600,163.09000,164.88000,162.41000,163.75999,1502800
1753191000,163.72000,165.86000,163.42000,165.57001,1654000
1753277400,166.36000,166.77000,165.11000,165.74001,1040600
1753363800,165.35001,166.91000,164.80000,164.96001,1339300
1753450200,165.53000,167.22000,164.27000,167.11000,1374700
1753709400,166.78000,167.52000,165.10001,165.28000,1090200
1753795800,166.88000,168.16000,166.10001,168.08000,1125600
1753882200,168.35001,168.72000,164.34000,165.46001,1085200
1753968600,164.25000,166.00000,163.42999,163.78999,1739400
1754055000,162.95000,163.35001,159.70000,160.67999,2149800
1754314200,161.31000,165.22000,160.50000,163.94000,1847300
1754400600,159.99001,169.56000,159.99001,169.31000,2645200
1754487000,170.00000,171.57001,167.30000,167.53000,1844700
1754573400,168.78999,168.89000,165.10001,166.35001,1399500
1754659800,166.34000,167.21001,164.81000,164.92999,1109100
1754919000,164.50999,165.62000,163.28999,165.20000,1190800
1755005400,166.03000,169.42000,165.37000,169.22000,1242600
1755091800,169.28999,172.88000,169.11000,172.59000,1660300
1755178200,171.45000,172.53000,170.49001,172.19000,1889000
1755264600,172.44000,173.39999,171.22000,173.28000,1581600
1755523800,173.39000,174.11000,172.30000,172.56000,1187900
1755610200,172.59000,176.14000,172.09000,174.88000,1907500
1755696600,175.14999,175.50000,173.47000,174.13000,1017400
1755783000,173.17000,174.19000,172.45000,173.42999,810700
1755869400,174.96001,177.89999,174.08000,176.56000,1313800
1756128600,176.58000,177.44000,175.94000,176.41000,1408400
1756215000,176.37000,177.80000,176.00000,176.83000,2020200
1756301400,176.62000,178.62000,176.39999,178.17000,1754600
1756387800,179.00000,179.53999,177.08000,179.36000,1438700
1756474200,180.00000,180.98000,179.42000,180.66000,1716900
1756819800,177.47000,179.22000,177.00999,178.87000,2825700
1756906200,178.66000,180.25000,177.84000,179.86000,1590500
1756992600,180.82001,181.92000,179.70000,181.52000,2103600
1757079000,182.80000,184.78000,180.81000,182.25000,1829500
1757338200,181.77000,182.92999,180.11000,182.55000,2369300
1757424600,179.45000,180.38000,178.14999,179.39000,1889400
1757511000,178.91000,179.87000,177.99001,179.23000,2223300
1757597400,179.99001,184.16000,179.66000,183.89999,1786300
1757683800,183.89999,184.50000,182.10001,182.47000,1547300
1757943000,182.21001,184.24001,181.25000,183.75999,1570800
1758029400,183.28000,184.07001,181.25000,181.52000,1348600
1758115800,181.53999,184.14999,180.67000,181.56000,1706300
1758202200,182.00000,182.84000,178.67999,180.09000,1898600
1758288600,180.36000,182.31000,180.03999,180.72000,7083300
1758547800,179.74001,181.42999,178.39000,181.14000,1401800
1758634200,180.72000,184.67000,180.62000,184.13000,1386200
1758720600,184.07001,184.67999,182.48000,183.13000,1531200
1758807000,183.09000,183.78000,182.48000,182.61000,1303600
1758893400,182.82001,185.88000,182.22000,185.39000,1368100
1759152600,185.47000,186.34000,184.82001,185.85001,1282600
1759239000,186.17000,188.14000,185.30000,187.67000,1812200
1759325400,187.66000,188.42999,184.39999,185.75999,1836400
1759411800,185.75999,185.78999,183.88000,185.00999,1494100
1759498200,185.19000,187.25000,184.69000,185.23000,1146500
1759757400,184.44000,185.25000,179.14999,179.17000,1568000
1759843800,179.24001,179.72000,177.33000,178.92000,1601000
1759930200,177.83000,178.36000,176.94000,178.23000,1318500
1760016600,178.72000,179.28999,177.48000,178.84000,923300
1760103000,179.61000,180.25000,175.28999,175.30000,1621100
1760362200,176.48000,177.67999,175.55000,176.50000,1124000
1760448600,176.24001,176.53999,174.64999,175.83000,1528600
1760535000,176.73000,179.17000,176.63000,178.36000,1409400
1760621400,178.56000,179.35001,176.07001,176.74001,1069200
1760707800,176.42999,178.74001,176.36000,178.09000,1045500
1760967000,178.63000,179.44000,177.17000,178.47000,685200
1761053400,178.64999,180.67000,178.07001,178.72000,1073300
1761139800,180.02000,181.06000,178.82001,179.98000,919800
1761226200,179.89999,180.61000,178.00000,178.71001,1168200
1761312600,179.50999,179.84000,178.05000,178.09000,1229500
1761571800,178.53000,179.95000,177.72000,179.78000,1005000
1761658200,179.35001,179.35001,176.61000,176.77000,962300
1761744600,175.69000,176.58000,172.39000,173.64000,2293400
1761831000,174.02000,175.66000,173.12000,173.35001,1571500
1761917400,173.57001,176.46001,172.19000,175.75999,1912300
1762180200,174.46001,177.70000,173.80000,176.67000,1965500
1762266600,178.06000,185.02000,178.06000,182.59000,2382100
1762353000,182.86000,184.13000,181.35001,181.39999,1809900
1762439400,181.53999,182.56000,179.78999,180.74001,1099500
1762525800,181.45000,183.69000,180.70000,183.60001,1040800
1762785000,184.38000,184.82001,182.30000,182.94000,1282300
1762871400,183.86000,185.67999,183.86000,185.00000,1251700
1762957800,184.34000,185.37000,183.77000,183.81000,1480000
1763044200,183.00000,185.14000,182.78000,183.61000,1467800
1763130600,183.83000,184.07001,181.48000,182.73000,792100
1763389800,183.63000,183.63000,179.86000,180.99001,1418200
1763476200,180.27000,182.16000,179.78000,181.92999,945400
1763562600,182.12000,182.59000,180.10001,180.13000,1132400
1763649000,182.70000,184.13000,179.92000,180.07001,1184700
1763735400,180.70000,183.47000,180.31000,183.08000,1331500
1763994600,183.08000,183.49001,181.46001,182.66000,1425900
1764081000,183.42999,186.70000,183.19000,185.13000,1368100
1764167400,184.58000,186.91000,184.58000,185.56000,1180100
1764340200,185.06000,187.20000,184.42000,186.32001,506300
1764599400,185.00000,186.25000,184.66000,185.14000,1073300
1764685800,185.57001,185.87000,181.35001,182.17000,1242700
1764772200,182.50000,183.63000,182.27000,182.30000,1791700
1764858600,182.22000,183.92000,182.17000,183.32001,1285800
1764945000,182.69000,183.72000,182.14999,182.56000,1642400
1765204200,182.25000,183.13000,179.95000,180.07001,1840000
1765290600,180.52000,182.36000,180.46001,181.05000,1522600
1765377000,179.33000,183.20000,179.25999,181.64999,2038500
1765463400,182.30000,183.00000,181.14999,181.85001,1451500
1765549800,182.53999,183.44000,181.64000,182.02000,1239800
1765809000,182.64999,184.36000,182.25999,184.17000,1498900
1765895400,184.71001,184.86000,182.25000,182.53000,1583400
1765981800,182.98000,184.85001,182.39999,184.22000,1442600
1766068200,184.99001,187.08000,183.55000,185.07001,1144300
1766154600,185.03000,185.52000,183.95000,184.92999,4492200
1766413800,184.17000,186.97000,183.63000,186.66000,1160900
1766500200,186.55000,187.74001,185.77000,187.60001,937900
1766586600,188.16000,189.05000,187.89000,188.28999,437200
1766759400,188.32001,188.91000,186.39999,187.71001,492000
1767018600,188.53000,188.71001,187.09000,187.62000,746400
1767105000,187.41000,187.95000,186.24001,186.83000,768400
1767191400,186.67000,187.00000,185.05000,185.11000,1096500
1767364200,184.47000,185.86000,182.88000,183.97000,987600
1767623400,183.06000,185.20000,183.06000,183.11000,1480600
1767709800,182.14999,186.97000,182.00000,186.30000,1204000
1767796200,186.64999,187.70000,183.91000,183.95000,1203600
1767882600,183.36000,187.44000,183.36000,184.98000,1630900
1767969000,184.72000,186.03000,184.13000,184.69000,1169300
1768228200,184.21001,185.12000,183.11000,184.83000,1344200
1768314600,184.86000,185.92000,182.77000,184.38000,1369000
1768401000,184.17000,186.08000,182.25999,185.72000,1886100
1768487400,186.95000,186.95000,181.35001,182.31000,2103900
1768573800,181.59000,185.11000,180.17000,184.92000,1707200
1768919400,185.86000,185.86000,183.30000,184.32001,3051300
1769005800,185.78999,186.46001,184.56000,185.17000,2352300
1769092200,184.91000,187.92999,183.87000,185.10001,1440400
1769178600,184.57001,185.75999,183.60001,184.73000,833500
1769437800,185.19000,185.99001,183.73000,185.33000,976900
1769524200,185.48000,185.77000,183.16000,184.56000,1021700
1769610600,184.75000,185.75000,183.36000,183.75999,1326400
1769697000,185.33000,189.80000,183.74001,189.80000,1687300
1769783400,189.85001,192.25000,189.28000,191.31000,3019700
1770042600,191.92000,193.50000,190.62000,191.22000,2151400
1770129000,190.53999,191.53999,186.20000,189.42000,2276900
1770215400,190.38000,196.59000,190.22000,195.59000,1989100
1770301800,196.56000,197.92999,194.39000,197.25999,1877600
1770388200,199.99001,201.39999,197.83000,199.60001,2322300
1770647400,199.63000,200.00000,196.50999,196.57001,1384700
1770733800,197.19000,198.62000,195.17000,196.30000,1693200
1770820200,195.99001,196.84000,193.88000,194.77000,1354400
1770906600,194.39000,197.34000,191.39999,191.42999,2334400
1770993000,194.00000,198.09000,191.19000,196.83000,1873500
1771338600,197.10001,202.09000,196.81000,202.00999,1761200
1771425000,201.71001,203.00000,198.75000,199.63000,1687900
1771511400,199.21001,201.24001,198.83000,199.72000,1203100
1771597800,200.08000,202.80000,199.00000,201.70000,1420300
1771857000,202.08000,203.60001,199.78999,200.07001,1356400
1771943400,200.21001,201.41000,198.27000,199.38000,1137900
1772029800,199.89000,201.48000,198.50999,200.99001,1144700
1772116200,201.86000,204.05000,201.53000,202.60001,1103200
1772202600,203.23000,205.12000,202.45000,203.85001,2113500
1772461800,202.48000,204.49001,200.39999,203.16000,1547500
1772548200,200.06000,203.27000,197.32001,201.95000,1507800
1772634600,201.61000,203.89999,201.61000,203.10001,1121700
1772721000,201.50000,202.45000,199.70000,201.03000,1505500
1772807400,199.06000,200.00000,193.45000,194.83000,1766200
1773063000,192.00000,193.23000,187.11000,192.83000,2370900
1773149400,190.11000,194.67000,189.52000,192.07001,1596600
1773235800,189.59000,191.03999,188.35001,189.56000,1605800
1773322200,188.22000,188.39000,185.77000,187.57001,2192000
1773408600,189.42000,190.00000,186.37000,186.82001,1404100
1773667800,189.70000,190.78999,188.22000,189.33000,1327600
1773754200,191.47000,191.91000,190.08000,190.53000,1380600
1773840600,190.97000,192.21001,189.77000,189.89999,1732500
1773927000,189.50000,192.22000,189.50000,191.31000,1257500
1774013400,191.71001,191.94000,183.21001,184.52000,3861000
1774272600,185.95000,186.66000,181.36000,181.49001,2550600
1774359000,180.28999,182.06000,177.88000,178.27000,3100000
1774445400,179.21001,183.31000,179.05000,181.57001,1749800
1774531800,181.16000,182.83000,181.03000,181.80000,1478400
1774618200,180.89999,182.14000,179.14000,180.19000,1991400
1774877400,182.16000,184.25000,181.75999,182.35001,1822700
1774963800,184.75999,187.52000,183.30000,186.53000,2296000
1775050200,186.66000,188.80000,186.02000,188.09000,1988700
1775136600,187.50000,189.25000,186.07001,188.67000,1299900
1775482200,188.47000,190.62000,187.23000,190.23000,1031300
1775568600,190.09000,191.08000,188.75000,190.57001,883700
1775655000,192.62000,195.22000,192.50999,194.03999,1547800
1775741400,193.74001,199.63000,193.50000,198.97000,1226700
1775827800,199.39000,200.63000,198.33000,200.57001,1107600
1776087000,200.60001,200.75999,197.38000,200.71001,1372200
1776173400,200.48000,203.05000,199.94000,202.96001,2263800
1776259800,202.45000,202.52000,199.14000,201.61000,1267200
1776346200,201.27000,203.28999,200.89999,201.35001,1436000
1776432600,202.10001,206.73000,201.37000,206.23000,1345900
1776691800,205.33000,208.20000,205.09000,207.56000,992900
1776778200,207.07001,208.28000,204.64999,204.75999,1365400
1776864600,205.39999,205.66000,201.39000,201.67999,1186100
1776951000,202.71001,204.58000,201.75999,203.66000,806500
1777037400,203.14999,203.67999,200.64999,201.16000,1045900
1777296600,200.56000,202.05000,198.89999,201.28999,1399000
1777383000,203.25999,204.00000,200.63000,202.75000,1410100
1777469400,202.00000,203.17999,198.41000,200.09000,1049800
1777555800,200.36000,203.95000,199.92999,203.71001,1394400
1777642200,203.82001,203.82001,201.39000,202.44000,1014400
1777901400,201.41000,202.74001,200.42000,201.50999,850600
1777987800,202.19000,203.45000,201.78999,202.31000,967600
1778074200,203.73000,206.24001,203.16000,205.50999,1129900
1778160600,205.24001,206.02000,200.80000,201.39999,1409500
1778247000,202.23000,203.74001,201.67000,202.12000,1081600
1778506200,202.75000,203.39000,200.00000,201.00000,1895700
1778592600,205.22000,206.46001,202.74001,205.66000,2019700
1778679000,205.28999,205.28999,200.22000,200.56000,1310200
1778765400,200.56000,203.25999,199.00000,202.80000,1430600
1778851800,202.28000,202.28000,199.50000,200.02000,2152000
1779111000,200.06000,201.53000,199.41000,200.42000,1815000
1779197400,200.63000,202.19000,198.64000,200.86000,1402300
1779283800,201.49001,204.36000,199.97000,204.10001,1152200
1779370200,203.11000,205.53000,200.92000,204.89999,1143300
1779456600,206.31000,206.31000,203.46001,204.41000,1152000
1779802200,205.27000,207.14999,204.60001,206.94000,1257600
1779888600,207.24001,208.78999,206.63000,206.77000,1253200
1779975000,205.96001,207.53999,204.70000,206.77000,1339400
1780061400,206.45000,206.99001,203.89000,204.91000,3950300
1780320600,203.66000,204.80000,202.20000,202.70000,1641300
1780407000,202.70000,205.39000,202.25999,203.53000,2009200
1780493400,202.83000,205.19000,202.30000,203.55000,2117000
1780579800,206.10001,206.52000,204.50000,206.22000,1512900
1780666200,205.48000,211.23000,205.23000,210.31000,1406500
1780925400,211.14000,211.67999,206.10001,207.34000,2092200
1781011800,206.88000,213.08000,205.17999,211.89000,2212500
1781098200,212.53999,214.63000,211.00999,212.82001,2005700
1781184600,215.00000,216.28000,213.62000,214.86000,1897200
1781271000,216.99001,220.44000,216.50000,219.03999,1965400
1781530200,219.03999,219.87000,214.44000,215.66000,2222700
1781616600,215.82001,217.48000,214.09000,215.23000,3243000
1781703000,214.57001,215.81000,208.71001,209.86000,3717400
1781789400,214.03999,214.30000,211.28999,211.33000,3655400
1782135000,212.61000,214.67000,212.00000,214.57001,2916700
1782221400,215.03999,217.71001,214.19000,216.74001,2595400
1782307800,216.92999,222.39999,216.03999,222.14999,2471700
1782394200,222.12000,226.44000,221.80000,225.49001,2932200
1782480600,226.89999,228.58000,225.55000,226.89000,8719600
1782739800,226.24001,228.09000,225.28000,227.56000,1870500
1782826200,225.42999,226.28000,222.53999,223.64999,2387800
1782912600,221.36000,223.17000,220.03999,223.00000,2551000
1782999000,224.00000,226.12000,223.08000,226.06000,1683100
1783344600,225.64999,225.86000,223.45000,225.00000,2216300
1783431000,226.07001,229.59000,225.00000,227.19000,1410200
1783517400,226.20000,226.84000,219.03000,219.09000,1902600
1783603800,219.27000,222.25000,218.32001,219.71001,1694900
1783690200,221.13000,221.41000,212.82001,218.77000,2424100
1783949400,218.27000,221.62000,218.05000,219.49001,1248800
1784035800,220.96001,222.00000,219.64000,221.28000,1611300
1784122200,222.78999,224.14000,220.80000,222.00999,1490800
1784208600,223.00000,228.61000,222.80000,228.49001,1318500
1784295000,229.05000,231.53000,226.87000,228.70000,1407900
1784554200,229.14999,230.88000,227.25000,228.19000,1500900
1784640600,229.91000,230.00000,226.25999,226.78999,1908000
1784727000,227.14999,227.80000,225.32001,226.22000,1170100
1784813400,225.38000,227.78999,224.22000,225.20000,1255400
1784899800,226.47000,229.85001,225.83000,229.78000,983800
1785159000,229.66000,231.73000,229.36000,231.67000,896900
1785245400,234.95000,237.89000,234.07001,236.70000,1717400
1785331800,236.74001,238.50000,234.46001,235.61000,1375200
1785418200,235.00000,235.27000,229.03000,230.44000,1244800
1785504600,231.34000,231.87000,228.62000,229.37000,1383300
1785763800,230.28000,231.42000,227.87000,229.16000,1308300
1785850200,227.60001,228.50000,224.03000,225.89999,1960900
1785936600,226.28999,226.28999,222.27000,224.81000,2227300
1786023000,226.61000,226.61000,221.07001,221.83000,1390400
1786109400,221.75999,223.08000,219.56000,222.91000,1318400
1786368600,221.14999,223.42000,218.33000,220.55000,1244800
1786455000,220.27000,223.53000,219.06000,219.53000,1877200
1786541400,221.48000,221.48000,218.91000,220.56000,1582900
1786627800,222.09000,223.63000,221.20000,221.47000,1089600
1786714200,221.17000,222.39000,218.89999,219.58000,976200
1786973400,218.48000,221.73000,217.62000,221.67000,1125700
1787059800,223.14999,223.30000,220.55000,220.61000,820100
1787146200,222.03999,223.66000,221.67999,223.17999,916900
1787232600,222.08000,223.00999,219.83000,219.89999,1140100
1787319000,220.00999,220.28999,217.28999,218.28999,1040100
1787578200,219.34000,221.72000,218.32001,220.73000,1015300
1787664600,221.33000,221.33000,218.80000,218.99001,843400
1787751000,219.00000,219.24001,216.88000,217.11000,993000
1787837400,215.45000,216.22000,214.17999,214.89000,1327500
1787923800,215.91000,216.64999,214.28000,214.56000,852700
