time,open,high,low,close,tick_volume
1472477400,74.79000,75.65000,74.50000,75.22000,2021900
1472563800,74.40000,75.79000,73.84000,74.20000,3899200
1472650200,74.13000,75.24000,73.90000,74.86000,2113900
1472736600,74.79000,75.19000,74.21000,75.09000,2094400
1472823000,75.25000,75.43000,74.21000,74.62000,1508800
1473168600,74.29000,74.52000,72.25000,73.01000,4263600
1473255000,73.18000,73.77000,71.57000,72.05000,3401000
1473341400,71.93000,71.94000,70.84000,71.43000,3039400
1473427800,70.51000,70.69000,66.06000,66.76000,7590700
1473687000,66.00000,68.58000,65.76000,68.34000,4484100
1473773400,68.50000,70.45000,68.25000,69.36000,4815800
1473859800,69.73000,72.43000,69.51000,72.40000,5304900
1473946200,73.00000,77.25000,72.98000,77.02000,7839200
1474032600,77.15000,77.24000,75.00000,76.07000,5447700
1474291800,76.74000,77.88000,75.79000,76.09000,2554500
1474378200,76.30000,76.36000,75.02000,75.72000,2729000
1474464600,76.19000,77.00000,75.70000,76.74000,2552400
1474551000,77.28000,77.44000,76.37000,76.90000,1736500
1474637400,76.68000,76.91000,74.06000,74.77000,3570300
1474896600,73.94000,74.42000,72.73000,72.82000,3044600
1474983000,72.95000,73.97000,72.35000,73.92000,2408600
1475069400,74.84000,75.64000,73.85000,74.27000,1938100
1475155800,73.79000,74.43000,72.06000,73.26000,3419800
1475242200,73.91000,76.32000,73.88000,76.14000,4110200
1475501400,75.76000,76.77000,75.16000,75.33000,2286000
1475587800,75.40000,77.17000,75.40000,76.59000,2962000
1475674200,77.15000,78.19000,76.81000,77.75000,2111300
1475760600,78.18000,79.42000,77.71000,79.34000,2603900
1475847000,79.36000,79.57000,77.63000,79.37000,2984800
1476106200,79.78000,81.19000,79.61000,80.15000,2327500
1476192600,80.71000,82.28000,78.66000,79.43000,5012700
1476279000,79.46000,79.51000,78.15000,78.82000,2056100
1476365400,77.98000,78.03000,76.20000,77.41000,2204700
1476451800,77.86000,79.49000,77.44000,77.63000,2067900
1476711000,77.63000,78.14000,76.48000,76.70000,1726900
1476797400,78.10000,78.37000,77.53000,77.65000,1112200
1476883800,77.19000,78.03000,76.77000,77.91000,1071900
1476970200,77.72000,78.50000,77.05000,78.09000,1264700
1477056600,77.75000,78.09000,76.87000,77.47000,1900500
1477315800,78.01000,79.19000,78.01000,78.49000,1728000
1477402200,78.18000,79.14000,77.91000,78.08000,1669600
1477488600,77.44000,78.69000,77.19000,77.54000,2190400
1477575000,78.18000,78.58000,77.05000,77.26000,1460700
1477661400,77.91000,77.99000,75.62000,75.72000,2715600
1477920600,75.95000,77.26000,75.02000,76.94000,1886400
1478007000,76.92000,77.76000,74.76000,75.81000,1782700
1478093400,75.65000,76.37000,74.82000,75.03000,1681800
1478179800,74.65000,76.82000,74.39000,74.67000,3566700
1478266200,72.60000,76.86000,72.50000,75.07000,5718600
1478529000,76.67000,77.30000,75.30000,77.24000,2703100
1478615400,76.86000,78.02000,76.01000,77.33000,2208800
1478701800,74.79000,78.24000,74.50000,77.66000,3458000
1478788200,77.89000,79.49000,74.77000,75.91000,3267500
1478874600,76.00000,77.89000,74.20000,74.51000,4015000
1479133800,74.79000,74.82000,73.59000,74.04000,2614900
1479220200,74.18000,76.25000,73.72000,75.93000,2101100
1479306600,75.36000,76.48000,75.00000,76.12000,1630800
1479393000,76.15000,77.97000,75.69000,77.95000,1616800
1479479400,77.82000,78.94000,76.92000,78.21000,2190000
1479738600,78.46000,79.13000,78.20000,78.93000,1526900
1479825000,79.39000,80.14000,78.99000,79.36000,1218500
1479911400,79.21000,79.51000,78.02000,78.31000,1585100
1480084200,78.27000,78.31000,76.49000,77.01000,1174700
1480343400,77.06000,77.84000,75.82000,77.30000,1807000
1480429800,77.09000,77.72000,76.28000,77.22000,1721700
1480516200,77.49000,77.79000,76.44000,76.85000,1595400
1480602600,76.92000,77.07000,71.65000,71.78000,4086900
1480689000,71.69000,73.44000,71.65000,73.34000,1927100
1480948200,73.72000,74.98000,73.49000,74.82000,2899600
1481034600,75.33000,76.55000,74.82000,76.17000,3299000
1481121000,75.78000,77.66000,74.25000,77.34000,2471500
1481207400,77.30000,79.74000,76.98000,79.52000,2716800
1481293800,80.60000,81.04000,75.65000,76.93000,4750200
1481553000,76.36000,77.08000,75.37000,76.26000,2302900
1481639400,76.80000,77.63000,75.95000,76.88000,1714300
1481725800,76.49000,77.00000,74.62000,75.14000,2620900
1481812200,75.21000,77.83000,74.63000,77.21000,2330900
1481898600,77.51000,78.59000,76.67000,76.81000,2335500
1482157800,76.95000,78.33000,76.91000,77.44000,1116600
1482244200,77.52000,77.79000,76.32000,76.61000,1339400
1482330600,76.66000,77.15000,76.01000,77.07000,1494900
1482417000,77.93000,78.33000,77.00000,78.15000,1705300
1482503400,78.22000,78.45000,77.62000,78.03000,826700
1482849000,77.90000,78.83000,77.66000,78.33000,718300
1482935400,78.47000,78.60000,76.91000,77.03000,1070600
1483021800,76.74000,77.12000,75.63000,76.56000,1164900
1483108200,76.83000,76.83000,74.32000,74.66000,1844400
1483453800,75.22000,76.24000,74.40000,75.15000,2609400
1483540200,75.46000,75.66000,74.50000,74.99000,1683900
1483626600,74.66000,75.38000,73.94000,74.57000,1832600
1483713000,74.82000,75.48000,74.32000,74.96000,1608700
1483972200,75.96000,76.96000,75.23000,75.65000,2331200
1484058600,75.69000,77.52000,75.66000,77.31000,1768600
1484145000,77.33000,78.72000,76.51000,78.41000,2119900
1484231400,76.20000,76.91000,74.67000,76.75000,4264800
1484317800,76.91000,78.49000,76.69000,78.33000,1963400
1484663400,77.64000,78.43000,76.49000,76.89000,2391300
1484749800,77.39000,79.27000,77.16000,79.27000,3106100
1484836200,78.87000,79.45000,78.18000,78.46000,4062400
1484922600,85.00000,88.90000,84.69000,88.67000,15776700
1485181800,88.87000,91.07000,87.72000,90.17000,6523200
1485268200,90.31000,92.74000,90.31000,92.27000,4553300
1485354600,93.00000,93.78000,91.32000,91.87000,3220300
1485441000,92.00000,92.64000,90.94000,91.01000,2343900
1485527400,91.55000,92.44000,91.25000,92.01000,1705900
1485786600,91.43000,93.08000,90.22000,92.99000,2482200
1485873000,92.32000,92.48000,90.28000,91.74000,2486500
1485959400,93.54000,94.49000,91.31000,91.74000,3804800
1486045800,90.80000,91.54000,90.06000,91.11000,2524600
1486132200,91.32000,91.91000,90.88000,91.56000,1272500
1486391400,91.45000,91.58000,90.71000,91.39000,1458800
1486477800,91.40000,92.20000,91.17000,91.78000,1305600
1486564200,91.61000,92.34000,90.94000,91.69000,1861700
1486650600,92.07000,93.13000,91.24000,92.47000,2753400
1486737000,92.73000,92.75000,91.41000,92.21000,1947300
1486996200,92.69000,93.30000,92.27000,92.63000,1290100
1487082600,92.32000,92.48000,90.53000,91.80000,1610400
1487169000,92.02000,92.61000,91.25000,92.13000,1562600
1487255400,92.34000,92.56000,91.60000,92.43000,1287000
1487341800,92.24000,96.67000,91.92000,96.35000,5406600
1487687400,96.63000,97.51000,95.70000,96.57000,2578200
1487773800,96.49000,97.17000,96.04000,96.71000,1397100
1487860200,96.86000,96.94000,94.30000,95.31000,1640300
1487946600,94.24000,95.00000,93.02000,94.70000,1448400
1488205800,94.54000,95.68000,93.85000,95.63000,1243000
1488292200,95.61000,95.85000,94.00000,94.81000,1722700
1488378600,95.97000,97.15000,94.37000,96.74000,2322500
1488465000,96.98000,97.57000,94.71000,94.76000,2348800
1488551400,95.03000,95.32000,94.16000,94.92000,1504800
1488810600,94.21000,95.71000,93.43000,95.45000,3186400
1488897000,95.22000,95.49000,94.21000,95.05000,1545400
1488983400,96.36000,96.91000,95.39000,96.69000,4067100
1489069800,96.21000,97.67000,95.06000,97.14000,2826200
1489156200,97.74000,98.70000,97.50000,98.18000,2259600
1489411800,98.48000,99.34000,98.06000,99.04000,2399500
1489498200,98.74000,98.94000,97.95000,98.79000,1214000
1489584600,98.71000,99.38000,98.12000,99.11000,1529000
1489671000,99.22000,99.22000,98.00000,98.11000,1796900
1489757400,98.51000,98.61000,97.51000,97.93000,2423600
1490016600,97.95000,98.81000,97.15000,98.19000,1290800
1490103000,98.37000,98.64000,95.34000,95.52000,1804800
1490189400,95.47000,96.78000,94.59000,96.74000,1736100
1490275800,96.54000,97.29000,96.03000,96.50000,1111600
1490362200,97.36000,98.35000,96.88000,97.30000,1270800
1490621400,96.41000,97.71000,95.33000,97.19000,1203200
1490707800,97.31000,98.70000,96.55000,97.93000,1152600
1490794200,97.85000,97.85000,97.00000,97.23000,1088800
1490880600,97.29000,98.50000,97.06000,98.14000,1200100
1490967000,98.31000,98.49000,97.71000,97.98000,1065300
1491226200,98.15000,98.48000,96.95000,97.72000,1149400
1491312600,98.68000,100.70000,98.14000,99.35000,2907700
1491399000,99.56000,100.58000,98.61000,98.89000,2025000
1491485400,98.97000,99.81000,97.73000,99.42000,1388200
1491571800,99.43000,102.64000,99.11000,101.82000,3974700
1491831000,101.90000,102.54000,100.66000,101.53000,1994100
1491917400,100.50000,100.82000,99.11000,100.14000,2914700
1492003800,100.23000,100.40000,96.98000,97.59000,3727000
1492090200,96.82000,99.44000,96.15000,97.47000,2097600
1492435800,97.92000,98.88000,97.92000,98.76000,927400
1492522200,98.18000,99.60000,98.05000,99.03000,1564100
1492608600,99.80000,100.60000,99.09000,99.24000,1695800
1492695000,99.50000,101.88000,99.35000,101.63000,1900100
1492781400,101.56000,101.76000,100.35000,101.60000,1530400
1493040600,103.00000,105.34000,102.67000,103.91000,3582600
1493127000,104.26000,104.79000,103.96000,104.00000,2726800
1493213400,104.30000,104.30000,102.07000,102.97000,2170000
1493299800,103.42000,104.38000,103.05000,104.20000,3035100
1493386200,102.79000,104.33000,99.57000,99.74000,4690200
1493645400,100.26000,100.81000,98.51000,99.81000,2295200
1493731800,100.00000,100.73000,99.33000,100.67000,1759900
1493818200,100.18000,101.78000,99.60000,101.43000,2382900
1493904600,101.32000,102.44000,100.88000,100.92000,1514600
1493991000,101.35000,101.68000,100.31000,101.46000,1113100
1494250200,101.57000,101.81000,100.60000,101.02000,1102300
1494336600,101.33000,102.34000,101.17000,101.93000,1094800
1494423000,102.65000,103.07000,101.66000,102.50000,1240600
1494509400,102.20000,102.92000,101.35000,102.61000,1089700
1494595800,102.60000,102.88000,101.90000,102.52000,1032900
1494855000,102.99000,104.23000,102.63000,103.76000,1293800
1494941400,104.05000,105.51000,103.46000,105.50000,1687000
1495027800,104.50000,104.72000,100.47000,100.55000,2079300
1495114200,100.63000,103.87000,100.22000,103.20000,1889100
1495200600,103.65000,104.32000,103.31000,103.87000,1236800
1495459800,104.45000,105.10000,104.12000,104.96000,1214700
1495546200,105.02000,105.38000,103.56000,105.17000,958700
1495632600,105.49000,105.98000,104.70000,105.42000,969900
1495719000,105.65000,107.18000,105.13000,106.04000,1303700
1495805400,106.00000,106.34000,104.50000,105.89000,1051100
1496151000,105.80000,107.25000,105.77000,106.36000,752600
1496237400,106.98000,107.00000,105.43000,106.43000,1468100
1496323800,106.79000,107.68000,106.25000,107.68000,1649400
1496410200,108.13000,108.67000,106.51000,108.42000,1577200
1496669400,108.20000,109.20000,107.75000,108.15000,1300600
1496755800,107.50000,109.43000,107.30000,107.86000,1121500
1496842200,108.00000,109.80000,107.71000,109.48000,1527300
1496928600,109.82000,111.06000,108.82000,111.01000,1526800
1497015000,111.40000,112.11000,104.29000,107.01000,2974300
1497274200,105.26000,105.85000,101.00000,103.76000,4118900
1497360600,104.67000,105.69000,103.47000,104.85000,2062400
1497447000,105.27000,105.56000,101.02000,102.47000,1701800
1497533400,100.74000,102.64000,100.56000,102.28000,1675300
1497619800,102.35000,103.61000,101.09000,101.90000,1923200
1497879000,102.72000,104.55000,102.72000,104.06000,1239800
1497965400,103.90000,104.59000,101.61000,101.81000,1377900
1498051800,102.32000,103.57000,101.61000,103.30000,1123500
1498138200,103.37000,103.65000,101.38000,103.25000,1309700
1498224600,103.25000,104.51000,102.57000,104.36000,2462200
1498483800,104.47000,105.25000,101.26000,101.32000,1947400
1498570200,100.50000,100.62000,97.71000,97.86000,2896400
1498656600,98.74000,98.88000,96.37000,98.36000,2328300
1498743000,97.96000,98.42000,94.35000,96.13000,3107500
1498829400,96.64000,97.27000,95.11000,95.95000,2194300
1499088600,96.44000,97.48000,95.15000,95.34000,1180800
1499261400,95.79000,97.82000,95.79000,97.53000,2346200
1499347800,97.14000,99.04000,96.61000,97.79000,2241900
1499434200,98.19000,100.42000,98.06000,99.70000,1556300
1499693400,99.93000,100.30000,98.42000,100.05000,1295200
1499779800,100.05000,101.07000,99.69000,100.73000,1375200
1499866200,101.45000,102.29000,101.14000,101.73000,1605700
1499952600,102.00000,103.18000,101.48000,102.75000,1682100
1500039000,103.42000,104.03000,103.17000,103.99000,1352000
1500298200,104.02000,104.42000,103.18000,103.30000,1693900
1500384600,103.05000,103.87000,101.87000,103.83000,1281600
1500471000,104.50000,105.50000,104.06000,105.41000,1810600
1500557400,106.18000,108.21000,105.50000,107.64000,4144600
1500643800,106.73000,107.98000,105.23000,107.47000,3844900
1500903000,107.65000,107.73000,105.37000,105.86000,3086000
1500989400,106.39000,106.74000,104.71000,106.39000,1700100
1501075800,107.00000,107.94000,106.30000,107.33000,1319700
1501162200,107.61000,108.56000,105.55000,107.00000,3054600
1501248600,106.64000,107.15000,105.42000,105.76000,1604600
1501507800,106.37000,106.51000,104.39000,104.87000,1240700
1501594200,105.11000,105.38000,103.50000,104.28000,2064400
1501680600,106.82000,106.98000,103.35000,104.43000,2025200
1501767000,104.43000,104.53000,101.29000,101.79000,2148500
1501853400,101.67000,103.65000,101.00000,102.55000,1712800
1502112600,102.29000,104.70000,102.29000,104.50000,1257000
1502199000,104.50000,105.98000,104.25000,104.73000,1319300
1502285400,103.70000,105.07000,103.51000,104.74000,1012600
1502371800,103.60000,103.99000,101.49000,101.60000,1650800
1502458200,101.71000,103.59000,101.45000,103.18000,1051200
1502717400,104.04000,105.66000,103.81000,105.47000,1252700
1502803800,105.73000,106.11000,104.83000,105.80000,2056700
1502890200,106.10000,106.10000,105.09000,105.93000,1018700
1502976600,105.48000,105.56000,102.11000,102.21000,1617300
1503063000,102.57000,102.93000,101.17000,102.21000,1138800
1503322200,102.58000,102.62000,100.06000,101.01000,1364900
1503408600,101.64000,103.38000,101.39000,103.01000,980800
1503495000,102.53000,103.03000,102.21000,102.71000,861100
1503581400,102.93000,103.31000,101.94000,102.50000,1131700
1503667800,102.74000,103.13000,101.55000,101.98000,1105700
1503927000,102.09000,102.29000,99.77000,100.70000,1952200
1504013400,99.98000,101.97000,99.11000,101.52000,1137700
1504099800,101.80000,104.08000,101.24000,103.94000,1602900
1504186200,104.01000,105.60000,103.67000,105.36000,1412900
1504272600,105.56000,106.38000,105.43000,105.57000,1106400
1504618200,106.92000,108.94000,105.33000,106.93000,2198500
1504704600,107.63000,107.99000,105.80000,106.17000,1469100
1504791000,106.43000,107.30000,105.94000,106.43000,1394700
1504877400,106.05000,106.35000,104.31000,104.64000,969500
1505136600,105.70000,107.43000,105.25000,107.19000,1268600
1505223000,107.60000,107.75000,106.65000,106.87000,1029300
1505309400,106.45000,106.86000,105.58000,106.80000,899300
1505395800,105.78000,108.11000,105.77000,107.08000,1635900
1505482200,107.06000,109.73000,106.71000,109.55000,2366300
1505741400,109.80000,110.61000,107.38000,107.49000,2274600
1505827800,107.89000,108.66000,107.22000,107.93000,1091700
1505914200,108.24000,108.28000,101.76000,103.51000,3559400
1506000600,103.28000,103.85000,101.23000,102.13000,2126700
1506087000,101.71000,103.52000,101.50000,103.08000,1377400
1506346200,102.17000,102.17000,98.70000,99.59000,2490800
1506432600,100.36000,100.75000,98.97000,99.35000,2120500
1506519000,100.49000,101.97000,99.88000,101.60000,1538200
1506605400,101.31000,101.94000,100.52000,101.24000,1297600
1506691800,101.34000,102.00000,100.82000,101.90000,1212300
1506951000,102.16000,102.86000,101.25000,102.28000,1257100
1507037400,102.28000,103.05000,101.70000,102.61000,796400
1507123800,102.20000,103.38000,101.80000,103.32000,1363000
1507210200,103.77000,104.20000,102.96000,103.84000,1117600
1507296600,103.37000,105.07000,103.18000,104.96000,1453400
1507555800,105.17000,105.25000,104.43000,104.74000,1026400
1507642200,105.00000,105.15000,103.33000,104.35000,1030600
1507728600,104.06000,105.68000,104.06000,105.47000,1152300
1507815000,105.23000,106.04000,104.92000,105.04000,1103400
1507901400,105.53000,107.13000,105.15000,106.66000,1253000
1508160600,107.16000,107.30000,106.11000,106.98000,1099000
1508247000,106.58000,107.45000,106.15000,107.35000,997500
1508333400,107.56000,107.82000,105.72000,107.34000,1044000
1508419800,105.40000,105.45000,101.67000,103.32000,3140300
1508506200,104.47000,105.31000,103.85000,105.15000,1821600
1508765400,105.66000,106.10000,104.47000,104.77000,1505400
1508851800,104.73000,106.04000,104.25000,105.21000,1545500
1508938200,104.91000,105.99000,103.38000,104.57000,1350200
1509024600,104.99000,105.74000,104.75000,105.52000,1020900
1509111000,106.29000,108.37000,105.75000,107.91000,2283600
1509370200,108.40000,112.30000,108.13000,112.00000,2815200
1509456600,112.40000,114.80000,111.44000,113.86000,2808700
1509543000,114.52000,114.60000,110.59000,111.32000,2614800
1509629400,111.21000,111.90000,108.60000,111.76000,2401400
1509715800,113.64000,114.44000,111.15000,113.19000,2758700
1509978600,115.24000,117.65000,114.30000,116.33000,6242600
1510065000,109.87000,113.24000,107.75000,111.19000,8180300
1510151400,111.33000,113.25000,110.87000,113.15000,2773600
1510237800,111.71000,112.60000,109.53000,111.12000,2163000
1510324200,110.69000,111.48000,109.95000,110.41000,1921700
1510583400,109.29000,110.90000,108.57000,110.30000,1203200
1510669800,109.92000,111.74000,109.74000,111.21000,1454000
1510756200,110.57000,110.57000,107.14000,108.89000,2097600
1510842600,109.86000,110.67000,109.54000,110.06000,1459900
1510929000,110.35000,110.62000,108.89000,110.00000,1378400
1511188200,109.63000,110.54000,109.40000,109.79000,1163000
1511274600,110.28000,111.08000,109.81000,110.25000,1638200
1511361000,110.19000,110.25000,108.48000,108.54000,1536800
1511533800,108.67000,109.85000,108.42000,109.75000,617000
1511793000,109.20000,109.21000,107.14000,107.22000,1726600
1511879400,107.43000,107.88000,106.23000,107.55000,2073400
1511965800,107.20000,107.42000,103.38000,105.33000,2878800
1512052200,105.47000,106.27000,104.28000,104.74000,2817900
1512138600,103.70000,103.99000,99.72000,102.23000,3225000
1512397800,102.95000,102.99000,98.23000,98.26000,3761200
1512484200,97.71000,99.58000,95.36000,97.60000,2932800
1512570600,95.15000,97.12000,93.05000,96.47000,5397000
1512657000,98.15000,98.30000,95.13000,96.68000,3576200
1512743400,97.94000,98.30000,95.79000,96.28000,2493800
1513002600,96.16000,97.02000,95.88000,96.98000,1937200
1513089000,96.24000,97.22000,95.01000,96.47000,2638900
1513175400,97.07000,97.50000,95.59000,95.86000,1977700
1513261800,95.51000,96.00000,93.60000,94.09000,3553800
1513348200,94.51000,95.49000,93.58000,94.63000,3952700
1513607400,95.00000,96.24000,94.63000,95.84000,2593500
1513693800,95.83000,96.52000,95.30000,95.68000,1837300
1513780200,96.46000,97.93000,95.88000,97.43000,2096500
1513866600,98.00000,98.95000,97.32000,97.49000,1960400
1513953000,97.64000,97.97000,96.80000,97.07000,1510600
1514298600,94.19000,97.07000,93.60000,95.20000,2378100
1514385000,95.27000,96.51000,95.13000,95.82000,1420500
1514471400,96.45000,96.72000,95.97000,96.54000,953600
1514557800,96.49000,96.71000,94.93000,94.95000,1551600
1514903400,96.00000,98.50000,95.12000,98.43000,2488200
1514989800,98.73000,100.49000,98.54000,99.93000,2359400
1515076200,100.61000,100.96000,99.10000,100.77000,1866000
1515162600,101.12000,102.08000,100.15000,101.23000,1779400
1515421800,100.85000,101.76000,100.09000,101.25000,1689300
1515508200,101.54000,101.80000,100.39000,100.68000,1694400
1515594600,100.09000,100.48000,97.57000,98.60000,2316000
1515681000,98.83000,100.43000,98.10000,99.92000,1594500
1515767400,100.20000,101.62000,99.77000,101.21000,1751000
1516113000,102.20000,103.11000,99.31000,99.86000,2515900
1516199400,100.78000,102.51000,100.28000,102.19000,2119200
1516285800,102.23000,103.71000,101.54000,102.29000,1974900
1516372200,102.47000,102.47000,98.05000,99.20000,3317600
1516631400,99.05000,99.14000,96.97000,98.72000,2345200
1516717800,98.40000,100.73000,98.13000,99.37000,3096600
1516804200,99.13000,100.15000,96.84000,97.13000,3342300
1516890600,98.10000,98.32000,95.02000,95.05000,2945100
1516977000,95.66000,97.41000,95.14000,97.35000,2698400
1517236200,96.68000,97.57000,96.08000,97.10000,2896000
1517322600,96.01000,99.96000,95.51000,97.21000,3111100
1517409000,98.75000,99.10000,96.26000,97.21000,3235600
1517495400,98.54000,103.91000,98.50000,103.15000,5172400
1517581800,102.28000,102.49000,98.93000,98.96000,3767700
1517841000,97.95000,99.72000,94.33000,94.68000,5451800
1517927400,101.05000,106.74000,100.75000,104.56000,8628600
1518013800,103.50000,104.39000,101.35000,101.35000,3704700
1518100200,101.51000,103.31000,99.03000,99.04000,3388600
1518186600,100.06000,103.33000,98.61000,102.64000,3294900
1518445800,103.11000,105.00000,102.48000,104.10000,3045400
1518532200,103.33000,104.20000,102.67000,103.58000,1955100
1518618600,102.82000,105.10000,102.79000,104.65000,2601400
1518705000,104.98000,104.98000,102.28000,104.37000,2567300
1518791400,103.63000,105.17000,103.60000,104.11000,2089100
1519137000,104.42000,107.79000,103.72000,106.41000,2588700
1519223400,106.60000,107.40000,105.73000,106.00000,1611100
1519309800,106.60000,107.50000,105.97000,107.26000,2342700
1519396200,108.00000,108.35000,107.01000,108.23000,1598800
1519655400,108.55000,110.45000,108.27000,110.39000,1870900
1519741800,110.01000,112.28000,110.01000,110.30000,1982200
1519828200,110.62000,111.18000,108.94000,109.25000,2009000
1519914600,109.55000,109.62000,106.29000,106.59000,2200000
1520001000,105.72000,109.72000,105.60000,109.14000,1878000
1520260200,109.22000,111.56000,108.30000,111.48000,2488900
1520346600,112.00000,112.10000,110.27000,111.85000,1928500
1520433000,110.90000,112.33000,110.64000,111.54000,1336000
1520519400,111.95000,111.95000,110.16000,111.44000,1338500
1520605800,112.22000,114.05000,111.88000,113.56000,1934700
1520861400,114.52000,115.98000,113.81000,115.16000,2753500
1520947800,114.52000,115.98000,111.38000,112.00000,2655200
1521034200,112.20000,112.20000,110.41000,111.94000,1680100
1521120600,111.86000,112.16000,110.50000,111.29000,1230900
1521207000,111.45000,111.91000,110.45000,110.63000,2158300
1521466200,110.33000,110.98000,107.50000,109.33000,1918000
1521552600,109.16000,109.33000,107.69000,109.07000,1428600
1521639000,109.00000,110.32000,107.73000,108.47000,1618500
1521725400,106.87000,108.58000,105.18000,105.24000,1703000
1521811800,105.32000,105.50000,101.37000,101.41000,2469200
1522071000,104.03000,105.00000,102.35000,104.93000,2070900
1522157400,105.50000,105.54000,100.85000,101.52000,1492100
1522243800,100.85000,102.69000,98.39000,98.87000,2038100
1522330200,99.72000,101.24000,98.85000,100.26000,2209300
1522675800,99.88000,99.88000,95.69000,96.53000,1965200
1522762200,97.02000,98.14000,95.95000,97.63000,2106400
1522848600,95.62000,99.88000,95.59000,99.63000,2267600
1522935000,99.90000,100.84000,98.09000,98.80000,1194000
1523021400,97.66000,98.57000,95.22000,95.56000,1778300
1523280600,96.53000,98.75000,95.97000,96.02000,1535100
1523367000,98.13000,98.75000,96.53000,98.01000,1265700
1523453400,97.55000,98.95000,97.10000,98.37000,1206000
1523539800,98.83000,100.19000,98.51000,99.91000,1779500
1523626200,100.63000,100.98000,98.15000,98.47000,1236100
1523885400,98.86000,99.50000,97.27000,97.73000,1837600
1523971800,98.34000,99.86000,97.88000,99.45000,1338400
1524058200,99.21000,99.73000,97.92000,98.96000,1330600
1524144600,97.22000,97.24000,93.73000,93.88000,3228700
1524231000,93.37000,93.70000,90.38000,91.18000,5078600
1524490200,91.50000,91.78000,88.47000,88.64000,2737300
1524576600,88.47000,89.66000,86.86000,87.77000,2627800
1524663000,87.90000,88.74000,86.31000,87.81000,2541600
1524749400,88.90000,89.65000,87.92000,88.40000,2242700
1524835800,88.77000,89.03000,86.94000,87.08000,1415300
1525095000,87.08000,88.46000,86.13000,86.76000,2255400
1525181400,86.79000,91.03000,86.75000,90.90000,3833800
1525267800,93.10000,93.75000,90.66000,91.36000,2894100
1525354200,90.50000,92.98000,89.53000,92.25000,3350700
1525440600,89.83000,96.28000,88.00000,96.20000,4731700
1525699800,96.27000,96.45000,92.47000,95.34000,3618200
1525786200,95.42000,96.79000,95.30000,96.62000,2331400
1525872600,96.71000,96.98000,94.50000,95.55000,2291100
1525959000,95.91000,97.17000,95.80000,97.07000,1925400
1526045400,96.88000,97.73000,96.57000,97.01000,1853500
1526304600,98.10000,100.20000,97.65000,99.02000,1678900
1526391000,98.31000,98.33000,97.13000,97.89000,2560200
1526477400,98.42000,98.88000,97.93000,98.84000,1467000
1526563800,98.42000,100.10000,98.30000,99.71000,1743600
1526650200,98.31000,99.18000,97.85000,98.49000,2068800
1526909400,99.65000,100.37000,98.20000,98.85000,2017400
1526995800,99.41000,101.29000,99.16000,100.04000,1549700
1527082200,99.34000,100.08000,98.84000,100.06000,1519200
1527168600,100.18000,100.48000,99.08000,99.58000,1816900
1527255000,99.54000,100.71000,99.54000,100.37000,1208300
1527600600,99.67000,100.70000,98.59000,99.44000,1833900
1527687000,100.01000,100.55000,98.70000,99.78000,1558000
1527773400,99.38000,99.65000,98.54000,98.61000,2292000
1527859800,99.28000,101.00000,98.60000,100.97000,1343400
1528119000,100.72000,100.96000,99.50000,100.35000,1865600
1528205400,100.73000,101.26000,99.07000,99.51000,2105600
1528291800,99.79000,100.38000,98.82000,100.31000,1797200
1528378200,100.47000,104.20000,100.21000,102.49000,2594700
1528464600,99.07000,100.35000,98.18000,99.81000,3094200
1528723800,99.81000,100.26000,99.11000,99.66000,1239100
1528810200,99.99000,101.13000,99.30000,100.88000,1560400
1528896600,101.10000,101.63000,100.31000,100.44000,1731100
1528983000,100.82000,102.28000,100.54000,101.97000,1322200
1529069400,101.86000,102.78000,100.39000,102.70000,2158100
1529328600,102.15000,102.31000,100.36000,101.10000,1951900
1529415000,99.19000,100.60000,98.42000,99.44000,1847600
1529501400,100.23000,100.86000,99.93000,100.03000,1422100
1529587800,100.35000,100.57000,98.79000,98.86000,1074700
1529674200,99.76000,100.03000,98.07000,98.55000,2301900
1529933400,97.96000,98.15000,95.81000,97.38000,1965600
1530019800,97.49000,98.86000,96.87000,97.80000,1732100
1530106200,98.29000,98.92000,95.94000,96.01000,1462300
1530192600,95.99000,97.04000,95.33000,96.56000,1283400
1530279000,96.84000,97.81000,96.59000,96.65000,1616200
1530538200,95.46000,97.20000,95.05000,97.06000,2029100
1530624600,97.20000,97.86000,95.30000,95.46000,1060600
1530797400,96.50000,99.75000,96.50000,99.66000,2248500
1530883800,99.42000,100.45000,98.59000,100.13000,1438400
1531143000,100.51000,100.64000,99.27000,100.43000,994200
1531229400,100.46000,102.10000,100.14000,101.64000,1217500
1531315800,100.38000,101.02000,98.39000,98.55000,1252400
1531402200,99.65000,100.26000,97.89000,99.82000,1762300
1531488600,99.65000,100.23000,99.02000,99.60000,1118400
1531747800,99.90000,100.62000,99.11000,99.76000,1476300
1531834200,98.94000,101.73000,98.93000,101.69000,1942000
1531920600,101.97000,102.90000,101.35000,102.03000,2163100
1532007000,101.97000,102.89000,100.72000,102.48000,2113800
1532093400,103.25000,103.95000,96.50000,96.99000,7018900
1532352600,96.66000,96.93000,93.81000,96.44000,3257600
1532439000,97.32000,97.40000,94.30000,94.47000,2330400
1532525400,94.24000,95.21000,92.72000,94.82000,2559300
1532611800,94.78000,95.57000,94.00000,95.47000,1829800
1532698200,96.00000,96.60000,94.69000,95.20000,1704300
1532957400,95.16000,95.41000,93.92000,94.43000,1199500
1533043800,95.09000,95.71000,94.04000,94.58000,1176400
1533130200,95.36000,95.90000,94.32000,94.64000,1459000
1533216600,93.65000,95.81000,92.90000,95.62000,1219800
1533303000,95.66000,95.92000,94.96000,95.61000,1278700
1533562200,94.05000,95.14000,93.00000,95.09000,1742200
1533648600,95.42000,96.11000,95.04000,96.07000,1345900
1533735000,96.06000,96.25000,95.39000,95.42000,1062000
1533821400,95.19000,95.22000,94.16000,94.33000,1731700
1533907800,93.47000,93.74000,92.24000,93.09000,2565600
1534167000,93.58000,94.30000,93.07000,93.81000,1616200
1534253400,94.03000,94.25000,92.62000,92.72000,1437300
1534339800,91.93000,92.12000,90.58000,91.61000,1698800
1534426200,92.30000,92.49000,91.06000,91.41000,1400600
1534512600,90.66000,92.03000,89.10000,91.85000,1755000
1534771800,91.91000,91.97000,90.58000,90.98000,1102800
1534858200,91.16000,92.91000,91.14000,92.69000,1358100
1534944600,92.28000,92.89000,91.51000,92.73000,914000
1535031000,92.52000,93.47000,92.16000,92.31000,904400
1535117400,93.01000,93.29000,92.34000,92.99000,1416500
1535376600,93.21000,94.38000,92.82000,93.62000,1381100
1535463000,93.94000,94.32000,92.84000,93.58000,1156900
1535549400,93.77000,93.77000,92.80000,93.02000,1399400
1535635800,92.88000,93.10000,91.49000,91.49000,1694200
1535722200,91.35000,91.93000,90.98000,91.30000,1749600
1536067800,91.12000,91.61000,89.69000,90.00000,2133000
1536154200,89.80000,89.96000,88.90000,89.75000,2438200
1536240600,89.79000,90.93000,88.45000,88.66000,2226100
1536327000,88.51000,89.27000,87.33000,87.48000,2531000
1536586200,87.55000,88.00000,86.66000,87.16000,2382700
1536672600,86.65000,86.96000,84.70000,85.83000,2892700
1536759000,85.09000,85.31000,83.05000,84.37000,2418700
1536845400,85.00000,87.60000,84.87000,87.21000,2907100
1536931800,87.54000,89.23000,87.13000,87.73000,2135100
1537191000,87.09000,88.06000,86.08000,86.22000,1913800
1537277400,86.26000,87.19000,86.26000,86.81000,1547800
1537363800,87.79000,89.21000,86.90000,88.86000,2304200
1537450200,89.60000,92.11000,89.45000,91.61000,3401100
1537536600,91.36000,92.54000,90.77000,92.17000,3894000
1537795800,91.74000,93.62000,90.70000,93.18000,1780200
1537882200,93.04000,93.30000,91.25000,91.73000,2022900
1537968600,90.75000,91.41000,89.80000,90.04000,1779000
1538055000,90.28000,90.73000,89.62000,89.94000,1051600
1538141400,89.70000,90.82000,88.91000,90.71000,1108400
1538400600,91.28000,92.16000,90.80000,91.45000,1182600
1538487000,91.26000,93.02000,91.26000,91.88000,1076500
1538573400,92.32000,93.07000,91.03000,92.45000,1611000
1538659800,92.00000,92.01000,90.09000,91.05000,1296600
1538746200,90.65000,90.87000,86.61000,87.55000,2129300
1539005400,87.24000,87.94000,86.36000,87.57000,1137300
1539091800,87.70000,88.70000,87.30000,88.52000,1084600
1539178200,87.29000,87.35000,84.79000,84.80000,2699500
1539264600,84.67000,87.11000,84.43000,85.26000,2011500
1539351000,87.24000,87.73000,85.91000,87.21000,1742100
1539610200,86.75000,88.07000,86.25000,87.05000,1756400
1539696600,87.78000,88.97000,87.46000,88.70000,1886400
1539783000,89.06000,89.27000,87.40000,88.38000,1256300
1539869400,87.82000,88.00000,85.88000,86.23000,1444500
1539955800,86.58000,87.47000,84.77000,85.16000,1481600
1540215000,85.75000,86.50000,84.54000,85.20000,1468400
1540301400,82.94000,84.89000,80.56000,84.32000,2338900
1540387800,83.42000,83.42000,79.27000,79.39000,2170500
1540474200,80.66000,82.43000,80.02000,81.86000,1695300
1540560600,79.82000,82.17000,79.47000,81.08000,1561700
1540819800,82.35000,83.60000,80.58000,81.85000,1675400
1540906200,82.12000,84.86000,81.90000,84.66000,1985100
1540992600,85.83000,87.43000,84.44000,86.76000,2362200
1541079000,87.23000,90.41000,87.00000,89.49000,1853300
1541165400,87.43000,87.98000,84.32000,85.27000,2670000
1541428200,84.26000,84.34000,81.20000,83.00000,2538700
1541514600,82.75000,84.12000,82.33000,82.64000,2188800
1541601000,83.40000,83.57000,81.68000,82.65000,3129500
1541687400,82.21000,84.31000,81.44000,83.40000,2667800
1541773800,77.43000,79.89000,75.15000,76.66000,8461500
1542033000,73.93000,75.80000,72.63000,72.84000,5125300
1542119400,73.49000,74.65000,71.63000,72.08000,3314800
1542205800,73.00000,73.38000,70.72000,71.28000,3501700
1542292200,71.10000,73.38000,70.89000,73.14000,3954400
1542378600,72.30000,73.58000,72.09000,72.95000,2481900
1542637800,72.17000,72.71000,70.57000,70.76000,2516200
1542724200,68.80000,70.08000,68.58000,69.41000,3886800
1542810600,70.33000,70.96000,69.54000,70.32000,2392400
1542983400,69.57000,71.22000,69.52000,70.60000,964400
1543242600,71.37000,71.91000,70.00000,70.95000,2504400
1543329000,70.25000,71.60000,69.83000,70.67000,2621400
1543415400,71.66000,72.22000,70.06000,72.18000,2303400
1543501800,71.69000,72.75000,71.14000,71.23000,2238400
1543588200,71.38000,72.90000,70.47000,72.77000,2884200
1543847400,74.93000,74.95000,73.23000,73.46000,2538100
1543933800,72.81000,73.42000,70.69000,70.76000,2712500
1544106600,69.11000,70.69000,69.02000,70.61000,2642400
1544193000,70.32000,70.79000,67.38000,67.57000,2293800
1544452200,66.20000,67.75000,65.81000,67.44000,2612100
1544538600,68.77000,70.02000,68.02000,68.52000,2482600
1544625000,69.55000,70.47000,68.70000,69.31000,2654200
1544711400,69.91000,70.43000,69.28000,69.62000,1652100
1544797800,68.76000,70.00000,68.39000,68.69000,1666400
1545057000,68.50000,70.40000,68.05000,68.43000,1792200
1545143400,68.92000,70.53000,68.57000,68.76000,1664000
1545229800,68.37000,69.33000,65.76000,66.36000,1968900
1545316200,66.00000,67.41000,64.47000,65.64000,2206500
1545402600,66.30000,67.50000,63.91000,64.49000,4037300
1545661800,63.82000,65.51000,62.71000,62.78000,1305600
1545834600,63.49000,66.80000,62.74000,66.71000,1800200
1545921000,65.49000,67.78000,65.39000,67.72000,1475400
1546007400,67.87000,68.41000,66.81000,67.22000,1640400
1546266600,67.80000,68.06000,66.38000,67.02000,1311000
1546439400,65.86000,68.95000,65.75000,67.96000,1850900
1546525800,64.80000,65.26000,60.12000,60.72000,4701900
1546612200,61.16000,64.65000,61.16000,63.63000,4067800
1546871400,63.05000,65.65000,62.91000,64.49000,2134400
1546957800,64.95000,65.50000,63.76000,65.19000,2213900
1547044200,65.91000,68.50000,65.80000,67.69000,3456100
1547130600,67.50000,69.40000,67.30000,68.59000,2271800
1547217000,68.31000,70.92000,68.01000,70.02000,2484100
1547476200,69.66000,69.66000,68.30000,68.35000,1628700
1547562600,68.66000,69.11000,68.13000,68.45000,1162500
1547649000,68.45000,69.81000,68.33000,68.80000,1593100
1547735400,68.28000,69.71000,67.12000,69.03000,1559000
1547821800,69.30000,70.66000,68.80000,70.07000,2464400
1548167400,69.72000,69.82000,68.43000,68.90000,2090900
1548253800,69.13000,69.47000,67.59000,68.27000,1482300
1548340200,69.16000,70.80000,68.50000,70.03000,1659800
1548426600,71.39000,73.09000,70.68000,72.47000,2026300
1548685800,71.26000,72.95000,70.69000,72.69000,1745200
1548772200,72.49000,72.79000,71.29000,71.54000,1585600
1548858600,72.96000,74.08000,71.98000,73.92000,1948800
1548945000,73.65000,73.90000,72.62000,73.04000,1753100
1549031400,73.32000,74.45000,73.20000,73.96000,1834800
1549290600,74.10000,74.90000,73.00000,74.87000,1740700
1549377000,75.26000,76.15000,74.90000,75.96000,2798400
1549463400,81.93000,87.48000,81.75000,84.69000,8926000
1549549800,85.05000,85.15000,81.43000,81.56000,3581200
1549636200,80.47000,81.76000,79.88000,81.71000,2828200
1549895400,81.83000,82.25000,80.61000,81.84000,1896100
1549981800,82.66000,84.14000,82.45000,83.58000,2022300
1550068200,83.91000,84.13000,82.89000,82.98000,1557200
1550154600,82.80000,83.99000,82.39000,83.64000,2371300
1550241000,84.38000,84.47000,83.15000,83.38000,1185400
1550586600,83.11000,83.35000,82.53000,82.62000,1409500
1550673000,83.19000,83.57000,82.17000,82.33000,2341300
1550759400,82.26000,82.93000,81.06000,81.76000,1818100
1550845800,82.46000,82.78000,81.86000,82.42000,2319900
1551105000,83.51000,84.06000,82.29000,82.39000,1976200
1551191400,82.30000,82.93000,82.00000,82.02000,1118200
1551277800,81.60000,81.68000,79.74000,81.24000,1468400
1551364200,80.81000,82.08000,80.67000,81.66000,1577900
1551450600,82.30000,82.76000,80.91000,81.98000,1391200
1551709800,82.79000,82.98000,81.26000,82.22000,1554800
1551796200,82.00000,82.70000,81.36000,81.88000,1529500
1551882600,81.94000,82.44000,80.96000,80.99000,1248900
1551969000,80.72000,80.95000,79.15000,79.50000,1501800
1552055400,78.39000,80.37000,78.04000,80.13000,1113100
1552311000,80.59000,82.15000,80.57000,81.48000,1134100
1552397400,81.74000,82.77000,81.19000,82.26000,1296400
1552483800,82.81000,82.90000,81.61000,81.77000,1766100
1552570200,81.88000,82.85000,81.01000,81.43000,1993300
1552656600,82.16000,85.38000,82.05000,83.76000,4004000
1552915800,83.87000,84.09000,81.99000,82.59000,1579000
1553002200,83.21000,84.61000,83.10000,83.42000,1562600
1553088600,83.38000,83.50000,81.20000,81.75000,1953000
1553175000,82.12000,86.89000,82.05000,86.07000,2500900
1553261400,85.63000,85.84000,82.42000,82.59000,2198400
1553520600,82.27000,82.75000,80.13000,81.45000,1814300
1553607000,82.10000,82.78000,81.37000,82.12000,1086700
1553693400,82.12000,82.60000,79.89000,80.59000,1273500
1553779800,80.76000,81.63000,79.96000,80.54000,945700
1553866200,81.44000,82.77000,80.99000,82.48000,1589700
1554125400,83.34000,84.40000,83.25000,83.86000,1278400
1554211800,83.94000,84.54000,83.75000,84.16000,697900
1554298200,85.12000,86.72000,84.77000,85.36000,1887700
1554384600,85.17000,86.54000,85.05000,85.51000,1312700
1554471000,85.74000,86.97000,85.73000,86.80000,1081300
1554730200,86.60000,87.81000,86.04000,87.65000,1356600
1554816600,87.16000,87.39000,86.47000,87.07000,1096500
1554903000,87.05000,88.23000,86.51000,88.05000,1009600
1554989400,88.23000,89.71000,87.71000,88.24000,1327700
1555075800,89.05000,90.69000,88.67000,90.68000,1532200
1555335000,90.87000,91.00000,89.34000,90.28000,1193100
1555421400,91.00000,93.59000,90.66000,93.56000,2110600
1555507800,93.35000,94.39000,90.38000,91.18000,3059100
1555594200,91.60000,91.86000,89.78000,90.00000,1531400
1555939800,89.50000,89.68000,88.15000,88.27000,1156000
1556026200,88.27000,89.54000,87.91000,89.24000,1604300
1556112600,89.23000,90.64000,89.23000,89.90000,1082300
1556199000,89.61000,89.73000,87.15000,88.53000,1123700
1556285400,87.37000,87.67000,85.50000,87.02000,2227700
1556544600,86.69000,87.74000,86.57000,86.80000,1626600
1556631000,87.02000,88.28000,86.52000,88.18000,1685800
1556717400,90.19000,91.20000,88.46000,88.48000,2105900
1556803800,88.52000,91.34000,88.38000,90.79000,3491900
1556890200,88.61000,89.95000,84.04000,87.60000,5988600
1557149400,84.04000,86.79000,83.76000,86.52000,2326400
1557235800,85.09000,85.50000,82.64000,83.55000,2615900
1557322200,83.45000,85.16000,82.99000,84.06000,1819800
1557408600,83.00000,83.98000,81.56000,83.64000,1720100
1557495000,83.13000,83.63000,80.60000,82.56000,1774500
1557754200,80.00000,80.39000,76.07000,76.63000,2955100
1557840600,77.95000,78.57000,77.42000,78.11000,1936600
1557927000,77.43000,79.39000,77.17000,78.75000,1557500
1558013400,76.25000,76.94000,73.11000,73.99000,4312600
1558099800,72.12000,73.16000,69.91000,70.41000,4254100
1558359000,67.73000,69.87000,67.11000,68.01000,4397100
1558445400,70.01000,71.44000,68.80000,69.74000,3605400
1558531800,68.91000,69.56000,68.30000,68.54000,1752400
1558618200,67.28000,68.56000,66.35000,68.46000,2544300
1558704600,69.17000,70.95000,68.89000,69.53000,3535700
1559050200,69.95000,70.36000,67.94000,68.01000,2204600
1559136600,67.54000,68.72000,67.13000,68.54000,1771700
1559223000,68.51000,70.13000,67.79000,68.27000,1722700
1559309400,67.23000,68.64000,66.61000,66.63000,1615500
1559568600,67.26000,68.07000,66.29000,66.92000,1398600
1559655000,67.97000,69.47000,67.53000,69.40000,1787300
1559741400,69.50000,70.69000,66.57000,67.96000,2417000
1559827800,68.05000,69.77000,67.79000,69.43000,2565100
1559914200,69.33000,70.38000,68.68000,70.15000,2070700
1560173400,70.89000,73.47000,70.75000,73.10000,2753600
1560259800,74.21000,74.73000,73.37000,73.97000,2894100
1560346200,73.36000,73.46000,72.34000,72.66000,1392500
1560432600,72.97000,73.74000,72.68000,73.35000,1265400
1560519000,71.58000,72.27000,70.31000,71.80000,2035800
1560778200,71.65000,72.59000,70.94000,72.44000,1968200
1560864600,73.18000,76.42000,72.79000,75.72000,2804200
1560951000,75.95000,76.38000,74.80000,75.53000,1539200
1561037400,77.22000,77.51000,75.12000,75.84000,1687400
1561123800,75.50000,75.79000,74.74000,75.22000,3210700
1561383000,75.16000,76.39000,75.00000,75.91000,1368700
1561469400,75.96000,76.16000,74.24000,74.32000,1664500
1561555800,76.14000,77.16000,75.73000,75.84000,1787900
1561642200,76.58000,77.84000,76.36000,76.95000,1473000
1561728600,77.49000,77.87000,77.04000,77.27000,3397700
1561987800,83.26000,84.50000,80.96000,81.91000,3943900
1562074200,81.61000,81.77000,80.19000,80.84000,1650500
1562160600,81.41000,81.67000,79.54000,80.69000,1014000
1562333400,79.95000,80.70000,79.79000,80.33000,810500
1562592600,79.44000,80.06000,78.90000,79.35000,1269800
1562679000,78.68000,79.84000,78.16000,79.76000,1254600
1562765400,80.70000,81.38000,79.85000,79.91000,1197800
1562851800,80.13000,80.35000,78.56000,79.18000,1211000
1562938200,79.34000,81.04000,79.34000,81.01000,1178600
1563197400,81.40000,82.34000,81.20000,82.04000,1204800
1563283800,82.00000,82.08000,80.93000,81.31000,1612600
1563370200,81.99000,81.99000,80.09000,80.17000,1614800
1563456600,80.65000,81.78000,79.88000,81.42000,2062300
1563543000,81.85000,81.85000,81.03000,81.32000,1817000
1563802200,81.78000,83.41000,81.73000,83.27000,1893400
1563888600,83.92000,84.83000,83.47000,84.54000,2090100
1563975000,85.00000,86.97000,84.81000,86.35000,2599000
1564061400,86.02000,86.17000,85.11000,85.66000,1707400
1564147800,86.13000,86.36000,85.47000,85.98000,974000
1564407000,85.98000,87.15000,85.38000,86.80000,1246800
1564493400,86.08000,87.83000,85.84000,87.75000,1421200
1564579800,88.77000,88.77000,84.50000,85.28000,1600400
1564666200,85.00000,87.70000,81.46000,82.77000,3260400
1564752600,81.91000,82.00000,78.79000,79.33000,3396800
1565011800,76.86000,77.63000,75.15000,75.82000,3257600
1565098200,76.81000,77.86000,76.40000,77.66000,2434300
1565184600,76.67000,79.99000,76.58000,79.90000,3364000
1565271000,76.74000,80.40000,75.72000,80.27000,4937500
1565357400,79.40000,79.60000,76.36000,77.52000,2843800
1565616600,77.04000,77.48000,75.88000,76.28000,1868300
1565703000,75.94000,79.73000,75.54000,78.44000,2028300
1565789400,76.51000,77.69000,75.72000,75.99000,1914500
1565875800,76.33000,76.47000,75.31000,75.55000,1450500
1565962200,76.45000,77.02000,76.00000,76.66000,1522000
1566221400,78.25000,78.65000,76.90000,77.09000,1260900
1566307800,76.49000,77.34000,76.10000,76.74000,1397200
1566394200,78.06000,78.19000,76.97000,77.58000,1313900
1566480600,77.79000,78.00000,76.50000,76.92000,1088400
1566567000,76.16000,76.55000,73.32000,73.55000,2466200
1566826200,74.39000,74.49000,73.51000,73.75000,1289300
1566912600,74.23000,74.68000,72.80000,72.87000,1405700
1566999000,72.33000,73.56000,71.51000,73.37000,1240700
1567085400,74.51000,75.53000,74.03000,74.95000,1227800
1567171800,75.48000,75.63000,74.31000,75.27000,1254900
1567517400,74.86000,75.24000,73.63000,74.17000,1378500
1567603800,75.45000,76.28000,75.33000,76.02000,1127900
1567690200,77.58000,79.34000,77.56000,79.33000,2298200
1567776600,79.28000,80.14000,79.00000,79.87000,1548300
1568035800,80.18000,80.83000,79.08000,79.72000,1343100
1568122200,79.50000,80.30000,78.59000,80.30000,1344000
1568208600,81.00000,83.59000,80.65000,83.51000,2366600
1568295000,83.87000,84.35000,81.74000,82.33000,2024600
1568381400,82.15000,83.11000,82.07000,82.14000,1676700
1568640600,81.78000,82.54000,80.61000,81.98000,1342000
1568727000,81.16000,81.61000,79.62000,80.95000,1697400
1568813400,80.82000,80.82000,78.87000,80.24000,1405300
1568899800,80.30000,81.48000,79.23000,79.27000,1536200
1568986200,79.85000,80.96000,79.32000,79.75000,2019400
1569245400,79.68000,80.97000,79.40000,79.84000,949300
1569331800,80.09000,80.74000,78.96000,79.72000,1608000
1569418200,79.23000,81.02000,78.81000,80.99000,1249000
1569504600,79.70000,80.73000,79.39000,80.36000,2300600
1569591000,80.09000,80.74000,77.20000,77.47000,2876400
1569850200,78.19000,79.33000,77.88000,79.25000,1911300
1569936600,79.81000,81.01000,77.35000,77.41000,1973400
1570023000,76.73000,76.98000,75.03000,75.43000,2142000
1570109400,75.75000,77.44000,74.42000,77.27000,1453700
1570195800,79.00000,80.70000,78.80000,80.65000,1821700
1570455000,80.56000,81.71000,80.24000,80.88000,1434700
1570541400,80.21000,80.60000,78.93000,79.00000,1827700
1570627800,80.10000,81.13000,79.58000,80.71000,1291600
1570714200,83.11000,85.49000,83.05000,84.89000,2907100
1570800600,86.05000,86.47000,83.61000,85.40000,2565500
1571059800,85.10000,85.32000,84.60000,84.98000,1352000
1571146200,85.60000,87.08000,84.94000,86.64000,1633000
1571232600,86.47000,86.62000,85.23000,85.66000,1349100
1571319000,86.50000,87.64000,85.88000,87.55000,2006600
1571405400,87.29000,88.27000,86.82000,87.77000,2049300
1571664600,88.21000,90.01000,88.20000,89.89000,1676100
1571751000,89.65000,89.84000,88.94000,88.96000,1206700
1571837400,87.63000,89.66000,87.31000,89.29000,1354600
1571923800,90.30000,90.90000,89.07000,89.69000,1589500
1572010200,90.01000,90.59000,89.69000,90.06000,1296300
1572269400,90.98000,91.94000,90.80000,91.66000,1368700
1572355800,91.50000,91.62000,90.50000,91.21000,1212300
1572442200,91.52000,91.52000,89.95000,90.97000,1068100
1572528600,90.59000,91.06000,89.29000,91.06000,1689600
1572615000,94.65000,98.57000,94.59000,98.30000,3872300
1572877800,99.14000,99.27000,98.23000,98.48000,1896400
1572964200,98.75000,99.95000,98.58000,98.72000,1906800
1573050600,98.12000,98.56000,97.20000,98.13000,1486500
1573137000,99.20000,99.51000,97.93000,98.64000,1476400
1573223400,98.60000,100.81000,98.48000,100.44000,1735600
1573482600,100.05000,100.56000,99.25000,100.38000,1507900
1573569000,101.93000,102.87000,100.43000,101.59000,4361600
1573655400,95.60000,101.99000,95.55000,101.14000,7337400
1573741800,100.00000,100.42000,98.37000,98.75000,2592800
1573828200,99.68000,100.10000,98.54000,99.42000,2687700
1574087400,98.90000,99.21000,97.17000,97.45000,2671000
1574173800,98.08000,98.10000,95.30000,96.61000,2528900
1574260200,95.63000,97.65000,95.60000,96.04000,2156100
1574346600,96.40000,97.00000,95.58000,96.41000,1478500
1574433000,96.90000,97.87000,96.39000,97.84000,1767000
1574692200,98.50000,101.12000,98.14000,100.82000,2253800
1574778600,100.50000,100.71000,98.78000,99.12000,2237400
1574865000,99.55000,100.13000,99.11000,99.63000,991000
1575037800,98.90000,99.88000,98.10000,98.30000,900000
1575297000,98.10000,99.05000,97.55000,98.36000,1753600
1575383400,96.38000,97.58000,95.63000,97.44000,2085700
1575469800,98.64000,100.11000,98.64000,98.82000,1191300
1575556200,99.64000,100.33000,99.19000,99.98000,1220400
1575642600,100.55000,102.09000,100.50000,101.36000,1813200
1575901800,103.92000,105.42000,103.15000,103.23000,2874500
1575988200,103.65000,105.00000,101.53000,104.39000,1856200
1576074600,104.78000,109.77000,104.65000,109.29000,4007300
1576161000,108.00000,112.77000,107.50000,111.49000,3464200
1576247400,111.61000,112.86000,110.61000,111.86000,2333800
1576506600,112.86000,114.42000,112.79000,113.16000,2116600
1576593000,113.48000,113.72000,112.30000,113.10000,2430200
1576679400,113.40000,116.14000,112.98000,115.87000,2802400
1576765800,116.10000,118.22000,115.18000,117.85000,2814600
1576852200,118.53000,119.20000,117.01000,118.90000,3475600
1577111400,119.41000,121.36000,119.12000,120.03000,2269700
1577197800,120.34000,122.24000,120.01000,122.16000,1095900
1577370600,122.12000,122.89000,120.75000,122.28000,1472600
1577457000,122.64000,122.68000,120.69000,122.29000,1414100
1577716200,121.80000,121.93000,120.42000,121.03000,1277700
1577802600,120.48000,121.24000,119.21000,120.88000,1171300
1577975400,122.01000,122.40000,119.71000,121.67000,2351900
1578061800,119.91000,120.89000,117.65000,118.65000,2339000
1578321000,117.04000,117.46000,115.08000,116.56000,3177000
1578407400,117.17000,118.48000,116.30000,117.67000,2055800
1578493800,118.08000,120.87000,117.59000,119.54000,2139000
1578580200,120.90000,121.23000,117.60000,119.65000,1935800
1578666600,121.29000,121.50000,119.64000,120.08000,2429900
1578925800,121.19000,125.23000,121.06000,124.51000,2960600
1579012200,125.27000,125.75000,122.61000,123.34000,2183500
1579098600,123.00000,123.25000,119.92000,120.42000,2165500
1579185000,121.72000,123.34000,121.45000,123.09000,1667500
1579271400,123.94000,124.75000,123.02000,124.17000,1979300
1579617000,124.01000,125.47000,123.60000,123.80000,2158500
1579703400,124.68000,126.93000,124.55000,124.96000,2597000
1579789800,125.43000,128.33000,124.41000,128.19000,4327600
1579876200,126.50000,128.48000,120.79000,122.31000,7203700
1580135400,118.47000,118.50000,116.20000,116.88000,3086000
1580221800,118.11000,121.07000,117.80000,119.79000,2205700
1580308200,120.00000,120.34000,117.80000,117.89000,1609900
1580394600,116.57000,118.50000,114.10000,116.23000,2982200
1580481000,115.50000,115.74000,112.72000,113.15000,2448400
1580740200,113.12000,115.49000,112.70000,115.03000,1721300
1580826600,117.89000,118.74000,116.66000,117.96000,1624200
1580913000,119.82000,120.67000,118.14000,119.64000,1275100
1580999400,119.66000,120.32000,116.52000,117.68000,1808900
1581085800,116.42000,116.84000,113.94000,113.94000,2582800
1581345000,112.46000,116.28000,111.45000,116.28000,1630400
1581431400,117.38000,120.29000,117.13000,119.17000,1694700
1581517800,120.61000,123.28000,120.44000,123.05000,2002300
1581604200,121.84000,124.52000,121.05000,122.59000,2151300
1581690600,122.84000,123.63000,118.25000,118.99000,1815200
1582036200,116.07000,118.79000,115.60000,116.77000,2444400
1582122600,118.08000,120.41000,117.75000,119.14000,1751800
1582209000,118.78000,119.50000,115.97000,117.50000,1363300
1582295400,116.85000,117.00000,113.47000,114.63000,1894700
1582554600,110.04000,112.89000,108.80000,111.19000,3102700
1582641000,111.98000,112.68000,105.80000,106.17000,2843400
1582727400,106.97000,109.44000,103.73000,103.81000,2756600
1582813800,100.50000,101.68000,97.33000,97.56000,3630300
1582900200,91.96000,100.22000,91.80000,100.18000,4765500
1583159400,101.29000,104.33000,98.75000,104.27000,2899800
1583245800,104.29000,106.75000,99.45000,99.63000,2428900
1583332200,102.01000,103.37000,100.12000,103.36000,5037900
1583418600,100.96000,101.27000,97.92000,98.59000,3527000
1583505000,94.74000,97.90000,93.34000,95.71000,3053300
1583760600,87.33000,93.15000,86.26000,88.32000,3867100
1583847000,91.98000,95.79000,89.63000,95.79000,3596500
1583933400,93.14000,93.76000,88.68000,89.84000,3080600
1584019800,83.24000,90.36000,80.16000,80.55000,3923100
1584106200,85.65000,87.00000,78.82000,83.00000,5730600
1584365400,72.69000,79.82000,67.90000,67.90000,4192800
1584451800,70.00000,80.71000,69.47000,77.78000,4974200
1584538200,71.13000,77.67000,69.31000,72.10000,3246600
1584624600,72.14000,79.72000,72.14000,77.28000,2991100
1584711000,80.00000,81.49000,73.45000,73.67000,2999500
1584970200,74.17000,76.08000,71.00000,74.95000,3623000
1585056600,79.69000,87.61000,78.77000,87.29000,3889900
1585143000,87.47000,92.51000,84.79000,85.34000,3938100
1585229400,86.60000,93.07000,85.83000,92.96000,4192200
1585315800,90.27000,90.27000,86.22000,87.09000,3329500
1585575000,88.52000,90.55000,86.14000,90.11000,2121800
1585661400,89.97000,94.28000,88.92000,89.38000,3247500
1585747800,86.33000,89.20000,81.33000,82.45000,2898500
1585834200,81.84000,84.10000,81.10000,83.37000,2256000
1585920600,82.75000,83.73000,79.51000,80.30000,2081700
1586179800,84.04000,90.22000,83.68000,89.80000,2683700
1586266200,93.15000,93.88000,89.56000,89.93000,2233000
1586352600,91.60000,94.40000,89.14000,93.00000,2381900
1586439000,94.85000,95.30000,88.79000,89.95000,2803000
1586784600,90.00000,90.87000,88.66000,90.47000,1938400
1586871000,95.51000,95.87000,91.63000,95.69000,2896100
1586957400,93.46000,93.94000,90.11000,92.87000,1999700
1587043800,93.70000,95.56000,92.25000,95.01000,1520000
1587130200,96.94000,97.63000,93.50000,95.40000,1961700
1587389400,93.84000,94.91000,92.25000,92.53000,1387500
1587475800,91.49000,92.14000,88.08000,88.10000,1811000
1587562200,91.01000,93.41000,90.71000,92.94000,2271800
1587648600,93.15000,94.60000,92.39000,92.79000,1459300
1587735000,93.38000,96.78000,92.45000,96.51000,1457900
1587994200,97.80000,99.45000,97.56000,98.38000,2113000
1588080600,101.00000,103.85000,100.23000,100.67000,2203900
1588167000,102.34000,106.85000,102.34000,106.22000,2051800
1588253400,105.81000,105.96000,103.13000,103.88000,2552600
1588339800,100.79000,101.71000,98.40000,98.83000,2358900
1588599000,98.20000,100.25000,96.73000,99.62000,3376800
1588685400,104.05000,108.53000,103.24000,104.71000,5330000
1588771800,106.58000,108.15000,105.41000,105.90000,3021400
1588858200,107.47000,108.29000,105.78000,106.19000,1564600
1588944600,108.20000,111.29000,107.01000,111.22000,2123000
1589203800,109.94000,111.60000,108.61000,110.41000,2188600
1589290200,111.50000,112.74000,108.15000,108.15000,1812000
1589376600,108.57000,109.36000,104.17000,106.15000,2097100
1589463000,104.90000,108.46000,102.32000,108.35000,2142800
1589549400,104.50000,106.56000,103.70000,106.22000,2033400
1589808600,109.34000,113.52000,108.98000,112.69000,2135400
1589895000,112.36000,115.52000,112.35000,112.55000,1657800
1589981400,114.44000,117.54000,113.62000,117.38000,1772900
1590067800,117.01000,118.18000,113.92000,114.13000,1305600
1590154200,114.83000,117.72000,113.14000,117.02000,1506200
1590499800,120.00000,121.38000,117.39000,117.72000,1617300
1590586200,118.13000,119.19000,114.59000,119.03000,2111900
1590672600,118.80000,120.26000,114.73000,115.47000,1997800
1590759000,115.87000,119.43000,114.79000,118.54000,2644600
1591018200,118.15000,119.62000,116.81000,119.10000,1122200
1591104600,119.61000,123.91000,118.68000,123.77000,2027400
1591191000,125.00000,128.50000,124.76000,127.26000,2222100
1591277400,126.16000,128.77000,126.16000,128.67000,2216300
1591363800,130.61000,137.88000,130.50000,136.16000,3555300
1591623000,137.05000,138.22000,132.75999,134.74001,2715500
1591709400,133.60001,136.12000,132.11000,134.50999,2019400
1591795800,135.07001,135.39999,131.64000,131.89999,2488500
1591882200,127.69000,128.77000,123.06000,123.38000,2959100
1591968600,127.16000,128.22000,123.50000,126.91000,2439000
1592227800,123.38000,127.31000,122.83000,127.24000,2375500
1592314200,131.83000,133.37000,125.79000,128.39000,2513900
1592400600,129.84000,131.98000,129.17999,130.74001,1796000
1592487000,130.23000,130.97000,128.32001,129.10001,1424300
1592573400,132.84000,132.84000,126.51000,127.35000,3667600
1592832600,127.16000,128.21001,125.32000,127.58000,1578800
1592919000,128.75999,129.73000,127.59000,128.35001,1419900
1593005400,128.31000,129.38000,125.02000,126.41000,2393700
1593091800,126.67000,127.57000,124.80000,127.30000,1339500
1593178200,126.60000,128.14000,124.90000,125.85000,2292100
1593437400,126.14000,126.40000,123.41000,126.00000,1068800
1593523800,125.94000,128.39000,125.42000,127.86000,1928800
1593610200,127.70000,127.70000,125.80000,125.85000,1371700
1593696600,127.52000,130.05000,127.29000,128.42000,1731900
1594042200,130.89000,133.28000,130.22000,131.45000,1460500
1594128600,133.53000,135.23000,132.14999,132.28000,2511900
1594215000,133.14000,133.55000,130.58000,132.14999,1289700
1594301400,132.85001,133.60001,129.77000,132.73000,1223200
1594387800,132.74001,133.13000,129.72000,131.22000,1081300
1594647000,133.32001,134.81000,128.82001,129.47000,1866700
1594733400,128.28000,131.49001,126.53000,131.17999,1748300
1594819800,131.88000,132.39999,129.00999,131.32001,1306900
1594906200,130.00000,132.55000,129.13000,131.63000,1565500
1594992600,132.48000,134.28000,131.81000,133.95000,1538200
1595251800,134.72000,138.07001,133.83000,137.80000,1930700
1595338200,139.22000,139.88000,136.67000,137.45000,1924700
1595424600,137.00000,138.42000,135.20000,136.30000,1455900
1595511000,137.12000,139.19000,134.49001,135.34000,2946200
1595597400,131.47000,136.00000,128.56000,131.61000,3028100
1595856600,133.61000,137.75999,132.32001,136.69000,2274400
1595943000,137.37000,137.95000,134.46001,134.66000,1752100
1596029400,135.88000,137.22000,134.59000,136.45000,1330600
1596115800,134.92000,142.25999,134.80000,142.19000,3187900
1596202200,144.41000,145.89999,141.25000,145.58000,3537500
1596461400,146.92999,149.49001,146.56000,147.20000,1882800
1596547800,147.44000,147.89000,142.96001,145.27000,1822700
1596634200,144.85001,146.12000,143.45000,145.37000,1427900
1596720600,145.70000,149.19000,145.09000,148.07001,1267300
1596807000,148.71001,148.73000,142.39999,144.37000,1526100
1597066200,143.84000,144.49001,141.00000,143.53999,1499700
1597152600,143.19000,144.57001,140.77000,141.33000,1656500
1597239000,142.34000,147.85001,141.35001,147.56000,1640900
1597325400,147.70000,149.32001,146.80000,148.06000,1412800
1597411800,148.48000,148.62000,145.50000,146.12000,997900
1597671000,147.37000,147.67999,144.64000,146.09000,1215200
1597757400,145.47000,146.62000,143.07001,143.19000,1178700
1597843800,143.59000,143.87000,141.42999,142.05000,1717100
1597930200,140.64000,142.25999,139.36000,140.63000,1708500
1598016600,140.25000,142.31000,139.39999,142.05000,1322500
1598275800,143.67000,144.25000,141.02000,142.25000,1541000
1598362200,142.96001,143.88000,141.41000,142.53000,1189500
1598448600,142.48000,143.80000,141.28999,142.71001,1320400
1598535000,143.47000,143.47000,138.70000,140.10001,1754100
1598621400,140.72000,143.71001,140.28999,143.62000,1060400
1598880600,143.45000,145.39000,141.94000,144.85001,2039200
1598967000,145.98000,147.75999,144.53999,146.46001,1472500
1599053400,148.50000,154.24001,147.22000,153.28999,2137200
1599139800,149.00999,149.59000,139.42999,139.91000,3485900
1599226200,139.62000,141.64999,133.86000,139.00999,3237100
1599571800,133.10001,135.44000,130.72000,130.84000,2678600
1599658200,135.12000,138.58000,135.08000,137.61000,2713100
1599744600,139.27000,140.64999,134.19000,135.23000,2172200
1599831000,137.57001,138.44000,134.13000,136.14999,1496100
1600090200,137.44000,138.88000,136.08000,137.78999,1182200
1600176600,139.39000,142.75999,139.30000,140.91000,1760800
1600263000,142.41000,142.83000,140.25000,140.34000,1460500
1600349400,134.96001,138.83000,134.96001,138.36000,1825800
1600435800,139.42999,139.91000,133.67000,136.00999,2415300
1600695000,133.58000,134.64000,131.44000,134.25000,2050800
1600781400,135.59000,139.70000,133.77000,139.64000,1695400
1600867800,139.06000,139.63000,133.59000,133.92000,1369000
1600954200,131.96001,137.63000,131.94000,135.20000,2145300
1601040600,135.60001,138.91000,133.62000,138.00000,1909000
1601299800,140.63000,144.00999,139.02000,143.97000,2052300
1601386200,145.20000,146.48000,143.71001,144.35001,1452600
1601472600,143.52000,147.13000,143.36000,145.50000,1826000
1601559000,147.50000,152.48000,147.14000,152.10001,1983900
1601645400,148.10001,149.62000,146.80000,146.83000,1604000
1601904600,148.10001,151.75999,148.10001,151.62000,1359900
1601991000,150.58000,151.70000,146.53999,147.27000,1568900
1602077400,149.95000,151.03000,149.03000,149.86000,1331700
1602163800,151.00000,151.66000,149.81000,151.55000,2172700
1602250200,153.30000,154.84000,152.48000,154.28000,1897000
1602509400,156.48000,158.61000,155.25999,157.09000,2307900
1602595800,157.78000,158.00000,152.39999,153.20000,2023900
1602682200,154.78000,154.83000,151.81000,153.31000,1121000
1602768600,150.56000,153.74001,149.60001,153.38000,965500
1602855000,154.39999,154.92000,152.92000,153.14999,1110000
1603114200,154.50999,156.98000,150.38000,151.14000,1188900
1603200600,152.66000,153.96001,151.42999,152.45000,954300
1603287000,152.62000,153.50000,150.31000,150.39000,858400
1603373400,150.91000,151.53000,147.33000,149.73000,903400
1603459800,149.59000,150.55000,148.82001,149.75999,819300
1603719000,148.39000,148.75999,144.81000,147.28999,1311300
1603805400,147.49001,148.20000,144.41000,145.12000,1100900
1603891800,142.35001,142.94000,139.09000,139.78999,1707300
1603978200,140.00000,146.78999,139.80000,145.16000,1459600
1604064600,142.83000,143.91000,139.63000,141.28999,1796000
1604327400,143.38000,144.85001,139.94000,142.12000,2388700
1604413800,141.92000,142.92999,134.84000,138.80000,5238800
1604500200,142.09000,142.62000,139.14999,139.53000,3016100
1604586600,143.86000,149.32001,142.50000,149.12000,5281200
1604673000,148.09000,148.71001,143.92000,146.74001,2581600
1604932200,151.35001,151.89000,144.42000,144.58000,2372500
1605018600,142.87000,143.99001,136.86000,137.24001,2588300
1605105000,139.74001,144.50000,139.16000,143.87000,1982100
1605191400,143.89999,144.42999,140.34000,141.34000,1941500
1605277800,144.14000,145.05000,140.95000,141.50000,1374800
1605537000,141.00000,143.74001,140.67000,143.41000,1922300
1605623400,143.17000,143.50999,140.55000,140.78000,1474600
1605709800,141.11000,141.24001,137.44000,137.56000,2014000
1605796200,137.17999,139.50000,136.00000,139.36000,1795100
1605882600,139.25000,141.75999,138.39000,140.39000,1764000
1606141800,141.05000,141.78000,136.56000,138.03000,3068100
1606228200,138.50999,139.71001,135.33000,138.85001,2235900
1606314600,138.74001,138.91000,134.28000,135.95000,3035500
1606487400,136.88000,138.77000,135.97000,136.16000,1215700
1606746600,136.38000,141.25000,136.38000,141.17000,2734000
1606833000,142.00999,145.46001,141.16000,144.00000,2616200
1606919400,143.35001,145.06000,142.50999,143.45000,1276300
1607005800,144.23000,145.35001,143.05000,143.71001,1218000
1607092200,143.74001,150.28000,143.73000,150.17000,2174700
1607351400,151.41000,154.11000,150.55000,153.42000,2276200
1607437800,153.60001,156.00000,152.75999,155.78999,1522700
1607524200,155.00000,155.03999,147.46001,148.28999,2562500
1607610600,147.36000,148.06000,145.53000,145.53999,1749900
1607697000,143.89999,144.45000,138.61000,139.24001,3549800
1607956200,140.00000,140.42999,137.94000,139.25999,2933300
1608042600,143.17000,146.39999,142.96001,144.67999,2291300
1608129000,144.92999,148.41000,143.60001,147.53999,1961400
1608215400,149.00000,150.28999,145.39999,145.53000,1833600
1608301800,146.46001,149.41000,145.06000,148.19000,2823000
1608561000,145.55000,148.21001,145.17000,147.71001,1487300
1608647400,148.37000,151.74001,147.84000,149.42999,1320300
1608733800,150.09000,152.94000,148.75000,150.74001,1431400
1608820200,150.95000,151.35001,149.50000,151.21001,480400
1609165800,152.75999,153.78000,151.80000,153.22000,1039100
1609252200,153.80000,154.84000,149.62000,150.41000,1441200
1609338600,151.10001,153.70000,151.06000,152.75000,770400
1609425000,153.16000,153.37000,151.97000,152.88000,950000
1609770600,153.33000,155.69000,148.02000,150.72000,2180200
1609857000,150.12000,156.46001,150.00000,156.30000,2053900
1609943400,154.78000,162.35001,153.00000,158.49001,2102900
1610029800,160.92000,163.42000,160.00999,162.67999,1701200
1610116200,164.78999,165.99001,160.60001,163.48000,1598500
1610375400,160.12000,163.35001,159.28000,162.05000,1766700
1610461800,162.07001,162.45000,158.09000,158.17999,1807500
1610548200,158.00000,159.17000,155.78999,157.89000,1252800
1610634600,157.70000,161.07001,157.20000,157.98000,1521100
1610721000,154.00999,156.50000,150.13000,152.00000,2305800
1611066600,154.53000,162.20000,154.00999,161.39000,2439700
1611153000,163.10001,168.95000,162.72000,162.94000,2021200
1611239400,163.47000,163.87000,160.61000,163.52000,1434100
1611325800,161.71001,162.48000,160.20000,161.27000,1215000
1611585000,166.64000,170.69000,163.36000,165.67999,4702400
1611671400,166.00000,166.39000,162.22000,163.13000,1833800
1611757800,160.62000,161.99001,154.45000,155.85001,2711600
1611844200,159.99001,162.91000,157.61000,159.78999,3866800
1611930600,187.73000,188.34000,167.33000,169.25000,9055500
1612189800,174.30000,186.50000,174.30000,185.78999,5643300
1612276200,188.58000,189.70000,181.35001,185.49001,3755500
1612362600,186.47000,186.75000,179.07001,179.46001,3185400
1612449000,178.20000,181.00000,172.89000,179.10001,5007300
1612535400,180.09000,182.00000,178.24001,178.95000,2509000
1612794600,180.32001,182.50000,178.53000,181.57001,2182700
1612881000,180.74001,186.69000,180.62000,182.91000,2504500
1612967400,184.70000,186.60001,181.20000,185.28999,2018700
1613053800,186.88000,189.49001,184.23000,188.75999,2072900
1613140200,187.67000,190.34000,186.17999,189.50000,1903700
1613485800,191.21001,195.82001,191.06000,194.14000,2491700
1613572200,192.86000,193.78000,187.70000,192.09000,2127300
1613658600,189.10001,190.71001,185.53000,187.91000,2389700
1613745000,190.12000,193.41000,189.42000,192.17000,2016600
1614004200,189.48000,192.00000,183.64000,183.92999,2459900
1614090600,181.67000,185.33000,174.50999,183.75000,2556400
1614177000,181.71001,190.58000,180.03999,190.36000,2321800
1614263400,186.55000,188.87000,175.00000,176.14000,3717000
1614349800,179.36000,180.72000,173.91000,177.82001,2914000
1614609000,181.10001,186.78999,178.64999,186.46001,2115600
1614695400,187.31000,187.31000,179.83000,179.89000,1575400
1614781800,180.75000,181.22000,175.07001,175.21001,1827900
1614868200,174.14000,175.28999,163.69000,167.21001,2990500
1614954600,168.20000,173.71001,159.53999,173.44000,3579800
1615213800,171.28999,172.64000,161.00000,161.20000,3494600
1615300200,167.62000,173.34000,164.42999,172.41000,2589100
1615386600,171.69000,174.39999,166.27000,167.66000,2852000
1615473000,173.06000,176.64999,172.73000,173.75000,2371900
1615559400,169.58000,172.69000,167.91000,172.31000,1590200
1615815000,173.60001,178.97000,171.67999,178.78999,1893800
1615901400,180.95000,184.34000,179.78000,181.03999,1954400
1615987800,179.46001,184.03000,176.67999,182.81000,1772900
1616074200,179.23000,180.34000,174.41000,174.69000,1744800
1616160600,175.56000,177.38000,172.00999,175.78999,2604800
1616419800,177.33000,182.55000,176.10001,179.82001,1498900
1616506200,181.83000,181.83000,174.37000,175.38000,1279000
1616592600,177.88000,177.92000,171.00999,171.19000,1820300
1616679000,167.38000,172.89999,166.05000,172.13000,1741100
1616765400,171.48000,182.49001,171.35001,182.17999,2185900
1617024600,180.11000,180.48000,176.59000,179.32001,1898500
1617111000,177.25000,179.17999,176.11000,178.50999,1227700
1617197400,179.71001,185.21001,179.58000,183.48000,2325000
1617283800,186.00000,188.52000,184.78000,187.70000,2757900
1617629400,191.41000,191.97000,188.17000,191.64999,1815400
1617715800,190.10001,191.11000,186.45000,188.88000,1600200
1617802200,189.23000,189.34000,185.96001,187.23000,1143600
1617888600,189.81000,190.50000,187.60001,189.66000,1757300
1617975000,188.00000,188.98000,186.55000,188.73000,1191000
1618234200,187.64999,188.30000,186.09000,188.12000,1090500
1618320600,189.03999,190.42999,186.42000,189.28999,1081200
1618407000,188.41000,194.49001,186.64999,187.84000,2047300
1618493400,190.12000,191.81000,188.22000,190.64999,1264700
1618579800,190.46001,192.84000,189.42999,189.75999,1610500
1618839000,188.67999,189.92999,184.37000,185.87000,1417600
1618925400,185.53999,186.44000,181.30000,182.72000,1106100
1619011800,182.83000,186.85001,181.53999,186.62000,1518400
1619098200,186.34000,187.10001,182.17999,183.42000,1366900
1619184600,191.99001,193.95000,189.77000,190.92000,2426700
1619443800,194.84000,201.99001,192.83000,199.66000,3746800
1619530200,201.17999,201.49001,196.45000,197.39999,2057800
1619616600,197.67000,198.75000,194.78999,196.41000,1538700
1619703000,202.83000,204.00000,195.10001,197.86000,3336000
1619789400,184.60001,186.75999,180.59000,181.33000,7121100
1620048600,182.00000,183.17000,175.25000,176.34000,4208100
1620135000,174.69000,174.69000,170.10001,173.57001,3334400
1620221400,174.71001,176.72000,172.53999,174.00999,1925500
1620307800,173.25000,176.30000,171.74001,175.92999,1769400
1620394200,177.98000,178.21001,173.61000,175.12000,1918100
1620653400,171.44000,171.62000,165.84000,165.95000,3600000
1620739800,160.98000,167.39999,160.21001,166.89000,2505600
1620826200,162.78999,164.97000,160.64999,161.53000,2347700
1620912600,163.48000,165.25000,160.67999,162.19000,1641000
1620999000,164.77000,167.23000,163.25999,165.45000,1903600
1621258200,163.98000,164.28999,161.00999,164.16000,1329600
1621344600,165.52000,165.99001,162.95000,162.97000,1051500
1621431000,160.94000,166.66000,159.77000,166.37000,1871200
1621517400,166.89999,169.80000,166.89999,168.63000,1434500
1621603800,169.53999,170.48000,166.23000,166.70000,1518900
1621863000,168.17000,170.17000,166.87000,168.88000,1180100
1621949400,170.25000,171.66000,169.00999,170.03000,1532500
1622035800,170.08000,171.19000,167.39000,168.85001,1487200
1622122200,167.42999,172.38000,166.50000,170.87000,2342000
1622208600,172.28999,172.47000,169.64999,170.00000,1353500
1622554200,171.02000,173.23000,169.03000,170.39000,1460300
1622640600,170.14000,172.38000,168.91000,171.81000,973700
1622727000,169.50999,170.21001,167.14999,167.23000,1457200
1622813400,168.30000,171.89999,168.17000,170.41000,1292800
1623072600,169.53999,170.42000,167.75999,169.72000,1306900
1623159000,171.75999,172.14999,167.91000,168.23000,1143200
1623245400,169.11000,169.75000,167.67999,168.53000,984300
1623331800,168.78000,171.00000,167.75999,169.41000,1193500
1623418200,170.71001,171.19000,169.52000,171.12000,912500
1623677400,171.70000,174.03000,170.89999,173.83000,1095900
1623763800,173.57001,174.28999,171.38000,171.66000,1219300
1623850200,172.48000,173.05000,169.27000,170.98000,1236300
1623936600,170.02000,174.09000,170.02000,172.46001,1458100
1624023000,170.00999,171.27000,167.50000,168.31000,2282600
1624282200,168.74001,172.72000,168.63000,171.53999,1335900
1624368600,171.95000,172.96001,170.89999,171.78999,1085100
1624455000,171.88000,175.13000,171.88000,173.23000,992100
1624541400,175.31000,178.66000,175.10001,177.78999,1430700
1624627800,179.05000,181.20000,177.00000,178.70000,3458200
1624887000,179.23000,184.30000,179.10001,182.70000,2122500
1624973400,184.92999,191.71001,184.25000,190.95000,2964100
1625059800,190.89000,192.35001,188.72000,191.75000,1897300
1625146200,191.64999,191.83000,188.50000,189.00999,1726900
1625232600,190.53999,193.64000,189.73000,191.32001,1641800
1625578200,190.62000,191.67999,188.75000,190.46001,1333200
1625664600,192.45000,192.70000,186.36000,188.28000,1188400
1625751000,184.00000,187.50000,182.24001,186.41000,1454100
1625837400,186.96001,189.83000,185.33000,189.57001,1137500
1626096600,190.13000,191.67999,188.71001,191.20000,853100
1626183000,190.50999,191.05000,188.64999,189.58000,776100
1626269400,194.39999,197.60001,190.64999,191.57001,2282900
1626355800,191.70000,192.34000,188.14999,190.48000,1657100
1626442200,190.89000,192.83000,187.72000,188.11000,1116700
1626701400,185.34000,187.31000,183.97000,187.14999,1597600
1626787800,187.64999,190.70000,185.66000,189.42000,1242900
1626874200,189.45000,193.03999,189.44000,193.00000,1153900
1626960600,191.64000,192.50000,190.13000,191.03999,1186500
1627047000,192.22000,193.42999,190.64000,192.66000,1340800
1627306200,192.27000,193.39000,190.32001,192.78999,917200
1627392600,193.85001,193.95000,184.53999,188.16000,1897000
1627479000,189.30000,192.60001,188.42999,192.07001,1175300
1627565400,192.00000,197.62000,192.00000,196.67000,2190500
1627651800,184.62000,185.92000,177.67000,184.50999,7405100
1627911000,184.92999,188.75999,184.52000,187.33000,2643400
1627997400,188.70000,189.67999,185.53000,188.19000,1716500
1628083800,187.59000,188.61000,185.42000,186.78999,1428900
1628170200,186.75000,187.94000,184.53000,185.78999,1544700
1628256600,184.25000,186.70000,183.89999,186.03000,1222800
1628515800,186.30000,186.67999,184.28999,185.70000,837100
1628602200,186.39000,186.97000,183.14000,184.82001,1072900
1628688600,186.09000,186.14000,183.19000,184.78000,979400
1628775000,184.14999,184.28000,181.55000,183.28000,936400
1628861400,183.62000,184.00000,182.50999,183.39000,912200
1629120600,182.00000,182.30000,180.06000,181.67000,974300
1629207000,180.50000,180.50000,177.19000,178.66000,1331700
1629293400,177.57001,179.19000,174.98000,175.25000,1733500
1629379800,174.31000,178.00000,173.30000,177.23000,1303100
1629466200,177.36000,179.14000,177.00000,178.88000,1022700
1629725400,179.99001,181.32001,178.62000,180.92000,1297400
1629811800,181.67000,182.89999,181.32001,182.07001,892000
1629898200,182.32001,183.09000,180.38000,181.08000,1009400
1629984600,180.75000,181.72000,179.66000,180.91000,874800
1630071000,180.82001,184.17000,180.56000,183.45000,995400
1630330200,184.67000,186.66000,183.77000,186.10001,1610100
1630416600,186.87000,186.87000,182.20000,183.46001,1577200
1630503000,184.74001,184.74001,181.59000,181.66000,1434500
1630589400,182.14000,183.28999,180.59000,183.27000,934300
1630675800,183.27000,185.42999,182.82001,183.00999,828300
1631021400,183.33000,183.70000,180.66000,181.45000,827600
1631107800,180.75000,180.88000,176.39000,177.71001,1204800
1631194200,177.50000,180.03000,177.24001,177.42999,799200
1631280600,178.45000,180.74001,177.10001,177.33000,1076800
1631539800,178.64000,181.27000,177.10001,181.22000,1246400
1631626200,182.21001,182.24001,177.70000,178.13000,1528200
1631712600,178.30000,178.30000,175.64999,176.77000,1100900
1631799000,175.50000,178.91000,174.36000,178.74001,1209800
1631885400,178.42000,178.42000,173.60001,175.25999,2231700
1632144600,172.00000,172.09000,167.85001,170.45000,1767800
1632231000,171.69000,173.10001,169.87000,170.85001,1326400
1632317400,170.80000,174.17999,170.63000,172.92000,1096000
1632403800,173.84000,175.44000,173.17000,173.34000,847200
1632490200,172.36000,173.91000,171.24001,172.64999,660500
1632749400,170.50999,173.78999,169.50000,171.73000,1175000
1632835800,168.57001,170.92000,166.69000,166.80000,1695200
1632922200,167.72000,168.71001,166.22000,166.55000,1240500
1633008600,167.67000,169.07001,164.27000,164.78000,1275200
1633095000,165.80000,166.20000,161.78999,163.92000,1700300
1633354200,163.20000,163.41000,159.12000,159.69000,2347800
1633440600,160.55000,162.00999,158.69000,160.34000,2027400
1633527000,158.63000,161.42999,157.55000,161.13000,1325800
1633613400,162.81000,165.36000,162.16000,162.24001,1339800
1633699800,162.92000,163.12000,160.05000,160.86000,917300
1633959000,160.66000,162.30000,159.38000,159.46001,979100
1634045400,160.00000,160.64999,157.87000,158.64999,1337200
1634131800,155.00000,157.70000,154.53000,155.22000,2763000
1634218200,156.89999,160.37000,156.61000,160.24001,1582600
1634304600,161.22000,162.41000,160.05000,160.53000,1072900
1634563800,159.33000,161.41000,158.14999,161.28000,1439700
1634650200,162.22000,165.62000,161.50000,164.75000,1814600
1634736600,164.75000,166.95000,163.73000,165.64000,1380800
1634823000,165.00000,167.14999,165.00000,166.97000,782600
1634909400,166.94000,167.85001,165.00000,165.12000,1158600
1635168600,165.88000,166.00000,164.88000,165.17999,845900
1635255000,167.12000,167.67000,163.95000,164.33000,1189300
1635341400,164.08000,168.37000,163.16000,165.89999,1304000
1635427800,166.88000,170.31000,166.78000,169.84000,1382300
1635514200,167.64999,169.61000,165.64999,167.13000,1598700
1635773400,167.31000,169.83000,166.89999,169.80000,1102400
1635859800,170.14999,172.06000,169.64000,170.75000,1292500
1635946200,171.14000,174.14000,170.00000,173.50999,1593300
1636032600,172.27000,172.53999,167.05000,171.38000,3401700
1636119000,168.21001,168.89999,159.20000,164.06000,6146700
1636381800,164.91000,169.28999,162.86000,167.77000,3349400
1636468200,167.98000,168.39999,163.70000,164.16000,1915000
1636554600,163.13000,164.28000,160.02000,160.31000,1904200
1636641000,161.95000,162.35001,159.60001,161.99001,1504700
1636727400,162.27000,165.02000,161.85001,164.56000,1569700
1636986600,165.17999,165.70000,162.71001,163.21001,1425200
1637073000,162.92000,164.58000,162.45000,163.77000,1792800
1637159400,163.25999,164.71001,162.25000,162.97000,1780900
1637245800,165.50999,165.78999,161.50999,163.11000,2038400
1637332200,162.44000,163.17000,160.50999,160.71001,1688100
1637591400,161.06000,161.25999,156.50000,156.53000,1698500
1637677800,156.11000,158.38000,154.02000,156.80000,1952200
1637764200,155.88000,157.12000,151.30000,157.03999,1949500
1637937000,154.75999,156.58000,151.58000,152.48000,1667800
1638196200,154.12000,155.34000,151.42999,154.92000,2166700
1638282600,153.98000,156.25999,150.45000,151.66000,3150100
1638369000,153.71001,156.11000,150.00000,150.17000,1854700
1638455400,146.31000,151.45000,144.27000,149.70000,2812100
1638541800,151.50999,152.88000,147.74001,149.41000,1692200
1638801000,150.02000,153.37000,147.98000,152.42000,1730800
1638887400,155.00000,158.20000,154.72000,157.32001,1770700
1638973800,157.00000,161.57001,155.17999,160.08000,1806700
1639060200,159.23000,163.78000,159.00000,161.02000,2137500
1639146600,163.47000,164.47000,159.92999,162.48000,1695400
1639405800,162.24001,163.34000,158.89000,159.50999,1395800
1639492200,159.16000,161.33000,158.39999,159.38000,1369500
1639578600,159.64999,160.13000,153.80000,159.94000,2427500
1639665000,160.62000,161.41000,142.00000,146.39000,7011000
1639751400,144.77000,152.80000,144.59000,151.70000,4996100
1640010600,149.47000,151.33000,148.64999,149.91000,1512800
1640097000,152.03999,152.72000,149.45000,152.63000,1200300
1640183400,152.14999,152.63000,150.53999,152.42000,935400
1640269800,152.56000,154.81000,151.92000,153.42000,882700
1640615400,153.67999,155.39999,152.75999,155.36000,1228300
1640701800,156.39999,156.81000,154.86000,155.94000,1110300
1640788200,156.10001,158.48000,156.08000,156.37000,826100
1640874600,156.50000,158.05000,155.41000,155.80000,1048100
1640961000,155.80000,157.03000,155.06000,155.14000,859000
1641220200,155.64999,160.60001,155.64999,159.78000,2224800
1641306600,160.81000,163.47000,157.30000,161.25000,1550300
1641393000,160.58000,162.89000,157.96001,158.08000,1909600
1641479400,158.09000,160.62000,156.44000,158.14000,1502900
1641565800,158.71001,159.78000,154.09000,154.21001,1685300
1641825000,152.35001,154.28999,149.36000,154.09000,2181400
1641911400,151.63000,156.64999,151.22000,156.09000,1642200
1641997800,157.53000,159.03000,154.66000,156.11000,1154300
1642084200,156.72000,158.03000,152.25999,152.62000,1525300
1642170600,151.10001,155.77000,151.00000,155.64999,1225200
1642516200,153.23000,153.74001,150.10001,151.64999,1837500
1642602600,152.07001,152.45000,145.36000,145.88000,2124900
1642689000,147.10001,148.82001,142.88000,142.99001,1946800
1642775400,142.42999,145.02000,139.61000,139.89999,1999800
1643034600,138.17000,143.99001,134.36000,143.84000,2709100
1643121000,140.22000,143.20000,137.67999,139.81000,1954400
1643207400,143.13000,147.86000,139.96001,142.03000,2357100
1643293800,143.94000,144.24001,135.67999,137.35001,2705200
1643380200,138.66000,140.09000,133.78000,139.97000,2084900
1643639400,139.53999,146.78000,139.00999,146.52000,2091500
1643725800,146.25000,146.71001,142.35001,146.31000,1717600
1643812200,147.50000,148.74001,145.39999,148.47000,2001300
1643898600,144.20000,145.08000,138.35001,138.53999,3766000
1643985000,134.69000,135.86000,129.72000,135.10001,4247100
1644244200,136.00999,137.96001,135.24001,136.09000,2530400
1644330600,135.85001,140.63000,134.86000,140.24001,1998100
1644417000,141.80000,144.52000,138.63000,143.94000,2328200
1644503400,141.36000,145.82001,140.00000,140.86000,2113800
1644589800,141.14999,141.45000,132.25000,133.13000,2574600
1644849000,133.25000,137.12000,133.23000,134.73000,2096900
1644935400,137.25000,139.88000,136.36000,139.59000,1569600
1645021800,137.89999,140.82001,137.22000,140.20000,1172400
1645108200,138.37000,138.94000,136.31000,136.42000,1657000
1645194600,136.22000,138.39999,134.50000,136.58000,1796900
1645540200,135.14000,138.28999,133.35001,134.86000,2287400
1645626600,136.80000,138.70000,133.25000,133.38000,1894000
1645713000,129.00000,139.03999,128.42000,138.83000,2474800
1645799400,138.92000,139.85001,136.19000,139.32001,2045800
1646058600,137.99001,139.71001,135.53000,138.17000,1697700
1646145000,137.22000,138.80000,132.08000,133.05000,1923200
1646231400,133.89999,137.71001,133.28000,136.82001,1635800
1646317800,138.36000,138.77000,135.42999,136.86000,1924100
1646404200,136.02000,137.20000,133.95000,135.89000,1810700
1646663400,136.20000,136.96001,128.61000,128.77000,2382200
1646749800,129.23000,136.77000,127.81000,132.08000,2033800
1646836200,135.69000,136.00000,132.99001,134.16000,1826200
1646922600,131.92000,132.92999,128.89999,131.47000,1262400
1647009000,133.00000,133.39000,127.34000,127.54000,1388300
1647264600,127.27000,127.80000,118.99000,120.56000,3497700
1647351000,121.37000,125.91000,120.79000,125.49000,2366600
1647437400,127.20000,131.30000,125.41000,131.07001,2205900
1647523800,130.46001,132.98000,129.05000,132.96001,1500500
1647610200,131.55000,135.25999,130.38000,135.17999,4522100
1647869400,134.67000,136.10001,132.21001,134.53999,2237100
1647955800,134.42999,138.75000,134.42999,137.52000,1919600
1648042200,136.36000,137.91000,133.30000,133.30000,1190100
1648128600,135.02000,138.50999,133.47000,138.42999,1363600
1648215000,138.89999,139.02000,135.91000,138.00000,1073600
1648474200,136.10001,137.25999,132.71001,137.06000,1694400
1648560600,139.63000,141.25999,137.92999,140.28999,1461800
1648647000,139.32001,139.46001,135.80000,136.39999,1501300
1648733400,136.41000,137.30000,133.14000,133.28000,1713800
1648819800,133.98000,134.56000,128.33000,132.03000,2150000
1649079000,133.24001,136.20000,132.55000,134.28000,1604900
1649165400,133.62000,134.08000,127.80000,127.92000,2290600
1649251800,125.96000,127.69000,124.00000,124.48000,2707000
1649338200,123.46000,124.83000,120.30000,123.06000,2440900
1649424600,122.79000,124.14000,120.97000,122.28000,1417200
1649683800,121.41000,124.35000,120.82000,120.94000,1973000
1649770200,122.37000,123.57000,119.92000,120.34000,1547200
1649856600,120.58000,123.20000,119.76000,122.37000,1466800
1649943000,123.01000,123.13000,117.65000,117.73000,2220400
1650288600,117.30000,120.00000,117.16000,119.26000,1593100
1650375000,119.49000,122.20000,118.16000,122.00000,1564300
1650461400,123.11000,123.82000,120.41000,120.81000,1477000
1650547800,122.72000,124.19000,117.83000,118.13000,1978200
1650634200,117.99000,118.91000,114.89000,115.10000,1898900
1650893400,114.63000,118.03000,113.26000,117.88000,1517500
1650979800,116.51000,116.78000,112.37000,112.39000,1713400
1651066200,111.20000,115.22000,111.20000,112.06000,1882600
1651152600,114.00000,119.07000,112.50000,117.65000,2567800
1651239000,116.50000,119.00000,113.05000,113.30000,2131800
1651498200,114.01000,118.70000,113.54000,118.51000,2169700
1651584600,118.29000,120.79000,116.97000,119.47000,2482100
1651671000,114.14000,114.83000,103.13000,113.53000,8950500
1651757400,111.13000,111.16000,105.48000,107.44000,3734500
1651843800,107.19000,107.87000,103.41000,105.71000,2872200
1652103000,104.33000,106.42000,101.84000,102.17000,2514700
1652189400,104.23000,104.93000,100.07000,102.76000,2639600
1652275800,101.99000,103.81000,99.20000,99.32000,2228100
1652362200,98.28000,101.38000,97.59000,99.95000,2537500
1652448600,101.41000,104.08000,100.73000,103.48000,2414100
1652707800,103.12000,103.48000,101.48000,101.99000,1461300
1652794200,104.16000,107.48000,103.02000,106.85000,2765000
1652880600,105.12000,105.99000,101.40000,101.79000,2797300
1652967000,101.45000,103.77000,100.02000,101.25000,2061400
1653053400,103.39000,103.51000,98.88000,103.00000,2667300
1653312600,102.89000,103.25000,100.79000,102.27000,1390600
1653399000,101.26000,101.26000,98.51000,99.88000,1775100
1653485400,99.65000,102.24000,99.16000,101.70000,1511600
1653571800,100.99000,105.33000,100.53000,104.54000,2244000
1653658200,105.80000,108.73000,105.80000,108.71000,2447700
1654003800,108.92000,109.63000,106.50000,108.87000,2414400
1654090200,109.70000,109.97000,105.70000,107.27000,1599900
1654176600,106.98000,110.88000,106.35000,110.84000,1811000
1654263000,108.35000,108.50000,106.50000,106.71000,1401100
1654522200,108.54000,109.17000,105.90000,106.84000,981900
1654608600,105.90000,108.94000,105.21000,108.64000,1081400
1654695000,108.34000,109.11000,105.98000,106.66000,1144600
1654781400,105.42000,106.88000,103.47000,103.47000,1552000
1654867800,101.73000,102.64000,99.68000,100.25000,1564900
1655127000,97.67000,98.96000,92.72000,93.17000,3055100
1655213400,94.14000,94.70000,91.83000,92.76000,2790100
1655299800,94.01000,96.00000,92.23000,94.62000,1861600
1655386200,91.86000,92.00000,88.76000,89.75000,3007300
1655472600,90.42000,91.77000,89.12000,90.16000,4539100
1655818200,91.84000,93.85000,91.56000,93.20000,2480600
1655904600,91.94000,93.44000,91.08000,92.34000,1777100
1655991000,93.33000,94.35000,91.89000,94.27000,2218500
1656077400,95.73000,98.37000,94.86000,98.03000,4185500
1656336600,99.40000,100.70000,97.60000,98.09000,2302200
1656423000,98.68000,100.57000,96.05000,96.22000,2135100
1656509400,93.33000,94.55000,92.10000,93.87000,1990400
1656595800,92.77000,94.37000,90.92000,92.64000,1892000
1656682200,91.93000,92.69000,89.43000,91.12000,1791000
1657027800,89.39000,93.85000,89.14000,93.85000,2372500
1657114200,94.68000,96.45000,93.83000,95.53000,1928500
1657200600,97.58000,98.64000,96.88000,98.23000,1847500
1657287000,96.97000,98.80000,96.40000,97.87000,1187300
1657546200,96.32000,97.37000,95.19000,95.42000,1688200
1657632600,96.16000,97.84000,95.74000,96.51000,1520900
1657719000,94.47000,98.38000,94.47000,97.88000,1784900
1657805400,97.53000,99.87000,96.02000,99.42000,1682200
1657891800,100.00000,101.18000,98.74000,101.06000,1666800
1658151000,102.59000,102.59000,99.39000,99.96000,1626600
1658237400,101.44000,104.54000,100.84000,104.24000,2393100
1658323800,104.17000,107.38000,103.50000,106.94000,2101700
1658410200,107.13000,108.24000,106.13000,108.15000,1127300
1658496600,107.97000,108.35000,104.97000,106.07000,1325200
1658755800,105.45000,105.94000,104.24000,105.84000,1212400
1658842200,104.88000,104.88000,102.57000,102.87000,1871500
1658928600,104.88000,107.69000,104.34000,107.04000,1964500
1659015000,106.84000,107.76000,104.91000,107.67000,1505300
1659101400,107.64000,109.12000,106.88000,108.88000,1392600
1659360600,108.30000,110.39000,107.35000,109.41000,1324800
1659447000,108.40000,109.71000,107.41000,108.13000,959200
1659533400,108.52000,112.13000,108.52000,111.92000,2220800
1659619800,111.33000,113.78000,109.47000,113.52000,3792900
1659706200,112.98000,114.63000,111.29000,112.66000,2723200
1659965400,112.18000,113.38000,110.75000,112.13000,2725500
1660051800,109.65000,109.96000,105.32000,106.79000,2465600
1660138200,109.63000,111.88000,108.60000,111.01000,1725000
1660224600,111.81000,113.64000,110.06000,110.25000,1203900
1660311000,111.37000,113.97000,110.99000,113.41000,1520600
1660570200,113.20000,113.90000,111.24000,112.55000,1032500
1660656600,112.14000,112.29000,110.14000,111.27000,935100
1660743000,109.78000,109.79000,107.44000,108.78000,1186300
1660829400,108.78000,111.53000,108.20000,111.08000,2748700
1660915800,109.75000,110.56000,107.66000,108.11000,1760700
1661175000,106.34000,106.43000,103.46000,103.87000,1916300
1661261400,104.00000,105.63000,103.88000,104.48000,1158200
1661347800,103.82000,104.93000,102.98000,104.49000,1342900
1661434200,105.01000,108.47000,105.00000,108.41000,1774500
1661520600,108.13000,108.73000,102.35000,102.40000,2387700
1661779800,101.49000,102.59000,100.49000,100.83000,1468300
1661866200,102.32000,102.32000,98.55000,99.30000,1492800
1661952600,99.92000,100.07000,97.72000,98.55000,1733000
1662039000,96.92000,99.81000,96.08000,99.59000,1638600
1662125400,100.88000,101.49000,97.71000,98.40000,1495800
1662471000,99.00000,99.32000,96.40000,97.65000,1314400
1662557400,98.18000,99.81000,97.51000,99.30000,1277900
1662643800,98.33000,100.19000,97.03000,99.88000,1378700
1662730200,101.00000,103.03000,100.71000,102.64000,1357400
1662989400,103.26000,104.19000,102.50000,103.62000,1340600
1663075800,99.82000,101.13000,97.47000,97.88000,3349600
1663162200,98.54000,100.24000,97.52000,100.01000,1880700
1663248600,99.96000,102.92000,99.47000,100.20000,2899500
1663335000,99.50000,100.70000,97.38000,99.88000,2661300
1663594200,98.95000,101.04000,98.35000,99.84000,1456000
1663680600,98.95000,99.55000,97.32000,98.14000,2266400
1663767000,98.27000,102.26000,97.72000,97.76000,1733600
1663853400,97.75000,98.16000,94.84000,95.65000,1878700
1663939800,95.11000,95.52000,92.55000,94.34000,2174500
1664199000,94.27000,95.66000,92.66000,92.87000,1855500
1664285400,94.07000,94.92000,91.85000,93.26000,1473800
1664371800,91.97000,93.43000,91.38000,92.96000,2384600
1664458200,91.43000,91.60000,88.34000,89.26000,2684500
1664544600,88.30000,89.17000,85.18000,85.27000,2703100
1664803800,86.43000,88.90000,85.39000,87.88000,2526200
1664890200,89.76000,92.26000,89.76000,92.18000,3118200
1664976600,91.19000,94.05000,90.18000,93.34000,1538100
1665063000,93.46000,95.27000,92.22000,92.61000,1675900
1665149400,90.18000,90.40000,86.95000,87.20000,2592400
1665408600,87.31000,87.47000,83.29000,83.92000,1893100
1665495000,81.16000,83.13000,80.26000,81.16000,3283100
1665581400,80.93000,81.60000,79.32000,79.38000,1761300
1665667800,76.88000,85.45000,76.16000,83.80000,3758000
1665754200,85.01000,85.12000,80.41000,80.64000,2242300
1666013400,82.87000,83.51000,80.87000,81.82000,1841000
1666099800,84.04000,85.13000,80.41000,81.89000,2130100
1666186200,81.23000,82.08000,80.35000,81.69000,1399100
1666272600,82.32000,83.89000,81.07000,81.44000,1893000
1666359000,81.07000,84.59000,80.87000,84.14000,1651600
1666618200,84.20000,85.49000,82.77000,84.96000,1566000
1666704600,84.96000,87.03000,84.71000,86.68000,1818900
1666791000,85.71000,87.96000,84.85000,85.64000,1862600
1666877400,86.49000,87.07000,83.65000,83.84000,2160900
1666963800,84.53000,88.18000,84.17000,88.06000,2383000
1667223000,87.53000,87.53000,85.50000,86.01000,2191900
1667309400,87.51000,87.86000,85.59000,86.42000,1189100
1667395800,86.92000,88.02000,83.28000,83.39000,1742300
1667482200,81.90000,83.19000,80.08000,82.34000,2561700
1667568600,86.32000,89.32000,85.69000,87.93000,4232000
1667831400,88.00000,89.04000,86.86000,88.25000,2287600
1667917800,89.79000,90.79000,87.19000,88.66000,1997300
1668004200,87.84000,87.84000,85.49000,85.55000,2388100
1668090600,90.63000,93.31000,89.82000,93.23000,3512300
1668177000,93.06000,96.77000,92.69000,96.35000,1867500
1668436200,95.51000,96.53000,93.98000,94.10000,1763300
1668522600,97.93000,98.45000,95.28000,96.54000,2262200
1668609000,94.94000,95.32000,91.89000,92.39000,2189400
1668695400,90.42000,94.09000,90.35000,93.75000,1183900
1668781800,95.05000,95.19000,92.98000,94.33000,1401600
1669041000,93.06000,93.30000,91.96000,92.08000,1421300
1669127400,92.55000,94.22000,91.81000,94.18000,1809800
1669213800,94.30000,96.30000,94.19000,94.99000,1267600
1669386600,94.77000,94.93000,92.89000,92.91000,1102500
1669645800,91.55000,92.56000,90.55000,91.24000,2129500
1669732200,91.42000,92.08000,89.66000,90.27000,1530000
1669818600,90.76000,95.65000,89.14000,95.62000,3385500
1669905000,96.14000,97.00000,94.65000,94.97000,2455100
1669991400,92.99000,93.99000,91.98000,93.96000,1203000
1670250600,93.60000,94.83000,92.30000,93.74000,1517500
1670337000,93.74000,93.76000,91.17000,92.24000,1982400
1670423400,91.45000,92.57000,91.21000,91.96000,1525600
1670509800,92.64000,95.45000,92.08000,95.17000,1843200
1670596200,94.58000,95.98000,93.92000,94.52000,1839200
1670855400,93.95000,96.74000,93.54000,96.72000,1681800
1670941800,100.54000,101.73000,96.80000,98.26000,2549100
1671028200,98.27000,99.60000,95.88000,97.06000,2246800
1671114600,94.82000,95.62000,93.61000,93.74000,2584000
1671201000,92.93000,94.91000,91.88000,93.01000,10620400
1671460200,93.44000,93.77000,90.54000,91.68000,2105000
1671546600,90.43000,91.38000,89.55000,89.60000,2063200
1671633000,89.91000,92.37000,89.91000,91.90000,2190500
1671719400,89.67000,90.17000,86.50000,88.73000,2367400
1671805800,88.10000,88.89000,86.60000,88.85000,1222200
1672151400,88.06000,88.72000,86.74000,88.06000,1663900
1672237800,87.30000,88.46000,86.18000,86.80000,1430400
1672324200,87.87000,91.19000,87.66000,90.94000,1969400
1672410600,89.45000,91.24000,89.00000,91.13000,1566900
1672756200,92.20000,92.70000,90.43000,90.50000,2090900
1672842600,91.77000,93.63000,91.50000,93.48000,1966200
1672929000,92.54000,94.15000,91.99000,92.42000,1971300
1673015400,93.33000,96.04000,92.61000,95.44000,1787200
1673274600,96.92000,98.51000,95.75000,96.48000,1679700
1673361000,96.99000,97.88000,95.55000,97.51000,1500200
1673447400,98.08000,100.49000,97.23000,100.45000,1636500
1673533800,100.64000,102.52000,99.00000,101.25000,1650700
1673620200,100.10000,101.71000,99.74000,101.61000,968900
1673965800,101.14000,103.82000,101.14000,102.57000,2697900
1674052200,103.53000,104.79000,101.80000,101.80000,1485600
1674138600,100.85000,101.67000,99.75000,99.92000,1839200
1674225000,101.20000,103.20000,99.58000,103.06000,1656000
1674484200,105.75000,110.08000,104.74000,109.61000,2799300
1674570600,107.89000,109.82000,106.91000,107.31000,1729200
1674657000,105.80000,109.73000,105.50000,109.42000,1670700
1674743400,109.99000,112.17000,108.93000,112.02000,1652700
1674829800,111.02000,112.03000,110.41000,111.16000,1383500
1675089000,109.67000,110.37000,108.49000,108.58000,1557600
1675175400,108.05000,109.75000,107.82000,109.67000,1638400
1675261800,109.45000,114.48000,109.42000,113.12000,2762000
1675348200,112.93000,115.55000,111.81000,113.38000,2823600
1675434600,111.20000,114.19000,110.71000,112.48000,2339600
1675693800,111.19000,112.10000,109.11000,109.28000,2032700
1675780200,114.67000,123.69000,113.48000,122.97000,5743500
1675866600,121.42000,122.54000,119.41000,119.71000,2535900
1675953000,121.06000,123.60000,119.75000,120.87000,2770600
1676039400,120.03000,120.66000,117.64000,119.61000,2114300
1676298600,119.81000,121.42000,119.08000,120.80000,2048800
1676385000,119.49000,122.45000,119.20000,121.77000,1656300
1676471400,120.30000,121.90000,119.68000,121.73000,1590900
1676557800,119.79000,121.12000,119.05000,119.21000,1792000
1676644200,118.57000,118.58000,115.35000,115.84000,1804900
1676989800,114.09000,115.95000,112.24000,112.49000,2536000
1677076200,113.15000,113.30000,110.16000,111.16000,2349900
1677162600,113.40000,114.18000,110.77000,113.06000,1930100
1677249000,111.23000,112.32000,110.80000,112.12000,1890200
1677508200,112.88000,113.32000,111.18000,111.32000,1178600
1677594600,110.91000,112.78000,110.50000,111.57000,1220000
1677681000,111.70000,112.66000,111.19000,111.84000,1618800
1677767400,110.22000,112.41000,109.17000,111.79000,1029600
1677853800,111.70000,114.01000,110.93000,113.77000,1358100
1678113000,114.44000,115.25000,112.35000,112.77000,1588300
1678199400,112.97000,113.47000,111.72000,112.04000,1517900
1678285800,112.42000,115.22000,112.31000,114.72000,1764400
1678372200,114.62000,116.31000,112.65000,113.37000,2045800
1678458600,114.27000,114.39000,110.48000,111.29000,1996800
1678714200,109.67000,112.47000,108.60000,111.27000,1805400
1678800600,113.43000,114.33000,111.39000,113.23000,2053500
1678887000,111.04000,112.36000,109.94000,111.70000,1871700
1678973400,112.83000,116.10000,111.56000,115.73000,1785900
1679059800,116.21000,116.65000,113.15000,114.07000,2488300
1679319000,114.33000,115.79000,113.86000,115.13000,1327000
1679405400,116.00000,117.75000,114.94000,116.77000,1458500
1679491800,116.23000,118.07000,114.18000,114.32000,1888100
1679578200,115.96000,117.96000,114.55000,116.36000,1570700
1679664600,115.03000,115.59000,113.41000,114.94000,1702600
1679923800,115.47000,115.81000,112.70000,113.11000,1205300
1680010200,112.77000,113.37000,111.32000,113.30000,1246000
1680096600,115.00000,117.49000,114.50000,116.48000,1502900
1680183000,117.79000,118.42000,116.73000,117.32000,1129400
1680269400,116.50000,118.08000,116.29000,117.98000,1331800
1680528600,117.69000,117.69000,115.78000,117.39000,1068000
1680615000,117.65000,117.73000,113.33000,114.05000,1481400
1680701400,113.00000,113.20000,110.79000,112.48000,1664000
1680787800,111.32000,112.38000,110.61000,111.35000,1249600
1681133400,110.00000,112.25000,110.00000,111.79000,1701100
1681219800,112.25000,112.40000,110.13000,110.44000,1291600
1681306200,111.12000,111.12000,107.56000,107.89000,1549600
1681392600,107.70000,109.30000,106.62000,108.72000,1857600
1681479000,108.82000,110.66000,108.78000,110.08000,2013100
1681738200,109.28000,111.34000,109.20000,110.60000,1313600
1681824600,110.96000,111.38000,109.46000,110.84000,1574000
1681911000,109.92000,109.93000,108.44000,109.26000,1738300
1681997400,109.05000,110.64000,107.75000,108.48000,1665400
1682083800,107.82000,107.86000,106.14000,106.72000,1495900
1682343000,107.00000,107.04000,105.23000,106.16000,1536200
1682429400,105.39000,105.44000,101.59000,101.69000,1858200
1682515800,102.18000,103.42000,101.38000,102.80000,2188600
1682602200,102.66000,104.60000,100.54000,103.91000,2271000
1682688600,104.09000,106.06000,103.74000,105.90000,1622000
1682947800,105.82000,106.26000,105.00000,105.57000,1246900
1683034200,106.00000,106.95000,104.53000,105.40000,1642400
1683120600,105.66000,107.81000,105.06000,105.22000,2008700
1683207000,104.44000,104.78000,101.33000,102.14000,2945000
1683293400,103.33000,104.57000,102.21000,104.12000,1638100
1683552600,104.29000,105.52000,103.45000,105.24000,2832600
1683639000,92.08000,100.90000,92.07000,99.82000,11583000
1683725400,99.98000,101.29000,97.90000,98.56000,2539500
1683811800,98.31000,98.31000,95.90000,96.91000,2926600
1683898200,97.53000,97.56000,96.09000,97.14000,1304700
1684157400,97.30000,99.55000,96.84000,99.49000,1856100
1684243800,99.02000,99.85000,96.36000,96.43000,1581300
1684330200,97.48000,99.34000,96.65000,99.09000,1970400
1684416600,99.66000,102.53000,99.29000,102.11000,1757800
1684503000,102.02000,102.14000,101.00000,101.66000,1117300
1684762200,100.72000,102.99000,100.65000,102.50000,1038900
1684848600,100.53000,102.42000,100.53000,100.83000,1655100
1684935000,99.33000,100.12000,97.93000,98.79000,1352700
1685021400,98.45000,100.37000,96.90000,99.98000,2358300
1685107800,99.81000,105.73000,99.81000,105.05000,2760600
1685453400,107.31000,107.49000,103.93000,104.97000,1829300
1685539800,103.01000,104.67000,102.52000,103.51000,2601900
1685626200,104.51000,106.88000,102.91000,105.89000,1768300
1685712600,106.62000,106.92000,103.89000,105.12000,1376300
1685971800,105.08000,105.10000,102.35000,102.62000,1731600
1686058200,102.10000,104.68000,101.87000,103.57000,1065200
1686144600,104.36000,107.20000,104.02000,105.01000,1082700
1686231000,105.70000,106.02000,104.03000,105.26000,829900
1686317400,105.93000,106.25000,104.02000,104.49000,1091600
1686576600,104.98000,107.31000,104.54000,107.12000,1456300
1686663000,109.00000,110.35000,108.41000,109.70000,1640600
1686749400,109.71000,110.42000,108.43000,109.89000,1385900
1686835800,108.24000,110.61000,107.80000,109.57000,1999500
1686922200,111.07000,111.07000,108.91000,109.26000,3653000
1687267800,108.29000,109.46000,106.29000,107.30000,1868800
1687354200,106.74000,106.74000,104.24000,104.26000,1627000
1687440600,103.42000,104.35000,102.91000,103.74000,1275400
1687527000,102.00000,102.48000,101.53000,102.02000,1631600
1687786200,102.99000,105.55000,102.82000,104.60000,1272000
1687872600,104.55000,108.28000,103.92000,108.12000,1595400
1687959000,106.73000,108.43000,106.22000,108.15000,1534000
1688045400,108.71000,109.99000,107.85000,109.88000,1505800
1688131800,110.89000,111.60000,109.86000,110.69000,1638000
1688391000,111.09000,112.42000,110.03000,111.70000,970100
1688563800,110.26000,110.64000,107.29000,107.30000,1778900
1688650200,105.96000,108.89000,105.77000,108.69000,2005600
1688736600,109.05000,109.82000,107.88000,108.34000,1748900
1688995800,108.84000,112.53000,108.64000,112.23000,1466200
1689082200,112.57000,113.17000,109.70000,111.19000,1191500
1689168600,112.97000,113.24000,111.25000,112.85000,1331600
1689255000,113.93000,114.47000,112.59000,114.25000,1829900
1689341400,113.46000,113.85000,111.16000,111.75000,1586800
1689600600,111.50000,115.69000,111.14000,114.92000,1369800
1689687000,114.31000,115.68000,113.51000,115.04000,957400
1689773400,115.41000,115.62000,114.04000,114.50000,1057700
1689859800,111.88000,113.21000,110.68000,111.48000,1884000
1689946200,112.87000,114.42000,111.63000,112.98000,1587300
1690205400,113.00000,114.63000,112.00000,112.59000,1280000
1690291800,113.18000,113.67000,112.63000,112.88000,1775400
1690378200,111.64000,114.06000,111.25000,112.71000,1977400
1690464600,115.11000,115.51000,111.58000,112.49000,2340100
1690551000,114.56000,114.81000,113.41000,114.16000,1742000
1690810200,114.45000,115.14000,114.01000,114.37000,1102000
1690896600,113.33000,114.50000,112.94000,113.92000,1030700
1690983000,112.61000,113.22000,110.10000,110.75000,2765800
1691069400,109.99000,110.21000,107.13000,109.08000,1983200
1691155800,108.15000,111.23000,108.12000,109.30000,1774200
1691415000,110.23000,110.89000,109.00000,110.17000,1901800
1691501400,106.59000,109.09000,105.00000,108.76000,2323700
1691587800,108.50000,109.13000,107.10000,107.22000,1396600
1691674200,108.58000,109.46000,106.32000,107.94000,1437300
1691760600,106.77000,108.38000,106.25000,107.24000,1914400
1692019800,106.50000,109.01000,106.09000,108.83000,1350600
1692106200,107.72000,108.16000,105.16000,105.50000,1248800
1692192600,105.69000,106.14000,103.47000,103.55000,1299900
1692279000,104.55000,104.67000,103.15000,103.84000,1646000
1692365400,102.87000,104.95000,102.53000,104.70000,1374100
1692624600,104.68000,107.59000,104.43000,107.04000,1713400
1692711000,108.38000,108.38000,104.69000,105.27000,1301400
1692797400,105.01000,107.92000,104.85000,107.23000,1101300
1692883800,108.35000,108.46000,103.84000,104.23000,1743300
1692970200,104.75000,105.96000,103.48000,105.39000,1267400
1693229400,105.56000,106.38000,105.02000,106.20000,955000
1693315800,105.38000,108.04000,105.38000,107.78000,1274200
1693402200,107.50000,108.32000,106.29000,107.98000,1283000
1693488600,107.57000,109.47000,107.57000,108.74000,1784300
1693575000,109.67000,109.99000,108.87000,109.68000,933400
1693920600,109.43000,110.06000,108.67000,109.13000,1111800
1694007000,109.12000,109.12000,105.29000,106.18000,1777200
1694093400,102.00000,102.13000,97.44000,98.38000,3884000
1694179800,98.50000,99.46000,98.18000,99.38000,2062400
1694439000,100.94000,100.96000,97.33000,98.23000,1574300
1694525400,97.43000,98.81000,96.46000,96.91000,2168500
1694611800,96.84000,97.86000,95.80000,96.64000,1861400
1694698200,97.86000,99.56000,97.47000,99.24000,1775300
1694784600,98.88000,99.75000,97.87000,98.21000,2874700
1695043800,97.61000,99.21000,97.61000,98.50000,1330700
1695130200,98.50000,98.61000,97.54000,97.82000,1347400
1695216600,97.00000,98.09000,96.31000,96.33000,1230900
1695303000,95.92000,97.58000,95.76000,96.28000,1797500
1695389400,96.86000,97.49000,96.25000,96.42000,1116600
1695648600,95.79000,98.35000,95.75000,97.76000,1045000
1695735000,95.79000,97.32000,95.66000,95.93000,1339900
1695821400,96.86000,96.95000,94.66000,96.30000,1301100
1695907800,96.20000,99.00000,95.83000,97.89000,1088800
1695994200,98.84000,100.72000,98.32000,98.59000,2476500
1696253400,98.48000,98.76000,96.95000,98.25000,1110500
1696339800,97.58000,98.75000,96.19000,97.03000,1326100
1696426200,97.17000,97.88000,96.53000,97.57000,1429200
1696512600,97.64000,97.92000,95.82000,96.76000,1136400
1696599000,96.55000,98.99000,95.74000,98.32000,1462800
1696858200,97.44000,98.65000,96.66000,98.22000,907000
1696944600,95.43000,99.34000,95.28000,98.30000,1814300
1697031000,98.15000,98.81000,96.34000,97.88000,1390200
1697117400,98.11000,98.41000,95.93000,96.95000,1272100
1697203800,97.09000,97.14000,94.25000,94.60000,1376300
1697463000,95.07000,96.43000,94.73000,95.84000,1549300
1697549400,94.50000,96.17000,94.04000,95.66000,1095600
1697635800,94.33000,94.60000,93.47000,94.22000,1482000
1697722200,95.15000,95.50000,93.24000,93.58000,1582700
1697808600,93.76000,94.00000,92.04000,92.19000,1144600
1698067800,91.78000,92.31000,90.37000,90.46000,1316700
1698154200,91.15000,92.07000,90.63000,91.52000,1167300
1698240600,90.43000,90.53000,88.08000,88.57000,1682100
1698327000,89.08000,90.33000,88.53000,88.61000,1494300
1698413400,89.36000,89.55000,87.79000,88.23000,1164500
1698672600,87.85000,88.14000,85.58000,86.45000,2213700
1698759000,86.42000,87.15000,85.43000,86.74000,1654100
1698845400,86.61000,87.12000,85.06000,87.06000,2139600
1698931800,88.91000,90.34000,86.67000,89.50000,3180200
1699018200,86.33000,91.54000,85.74000,91.05000,3278600
1699281000,91.22000,91.84000,88.83000,90.00000,2400200
1699367400,90.06000,90.79000,89.21000,89.36000,2462100
1699453800,89.69000,90.25000,87.72000,87.90000,2580600
1699540200,88.20000,88.69000,86.21000,86.50000,2310000
1699626600,87.45000,90.25000,87.05000,90.03000,2439100
1699885800,89.09000,89.66000,87.97000,88.91000,1991200
1699972200,91.25000,93.35000,90.38000,92.85000,2340900
1700058600,93.20000,94.67000,93.02000,94.04000,1571200
1700145000,93.78000,94.06000,92.47000,93.37000,2099900
1700231400,94.04000,94.23000,93.14000,94.20000,1572200
1700490600,93.44000,95.22000,93.19000,94.74000,1640800
1700577000,93.81000,94.20000,93.30000,93.68000,1470200
1700663400,94.93000,95.65000,94.22000,94.27000,1410800
1700836200,94.34000,95.09000,94.09000,94.90000,807900
1701095400,94.19000,95.33000,93.66000,94.60000,1278500
1701181800,94.01000,95.03000,93.52000,94.78000,1781000
1701268200,96.18000,98.09000,95.73000,96.00000,2219000
1701354600,96.73000,97.25000,95.38000,96.93000,2559400
1701441000,96.72000,98.55000,95.84000,98.19000,1383000
1701700200,97.65000,99.03000,97.47000,98.94000,1686800
1701786600,98.18000,99.16000,97.15000,99.04000,1318600
1701873000,100.16000,101.91000,99.34000,100.30000,1774400
1701959400,101.38000,102.85000,100.34000,102.28000,1394700
1702045800,102.39000,104.81000,102.22000,103.78000,1734500
1702305000,104.52000,107.36000,104.45000,106.69000,1953400
1702391400,106.25000,107.17000,106.11000,106.67000,1364200
1702477800,106.50000,109.64000,106.23000,108.97000,1892800
1702564200,109.99000,113.79000,109.88000,113.41000,3186800
1702650600,113.48000,113.76000,111.84000,112.59000,3771900
1702909800,112.05000,112.23000,110.58000,111.27000,1248900
1702996200,111.78000,111.89000,111.09000,111.61000,1724400
1703082600,111.00000,112.02000,109.52000,109.57000,2191400
1703169000,111.41000,112.80000,111.05000,112.18000,1129500
1703255400,112.49000,113.49000,111.94000,112.84000,814500
1703601000,113.25000,115.12000,112.74000,114.51000,1060700
1703687400,114.59000,114.87000,113.70000,114.41000,1140100
1703773800,114.58000,114.87000,113.88000,113.92000,1132500
1703860200,113.67000,114.13000,112.14000,112.42000,1150000
1704205800,111.00000,111.04000,107.82000,109.11000,2736000
1704292200,107.26000,107.50000,104.97000,105.21000,2713000
1704378600,103.00000,104.23000,102.25000,103.22000,1989600
1704465000,103.72000,104.73000,102.72000,103.27000,1432500
1704724200,103.64000,106.20000,103.58000,106.07000,1922000
1704810600,104.93000,105.94000,104.18000,104.58000,1359900
1704897000,104.29000,104.55000,102.40000,104.33000,1078000
1704983400,103.99000,104.58000,102.04000,103.09000,1851100
1705069800,103.29000,103.83000,101.97000,102.48000,999900
1705415400,102.00000,102.86000,100.10000,102.30000,1724300
1705501800,101.16000,101.65000,98.75000,100.22000,1685100
1705588200,102.50000,103.99000,101.17000,103.73000,2694700
1705674600,104.84000,106.71000,103.93000,106.04000,2489400
1705933800,107.00000,108.79000,106.99000,108.59000,1763100
1706020200,109.17000,110.44000,109.09000,109.79000,1629600
1706106600,110.00000,110.60000,107.15000,107.80000,2597700
1706193000,109.48000,109.49000,106.77000,107.03000,2321500
1706279400,106.01000,106.95000,104.25000,104.59000,1879300
1706538600,105.01000,106.32000,104.67000,106.15000,2135000
1706625000,105.11000,106.57000,103.67000,104.33000,3671500
1706711400,107.50000,107.69000,102.22000,104.46000,5117800
1706797800,104.52000,104.91000,100.91000,102.96000,2965600
1706884200,101.77000,101.80000,99.42000,101.16000,3140600
1707143400,101.63000,101.63000,99.61000,100.79000,2487300
1707229800,101.06000,103.08000,100.97000,103.05000,2277500
1707316200,104.14000,104.14000,101.80000,103.71000,1877600
1707402600,103.81000,105.49000,103.39000,104.59000,1891100
1707489000,104.93000,105.58000,104.04000,105.05000,1525300
1707748200,105.41000,107.52000,105.00000,106.12000,1437700
1707834600,103.02000,104.14000,102.21000,103.38000,2176700
1707921000,104.66000,106.08000,104.47000,105.83000,1740200
1708007400,106.43000,106.84000,105.28000,105.57000,1890000
1708093800,104.50000,105.49000,102.99000,103.75000,1358900
1708439400,102.46000,104.38000,102.46000,103.92000,1903900
1708525800,103.13000,103.56000,102.08000,103.52000,1425000
1708612200,105.07000,105.70000,103.70000,104.93000,2211500
1708698600,105.18000,105.27000,103.40000,103.85000,1271700
1708957800,104.11000,104.65000,103.34000,103.73000,1353900
1709044200,103.90000,105.10000,103.73000,104.17000,1256100
1709130600,103.38000,103.41000,101.69000,101.82000,1531700
1709217000,103.20000,105.32000,102.70000,104.92000,3277000
1709303400,105.61000,107.26000,104.35000,106.44000,2666600
1709562600,106.44000,106.46000,104.43000,104.90000,2124200
1709649000,103.36000,103.47000,99.60000,100.33000,2367800
1709735400,103.91000,106.95000,102.00000,104.50000,5740500
1709821800,104.78000,108.34000,104.78000,107.80000,3101800
1709908200,108.00000,108.46000,106.28000,106.32000,2709500
1710163800,105.81000,108.00000,105.64000,107.65000,2560300
1710250200,108.78000,109.43000,107.07000,109.32000,2379000
1710336600,108.64000,109.32000,106.88000,107.38000,2528300
1710423000,106.93000,107.58000,104.04000,105.13000,2648900
1710509400,103.50000,105.75000,103.49000,104.07000,14280700
1710768600,105.50000,106.20000,102.84000,103.09000,2134200
1710855000,102.66000,104.18000,101.89000,103.53000,1849600
1710941400,103.72000,106.19000,103.30000,105.56000,1712200
1711027800,107.17000,109.12000,106.10000,106.17000,2933000
1711114200,105.63000,106.48000,105.14000,105.57000,1760500
1711373400,104.46000,105.47000,103.60000,104.96000,1353500
1711459800,105.11000,106.10000,103.92000,104.02000,2132700
1711546200,105.15000,107.99000,104.72000,107.89000,2226300
1711632600,107.84000,109.41000,107.54000,108.32000,1718000
1711978200,108.12000,109.62000,106.56000,107.04000,2229700
1712064600,105.79000,107.13000,105.78000,106.63000,1766100
1712151000,105.40000,107.24000,104.67000,106.94000,1462000
1712237400,108.56000,108.90000,104.67000,104.74000,2230200
1712323800,104.86000,105.72000,104.13000,105.48000,1395400
1712583000,102.87000,104.89000,102.82000,104.14000,2643000
1712669400,105.17000,107.02000,104.76000,106.90000,1418400
1712755800,105.01000,106.02000,101.98000,102.77000,2108700
1712842200,103.45000,104.91000,102.04000,104.33000,1859100
1712928600,102.61000,103.76000,101.21000,101.55000,2095800
1713187800,102.76000,102.91000,99.33000,100.24000,1956700
1713274200,100.62000,100.73000,98.95000,99.01000,1774200
1713360600,99.49000,99.60000,98.13000,98.47000,2167200
1713447000,97.83000,98.98000,97.04000,97.62000,2202300
1713533400,97.03000,97.81000,95.65000,96.11000,2649800
1713792600,96.70000,98.74000,95.82000,98.11000,1834300
1713879000,97.91000,99.96000,97.62000,99.30000,2017000
1713965400,101.84000,102.64000,100.35000,101.12000,1904500
1714051800,100.74000,103.56000,100.31000,102.95000,2473300
1714138200,102.70000,104.79000,102.70000,104.30000,1578100
1714397400,104.75000,108.04000,104.75000,107.86000,2601700
1714483800,107.29000,108.94000,106.55000,106.59000,3594100
1714570200,91.07000,94.00000,89.78000,90.30000,9095600
1714656600,91.01000,92.24000,89.09000,89.72000,4018700
1714743000,92.19000,93.49000,90.90000,92.51000,3562800
1715002200,92.79000,92.98000,91.50000,91.78000,2145000
1715088600,92.44000,93.47000,92.08000,92.56000,1686100
1715175000,91.75000,93.31000,91.51000,93.24000,1845400
1715261400,92.80000,93.22000,92.03000,92.25000,2366900
1715347800,92.45000,92.75000,91.29000,92.20000,1772700
1715607000,92.39000,94.09000,92.39000,93.90000,1661700
1715693400,94.74000,95.71000,94.22000,94.42000,1815800
1715779800,95.25000,95.25000,93.37000,94.39000,2399400
1715866200,94.01000,95.24000,93.60000,94.09000,2197000
1715952600,94.80000,94.80000,92.81000,93.62000,1572300
1716211800,93.16000,94.62000,93.02000,94.05000,1806100
1716298200,92.68000,93.44000,91.55000,92.45000,1631400
1716384600,93.36000,93.84000,92.18000,93.43000,2314600
1716471000,94.09000,94.11000,90.61000,91.21000,2289600
1716557400,92.15000,92.48000,91.38000,92.16000,1705900
1716903000,92.51000,93.13000,90.82000,91.35000,2568200
1716989400,90.00000,91.00000,89.88000,90.02000,2417300
1717075800,90.72000,91.62000,90.00000,90.68000,1914900
1717162200,91.00000,92.75000,89.53000,92.66000,2445500
1717421400,93.31000,93.38000,90.37000,91.39000,1756500
1717507800,91.41000,91.45000,89.58000,90.68000,2115500
1717594200,91.50000,92.35000,90.12000,92.28000,2075600
1717680600,91.72000,92.32000,90.76000,91.72000,1556700
1717767000,91.59000,91.81000,90.49000,90.81000,1304100
1718026200,90.08000,94.34000,90.00000,93.52000,2431200
1718112600,93.06000,96.43000,91.76000,96.22000,3307500
1718199000,97.88000,103.85000,97.75000,102.64000,6255100
1718285400,102.89000,107.00000,101.93000,106.33000,5540800
1718371800,105.27000,105.89000,103.98000,104.37000,3280300
1718631000,104.31000,106.86000,103.28000,106.30000,2293100
1718717400,106.16000,107.08000,105.45000,106.46000,2248800
1718890200,107.38000,107.59000,105.44000,105.80000,2671900
1718976600,105.30000,106.67000,104.76000,106.38000,5346200
1719235800,105.47000,107.06000,104.83000,104.96000,2695200
1719322200,105.52000,108.11000,105.05000,107.38000,2393700
1719408600,106.47000,107.52000,105.05000,106.14000,2670300
1719495000,106.19000,106.69000,104.83000,105.60000,2434800
1719581400,106.45000,107.50000,105.95000,106.58000,2365000
1719840600,106.47000,106.47000,103.95000,106.40000,2025800
1719927000,106.00000,107.69000,105.36000,106.96000,1756700
1720013400,107.17000,107.22000,104.19000,104.63000,1811300
1720186200,105.16000,106.59000,103.80000,105.56000,3537200
1720445400,106.26000,107.21000,106.07000,106.38000,1573400
1720531800,106.22000,106.96000,104.96000,106.41000,1394600
1720618200,107.27000,110.99000,106.72000,110.82000,3173400
1720704600,111.57000,111.69000,108.93000,109.95000,1976900
1720791000,111.00000,113.70000,109.97000,112.33000,2820700
1721050200,112.82000,116.69000,112.82000,115.88000,3913400
1721136600,116.35000,120.86000,115.67000,120.68000,3387800
1721223000,118.76000,120.12000,116.45000,116.56000,5389900
1721309400,117.19000,119.64000,115.92000,117.39000,3074300
1721395800,116.93000,117.01000,113.84000,114.26000,2205700
1721655000,117.18000,118.61000,115.41000,118.41000,2412700
1721741400,116.85000,118.17000,116.12000,117.50000,1595200
1721827800,116.98000,117.53000,113.37000,113.65000,3016500
1721914200,113.49000,116.50000,112.38000,112.68000,2978700
1722000600,115.33000,117.21000,113.87000,116.18000,2207500
1722259800,117.44000,118.95000,116.53000,117.41000,2251600
1722346200,117.53000,120.07000,117.12000,117.69000,4471300
1722432600,111.95000,114.16000,107.53000,113.62000,6975700
1722519000,112.41000,113.50000,106.31000,108.01000,4206800
1722605400,106.69000,106.98000,104.26000,104.70000,3286900
1722864600,100.47000,104.25000,98.49000,99.70000,2762000
1722951000,100.58000,102.07000,98.73000,99.23000,2234000
1723037400,101.78000,102.44000,96.15000,96.42000,2895200
1723123800,98.90000,103.50000,98.31000,102.78000,3108300
1723210200,101.42000,102.62000,100.48000,102.03000,1197200
1723469400,102.37000,103.36000,101.60000,102.47000,1687200
1723555800,103.38000,106.98000,102.81000,106.70000,1981100
1723642200,106.83000,107.04000,103.75000,104.88000,2097000
1723728600,107.02000,109.19000,106.48000,108.77000,2233600
1723815000,107.31000,108.65000,106.83000,107.32000,1397800
1724074200,107.16000,108.33000,106.18000,108.05000,1558900
1724160600,106.79000,107.13000,105.29000,106.22000,1337400
1724247000,107.20000,108.28000,106.67000,107.87000,1328600
1724333400,107.97000,108.49000,104.67000,105.18000,1638200
1724419800,106.81000,109.49000,106.30000,109.21000,2044500
1724679000,108.57000,109.18000,107.24000,107.44000,1477400
1724765400,106.57000,108.22000,105.80000,107.70000,1003300
1724851800,107.37000,108.13000,105.68000,106.73000,1435300
1724938200,108.50000,110.76000,107.42000,107.70000,2039900
1725024600,109.35000,110.74000,108.41000,109.59000,1812900
1725370200,107.78000,108.50000,101.23000,101.84000,2878300
1725456600,101.48000,104.24000,101.14000,102.52000,1794000
1725543000,101.19000,103.53000,100.94000,101.39000,1746800
1725629400,101.20000,101.54000,97.96000,98.79000,2750700
1725888600,99.56000,101.15000,99.24000,99.81000,1923400
1725975000,99.69000,99.76000,97.46000,99.45000,1206200
1726061400,99.46000,102.00000,97.23000,101.86000,2254400
1726147800,101.11000,101.22000,98.90000,100.44000,2611800
1726234200,101.55000,103.06000,101.06000,102.47000,1417400
1726493400,100.07000,100.20000,95.00000,97.25000,3232200
1726579800,97.88000,98.65000,96.16000,96.75000,1514800
1726666200,96.75000,98.90000,96.07000,96.23000,1892700
1726752600,99.40000,100.80000,97.69000,99.46000,2437900
1726839000,98.53000,99.30000,96.90000,97.76000,4966400
1727098200,98.13000,98.22000,97.16000,98.11000,985200
1727184600,98.78000,99.79000,98.09000,98.73000,1388800
1727271000,98.40000,99.07000,96.29000,97.18000,1935200
1727357400,99.57000,100.69000,96.87000,100.07000,2082800
1727443800,100.66000,100.66000,98.36000,98.85000,1708500
1727703000,97.85000,99.49000,97.33000,98.77000,1871800
1727789400,97.55000,97.93000,94.64000,95.43000,3183600
1727875800,95.58000,97.94000,95.40000,97.36000,1813000
1727962200,96.73000,97.60000,95.62000,96.73000,1908700
1728048600,98.86000,98.88000,96.05000,96.83000,1461000
1728307800,95.86000,96.65000,94.96000,95.45000,1206300
1728394200,95.45000,96.45000,94.18000,96.14000,2017400
1728480600,96.08000,98.13000,95.60000,97.80000,1666400
1728567000,93.66000,96.49000,93.28000,96.44000,2019700
1728653400,96.04000,97.78000,96.02000,97.30000,1361900
1728912600,97.62000,99.36000,96.83000,99.15000,1519300
1728999000,99.65000,101.50000,97.51000,98.56000,3400400
1729085400,100.44000,100.53000,98.12000,98.21000,1525200
1729171800,99.72000,99.73000,97.32000,98.06000,1647300
1729258200,99.27000,99.27000,97.63000,98.61000,1211200
1729517400,97.59000,97.95000,96.53000,96.81000,1150700
1729603800,95.97000,96.21000,94.70000,95.64000,1560800
1729690200,95.92000,96.74000,93.57000,94.94000,1985100
1729776600,95.93000,96.05000,93.97000,95.08000,1904100
1729863000,95.51000,96.80000,95.12000,95.20000,1550800
1730122200,95.12000,97.17000,94.89000,96.14000,1370400
1730208600,95.59000,98.34000,94.97000,98.03000,2156300
1730295000,90.40000,91.69000,88.64000,89.99000,4133300
1730381400,89.70000,89.79000,86.65000,87.58000,3975700
1730467800,87.86000,89.34000,87.79000,88.91000,2106200
1730730600,88.39000,89.33000,87.19000,87.95000,1572600
1730817000,87.46000,88.83000,86.93000,88.58000,1737600
1730903400,90.14000,91.00000,88.98000,90.47000,2276800
1730989800,91.32000,91.50000,90.39000,91.17000,1906600
1731076200,90.16000,90.28000,88.16000,89.16000,2833300
1731335400,88.76000,88.92000,86.85000,87.98000,2601200
1731421800,86.82000,88.10000,85.99000,87.04000,3433900
1731508200,84.78000,86.52000,82.13000,83.18000,5700400
1731594600,82.98000,84.42000,82.56000,84.00000,2854700
1731681000,83.15000,85.08000,83.15000,83.69000,3278400
1731940200,84.04000,85.43000,83.38000,83.99000,2994100
1732026600,83.07000,83.89000,83.05000,83.56000,2541400
1732113000,82.86000,83.58000,82.36000,83.43000,3542900
1732199400,84.15000,85.63000,83.28000,85.05000,2190300
1732285800,85.00000,85.57000,84.72000,85.41000,1704100
1732545000,86.55000,89.07000,86.07000,87.93000,2965500
1732631400,88.12000,88.45000,85.72000,86.28000,1863800
1732717800,86.28000,87.02000,85.14000,86.80000,1837200
1732890600,87.20000,88.64000,87.18000,87.59000,1941100
1733149800,87.50000,89.31000,87.44000,88.49000,2140500
1733236200,87.18000,88.05000,86.75000,87.62000,2297900
1733322600,88.55000,88.70000,87.16000,87.76000,2537600
1733409000,87.97000,88.51000,86.15000,86.42000,2359800
1733495400,86.88000,88.64000,86.01000,87.87000,3203800
1733754600,87.87000,90.96000,87.25000,89.67000,1948000
1733841000,89.92000,90.00000,87.33000,87.64000,2091500
1733927400,88.23000,89.92000,87.93000,89.41000,2517900
1734013800,88.00000,89.76000,87.75000,89.64000,1624000
1734100200,90.31000,91.43000,88.66000,90.98000,2599100
1734359400,90.84000,91.57000,89.23000,90.76000,2681900
1734445800,90.52000,92.13000,89.93000,90.74000,1665500
1734532200,90.98000,93.12000,88.12000,88.66000,4134800
1734618600,88.96000,89.86000,88.13000,88.26000,3079300
1734705000,88.19000,90.15000,87.33000,88.75000,6291100
1734964200,89.16000,90.63000,88.75000,90.19000,2156100
1735050600,90.33000,90.69000,89.65000,90.35000,835400
1735223400,89.64000,91.47000,89.50000,90.42000,1112700
1735309800,90.09000,90.68000,89.38000,90.15000,1332100
1735569000,89.04000,89.04000,87.46000,88.42000,2359200
1735655400,88.94000,89.45000,88.20000,88.68000,1559700
1735828200,89.67000,89.89000,87.92000,88.45000,2351200
1735914600,88.71000,89.16000,87.65000,88.85000,2197500
1736173800,89.03000,92.01000,89.02000,90.91000,1861500
1736260200,91.89000,94.17000,91.78000,92.66000,2087700
1736346600,91.94000,92.86000,89.56000,92.63000,2449800
1736519400,92.14000,93.98000,90.16000,90.20000,3539800
1736778600,89.86000,90.54000,88.49000,90.34000,1639700
1736865000,90.83000,91.84000,90.71000,91.57000,1905500
1736951400,93.52000,93.52000,92.11000,92.28000,2404200
1737037800,92.00000,92.41000,90.94000,91.44000,1724100
1737124200,92.62000,94.44000,92.05000,93.64000,2150600
1737469800,94.22000,95.46000,93.61000,93.96000,2389300
1737556200,93.81000,94.61000,91.74000,92.00000,2774100
1737642600,91.35000,93.00000,91.12000,92.52000,1777300
1737729000,92.31000,92.87000,90.76000,91.20000,1803300
1737988200,91.93000,93.33000,89.16000,89.59000,4053000
1738074600,90.15000,90.46000,88.48000,89.81000,2956400
1738161000,88.37000,90.77000,87.49000,90.16000,3637700
1738247400,90.65000,90.65000,89.09000,89.40000,2088400
1738333800,89.59000,90.74000,87.66000,88.76000,2782700
1738593000,87.21000,87.21000,84.49000,85.22000,2944000
1738679400,85.68000,86.90000,85.53000,86.37000,2334600
1738765800,86.16000,87.85000,85.90000,87.08000,5345500
1738852200,62.55000,67.30000,62.01000,65.60000,19998500
1738938600,65.95000,67.84000,65.01000,65.69000,6896200
1739197800,65.59000,66.33000,64.54000,64.64000,4854300
1739284200,64.12000,65.73000,63.81000,65.23000,3101000
1739370600,64.71000,66.29000,64.31000,66.19000,2817800
1739457000,66.19000,66.63000,65.39000,66.18000,2884700
1739543400,66.41000,66.68000,65.87000,65.93000,2972400
1739889000,66.30000,67.59000,65.78000,67.02000,3111100
1739975400,66.81000,67.98000,66.68000,67.62000,3398200
1740061800,67.81000,68.11000,66.90000,67.32000,2269200
1740148200,67.36000,67.82000,66.44000,67.21000,3160700
1740407400,66.76000,68.15000,66.04000,66.53000,3774600
1740493800,66.60000,67.49000,65.91000,66.14000,2824600
1740580200,66.80000,67.50000,66.03000,66.78000,2652800
1740666600,66.94000,67.29000,64.07000,64.12000,3457100
1740753000,65.59000,66.99000,64.59000,66.66000,4865900
1741012200,67.24000,68.10000,65.22000,65.55000,3809600
1741098600,65.73000,67.44000,65.39000,66.02000,4408800
1741185000,66.21000,67.84000,66.04000,67.39000,3094300
1741271400,66.51000,68.00000,66.01000,66.93000,3860200
1741357800,68.01000,72.91000,68.00000,72.61000,5794800
1741613400,71.82000,73.78000,71.10000,72.05000,5199500
1741699800,71.87000,72.06000,66.81000,68.23000,4193400
1741786200,68.50000,69.45000,67.70000,67.85000,3199200
1741872600,67.61000,69.06000,66.53000,67.19000,2854000
1741959000,68.19000,69.61000,67.90000,69.40000,2866100
1742218200,69.46000,71.51000,69.42000,70.58000,2727200
1742304600,70.42000,71.32000,70.13000,70.88000,2528300
1742391000,70.61000,71.19000,69.69000,70.05000,2907700
1742477400,69.14000,69.72000,68.36000,68.39000,3056900
1742563800,67.38000,68.45000,67.11000,67.25000,13009400
1742823000,68.89000,69.44000,68.25000,69.02000,3390600
1742909400,68.70000,68.97000,68.04000,68.22000,2148300
1742995800,68.12000,68.50000,66.94000,67.60000,1920600
1743082200,67.21000,67.32000,65.95000,66.30000,1945900
1743168600,65.81000,65.99000,63.73000,64.12000,2547300
1743427800,63.50000,64.73000,62.72000,64.63000,3169800
1743514200,64.37000,64.80000,63.47000,64.62000,2090500
1743600600,63.60000,65.57000,63.58000,64.80000,2025800
1743687000,62.07000,62.33000,56.75000,56.76000,6468600
1743773400,56.13000,56.17000,52.04000,52.78000,5965600
1744032600,52.02000,56.85000,49.80000,53.38000,7665900
1744119000,54.94000,55.40000,47.93000,49.20000,6328900
1744205400,49.66000,60.93000,49.13000,60.27000,10709000
1744291800,56.89000,57.68000,51.65000,53.84000,6896300
1744378200,53.40000,56.57000,51.68000,56.54000,5428000
1744637400,58.02000,58.80000,56.46000,57.72000,3953800
1744723800,57.96000,58.92000,57.16000,57.40000,2374000
1744810200,55.76000,56.88000,53.79000,55.86000,4712300
1744896600,56.83000,57.00000,55.08000,55.98000,2344900
1745242200,54.67000,56.95000,54.56000,56.78000,3717800
1745328600,56.44000,58.33000,56.00000,57.80000,3859700
1745415000,59.83000,60.67000,58.42000,58.66000,3291800
1745501400,60.38000,62.00000,59.54000,61.50000,3313300
1745587800,61.02000,62.16000,60.30000,61.52000,2090900
1745847000,60.92000,62.43000,60.80000,62.11000,2142000
1745933400,61.41000,62.53000,61.19000,61.60000,2538600
1746019800,61.06000,64.47000,60.74000,64.28000,3822700
1746106200,64.75000,65.94000,64.11000,65.23000,4364300
1746192600,66.05000,66.90000,65.43000,66.06000,3674500
1746451800,65.54000,66.68000,65.12000,66.13000,2237400
1746538200,65.38000,66.97000,64.74000,66.01000,3460400
1746624600,66.28000,67.39000,65.37000,66.88000,6048900
1746711000,66.92000,69.36000,64.93000,67.29000,6377400
1746797400,68.18000,69.24000,67.45000,68.21000,5017400
1747056600,72.51000,73.56000,71.50000,73.04000,6361200
1747143000,72.86000,74.07000,72.49000,72.60000,3597700
1747229400,72.72000,73.02000,71.73000,72.24000,3024600
1747315800,71.62000,72.32000,70.48000,72.28000,2943000
1747402200,72.28000,73.41000,71.76000,73.32000,2336500
1747661400,71.66000,72.97000,71.66000,72.92000,2260800
1747747800,72.68000,73.50000,72.38000,73.28000,2453100
1747834200,72.58000,73.54000,70.98000,71.35000,3478700
1747920600,71.49000,71.49000,70.06000,70.36000,2963600
1748007000,67.86000,70.09000,67.24000,69.39000,3902200
1748352600,69.97000,71.76000,69.22000,71.39000,3403400
1748439000,71.49000,71.49000,69.62000,69.77000,4194500
1748525400,70.74000,70.74000,68.91000,69.50000,3026000
1748611800,68.63000,69.51000,67.52000,69.03000,15911500
1748871000,68.77000,69.36000,68.15000,68.95000,3875500
1748957400,68.60000,71.13000,67.97000,71.03000,4042300
1749043800,71.42000,72.19000,71.05000,71.20000,3583100
1749130200,71.48000,72.03000,70.26000,70.79000,4172000
1749216600,71.70000,72.51000,71.37000,71.59000,2185800
1749475800,72.38000,73.89000,72.21000,73.17000,2820400
1749562200,73.75000,75.62000,73.51000,74.95000,4660400
1749648600,75.20000,75.28000,72.36000,72.82000,3493800
1749735000,72.41000,73.00000,71.71000,72.01000,2099000
1749821400,70.92000,72.17000,70.40000,71.25000,3365800
1750080600,72.21000,72.40000,71.22000,71.98000,2601400
1750167000,71.26000,72.47000,71.21000,71.53000,3268000
1750253400,71.55000,72.67000,71.27000,71.62000,2330500
1750426200,72.03000,72.23000,70.75000,72.13000,6353800
1750685400,72.32000,72.93000,71.01000,72.35000,2642200
1750771800,73.01000,74.40000,72.92000,73.42000,3015100
1750858200,73.92000,74.47000,73.40000,74.27000,2676600
1750944600,74.52000,74.86000,73.90000,74.65000,2074900
1751031000,74.84000,75.17000,73.89000,74.80000,3796500
1751290200,74.82000,74.99000,73.99000,74.52000,1852000
1751376600,74.39000,78.47000,73.99000,77.16000,3271800
1751463000,77.27000,78.25000,76.55000,78.18000,2325900
1751549400,78.55000,78.94000,77.64000,78.76000,1831000
1751895000,78.18000,78.80000,76.03000,76.19000,2428500
1751981400,76.94000,79.21000,76.58000,77.94000,2485900
1752067800,77.76000,78.75000,76.82000,77.63000,1381300
1752154200,76.66000,78.15000,76.52000,77.70000,2169200
1752240600,76.81000,77.41000,75.12000,75.42000,2065800
1752499800,74.98000,74.98000,73.65000,74.43000,2650800
1752586200,75.66000,75.82000,72.93000,72.97000,1952800
1752672600,72.68000,73.20000,71.87000,72.87000,1819600
1752759000,72.37000,72.97000,71.32000,72.20000,2348500
1752845400,72.50000,73.10000,72.02000,72.77000,1788100
1753104600,72.93000,74.16000,72.66000,72.72000,1877100
1753191000,72.71000,73.49000,72.31000,73.38000,2052000
1753277400,73.30000,73.56000,71.91000,73.09000,2093500
1753363800,72.44000,73.34000,71.64000,72.34000,1482700
1753450200,72.21000,72.47000,71.21000,71.53000,1539200
1753709400,72.19000,72.32000,71.11000,71.32000,2211500
1753795800,71.84000,72.11000,70.64000,71.94000,2406400
1753882200,73.84000,73.96000,70.79000,71.33000,2454600
1753968600,70.43000,70.99000,68.23000,68.54000,3301900
1754055000,67.77000,68.19000,66.13000,67.69000,2727200
1754314200,67.97000,68.27000,67.59000,67.94000,2348400
1754400600,68.24000,68.57000,67.03000,67.63000,4515200
1754487000,69.14000,70.87000,65.70000,67.52000,5432400
1754573400,68.26000,69.38000,67.35000,68.55000,4293700
1754659800,68.66000,71.19000,68.22000,71.08000,2596500
1754919000,71.42000,72.23000,70.41000,70.53000,2563800
1755005400,71.47000,72.54000,70.33000,71.69000,2950000
1755091800,71.80000,73.79000,71.38000,73.65000,1915100
1755178200,72.42000,75.64000,72.33000,75.36000,2206900
1755264600,75.75000,75.86000,73.83000,74.52000,2364300
1755523800,74.46000,75.17000,74.08000,74.26000,1669200
1755610200,74.55000,76.02000,74.50000,74.93000,1946300
1755696600,74.81000,75.29000,73.86000,75.12000,2393800
1755783000,74.50000,75.18000,74.17000,74.52000,1369900
1755869400,75.12000,78.13000,74.86000,77.29000,2392200
1756128600,77.14000,77.39000,76.45000,76.76000,1869700
1756215000,76.00000,77.06000,75.64000,75.67000,2814400
1756301400,75.49000,76.35000,75.13000,76.20000,1529900
1756387800,76.17000,76.53000,74.85000,75.10000,1869000
1756474200,74.65000,75.61000,74.47000,74.94000,2234400
1756819800,72.98000,73.91000,71.56000,73.07000,2210300
1756906200,73.26000,73.72000,72.63000,73.56000,2419800
1756992600,73.03000,74.71000,72.19000,74.64000,2279600
1757079000,74.88000,76.38000,74.58000,75.20000,2138400
1757338200,75.27000,75.68000,73.57000,75.63000,2196000
1757424600,75.63000,76.74000,74.58000,75.06000,2290500
1757511000,75.06000,75.08000,72.09000,73.60000,2820600
1757597400,74.22000,74.81000,72.98000,74.68000,3423800
1757683800,74.40000,74.60000,73.01000,74.46000,2140400
1757943000,74.40000,75.54000,72.48000,72.87000,2660000
1758029400,73.48000,74.60000,73.22000,74.22000,2744600
1758115800,74.33000,75.42000,73.06000,74.49000,2413700
1758202200,75.84000,77.47000,75.38000,77.03000,3356900
1758288600,77.94000,80.30000,75.73000,78.95000,8990600
1758547800,79.65000,83.47000,79.55000,82.97000,4497200
1758634200,83.23000,83.52000,80.41000,81.26000,2301800
1758720600,80.88000,81.92000,80.54000,80.66000,1678600
1758807000,79.87000,79.97000,78.47000,79.36000,1547100
1758893400,79.38000,79.88000,78.83000,79.51000,1310500
1759152600,80.11000,80.31000,76.50000,76.93000,2796600
1759239000,76.93000,77.66000,76.28000,76.98000,2195200
1759325400,76.95000,77.60000,75.62000,76.34000,2350800
1759411800,77.08000,78.26000,76.63000,77.37000,1742600
1759498200,77.21000,78.15000,76.86000,77.10000,1475200
1759757400,77.40000,77.66000,75.04000,76.91000,1925800
1759843800,77.63000,78.00000,74.16000,74.34000,1584900
1759930200,74.55000,76.22000,74.16000,76.10000,1611000
1760016600,75.93000,76.03000,72.88000,73.64000,1958100
1760103000,74.00000,74.12000,68.98000,69.16000,3062700
1760362200,71.48000,73.68000,70.53000,73.37000,3019400
1760448600,71.33000,73.64000,71.25000,72.77000,2276100
1760535000,73.91000,74.38000,72.56000,74.22000,2055200
1760621400,74.73000,74.83000,73.30000,74.47000,2050200
1760707800,73.57000,75.65000,73.02000,75.32000,1654000
1760967000,74.00000,76.85000,72.78000,76.14000,2160800
1761053400,75.71000,76.66000,75.41000,76.40000,1146300
1761139800,75.40000,76.49000,73.06000,73.97000,2911500
1761226200,73.51000,76.26000,73.33000,75.78000,2130400
1761312600,76.51000,76.51000,73.96000,74.04000,2067400
1761571800,74.67000,76.01000,74.50000,75.84000,1853200
1761658200,85.66000,90.90000,80.14000,80.26000,11143900
1761744600,83.14000,84.53000,78.59000,78.74000,7443100
1761831000,78.74000,81.12000,78.49000,79.16000,3924000
1761917400,79.04000,80.00000,76.80000,77.72000,3872400
1762180200,77.57000,78.00000,76.08000,76.54000,3824400
1762266600,74.99000,75.75000,71.66000,71.99000,5593300
1762353000,73.87000,75.65000,71.39000,73.46000,5613100
1762439400,73.58000,74.21000,70.26000,70.64000,3585400
1762525800,69.49000,69.69000,67.55000,69.58000,3200700
1762785000,70.69000,70.74000,68.19000,69.10000,3298800
1762871400,69.46000,70.48000,68.45000,68.85000,2988000
1762957800,69.62000,70.03000,68.83000,69.46000,2552400
1763044200,69.41000,70.31000,67.82000,68.17000,3078500
1763130600,67.24000,68.02000,66.43000,66.60000,2258100
1763389800,66.00000,66.32000,62.24000,63.16000,3997600
1763476200,62.06000,63.31000,61.71000,62.32000,3130800
1763562600,62.55000,63.44000,61.65000,62.59000,3180100
1763649000,63.28000,63.67000,60.06000,60.50000,3775500
1763735400,60.84000,63.32000,60.41000,62.61000,3928800
1763994600,63.20000,63.79000,62.24000,63.05000,3036100
1764081000,63.02000,63.83000,62.28000,63.51000,2579500
1764167400,63.60000,66.36000,63.60000,65.34000,2966600
1764340200,65.33000,66.01000,64.85000,65.95000,1140000
1764599400,65.45000,66.56000,65.11000,65.83000,2426700
1764685800,66.23000,68.53000,65.44000,68.24000,2953800
1764772200,68.42000,70.26000,68.14000,69.37000,2413600
1764858600,69.32000,69.77000,68.57000,69.01000,1937300
1764945000,68.95000,70.10000,68.47000,69.32000,2415700
1765204200,69.39000,70.31000,68.61000,69.21000,2583700
1765290600,68.80000,69.45000,68.04000,68.54000,2468400
1765377000,68.19000,69.60000,67.72000,68.81000,2951900
1765463400,68.32000,68.52000,67.09000,68.25000,2158300
1765549800,68.22000,68.81000,66.60000,66.97000,3372900
1765809000,67.63000,68.11000,66.16000,66.37000,2429100
1765895400,66.49000,66.93000,65.05000,66.02000,2556400
1765981800,66.00000,66.78000,64.48000,65.00000,2179100
1766068200,66.34000,66.34000,64.44000,64.49000,2646000
1766154600,64.49000,65.52000,64.15000,64.68000,5855300
1766413800,65.37000,65.80000,64.87000,65.24000,2139900
1766500200,65.06000,65.25000,64.29000,64.48000,1755200
1766586600,64.44000,65.11000,64.21000,64.51000,743000
1766759400,64.79000,64.84000,64.17000,64.21000,1433500
1767018600,64.00000,64.46000,63.67000,64.02000,1793800
1767105000,64.09000,64.52000,63.91000,64.46000,1773100
1767191400,64.28000,64.46000,63.38000,63.41000,1622300
1767364200,64.17000,65.04000,63.39000,64.40000,2891800
1767623400,64.86000,66.36000,64.56000,65.16000,3268900
1767709800,65.48000,67.67000,65.44000,66.27000,3650000
1767796200,65.68000,65.98000,58.15000,59.82000,9452300
1767882600,58.91000,61.95000,58.10000,60.66000,4882300
1767969000,61.07000,61.68000,59.97000,60.17000,4065800
1768228200,59.19000,59.55000,57.98000,58.85000,4378700
1768314600,59.15000,59.40000,58.18000,58.50000,3204000
1768401000,58.29000,59.89000,58.10000,59.86000,2708100
1768487400,60.10000,60.18000,58.00000,58.46000,3675500
1768573800,58.89000,59.39000,57.75000,57.77000,3246300
1768919400,57.21000,58.28000,56.52000,57.41000,3193700
1769005800,57.87000,59.04000,57.75000,58.55000,4624900
1769092200,59.13000,61.80000,58.85000,59.67000,4330100
1769178600,59.32000,59.73000,58.14000,58.96000,5009900
1769437800,58.67000,60.09000,58.26000,59.76000,3482600
1769524200,59.91000,60.89000,59.36000,60.05000,3890600
1769610600,54.88000,58.35000,54.02000,55.28000,9865400
1769697000,55.26000,55.83000,54.28000,55.79000,4396500
1769783400,55.22000,55.79000,54.67000,55.76000,6281700
1770042600,55.51000,57.00000,55.26000,56.83000,3804200
1770129000,56.83000,56.92000,54.61000,55.93000,5698700
1770215400,58.71000,60.00000,56.50000,59.00000,8476700
1770301800,57.75000,61.65000,57.75000,60.92000,6931800
1770388200,61.10000,62.70000,60.92000,62.10000,4336300
1770647400,62.00000,62.70000,61.38000,61.55000,2957500
1770733800,61.68000,63.59000,61.24000,62.31000,2885700
1770820200,62.82000,64.22000,62.56000,63.68000,2732600
1770906600,63.65000,64.08000,60.32000,60.73000,3412500
1770993000,60.59000,62.22000,60.20000,62.10000,2994100
1771338600,61.67000,62.82000,60.95000,62.16000,2782900
1771425000,62.40000,62.85000,61.51000,62.00000,2433200
1771511400,61.81000,62.25000,59.04000,59.22000,3688500
1771597800,58.96000,60.67000,58.14000,60.05000,3876600
1771857000,59.92000,60.39000,58.49000,59.78000,2560300
1771943400,59.28000,61.46000,59.28000,59.90000,1814600
1772029800,60.10000,60.60000,59.22000,59.82000,2950800
1772116200,59.97000,60.77000,58.61000,59.61000,3144500
1772202600,58.72000,59.64000,57.38000,59.58000,3356300
1772461800,57.75000,59.54000,57.33000,58.93000,2633200
1772548200,57.43000,58.62000,56.86000,58.15000,4165500
1772634600,58.29000,58.74000,56.24000,56.28000,3047200
1772721000,55.98000,57.30000,55.81000,56.48000,3174700
1772807400,55.43000,56.01000,54.50000,54.81000,3987200
1773063000,53.93000,55.45000,52.17000,55.28000,3943000
1773149400,55.15000,55.91000,53.41000,54.93000,3209400
1773235800,55.64000,56.88000,54.80000,55.35000,2647800
1773322200,54.92000,56.41000,54.60000,55.20000,3166100
1773408600,55.42000,56.44000,54.48000,54.74000,2709800
1773667800,56.02000,56.02000,54.51000,54.54000,2061000
1773754200,55.03000,55.60000,53.40000,53.71000,2616500
1773840600,53.49000,54.29000,53.30000,53.58000,3270600
1773927000,52.78000,54.61000,52.43000,54.12000,2610800
1774013400,54.12000,55.08000,53.57000,54.44000,7471200
1774272600,55.32000,55.54000,54.20000,54.49000,3125400
1774359000,54.02000,56.65000,54.02000,55.36000,3115200
1774445400,55.85000,56.80000,55.50000,56.19000,2102600
1774531800,55.60000,57.60000,55.58000,56.66000,2586500
1774618200,56.11000,56.42000,53.26000,53.65000,3443100
1774877400,53.87000,54.10000,51.93000,52.50000,3337000
1774963800,53.25000,53.79000,52.11000,53.55000,3538800
1775050200,53.59000,54.39000,52.90000,53.22000,3277600
1775136600,52.99000,55.34000,52.32000,55.19000,5395300
1775482200,55.49000,56.20000,55.11000,55.97000,2294100
1775568600,55.95000,55.95000,53.98000,55.06000,2616600
1775655000,56.26000,56.64000,55.35000,56.54000,3612100
1775741400,56.25000,56.96000,55.95000,56.56000,3006600
1775827800,57.04000,57.33000,56.12000,56.36000,2163800
1776087000,56.15000,56.56000,55.37000,56.50000,2748200
1776173400,56.50000,57.50000,56.05000,57.28000,2432000
1776259800,57.18000,57.99000,56.71000,57.93000,2180200
1776346200,58.17000,59.00000,57.75000,58.70000,1973100
1776432600,59.13000,60.23000,57.51000,58.99000,3257500
1776691800,57.46000,59.61000,57.40000,59.46000,2651100
1776778200,59.91000,61.04000,59.69000,59.94000,2220700
1776864600,61.59000,62.11000,61.30000,61.77000,2726700
1776951000,62.20000,62.29000,60.58000,61.55000,2743300
1777037400,62.83000,63.85000,61.81000,63.65000,4086500
1777296600,63.70000,64.00000,60.95000,62.12000,2346900
1777383000,61.43000,62.35000,60.76000,60.98000,2773000
1777469400,61.88000,63.40000,61.30000,62.66000,3540400
1777555800,63.02000,70.45000,62.93000,70.17000,8172500
1777642200,69.46000,69.90000,67.28000,69.40000,4195200
1777901400,68.90000,69.93000,68.25000,68.85000,3346400
1777987800,68.94000,72.81000,68.71000,72.56000,6799600
1778074200,68.04000,68.04000,61.54000,64.97000,10389600
1778160600,65.16000,67.55000,64.56000,65.04000,6475200
1778247000,67.09000,67.44000,65.40000,66.78000,5143900
1778506200,66.71000,70.17000,66.46000,70.13000,5647600
1778592600,69.51000,69.94000,64.65000,66.31000,7018800
1778679000,67.70000,68.75000,66.70000,68.14000,4624800
1778765400,68.59000,68.63000,66.36000,67.06000,4634000
1778851800,65.71000,69.89000,65.66000,68.53000,5534900
1779111000,69.58000,71.04000,68.26000,70.35000,6801300
1779197400,69.99000,72.36000,69.21000,70.35000,4897700
1779283800,70.50000,74.45000,70.31000,74.35000,4165800
1779370200,74.00000,74.32000,71.15000,73.54000,5192800
1779456600,73.59000,82.46000,73.59000,82.42000,5335800
1779802200,82.70000,84.79000,80.00000,83.42000,6017200
1779888600,84.08000,85.18000,78.15000,78.68000,5353200
1779975000,78.65000,82.08000,77.90000,81.41000,4239500
1780061400,82.43000,83.71000,77.61000,77.85000,5407000
1780320600,77.80000,77.81000,74.16000,75.49000,4868300
1780407000,77.19000,80.63000,75.84000,79.12000,6927000
1780493400,79.00000,82.41000,77.36000,80.66000,3354100
1780579800,79.11000,81.87000,78.80000,79.93000,3770900
1780666200,78.00000,78.37000,72.80000,73.57000,7170200
1780925400,75.34000,78.89000,74.18000,75.37000,5969300
1781011800,75.91000,77.29000,69.37000,73.56000,5884200
1781098200,72.56000,73.69000,70.23000,70.29000,3989400
1781184600,71.10000,73.16000,70.21000,72.73000,4751300
1781271000,72.35000,74.19000,71.27000,73.97000,2261700
1781530200,75.78000,76.72000,73.60000,76.26000,4384200
1781616600,75.29000,75.88000,71.20000,71.42000,4956900
1781703000,72.26000,72.89000,69.27000,69.38000,3922200
1781789400,71.41000,72.77000,68.49000,72.45000,9405000
1782135000,72.90000,79.20000,71.82000,76.18000,8013400
1782221400,72.88000,75.10000,71.98000,73.44000,8503800
1782307800,73.54000,73.63000,69.31000,71.40000,6630300
1782394200,73.25000,74.58000,68.47000,69.94000,4585000
1782480600,68.02000,69.12000,66.64000,68.00000,8308400
1782739800,68.50000,68.56000,65.09000,67.71000,4353200
1782826200,67.25000,69.40000,67.02000,67.80000,4960100
1782912600,67.17000,68.57000,65.47000,65.93000,6482700
1782999000,66.25000,67.81000,62.00000,62.56000,6220500
1783344600,63.00000,64.46000,61.72000,61.91000,4337300
1783431000,60.37000,61.65000,59.19000,59.76000,5314400
1783517400,59.28000,59.52000,57.21000,58.49000,7460200
1783603800,60.11000,61.24000,58.78000,59.95000,4956900
1783690200,59.26000,61.31000,59.17000,60.38000,3361800
1783949400,59.85000,60.49000,57.82000,58.24000,4180900
1784035800,59.25000,59.82000,56.46000,56.58000,4483200
1784122200,57.20000,57.98000,55.43000,57.51000,4255900
1784208600,56.66000,57.73000,55.55000,57.63000,5773600
1784295000,56.71000,59.58000,56.71000,59.35000,5816300
1784554200,60.02000,60.40000,58.98000,59.80000,4001100
1784640600,61.68000,63.43000,61.15000,62.95000,5776100
1784727000,62.43000,63.89000,62.25000,63.16000,3315200
1784813400,62.40000,62.90000,59.73000,60.47000,5453500
1784899800,60.23000,61.41000,59.95000,60.21000,4811100
1785159000,60.29000,63.70000,60.24000,63.44000,5436000
1785245400,63.85000,65.52000,62.63000,64.68000,8125400
1785331800,58.59000,64.08000,57.50000,61.19000,17001200
1785418200,61.32000,62.54000,59.86000,62.48000,8539600
1785504600,63.34000,63.34000,60.42000,62.28000,6203500
1785763800,60.90000,61.63000,59.92000,61.29000,5506100
1785850200,62.11000,67.23000,61.69000,66.79000,5818200
1785936600,66.56000,67.80000,65.38000,66.99000,5159200
1786023000,66.33000,68.00000,66.12000,66.84000,3741000
1786109400,67.46000,70.66000,67.13000,70.62000,3503300
1786368600,70.62000,70.75000,68.67000,68.79000,5496900
1786455000,69.00000,70.30000,67.70000,68.33000,4186700
1786541400,68.61000,69.93000,67.23000,69.68000,4520100
1786627800,69.14000,70.32000,69.01000,69.76000,4139700
1786714200,70.40000,70.41000,67.67000,69.62000,3811000
1786973400,69.41000,70.33000,67.61000,67.73000,3689600
1787059800,66.77000,68.03000,64.80000,67.43000,5697400
1787146200,67.74000,70.23000,67.51000,68.48000,5530600
1787232600,67.94000,70.00000,67.37000,67.94000,3419900
1787319000,67.92000,68.58000,66.18000,67.14000,6948300
1787578200,66.61000,67.22000,65.46000,66.86000,3636000
1787664600,66.97000,66.97000,63.06000,65.70000,4946700
1787751000,65.75000,66.67000,64.65000,66.62000,3080600
1787837400,67.00000,68.11000,66.03000,67.36000,4640800
1787923800,67.35000,67.68000,64.47000,65.79000,4832400
