time,open,high,low,close,tick_volume
1627430400,38029.55000,40916.09000,37940.05000,39926.65000,303060
1627516800,39923.67000,40636.40000,39239.40000,39714.90000,229431
1627603200,39715.39000,41609.86000,38306.40000,40681.65000,174607
1627776000,41515.70000,42584.13000,41150.21000,41547.50000,31584
1627862400,41250.08000,41303.15000,38658.91000,38822.19000,231626
1627948800,38821.49000,39766.15000,37591.90000,38047.70000,216151
1628035200,38050.00000,39847.91000,37457.77000,39746.65000,197242
1628121600,39746.65000,41388.77000,37280.07000,40876.29000,231593
1628208000,40871.29000,43376.90000,39854.90000,42727.40000,255749
1628380800,43957.50000,45333.30000,43536.10000,45020.98000,52065
1628467200,43868.00000,46486.90000,42785.10000,45466.52000,266545
1628553600,45465.02000,46722.54000,44634.27000,45623.70000,260253
1628640000,45622.65000,46769.62000,45218.90000,46321.90000,227626
1628726400,46321.90000,46384.15000,43766.58000,44475.65000,241876
1628812800,44473.55000,47911.32000,43868.15000,47608.40000,223779
1628985600,46647.11000,47359.31000,45567.50000,45811.87000,39713
1629072000,46751.83000,48060.15000,45651.40000,46066.15000,247655
1629158400,46059.65000,47159.67000,44510.90000,44963.40000,276066
1629244800,44960.40000,45974.78000,44203.29000,44519.15000,299692
1629331200,44519.15000,46876.90000,43928.90000,46587.42000,307504
1629417600,46571.00000,49125.44000,46336.42000,48661.90000,261204
1629590400,49002.46000,49470.17000,48620.50000,48878.25000,45762
1629676800,48380.70000,50512.15000,48251.69000,49504.40000,269241
1629763200,49511.05000,49867.32000,47715.84000,48324.40000,264047
1629849600,48324.40000,49160.40000,47099.91000,48661.07000,261341
1629936000,48662.67000,49353.65000,46287.85000,47006.32000,289478
1630022400,47028.60000,49177.52000,46349.65000,48905.65000,244223
1630195200,48737.92000,49632.89000,47765.50000,48361.33000,27964
1630281600,48923.83000,49415.14000,47384.82000,48628.65000,199772
1630368000,48628.90000,48663.10000,46678.70000,47006.07000,244232
1630454400,46988.35000,49106.04000,46498.40000,48257.90000,206059
1630540800,48257.50000,50379.65000,48235.15000,49558.52000,211341
1630627200,49546.50000,51070.65000,48320.88000,50110.21000,238760
1630800000,50165.17000,50387.68000,49476.50000,50099.50000,26294
1630886400,51693.58000,52215.24000,51001.50000,51931.65000,198971
1630972800,51928.00000,52949.17000,42987.10000,46786.09000,293537
1631059200,46784.89000,47373.27000,44415.15000,46032.47000,300678
1631145600,46032.59000,47390.69000,45508.50000,46222.17000,275448
1631232000,46222.17000,47029.40000,44703.15000,45048.15000,257292
1631318400,45555.95000,45962.50000,45089.70000,45290.05000,16609
1631404800,45290.05000,46173.03000,44724.90000,45994.10000,39080
1631491200,45020.63000,46891.90000,43510.26000,45151.72000,295811
1631577600,45151.87000,46969.15000,44663.65000,46827.39000,257438
1631664000,46826.02000,48447.15000,46377.30000,47924.65000,243768
1631750400,47924.65000,48507.40000,47012.90000,47118.50000,215614
1631836800,47128.00000,48156.90000,46716.99000,46960.72000,186776
1631923200,48347.00000,48536.68000,47784.30000,47955.50000,13338
1632009600,47955.50000,48356.10000,46906.50000,47266.82000,25594
1632096000,47572.47000,47664.99000,42452.42000,43522.47000,304069
1632182400,43523.40000,43916.40000,40133.90000,40885.64000,324945
1632268800,40885.64000,44014.74000,39550.70000,43416.49000,322126
1632355200,43429.50000,44947.85000,43025.40000,44686.89000,237275
1632441600,44687.90000,45157.15000,40676.10000,42955.80000,291462
1632528000,42344.10000,42812.30000,42162.30000,42650.70000,56507
1632614400,42653.49000,43729.30000,40783.18000,43272.00000,108189
1632700800,43661.90000,44355.50000,42573.30000,42663.50000,174698
1632787200,42669.00000,43404.00000,41099.50000,41760.00000,185693
1632873600,41762.00000,42577.00000,40741.50000,41108.50000,141207
1632960000,41107.80000,44094.05000,40941.90000,43415.50000,133488
1633046400,43417.60000,48162.70000,43273.50000,48094.20000,183737
1633132800,47702.60000,48310.20000,47609.80000,47962.90000,43758
1633219200,47953.73000,48252.50000,47065.30000,47940.80000,67329
1633305600,48444.30000,49482.62000,46946.26000,48977.72000,220188
1633392000,48978.04000,51771.50000,48546.67000,51439.50000,91631
1633478400,51440.50000,55381.00000,50389.50000,54900.20000,90072
1633564800,54899.20000,55742.40000,53359.80000,54162.85000,111073
1633651200,54163.85000,56077.50000,53625.00000,53972.90000,161593
1633737600,54965.70000,55481.00000,54311.40000,54640.30000,69095
1633824000,54640.20000,56030.20000,54064.80000,54938.20000,112940
1633910400,55370.30000,57816.00000,54364.94000,57313.70000,203374
1633996800,57321.60000,57644.40000,53937.50000,55341.50000,188564
1634083200,55348.00000,57468.50000,54218.30000,56963.00000,194913
1634169600,56966.50000,58503.50000,56822.00000,57416.00000,165761
1634256000,57420.50000,62849.35000,56855.94000,62511.60000,201709
1634342400,60917.10000,61182.20000,60109.50000,60981.90000,28432
1634428800,60980.10000,61416.30000,60296.40000,60824.10000,75766
1634515200,59366.70000,62648.00000,59283.44000,61348.84000,196368
1634601600,61349.84000,64326.60000,61110.69000,64103.65000,218944
1634688000,64104.15000,66968.50000,63506.84000,65974.25000,201159
1634774400,65971.25000,66633.00000,62036.00000,62670.19000,282931
1634860800,62670.69000,63729.70000,59974.90000,60696.70000,277704
1634947200,61427.80000,61601.70000,60787.00000,61094.80000,29051
1635033600,61093.60000,61473.80000,59787.70000,60368.80000,93942
1635120000,61184.40000,63704.10000,60637.19000,62523.85000,212110
1635206400,62519.85000,63265.50000,61809.55000,62080.20000,168729
1635292800,62081.70000,62092.95000,58095.90000,58907.45000,235456
1635379200,58905.45000,62477.50000,57840.85000,61373.00000,252184
1635465600,61372.00000,62946.45000,60178.09000,62360.20000,193411
1635552000,61624.50000,62249.70000,60708.30000,61650.00000,45647
1635638400,61678.50000,62407.60000,60124.10000,60259.10000,91180
1635724800,60992.20000,62474.40000,59489.65000,60707.25000,184176
1635811200,60708.60000,64277.05000,60437.75000,63111.15000,154379
1635897600,63110.15000,63545.00000,60384.50000,62762.50000,135959
1635984000,62761.50000,63228.15000,60717.09000,61353.55000,114332
1636070400,61355.05000,62618.50000,60766.55000,60958.20000,101418
1636156800,60289.40000,61450.20000,60267.50000,61186.70000,28661
1636329600,62887.80000,66525.00000,62800.50000,66115.69000,128548
1636416000,66119.19000,68517.95000,66059.30000,67713.80000,107237
1636502400,67712.80000,68974.40000,62872.00000,64262.25000,146605
1636588800,64262.75000,65587.60000,63891.60000,65055.00000,121173
1636675200,65051.00000,65454.85000,62283.40000,64080.40000,152490
1636761600,63591.20000,64952.80000,63565.40000,64349.10000,20231
1636848000,64274.00000,65311.10000,64077.00000,64617.30000,24345
1636934400,64321.70000,66320.00000,63389.19000,63885.05000,105524
1637020800,63883.55000,64010.15000,58627.34000,60481.50000,214522
1637107200,60481.50000,61148.40000,58407.30000,60102.40000,195153
1637193600,60102.40000,60956.80000,56617.15000,57575.40000,213210
1637280000,57574.40000,58379.00000,55617.84000,57841.20000,196930
1637539200,59551.00000,59569.30000,55630.90000,56262.25000,236181
1637625600,56262.25000,57862.50000,55375.50000,57687.50000,211111
1637712000,57687.50000,57737.50000,55881.44000,57313.19000,169202
1637798400,57313.19000,59425.50000,56864.50000,58842.00000,88364
1637884800,58842.00000,59340.20000,53532.50000,53924.00000,207257
1638144000,56428.10000,58890.50000,56069.00000,58306.25000,154001
1638230400,58304.75000,59219.50000,55907.50000,57117.50000,216913
1638316800,57117.50000,59096.50000,56457.15000,57015.00000,196529
1638403200,57015.00000,57401.15000,55828.40000,56892.15000,196539
1638489600,56892.15000,57649.85000,51746.39000,53616.20000,218254
1638576000,47440.10000,49515.90000,47213.80000,48736.90000,100829
1638662400,48737.60000,49744.80000,48378.20000,49362.20000,118033
1638748800,49220.90000,50596.15000,47203.50000,50105.00000,264829
1638835200,50102.00000,51968.50000,50098.00000,50506.50000,205120
1638921600,50506.50000,51229.00000,48632.25000,50615.50000,177118
1639008000,50615.50000,50838.00000,47303.50000,47971.50000,176632
1639094400,47971.50000,50110.00000,47241.00000,47906.40000,197653
1639180800,48995.90000,49052.50000,48375.10000,48789.70000,38231
1639267200,48788.90000,49892.90000,48641.80000,49801.40000,83807
1639353600,49962.00000,50371.00000,45728.65000,46807.05000,185845
1639440000,46806.55000,48666.50000,46283.80000,48292.50000,199224
1639526400,48292.50000,49493.80000,46524.35000,49163.00000,200531
1639612800,49163.00000,49442.50000,47642.00000,48085.40000,161801
1639699200,48085.40000,48158.50000,45459.50000,46843.60000,167944
1639785600,46628.90000,47218.10000,46327.90000,46950.10000,66368
1639872000,46946.90000,48070.50000,46406.40000,47618.10000,126880
1639958400,46689.70000,47562.10000,45556.50000,46962.50000,178777
1640044800,46963.50000,49324.50000,46638.50000,49090.00000,144287
1640131200,49090.00000,49571.44000,48437.00000,49047.00000,120035
1640217600,49050.50000,51375.50000,48024.00000,50823.50000,136986
1640304000,50823.50000,51854.30000,50424.44000,50883.50000,114592
1640563200,50838.30000,52091.55000,50460.05000,50963.50000,133770
1640649600,50969.70000,51222.00000,47292.00000,47547.50000,160961
1640736000,47547.50000,48132.50000,46572.50000,47218.25000,136288
1640822400,47218.25000,47909.50000,45927.40000,47293.50000,140627
1640908800,47291.50000,48563.50000,45622.50000,46303.00000,122902
1641168000,47016.00000,47563.00000,45687.50000,45974.50000,129246
1641254400,45974.50000,47519.25000,45532.00000,46204.50000,140918
1641340800,46203.50000,47047.00000,43408.10000,43580.50000,170668
1641427200,43580.50000,43765.50000,42414.30000,43103.00000,170048
1641513600,43103.00000,43219.50000,40615.00000,41857.50000,222809
1641600000,41729.50000,42045.70000,40489.20000,41755.90000,50535
1641686400,41752.50000,42290.50000,41364.90000,41456.60000,97462
1641772800,42318.80000,42486.50000,39635.50000,41713.50000,216052
1641859200,41712.00000,43113.50000,41265.00000,42676.50000,163135
1641945600,42676.50000,44317.10000,42451.50000,43775.50000,140767
1642032000,43774.00000,44438.30000,42313.50000,42823.10000,78518
1642118400,42823.10000,43445.30000,41733.50000,43300.10000,82797
1642204800,43194.90000,43798.30000,43080.50000,43314.10000,22388
1642291200,43315.90000,43416.30000,42593.10000,43129.50000,37347
1642377600,42968.20000,43283.10000,41590.30000,41714.90000,72632
1642464000,41721.50000,42472.30000,41257.50000,42362.30000,82913
1642550400,42368.00000,42660.70000,41108.50000,41692.10000,81884
1642636800,41693.90000,43512.70000,41225.90000,41235.30000,70021
1642723200,41235.30000,41521.60000,36134.30000,36677.70000,137564
1642809600,34516.50000,35702.70000,34419.70000,35371.10000,14691
1642896000,35371.10000,36142.30000,34719.70000,35999.10000,79914
1642982400,35243.50000,37564.10000,32942.30000,36811.90000,134024
1643068800,36811.90000,37556.10000,35697.30000,36552.30000,124933
1643155200,36559.00000,38847.30000,36285.00000,36301.00000,123552
1643241600,36302.00000,37212.70000,34824.50000,36181.50000,123456
1643328000,36180.30000,37987.00000,35895.50000,37781.30000,123617
1643414400,38165.10000,38728.30000,37306.70000,38366.10000,32321
1643500800,38366.90000,38413.30000,37742.30000,37970.10000,46928
1643587200,37734.30000,38735.50000,36638.10000,38380.70000,92743
1643673600,38380.50000,39229.97000,37991.30000,38753.06000,293077
1643760000,38753.06000,38862.32000,36528.97000,36889.22000,507311
1643846400,36888.66000,37184.67000,36206.81000,36918.50000,495110
1643932800,36918.50000,40852.25000,36773.75000,40580.62000,461625
1644105600,41547.17000,41718.37000,41252.77000,41554.26000,44444
1644192000,41614.88000,44493.27000,41442.77000,44054.28000,484498
1644278400,44054.27000,45497.00000,42624.15000,44143.04000,479548
1644364800,44142.24000,44795.82000,43073.14000,44426.16000,419262
1644451200,44426.20000,45803.51000,43133.15000,43704.80000,454472
1644537600,43704.80000,44034.41000,42029.26000,42516.14000,479336
1644624000,42098.75000,42960.37000,41596.85000,41843.15000,104217
1644710400,41843.15000,42621.14000,41794.76000,42476.13000,210732
1644796800,42177.65000,42796.75000,41514.08000,42191.70000,376794
1644883200,42196.62000,44471.05000,42193.08000,43953.85000,331801
1644969600,43953.85000,44724.45000,43282.51000,44033.02000,313786
1645056000,44033.55000,44136.05000,40003.25000,40626.45000,378657
1645142400,40626.45000,40915.30000,39439.45000,39935.45000,342354
1645228800,39977.05000,40318.56000,39743.15000,39886.35000,94209
1645315200,39886.35000,40102.05000,37914.45000,38167.95000,198899
1645401600,38210.95000,39461.50000,36888.05000,37005.95000,394020
1645488000,37011.15000,38273.05000,36297.55000,37843.63000,473181
1645574400,37843.40000,39206.45000,37350.35000,37483.15000,393146
1645660800,37483.15000,39877.55000,34289.18000,38367.19000,579289
1645747200,38370.04000,39649.09000,37721.90000,38929.32000,478351
1645920000,39156.31000,39843.15000,38145.22000,39013.05000,241989
1646006400,37364.15000,41923.43000,37295.37000,41613.49000,493453
1646092800,41613.33000,44903.46000,41584.15000,43840.05000,489420
1646179200,43840.05000,45323.15000,43304.35000,44032.14000,465149
1646265600,44032.65000,44323.15000,41814.16000,42086.65000,398793
1646352000,42086.65000,42683.05000,39010.26000,39356.55000,432470
1646438400,39388.15000,39549.45000,39221.25000,39345.15000,49684
1646524800,39345.15000,39661.49000,38039.15000,38968.19000,343863
1646611200,38962.34000,39521.25000,37117.15000,37804.04000,447454
1646697600,37804.49000,39319.30000,37755.15000,38468.85000,466324
1646784000,38468.85000,42554.46000,38443.15000,41856.12000,406921
1646870400,41856.03000,42123.75000,38495.15000,39273.05000,445465
1646956800,39273.05000,40212.59000,38183.27000,38819.55000,453768
1647043200,39000.96000,39420.52000,38883.15000,39052.33000,62753
1647216000,38654.05000,39270.30000,37483.15000,38693.05000,333282
1647302400,38693.05000,39913.66000,38057.28000,39408.77000,284827
1647388800,39408.77000,41710.98000,38712.35000,41209.95000,427371
1647475200,41210.55000,41466.25000,40425.97000,40670.66000,292093
1647561600,40670.48000,42305.85000,40071.15000,41708.35000,267695
1647648000,41826.85000,42405.79000,41624.35000,42164.40000,69320
1647734400,42161.74000,42337.05000,40890.65000,41260.41000,190090
1647820800,41260.80000,41509.45000,40420.65000,41094.85000,245005
1647907200,41094.85000,43415.26000,40842.58000,42557.25000,291682
1647993600,42557.25000,42852.44000,41724.60000,42323.05000,289987
1648080000,42323.05000,44190.55000,42212.25000,43839.65000,307656
1648166400,43839.65000,45073.35000,43565.96000,44515.65000,303284
1648252800,44321.38000,44773.85000,44118.65000,44531.22000,53525
1648339200,44531.15000,46732.89000,44208.39000,46108.20000,175260
1648425600,46107.01000,48170.57000,45823.45000,47902.48000,266654
1648512000,47902.48000,48075.65000,46845.65000,47455.35000,223145
1648598400,47455.35000,47676.10000,46525.65000,47234.43000,224174
1648684800,47232.82000,47597.06000,45459.95000,45729.80000,223734
1648771200,45729.80000,46690.55000,44196.89000,46121.85000,252320
1648857600,46700.65000,46926.95000,45590.65000,46149.95000,52933
1648944000,46149.95000,46761.55000,45492.65000,46342.45000,165825
1649030400,46342.45000,47438.55000,45085.16000,46284.02000,240348
1649116800,46284.02000,47175.55000,45412.65000,45861.05000,217719
1649203200,45860.15000,46020.55000,43102.36000,43851.85000,277630
1649289600,43851.78000,43975.55000,42676.25000,43532.65000,250776
1649376000,43532.65000,43954.18000,42290.65000,42784.39000,247031
1649462400,42480.25000,42614.95000,42153.43000,42395.25000,59571
1649548800,42395.25000,43389.51000,42355.70000,43071.95000,154988
1649635200,43071.95000,43176.05000,39411.65000,39804.35000,277146
1649721600,39804.35000,40667.92000,39127.35000,39485.87000,326639
1649808000,39485.88000,41528.55000,39439.86000,41208.45000,293088
1649894400,41208.45000,41465.25000,39512.65000,39878.15000,247532
1649980800,39878.15000,40845.45000,39725.55000,40371.55000,198628
1650067200,40425.65000,40556.25000,39949.01000,40251.65000,52894
1650153600,40251.65000,40675.45000,39765.07000,40236.65000,144478
1650240000,40236.65000,41120.60000,38461.14000,40640.35000,247588
1650326400,40640.35000,41740.65000,40534.42000,41275.45000,213361
1650412800,41275.45000,42157.35000,40790.67000,41385.75000,216657
1650499200,41385.75000,42951.34000,40497.62000,40584.85000,247167
1650585600,40584.85000,40829.85000,39124.13000,39590.65000,261048
1650672000,39660.21000,39957.65000,39609.65000,39758.35000,49795
1650758400,39759.45000,39921.15000,38874.62000,39469.65000,158898
1650844800,39469.65000,40360.65000,38118.15000,40156.85000,280823
1650931200,40156.85000,40779.12000,37670.65000,38093.17000,281939
1651017600,38093.75000,39440.05000,37662.65000,39070.25000,289453
1651104000,39070.25000,40349.85000,38852.46000,39865.48000,284589
1651190400,39861.38000,39975.45000,38150.65000,38528.75000,261608
1651276800,38225.05000,38576.35000,38125.65000,38303.95000,51264
1651363200,38303.95000,38652.69000,37350.65000,38276.40000,215931
1651449600,38276.42000,39150.16000,38035.88000,38302.55000,293954
1651536000,38302.55000,38897.65000,37490.75000,37767.65000,240293
1651622400,37762.15000,40040.65000,37602.99000,39801.65000,274467
1651708800,39801.65000,39883.15000,35401.60000,36436.55000,278569
1651795200,36436.55000,36649.15000,35203.71000,36050.35000,289661
1651881600,36007.76000,36059.40000,35714.56000,35763.55000,47335
1651968000,35763.55000,35788.85000,33659.65000,34210.65000,290215
1652054400,34210.65000,34466.65000,30290.65000,30930.55000,430922
1652140800,30930.55000,32636.58000,29692.05000,30986.96000,511806
1652227200,30987.15000,32162.45000,28149.98000,28450.71000,598481
1652313600,28449.37000,30224.92000,26622.07000,28532.00000,585318
1652400000,28530.00000,30959.00000,27927.00000,29749.00000,152522
1652659200,31052.00000,31411.00000,29048.00000,29901.00000,126663
1652745600,29899.00000,30732.00000,29405.00000,30063.00000,89937
1652832000,30064.00000,30668.00000,28689.00000,29199.00000,93522
1652918400,29199.00000,30556.00000,28601.00000,30231.00000,104052
1653004800,30230.00000,30724.20000,28684.50000,29105.30000,125808
1653091200,29355.50000,29608.50000,29226.50000,29379.50000,10310
1653177600,29379.50000,30255.50000,29206.50000,29887.50000,35641
1653264000,29875.90000,30631.70000,28992.50000,29307.30000,123239
1653350400,29307.30000,29600.90000,28620.10000,29428.50000,108834
1653436800,29427.50000,30179.50000,29300.00000,29756.70000,109007
1653523200,29756.70000,29850.90000,27994.50000,29418.30000,106588
1653609600,29419.40000,29645.50000,28233.90000,28713.70000,104855
1653696000,28945.50000,29226.00000,28742.50000,28989.60000,23938
1653782400,28989.60000,29447.50000,28798.50000,29153.90000,78584
1653868800,29153.60000,31412.80000,29131.80000,31247.00000,105046
1653955200,31247.00000,32371.10000,31190.50000,31785.20000,100224
1654041600,31785.30000,31954.60000,29289.80000,29607.50000,102949
1654128000,29606.20000,30380.90000,29481.90000,30217.60000,84422
1654214400,30217.60000,30661.50000,29246.40000,29634.10000,75556
1654300800,29500.99000,29974.29000,29459.29000,29729.39000,30896
1654387200,29729.49000,30181.09000,29517.68000,29922.49000,83097
1654473600,29922.49000,31742.49000,29789.34000,31448.47000,124756
1654560000,31447.02000,31587.99000,29183.09000,31347.29000,129139
1654646400,31344.09000,31540.89000,29819.16000,30184.99000,142884
1654732800,30184.99000,30684.89000,29910.19000,30171.99000,104142
1654819200,30171.99000,30348.09000,28805.55000,29177.58000,110812
1654905600,28403.77000,28769.89000,28073.10000,28390.29000,32282
1654992000,28388.09000,28672.73000,26850.55000,27359.64000,123870
1655078400,27359.06000,27515.59000,22559.09000,23232.29000,212179
1655164800,23231.49000,23371.75000,20816.13000,21973.01000,219221
1655251200,21973.42000,22400.90000,20094.09000,21664.99000,212527
1655337600,21664.99000,22971.20000,20481.30000,20673.79000,192676
1655424000,20688.79000,21316.59000,20215.09000,20633.99000,180405
1655510400,19140.39000,19246.99000,17593.09000,17792.92000,64343
1655596800,17790.09000,20697.69000,17746.69000,20616.99000,196957
1655683200,20627.09000,21063.16000,19623.09000,20439.09000,192740
1655769600,20439.09000,21698.29000,20251.89000,20844.29000,180541
1655856000,20844.29000,21034.45000,19743.90000,19864.89000,166752
1655942400,19864.89000,21123.09000,19806.19000,20799.01000,156947
1656028800,20798.99000,21451.50000,20651.12000,21181.09000,154649
1656115200,21135.69000,21243.09000,20887.59000,21207.29000,44120
1656201600,21207.29000,21857.87000,21113.09000,21381.89000,109208
1656288000,21381.89000,21520.09000,20503.10000,20898.99000,131230
1656374400,20898.99000,21190.49000,20183.99000,20263.49000,128681
1656460800,20260.31000,20437.06000,19828.99000,20209.69000,132930
1656547200,20211.49000,20342.75000,18560.89000,18738.39000,112460
1656633600,18737.10000,20884.74000,18706.59000,19419.59000,164054
1656720000,19331.19000,19393.99000,19150.59000,19251.03000,34027
1656806400,19250.61000,19637.09000,18775.91000,19428.99000,100015
1656892800,19428.99000,20111.26000,19043.79000,19769.89000,118079
1656979200,19769.89000,20738.27000,19291.33000,20451.45000,130866
1657065600,20451.39000,20485.59000,19747.67000,20385.59000,149974
1657152000,20385.59000,21818.19000,20249.59000,21608.09000,124960
1657238400,21608.09000,22548.34000,21177.59000,21847.39000,148075
1657324800,21500.59000,21962.72000,21486.39000,21666.69000,39018
1657411200,21666.69000,21741.15000,20596.59000,20970.49000,115287
1657497600,20970.49000,21164.67000,20265.59000,20419.79000,119782
1657584000,20420.19000,20424.39000,19275.59000,19445.06000,148489
1657670400,19444.90000,20085.09000,18896.59000,19656.79000,141114
1657756800,19656.65000,20892.69000,19601.79000,20668.09000,147584
1657843200,20668.09000,21182.06000,20368.89000,20918.79000,130076
1657929600,20874.99000,21569.95000,20466.80000,21152.39000,70042
1658016000,21152.39000,21662.39000,20810.82000,20923.69000,102137
1658102400,20923.69000,22763.59000,20737.62000,21484.39000,133978
1658188800,21484.39000,23689.70000,21435.69000,23290.95000,165924
1658275200,23291.09000,24259.89000,22907.99000,23248.19000,160633
1658361600,23248.19000,23787.11000,22338.78000,23108.29000,146324
1658448000,23108.29000,23742.69000,22494.59000,22587.19000,133298
1658534400,22709.79000,22980.94000,21928.09000,22307.39000,95145
1658620800,22306.56000,22897.96000,22208.69000,22706.49000,98582
1658707200,22706.49000,22988.89000,21543.73000,22155.19000,106113
1658793600,22155.19000,22169.59000,20697.19000,20967.49000,99399
1658880000,20967.49000,23093.59000,20806.29000,22763.89000,92417
1658966400,22763.89000,24184.69000,22566.79000,24014.59000,98956
1659052800,24016.59000,24447.19000,23421.29000,23926.09000,108609
1659139200,23931.70000,24672.87000,23623.29000,23945.79000,72199
1659225600,23946.39000,24176.14000,23334.71000,23785.59000,64063
1659312000,23785.59000,23811.79000,22830.88000,23114.40000,84043
1659398400,23112.79000,23442.39000,22637.29000,23010.19000,100508
1659484800,23011.49000,23631.89000,22668.79000,23302.99000,78573
1659571200,23303.49000,23344.89000,22364.59000,22492.89000,81433
1659657600,22492.89000,23444.49000,22431.69000,22964.29000,75836
1659744000,23225.39000,23336.24000,22969.63000,23160.49000,39421
1659830400,23160.49000,23293.39000,22825.50000,23248.49000,35390
1659916800,23248.49000,24227.99000,23047.22000,24044.59000,63068
1660003200,24044.59000,24046.09000,22844.59000,23116.89000,62237
1660089600,23116.89000,24162.46000,22618.79000,23878.19000,68492
1660176000,23876.79000,24908.49000,23756.89000,24184.29000,83305
1660262400,24184.29000,24312.25000,23567.74000,24204.89000,64308
1660348800,24427.09000,24586.29000,24303.29000,24468.79000,16562
1660435200,24468.79000,25026.33000,24131.59000,24293.39000,51734
1660521600,24293.39000,25193.49000,23853.79000,24045.59000,81805
1660608000,24045.59000,24227.49000,23654.82000,23956.85000,69553
1660694400,23956.72000,24424.19000,23165.59000,23384.99000,67382
1660780800,23384.49000,23587.07000,23218.40000,23398.49000,45133
1660867200,23398.49000,23408.49000,21126.59000,21260.19000,76755
1660953600,20957.29000,21349.79000,20759.56000,20803.59000,51789
1661040000,20803.59000,21780.29000,20740.70000,21448.69000,48332
1661126400,21447.39000,21680.03000,20871.59000,21113.49000,79467
1661212800,21114.79000,21660.69000,20880.87000,21463.34000,75811
1661299200,21463.34000,21894.85000,21130.69000,21669.59000,60484
1661385600,21669.59000,21801.26000,21288.89000,21629.49000,53225
1661472000,21629.49000,21856.99000,20514.69000,20634.49000,59746
1661558400,20607.29000,20611.69000,19748.85000,19992.19000,37303
1661644800,19992.19000,20142.49000,19788.09000,19968.99000,31033
1661731200,19968.91000,20403.49000,19505.19000,20159.78000,47901
1661817600,20159.79000,20556.79000,19524.89000,19957.99000,48715
1661904000,19957.99000,20473.49000,19734.09000,20180.09000,55417
1661990400,20180.09000,20282.19000,19554.59000,20055.09000,54757
1662076800,20053.60000,20421.55000,19734.99000,19951.19000,46376
1662163200,19975.69000,20038.11000,19633.59000,19729.39000,24718
1662249600,19729.39000,19937.09000,19563.59000,19887.89000,25577
1662336000,19887.89000,20037.26000,19620.49000,19722.59000,33220
1662422400,19722.59000,20167.79000,18599.99000,18956.79000,49445
1662508800,18961.39000,19434.19000,18493.59000,19366.59000,38541
1662595200,19368.39000,19444.00000,18999.25000,19360.29000,41334
1662681600,19360.29000,21417.31000,19239.09000,21280.59000,50447
1662768000,21331.33000,21648.59000,21108.59000,21407.79000,33326
1662854400,21405.79000,21854.53000,21334.09000,21621.79000,34655
1662940800,21621.79000,22467.19000,21451.49000,22390.79000,58201
1663027200,22389.25000,22794.92000,20024.01000,20221.59000,64166
1663113600,20221.59000,20504.25000,19593.59000,19927.59000,52773
1663200000,19927.59000,20373.89000,19465.70000,19837.89000,55978
1663286400,19837.89000,19874.29000,19312.59000,19733.79000,47068
1663372800,19713.79000,20171.99000,19676.59000,20062.29000,24932
1663459200,20062.29000,20130.49000,19550.59000,19707.59000,30106
1663545600,19707.59000,19707.59000,18208.59000,19501.89000,60929
1663632000,19503.49000,19663.09000,18714.30000,18956.09000,56891
1663718400,18956.49000,19938.16000,18658.79000,18909.79000,59680
1663804800,18909.79000,19476.59000,18113.39000,19231.39000,68932
1663891200,19231.39000,19495.01000,18515.59000,18834.59000,61563
1663977600,19326.31000,19391.49000,18999.11000,19127.59000,11497
1664064000,19126.69000,19183.59000,18791.89000,18888.99000,32670
1664150400,18887.92000,19303.79000,18614.69000,19097.59000,62236
1664236800,19097.59000,20363.66000,18802.07000,19060.63000,71286
1664323200,19060.79000,19650.39000,18456.03000,19553.79000,67373
1664409600,19556.69000,19766.29000,18826.39000,19489.79000,63380
1664496000,19492.99000,20160.39000,19097.64000,19409.69000,59803
1664582400,19345.69000,19466.99000,19141.99000,19236.69000,22624
1664668800,19236.69000,19382.49000,19021.09000,19216.79000,23498
1664755200,19216.79000,19634.19000,18890.39000,19579.89000,46591
1664841600,19542.59000,20480.61000,19481.89000,20319.59000,46046
1664928000,20316.30000,20374.29000,19705.92000,19967.79000,45022
1665014400,19970.99000,20433.32000,19862.69000,20037.89000,52229
1665100800,20037.89000,20053.49000,19306.19000,19533.49000,41448
1665187200,19545.74000,19612.14000,19402.14000,19436.54000,15860
1665273600,19436.54000,19536.79000,19227.92000,19467.94000,21248
1665360000,19467.94000,19506.94000,19094.04000,19231.54000,35491
1665446400,19231.54000,19273.74000,18847.95000,19007.74000,38546
1665532800,19007.74000,19185.44000,18941.37000,19157.04000,28742
1665619200,19157.04000,19492.84000,17975.47000,19367.84000,42808
1665705600,19367.84000,19938.94000,19090.94000,19161.44000,47207
1665792000,19146.74000,19210.44000,19022.54000,19082.55000,15447
1665878400,19082.64000,19407.84000,18960.64000,19314.34000,16349
1665964800,19314.34000,19659.94000,19087.24000,19514.34000,33206
1666051200,19514.34000,19688.54000,19076.74000,19352.04000,36403
1666137600,19352.04000,19360.24000,19059.78000,19181.64000,30466
1666224000,19181.41000,19331.94000,18894.34000,19015.54000,31055
1666310400,19015.54000,19234.24000,18612.34000,19162.44000,33007
1666396800,19170.99000,19244.10000,19107.00000,19201.14000,13985
1666483200,19201.14000,19521.24000,19059.14000,19484.64000,14700
1666569600,19484.64000,19682.24000,19140.44000,19365.24000,31787
1666656000,19365.24000,20398.14000,19222.34000,20167.04000,32559
1666742400,20172.44000,21004.34000,19967.54000,20730.44000,44014
1666828800,20730.44000,20889.74000,20225.65000,20377.74000,40027
1666915200,20377.74000,20733.74000,19968.54000,20612.14000,39295
1667001600,20609.54000,21071.24000,20542.35000,20838.59000,28059
1667088000,20838.88000,20917.07000,20526.34000,20665.64000,23353
1667174400,20665.64000,20829.24000,20220.44000,20386.77000,33766
1667260800,20386.44000,20678.96000,20316.26000,20466.04000,28574
1667347200,20466.04000,20786.36000,20085.64000,20158.84000,31571
1667433600,20158.84000,20377.14000,20021.14000,20220.94000,30359
1667520000,20220.94000,21283.07000,20145.44000,21109.45000,41938
1667606400,21165.18000,21461.00000,21061.15000,21331.65000,25191
1667692800,21331.55000,21345.75000,21090.59000,21107.35000,17051
1667779200,21107.35000,21155.05000,20565.14000,20667.14000,38686
1667865600,20667.14000,20670.25000,16828.84000,18686.74000,70204
1667952000,18686.74000,18710.31000,15582.17000,15699.13000,97059
1668038400,15694.70000,18191.35000,15468.83000,17846.94000,101046
1668124800,17845.24000,17871.34000,16343.84000,16788.59000,85599
1668211200,17027.84000,17101.84000,16618.24000,16805.84000,47473
1668297600,16805.84000,16941.14000,16211.34000,16378.64000,41062
1668384000,16376.64000,17174.20000,15799.44000,16386.94000,73023
1668470400,16388.34000,17114.94000,16339.74000,16890.04000,61861
1668556800,16890.44000,16993.34000,16363.94000,16533.84000,52948
1668643200,16533.84000,16753.49000,16399.24000,16674.74000,44864
1668729600,16674.74000,16977.84000,16534.94000,16639.27000,33746
1668816000,16683.04000,16690.54000,16537.64000,16665.34000,13286
1668902400,16664.84000,16805.64000,16202.41000,16270.84000,23174
1668988800,16270.84000,16342.54000,15448.74000,15635.45000,56687
1669075200,15634.54000,16293.74000,15599.04000,16136.34000,51349
1669161600,16136.34000,16693.74000,16090.14000,16472.14000,46174
1669248000,16472.14000,16793.74000,16447.04000,16540.14000,35669
1669334400,16540.14000,16622.17000,16327.22000,16487.44000,26621
1669420800,16488.04000,16530.64000,16407.84000,16500.54000,3275
1669507200,16500.54000,16584.94000,16368.04000,16563.24000,16991
1669593600,16563.24000,16581.74000,15986.64000,16186.14000,44321
1669680000,16186.14000,16533.54000,16082.32000,16449.74000,36969
1669766400,16449.74000,17143.00000,16412.84000,17100.44000,101156
1669852800,17094.17000,17295.41000,16858.28000,16916.05000,132418
1669939200,16911.37000,17098.75000,16772.15000,17008.92000,108187
1670025600,17092.25000,17148.35000,16858.84000,16935.24000,37259
1670112000,16935.24000,17143.74000,16843.94000,17095.64000,22992
1670198400,17095.64000,17405.34000,16855.74000,16957.84000,41518
1670284800,16957.84000,17088.14000,16893.84000,16980.64000,29594
1670371200,16980.64000,17122.84000,16675.44000,16814.94000,29096
1670457600,16814.94000,17286.84000,16721.94000,17168.44000,28733
1670544000,17168.44000,17339.04000,17051.05000,17098.22000,23894
1670630400,17112.24000,17213.74000,17098.84000,17109.84000,9351
1670716800,17109.84000,17258.54000,17074.94000,17098.94000,10814
1670803200,17098.94000,17201.64000,16858.84000,17161.24000,20928
1670889600,17161.24000,18073.71000,17070.04000,17761.14000,38183
1670976000,17761.14000,18366.46000,17655.99000,17818.44000,37541
1671062400,17820.24000,17869.29000,17303.84000,17382.74000,35177
1671148800,17382.74000,17521.04000,16703.66000,16819.34000,40905
1671321600,16697.71000,16788.64000,16649.84000,16732.74000,19806
1671408000,16732.74000,16834.44000,16505.84000,16576.04000,29152
1671494400,16576.04000,17038.14000,16206.64000,16863.94000,43001
1671580800,16863.33000,16912.99000,16713.04000,16779.14000,26522
1671667200,16780.24000,16851.74000,16551.94000,16784.74000,26010
1671753600,16785.34000,16925.40000,16683.86000,16801.84000,22794
1671840000,16771.84000,16846.14000,16768.84000,16810.55000,6363
1672012800,16821.74000,16909.15000,16777.44000,16820.04000,10357
1672099200,16820.04000,16958.24000,16584.44000,16690.14000,17625
1672185600,16690.14000,16770.34000,16451.24000,16514.74000,21518
1672272000,16514.74000,16652.04000,16463.94000,16584.54000,17735
1672358400,16584.64000,16646.44000,16325.54000,16572.74000,19391
1672444800,16598.76000,16633.74000,16523.94000,16537.84000,8613
1672617600,16592.64000,16788.74000,16535.04000,16745.74000,14237
1672704000,16745.74000,16767.34000,16594.14000,16652.54000,17424
1672790400,16652.54000,16977.54000,16636.74000,16813.14000,25166
1672876800,16813.14000,16866.54000,16738.04000,16833.74000,14502
1672963200,16833.74000,17022.84000,16673.84000,16916.74000,19065
1673049600,16940.14000,16967.34000,16894.34000,16925.24000,5971
1673136000,16925.24000,17008.34000,16898.84000,16942.94000,8174
1673222400,16942.94000,17381.54000,16939.94000,17166.24000,28984
1673308800,17166.24000,17479.04000,17112.14000,17447.34000,21675
1673395200,17447.34000,17565.04000,17300.24000,17541.34000,20204
1673481600,17541.34000,19094.84000,17500.14000,18816.94000,73652
1673568000,18817.14000,19893.74000,18704.84000,19800.44000,62687
1673654400,20964.84000,21227.68000,20251.80000,20907.27000,67960
1673740800,20907.33000,21081.44000,20549.84000,20905.84000,61771
1673827200,20905.84000,21482.88000,20608.86000,21131.44000,85190
1673913600,21131.44000,21632.24000,20822.64000,21301.54000,73035
1674000000,21301.54000,21655.27000,20382.27000,20774.54000,80397
1674086400,20774.54000,21177.64000,20625.24000,20923.64000,48960
1674172800,20923.64000,22434.14000,20852.29000,22303.74000,58450
1674259200,22673.04000,23356.53000,22415.84000,23190.74000,77987
1674345600,23192.54000,23196.14000,22284.24000,22578.14000,69543
1674432000,22578.14000,23168.15000,22493.84000,22986.34000,68413
1674518400,22986.34000,23152.44000,22671.84000,22890.04000,55435
1674604800,22890.04000,23731.16000,22304.51000,23589.54000,73613
1674691200,23586.96000,23748.27000,22803.84000,23067.24000,72658
1674777600,23067.24000,23490.94000,22510.84000,23075.59000,60114
1674864000,23051.84000,23175.04000,22866.06000,22987.64000,30090
1674950400,22987.64000,23956.44000,22947.04000,23789.64000,63745
1675036800,23789.64000,23874.74000,22544.17000,22737.44000,69298
1675123200,22737.44000,23206.62000,22478.54000,22937.84000,55174
1675209600,22937.84000,23788.04000,22751.44000,23678.54000,55901
1675296000,23678.54000,24272.08000,23398.84000,23453.74000,64968
1675382400,23446.74000,23713.10000,23198.40000,23371.44000,61738
1675468800,23428.54000,23583.74000,23243.85000,23408.44000,25157
1675555200,23408.44000,23443.74000,22738.84000,22890.64000,37970
1675641600,22890.64000,23144.74000,22593.84000,22908.94000,46726
1675728000,22908.94000,23341.44000,22619.64000,23183.34000,44033
1675814400,23183.34000,23440.64000,22657.04000,22942.04000,44101
1675900800,22942.04000,22998.04000,21683.62000,21843.04000,61568
1675987200,21843.04000,21942.64000,21398.84000,21514.94000,53444
1676073600,21609.04000,21831.54000,21588.24000,21809.44000,17607
1676160000,21809.44000,22073.85000,21691.24000,21721.84000,23010
1676246400,21721.84000,21879.24000,21331.84000,21597.94000,52457
1676332800,21597.94000,22300.29000,21479.08000,22224.44000,41034
1676419200,22224.44000,24342.01000,22032.34000,24174.84000,52073
1676505600,24174.84000,25265.24000,24113.84000,24547.74000,68500
1676592000,24547.74000,25034.04000,23348.07000,24479.44000,90643
1676678400,24560.84000,24879.84000,24424.44000,24615.44000,32865
1676764800,24615.44000,25193.34000,24243.84000,24530.54000,48882
1676851200,24530.54000,25129.90000,23824.49000,24763.74000,74560
1676937600,24763.74000,25284.11000,24143.84000,24185.04000,73674
1677024000,24190.65000,24462.24000,23565.84000,23787.54000,84562
1677110400,23789.14000,24581.74000,23583.84000,23849.44000,79832
1677196800,23852.64000,24116.24000,22793.84000,23086.14000,72254
1677283200,23167.04000,23201.54000,22708.42000,22920.94000,34980
1677369600,22920.94000,23668.48000,22904.94000,23542.14000,37728
1677456000,23542.14000,23881.74000,23081.84000,23365.24000,59453
1677542400,23365.24000,23586.54000,23005.84000,23120.54000,51199
1677628800,23120.54000,24011.42000,23003.01000,23538.64000,57180
1677715200,23538.64000,23782.94000,23176.84000,23393.84000,43354
1677801600,23393.84000,23542.74000,21901.23000,22222.34000,44074
1677888000,22318.74000,22393.74000,22141.34000,22198.04000,14449
1677974400,22198.04000,22643.24000,22169.84000,22467.64000,24255
1678060800,22467.44000,22585.24000,22234.04000,22392.84000,27782
1678147200,22392.84000,22543.74000,21911.85000,22039.84000,32253
1678233600,22039.84000,22270.14000,21804.75000,21998.74000,37814
1678320000,21998.74000,22003.74000,20004.95000,20199.14000,56272
1678406400,20199.14000,20476.72000,19541.27000,20063.04000,80475
1678492800,20139.34000,20667.54000,19748.74000,20341.04000,64019
1678579200,20340.96000,21339.25000,20266.04000,21244.64000,45519
1678665600,21242.32000,24510.74000,21082.34000,24154.24000,119380
1678752000,24154.24000,26463.89000,23931.85000,24575.14000,101394
1678838400,24575.14000,25188.46000,23893.84000,24319.94000,111128
1678924800,24319.94000,25160.54000,24114.34000,24674.34000,89275
1679011200,24674.34000,26973.74000,24634.64000,26752.74000,105523
1679097600,27335.04000,27642.24000,26549.34000,27306.84000,70852
1679184000,27306.84000,28381.48000,26786.62000,27876.05000,86744
1679270400,27875.95000,28463.84000,27114.44000,27984.14000,117300
1679356800,27982.64000,28452.34000,27282.31000,28051.74000,103425
1679443200,28051.74000,28866.81000,26585.94000,27287.74000,71870
1679529600,27288.74000,28769.24000,26951.19000,28271.14000,67231
1679616000,28271.14000,28426.14000,27307.53000,27570.84000,61894
1679702400,27300.04000,27776.04000,27130.04000,27335.24000,40782
1679788800,27335.24000,28179.20000,27326.84000,27755.04000,38576
1679875200,27755.04000,28125.14000,26473.84000,27023.74000,58690
1679961600,27023.74000,27493.74000,26603.84000,27287.64000,64536
1680048000,27287.64000,28639.84000,27078.24000,28371.74000,64866
1680134400,28371.74000,29172.84000,27660.66000,28124.54000,71251
1680220800,28124.54000,28664.72000,27493.84000,28372.34000,63992
1680307200,28542.64000,28815.84000,28200.34000,28428.87000,32923
1680393600,28428.87000,28542.04000,27816.88000,28035.94000,39190
1680480000,28035.94000,28512.87000,27401.07000,27561.64000,67043
1680566400,27561.64000,28432.22000,27160.14000,28223.64000,65931
1680652800,28223.64000,28781.40000,27768.85000,28130.44000,61456
1680739200,28130.44000,28218.84000,27678.04000,27958.84000,46473
1680825600,27958.84000,28089.74000,27748.84000,27846.43000,31917
1680912000,27929.44000,28143.63000,27843.94000,27889.24000,15078
1680998400,27889.24000,28266.14000,27762.83000,28098.74000,19942
1681084800,28098.74000,29283.74000,28095.24000,29101.54000,44215
1681171200,29101.54000,30551.74000,29071.14000,30142.24000,53247
1681257600,30142.24000,30463.94000,29616.74000,29928.64000,41225
1681344000,29928.64000,30590.20000,29773.74000,30226.84000,40226
1681430400,30226.84000,31046.12000,29934.98000,30423.64000,49313
1681516800,30446.74000,30453.74000,30181.37000,30261.94000,8286
1681603200,30261.94000,30553.74000,30096.84000,30328.24000,20496
1681689600,30328.24000,30393.54000,29213.74000,29429.84000,36847
1681776000,29429.84000,30471.24000,29074.50000,30410.84000,41059
1681862400,30410.44000,30431.84000,29037.59000,29231.71000,51352
1681948800,29231.71000,29234.14000,28004.00000,28198.56000,66376
1682035200,28198.56000,28368.01000,27160.00000,27266.00000,56256
1682121600,27263.90000,27778.77000,27134.35000,27628.45000,21734
1682208000,27628.45000,27876.05000,27312.05000,27498.61000,33358
1682294400,27498.61000,27992.98000,26936.82000,27454.44000,53547
1682380800,27454.44000,28040.71000,27186.00000,27969.01000,39598
1682467200,27969.01000,30021.05000,27236.13000,28407.38000,52485
1682553600,28407.38000,29883.99000,28087.07000,29613.30000,72585
1682640000,29613.30000,29777.12000,28885.00000,29332.00000,37731
1682726400,29362.51000,29442.07000,28996.36000,29199.54000,17328
1682812800,29199.54000,29942.55000,29065.04000,29308.74000,32109
1682899200,29308.74000,29464.24000,27660.96000,27674.92000,43861
1682985600,27672.09000,28873.25000,27668.62000,28669.97000,37448
1683072000,28669.97000,28809.32000,28107.69000,28512.71000,50629
1683158400,28512.71000,29370.99000,28511.71000,28864.15000,39891
1683244800,28864.15000,29666.76000,28742.00000,29487.12000,35375
1683331200,29587.32000,29813.99000,28318.00000,28789.89000,43700
1683417600,28789.89000,29132.28000,28637.43000,28906.07000,30880
1683504000,28906.07000,28946.86000,27259.03000,27528.91000,65182
1683590400,27528.91000,27811.99000,27347.00000,27643.21000,39473
1683676800,27643.21000,28310.54000,26772.51000,27851.11000,55380
1683763200,27851.22000,27862.39000,26708.44000,26990.17000,41993
1683849600,26990.17000,27080.55000,25806.24000,26432.41000,56934
1683936000,26663.90000,27038.97000,26651.04000,26898.85000,23800
1684022400,26898.85000,27193.99000,26554.53000,26936.54000,27535
1684108800,26936.54000,27657.58000,26721.00000,27340.30000,38258
1684195200,27340.30000,27380.04000,26846.11000,26945.41000,32763
1684281600,26945.41000,27461.01000,26538.71000,27334.59000,35140
1684368000,27334.59000,27492.74000,26356.75000,26714.63000,42714
1684454400,26714.63000,27174.08000,26630.09000,26825.03000,28007
1684627200,26992.64000,27271.31000,26748.78000,26822.54000,21463
1684713600,26822.54000,27093.48000,26493.84000,26889.13000,31091
1684800000,26889.13000,27486.18000,26792.11000,27209.10000,26097
1684886400,27209.10000,27243.37000,26074.50000,26398.18000,36531
1684972800,26398.18000,26623.99000,25867.24000,26479.21000,26649
1685059200,26479.21000,26926.15000,26321.24000,26741.65000,17722
1685145600,26692.02000,26835.26000,26547.98000,26745.51000,7533
1685232000,26745.51000,27731.37000,26727.84000,27548.47000,14433
1685318400,27548.47000,28439.95000,27518.60000,27676.77000,18868
1685404800,27676.77000,28032.58000,27548.00000,27756.51000,22569
1685491200,27756.51000,27835.99000,26836.31000,27108.19000,26248
1685577600,27108.19000,27340.99000,26607.79000,26856.99000,24240
1685664000,26856.99000,27281.63000,26499.00000,27169.24000,23712
1685750400,27229.29000,27325.05000,27019.59000,27056.33000,10979
1685836800,27056.33000,27291.99000,26909.00000,27235.50000,11509
1685923200,27235.50000,27449.01000,25387.22000,25625.15000,34596
1686009600,25625.15000,27213.57000,25345.02000,26935.30000,46123
1686096000,26935.30000,27381.15000,26235.87000,26353.93000,37862
1686182400,26353.93000,26803.99000,26119.28000,26631.30000,21474
1686268800,26631.30000,26777.27000,26263.91000,26445.15000,15967
1686355200,25641.11000,26147.99000,25359.89000,25745.24000,14346
1686441600,25745.24000,26196.99000,25628.70000,26117.68000,14031
1686528000,26117.68000,26133.77000,25606.48000,25887.48000,17885
1686614400,25887.48000,26423.88000,25715.71000,25841.97000,21537
1686700800,25841.97000,26084.44000,24814.56000,24923.43000,21838
1686787200,24924.18000,25601.76000,24794.00000,25560.09000,30933
1686873600,25560.00000,26500.61000,25171.99000,26406.13000,23932
1686960000,26371.94000,26811.30000,26175.00000,26535.85000,18407
1687046400,26535.85000,26693.99000,26349.10000,26467.74000,14040
1687132800,26467.74000,27062.08000,26249.85000,26717.99000,24102
1687219200,26717.99000,28234.00000,26646.00000,28151.99000,29187
1687305600,28151.99000,30792.99000,28061.91000,29982.00000,44269
1687392000,29982.00000,30493.99000,29530.00000,30146.07000,35496
1687478400,30146.07000,31420.00000,29794.37000,30900.07000,32901
1687564800,30645.22000,30793.99000,30244.00000,30501.55000,23871
1687651200,30501.55000,31038.56000,30271.49000,30368.00000,26495
1687737600,30368.00000,30659.99000,29928.02000,30155.77000,28635
1687824000,30155.77000,30987.99000,30093.00000,30643.95000,23652
1687910400,30643.95000,30730.23000,29860.00000,30102.00000,24850
1687996800,30102.00000,30837.97000,30024.00000,30392.97000,19845
1688083200,30392.97000,31275.99000,29494.00000,30391.54000,36182
1688169600,30457.26000,30655.59000,30314.59000,30576.58000,9929
1688256000,30576.58000,30679.64000,30156.99000,30582.46000,11557
1688342400,30582.46000,31373.99000,30419.67000,31115.18000,19973
1688428800,31115.18000,31323.99000,30614.00000,30791.13000,17956
1688515200,30791.13000,30872.06000,30194.00000,30454.28000,16252
1688601600,30454.28000,31493.99000,29882.00000,30309.16000,28358
1688688000,30309.20000,30442.99000,29707.72000,30258.12000,17498
1688774400,30309.18000,30380.80000,30038.47000,30152.21000,8165
1688860800,30152.21000,30439.26000,30109.00000,30187.99000,8829
1688947200,30187.99000,31039.76000,29944.00000,30773.00000,16855
1689033600,30773.00000,30807.62000,30184.18000,30565.52000,18588
1689120000,30565.52000,30969.12000,30207.01000,30341.99000,17256
1689206400,30341.99000,31798.19000,30245.50000,31366.91000,22049
1689292800,31366.91000,31622.55000,29898.29000,30183.18000,27412
1689379200,30256.65000,30365.66000,30244.99000,30296.01000,4945
1689465600,30296.01000,30434.02000,30058.48000,30265.64000,9871
1689552000,30265.64000,30354.99000,29654.12000,29920.18000,16517
1689638400,29920.18000,30278.78000,29525.10000,29771.99000,17744
1689724800,29771.99000,30181.99000,29748.47000,29958.94000,14786
1689811200,29958.94000,30411.45000,29571.96000,29733.72000,17849
1689897600,29733.72000,30053.99000,29720.34000,29874.00000,11389
1689984000,29903.01000,29983.99000,29795.66000,29821.24000,4267
1690070400,29821.24000,30343.49000,29619.10000,30137.49000,10427
1690156800,30137.49000,30137.49000,28861.23000,29143.15000,18678
1690243200,29143.15000,29367.43000,29041.66000,29223.84000,9260
1690329600,29223.84000,29679.24000,29090.94000,29572.09000,12242
1690416000,29572.09000,29652.35000,29077.85000,29138.56000,11224
1690502400,29138.56000,29536.21000,29119.99000,29332.47000,8795
1690588800,29287.98000,29400.91000,29250.18000,29349.23000,4207
1690675200,29349.23000,29442.99000,29031.99000,29264.95000,6768
1690761600,29264.95000,29523.99000,29104.99000,29202.27000,10867
1690848000,29202.27000,29341.15000,28579.70000,29223.74000,14467
1690934400,29223.74000,30035.27000,28922.00000,29131.45000,20925
1691020800,29131.45000,29427.32000,28962.00000,29297.99000,11164
1691107200,29297.99000,29331.99000,28813.99000,28961.50000,9886
1691193600,29050.67000,29146.22000,29003.37000,29047.72000,3540
1691280000,29047.72000,29163.84000,28985.88000,29129.77000,3995
1691366400,29129.77000,29223.61000,28698.21000,29192.99000,11594
1691452800,29192.99000,29992.07000,29129.83000,29973.99000,14311
1691539200,29973.99000,30216.65000,29370.99000,29494.32000,15024
1691625600,29494.32000,29731.99000,29332.91000,29447.44000,9523
1691712000,29447.44000,29558.51000,29246.45000,29414.21000,6652
1691798400,29428.56000,29475.34000,29375.56000,29414.38000,2049
1691884800,29414.38000,29468.64000,29322.21000,29414.00000,2618
1691971200,29414.00000,29689.31000,29096.46000,29394.82000,10685
1692057600,29394.82000,29492.00000,29069.99000,29192.99000,8247
1692144000,29192.99000,29253.84000,28834.90000,28968.00000,12721
1692230400,28968.00000,28971.76000,27526.00000,27671.13000,25911
1692316800,27671.13000,27731.82000,25160.01000,26078.77000,43430
1692403200,25961.26000,26274.00000,25795.09000,26050.77000,11705
1692489600,26050.77000,26292.99000,25967.98000,26226.98000,9656
1692576000,26226.98000,26237.47000,25807.21000,26099.60000,14655
1692662400,26099.60000,26246.11000,25721.29000,25859.00000,13153
1692748800,25859.00000,26814.26000,25330.29000,26588.59000,21725
1692835200,26588.59000,26618.00000,25860.89000,26026.98000,16026
1692921600,26026.98000,26232.91000,25775.00000,26055.84000,12999
1693008000,26041.26000,26116.66000,25983.05000,26027.37000,3834
1693094400,26027.37000,26177.22000,25961.11000,26086.49000,4914
1693180800,26086.49000,26248.98000,25865.17000,25988.03000,9750
1693267200,25988.03000,28126.66000,25917.00000,27564.27000,23095
1693353600,27564.27000,27771.98000,27013.82000,27245.15000,19175
1693440000,27245.15000,27581.17000,25926.99000,26017.60000,18790
1693526400,26017.60000,26149.60000,25329.00000,25771.61000,21056
1693612800,25891.28000,25932.90000,25758.20000,25843.98000,1915
1693699200,25843.98000,26128.23000,25795.00000,26043.17000,7483
1693785600,26043.17000,26101.16000,25717.75000,25831.67000,10010
1693872000,25831.67000,25897.03000,25559.00000,25709.40000,11656
1693958400,25709.40000,26030.63000,25367.50000,25676.37000,12642
1694044800,25676.37000,26018.53000,25635.32000,26001.24000,7293
1694131200,26001.24000,26440.49000,25642.95000,25903.81000,14315
1694217600,25900.90000,25937.00000,25789.05000,25853.37000,20756
1694304000,25851.99000,25912.46000,25574.53000,25812.23000,32808
1694390400,25812.40000,26019.88000,24896.00000,25082.55000,80484
1694476800,25079.84000,26542.19000,25062.00000,26067.24000,108548
1694563200,26067.28000,26405.98000,25757.73000,26218.69000,89943
1694649600,26219.23000,26849.10000,26123.63000,26572.61000,76626
1694736000,26571.59000,26684.49000,26219.00000,26410.77000,41734
1694822400,26789.16000,26841.77000,26448.19000,26528.61000,31345
1694908800,26528.27000,26620.14000,26423.95000,26436.33000,26352
1694995200,26433.51000,27419.26000,26383.57000,26767.95000,78522
1695081600,26766.44000,27495.30000,26665.38000,27188.44000,92132
1695168000,27189.40000,27389.17000,26795.86000,27092.62000,106568
1695254400,27093.20000,27235.79000,26358.05000,26598.44000,88436
1695340800,26598.44000,26733.91000,26465.02000,26530.51000,71368
1695427200,26530.42000,26633.54000,26522.38000,26586.05000,21001
1695513600,26586.07000,26725.13000,26335.82000,26500.30000,36424
1695600000,26497.84000,26520.81000,25979.17000,26280.46000,81708
1695686400,26279.89000,26387.39000,26075.48000,26142.83000,67051
1695772800,26147.34000,26824.54000,26079.77000,26234.71000,55615
1695859200,26233.99000,27306.75000,26222.95000,27083.57000,76082
1695945600,27083.90000,27232.40000,26670.12000,26900.35000,92016
1696032000,26879.75000,27089.98000,26868.87000,27059.14000,7700
1696118400,27059.14000,27284.07000,26941.73000,27104.74000,11861
1696204800,27104.74000,28595.29000,27086.78000,27834.45000,131772
1696291200,27837.47000,27871.29000,27164.33000,27393.54000,82641
1696377600,27393.54000,27835.98000,27205.84000,27641.97000,79111
1696464000,27642.11000,28126.32000,27353.44000,27473.18000,91325
1696550400,27471.43000,28063.82000,27167.91000,27990.35000,98868
1696636800,27919.40000,28036.23000,27867.54000,27936.19000,41063
1696723200,27936.30000,28103.31000,27706.02000,27922.12000,62624
1696809600,27920.37000,27998.00000,27264.02000,27573.21000,105975
1696896000,27568.20000,27732.92000,27287.07000,27400.03000,84761
1696982400,27398.29000,27473.99000,26516.72000,26705.77000,104258
1697068800,26705.78000,26933.98000,26538.59000,26734.47000,88452
1697155200,26734.47000,27052.09000,26656.72000,26970.56000,89149
1697241600,26831.02000,26981.94000,26763.95000,26844.25000,37761
1697328000,26845.15000,27226.32000,26791.56000,27202.15000,47544
1697414400,27203.55000,29995.38000,27052.45000,28411.14000,135532
1697500800,28415.88000,28628.14000,28082.56000,28449.50000,127006
1697587200,28449.67000,28982.11000,28146.99000,28247.30000,95372
1697673600,28247.30000,28900.66000,28104.99000,28710.38000,23327
1697760000,28710.38000,30234.28000,28587.29000,29597.07000,160331
1697846400,29640.07000,30360.07000,29470.40000,30029.67000,100415
1697932800,30029.52000,30259.23000,29665.00000,29858.95000,127217
1698019200,29856.56000,31821.03000,29714.53000,31535.89000,198018
1698105600,31536.46000,35142.88000,31431.04000,33635.99000,262251
1698192000,33642.93000,35132.82000,33343.58000,34677.65000,217406
1698278400,34672.91000,34836.58000,33731.37000,34186.97000,205165
1698364800,34186.68000,34284.06000,33396.00000,33823.60000,153073
1698451200,34052.56000,34486.99000,33925.02000,34121.10000,6891
1698537600,34121.10000,34744.99000,33925.00000,34568.45000,10730
1698624000,34568.45000,34850.99000,34062.82000,34409.95000,21674
1698710400,34412.70000,34704.99000,34021.01000,34627.65000,24033
1698796800,34627.65000,35490.23000,34077.23000,35431.41000,151661
1698883200,35432.20000,35970.93000,34307.12000,34909.72000,191051
1698969600,34907.81000,34974.20000,34115.00000,34588.89000,36295
1699056000,34710.32000,34994.99000,34580.18000,34749.84000,10198
1699142400,34749.84000,35294.99000,34443.01000,34640.92000,15205
1699228800,34640.92000,35360.95000,34621.43000,35014.99000,22076
1699315200,35014.99000,35955.90000,34532.68000,35496.49000,112243
1699401600,35496.49000,35924.57000,35104.67000,35588.29000,117094
1699488000,35586.54000,37978.85000,35550.55000,36533.14000,179373
1699574400,36532.01000,37463.34000,36333.15000,37285.67000,159782
1699660800,37093.93000,37292.68000,36917.70000,36984.48000,71019
1699747200,36983.37000,37234.07000,36725.02000,37167.71000,121429
1699833600,37167.71000,37425.47000,36351.82000,36480.72000,129823
1699920000,36480.72000,36753.08000,34774.17000,35579.08000,133807
1700006400,35579.16000,37878.35000,35356.97000,37645.43000,150058
1700092800,37645.43000,37974.69000,35506.51000,35957.26000,173599
1700179200,35957.26000,36707.45000,35864.39000,36409.58000,149740
1700265600,36621.39000,36852.53000,36200.39000,36557.74000,63886
1700352000,36557.74000,37084.84000,36399.91000,36999.85000,68099
1700438400,36999.85000,37772.51000,36715.39000,37425.19000,126099
1700524800,37421.19000,37668.72000,36259.85000,36845.99000,121793
1700611200,36850.55000,37867.58000,35643.88000,37626.87000,145174
1700697600,37626.87000,37767.17000,36890.96000,37250.07000,117410
1700784000,37250.07000,38435.68000,37210.48000,37857.20000,116531
1701043200,37623.83000,37754.95000,36719.27000,37028.48000,106452
1701129600,37028.48000,38419.49000,36871.09000,37956.50000,88181
1701216000,37956.50000,38453.42000,37594.07000,37737.23000,115757
1701302400,37737.23000,38143.89000,37495.39000,37742.84000,97296
1701388800,37742.84000,38995.37000,37607.39000,38789.00000,139243
1701475200,38739.15000,39722.26000,38672.01000,39577.26000,77093
1701561600,39571.78000,39841.36000,39288.41000,39722.81000,99220
1701648000,39721.01000,42155.31000,39697.76000,42030.53000,187771
1701734400,42029.62000,44209.93000,41381.76000,43897.19000,171152
1701820800,43890.35000,44503.21000,43364.39000,43820.07000,184879
1701907200,43818.88000,44049.90000,42841.91000,43380.86000,174815
1701993600,43380.86000,44745.45000,43084.52000,44548.37000,172082
1702080000,44157.32000,44370.11000,43744.39000,43977.52000,101981
1702166400,43977.68000,44044.91000,43585.74000,43797.66000,121009
1702252800,43797.71000,43891.95000,40173.26000,41162.07000,182286
1702339200,41162.07000,42077.83000,40638.08000,41081.09000,167265
1702425600,41081.09000,43169.36000,40595.77000,42987.06000,164681
1702512000,42988.71000,43458.39000,41555.85000,42988.75000,155868
1702598400,42989.16000,43187.77000,41653.20000,42230.56000,124785
1702684800,41929.43000,42672.03000,41626.35000,42270.39000,72647
1702771200,42270.39000,42362.37000,41496.24000,41875.42000,94988
1702857600,41875.42000,42743.48000,40503.39000,42611.28000,130708
1702944000,42611.28000,43447.82000,41777.48000,42494.04000,119286
1703030400,42494.38000,44320.31000,42177.97000,43449.90000,110818
1703116800,43450.02000,44245.38000,43291.17000,43999.49000,101065
1703203200,43999.43000,44416.34000,43412.53000,43736.11000,88410
1703289600,44008.52000,44028.15000,43329.69000,43802.82000,79885
1703376000,43802.82000,43976.49000,43430.01000,43519.58000,87666
1703548800,43521.90000,43730.66000,41613.35000,42318.18000,94432
1703635200,42339.14000,43555.83000,42107.37000,43361.19000,74629
1703721600,43364.99000,43782.56000,42283.60000,42450.61000,18396
1703808000,42449.00000,43105.99000,41659.32000,41931.22000,20717
1703894400,42061.94000,42606.52000,41517.84000,42300.07000,11561
1703980800,42300.07000,42893.99000,41983.77000,42515.72000,12246
1704153600,43614.21000,45874.62000,43366.39000,45114.74000,30504
1704240000,45116.50000,45494.99000,40860.78000,42912.61000,30939
1704326400,42918.01000,44623.00000,42586.09000,44425.85000,26625
1704412800,44425.85000,44724.19000,42597.16000,43943.00000,28702
1704499200,44146.09000,44209.41000,43392.99000,43884.42000,14721
1704585600,43884.42000,44475.58000,43715.23000,44226.53000,15386
1704672000,44226.53000,47232.45000,43172.18000,47066.41000,37900
1704758400,47066.41000,47963.99000,44902.24000,45425.12000,61031
1704844800,45434.44000,46660.99000,44296.11000,45936.06000,79292
1704931200,45941.00000,48952.93000,45612.99000,46151.00000,85861
1705017600,46151.00000,46510.52000,43210.99000,43447.00000,69954
1705104000,42777.73000,43251.00000,42431.12000,42958.44000,51084
1705190400,42958.44000,43072.99000,41995.00000,42549.89000,36980
1705276800,42549.89000,43395.00000,41713.05000,42709.30000,48753
1705363200,42710.99000,43572.73000,42054.00000,43429.70000,41196
1705449600,43429.70000,43491.04000,42202.55000,42671.13000,28582
1705536000,42671.13000,42924.75000,40678.28000,41118.99000,27388
1705622400,41118.99000,42143.48000,40247.17000,41591.61000,134322
1705795200,41693.61000,41851.70000,41505.39000,41756.05000,74817
1705881600,41756.05000,41761.92000,39367.83000,39803.50000,142128
1705968000,39805.28000,40135.46000,38500.56000,39183.39000,133357
1706054400,39182.61000,40522.75000,39157.61000,39768.08000,126183
1706140800,39774.33000,40277.12000,39501.95000,39899.74000,128011
1706227200,39899.95000,42231.35000,39801.20000,41982.57000,131159
1706313600,41863.58000,42169.15000,41380.73000,42145.83000,86637
1706400000,42145.83000,42827.52000,41675.26000,41961.63000,114094
1706486400,41961.93000,43315.28000,41612.92000,43178.94000,118689
1706572800,43178.96000,43857.34000,43072.56000,43539.28000,113648
1706659200,43539.28000,43734.26000,42261.15000,42458.03000,129942
1706745600,42455.25000,43270.95000,41845.39000,43076.46000,126714
1706832000,43076.46000,43447.58000,42522.89000,42972.65000,118858
1706918400,43177.38000,43353.69000,42857.39000,43026.93000,85302
1707004800,43025.74000,43094.35000,42525.89000,42752.26000,89054
1707091200,42752.30000,43510.75000,42223.41000,42322.24000,117998
1707177600,42322.24000,43362.39000,42272.61000,43155.94000,101954
1707264000,43155.94000,44405.16000,42755.83000,44200.11000,99890
1707350400,44198.51000,45629.74000,44122.23000,45330.36000,97132
1707436800,45330.36000,48221.40000,45235.39000,47536.32000,134085
1707523200,47175.27000,48171.79000,46886.54000,47950.77000,97142
1707609600,47951.30000,48609.38000,47585.50000,48132.07000,121290
1707696000,48133.69000,50353.71000,47711.06000,49844.16000,123779
1707782400,49841.58000,50393.41000,48324.20000,49564.00000,127097
1707868800,49564.19000,52102.38000,49248.57000,51771.10000,132540
1707955200,51775.98000,52861.36000,51349.04000,51358.02000,133861
1708041600,51357.92000,52603.58000,51352.27000,52010.94000,120776
1708128000,51963.70000,52079.96000,50637.73000,51803.25000,98416
1708214400,51803.25000,52073.09000,51179.95000,51871.25000,113039
1708300800,51871.25000,52496.39000,51683.11000,51898.52000,111904
1708387200,51898.76000,52992.77000,50759.40000,52030.41000,122571
1708473600,52030.44000,52538.96000,50631.95000,51392.09000,125317
1708560000,51392.33000,52064.61000,50901.04000,51644.17000,124639
1708646400,51645.13000,51705.44000,50619.53000,50967.93000,123095
1708732800,50740.09000,51688.45000,50571.63000,51555.48000,69617
1708819200,51555.48000,51959.75000,51270.39000,51763.58000,77630
1708905600,51763.58000,54969.40000,50898.28000,54653.65000,95909
1708992000,54657.06000,57621.78000,54483.32000,56734.57000,120850
1709078400,56732.62000,64084.02000,56664.88000,60545.45000,103858
1709164800,60545.45000,63671.34000,60365.66000,61369.94000,65716
1709251200,61369.94000,63109.22000,60682.17000,62515.46000,37878
1709510400,62851.77000,67808.74000,62714.49000,67408.44000,121955
1709596800,67398.96000,69282.54000,59104.84000,63242.34000,141427
1709683200,63245.94000,67674.24000,62452.84000,66417.94000,135165
1709769600,66417.94000,67935.24000,65552.14000,67242.24000,94371
1709856000,67244.24000,70240.89000,66067.24000,68160.86000,68128
1709942400,68121.44000,68542.84000,67852.34000,68373.24000,41081
1710028800,68373.24000,69870.04000,68203.68000,69314.04000,43365
1710115200,69314.04000,72825.04000,66943.34000,72128.84000,106081
1710201600,72125.05000,73302.76000,68600.96000,71035.34000,86828
1710288000,70965.71000,73699.82000,70597.04000,73152.86000,150652
1710374400,73153.28000,73817.92000,68475.61000,70677.56000,124588
1710460800,70671.79000,72386.64000,65565.42000,67843.88000,156692
1710547200,69107.01000,70040.34000,66620.43000,67064.72000,120394
1710633600,67072.83000,68636.67000,64495.65000,68238.73000,133003
1710720000,68245.76000,68901.66000,66554.72000,67356.88000,128323
1710806400,67360.45000,68111.46000,62305.98000,63727.08000,140189
1710892800,63722.27000,67802.41000,60772.97000,67063.26000,143125
1710979200,67057.00000,68213.99000,64523.34000,65451.01000,132919
1711065600,65464.12000,66632.08000,62573.13000,63495.87000,127443
1711152000,63030.61000,65998.44000,62990.39000,64996.15000,101346
1711238400,64996.07000,66440.38000,63773.72000,66144.02000,119134
1711324800,66144.02000,71238.45000,66144.02000,70978.69000,118992
1711411200,70973.34000,71574.28000,69297.45000,69813.13000,109010
1711497600,69816.38000,71742.63000,68362.06000,68848.16000,111020
1711584000,68848.16000,71598.31000,68835.86000,70706.21000,114505
1711670400,70706.21000,71074.25000,69052.47000,69657.10000,107371
1711756800,69843.90000,70351.83000,69728.17000,69845.23000,86513
1711843200,69845.25000,71221.38000,69561.42000,70841.01000,87546
1711929600,70841.01000,71386.33000,68052.39000,69760.15000,108690
1712016000,69761.25000,69926.09000,64544.41000,65704.89000,124096
1712102400,65648.53000,66929.73000,64504.82000,65724.87000,114803
1712188800,65725.07000,69340.28000,65071.42000,67943.56000,103084
1712275200,67943.25000,68765.46000,65992.39000,67652.05000,116335
1712361600,67647.80000,68492.38000,67473.44000,68405.74000,75659
1712448000,68405.74000,70303.37000,68312.31000,69313.87000,80166
1712534400,69313.87000,72725.54000,68895.51000,71696.75000,106287
1712620800,71697.40000,71992.37000,68204.37000,69128.90000,113236
1712707200,69119.14000,70130.11000,67455.03000,69799.37000,117048
1712793600,69799.37000,71277.31000,69528.07000,70510.13000,114792
1712880000,70512.59000,71243.24000,65177.86000,67122.19000,107090
1712966400,67486.14000,67941.87000,60842.54000,61946.58000,59947
1713052800,61974.54000,65664.30000,61746.39000,63856.15000,124414
1713139200,63857.68000,66912.77000,62307.47000,63134.31000,119392
1713225600,63138.42000,63921.75000,61638.40000,63032.98000,125429
1713312000,63027.73000,64496.80000,59663.27000,60835.00000,115019
1713398400,60839.93000,64180.16000,60808.46000,63523.07000,128241
1713484800,63530.51000,65486.29000,59581.07000,64065.81000,125150
1713571200,63835.55000,64292.07000,63113.53000,63820.66000,58943
1713657600,64959.31000,65716.05000,64242.39000,64647.61000,93181
1713744000,64647.67000,66872.75000,64512.39000,66542.24000,112292
1713830400,66541.99000,67263.75000,65821.50000,66344.31000,96823
1713916800,66342.75000,67069.27000,63534.86000,64032.60000,98784
1714003200,64032.78000,64959.51000,62739.57000,64792.39000,113896
1714089600,64792.39000,65278.24000,63289.82000,63935.16000,103564
1714176000,62902.88000,63586.99000,62623.91000,63231.47000,73618
1714262400,63231.47000,64320.16000,63098.22000,63654.18000,106218
1714348800,63654.18000,63717.76000,61764.21000,62933.17000,119801
1714435200,62933.06000,64704.82000,59043.40000,59858.05000,117241
1714521600,59861.31000,60974.18000,56500.25000,57271.39000,124345
1714608000,57271.45000,59578.97000,56898.82000,58731.43000,93535
1714694400,58731.43000,63219.19000,58698.06000,62930.83000,67259
1714780800,62812.78000,64523.36000,62560.21000,63871.80000,75114
1714867200,63871.80000,64618.76000,62902.73000,63738.93000,45802
1714953600,63734.36000,65508.39000,62700.40000,63291.31000,53473
1715040000,63291.31000,64397.77000,62794.39000,62962.95000,68384
1715126400,62961.79000,63151.87000,61419.18000,61551.61000,66970
1715212800,61551.61000,62653.27000,60603.17000,62614.77000,99940
1715299200,62614.77000,63462.44000,60162.29000,60490.85000,100780
1715385600,60829.70000,61474.16000,60450.77000,60992.06000,68838
1715472000,60989.40000,61836.45000,60584.32000,61251.25000,36328
1715558400,61251.25000,63450.51000,60732.51000,63085.49000,57541
1715644800,63085.49000,63111.81000,61070.05000,61570.17000,50339
1715731200,61569.17000,66461.43000,61292.52000,65981.53000,57765
1715817600,65983.70000,66743.46000,64591.12000,65278.79000,63811
1715904000,65283.38000,67478.52000,65107.86000,66917.50000,45760
1715990400,66917.00000,67396.01000,66622.36000,66987.42000,18940
1716076800,66987.42000,67694.10000,65869.36000,66151.69000,27701
1716163200,66151.69000,70437.85000,65994.39000,69529.43000,44104
1716249600,69533.21000,71958.59000,68929.93000,69703.78000,71982
1716336000,69703.78000,70651.88000,69200.29000,69398.33000,66161
1716422400,69398.33000,70038.43000,66250.90000,67734.01000,71108
1716508800,67742.48000,69261.58000,66580.29000,68826.15000,96431
1716595200,68768.57000,69582.97000,68479.32000,69087.45000,47551
1716681600,69087.45000,69501.78000,68634.39000,68672.79000,55249
1716768000,68672.79000,70602.40000,68132.58000,69582.23000,76947
1716854400,69584.43000,69822.28000,67189.82000,68236.54000,88457
1716940800,68237.33000,68847.08000,67061.34000,67400.24000,68175
1717027200,67397.54000,69449.24000,67048.34000,68406.84000,49464
1717113600,68406.84000,68958.94000,66582.64000,67636.24000,43401
1717200000,67556.31000,67801.24000,67471.34000,67718.14000,10967
1717286400,67718.14000,68407.34000,67194.14000,67755.24000,27200
1717372800,67755.24000,70217.14000,67523.94000,69031.36000,46636
1717459200,69031.34000,71002.64000,68476.84000,70325.84000,45501
1717545600,70325.84000,71695.94000,70261.68000,71109.94000,45218
1717632000,71106.37000,71592.74000,70030.94000,70650.74000,35469
1717718400,70650.74000,71932.13000,68356.42000,69220.84000,39343
1717804800,69387.80000,69496.34000,69092.93000,69282.84000,14418
1717891200,69282.84000,69761.74000,69043.34000,69589.54000,15377
1717977600,69589.54000,70105.04000,69087.14000,69533.44000,27155
1718064000,69529.34000,69611.94000,65884.89000,67182.74000,49708
1718150400,67182.74000,69895.94000,66802.84000,67984.44000,43662
1718236800,67988.74000,68549.54000,66147.35000,66608.24000,60080
1718323200,66608.24000,67248.64000,64944.04000,65639.64000,65892
1718409600,66122.34000,66122.34000,65684.02000,65918.04000,3974
1718496000,65918.04000,66662.64000,65904.34000,66386.64000,24080
1718582400,66386.64000,67163.34000,64982.74000,66258.74000,65520
1718668800,66258.74000,66579.74000,63910.38000,64800.74000,84647
1718755200,64791.04000,65594.64000,64519.48000,64733.24000,58738
1718841600,64733.24000,66349.74000,64409.40000,64961.64000,65981
1718928000,64961.64000,65044.44000,63249.44000,64065.84000,66783
1719014400,64126.34000,64504.74000,63908.64000,64249.34000,18191
1719100800,64249.34000,64492.74000,63621.34000,63717.24000,15504
1719187200,63717.24000,63825.34000,58227.84000,59484.64000,90752
1719273600,59484.64000,62411.04000,59373.74000,61889.74000,68508
1719360000,61889.74000,62457.84000,60692.84000,60979.94000,59358
1719446400,60979.94000,62370.44000,60598.84000,61475.14000,56908
1719532800,61475.14000,62192.74000,60035.24000,60240.84000,55739
1719619200,60370.84000,61224.74000,60350.64000,61037.44000,20621
1719705600,61037.44000,62390.54000,60697.84000,61974.44000,36648
1719792000,61974.44000,63842.74000,61824.24000,63268.74000,59525
1719878400,63268.74000,63277.64000,61793.84000,62000.04000,47266
1719964800,62000.04000,62271.94000,59516.24000,59589.74000,54715
1720051200,59589.74000,60492.64000,56743.84000,58339.44000,80948
1720137600,58339.44000,58776.34000,53359.94000,56321.04000,122886
1720224000,56731.76000,58197.44000,56469.54000,57937.94000,30778
1720310400,57937.94000,58458.08000,56549.64000,57239.65000,64565
1720396800,57239.65000,58193.34000,54243.74000,56235.74000,123693
1720483200,56235.74000,58277.81000,56174.00000,57905.64000,97790
1720569600,57905.64000,59429.05000,57117.25000,57384.84000,80448
1720656000,57384.84000,59660.34000,57025.32000,57522.14000,84450
1720742400,57522.14000,58493.74000,56504.44000,57502.24000,85423
1720828800,57756.76000,58942.04000,57678.54000,58564.74000,43161
1720915200,58564.74000,60372.84000,58250.54000,60052.44000,60785
1721001600,60052.44000,63767.74000,59981.34000,63688.44000,88035
1721088000,63688.44000,65168.94000,62343.84000,64619.94000,103870
1721174400,64619.94000,66085.34000,63823.94000,64474.44000,86732
1721260800,64474.44000,65101.05000,63201.14000,63789.28000,73657
1721347200,63788.33000,67351.66000,63260.72000,66891.64000,74085
1721433600,66678.34000,67605.21000,66173.74000,67305.44000,43914
1721520000,67305.44000,68186.74000,65749.24000,67702.04000,56280
1721606400,67702.04000,68449.84000,66532.54000,68093.74000,71429
1721692800,68093.74000,68137.74000,65417.04000,65804.04000,83712
1721779200,65804.04000,67081.04000,65447.44000,66021.74000,63328
1721865600,66021.74000,66041.34000,63450.54000,65272.64000,84635
1721952000,65267.88000,68125.74000,65183.51000,67396.44000,68168
1722038400,67890.94000,69375.44000,66619.84000,67764.01000,56557
1722124800,67765.84000,69142.14000,67030.84000,67979.74000,55463
1722211200,67979.74000,70068.74000,66370.80000,67342.14000,82032
1722297600,67342.14000,67514.74000,65258.59000,66149.04000,75903
1722384000,66149.04000,66813.74000,64505.94000,64571.24000,70434
1722470400,64571.24000,65108.64000,62265.04000,64738.34000,89043
1722556800,64738.34000,65643.74000,62034.74000,62591.64000,105443
1722643200,61364.94000,62159.74000,59881.84000,60368.74000,83128
1722729600,60368.74000,61083.24000,57043.84000,59117.30000,88706
1722816000,59117.00000,59131.74000,48955.64000,54364.14000,219762
1722902400,54363.05000,56993.64000,53848.14000,56505.74000,169912
1722988800,56505.74000,57680.37000,54607.04000,55114.44000,147786
1723075200,55117.84000,59830.24000,54514.69000,59462.14000,130120
1723161600,59462.14000,62719.34000,59462.00000,60701.04000,119851
1723248000,60719.94000,61440.94000,60202.34000,60948.14000,63858
1723334400,60948.14000,61891.84000,58255.96000,58467.94000,80714
1723420800,58467.94000,60655.24000,57608.84000,58811.44000,131734
1723507200,58811.44000,61534.24000,58368.69000,60536.04000,112367
1723593600,60537.44000,61793.24000,58493.84000,59107.04000,98542
1723680000,59107.34000,59806.74000,55962.87000,56623.34000,99036
1723766400,56626.55000,59773.74000,56565.14000,59229.04000,101215
1723852800,58933.64000,59673.38000,58708.74000,59358.44000,45963
1723939200,59358.44000,60242.14000,59118.34000,59778.34000,56510
1724025600,59778.34000,59780.64000,57757.16000,59040.71000,81913
1724112000,59041.94000,61372.92000,58515.04000,59275.84000,83128
1724198400,59276.24000,61787.14000,58737.84000,61198.14000,89556
1724284800,61198.14000,61468.44000,59671.64000,60642.44000,81428
1724371200,60634.99000,63781.94000,60267.34000,63574.54000,77223
1724457600,64089.44000,64453.04000,63594.59000,64091.14000,46448
1724544000,64091.14000,64518.88000,63516.54000,64175.74000,41952
1724630400,64175.74000,65054.66000,63025.85000,63399.64000,68014
1724716800,63381.84000,63390.74000,61428.34000,61826.44000,64960
1724803200,61832.54000,61923.44000,57813.84000,59283.14000,103064
1724889600,59271.90000,61136.54000,58804.84000,59490.64000,85461
1724976000,59490.64000,59899.73000,57670.07000,59011.74000,89824
1725062400,59011.74000,59429.64000,58701.14000,58911.54000,45053
1725148800,58911.54000,59097.44000,57116.84000,58385.54000,66556
1725235200,58383.95000,59220.94000,57086.80000,58951.94000,84579
1725321600,58954.04000,59783.74000,57526.94000,58196.84000,72578
1725408000,58196.84000,58493.34000,55548.84000,58014.04000,85010
1725494400,58014.04000,58364.54000,55756.54000,56063.34000,78364
1725580800,56054.75000,56970.96000,52597.26000,52848.84000,99845
1725667200,52862.74000,54813.94000,52508.44000,54132.24000,49400
1725753600,54132.24000,54693.74000,53593.84000,54342.37000,46033
1725840000,54342.47000,57142.34000,54283.74000,56970.24000,85137
1725926400,56970.24000,58009.74000,56360.08000,57527.24000,55681
1726012800,57529.84000,57944.74000,55527.44000,57443.84000,54628
1726099200,57440.44000,58538.03000,57181.74000,58171.14000,47553
1726185600,58171.14000,59967.07000,57587.84000,59788.74000,58091
1726272000,59788.74000,60589.94000,59353.94000,59984.64000,42401
1726358400,59984.64000,60360.54000,59657.24000,59760.84000,30841
1726444800,59760.84000,59764.74000,57457.09000,57662.34000,66408
1726531200,57666.54000,61321.64000,57578.19000,60076.77000,66380
1726617600,60076.87000,61309.24000,59132.97000,60193.85000,74285
1726704000,60193.84000,63821.14000,60143.94000,62990.14000,73092
1726790400,62990.14000,64102.74000,62313.84000,62777.34000,66346
1726876800,62777.34000,63372.54000,62720.14000,63107.74000,25683
1726963200,63107.74000,63530.74000,62429.94000,63176.54000,33562
1727049600,63176.54000,64711.94000,62332.84000,63270.84000,74606
1727136000,63273.74000,64569.74000,62682.56000,64189.74000,54822
1727222400,64183.84000,64788.84000,62963.84000,63466.24000,46499
1727308800,63466.24000,65793.14000,62628.24000,64625.87000,57766
1727395200,64624.42000,66430.56000,64597.84000,65763.84000,52745
1727481600,65763.84000,66221.74000,65378.84000,65600.54000,23787
1727568000,65600.54000,66048.84000,65373.84000,65776.14000,24172
1727654400,65776.14000,65943.74000,63029.87000,63779.34000,58254
1727740800,63782.54000,64086.34000,60128.64000,60772.44000,76495
1727827200,60772.44000,62341.35000,59942.84000,60888.74000,91441
1727913600,60888.74000,61446.34000,59814.84000,60742.74000,89185
1728000000,60742.74000,62450.84000,60427.44000,62370.64000,66833
1728086400,62373.34000,62423.94000,61641.84000,61692.94000,29146
1728172800,61692.94000,62935.64000,61665.74000,62583.84000,32447
1728259200,62583.84000,64427.84000,62258.84000,62989.64000,67007
1728345600,62989.64000,63340.04000,61829.95000,62356.34000,64674
1728432000,62356.34000,62538.34000,60255.74000,60378.44000,59874
1728518400,60382.34000,61288.44000,58894.34000,59765.14000,60938
1728604800,59765.14000,63393.54000,59653.84000,62953.45000,47491
1728691200,62837.50000,63479.78000,62801.07000,63026.25000,13025
1728777600,63026.25000,63368.03000,62033.74000,62728.04000,27295
1728864000,62728.84000,66267.34000,62412.80000,65899.64000,70528
1728950400,65899.64000,67943.34000,64766.34000,66453.54000,88416
1729036800,66441.66000,68393.34000,66089.47000,67593.44000,85087
1729123200,67593.44000,67919.49000,66643.63000,66917.34000,70806
1729209600,66917.34000,69023.38000,66911.64000,68424.29000,59469
1729296000,68424.29000,68690.98000,68002.58000,68229.68000,18081
1729382400,68229.68000,68906.32000,68089.47000,68772.16000,17358
1729468800,68772.16000,69534.02000,66836.15000,67739.01000,58744
1729555200,67739.01000,67925.21000,66561.50000,67510.26000,55163
1729641600,67510.26000,67837.13000,65244.06000,66665.74000,51826
1729728000,66665.74000,68333.97000,66346.53000,68189.37000,58603
1729814400,68189.50000,68842.38000,65980.77000,66924.04000,76514
1729900800,66924.51000,67451.59000,66735.73000,67261.71000,39451
1729987200,67260.50000,67989.43000,66922.66000,67755.75000,64810
1730073600,67756.44000,69900.89000,67606.87000,69638.79000,116375
1730160000,69638.96000,73635.36000,69508.79000,72327.32000,144559
1730246400,72326.66000,72985.93000,71430.26000,72846.36000,126680
1730332800,72846.35000,72957.85000,69680.58000,70021.29000,128647
1730419200,70022.76000,71625.31000,68808.02000,69242.02000,152233
1730505600,69242.09000,69908.68000,68849.16000,69535.19000,77677
1730592000,69536.80000,69554.77000,67464.83000,69140.32000,94311
1730678400,69140.37000,69493.00000,66824.61000,67113.18000,139346
1730764800,67110.79000,70541.59000,67052.47000,69161.86000,136812
1730851200,69159.12000,76389.99000,68882.91000,75884.97000,234287
1730937600,75886.44000,76828.82000,74411.27000,75863.15000,154949
1731024000,75863.29000,77175.66000,75478.28000,76464.73000,133225
1731110400,76470.66000,76789.36000,75697.56000,76447.39000,75355
1731196800,76446.12000,81042.95000,76353.37000,79862.42000,158757
1731283200,79862.37000,88374.10000,79776.80000,87897.12000,218421
1731369600,87893.35000,89922.80000,85083.92000,88235.15000,288836
1731456000,88235.28000,93260.72000,86116.99000,88525.87000,271697
1731542400,88533.11000,91776.61000,87019.26000,88211.07000,248242
1731628800,88211.28000,91819.59000,86652.85000,91670.19000,232214
1731715200,91669.98000,91845.86000,90055.14000,90984.66000,132961
1731801600,90984.67000,91456.54000,88989.16000,89124.73000,150420
1731888000,89130.05000,92605.90000,88702.20000,91280.49000,206088
1731974400,91277.21000,93897.62000,90223.96000,92180.78000,185814
1732060800,92177.68000,94817.66000,91311.76000,94352.69000,180380
1732147200,94351.61000,98948.77000,93760.27000,97948.49000,211208
1732233600,97952.84000,99583.43000,97133.65000,99260.73000,172941
1732320000,99261.19000,99358.42000,97117.38000,97956.02000,85120
1732406400,97955.26000,98547.16000,95729.54000,96967.82000,115314
1732492800,96967.83000,98860.39000,93557.48000,93742.62000,176214
1732579200,93742.89000,94976.47000,90785.60000,91673.21000,234376
1732665600,91662.32000,97198.43000,91527.55000,96252.89000,165202
1732752000,96255.39000,96557.46000,94622.95000,95100.22000,132801
1732838400,95088.88000,98614.99000,95002.93000,97375.61000,128226
1732924800,96769.26000,97058.81000,96075.43000,96775.96000,39349
1733011200,96775.89000,97779.51000,95681.25000,97762.22000,92061
1733097600,97761.30000,98138.78000,94379.05000,95387.07000,173306
1733184000,95388.25000,96288.83000,93567.95000,95989.64000,141718
1733270400,95991.14000,98992.01000,94567.51000,97686.07000,149244
1733356800,97688.07000,104063.06000,97526.26000,98905.26000,208255
1733443200,98901.08000,101886.71000,91003.83000,100360.56000,188191
1733529600,100360.56000,100705.62000,98837.80000,99863.81000,93477
1733616000,99868.28000,100508.39000,98657.99000,100021.15000,93594
1733702400,100020.38000,101359.06000,94079.03000,96888.08000,185406
1733788800,96885.22000,98264.09000,94240.36000,96845.98000,226275
1733875200,96847.41000,101669.97000,95648.11000,101505.50000,160899
1733961600,101509.21000,102539.79000,99299.66000,99752.72000,160301
1734048000,99753.57000,101900.59000,99195.73000,101294.09000,122254
1734134400,101293.05000,102649.02000,100599.37000,101063.30000,94704
1734220800,101064.90000,103480.33000,100885.38000,102850.99000,87433
1734307200,102847.96000,107789.28000,102605.09000,106046.38000,164729
1734393600,106047.97000,108347.96000,105463.57000,106394.08000,137926
1734480000,106397.38000,106495.10000,100315.01000,101002.44000,190427
1734566400,100999.66000,102793.34000,95688.19000,97408.09000,234891
1734652800,97404.22000,98406.14000,92269.72000,96616.33000,287665
1734739200,97485.33000,99538.82000,96389.46000,96872.02000,128705
1734825600,96870.99000,97446.29000,94410.45000,95196.48000,149206
1734912000,95185.30000,96529.98000,92513.63000,93960.11000,209289
1734998400,93961.47000,99476.62000,93551.13000,98389.62000,146428
1735084800,98389.44000,99559.26000,97619.23000,98504.23000,115691
1735171200,98503.59000,99968.76000,95185.01000,95804.52000,154112
1735257600,95804.52000,97517.61000,93489.31000,94522.50000,166613
1735344000,94375.82000,95325.59000,94301.34000,95159.24000,56390
1735430400,95159.26000,95727.51000,93120.05000,93348.66000,89473
1735516800,93348.61000,95012.77000,91517.98000,92066.60000,167237
1735603200,92066.98000,96253.52000,91929.18000,93892.61000,155626
1735689600,93888.30000,95157.20000,92908.33000,94968.76000,86832
1735776000,94968.72000,97838.89000,94382.28000,97201.06000,124997
1735862400,97204.49000,98975.29000,96093.71000,98257.24000,94583
1735948800,98259.79000,98775.84000,97515.27000,98352.02000,59861
1736035200,98355.15000,98669.13000,97267.16000,98486.69000,64895
1736121600,98487.23000,102469.88000,97909.25000,101595.81000,113504
1736208000,101594.98000,102712.77000,96158.55000,96496.05000,123148
1736294400,96492.61000,97264.14000,92504.33000,94453.62000,169303
1736380800,94452.99000,95378.94000,91197.32000,92107.87000,172795
1736467200,92108.20000,95828.69000,91622.17000,94611.41000,178011
1736553600,94611.45000,95030.86000,93828.88000,94930.75000,74004
1736640000,94932.08000,95452.73000,93706.57000,94338.65000,73680
1736726400,94339.04000,95940.64000,89149.91000,94202.84000,197417
1736812800,94197.04000,97376.85000,94139.27000,96479.36000,139209
1736899200,96480.02000,100674.28000,96437.33000,99672.26000,122485
1736985600,99667.99000,100873.02000,97327.27000,100143.85000,136941
1737072000,100141.77000,105838.43000,99379.18000,104588.98000,133067
1737158400,104647.65000,104980.54000,102268.12000,103885.57000,108503
1737244800,103881.59000,106430.18000,103444.55000,103679.22000,132651
1737331200,103677.26000,109686.90000,99542.71000,102589.70000,284272
1737417600,102589.17000,107237.72000,100134.70000,106772.02000,221322
1737504000,106767.33000,106772.48000,103330.76000,104087.74000,133342
1737590400,104089.44000,106847.64000,101244.93000,103056.71000,179184
1737676800,103062.92000,107130.44000,102741.15000,105107.64000,136556
1737763200,105107.64000,105458.55000,104098.99000,105090.55000,64328
1737849600,105095.64000,105491.16000,104432.26000,104552.61000,56242
1737936000,104549.18000,104709.49000,97754.48000,101340.25000,226169
1738022400,101337.64000,103802.15000,100265.36000,100321.69000,139415
1738108800,100321.06000,104786.71000,100264.96000,103734.12000,137640
1738195200,103734.71000,106436.98000,103283.28000,105040.33000,113070
1738281600,105038.74000,106013.08000,101532.13000,102131.85000,125956
1738368000,102132.34000,102775.61000,100956.32000,101178.05000,85087
1738454400,101179.91000,101453.92000,96558.87000,97016.67000,172142
1738540800,97021.18000,101965.81000,91227.19000,101795.61000,279748
1738627200,101793.91000,102474.49000,96417.17000,96503.61000,202337
1738713600,96501.51000,99158.54000,96132.22000,96915.24000,157619
1738800000,96915.92000,99129.91000,95669.99000,96799.40000,148065
1738886400,96799.45000,100134.10000,95608.58000,95983.73000,158873
1738972800,95985.24000,96743.98000,95678.30000,96525.55000,46280
1739059200,96519.21000,97319.65000,94702.11000,95160.30000,80673
1739145600,95169.72000,98351.78000,94779.36000,97373.44000,127495
1739232000,97370.77000,98482.75000,94861.95000,96376.65000,108631
1739318400,96377.56000,97903.77000,94066.92000,97638.49000,134237
1739404800,97637.54000,98113.16000,95214.34000,96480.60000,126641
1739491200,96479.82000,98832.56000,96264.55000,97443.62000,105693
1739577600,97445.05000,97962.19000,96921.46000,97678.49000,65687
1739664000,97677.49000,97743.30000,96617.41000,97164.67000,63696
1739750400,97167.43000,97191.24000,95194.08000,96401.09000,97074
1739836800,96400.31000,96741.97000,93381.32000,95057.75000,125830
1739923200,95057.74000,96698.87000,94864.35000,96308.31000,98855
1740009600,96307.93000,98709.36000,96298.71000,98080.61000,89678
1740096000,98081.01000,99482.97000,94865.26000,95385.28000,123533
1740182400,95385.80000,96979.48000,95231.75000,96651.09000,58779
1740268800,96645.56000,96695.82000,95237.21000,95755.43000,53896
1740355200,95758.56000,96492.70000,93605.84000,93966.25000,107870
1740441600,93971.28000,93984.88000,86044.58000,88806.54000,233810
1740528000,88807.82000,89456.11000,82241.37000,84603.41000,170422
1740614400,84602.39000,87072.22000,82707.97000,84405.39000,173222
1740700800,84403.17000,85128.26000,78251.49000,84249.59000,261272
1740787200,84249.58000,86551.72000,83809.53000,86066.44000,113135
1740873600,86067.14000,94992.00000,85038.48000,94285.56000,183065
1740960000,94282.20000,94846.78000,85095.48000,85358.49000,285234
1741046400,85364.45000,88954.02000,81491.97000,87513.94000,341574
1741132800,87513.49000,90923.11000,86344.99000,90366.51000,246132
1741219200,90365.65000,92809.41000,87833.74000,89877.02000,233615
1741305600,89905.09000,91276.70000,84643.07000,86310.82000,295265
1741392000,86323.10000,86886.33000,85227.04000,86220.57000,108223
1741478400,86221.26000,86512.08000,82210.72000,83067.17000,101579
1741564800,83071.68000,84053.62000,77443.62000,79293.62000,301606
1741651200,79293.87000,83617.84000,76585.91000,82794.26000,267525
1741737600,82794.32000,84484.50000,80596.10000,83108.71000,205384
1741824000,83109.27000,84334.83000,79927.98000,80369.38000,173437
1741910400,80367.57000,85314.12000,80272.85000,84122.73000,133954
1741996800,84123.04000,84676.14000,83609.51000,84379.94000,66110
1742083200,84380.61000,85120.34000,82363.63000,83210.14000,98689
1742169600,83199.43000,84746.26000,81985.68000,83946.17000,131970
1742256000,83949.94000,84246.93000,81138.01000,82046.71000,115851
1742342400,82044.80000,85936.85000,81920.45000,85345.79000,128294
1742428800,85345.34000,87430.28000,83633.52000,84520.78000,128186
1742515200,84522.65000,84837.42000,83164.21000,84206.26000,99408
1742601600,84205.32000,84531.91000,83941.82000,83942.83000,46880
1742688000,83940.52000,85407.96000,83652.65000,85095.92000,52236
1742774400,85096.02000,88763.52000,84912.80000,87820.21000,103176
1742860800,87823.23000,88527.83000,86296.72000,87849.55000,97982
1742947200,87844.54000,88275.19000,85846.03000,87274.36000,91943
1743033600,87274.38000,87749.44000,85795.81000,87293.28000,89045
1743120000,87293.31000,87717.70000,83576.98000,83788.52000,114737
1743206400,84473.70000,84616.38000,81640.56000,82503.26000,74907
1743292800,82502.45000,83528.32000,82038.98000,82546.24000,71544
1743379200,82548.79000,83920.89000,81267.24000,82413.58000,146107
1743465600,82425.75000,85496.33000,82252.72000,85224.90000,119261
1743552000,85226.17000,88504.60000,83899.24000,85665.99000,138452
1743638400,85652.07000,85730.46000,81201.86000,82360.86000,171581
1743724800,82358.40000,84717.74000,81649.64000,84156.81000,191913
1743811200,84157.24000,84445.94000,82374.87000,83077.52000,63718
1743897600,83079.44000,83776.59000,78528.73000,78856.61000,111441
1743984000,78872.53000,81218.74000,74496.09000,78940.49000,363456
1744070400,78942.60000,80858.31000,76343.88000,77117.78000,202226
1744156800,77118.76000,83256.93000,74605.03000,83185.36000,263403
1744243200,83186.38000,83580.90000,78455.40000,79921.88000,180296
1744329600,79922.48000,84208.53000,78961.28000,83835.08000,154437
1744416000,83839.28000,85897.02000,82781.82000,85498.58000,92230
1744502400,85503.03000,86093.56000,83028.04000,83495.80000,109133
1744588800,83487.65000,85791.26000,83029.34000,84843.56000,146401
1744675200,84843.50000,86456.03000,83788.33000,84005.23000,111503
1744761600,84005.16000,85541.30000,83096.33000,84289.31000,123630
1744848000,84289.40000,85473.74000,83727.86000,85134.21000,91454
1744934400,85132.68000,85134.25000,84293.03000,84506.21000,51232
1745020800,84507.29000,85654.27000,84334.03000,85188.16000,50580
1745107200,85188.17000,85369.22000,83930.79000,85115.75000,50846
1745193600,85117.18000,88462.93000,84662.80000,87358.36000,112329
1745280000,87358.50000,91688.32000,86879.96000,91086.94000,106639
1745366400,91090.82000,94724.45000,91041.89000,93631.11000,127669
1745452800,93631.12000,93899.31000,91653.68000,93381.00000,89262
1745539200,93381.78000,95751.20000,92840.08000,94858.26000,96099
1745625600,94636.37000,95194.35000,93862.43000,94076.06000,49122
1745712000,94084.43000,95309.03000,93600.63000,94257.85000,59264
1745798400,94257.05000,95599.21000,92788.52000,94457.67000,88821
1745884800,94458.14000,95453.02000,94194.69000,94830.73000,78206
1745971200,94830.90000,95227.01000,92907.71000,94554.36000,82993
1746057600,94554.82000,97417.89000,93978.86000,96404.02000,78327
1746144000,96402.30000,97887.89000,96177.69000,97013.39000,75720
1746230400,97015.01000,97030.87000,95853.65000,96335.00000,45066
1746316800,96332.32000,96436.10000,95220.04000,95709.05000,51946
1746403200,95710.40000,95751.01000,93505.90000,94230.01000,75350
1746489600,94230.05000,95196.00000,93381.86000,94668.41000,70570
1746576000,94668.38000,97722.06000,94442.89000,96757.86000,98220
1746662400,96757.81000,102841.44000,96639.18000,102605.62000,123208
1746748800,102603.94000,104353.29000,102101.50000,103179.90000,151729
1746835200,103183.86000,104106.25000,102730.41000,103186.03000,67498
1746921600,103186.91000,104983.72000,103152.49000,104259.50000,103670
1747008000,104259.71000,105817.10000,100725.27000,102672.33000,155956
1747094400,102675.37000,104973.95000,101411.82000,104554.04000,118260
1747180800,104554.18000,104616.75000,102595.10000,103548.55000,103659
1747267200,103547.70000,104190.51000,101383.08000,103435.31000,115052
1747353600,103437.95000,104560.14000,102701.31000,103683.64000,32574
1747440000,103683.64000,103791.94000,102590.64000,103363.54000,19857
1747526400,103363.54000,105970.85000,102892.04000,104045.06000,49212
1747612800,104045.07000,107104.37000,102063.83000,105465.94000,155251
1747699200,105468.01000,107305.45000,104169.78000,106909.90000,113702
1747785600,106903.86000,109841.91000,105931.44000,108229.34000,175268
1747872000,108230.72000,111975.98000,107928.21000,111065.40000,166777
1747958400,111064.54000,111790.69000,107317.08000,108235.66000,306677
1748044800,109083.04000,109204.55000,108580.87000,108850.49000,58880
1748131200,108852.35000,108870.98000,106585.82000,107682.54000,261044
1748217600,107682.49000,110438.23000,107163.31000,109598.20000,233599
1748304000,109598.17000,110724.20000,107503.95000,109542.41000,271439
1748390400,109542.37000,109682.68000,106778.09000,107315.25000,259524
1748476800,107323.14000,108892.52000,105633.59000,106182.98000,302333
1748563200,106182.97000,106471.04000,103689.55000,104576.13000,367956
1748649600,104576.18000,104894.80000,103550.23000,104782.62000,124651
1748736000,104774.69000,105299.00000,103747.14000,104948.19000,248812
1748822400,104949.32000,105931.79000,103662.43000,104868.90000,269241
1748908800,104868.85000,106802.02000,104557.04000,105729.28000,250365
1748995200,105730.86000,105978.73000,104176.58000,104611.30000,231632
1749081600,104612.81000,105904.52000,100396.65000,100487.04000,316279
1749168000,100484.08000,105326.20000,100423.80000,104476.13000,326497
1749254400,104478.29000,105890.62000,103869.95000,105839.56000,200725
1749340800,105839.52000,106348.41000,104962.79000,106136.85000,209096
1749427200,106138.90000,108782.34000,105311.90000,108690.89000,277987
1749513600,108686.01000,110609.49000,108330.06000,109949.84000,348402
1749600000,109946.25000,110402.34000,108406.96000,108896.31000,312597
1749686400,108896.35000,109208.75000,105761.15000,105956.96000,330725
1749772800,105956.91000,106422.08000,102666.21000,105421.45000,534513
1749859200,106060.47000,106220.81000,104304.32000,104892.49000,100924
1749945600,104892.49000,106127.81000,104596.44000,104729.52000,136848
1750032000,104738.06000,108895.55000,104487.49000,108782.15000,182397
1750118400,108782.10000,108968.54000,103358.44000,104353.37000,245854
1750204800,104351.48000,105551.49000,103490.83000,104806.28000,213079
1750291200,104809.54000,105234.00000,103915.22000,104264.31000,139605
1750377600,104264.35000,106531.24000,102343.85000,103693.61000,185825
1750464000,103693.58000,103989.13000,102190.00000,102781.10000,113444
1750550400,102780.55000,103397.67000,98182.69000,99533.97000,291119
1750636800,99533.92000,103906.53000,99000.71000,103728.81000,229383
1750723200,103731.74000,106275.80000,103617.93000,106068.07000,189904
1750809600,106068.08000,108120.29000,105715.19000,107766.04000,137983
1750896000,107766.06000,108267.34000,106551.66000,107763.27000,119604
1750982400,107761.46000,107792.64000,106366.34000,107116.77000,113093
1751068800,107353.83000,107542.59000,107072.22000,107157.46000,20061
1751155200,107158.54000,108522.89000,107152.34000,107351.94000,56601
1751241600,107344.12000,108780.81000,106726.92000,107568.83000,105171
1751328000,107568.87000,107585.68000,105242.01000,105904.51000,107972
1751414400,105902.94000,109734.73000,105093.24000,109132.28000,111061
1751500800,109133.03000,110511.96000,108523.25000,109939.26000,110087
1751587200,109939.29000,109998.11000,107245.25000,107688.98000,97485
1751673600,107688.90000,108418.05000,107685.84000,108082.65000,56544
1751760000,108085.49000,109126.86000,107796.13000,108658.97000,66116
1751846400,108660.18000,109703.09000,107496.42000,107871.56000,136695
1751932800,107871.54000,109210.50000,107426.39000,108624.94000,122742
1752019200,108622.57000,112009.33000,108318.31000,110711.08000,132838
1752105600,110711.12000,113783.78000,110495.96000,113479.20000,140703
1752192000,113479.53000,118871.58000,113377.28000,117651.61000,224165
1752278400,117650.62000,118194.63000,116900.77000,117016.92000,115100
1752364800,117016.91000,119482.49000,116991.53000,119076.85000,122144
1752451200,119076.82000,123215.20000,118235.19000,120160.88000,217198
1752537600,120161.67000,120310.18000,115714.11000,116402.03000,257420
1752624000,116403.03000,119934.20000,116326.58000,119912.66000,183052
1752710400,119912.62000,120062.36000,117434.60000,119434.16000,200819
1752796800,119437.18000,120945.28000,116805.86000,117388.75000,241061
1752883200,117388.76000,118487.82000,117346.26000,117708.99000,129971
1752969600,117706.95000,118853.55000,117268.61000,118092.39000,150637
1753056000,118095.28000,119652.82000,116462.67000,116926.70000,213583
1753142400,116926.70000,120194.11000,116103.84000,119690.81000,214966
1753228800,119691.54000,120233.23000,117296.78000,117894.40000,165024
1753315200,117898.63000,119477.08000,117095.36000,118714.84000,168988
1753401600,118714.37000,118784.58000,114707.54000,117046.44000,211022
1753488000,117046.44000,118282.64000,116940.34000,117932.67000,66480
1753574400,117932.47000,119546.91000,117808.44000,118745.44000,77045
1753660800,118747.10000,119800.64000,117398.51000,118030.77000,142057
1753747200,118031.33000,119272.71000,116939.65000,117486.46000,169311
1753833600,117493.14000,118787.41000,115759.38000,117171.39000,163899
1753920000,117170.80000,118911.74000,116435.11000,116502.32000,146058
1754006400,116502.33000,116890.08000,113155.83000,113943.18000,289997
1754092800,113943.59000,114089.22000,111996.55000,112795.28000,162828
1754179200,112795.95000,114777.47000,111906.22000,114409.26000,129092
1754265600,114409.13000,115727.81000,114054.43000,114804.52000,144555
1754352000,114803.94000,115344.24000,112639.05000,113690.32000,197895
1754438400,113690.56000,115701.58000,113287.56000,115039.93000,175592
1754524800,115039.88000,117525.08000,114261.32000,117172.29000,163980
1754611200,117172.25000,117644.48000,115882.55000,116884.35000,184990
1754697600,116884.41000,117926.48000,116335.66000,116775.65000,158505
1754784000,116775.80000,119103.48000,116372.64000,118312.94000,179195
1754870400,118312.94000,122317.13000,118071.08000,118819.40000,223600
1754956800,118820.32000,120312.39000,118061.49000,120177.31000,185493
1755043200,120173.18000,122974.55000,118925.68000,122899.76000,179204
1755129600,122896.82000,124492.34000,117166.10000,117858.26000,240487
1755216000,117858.28000,119222.84000,116793.11000,117265.74000,197436
1755302400,117617.76000,117820.60000,117132.96000,117643.25000,40146
1755388800,117643.20000,118573.91000,117172.63000,117598.55000,79419
1755475200,117598.60000,117995.92000,114637.19000,116394.25000,177070
1755561600,116394.18000,116976.58000,112740.72000,113556.49000,183059
1755648000,113556.94000,114448.16000,112358.09000,114374.70000,177418
1755734400,114371.98000,114811.73000,112001.04000,112442.99000,139399
1755820800,112443.61000,117409.00000,111674.40000,117042.44000,119083
1755907200,116856.56000,116871.05000,114554.13000,115319.98000,101110
1755993600,115325.66000,115667.43000,110623.53000,112769.47000,142554
1756080000,112781.22000,113690.58000,109386.03000,109557.37000,245430
1756166400,109554.55000,111367.94000,108677.13000,111311.88000,222217
1756252800,111311.95000,112616.44000,110345.01000,112407.32000,172749
1756339200,112407.37000,113466.85000,110852.04000,111894.99000,144488
1756425600,111889.96000,112631.97000,107515.63000,107772.02000,196879
1756598400,108640.55000,109479.84000,108178.14000,109116.04000,24083
1756684800,109101.14000,109894.34000,107244.94000,108867.44000,22791
1756771200,108864.84000,111765.17000,107447.00000,111408.38000,196619
1756857600,111410.01000,112572.92000,110529.73000,112201.04000,138540
1756944000,112201.96000,112244.94000,109319.73000,110394.49000,142916
1757030400,110395.38000,113378.85000,110201.16000,111634.70000,199991
1757116800,111635.92000,111698.58000,109967.07000,110162.14000,90721
1757203200,110162.17000,111405.60000,110066.71000,111325.47000,70724
1757289600,111319.97000,112930.35000,110610.33000,111949.36000,124749
1757376000,111949.29000,113280.52000,110756.55000,111521.64000,142553
1757462400,111521.79000,114301.10000,110910.90000,113547.35000,138973
1757548800,113552.12000,114722.02000,113414.76000,114388.24000,126123
1757635200,114389.13000,116657.20000,114386.38000,116143.37000,136644
1757721600,116143.32000,116343.62000,115106.45000,115896.59000,82927
1757808000,115891.31000,116156.87000,115150.40000,115792.15000,74194
1757894400,115792.16000,116747.06000,114370.74000,115370.71000,130018
1757980800,115371.34000,116901.31000,114744.38000,116825.93000,108219
1758067200,116823.57000,117273.46000,114721.99000,115614.96000,126007
1758153600,115613.23000,117897.73000,115306.26000,117507.18000,107954
1758240000,117506.87000,117506.87000,115082.22000,115335.57000,96800
1758326400,115337.98000,116117.10000,115298.51000,115713.03000,55422
1758412800,115711.19000,115933.24000,115202.08000,115299.88000,55869
1758499200,115299.82000,115540.62000,111690.49000,112776.13000,146434
1758585600,112776.13000,113284.24000,111445.83000,111975.80000,119238
1758672000,111974.38000,113937.61000,111010.74000,113493.30000,120612
1758758400,113493.33000,113641.72000,108610.39000,109159.31000,164467
1758844800,109159.27000,110295.40000,108609.23000,109283.39000,166243
1758931200,109283.19000,109730.84000,109058.42000,109381.79000,65279
1759017600,109380.79000,110940.05000,109185.34000,110800.92000,74362
1759104000,110796.39000,114408.07000,110625.67000,114242.22000,115019
1759190400,114242.17000,114774.54000,112646.74000,114628.95000,117476
1759276800,114628.91000,118189.86000,113758.31000,117527.09000,145822
1759363200,117527.54000,121018.97000,117327.59000,120634.29000,147392
1759449600,120634.29000,123887.61000,119230.60000,122437.63000,155937
1759536000,122437.62000,122791.02000,121508.39000,121882.46000,87449
1759622400,121881.12000,125752.40000,121865.17000,122703.86000,135030
1759708800,122702.66000,126188.06000,122486.42000,125195.77000,149388
1759795200,125197.59000,125279.13000,120586.44000,121946.35000,160906
1759881600,121951.75000,124187.95000,121057.95000,122842.80000,164464
1759968000,122842.61000,123756.74000,119638.09000,121100.10000,167858
1760054400,121100.11000,122525.87000,112930.90000,114260.52000,198385
1760140800,114284.56000,115113.24000,102212.07000,110241.12000,367330
1760227200,110242.02000,115451.65000,109551.37000,114920.05000,239470
1760313600,114920.62000,115957.81000,113603.25000,115710.30000,252287
1760400000,115710.30000,115829.06000,109852.72000,112985.83000,261472
1760486400,112987.29000,113608.18000,110144.37000,111098.56000,221724
1760572800,111101.99000,111981.44000,107418.89000,107833.95000,270183
1760659200,107833.99000,109229.57000,103521.24000,107014.00000,322190
1760745600,107015.78000,107492.49000,106308.54000,106997.52000,114234
1760832000,107002.43000,109439.75000,106101.31000,108837.28000,130485
1760918400,108837.32000,111706.46000,107408.96000,111087.92000,175926
1761004800,111089.23000,114008.68000,107461.97000,110789.73000,219161
1761091200,110788.38000,111115.48000,106705.87000,107680.17000,232842
1761177600,107683.57000,111293.55000,106691.04000,109505.71000,183870
1761264000,109505.72000,112119.89000,109352.57000,110885.18000,141004
1761350400,111380.82000,111728.24000,111159.37000,111430.33000,9708
1761436800,111430.20000,114013.20000,111253.68000,113306.98000,140806
1761523200,113308.84000,116391.45000,112909.20000,114444.61000,160578
1761609600,114444.48000,116091.15000,112315.61000,112796.27000,146731
1761696000,112793.39000,113632.42000,109222.50000,111426.17000,177025
1761782400,111426.22000,111794.93000,106297.40000,107497.11000,242878
1761868800,107497.09000,111151.53000,107387.54000,109485.00000,191642
1761955200,109485.05000,110550.43000,109311.40000,110399.95000,104737
1762041600,110399.94000,111238.41000,109723.85000,109989.22000,102460
1762128000,109989.24000,110751.92000,105295.65000,106883.13000,271845
1762214400,106883.12000,107286.18000,98929.91000,100304.98000,360411
1762300800,100304.97000,104533.56000,98955.57000,103663.17000,289410
1762387200,103663.19000,104195.00000,100284.51000,101110.55000,245544
1762473600,101109.81000,103895.38000,99249.83000,103874.88000,264156
1762560000,102580.71000,102834.47000,101449.95000,102270.91000,123497
1762646400,102267.33000,105059.66000,101406.63000,104523.80000,161647
1762732800,104523.73000,106661.94000,104072.87000,105618.26000,220278
1762819200,105619.39000,107503.80000,102479.92000,102639.74000,227414
1762905600,102639.77000,105326.83000,100794.76000,101914.25000,204812
1762992000,101913.59000,104051.70000,97991.83000,98806.86000,301448
1763078400,98806.89000,100497.00000,94193.72000,95049.26000,394190
1763164800,95049.93000,96817.95000,94000.70000,95270.83000,207919
1763251200,95270.81000,96620.86000,93354.53000,93495.51000,204480
1763337600,93495.75000,96041.35000,91290.55000,91950.83000,312561
1763424000,91950.78000,93828.16000,89288.58000,92482.15000,345816
1763510400,92479.06000,93414.11000,88600.87000,90596.64000,292754
1763596800,90596.65000,93156.51000,86093.88000,87288.48000,315477
1763683200,87287.77000,88249.34000,80630.80000,85173.15000,498877
1763769600,85172.88000,85610.02000,83493.72000,84401.18000,235461
1763856000,84401.28000,87990.16000,84264.90000,87985.18000,222650
1763942400,87984.44000,89219.57000,85259.62000,88738.96000,288472
1764028800,88736.65000,89080.91000,86102.49000,87021.92000,218734
1764115200,87021.68000,90470.78000,86294.16000,90181.78000,195224
1764201600,90183.59000,91926.73000,90081.78000,91391.46000,131018
1764288000,91404.98000,93069.27000,90191.16000,90875.87000,156536
1764374400,90865.80000,91185.56000,90149.52000,91007.14000,92124
1764460800,91002.46000,91962.48000,90458.72000,91169.48000,101332
1764547200,91169.39000,91341.08000,83812.93000,86424.28000,272978
1764633600,86424.05000,92296.39000,86176.81000,91556.18000,232780
1764720000,91555.85000,93947.40000,90985.31000,93689.04000,261524
1764806400,93689.07000,94157.95000,90872.44000,92148.62000,231682
1764892800,92148.70000,92683.51000,88075.08000,89172.07000,257367
1764979200,89172.58000,90276.90000,88896.00000,89411.54000,159220
1765065600,89411.49000,91752.97000,87714.69000,90223.74000,170660
1765152000,90223.71000,92280.54000,88973.07000,91293.46000,243978
1765238400,91293.41000,94593.88000,89513.82000,92632.46000,228949
1765324800,92632.50000,94468.49000,91553.92000,92345.73000,220546
1765411200,92345.73000,93554.71000,89254.58000,92853.20000,254073
1765497600,92853.21000,93191.07000,89467.82000,90187.62000,201037
1765584000,90181.73000,90630.19000,89753.22000,90171.61000,100369
1765670400,90158.12000,90468.75000,88334.03000,88435.78000,164817
1765756800,88446.54000,90017.81000,85149.06000,86200.36000,249693
1765843200,86219.51000,88167.99000,85256.28000,87758.09000,254408
1765929600,87758.11000,90349.77000,85306.21000,85968.04000,259834
1766016000,85973.83000,89471.70000,84445.10000,85621.53000,287662
1766102400,85623.26000,89397.31000,85103.95000,87826.67000,260044
1766275200,88206.65000,89074.60000,87584.04000,88150.87000,112186
1766361600,88151.94000,90588.65000,87889.75000,88267.38000,219330
1766448000,88266.57000,88930.65000,86585.88000,87710.22000,176115
1766534400,87708.93000,87830.22000,86402.70000,87687.69000,131602
1766620800,87687.69000,88588.77000,87244.26000,87892.11000,87100
1766707200,87892.30000,89551.38000,86647.16000,87460.16000,169970
1766793600,87458.82000,87697.38000,87237.00000,87660.46000,65030
1766880000,87660.16000,88082.89000,87429.29000,87576.69000,63568
1766966400,87575.89000,90397.73000,86796.51000,87328.82000,166135
1767052800,87328.85000,89393.49000,86819.83000,88275.16000,133341
1767139200,88276.69000,89207.97000,87240.51000,87787.56000,110437
1767225600,87787.59000,88502.27000,87543.56000,88376.99000,80371
1767312000,88380.12000,90954.31000,88370.81000,90052.59000,163535
1767398400,90052.57000,90739.48000,89288.04000,90552.52000,75684
1767484800,90552.51000,91799.89000,90460.20000,91269.85000,84764
1767571200,91271.36000,94782.74000,91137.51000,94088.15000,167966
1767657600,94087.94000,94441.97000,91267.56000,93250.80000,153228
1767744000,93250.65000,93786.30000,90666.20000,91084.67000,145472
1767830400,91084.64000,91666.88000,89316.68000,91265.07000,164449
1767916800,91266.34000,92014.77000,89691.82000,90530.07000,164730
1768003200,90531.57000,90826.45000,90337.04000,90496.26000,70479
1768089600,90496.33000,91277.35000,90387.48000,90749.12000,66267
1768176000,90748.60000,92516.98000,90116.15000,91045.32000,172891
1768262400,91045.37000,94504.18000,91038.15000,94082.51000,175303
1768348800,94082.47000,97927.36000,94082.47000,97557.34000,189479
1768435200,97557.54000,97577.38000,95120.88000,95572.28000,164310
1768521600,95573.76000,95848.91000,94283.22000,95518.44000,110741
1768608000,95518.44000,95634.60000,95014.02000,95298.38000,56320
1768694400,95295.53000,95509.55000,94866.91000,95419.51000,64951
1768780800,95419.83000,95522.63000,91885.11000,92995.77000,138238
1768867200,92996.59000,93057.81000,89280.14000,89466.47000,198926
1768953600,89466.38000,90558.82000,87247.69000,90240.02000,229624
1769040000,90240.03000,90380.46000,88506.08000,89257.87000,166025
1769126400,89257.81000,91215.51000,88553.68000,89340.94000,157510
1769212800,89440.66000,89463.50000,89156.25000,89382.22000,18587
1769299200,89382.24000,89487.27000,86178.92000,86562.75000,115482
1769385600,86562.83000,88853.61000,86072.01000,88054.70000,177489
1769472000,88054.64000,89517.96000,87293.31000,89069.71000,147155
1769558400,89069.70000,90598.24000,88832.88000,89403.12000,156445
1769644800,89404.03000,89468.93000,83367.81000,84516.46000,182638
1769731200,84516.79000,84728.26000,81066.99000,84253.87000,279083
1769817600,84261.93000,84318.07000,75722.85000,78286.98000,214020
1769904000,78288.49000,79413.57000,76353.25000,76523.57000,243660
1769990400,76524.02000,79334.56000,74598.12000,78520.98000,409901
1770076800,78520.97000,79185.93000,72941.71000,76228.43000,288036
1770163200,76229.60000,76967.05000,72187.21000,72791.43000,324529
1770249600,72789.43000,73678.53000,62320.30000,63209.76000,569553
1770336000,63209.74000,71490.35000,59991.86000,70357.46000,567224
1770422400,70358.11000,71735.52000,67335.14000,69493.53000,313061
1770508800,69492.75000,71545.14000,68772.39000,70692.79000,205834
1770595200,70692.87000,72260.72000,68298.01000,70401.81000,329086
1770681600,70406.43000,70719.34000,67902.65000,68661.35000,250354
1770768000,68662.92000,69288.56000,65742.21000,67813.72000,307315
1770854400,67813.72000,68411.07000,65104.00000,65812.45000,311839
1770940800,65810.85000,69462.06000,65635.19000,68889.60000,271375
1771027200,68889.61000,70555.08000,68716.91000,69928.49000,129354
1771113600,69927.18000,70969.72000,68044.55000,68855.00000,161387
1771200000,68858.69000,70116.50000,67284.74000,68854.53000,195008
1771286400,68856.76000,69227.58000,66608.89000,67669.47000,229674
1771372800,67669.46000,68464.40000,65855.55000,66334.91000,208386
1771459200,66334.40000,67321.21000,65623.54000,66919.79000,197554
1771545600,66919.76000,68310.44000,66442.89000,67802.96000,190891
1771632000,67803.47000,68693.63000,67527.78000,68376.64000,76365
1771718400,68376.13000,68424.57000,67182.69000,67597.28000,81319
1771804800,67599.20000,67741.86000,63870.31000,64570.41000,229434
1771891200,64570.40000,65004.35000,62504.95000,64026.70000,228985
1771977600,64026.97000,69990.37000,63839.07000,68924.19000,234718
1772064000,68924.67000,69170.28000,66491.84000,67464.72000,247164
1772150400,67464.76000,68210.25000,65105.61000,65519.40000,225985
1772236800,65579.67000,67141.36000,63014.93000,66725.44000,181812
1772323200,66734.86000,68189.89000,65070.93000,65653.33000,205012
1772409600,65649.35000,70095.91000,65033.65000,69393.00000,317431
1772496000,69393.07000,69490.74000,66142.83000,68013.61000,322183
1772582400,68013.70000,74042.78000,67391.71000,73318.19000,332252
1772668800,73318.04000,73552.81000,70635.76000,71171.56000,284415
1772755200,71171.85000,71411.61000,67729.57000,68280.14000,269757
1772841600,68280.69000,68537.29000,66920.30000,67443.12000,107397
1772928000,67444.75000,67890.75000,66541.52000,67228.53000,107148
1773014400,67224.82000,69512.83000,65610.47000,68932.49000,302288
1773100800,68932.55000,71773.21000,68369.52000,70219.62000,276199
1773187200,70220.16000,71315.86000,68967.10000,70634.59000,231709
1773273600,70627.56000,70939.33000,69199.78000,70158.38000,213874
1773360000,70155.58000,73893.83000,70006.27000,71336.04000,255722
1773446400,71337.84000,71479.08000,70311.13000,70796.11000,86333
1773532800,70795.87000,71984.94000,70649.15000,71719.57000,94686
1773619200,71720.29000,74500.52000,71616.13000,74219.35000,227175
1773705600,74230.03000,76007.14000,73379.13000,74505.15000,210973
1773792000,74505.13000,74791.48000,70481.49000,71205.53000,213918
1773878400,71203.38000,71605.79000,68780.80000,70475.74000,237197
1773964800,70475.19000,71360.24000,69380.71000,70050.19000,205930
1774051200,70050.08000,71091.63000,69927.85000,70452.17000,87125
1774137600,70452.19000,70503.84000,68068.21000,68160.83000,130742
1774224000,68160.69000,71802.18000,67340.88000,70903.90000,317971
1774310400,70904.10000,71396.19000,68910.00000,70088.58000,231849
1774396800,70088.96000,72017.76000,69885.81000,71002.01000,195406
1774483200,70993.69000,71570.62000,68142.78000,68996.26000,189456
1774569600,68991.24000,69191.63000,65543.67000,66017.41000,209055
1774656000,66016.58000,67286.33000,65910.80000,66907.89000,101202
1774742400,66904.97000,67122.04000,66153.83000,66602.75000,92300
1774828800,66601.97000,68159.59000,64981.28000,66622.41000,214588
1774915200,66622.89000,68586.73000,65984.74000,68236.99000,242720
1775001600,68238.02000,69313.09000,67577.04000,68170.12000,198347
1775088000,68172.35000,68648.41000,65705.38000,66930.10000,207536
1775174400,66930.84000,67360.63000,66272.33000,66820.27000,118909
1775260800,66822.15000,67541.28000,66763.56000,67259.61000,66244
1775347200,67259.65000,67837.07000,66597.85000,67652.67000,73912
1775433600,67651.56000,70339.87000,67334.44000,69800.78000,172455
1775520000,69801.66000,69809.11000,67721.24000,69297.50000,175816
1775606400,69298.18000,72851.82000,69298.18000,71366.67000,214306
1775692800,71366.66000,72546.73000,70454.66000,72406.66000,180458
1775779200,72406.93000,73430.75000,71419.97000,73353.80000,177682
1775865600,72860.26000,73796.56000,72507.50000,73289.63000,80907
1775952000,73286.61000,73565.51000,70597.64000,71327.03000,106818
1776038400,71326.96000,73472.19000,70498.06000,73140.47000,159173
1776124800,73140.54000,76033.19000,73065.12000,74093.18000,184648
1776211200,74090.62000,75273.54000,73512.31000,74830.48000,182466
1776297600,74829.64000,75528.79000,73297.44000,75213.29000,186969
1776384000,75213.32000,78330.61000,74528.86000,77321.09000,189686
1776470400,77321.80000,77503.41000,75436.78000,75741.19000,91344
1776556800,75741.14000,76235.29000,74414.00000,74625.98000,108900
1776643200,74624.49000,76551.07000,73710.39000,76260.89000,192886
1776729600,76257.74000,76901.68000,74809.26000,75685.68000,189370
1776816000,75684.73000,79463.00000,75284.08000,78423.31000,174765
1776902400,78423.63000,78820.41000,76947.83000,77876.82000,175949
1776988800,77876.78000,78564.89000,77354.51000,77711.65000,144083
1777075200,77712.39000,77878.24000,77138.20000,77464.98000,57190
1777161600,77462.78000,78495.71000,77317.77000,78180.21000,64193
1777248000,78181.03000,79479.76000,76450.35000,76952.68000,149086
1777334400,76952.48000,77470.91000,75656.35000,76454.86000,127602
1777420800,76456.32000,77895.30000,74933.27000,75667.42000,145354
1777507200,75668.63000,76664.79000,75315.05000,76485.19000,150077
1777593600,76482.56000,78917.92000,76194.45000,77869.35000,119479
1777680000,77870.30000,78585.52000,77845.38000,78444.79000,58376
1777766400,78443.15000,79271.02000,78065.30000,78909.59000,64061
1777852800,78909.49000,80764.42000,78195.78000,79927.23000,192849
1777939200,79926.88000,81775.16000,79743.75000,81640.86000,117302
1778025600,81639.12000,82832.88000,80721.43000,81417.75000,145568
1778112000,81416.00000,81701.52000,79492.40000,79874.36000,137990
1778198400,79880.81000,80496.56000,79187.59000,80128.99000,122394
1778284800,80130.13000,81065.00000,80100.75000,80793.95000,71713
1778371200,80794.16000,81574.00000,80266.30000,80722.75000,69545
1778457600,80722.81000,82467.45000,80449.37000,81810.85000,147257
1778544000,81809.65000,81959.82000,79835.12000,80685.09000,118072
1778630400,80685.13000,81312.05000,78751.55000,79698.20000,126782
1778716800,79696.91000,82047.37000,78912.91000,81407.65000,151547
1778803200,81407.61000,81655.82000,78639.78000,79113.92000,184591
1778889600,79104.01000,79221.03000,77638.74000,78247.57000,80732
1778976000,78247.41000,78594.55000,77715.10000,78267.08000,76517
1779062400,78267.00000,78479.80000,76036.66000,76901.35000,188400
1779148800,76902.97000,77403.37000,76138.48000,77014.08000,144962
1779235200,77013.57000,77846.86000,76509.41000,77706.61000,135477
1779321600,77706.62000,78191.52000,76714.83000,77696.88000,134680
1779408000,77696.88000,77892.36000,75651.67000,75975.81000,117380
1779494400,75969.06000,77290.80000,74266.06000,77275.22000,105009
1779580800,77278.22000,77516.53000,76187.96000,76656.75000,90787
1779667200,76660.47000,77902.25000,76096.84000,77268.69000,95370
1779753600,77270.40000,78078.69000,75769.41000,76097.96000,140119
1779840000,76097.00000,76161.10000,74656.67000,75265.35000,125691
1779926400,75265.31000,75265.37000,72582.73000,73573.09000,156452
1780012800,73571.46000,74324.28000,72501.96000,73671.01000,137018
1780099200,73671.82000,74131.70000,73201.63000,73973.35000,80109
1780185600,73973.68000,74266.43000,73390.23000,73736.00000,75793
1780272000,73737.91000,74194.45000,70673.16000,71439.21000,171560
1780358400,71439.00000,71580.99000,66407.14000,67577.85000,217750
1780444800,67579.46000,67914.16000,64732.41000,64995.99000,274308
1780531200,64996.03000,65852.39000,61364.80000,63626.96000,405740
1780617600,63626.98000,63974.06000,59122.49000,61621.59000,458230
1780704000,61617.01000,61996.16000,59479.03000,60704.63000,286455
1780790400,60705.39000,62953.42000,60421.16000,61866.51000,204511
1780876800,61866.48000,64273.51000,61641.56000,63477.89000,281632
1780963200,63477.95000,63842.50000,60766.66000,62156.14000,245073
1781049600,62159.40000,62850.60000,60745.35000,61795.95000,261598
1781136000,61795.19000,63925.23000,61090.36000,63391.84000,204227
1781222400,63391.50000,64386.01000,62832.14000,63438.11000,165056
1781308800,63439.10000,64338.66000,63416.82000,64277.46000,83469
1781395200,64276.87000,64753.40000,63675.41000,64002.87000,80284
1781481600,64004.38000,67289.87000,63998.97000,66514.54000,171005
1781568000,66515.47000,66982.36000,65354.06000,65851.10000,157018
1781654400,65851.08000,66432.52000,64030.24000,64424.12000,182088
1781740800,64424.24000,64800.48000,62255.81000,63077.32000,175587
1781827200,63076.31000,63407.99000,62305.94000,63240.87000,125611
1781913600,63238.19000,64377.28000,63042.28000,63920.79000,91862
1782000000,63921.43000,64577.58000,63686.63000,63836.63000,79303
1782086400,63837.47000,65615.31000,63261.53000,64425.61000,163445
1782172800,64426.15000,64472.69000,61924.69000,62461.48000,153473
1782259200,62461.51000,63230.12000,59095.96000,60950.13000,222805
1782345600,60950.92000,61954.47000,58105.14000,59447.60000,238340
1782432000,59447.62000,60752.78000,58324.31000,59711.54000,281897
1782518400,59710.74000,60935.13000,59641.45000,60289.97000,93370
1782604800,60290.28000,60539.96000,59258.69000,59646.37000,107471
1782691200,59646.37000,60782.46000,58886.88000,60288.79000,265963
1782777600,60289.14000,60582.70000,58188.58000,58723.96000,173722
1782864000,58723.21000,60535.34000,57804.84000,60121.59000,185093
1782950400,60121.57000,62199.24000,59577.71000,61570.25000,196862
1783036800,61570.52000,62898.89000,61235.16000,62768.85000,128235
1783123200,62768.83000,63455.68000,62324.96000,63225.93000,96761
1783209600,63225.92000,63443.14000,62432.47000,62724.40000,83785
1783296000,62725.06000,63991.11000,61302.36000,63816.14000,182085
1783382400,63817.53000,64694.57000,62665.45000,63689.73000,175471
1783468800,63689.76000,63857.14000,61540.71000,62103.53000,176239
1783555200,62101.22000,63488.69000,61688.84000,63305.48000,153091
1783641600,63305.49000,64688.44000,62914.00000,63833.94000,125964
1783728000,63832.81000,64508.89000,63827.25000,64377.20000,72300
1783814400,64375.42000,64423.74000,63630.88000,64194.66000,73062
1783900800,64194.67000,64417.93000,61814.35000,62197.64000,148116
1783987200,62199.42000,64961.46000,61876.42000,64559.77000,128386
1784073600,64559.15000,65589.19000,64476.48000,64961.43000,122789
1784160000,64963.27000,65011.44000,63847.48000,64109.19000,119136
1784246400,64107.63000,64378.13000,62525.32000,64110.96000,145732
1784332800,64111.01000,64729.30000,63876.88000,64689.21000,61436
1784419200,64688.67000,64959.70000,64273.08000,64531.76000,67423
1784505600,64531.81000,65792.91000,63754.80000,65363.61000,151301
1784592000,65359.53000,66953.69000,65083.86000,66400.67000,110486
1784678400,66400.58000,66731.70000,65541.83000,65910.85000,115536
1784764800,65910.88000,66305.16000,64640.06000,65137.05000,109538
1784851200,65137.08000,65800.95000,63728.06000,64157.39000,112890
1784937600,64157.39000,64438.84000,63796.27000,64327.83000,57861
1785024000,64328.73000,64928.18000,64247.95000,64644.95000,57269
1785110400,64643.62000,65736.15000,64410.61000,64957.84000,124935
1785196800,64956.11000,64957.80000,62737.69000,63909.17000,140046
1785283200,63909.22000,64734.21000,63362.22000,63507.65000,162798
1785369600,63508.06000,65169.88000,63257.51000,64769.50000,112451
1785456000,64768.81000,65405.55000,62447.96000,62949.28000,120712
1785542400,62948.41000,63142.39000,62264.29000,62653.55000,65680
1785628800,62654.06000,63630.52000,62653.34000,63488.09000,69403
1785715200,63488.28000,64073.37000,62288.18000,63772.48000,122770
1785801600,63774.75000,64413.37000,63313.78000,64337.23000,114806
1785888000,64333.64000,65015.99000,63870.16000,64817.87000,110652
1785974400,64817.90000,64991.17000,64163.00000,64428.76000,103720
1786060800,64428.76000,65383.57000,64149.31000,64963.27000,113416
1786147200,64962.66000,65179.74000,64806.91000,65070.36000,51101
1786233600,65069.06000,65294.88000,64719.05000,65129.93000,50784
1786320000,65130.11000,65478.68000,63803.22000,64152.17000,102667
1786406400,64152.16000,64486.98000,63225.64000,63733.28000,87688
1786492800,63734.43000,64467.78000,63302.11000,63591.48000,99393
1786579200,63591.88000,64003.67000,62837.82000,63403.92000,93302
1786665600,63402.70000,63633.70000,62526.73000,62898.38000,88319
1786752000,62897.90000,63178.75000,62788.32000,63093.73000,53029
1786838400,63092.60000,63380.34000,62956.36000,63057.54000,51790
1786924800,63057.80000,64610.15000,62703.57000,64382.49000,92521
1787011200,64382.96000,65053.71000,64032.80000,64573.85000,78801
1787097600,64573.78000,69651.22000,64156.56000,69037.46000,142292
1787184000,69037.46000,73065.25000,68900.94000,72661.45000,257710
1787270400,72660.56000,79510.15000,72478.94000,77509.08000,324190
1787356800,77508.36000,78823.23000,76491.13000,77303.73000,194047
1787443200,77304.00000,77756.18000,75565.58000,77391.54000,128627
1787529600,77393.87000,79990.99000,76660.73000,78926.19000,231760
