time,open,high,low,close,tick_volume
1521207000,27.50000,33.47000,26.06000,33.00000,16931900
1521466200,31.45000,31.50000,26.75000,27.90000,5892100
1521552600,28.41000,30.90400,28.07000,30.38000,3262000
1521639000,30.79000,34.83000,29.29000,31.08000,4460900
1521725400,30.00000,31.88000,28.56000,29.83000,3239500
1521811800,30.31000,30.45000,28.60000,29.43000,1247100
1522071000,30.63000,30.93800,27.30000,27.83000,1916700
1522157400,28.00000,28.59900,26.60000,27.75000,1719500
1522243800,27.35000,28.19000,27.00000,27.53000,824700
1522330200,27.75000,28.45500,26.80000,28.07000,1137600
1522675800,27.90000,28.66000,26.80700,27.06000,786700
1522762200,27.13000,27.19000,26.50000,26.80000,787500
1522848600,26.35000,28.95000,26.32000,27.97000,1023800
1522935000,28.61000,29.15000,27.97000,28.53000,1210400
1523021400,28.32000,29.66300,28.05000,28.22000,737300
1523280600,28.47000,28.70000,26.50000,26.54000,934500
1523367000,27.06000,28.50000,26.84000,28.07000,1068400
1523453400,28.03000,29.46000,27.40000,27.71000,795300
1523539800,27.81000,28.59000,27.77500,27.96000,258900
1523626200,28.70000,28.70000,27.03000,27.48000,418300
1523885400,27.89000,29.00000,27.56500,28.99000,401000
1523971800,29.31000,29.97300,28.63000,28.75000,951500
1524058200,28.96000,29.00000,28.00000,28.65000,377700
1524144600,28.65000,28.94500,27.75000,28.03000,265500
1524231000,28.05000,28.23000,27.03000,27.22000,522500
1524490200,27.20000,27.58000,26.50000,26.86000,626800
1524576600,27.00000,27.97000,27.00000,27.14000,393200
1524663000,27.09000,28.45000,26.85000,28.11000,415700
1524749400,28.40000,28.81000,28.17100,28.65000,396000
1524835800,28.86000,28.93000,28.41100,28.71000,197200
1525095000,28.70000,30.06000,28.70000,29.89000,399100
1525181400,29.80000,30.03000,29.00000,29.13000,418400
1525267800,29.32000,30.06000,29.01000,29.95000,265300
1525354200,28.75000,28.75000,26.75000,27.57000,1937300
1525440600,27.58000,27.96000,27.58000,27.86000,651300
1525699800,28.00000,28.35000,27.51000,27.65000,470200
1525786200,27.65000,27.91000,27.27000,27.53000,266400
1525872600,27.49000,27.87000,27.33400,27.85000,325500
1525959000,27.85000,28.82000,27.50000,28.18000,380900
1526045400,28.25000,29.46000,28.01000,29.32000,604500
1526304600,29.37000,30.10000,28.41000,28.47000,564800
1526391000,28.42000,28.76000,27.25000,27.41000,753500
1526477400,27.53000,27.80000,27.06500,27.09000,383100
1526563800,27.07000,28.51000,26.75200,27.39000,676300
1526650200,27.40000,27.81000,27.21000,27.28000,227400
1526909400,27.35000,27.99000,27.04000,27.42000,268300
1526995800,27.56000,27.56000,27.00000,27.09000,348700
1527082200,26.88000,27.14000,26.26000,26.56000,693400
1527168600,26.45000,27.03000,26.35000,26.55000,467800
1527255000,26.50000,26.75000,24.76000,24.95000,1034000
1527600600,25.00000,26.14000,25.00000,25.63000,731200
1527687000,25.94000,26.40000,25.11100,25.50000,763300
1527773400,25.62000,26.33000,25.07000,26.26000,725900
1527859800,26.36000,28.20000,26.36000,28.18000,849100
1528119000,28.39000,29.40000,28.39000,29.21000,1217700
1528205400,29.32000,30.16000,28.91000,30.13000,818100
1528291800,30.20000,31.51000,29.86000,30.65000,2051600
1528378200,36.00000,42.16000,34.85000,37.79000,10862900
1528464600,37.49000,40.95000,37.40000,40.53000,3254200
1528723800,40.96000,43.98000,40.59000,41.25000,3320600
1528810200,41.76000,41.80000,38.79000,38.93000,2774100
1528896600,39.11000,39.87000,38.30000,38.83000,1568600
1528983000,39.58000,41.00000,39.27000,39.39000,1952300
1529069400,38.95000,42.72000,38.93500,41.00000,3448000
1529328600,40.75000,40.84000,39.52000,40.40000,1760500
1529415000,39.89000,39.99000,36.36000,39.16000,3160600
1529501400,39.61000,39.99000,37.77000,37.88500,1292000
1529587800,38.08000,38.08000,35.19000,35.21000,2687000
1529674200,35.60000,36.90000,34.25000,36.63000,3702500
1529933400,36.38000,37.82000,34.39000,36.36000,2068800
1530019800,36.45000,37.34000,35.30000,35.87000,1090100
1530106200,35.78000,36.89600,34.31000,34.61000,1080400
1530192600,34.50000,35.67000,33.51000,35.31000,1206200
1530279000,35.70000,36.90000,34.28000,35.75000,1381700
1530538200,36.00000,37.48000,34.80000,37.08000,1355700
1530624600,37.46000,37.79000,35.60000,36.43000,761200
1530797400,36.61000,36.82000,35.28000,36.67000,624400
1530883800,36.70000,38.78000,36.55000,38.01000,1256600
1531143000,38.95000,40.07000,37.62000,39.87000,1279800
1531229400,40.34000,40.34000,38.15000,38.54000,1241200
1531315800,38.00000,39.31000,37.01000,39.12000,970200
1531402200,39.23000,40.79000,38.81000,40.54000,1003000
1531488600,40.68000,40.77000,39.12000,39.74000,724400
1531747800,39.66000,41.43000,39.02000,41.12000,896800
1531834200,41.12000,41.98000,40.17500,41.88000,1151100
1531920600,42.32000,42.63000,40.92000,41.68000,963100
1532007000,41.45000,41.86500,40.16000,40.38000,722200
1532093400,40.57000,41.76000,39.31800,39.79000,1290900
1532352600,39.62000,42.43000,39.00000,41.38000,947600
1532439000,41.52000,42.54000,38.10000,39.81000,1207900
1532525400,39.69000,41.28000,39.00000,41.22000,599900
1532611800,39.87000,40.73000,39.48000,39.67000,856700
1532698200,40.10000,40.41000,37.11000,37.38000,1134100
1532957400,37.29000,37.73000,35.18000,36.22000,1235600
1533043800,36.10000,36.77000,33.90000,35.31000,1391200
1533130200,35.60000,36.23000,35.19100,36.06000,508700
1533216600,35.66000,37.46600,35.32400,37.03000,868700
1533303000,37.17000,37.63300,36.34800,37.33000,647700
1533562200,37.42000,38.67000,36.06000,36.59000,692800
1533648600,37.06000,38.30000,36.75000,37.25000,501500
1533735000,37.41000,38.43000,36.77900,37.04000,546900
1533821400,37.08000,39.59000,37.08000,38.29000,703600
1533907800,38.21000,38.64000,37.15000,38.19000,457300
1534167000,38.43000,39.22600,37.55000,38.06000,565500
1534253400,38.03000,38.59000,36.77000,37.52000,633900
1534339800,37.02000,37.40500,35.51000,36.35000,1100400
1534426200,36.99000,39.15000,36.67800,39.10000,1754700
1534512600,38.92000,41.00000,38.55500,40.29000,1513200
1534771800,40.70000,40.99000,39.78000,39.82000,968500
1534858200,39.80000,39.98900,39.06000,39.43000,922700
1534944600,39.70000,42.50000,39.05000,41.72000,1956100
1535031000,41.50000,43.90000,41.26100,42.55000,1528500
1535117400,43.10000,45.44000,43.00000,44.43000,1892300
1535376600,45.12000,47.86000,45.11000,47.26000,2974300
1535463000,48.24000,48.24000,45.60400,47.00000,1696500
1535549400,47.00000,48.00000,46.51000,47.16000,738200
1535635800,47.30000,47.97000,43.76000,43.90000,1913100
1535722200,43.40000,44.43500,42.50000,42.79000,1279200
1536067800,43.00000,45.14000,41.36000,44.26000,1703600
1536154200,44.54000,45.47000,43.10000,44.07000,3305300
1536240600,42.01000,42.69000,39.62000,41.87000,3115300
1536327000,41.80000,46.90000,41.67000,46.05000,2573000
1536586200,45.19000,47.79000,43.65600,45.76000,2130400
1536672600,45.74000,45.88000,42.77000,42.95000,1932100
1536759000,41.37000,43.37000,40.51000,42.68000,6087700
1536845400,42.25000,43.26000,41.51500,42.44000,1935100
1536931800,42.28000,43.81000,42.10000,42.64000,1878900
1537191000,42.57000,42.84000,40.10000,40.26000,2203200
1537277400,40.01000,40.57000,39.12000,39.75000,1532900
1537363800,39.15000,39.70000,37.51000,37.83000,2170700
1537450200,37.60000,39.50000,37.08000,38.82000,1450100
1537536600,38.90000,40.25000,38.39000,40.13000,2187300
1537795800,39.06000,41.82000,39.06000,41.43000,1881500
1537882200,41.35000,43.14000,41.11000,42.64000,1683300
1537968600,42.00000,42.80500,41.10000,41.97000,1612600
1538055000,41.87000,42.47000,41.44000,41.61000,753400
1538141400,41.42000,42.34000,40.50000,40.78000,1178800
1538400600,41.50000,41.94000,39.74000,39.93000,1496400
1538487000,39.79000,40.41000,36.79000,37.03000,2329100
1538573400,38.07000,38.61000,36.37000,38.21000,1389700
1538659800,38.30000,38.37000,36.58000,37.81000,1315900
1538746200,37.52000,37.77700,35.60000,37.04000,1484000
1539005400,36.72000,37.22000,35.60000,36.35000,1166500
1539091800,36.19000,37.20000,35.63000,35.73000,1036200
1539178200,35.19000,35.84000,33.44000,33.54000,1923600
1539264600,33.00000,36.07000,33.00000,34.55000,2001600
1539351000,37.09000,37.24000,34.98000,36.30000,1437600
1539610200,36.30000,37.59000,35.70000,36.86000,1033800
1539696600,37.30000,39.13000,37.06000,38.96000,1126900
1539783000,39.10000,39.12000,37.18000,37.91000,1122900
1539869400,37.95000,38.37500,36.44000,36.78000,1071800
1539955800,37.11000,37.91000,35.56000,35.68000,1188400
1540215000,36.14000,36.72500,34.94000,36.30000,1063800
1540301400,35.23000,36.00000,34.10000,35.53000,1047700
1540387800,35.55000,36.05000,33.94000,34.02000,1020000
1540474200,34.60000,36.20000,34.02000,35.75000,890300
1540560600,34.49000,35.01000,33.24000,33.75000,1511500
1540819800,34.70000,35.50000,33.45000,34.17000,1279200
1540906200,33.97000,35.67500,33.48000,35.49000,859800
1540992600,36.59000,36.87000,35.19000,36.29000,1047800
1541079000,36.30000,39.37000,35.25000,38.96000,2498100
1541165400,39.26000,39.85000,38.07000,39.42000,1435300
1541428200,39.84000,40.00000,38.75300,39.77000,1028000
1541514600,39.81000,41.08000,39.61000,40.97000,912000
1541601000,41.07000,42.29000,40.34000,41.00000,1446100
1541687400,41.25000,42.48000,40.89200,41.74000,617500
1541773800,41.74000,41.85400,39.95000,40.71000,648700
1542033000,40.52000,40.56900,38.07000,39.34000,962600
1542119400,39.27000,40.75000,39.08000,40.32000,533700
1542205800,41.00000,41.33000,39.87000,40.09000,839600
1542292200,40.03000,41.60000,39.80000,40.99000,1518200
1542378600,40.26000,40.39000,37.57000,37.65000,1853600
1542637800,37.60000,37.97000,31.71000,33.10000,2994300
1542724200,31.28000,34.05000,30.72000,32.25000,2057400
1542810600,32.95000,33.88000,32.50100,33.48000,788100
1542983400,33.11000,34.30000,32.54000,33.85000,280500
1543242600,34.46000,34.76000,33.55000,34.68000,961800
1543329000,34.25000,34.87000,33.91000,34.61000,794800
1543415400,35.16000,36.91000,35.01000,36.90000,1315700
1543501800,36.58000,37.84000,36.58000,37.56000,1670200
1543588200,37.72000,39.31000,37.19000,39.26000,2068900
1543847400,40.99000,41.00000,38.38000,39.12000,2161100
1543933800,38.84000,40.20000,36.99000,37.21000,2092200
1544106600,38.30000,43.05900,37.15000,42.98000,5616200
1544193000,42.61000,43.40000,39.10000,40.39000,2129300
1544452200,39.30000,41.90000,39.18000,40.60000,1923700
1544538600,41.25000,41.99000,39.42000,39.76000,1825200
1544625000,40.75000,42.72000,40.20400,41.22000,1911100
1544711400,41.33000,42.49000,41.01000,41.86000,1258300
1544797800,41.11000,44.00000,41.00000,42.47000,2855100
1545057000,41.90000,42.22000,37.91000,38.27000,2557200
1545143400,38.26000,40.10000,38.26000,39.60000,1555100
1545229800,39.53000,41.15000,38.91000,39.33000,1888800
1545316200,39.25000,40.09000,36.14200,37.23000,2439900
1545402600,37.50000,37.51000,34.21000,34.96000,7189800
1545661800,34.41000,36.95000,34.41000,35.55000,1123000
1545834600,35.95000,39.20000,35.79000,39.13000,1308900
1545921000,38.18000,40.20000,38.00000,40.17000,1629600
1546007400,40.14000,40.45000,38.88400,39.80000,817400
1546266600,40.24000,40.40000,37.73000,39.21000,1515200
1546439400,38.39000,40.94000,38.02600,39.81000,1280700
1546525800,38.95000,39.92000,38.27000,39.32000,974800
1546612200,40.16000,42.32000,39.65000,41.77000,1782700
1546871400,41.97000,43.98300,41.87000,43.56000,2211000
1546957800,44.00000,45.01000,42.56400,43.98000,1568600
1547044200,43.68000,45.00000,43.36000,44.88000,1194500
1547130600,43.97000,45.72300,43.65300,45.41000,1303300
1547217000,44.91000,45.87000,44.68000,45.20000,1115200
1547476200,44.51000,45.37000,44.14000,45.01000,529100
1547562600,43.32000,45.50000,42.20000,45.32000,1146500
1547649000,45.50000,45.59000,43.44000,44.15000,1417900
1547735400,44.16000,45.29000,44.03000,44.84000,820100
1547821800,45.39000,46.00000,44.89000,45.35000,2477300
1548167400,45.10000,45.22000,43.61000,44.59000,1059900
1548253800,45.00000,45.88000,44.27000,45.05000,973800
1548340200,45.00000,45.36000,42.59000,45.06000,1125300
1548426600,45.57000,46.68000,45.08000,45.89000,2473900
1548685800,44.97000,45.61000,44.26000,45.59000,959700
1548772200,45.70000,45.95000,44.60000,45.17000,970900
1548858600,45.56000,46.29500,44.91000,45.52000,1129100
1548945000,45.37000,48.85000,45.10000,48.37000,3566400
1549031400,48.04000,48.41000,47.00000,48.32000,2014200
1549290600,48.42000,49.75000,48.05000,49.07000,2257100
1549377000,49.38000,49.95000,47.85200,48.32000,1603500
1549463400,48.00000,48.66000,46.52000,47.75000,1231800
1549549800,47.22000,48.06000,46.51000,48.03000,988000
1549636200,47.22000,48.79000,47.11000,48.46000,1023800
1549895400,48.91000,49.28800,48.18000,48.59000,1122800
1549981800,49.13000,50.70000,48.82000,50.10000,1493600
1550068200,50.46000,50.90000,48.89000,49.00000,1194800
1550154600,48.85500,50.32600,48.50000,50.08000,1315000
1550241000,50.40000,50.80000,49.70000,50.11000,1018100
1550586600,50.18000,50.50000,49.76500,49.99000,1004400
1550673000,50.18000,50.58000,49.24000,49.83000,943200
1550759400,50.04000,50.18000,48.82000,49.67000,631500
1550845800,50.06000,50.57000,49.52000,49.78000,1426000
1551105000,50.30000,50.60000,49.29000,49.93000,2270500
1551191400,50.03000,50.10000,49.48000,50.00000,1938700
1551277800,50.27000,51.36000,49.95000,50.72000,3252700
1551364200,51.00000,51.00000,49.08000,49.68000,2881600
1551450600,57.49000,61.14000,55.30000,60.57000,9658400
1551709800,60.61000,61.64000,56.61000,58.03000,4175900
1551796200,57.00000,57.96000,56.70000,57.53000,1748700
1551882600,57.40000,59.25000,57.23100,58.27000,2371000
1551969000,58.25000,60.00000,57.67000,59.18000,2242500
1552055400,58.23000,60.71000,57.02000,60.54000,2423600
1552311000,60.80000,64.40000,60.75000,63.34000,3669000
1552397400,63.35000,65.00000,62.59000,63.65000,2297600
1552483800,64.00000,65.02000,63.76000,64.80000,1889700
1552570200,65.00000,67.33000,64.80000,66.94000,2201400
1552656600,67.23000,68.85000,66.66000,67.19000,3089800
1552915800,67.39000,68.48000,66.18000,67.28000,1519500
1553002200,68.00000,68.22300,66.68000,67.91000,1103800
1553088600,67.74000,68.30000,66.55000,67.49000,1788100
1553175000,67.01000,70.00000,67.01000,69.92000,1550700
1553261400,69.90000,70.90000,65.43000,66.01000,3158900
1553520600,65.55000,68.30000,63.50000,67.81000,2430600
1553607000,68.67000,72.69000,67.93000,71.03000,4153200
1553693400,71.11000,72.09000,67.00000,69.75000,3130000
1553779800,69.98000,71.99000,69.28000,71.05000,2189700
1553866200,71.39000,71.73000,70.02000,70.93000,1782000
1554125400,72.00000,72.94000,69.56000,70.74000,1635900
1554211800,70.93000,71.29500,69.22000,70.91000,1460400
1554298200,71.30000,71.46000,69.31000,69.34000,1670200
1554384600,69.71000,69.71000,61.39000,63.28000,7484600
1554471000,63.50000,64.70000,62.50000,63.14000,2553900
1554730200,62.81000,64.80000,61.51500,63.47000,1603000
1554816600,64.71000,65.61500,63.51000,64.94000,2349500
1554903000,64.75000,68.46000,64.50000,68.44000,3402900
1554989400,68.23000,68.82000,66.69000,67.75000,1708900
1555075800,68.31000,68.73000,66.25000,66.64000,1241700
1555335000,66.59000,67.99500,66.01000,67.04000,1269200
1555421400,67.30000,67.45000,65.27000,66.26000,1378300
1555507800,66.44000,66.50000,62.06000,62.43000,2414900
1555594200,62.27000,62.80000,60.02000,62.73000,2081000
1555939800,62.50000,64.48000,62.40000,64.26000,1234600
1556026200,65.00000,65.76000,64.58000,65.42000,1170300
1556112600,65.93000,66.26000,64.07000,64.99000,1027200
1556199000,65.85000,69.00000,65.83000,66.96000,3386300
1556285400,66.77000,67.70000,65.26500,66.94000,1225700
1556544600,66.87000,69.50000,66.87000,68.20000,1776800
1556631000,67.96000,69.20000,66.43000,68.31000,1293000
1556717400,68.98000,69.40000,65.97000,66.17000,1551700
1556803800,65.88000,67.15000,64.43500,65.67000,1741700
1556890200,66.32000,67.57000,65.11000,67.40000,1147500
1557149400,65.01000,69.99000,63.40500,69.50000,2097300
1557235800,68.89000,69.95000,64.80000,66.36000,2758000
1557322200,66.33000,68.19000,65.59000,67.61000,1305000
1557408600,66.91000,69.00000,65.39500,68.62000,1867800
1557495000,68.76000,74.59000,68.23400,73.55000,5345000
1557754200,71.62000,72.52000,67.51000,68.09000,3355700
1557840600,69.97000,72.86000,69.70000,72.05000,2503800
1557927000,71.65000,75.90000,71.08600,75.02000,2661100
1558013400,75.13000,79.33000,75.13000,78.66000,2544500
1558099800,77.68000,80.38000,77.54000,78.79000,2481200
1558359000,77.60000,77.89000,74.82000,76.64000,2121700
1558445400,77.53000,78.19000,75.51000,76.09000,1651300
1558531800,75.31000,77.89000,75.31000,75.89000,1531400
1558618200,75.25000,75.31000,72.19000,73.45000,2554400
1558704600,74.11000,75.11000,72.85600,73.76000,1588700
1559050200,74.58000,76.76000,73.60700,74.24000,2385500
1559136600,72.88000,73.04000,70.58000,71.15000,3162000
1559223000,71.84000,74.55000,71.55000,72.99000,4186500
1559309400,71.98000,72.72000,66.42000,68.63000,5813400
1559568600,68.66000,69.60000,65.30400,66.90000,3906400
1559655000,68.00000,72.12500,67.26000,71.96000,3323800
1559741400,72.97000,74.02000,71.21000,72.45000,2554100
1559827800,72.50000,73.17000,71.07000,72.33000,1926200
1559914200,72.50000,76.00000,72.45000,75.51000,3024200
1560173400,76.76000,79.39000,76.61000,76.92000,2584100
1560259800,77.18000,78.14300,73.11000,75.83000,2842300
1560346200,76.00000,77.33000,74.41000,77.17000,1433000
1560432600,77.39000,80.20000,76.51000,79.72000,4243200
1560519000,79.70000,79.71000,76.84000,77.67000,1949200
1560778200,78.43000,78.98000,75.80000,76.74000,2101500
1560864600,77.92000,78.93000,76.61000,78.00000,2320300
1560951000,78.63000,80.07000,77.32000,79.88000,2642500
1561037400,80.80000,82.25000,78.18000,79.18000,3184500
1561123800,78.89000,78.89000,76.85000,77.24000,2786700
1561383000,77.72000,77.80000,74.30100,75.46000,2691000
1561469400,75.48000,76.26000,73.05000,73.82000,2089600
1561555800,74.85000,75.99000,73.90100,74.30000,1741700
1561642200,75.96000,78.09000,74.82000,77.50000,2244000
1561728600,78.01000,78.01000,76.34100,76.64000,8153500
1561987800,78.23000,78.40000,75.00000,76.61000,1516600
1562074200,76.83000,79.64000,76.50000,78.96000,2047100
1562160600,79.16000,80.93000,78.50000,80.64000,3215000
1562333400,80.53000,83.42200,79.02000,83.06000,2726200
1562592600,82.57000,84.57000,81.20000,83.79000,2850100
1562679000,83.01000,84.41000,82.55000,84.31000,1463700
1562765400,84.62000,85.50000,83.16000,83.29000,2189000
1562851800,83.85000,84.24200,80.44000,82.28000,1853200
1562938200,82.40000,82.80000,80.61000,81.87000,1070800
1563197400,82.44000,84.64500,81.93000,83.79000,1628900
1563283800,83.88000,84.84000,81.88000,82.59000,1691300
1563370200,82.95000,83.18000,81.15000,82.00000,1687700
1563456600,81.83000,82.53000,81.01000,82.38000,1626400
1563543000,83.79000,85.50000,82.53000,82.68000,1843900
1563802200,83.25000,85.15000,83.02000,84.00000,1155900
1563888600,85.00000,85.10000,82.53000,84.00000,1277200
1563975000,83.81000,86.84000,82.94300,86.69000,2084500
1564061400,86.51000,86.67000,84.78100,86.42000,1623400
1564147800,87.00000,89.54000,86.70000,88.21000,2000600
1564407000,88.50000,88.68000,82.52000,85.57000,2595300
1564493400,84.70000,85.93000,83.86000,84.68000,1159200
1564579800,85.20000,86.29000,83.00000,84.27000,1744000
1564666200,84.83000,85.92000,83.66100,85.26000,1801400
1564752600,84.14000,84.50000,81.04000,83.48000,2072000
1565011800,80.00000,80.19800,76.27000,78.17000,2863400
1565098200,79.91000,81.70000,79.21000,79.94000,2186900
1565184600,79.00000,81.73000,77.30000,81.22000,1681900
1565271000,82.88000,84.99000,81.75000,84.72000,1590000
1565357400,84.39000,86.41000,84.11000,85.18000,1337600
1565616600,84.70000,84.93000,82.25000,83.21000,1525900
1565703000,83.03000,85.59000,82.51000,85.04000,1118400
1565789400,83.36000,83.65000,79.24000,81.50000,2121800
1565875800,82.26000,82.69900,78.20500,79.18000,1838800
1565962200,80.00000,81.88600,79.90000,80.91000,1482400
1566221400,80.28000,80.45000,71.10000,71.80000,8783400
1566307800,71.50000,71.70900,69.87000,70.80000,3640200
1566394200,71.56000,74.51000,71.34000,72.99000,2746900
1566480600,73.65000,73.78900,70.82000,72.54000,1862900
1566567000,72.50000,74.34000,71.00000,71.28000,1843200
1566826200,72.10000,72.46000,70.06000,71.78000,1716400
1566912600,72.38000,72.95000,70.16000,71.46000,961300
1566999000,70.92000,70.92000,68.50000,69.16000,1699500
1567085400,70.20000,70.87000,68.95000,70.51000,1506800
1567171800,70.89000,71.25300,67.78000,68.74000,1958200
1567517400,68.09000,68.90000,65.29600,65.67000,2326400
1567603800,66.52000,68.01000,66.03000,67.91000,2606800
1567690200,68.94000,68.94000,63.69000,66.98000,4720400
1567776600,65.86000,66.48000,63.87000,64.05000,3384300
1568035800,64.31000,65.39000,60.56000,62.02000,5137900
1568122200,60.94000,64.49000,60.03000,61.60000,6961700
1568208600,48.36000,50.16000,46.04000,49.67000,26845800
1568295000,50.70000,51.40000,48.41800,49.59000,7085800
1568381400,49.34000,49.40000,47.28000,47.48000,4892800
1568640600,47.02000,48.72500,46.85300,47.62000,2863800
1568727000,48.05000,51.55000,48.00000,50.64000,7088100
1568813400,50.75000,52.62000,49.86000,51.95000,6867600
1568899800,52.16000,53.15000,48.91000,50.35000,5432500
1568986200,50.67000,52.36000,50.36000,51.45000,6801900
1569245400,51.20000,52.08000,50.22000,50.32000,2970100
1569331800,51.45000,51.98000,48.93000,49.23000,3343200
1569418200,48.87000,49.38000,47.37000,48.89000,3053800
1569504600,49.20000,49.88500,48.45000,48.77000,2363500
1569591000,48.86000,49.00000,46.31000,46.99000,2877900
1569850200,46.87000,47.73000,46.06000,47.26000,2122100
1569936600,47.40000,47.65000,46.03000,47.02000,2177600
1570023000,46.46000,47.20000,46.12000,46.94000,2286400
1570109400,47.60000,49.31000,46.68000,48.97000,3225500
1570195800,49.31000,49.77000,47.88000,49.21000,1897500
1570455000,49.37000,50.58000,49.24700,49.88000,2720600
1570541400,49.36000,49.38500,46.82000,46.90000,2435100
1570627800,47.37000,48.74000,47.37000,48.22000,1346300
1570714200,48.17000,48.24000,47.03000,47.30000,2330700
1570800600,47.88000,48.67000,47.15500,48.12000,2346100
1571059800,48.15000,48.28000,47.26000,47.50000,1886800
1571146200,47.59000,47.94000,46.16000,46.38500,2458100
1571232600,45.10000,46.00000,44.50000,45.65000,2634200
1571319000,45.73000,45.91000,44.78000,45.15000,1343100
1571405400,44.89000,45.15000,41.65000,42.84000,5720300
1571664600,42.87000,43.31600,41.87000,42.17000,2239600
1571751000,42.60000,43.05000,40.48000,40.75000,2573200
1571837400,40.21000,42.10000,40.05000,41.09000,2805600
1571923800,41.66000,43.41000,41.11000,43.33000,2794000
1572010200,43.38000,43.45000,41.92000,42.86000,1411600
1572269400,43.34000,43.45500,42.18000,42.41000,1338800
1572355800,42.66000,44.11000,42.51000,43.12000,1580100
1572442200,43.70000,45.58000,42.42100,45.16000,3486700
1572528600,45.30000,45.50000,42.44000,43.98000,2164100
1572615000,44.00000,45.00000,43.28000,45.00000,1592400
1572877800,45.21000,45.44000,44.04000,44.36000,1366000
1572964200,44.70000,45.23000,43.45000,44.43000,1593000
1573050600,44.89000,45.64000,43.43000,43.91000,1822400
1573137000,44.50000,44.50000,42.29000,42.55000,2179200
1573223400,42.55000,44.01000,42.34000,43.90000,2117300
1573482600,43.80000,44.44000,43.37000,44.07000,1035300
1573569000,44.60000,45.35000,44.20000,44.77000,1993000
1573655400,44.81000,45.22400,44.38000,44.82000,1207900
1573741800,44.83000,46.06000,44.83000,45.32000,1554100
1573828200,45.60000,46.05000,44.60000,45.83000,1885800
1574087400,46.00000,46.09000,44.45000,44.51000,2742000
1574173800,45.24000,46.68000,45.06000,46.22000,3037800
1574260200,46.55000,47.66500,45.60000,46.60000,2541400
1574346600,46.77000,46.95000,45.13000,45.42000,2120100
1574433000,45.96000,46.45000,45.22000,46.32000,1524100
1574692200,48.16000,51.06000,48.05500,50.39000,5551600
1574778600,50.32000,52.68000,50.06500,51.66000,4011300
1574865000,52.00000,52.68000,51.40000,52.06000,2250400
1575037800,52.04000,52.34300,51.44000,52.13000,1184100
1575297000,52.07000,52.16500,49.41000,51.07000,4164600
1575383400,49.30000,53.07000,48.63000,52.80000,4494500
1575469800,48.74000,50.50000,47.21000,49.85000,7754300
1575556200,49.80000,50.16000,47.71000,48.11000,3181000
1575642600,48.39000,48.49000,46.33000,46.70000,3071500
1575901800,46.50000,47.86000,46.50000,47.30000,1649900
1575988200,47.00000,47.25000,45.72000,46.13000,2126200
1576074600,46.28000,46.33000,44.54000,45.20000,2250500
1576161000,45.13000,45.68000,44.61000,45.19000,1475700
1576247400,45.23000,46.00000,44.57000,45.98000,1520000
1576506600,46.05000,47.00000,45.31000,46.96000,1801800
1576593000,46.13000,47.28000,46.12000,46.52000,1829400
1576679400,46.62000,47.79000,46.30000,47.24000,1634900
1576765800,47.03000,47.97000,46.33000,47.91000,1624900
1576852200,48.06000,49.20000,47.70000,49.13000,2670600
1577111400,49.20000,49.61000,48.01000,48.17000,1750900
1577197800,48.40000,48.43000,47.47000,47.74000,637700
1577370600,48.00000,48.67000,47.65000,48.16000,893000
1577457000,48.50000,48.50000,47.26000,47.61000,1134700
1577716200,47.25000,47.28900,45.61000,46.50000,1484800
1577802600,46.11000,46.70900,45.85000,46.50000,1256300
1577975400,46.87000,47.90000,46.51000,47.33000,1377200
1578061800,46.62000,47.89000,46.52000,47.38000,1165200
1578321000,46.90000,48.96000,46.81000,48.70000,1534600
1578407400,49.04000,49.69000,48.17000,48.40000,1714900
1578493800,48.14000,51.75000,47.80000,50.75000,3232500
1578580200,51.16000,54.08000,51.04000,54.00000,4279200
1578666600,54.00000,55.35000,53.95000,55.00000,4006000
1578925800,55.50000,59.80000,55.45000,59.62000,3985700
1579012200,59.61000,59.89000,57.00000,59.54000,3445600
1579098600,58.81000,60.76000,58.36000,59.99000,2909000
1579185000,60.01000,61.84000,59.76000,61.82000,2916700
1579271400,62.00000,62.29000,58.91000,59.43000,3098900
1579617000,59.29000,61.00000,58.33000,60.51000,2175300
1579703400,61.12000,62.69000,59.87000,59.92000,2726300
1579789800,59.99000,60.38000,59.07300,59.31000,1825400
1579876200,59.70000,60.45000,57.13000,57.80000,2359300
1580135400,55.55000,56.58000,54.75000,56.04000,2068400
1580221800,56.52000,56.91000,56.02000,56.50000,1165300
1580308200,56.93000,57.64000,56.08000,57.13000,1359900
1580394600,56.91000,58.20000,56.51000,57.69000,1375700
1580481000,57.75000,57.91000,55.94000,56.09000,1823400
1580740200,56.56000,57.09000,55.85000,56.82000,951100
1580826600,58.19000,59.63000,57.68000,58.88000,1431400
1580913000,60.00000,60.40000,58.09000,58.51000,1635900
1580999400,59.00000,59.00000,57.01000,58.40000,1015300
1581085800,58.38000,59.88000,57.99000,58.97000,955800
1581345000,59.05000,61.00000,58.74000,60.84000,1130500
1581431400,61.26000,61.60000,59.66000,60.92000,1366200
1581517800,61.22000,61.43000,59.06000,60.48000,1569500
1581604200,60.09000,62.25500,59.90000,61.90000,1672200
1581690600,62.16000,63.07000,61.72000,62.11000,1334800
1582036200,62.00000,65.50000,61.65000,63.86000,2576500
1582122600,64.64000,65.81000,64.01000,65.17000,2236300
1582209000,65.47000,66.50000,62.55000,65.18000,4711000
1582295400,56.71500,58.29000,52.26000,54.51000,13200700
1582554600,50.17000,53.48000,50.00000,51.86000,3711400
1582641000,52.78000,53.40000,49.72000,50.41000,3310800
1582727400,51.00000,52.12000,50.75000,51.33000,2114500
1582813800,49.99000,51.83000,48.50000,49.74000,2617100
1582900200,48.14500,52.00000,48.04000,51.99000,3012600
1583159400,52.81000,53.17000,50.91000,52.78000,1990200
1583245800,52.66000,53.15000,50.20000,51.33000,1771000
1583332200,52.39000,53.43000,51.77000,53.39000,1491500
1583418600,52.62000,53.81000,52.04000,53.36000,1603100
1583505000,53.00000,53.04000,48.23000,49.39000,2984100
1583760600,44.95000,46.40000,43.62000,43.94000,2974600
1583847000,46.15000,47.24000,43.47000,47.01000,2989400
1583933400,45.79000,46.45000,42.20000,42.88000,3079300
1584019800,37.50000,40.57000,35.00000,39.50000,4014100
1584106200,41.96000,42.14000,37.28000,41.89000,3056000
1584365400,37.00000,43.74000,36.67000,41.82000,3219800
1584451800,40.97000,47.96000,40.89000,46.86000,3358300
1584538200,44.00000,50.64500,44.00000,50.17000,4373600
1584624600,50.00000,53.36000,48.59200,51.80500,3202700
1584711000,52.54000,55.34200,51.59100,53.64000,4209500
1584970200,53.36000,58.15000,52.49000,58.03000,5662400
1585056600,58.55000,64.28000,58.45000,62.14000,4847200
1585143000,61.93000,66.50000,58.01000,59.13000,6479000
1585229400,60.29000,62.00000,59.44000,60.55000,3618400
1585315800,59.54000,60.84000,57.94000,58.63000,3422300
1585575000,59.16000,60.50000,57.77000,58.84000,3815100
1585661400,58.50000,62.33000,58.29000,60.86000,3648000
1585747800,59.25000,64.75000,59.20000,61.99000,4603000
1585834200,61.65000,64.00000,59.64000,61.18000,3277100
1585920600,61.00000,63.89000,60.60000,63.40000,4136300
1586179800,64.76000,65.00000,62.15000,63.31000,2975300
1586266200,62.84000,63.65000,61.60000,62.36000,2827100
1586352600,62.43000,65.02000,62.07000,64.93000,2621600
1586439000,64.18000,66.42000,62.02000,62.59000,4588600
1586784600,64.01000,64.04000,61.88000,62.17000,2649700
1586871000,63.35000,66.58000,63.25000,66.48000,3513000
1586957400,65.95000,70.10000,65.52500,69.96000,4389100
1587043800,70.70000,73.60000,69.96000,70.37000,3440200
1587130200,70.41000,70.41000,67.80000,68.00000,2563600
1587389400,68.34000,70.83000,67.11000,70.51000,3187900
1587475800,70.78000,71.42500,64.28000,65.18000,5615100
1587562200,67.10000,68.36000,66.39000,66.91000,1814300
1587648600,66.00000,66.80000,64.86000,66.24000,3402100
1587735000,66.60000,68.10000,66.06000,67.50000,2607400
1587994200,68.50500,71.26000,68.20000,70.47000,2615600
1588080600,71.00000,71.20000,66.26000,66.72000,3035700
1588167000,66.71000,68.07000,64.90000,66.63000,2567500
1588253400,66.97000,69.00000,66.27000,67.08000,1828400
1588339800,66.23000,67.75000,65.51000,66.85000,1794000
1588599000,66.61000,69.10000,66.00000,69.08000,2026200
1588685400,70.00000,71.67000,69.66000,71.23000,2501300
1588771800,71.84000,73.10000,70.30000,72.54000,3089400
1588858200,73.50000,75.15000,73.11000,74.88000,2773400
1588944600,75.15000,75.55000,73.00100,74.02000,2091400
1589203800,73.99000,77.50000,73.66000,76.96000,2408900
1589290200,77.50000,78.76000,75.72000,76.45000,2006800
1589376600,76.95000,78.19500,73.26500,75.16000,2089200
1589463000,73.72000,75.89000,73.21000,75.62000,2596200
1589549400,75.48000,78.31000,75.48000,76.39000,1856000
1589808600,77.87000,77.87000,73.50000,73.81000,2361300
1589895000,75.00000,76.01000,74.26000,75.24000,1644500
1589981400,76.83000,77.78000,75.96000,77.06000,1517600
1590067800,77.63000,77.65000,74.16000,75.63000,1638600
1590154200,76.67000,77.14000,75.10000,76.94000,1330600
1590499800,79.00000,80.00000,76.30000,76.52000,2485100
1590586200,76.86000,76.91000,69.83000,74.53000,3720100
1590672600,74.70000,77.05000,73.78800,75.80000,4293200
1590759000,87.08000,98.38000,85.50000,98.09000,22768800
1591018200,96.80000,112.73000,96.50000,109.98000,17087800
1591104600,108.05000,111.83000,102.25000,106.17000,10192100
1591191000,105.54000,108.88000,104.24000,107.41000,3607600
1591277400,106.51000,107.20000,101.66000,103.05000,3989500
1591363800,100.38000,101.05000,96.59000,99.31000,4659200
1591623000,99.24000,102.88000,96.81000,102.74000,4852900
1591709400,103.22000,105.95000,102.11000,103.59000,2522500
1591795800,105.09000,106.46800,103.40500,105.72000,2310200
1591882200,104.48000,108.97000,102.30000,102.68000,2662600
1591968600,104.81000,106.47000,100.53000,102.47000,2010500
1592227800,101.95000,105.30000,101.15000,104.52000,2664600
1592314200,99.86000,103.82500,98.55000,102.81000,3334300
1592400600,103.18000,108.37000,103.01000,106.18000,2505700
1592487000,108.91000,115.17000,108.49000,113.05000,5456700
1592573400,114.80000,114.80000,108.20000,108.57000,3898100
1592832600,110.29000,113.25000,109.35000,109.67000,3734300
1592919000,109.60000,112.00000,107.71000,110.31000,4584800
1593005400,111.00000,113.70000,107.23000,108.26000,3018800
1593091800,109.89000,112.45000,108.25000,111.61000,2660800
1593178200,112.60000,113.56000,105.61000,106.00000,4791300
1593437400,106.86000,107.00000,103.05000,105.39000,2430800
1593523800,106.24000,110.00000,105.53000,109.50000,2959000
1593610200,109.30000,111.79500,107.02400,111.51000,2552400
1593696600,112.26000,112.90000,109.69200,110.21000,1897000
1594042200,113.02000,121.46000,112.50000,114.78000,5131300
1594128600,115.98000,116.55000,112.58000,113.84000,2241600
1594215000,115.68000,121.01000,115.41000,120.85000,3072800
1594301400,122.10000,128.75000,122.10000,127.41000,5372200
1594387800,126.51000,127.00000,123.14000,125.49000,2757000
1594647000,126.11000,129.00000,118.58200,119.91000,3936500
1594733400,119.00000,123.25000,115.68000,122.43000,3197900
1594819800,122.50000,123.77000,119.23000,119.84000,2389500
1594906200,118.75000,119.50000,113.81000,117.15000,2316500
1594992600,118.25000,120.99000,115.67400,120.31000,1860900
1595251800,121.20000,128.13000,121.20000,127.60000,2053000
1595338200,127.45000,127.61000,124.78500,125.47000,1555200
1595424600,126.59000,128.35001,123.71000,125.11000,1186500
1595511000,125.26000,129.30000,121.83000,123.46000,2186900
1595597400,121.24000,124.82000,118.53000,121.72000,1567700
1595856600,123.68000,125.58000,122.31000,124.87000,4151900
1595943000,124.59000,126.49000,121.45000,124.38000,3422900
1596029400,126.26000,131.31000,126.00000,126.97000,2966400
1596115800,127.36000,129.94000,126.18400,129.28999,1300600
1596202200,131.00999,131.35001,126.90000,129.85001,1672200
1596461400,131.05000,133.12500,130.25999,132.58000,1767000
1596547800,132.48000,132.98000,130.32001,132.49001,1186900
1596634200,132.49001,135.21001,131.33000,134.53000,1286400
1596720600,135.85001,135.85001,130.71001,132.28000,1570300
1596807000,131.33000,131.78999,125.20000,125.85000,2425800
1597066200,125.85000,126.50000,118.66000,122.39000,3014200
1597152600,119.50000,121.48000,116.88000,117.51000,2547600
1597239000,118.96000,122.12000,117.50000,119.34000,1949800
1597325400,121.00000,124.29000,120.94000,122.07000,2024000
1597411800,124.20000,126.21000,120.83000,122.89000,3389000
1597671000,124.64000,125.93000,122.15000,124.49000,1575200
1597757400,125.71000,128.09801,125.01000,127.97000,1829200
1597843800,129.13000,131.47000,127.77500,128.25999,1738000
1597930200,129.00000,137.03000,129.00000,136.42000,3133600
1598016600,136.42000,138.80000,135.00000,135.22000,2136700
1598275800,137.02000,137.50000,132.78999,135.74001,1661800
1598362200,135.61000,136.56000,134.22000,135.63000,1195800
1598448600,137.50000,142.24001,137.02000,140.00000,2228500
1598535000,141.99001,142.24001,137.67999,138.75999,1906400
1598621400,139.52000,143.55000,139.44000,141.13000,2135000
1598880600,141.99001,146.92999,141.77000,143.34000,5861100
1598967000,147.60001,159.81000,146.21500,159.36000,4511200
1599053400,162.99001,163.80000,152.83000,158.52000,3489200
1599139800,150.81000,153.05000,140.57001,143.45000,4213300
1599226200,140.00000,143.00000,127.50000,134.34000,4313300
1599571800,130.11000,137.37000,129.00101,133.17000,2558100
1599658200,137.00000,139.59000,132.07001,134.19000,4560200
1599744600,140.00000,146.00000,131.03999,132.61000,5889800
1599831000,135.48000,135.96001,126.86000,128.50000,2401000
1600090200,130.75000,130.89999,125.78000,130.10001,2163500
1600176600,131.14999,132.75000,127.49000,132.64000,1818900
1600263000,133.00000,135.10001,129.27000,131.06000,2221200
1600349400,127.00000,128.45799,124.00000,127.21000,2718500
1600435800,128.23000,130.17999,125.56000,129.10001,3113000
1600695000,127.69000,135.00000,126.51000,134.92999,2541000
1600781400,135.05000,138.00000,130.25500,137.99001,2328100
1600867800,137.00000,140.50999,134.89999,135.61000,2042700
1600954200,134.97000,136.35001,131.42000,134.56000,1718100
1601040600,135.03999,139.14000,134.86501,138.27000,1710500
1601299800,139.08000,139.95000,136.10001,138.42000,1733800
1601386200,138.78999,141.41901,138.49001,140.49001,2122300
1601472600,139.47000,142.30000,138.72000,140.69000,1946200
1601559000,142.20000,146.45000,141.00000,144.29500,3491100
1601645400,141.42000,145.56000,140.61000,142.05000,1924700
1601904600,143.00999,145.71001,141.50000,145.31000,1636600
1601991000,145.00000,148.34000,144.10600,145.50999,1985400
1602077400,147.16000,149.45000,146.00000,147.67999,1830100
1602163800,149.35001,150.41100,146.96001,147.66000,1524000
1602250200,148.00000,152.73000,147.70500,151.96001,1641700
1602509400,153.00000,155.50999,150.86000,151.14999,1798100
1602595800,153.10001,155.14000,152.11000,154.42000,1764800
1602682200,155.52000,157.45000,152.71001,155.09000,2904100
1602768600,152.41000,155.25000,149.69000,154.97000,1871700
1602855000,155.66000,156.71001,152.50999,154.85001,1710000
1603114200,156.00000,158.73599,152.37000,153.17000,2135700
1603200600,153.00000,155.28999,150.50999,150.80000,1097400
1603287000,151.97000,151.97000,145.45000,146.85001,1369100
1603373400,147.78999,150.78000,144.80000,146.58000,1088200
1603459800,145.70000,147.05000,143.17999,147.05000,972300
1603719000,148.27000,154.60001,147.25999,149.00000,2071300
1603805400,151.53999,154.58000,147.95100,148.64000,1596100
1603891800,147.49001,147.80000,142.30000,144.06000,1471500
1603978200,145.38000,146.60001,140.92999,142.56000,1311600
1604064600,140.75999,141.38400,133.81000,135.75000,1741300
1604327400,136.75000,137.87000,132.78999,134.42999,1355000
1604413800,135.02000,136.17700,132.83000,134.64999,1041500
1604500200,139.99001,145.48000,139.12900,145.35001,2022900
1604586600,148.55000,151.61000,147.17000,150.07001,1911000
1604673000,151.00000,151.78999,146.46001,150.06000,1225200
1604932200,145.62000,146.45000,128.75999,128.77000,3936300
1605018600,132.23000,132.23000,120.34000,127.76000,3787400
1605105000,133.03999,138.17000,129.80000,135.49001,2463200
1605191400,137.62000,140.41000,137.27499,140.06000,1643300
1605277800,140.03999,140.31700,131.67000,131.92000,2314500
1605537000,128.99001,134.17000,127.00000,133.52000,2650800
1605623400,135.08000,137.85001,132.50000,136.64000,1347400
1605709800,136.99001,139.00000,132.92999,135.38000,1272800
1605796200,136.14999,141.50000,136.08000,138.53999,1474700
1605882600,139.99001,144.96001,139.00999,143.00999,1491400
1606141800,142.39000,144.42000,140.46001,143.03999,1511000
1606228200,143.39999,143.61000,138.67500,141.19000,1636300
1606314600,145.11000,149.78000,144.50999,146.94000,2329700
1606487400,150.00000,150.39999,146.42900,149.74001,939600
1606746600,151.67999,155.75000,148.50000,155.75000,3377400
1606833000,155.50999,157.33000,147.82001,151.67999,2276100
1606919400,149.03300,149.03300,143.39999,146.78999,2924100
1607005800,163.45000,189.64500,163.28999,185.61000,15382800
1607092200,181.73000,183.37000,175.60001,180.75000,4358600
1607351400,180.00000,181.89500,176.55000,178.11000,2135700
1607437800,178.50000,189.56000,178.50000,184.60001,2852400
1607524200,183.03000,185.00000,173.45000,176.70000,2296000
1607610600,173.00000,182.50000,172.07500,179.75000,2566500
1607697000,181.60001,184.47000,178.24001,181.91000,1851900
1607956200,182.34399,187.42999,181.80000,183.45000,2162500
1608042600,184.98000,185.00000,178.66499,181.24001,1677700
1608129000,180.92000,186.00000,179.84000,184.03000,2119700
1608215400,186.00000,194.70000,185.81000,187.75999,4202600
1608301800,191.98000,198.16000,190.52000,195.88000,4657200
1608561000,196.64999,200.39999,194.22000,199.62000,2790400
1608647400,202.23000,208.06500,200.00999,206.78000,3587300
1608733800,208.83000,212.58501,203.13000,207.47000,2297400
1608820200,208.00000,209.98000,204.00000,205.27000,908800
1609165800,207.48000,209.45000,197.47000,199.37000,2552900
1609252200,198.50999,199.39000,194.00999,197.84000,2225500
1609338600,198.80000,201.37000,197.07001,201.31000,1126400
1609425000,202.25000,203.00000,198.62000,199.71001,1469600
1609770600,199.72000,200.49500,192.52000,196.09000,3510700
1609857000,192.37000,197.94000,189.53999,193.48000,2365500
1609943400,187.53000,190.30000,183.25000,184.42000,2131100
1610029800,188.09500,193.70000,185.28000,193.05000,1734600
1610116200,196.75000,199.95000,194.10001,197.37000,2024800
1610375400,196.99001,204.99001,191.60001,198.70000,2493900
1610461800,201.14000,206.50000,200.00999,205.89999,2115800
1610548200,209.30000,214.83000,206.49001,207.08000,3481200
1610634600,209.25000,213.57001,207.46001,209.87000,1594300
1610721000,212.12000,213.92700,207.33000,211.06000,2009000
1611066600,215.77000,217.15100,208.37000,212.00000,1643200
1611153000,215.09000,217.45000,212.53000,214.75999,1641200
1611239400,217.99001,218.00000,211.53500,213.63000,1196100
1611325800,211.89999,217.73000,211.06000,217.36000,1446300
1611585000,220.75999,224.00000,206.00000,207.66000,2885600
1611671400,209.48000,209.85001,196.53000,197.00000,3030400
1611757800,195.87000,203.30000,187.75999,199.22000,2640000
1611844200,199.33000,208.20000,199.22000,206.28000,1489600
1611930600,204.99001,205.03999,196.80000,199.70000,1746600
1612189800,202.52000,206.85001,199.92999,204.47000,1434800
1612276200,207.06000,217.44000,207.06000,216.71001,1892500
1612362600,217.89999,218.21001,207.05901,209.56000,2395900
1612449000,210.11000,214.24500,207.33000,213.75000,1235900
1612535400,215.45000,219.99001,211.88000,216.78000,2018400
1612794600,219.31000,221.25000,214.08000,215.87000,1162700
1612881000,218.57600,220.85001,215.99001,220.00000,1115500
1612967400,221.00000,224.49001,216.48801,223.09000,2138900
1613053800,225.00000,227.03999,217.97000,222.89000,1486100
1613140200,224.75999,228.38000,221.58099,226.48000,1522600
1613485800,230.88100,230.88100,217.75000,223.63000,1919500
1613572200,223.15500,225.89999,217.66499,224.83000,1471300
1613658600,222.06000,224.20000,216.20000,223.38000,1418800
1613745000,225.55000,228.09000,223.41000,226.03000,1486800
1614004200,225.13000,225.25000,212.89999,213.45000,2424000
1614090600,203.25999,206.84000,190.60001,206.50999,3704100
1614177000,208.38000,210.78999,203.55000,207.81000,1684100
1614263400,204.00000,210.91000,194.34000,195.78999,2557500
1614349800,213.10001,224.08000,197.08200,205.03000,3721700
1614609000,208.75000,211.14000,202.17999,210.16000,1917300
1614695400,212.00000,212.00000,202.27000,202.61000,1788600
1614781800,202.11000,202.12000,187.46001,187.83000,2703800
1614868200,184.33000,190.96001,175.67999,180.89999,3184300
1614954600,185.53999,185.53999,165.57001,175.37000,3941600
1615213800,175.75999,181.70000,166.88600,167.84000,2751300
1615300200,178.71500,182.78999,175.00000,181.42999,2824700
1615386600,185.05000,188.98000,178.81000,180.07001,2427300
1615473000,187.00000,189.75000,183.09000,188.87000,2080600
1615559400,184.54100,185.21001,179.88000,184.61000,1521400
1615815000,184.98000,185.00000,180.55000,184.27000,1435000
1615901400,187.00000,187.92000,178.02299,182.17999,2178800
1615987800,178.61000,188.49001,177.00000,185.33000,2333000
1616074200,184.40401,184.67000,177.39999,178.21001,2675400
1616160600,178.66000,182.03000,175.75000,181.56000,2320400
1616419800,183.50000,185.16000,181.39999,182.61000,1710900
1616506200,182.46001,185.45000,180.00000,183.00000,1619800
1616592600,186.39999,186.39999,174.99001,175.10001,2133800
1616679000,171.45000,175.30000,168.39999,172.85001,1557200
1616765400,170.92000,174.00000,164.67000,169.78000,1816700
1617024600,169.00999,174.86000,163.45000,165.75000,2372300
1617111000,164.24001,166.86000,160.65900,165.78999,1336000
1617197400,168.49001,173.17000,167.20000,171.67000,1918800
1617283800,174.80000,180.00000,174.30000,175.77000,2097400
1617629400,176.61000,178.95000,172.32001,175.19000,1368500
1617715800,175.42999,184.96001,173.53000,182.12000,2282700
1617802200,180.81000,183.32001,179.00000,180.02000,1242100
1617888600,183.00000,187.17000,181.80000,185.19000,1926400
1617975000,183.99001,185.25999,180.87300,185.03999,1122700
1618234200,185.58000,189.50000,183.55000,188.38000,2056700
1618320600,190.14999,199.50000,189.59000,196.64999,2487400
1618407000,198.03999,198.89999,192.08000,192.39000,1369100
1618493400,195.31000,197.52000,193.03799,195.92000,1258900
1618579800,196.81000,196.81000,189.74001,192.49001,1319100
1618839000,191.14000,195.71001,189.20000,190.94000,919500
1618925400,191.99001,194.78999,185.07001,186.08000,1119600
1619011800,183.71001,188.46001,181.42999,186.12000,1057200
1619098200,186.19000,194.25000,185.75000,190.03000,1827400
1619184600,192.48000,194.22000,188.55000,190.25999,1496400
1619443800,191.70000,196.78000,188.72000,196.69000,1319100
1619530200,198.08000,199.50000,193.89600,195.92999,1365900
1619616600,195.39999,198.00000,192.50999,195.42000,2200000
1619703000,196.00000,196.28999,185.20000,187.28000,2168500
1619789400,184.99001,191.48000,184.39999,187.64000,1174800
1620048600,186.60001,188.22000,179.60001,180.59000,2060500
1620135000,176.47000,177.73500,169.36000,175.48000,2196200
1620221400,178.03000,179.53999,171.03000,172.30000,968300
1620307800,171.46001,172.49001,163.50000,167.35001,2067900
1620394200,171.50000,174.00000,168.24001,169.32001,1524400
1620653400,168.16000,169.32001,164.77000,165.77000,1924500
1620739800,157.07899,172.28000,157.03000,170.69000,2774200
1620826200,167.47000,169.52000,160.91000,164.08000,2069800
1620912600,166.25999,167.92000,158.47000,160.92000,1913000
1620999000,162.52000,166.16000,161.63000,165.34000,1431000
1621258200,164.10001,166.89000,160.70000,163.28000,1374100
1621344600,164.50999,168.75400,163.23000,166.50000,2239300
1621431000,164.35001,166.47000,161.39000,164.81000,1893700
1621517400,167.25900,171.95300,165.92000,170.73000,1897200
1621603800,174.92000,175.00000,169.89999,170.08000,1759500
1621863000,172.49001,175.95000,172.13901,174.39999,2361600
1621949400,175.05000,176.03500,170.31000,172.74001,3323200
1622035800,195.00000,199.77000,191.50000,194.20000,7966000
1622122200,193.60001,196.30000,188.02000,194.25999,3949300
1622208600,194.48000,197.69000,193.94000,194.20000,1949100
1622554200,194.17000,195.95000,190.05000,191.77000,1445100
1622640600,190.56000,193.16000,189.03000,191.34000,1287800
1622727000,190.12000,190.46001,183.95000,184.25000,1656500
1622813400,186.82700,188.31000,184.77000,185.80000,1795300
1623072600,184.81000,193.60001,183.09000,192.73000,2099400
1623159000,194.03999,197.53500,192.47501,194.64999,1972400
1623245400,195.27000,198.42700,195.07001,195.99001,1604700
1623331800,194.77499,205.61000,194.55000,204.91000,3558600
1623418200,203.00000,208.53999,201.87000,207.78999,2106500
1623677400,207.78999,212.80000,207.33000,211.42999,1897100
1623763800,209.62000,213.54500,206.91000,207.39000,1281500
1623850200,209.11200,217.81000,208.50000,212.27000,3092600
1623936600,209.00999,217.00000,208.02000,215.14000,1708000
1624023000,215.57001,219.95000,214.10001,218.60001,2049800
1624282200,216.55000,218.10001,211.50999,216.41000,1480100
1624368600,216.66000,221.12000,216.42000,219.61000,1502200
1624455000,219.55000,221.03999,218.41000,218.86000,1385400
1624541400,220.19000,222.31599,218.89000,219.64000,1320400
1624627800,220.91000,222.00000,216.75000,218.84000,1907700
1624887000,220.56000,223.94000,219.67999,221.27000,1571200
1624973400,220.00000,221.89000,218.25000,221.44000,919800
1625059800,220.80000,220.80000,215.37000,216.06000,1633700
1625146200,214.98000,217.48000,211.19099,213.72000,1063000
1625232600,215.34000,218.60001,214.00000,214.78000,837500
1625578200,217.06500,225.69501,217.00000,225.00000,2754400
1625664600,227.00000,231.59000,223.27000,227.89999,2624000
1625751000,222.02000,227.50000,220.00000,227.17000,1742000
1625837400,227.17000,228.36000,224.00000,227.78999,910000
1626096600,232.52000,236.46001,227.50000,227.97000,1541000
1626183000,230.00000,234.75999,226.31000,227.17999,1511300
1626269400,229.91000,231.00000,223.25000,224.50999,1426600
1626355800,227.14999,227.25000,218.34000,219.31000,1354800
1626442200,221.74001,223.43500,217.88000,221.16000,1489500
1626701400,217.50000,223.55000,216.45000,223.00999,1289300
1626787800,227.08000,230.21001,221.67999,229.11000,1747100
1626874200,228.88000,232.60500,226.36000,231.06000,1263700
1626960600,232.00000,237.45000,230.64999,235.59000,1265100
1627047000,237.14000,240.28999,234.70000,238.72000,1309600
1627306200,235.73000,237.31500,230.88000,234.52000,850600
1627392600,236.20000,238.00000,228.73000,233.03000,1032200
1627479000,234.61000,238.50000,231.36000,236.84000,819100
1627565400,235.01500,239.50000,234.87000,237.03000,808500
1627651800,235.97000,239.09000,235.25000,235.91000,955000
1627911000,237.00000,242.11000,229.50000,239.03999,1837700
1627997400,239.50999,244.87000,238.32001,243.07001,1039700
1628083800,243.63000,248.83501,242.99001,247.92999,1212200
1628170200,248.00000,249.71001,245.62000,247.67000,979900
1628256600,247.00000,247.42999,237.86000,242.05000,1405800
1628515800,241.50000,245.58000,239.88499,245.03999,701000
1628602200,246.71001,247.67000,238.07001,240.50000,1051100
1628688600,241.57899,243.33400,235.30000,237.67000,1174900
1628775000,235.17999,244.20000,235.17999,242.94000,767600
1628861400,244.00000,246.99001,242.39999,245.14999,870300
1629120600,244.00000,245.20000,237.30000,243.42999,973000
1629207000,243.42999,243.42999,237.00000,241.47000,1053400
1629293400,242.14999,244.84000,237.58000,242.53999,860800
1629379800,242.00000,245.63000,241.69000,244.88000,1108500
1629466200,246.64999,250.00000,243.64000,246.39999,1140400
1629725400,248.99001,252.64999,246.23000,250.81000,1148100
1629811800,258.97400,259.84000,255.63000,257.97000,1663600
1629898200,258.35001,263.54999,256.97000,263.03000,1458100
1629984600,263.00000,270.89999,262.54901,266.97000,1713400
1630071000,268.66800,275.00000,266.76999,273.73001,1315300
1630330200,275.64999,279.29001,272.57001,278.17001,1503900
1630416600,276.76001,279.14001,273.10999,278.34000,1593800
1630503000,276.14001,279.53000,275.56000,276.70999,1489400
1630589400,277.10999,284.79001,276.35001,282.20001,1591200
1630675800,282.54999,288.87000,281.38000,287.39999,1786400
1631021400,293.44000,293.44000,280.04999,282.90500,1991100
1631107800,282.25500,283.98999,277.20001,280.66000,2558200
1631194200,280.42001,284.25000,278.63000,280.22000,3115400
1631280600,289.03000,289.03000,269.51999,270.64001,4536200
1631539800,267.60001,269.54999,260.12000,267.84000,2936100
1631626200,269.94000,276.00000,269.07001,275.79999,2291100
1631712600,275.87000,278.03000,270.16000,273.44000,1429300
1631799000,273.25000,274.64001,266.70999,274.39001,2276200
1631885400,273.32999,276.51001,269.67001,275.66000,4428500
1632144600,268.00299,275.00000,267.28000,269.98001,1911700
1632231000,272.23001,275.73999,269.48001,272.32999,1227800
1632317400,273.95999,279.17001,271.14999,277.70001,1717300
1632403800,279.94000,281.89999,276.35999,280.01999,1699800
1632490200,280.00000,280.39999,271.29999,279.98999,1126200
1632749400,277.70001,279.57300,271.20999,272.73001,1630600
1632835800,267.98999,268.00000,256.01001,258.73999,3149000
1632922200,263.41000,265.42001,256.79999,258.88000,2244000
1633008600,260.41000,263.51999,258.29999,262.22000,1355300
1633095000,263.17001,264.85001,257.09698,263.16000,1135300
1633354200,261.35001,261.35001,248.33000,251.86000,2245600
1633440600,253.45000,260.00000,252.50000,258.50000,1506500
1633527000,256.28000,265.61499,255.10500,264.25000,1900600
1633613400,266.01999,274.23999,265.57999,269.88000,1706700
1633699800,272.29999,272.29999,266.00000,266.66000,1230200
1633959000,263.60001,271.17001,262.01999,267.70001,1224400
1634045400,270.07999,278.34000,266.76501,277.72000,1889200
1634131800,279.78000,287.97000,279.32001,286.64001,1960900
1634218200,290.00000,294.44000,288.66000,293.89001,1544100
1634304600,294.50000,294.98999,291.60999,292.70001,1433200
1634563800,292.51001,301.32999,291.60001,301.31000,1766300
1634650200,301.50000,303.60999,297.41000,298.03000,1587600
1634736600,300.20801,301.76999,294.39999,297.67001,789000
1634823000,298.70001,305.76999,298.41101,305.69000,1205100
1634909400,305.73001,309.69000,304.01001,307.87000,941500
1635168600,308.00000,314.10599,305.57001,311.20001,1139000
1635255000,313.88000,316.00000,307.89001,315.32001,1814600
1635341400,316.20001,319.84000,309.01001,310.10001,1419200
1635427800,310.94000,316.98999,308.23999,316.34000,1351300
1635514200,315.95001,319.98999,314.00000,318.85999,1084900
1635773400,319.45999,321.50000,315.13000,318.67999,1472400
1635859800,318.51001,326.20001,317.38300,325.87000,1585400
1635946200,328.50000,329.00000,321.31000,327.50000,1298800
1636032600,329.00000,333.88000,325.16000,331.89999,1413700
1636119000,333.95001,338.54001,332.10999,338.48999,1888000
1636381800,340.54999,351.89999,339.37000,350.17001,1944000
1636468200,353.39999,356.45001,347.72000,352.60999,2009400
1636554600,348.26999,350.61401,333.73001,337.10999,2229100
1636641000,343.17001,348.26999,342.23001,343.62000,1680900
1636727400,346.76001,349.57001,343.16000,349.07001,1330200
1636986600,352.91000,352.91000,341.82999,345.79999,1235700
1637073000,345.79999,355.41000,345.60999,353.75000,1426600
1637159400,352.75000,358.13000,345.73999,356.00000,1655200
1637245800,358.26001,369.89999,358.12000,365.64999,1772200
1637332200,372.50000,376.10999,367.54001,368.78000,1824500
1637591400,367.07001,368.00000,342.22000,343.85999,2518400
1637677800,336.60001,345.57901,330.66000,336.10999,2671300
1637764200,334.76999,343.70499,328.47501,342.47000,1462800
1637937000,343.04001,347.64999,335.38000,336.89999,839700
1638196200,342.26999,358.35999,342.26999,355.92001,2288000
1638282600,355.88000,358.82001,343.69000,346.97000,3887400
1638369000,371.06000,373.73999,314.70001,318.20999,5676000
1638455400,318.22000,334.73999,316.51001,331.97000,2609800
1638541800,330.00000,330.00000,300.54001,313.35001,2632000
1638801000,301.94000,304.16699,265.32999,274.35999,7468600
1638887400,286.00000,300.44000,285.01001,297.76001,4002800
1638973800,298.38000,313.41000,293.20001,311.81000,3206300
1639060200,313.00000,317.78000,300.26501,303.04001,3579700
1639146600,303.50000,311.87000,300.50000,305.75000,1929400
1639405800,311.10001,320.98999,304.17001,308.54001,2417100
1639492200,285.44000,287.82999,272.51999,284.34000,5116800
1639578600,282.97000,309.04001,281.55701,307.23999,2972400
1639665000,305.00000,307.19000,291.78000,295.25000,3188400
1639751400,286.70999,307.07001,285.00000,304.87000,9125500
1640010600,298.45001,308.48999,294.54001,305.94000,2154400
1640097000,307.88000,320.68500,300.10999,319.42001,3284700
1640183400,319.07999,322.48001,314.01999,322.01001,1292300
1640269800,322.00000,326.23999,316.75000,323.00000,940900
1640615400,326.85001,332.50000,326.39001,329.89001,1242500
1640701800,331.54999,332.04999,321.64999,324.66000,949600
1640788200,326.00000,326.00000,317.00000,323.17999,1068400
1640874600,323.17999,329.67999,323.00500,324.59000,1192000
1640961000,324.45999,326.00000,321.00000,321.32999,940800
1641220200,322.60001,323.54999,300.50000,301.82999,2576000
1641306600,297.96500,298.19000,270.72000,281.57999,3827700
1641393000,275.01001,280.37000,256.39999,262.32999,3437700
1641479400,261.00000,266.32001,252.35001,260.20999,2439600
1641565800,258.38000,268.35999,254.35100,261.53000,1696000
1641825000,254.50000,276.01999,249.00999,275.64999,4333300
1641911400,270.45001,281.37000,267.32999,277.53000,1517900
1641997800,283.10999,288.60999,272.88000,273.98001,1881000
1642084200,274.64999,277.26999,250.32001,250.47000,3137300
1642170600,248.00000,257.70001,247.44000,254.74001,2071300
1642516200,251.49001,266.45999,245.30000,259.20001,3172400
1642602600,258.88000,267.48999,252.98000,253.11000,2433700
1642689000,256.51001,264.33499,250.24001,250.67000,2179000
1642775400,249.32700,256.51001,241.11000,241.94000,2761500
1643034600,234.99001,244.21001,220.07100,243.20000,4143300
1643121000,239.84000,241.50000,225.61000,228.88000,3005500
1643207400,236.91000,241.96001,224.42000,226.85001,3335900
1643293800,229.86000,235.55000,220.92999,223.08000,2697200
1643380200,226.50999,238.94000,220.67000,238.70000,2803900
1643639400,240.36000,257.32999,240.00000,257.10999,2759500
1643725800,260.00000,264.62500,253.49001,261.09000,1959900
1643812200,261.72000,263.57001,251.94501,257.50000,1791900
1643898600,249.25999,259.13000,244.25999,245.02000,1835200
1643985000,247.42999,263.28000,243.52000,258.98001,2010000
1644244200,260.16501,271.42999,258.70001,262.92001,1557700
1644330600,260.57001,273.75000,259.07999,270.70999,2017500
1644417000,276.00000,281.25000,270.12000,280.85001,2173400
1644503400,276.51999,290.47000,274.20999,284.10001,2104400
1644589800,285.07001,288.51999,269.43500,273.00000,2015000
1644849000,273.51999,283.45001,272.50000,274.42999,2134300
1644935400,280.23999,287.26999,275.50000,285.82001,2136500
1645021800,284.10999,286.89001,277.25000,280.87000,1863100
1645108200,280.90302,280.90302,259.38000,261.94000,2325200
1645194600,264.51999,264.51999,253.20000,255.22000,2221200
1645540200,251.56000,263.00000,251.00000,254.81000,1680800
1645626600,262.50000,265.45001,239.11000,239.39999,3024600
1645713000,227.62000,264.79001,227.48000,263.38000,6517500
1645799400,224.49001,228.00000,206.00000,221.85001,12093100
1646058600,228.42000,244.94701,227.16000,239.14999,6713600
1646145000,245.10001,260.86600,241.31000,247.83000,5707900
1646231400,253.25999,257.54001,242.11000,254.41000,2968400
1646317800,252.98000,256.41000,238.38000,242.03000,2799400
1646404200,242.36000,244.00000,223.03999,225.50000,3613100
1646663400,228.37000,229.97000,204.36000,204.37000,4379300
1646749800,203.50000,203.92000,190.13000,198.63000,4389600
1646836200,203.84000,213.57001,199.12000,212.35001,3050600
1646922600,212.13000,213.50999,204.87000,208.41000,2305100
1647009000,211.02000,211.67000,200.50000,201.14000,1893600
1647264600,200.00000,203.58000,186.00000,189.53000,2968400
1647351000,190.85001,197.21500,186.24001,196.61000,2215800
1647437400,200.60001,208.88000,195.13000,207.03000,3084200
1647523800,204.41000,216.33000,202.56000,214.83000,1865900
1647610200,213.81000,224.75000,212.12000,222.71001,5406800
1647869400,217.59000,221.16000,210.92799,220.86000,2374100
1647955800,219.70000,234.86000,218.75000,232.39000,2641700
1648042200,229.46001,238.47000,224.64999,233.38000,1880100
1648128600,233.30000,236.11000,226.14000,235.78999,1624900
1648215000,237.52000,237.62000,224.61000,230.32001,1899300
1648474200,231.60001,239.36000,229.75000,237.92999,2227200
1648560600,242.17000,247.95000,236.41000,243.99001,1878600
1648647000,242.41000,247.24001,237.39999,239.89999,1226600
1648733400,240.55000,246.82001,236.44000,241.28000,1705300
1648819800,240.00000,253.35001,240.00000,246.21001,2174100
1649079000,247.67000,253.74001,247.21001,252.11000,1279700
1649165400,251.00000,252.00000,235.56000,238.61000,2509300
1649251800,233.89000,233.95000,222.66000,226.07001,2143700
1649338200,224.64000,239.95000,224.42000,231.96001,2768500
1649424600,231.03000,233.28000,225.97000,226.78999,1271500
1649683800,223.71001,228.25000,220.24001,224.32001,1643200
1649770200,228.48000,236.09000,221.10001,223.00000,2014300
1649856600,225.14000,243.50000,222.37000,241.23000,3102600
1649943000,240.00999,240.61000,230.00000,230.84000,1729700
1650288600,228.07001,229.32001,219.36000,223.57001,1617700
1650375000,222.00000,231.36000,219.07001,228.78999,1143400
1650461400,230.39999,230.86000,219.36000,221.71001,1179400
1650547800,224.77000,230.89999,210.50999,211.47000,1958400
1650634200,211.99001,215.50000,204.91000,206.47000,1517200
1650893400,204.92000,217.22000,204.12000,216.78999,1836700
1650979800,215.55000,215.55000,207.05000,207.31000,1620600
1651066200,204.84000,211.30000,203.73000,204.75999,1461900
1651152600,208.89999,215.74001,202.66000,213.59000,1555800
1651239000,212.12000,217.39999,202.25999,202.74001,1912600
1651498200,201.31000,208.50000,200.00999,208.23000,1267000
1651584600,207.32001,210.66000,200.43900,204.70000,1263000
1651671000,205.34000,209.36000,192.73000,208.92999,2252500
1651757400,206.20000,206.84000,185.70000,190.41000,2497200
1651843800,186.80000,186.88000,171.91000,172.94000,3173000
1652103000,167.63000,169.59000,152.36501,153.09000,4232700
1652189400,159.14000,161.71700,143.82001,150.28999,3626400
1652275800,144.99001,150.31000,135.96001,136.57001,3949500
1652362200,132.34000,144.60500,127.62000,137.63000,4260100
1652448600,142.23000,155.03999,141.94000,153.23000,3011000
1652707800,149.87000,152.92000,139.73000,140.08000,2391100
1652794200,145.19000,147.46001,137.02000,141.78000,2824000
1652880600,138.55000,140.48500,125.12000,128.09000,3788200
1652967000,126.72000,137.00000,125.80000,132.30000,3104100
1653053400,139.42999,144.89999,131.91000,136.89000,3807000
1653312600,135.96001,138.39000,130.39999,138.17000,2635400
1653399000,136.00999,136.00999,125.90000,127.81000,2539000
1653485400,127.79000,134.59000,126.57000,132.58000,2476000
1653571800,130.56000,145.78999,129.92999,142.13000,5940400
1653658200,156.46001,162.64000,150.22000,160.00000,6763600
1654003800,160.50000,161.07001,151.05000,153.09000,3645300
1654090200,155.17999,158.28999,146.16000,148.94000,2213000
1654176600,148.89999,161.09000,148.27000,160.84000,3603900
1654263000,157.52000,163.35001,154.62000,156.92999,2420000
1654522200,160.41000,162.85500,154.50999,158.57001,2028200
1654608600,155.50000,164.96001,155.20000,162.81000,1613900
1654695000,162.00000,169.87000,162.00000,165.57001,2280900
1654781400,163.91000,167.28999,159.20000,160.42000,1968800
1654867800,155.50000,158.63000,150.39999,153.61000,2228200
1655127000,146.00000,149.36000,139.78000,140.98000,2306800
1655213400,142.33000,146.44400,139.81000,142.11000,1545700
1655299800,145.28999,151.17999,143.49001,148.25000,1427400
1655386200,141.60001,142.76500,133.31500,136.03000,2679500
1655472600,138.20000,145.84000,137.14000,144.22000,3506000
1655818200,146.50000,153.85001,146.50000,150.25000,2091700
1655904600,147.84000,155.00000,147.10100,149.11000,2191700
1655991000,151.62000,164.18500,149.92000,162.75999,3006500
1656077400,165.89999,171.96001,163.49001,170.82001,3083000
1656336600,170.00000,171.74001,163.00000,164.23000,1896400
1656423000,163.55000,166.52000,153.33000,154.92000,2141100
1656509400,153.67999,156.14999,150.89999,154.95000,1796800
1656595800,154.36000,154.38499,145.80000,149.50999,2472400
1656682200,149.64999,157.55000,147.39999,155.37000,1838700
1657027800,154.69000,167.02000,151.61000,166.31000,2763800
1657114200,165.86000,167.88000,161.44600,163.75000,1502600
1657200600,163.03000,168.74001,162.91000,167.42999,1876200
1657287000,164.00000,170.24500,161.63000,166.89000,1473900
1657546200,165.14999,165.49001,157.50999,162.42000,1726700
1657632600,163.96001,168.67999,148.49001,150.92000,3581600
1657719000,146.65199,153.70000,144.07001,148.95000,1562200
1657805400,148.11000,148.95000,143.28999,146.06000,1701300
1657891800,147.16000,149.92300,145.37000,149.32001,1600900
1658151000,153.67000,157.39999,150.04500,150.82001,2301300
1658237400,153.48000,156.06000,148.89000,155.84000,1325600
1658323800,156.67000,165.85001,156.00000,162.95000,1990400
1658410200,163.00999,166.39000,159.07001,164.64000,1321300
1658496600,165.13000,168.50000,158.53999,159.92999,1057900
1658755800,157.99001,158.89000,154.11000,156.09000,1265800
1658842200,149.45000,151.12000,140.72000,141.95000,3747800
1658928600,144.49001,150.89000,141.98000,148.71001,2139900
1659015000,149.05000,154.60001,144.33000,153.06000,2279100
1659101400,154.14000,155.36000,150.49001,155.06000,1624100
1659360600,152.00000,157.41000,149.08000,153.50000,1723000
1659447000,150.45000,160.42999,150.30000,157.78000,1825700
1659533400,160.00000,165.52000,159.67000,165.28999,2057300
1659619800,162.13000,164.24001,156.75000,161.99001,2942400
1659706200,158.61000,164.50000,157.85001,163.42000,1632800
1659965400,164.78000,176.22000,163.42000,168.14999,2234000
1660051800,166.32001,167.61501,161.35001,163.41000,1072000
1660138200,171.38000,181.99001,171.36700,180.41000,3303200
1660224600,184.25000,188.06000,178.17999,178.71001,2574800
1660311000,182.17999,184.28000,179.33501,182.64000,1667700
1660570200,180.32001,183.42999,177.53999,181.71001,1131400
1660656600,179.12000,181.36000,173.89999,178.60001,1512700
1660743000,175.00000,176.35500,171.61000,174.35001,1583500
1660829400,175.00999,176.72000,172.86000,175.31000,1141000
1660915800,172.82001,172.82001,163.33000,166.22000,2554700
1661175000,162.41000,165.71001,159.70500,163.00000,1771800
1661261400,167.81000,172.25000,164.64999,165.35001,2384700
1661347800,165.61000,167.08000,163.90700,165.64999,1153200
1661434200,169.38000,169.42500,164.80000,167.72000,1657800
1661520600,167.52000,168.35500,160.46001,161.19000,1983700
1661779800,158.32001,162.66000,157.00101,158.53000,1215600
1661866200,160.25000,162.75000,156.17999,160.88000,1778100
1661952600,163.69000,168.28999,158.34000,159.24001,1792400
1662039000,156.13000,156.13000,142.66000,145.57001,2846900
1662125400,148.23000,150.15900,143.75000,145.12000,1982100
1662471000,144.72000,146.00000,142.11000,145.03000,1840500
1662557400,146.25000,148.28999,142.06000,147.71001,2254300
1662643800,145.53000,154.55000,145.50000,154.25000,4145100
1662730200,174.95000,188.78999,173.09000,188.00000,11398000
1662989400,188.50999,194.21001,185.71001,193.60001,5398500
1663075800,185.30000,188.70000,179.75000,181.22000,4251900
1663162200,182.14999,183.78000,177.61000,182.98000,2408900
1663248600,179.21001,182.78799,174.84000,175.99001,2584000
1663335000,171.64999,172.74001,165.11000,169.49001,6490200
1663594200,167.00000,175.37000,166.50999,174.57001,2591700
1663680600,173.53000,177.75999,171.70000,172.67999,2170400
1663767000,173.02000,179.89000,171.74001,171.88000,1901800
1663853400,171.14999,173.66000,162.50000,162.56000,2068700
1663939800,160.25999,162.56000,156.06000,158.69000,1987900
1664199000,158.78000,164.38000,158.78000,159.75999,1628700
1664285400,163.91000,166.39999,159.99001,163.21001,1718300
1664371800,164.00000,169.53999,162.63499,168.78000,1723100
1664458200,164.67999,167.78000,162.70000,165.89000,1422800
1664544600,166.56000,171.53000,164.13000,164.37000,1339200
1664803800,165.05499,171.91000,163.21001,170.50999,2364300
1664890200,175.76801,178.74001,174.28999,176.00000,1683700
1664976600,171.99001,181.94000,171.61000,180.14999,1552500
1665063000,181.17999,185.99001,180.70000,182.92000,2059900
1665149400,178.00000,179.74500,169.83000,170.09000,2536100
1665408600,169.49001,170.32600,154.14400,157.17999,3376600
1665495000,151.49001,153.91000,145.23000,148.73000,4441300
1665581400,148.83000,149.42999,143.50999,147.63000,2369200
1665667800,141.28000,146.70000,136.99001,145.13000,3135200
1665754200,148.10001,148.72000,134.44000,135.31000,2982700
1666013400,141.13000,146.59000,138.92999,145.28000,2595000
1666099800,151.10001,152.50000,146.67999,149.69000,2059400
1666186200,147.91000,151.21001,146.00000,148.77000,1594500
1666272600,149.28000,154.88000,148.84900,150.23000,1709500
1666359000,148.98000,150.92000,142.71001,150.48000,2140900
1666618200,151.36000,151.46001,144.30000,148.67000,1375200
1666704600,150.62000,157.58000,150.62000,157.09000,1928300
1666791000,151.45000,158.67900,149.21001,151.03000,1865900
1666877400,153.28999,156.90500,151.16000,153.77000,1447800
1666963800,152.85001,155.00000,148.28000,153.96001,1230000
1667223000,152.73000,156.59000,151.35001,154.10001,1125300
1667309400,159.00000,159.55000,149.11000,150.39000,1935900
1667395800,149.99001,150.03500,137.85001,138.09000,2763200
1667482200,135.38000,135.60001,129.37000,131.07001,3009800
1667568600,132.00000,132.64000,117.41000,121.00000,4324200
1667831400,121.59000,122.62000,115.61000,117.36000,3390600
1667917800,119.71000,123.18600,114.77000,119.93000,2239500
1668004200,117.55000,118.51600,114.21000,116.25000,2388200
1668090600,126.60000,133.31000,125.60000,133.12000,3476900
1668177000,134.78999,143.38000,132.14000,142.19000,2900100
1668436200,140.49001,141.94000,132.50000,136.85001,2066400
1668522600,143.75000,151.73000,143.42000,147.25999,3075400
1668609000,144.66000,146.14000,139.37500,140.35001,1545200
1668695400,134.63000,139.47000,133.63000,136.75000,1751500
1668781800,142.99001,142.99001,137.02000,138.73000,1736500
1669041000,136.88000,139.39999,134.89500,135.92000,1242000
1669127400,134.67999,137.33000,131.60001,136.75999,1203000
1669213800,137.39999,141.10001,133.78999,140.08000,1349400
1669386600,138.42999,139.46300,136.36000,138.75000,603300
1669645800,137.62000,139.39000,135.42000,136.72000,1515000
1669732200,136.64999,137.56000,133.61000,134.85001,1906300
1669818600,126.99000,133.53000,122.13000,133.45000,5204100
1669905000,135.64000,144.87000,134.50999,144.50000,7077700
1669991400,127.29000,132.62000,126.40000,128.99001,9665100
1670250600,128.69000,130.98000,119.00000,120.79000,4946600
1670337000,121.50000,121.96000,115.35000,115.97000,3230700
1670423400,115.97000,117.00000,111.47500,114.24000,3162600
1670509800,114.31000,119.61000,112.22000,119.53000,2577300
1670596200,118.28000,120.38000,116.80000,117.21000,1678800
1670855400,117.62000,122.25000,117.62000,121.24000,1957000
1670941800,128.42000,129.87000,120.85000,123.76000,2602300
1671028200,123.29000,126.91000,121.39500,123.14000,1959300
1671114600,120.00000,124.48000,117.12000,117.17000,2578400
1671201000,115.51000,117.16000,112.55000,114.21000,3000200
1671460200,113.41000,113.96000,110.46000,112.27000,2202900
1671546600,110.82000,113.97000,109.40000,113.54000,1692700
1671633000,112.90000,114.47000,108.59000,112.77000,2337300
1671719400,110.00000,110.95000,107.11000,109.36000,1859400
1671805800,108.05000,109.11000,106.24000,108.78000,1467700
1672151400,107.34000,109.34000,105.90000,107.57000,1689200
1672237800,107.85000,109.83000,105.74000,107.86000,1749200
1672324200,109.35000,112.81000,108.00000,111.87000,1773600
1672410600,109.83000,112.19000,109.40000,111.90000,1556400
1672756200,114.72000,116.67000,108.18000,110.19000,2510900
1672842600,111.93000,114.08000,108.93000,111.59000,1617000
1672929000,109.42000,109.96500,104.00000,104.39000,3931100
1673015400,105.22000,105.36500,100.96000,103.96000,2613100
1673274600,106.11000,109.68600,104.50000,104.75000,2961300
1673361000,102.47000,105.58000,101.10000,104.97000,2912500
1673447400,105.56000,108.30000,103.40000,108.05000,2376800
1673533800,103.73000,105.08000,99.64000,104.66000,5220700
1673620200,102.61000,107.59000,102.61000,107.30000,3053700
1673965800,105.19000,115.01000,104.34000,113.51000,4049800
1674052200,115.41000,118.89000,112.64500,113.03000,3122800
1674138600,111.21000,112.99000,108.70000,110.37000,1896900
1674225000,111.25000,117.26000,110.40000,117.12000,2579400
1674484200,117.71000,124.44000,117.28000,123.76000,2922900
1674570600,122.02000,126.42500,121.80000,122.65000,1382500
1674657000,119.66000,120.12000,114.37000,119.91000,2570200
1674743400,122.91000,125.28000,120.64000,125.19000,2301100
1674829800,123.87000,128.92500,123.07000,127.52000,2962800
1675089000,125.13000,126.07000,122.40000,122.60000,2607900
1675175400,122.73000,124.92000,121.47000,124.16000,2087800
1675261800,125.05000,131.91000,123.91000,131.52000,2453400
1675348200,136.21001,142.41000,135.85001,141.35001,3471700
1675434600,135.80000,138.81000,133.14000,134.99001,3066900
1675693800,133.11200,137.10001,132.39000,133.05000,2014400
1675780200,132.81000,138.50301,130.36000,138.06000,1935800
1675866600,142.57001,143.63000,137.46001,137.63000,1695100
1675953000,140.10001,143.35001,139.00999,139.06000,2238400
1676039400,136.56000,137.41499,131.92999,133.87000,1862000
1676298600,134.67000,135.41000,131.07001,133.87000,1349600
1676385000,132.23000,138.50000,131.07001,136.19000,1563300
1676471400,136.57001,143.02000,136.25000,142.77000,1770200
1676557800,138.10001,138.50500,132.89999,132.92999,3620400
1676644200,132.03999,132.50000,127.90000,132.35001,2066200
1676989800,130.21001,131.35001,127.34200,127.84000,1502200
1677076200,131.10001,133.45000,129.60001,132.16000,1886000
1677162600,134.00000,134.42500,130.71001,133.50000,1437000
1677249000,130.08000,132.49001,129.56000,130.88000,1659300
1677508200,133.12000,135.16000,131.48000,131.84000,1294700
1677594600,131.16000,133.16000,130.00000,131.14999,2240300
1677681000,131.14999,131.70000,126.50000,128.44000,1756400
1677767400,129.92999,134.74001,128.92000,134.13000,5529000
1677853800,119.50000,122.47000,116.60000,119.24000,12153800
1678113000,120.69000,125.75000,119.51000,119.81000,5783600
1678199400,119.70000,122.17000,117.38000,117.88000,3749300
1678285800,117.03000,118.69000,113.86000,114.95000,3398100
1678372200,114.29000,117.18000,110.22000,110.45000,3317900
1678458600,110.00000,110.85000,104.36000,105.45000,3647900
1678714200,105.55000,111.51000,103.54000,109.86000,3334400
1678800600,111.52000,111.75000,107.00000,107.97000,2693300
1678887000,107.22000,108.25000,105.14000,107.67000,2287700
1678973400,106.35000,108.59000,105.33000,108.13000,2997100
1679059800,107.77000,108.28000,104.24200,105.49000,2705600
1679319000,104.62000,105.86000,102.62000,105.46000,2194700
1679405400,105.95000,114.19000,105.95000,113.02000,3787900
1679491800,113.02000,113.76000,108.80000,108.86000,2009200
1679578200,111.10000,113.74000,110.28300,112.56000,1836100
1679664600,112.17000,113.06000,110.53000,111.93000,1788200
1679923800,113.16000,115.00000,111.60000,111.87000,1715000
1680010200,111.76000,112.71500,109.39000,110.25000,1327700
1680096600,111.81000,112.02000,108.75000,110.70000,1923800
1680183000,112.90000,113.82000,110.82000,112.22000,1282800
1680269400,112.90000,117.78000,112.48000,116.83000,1896300
1680528600,115.61000,116.14000,112.08000,112.90000,1865600
1680615000,113.13000,113.31000,109.96000,110.51000,2289700
1680701400,108.50000,108.50000,99.91000,101.30000,5590200
1680787800,100.66000,103.92000,98.71000,103.74000,2865900
1681133400,102.46000,106.70800,100.08100,104.95000,2559200
1681219800,104.33000,106.03500,103.77900,105.96000,2153300
1681306200,108.21000,108.76000,104.79000,105.87000,2993100
1681392600,107.01000,109.90000,107.01000,107.39000,2108100
1681479000,106.10000,107.00000,103.67700,105.45000,2260200
1681738200,105.49000,105.80000,103.16000,105.59000,1653700
1681824600,107.12000,107.37000,103.44000,103.56000,2108100
1681911000,102.00000,103.83000,101.56000,102.96000,1694200
1681997400,101.34000,101.90000,99.75000,100.49000,2630400
1682083800,100.65000,102.25000,99.52100,101.71000,1977100
1682343000,101.82000,102.76500,99.29000,100.66000,1691600
1682429400,98.10000,98.24000,92.27000,92.32000,4814500
1682515800,93.73000,94.95000,92.58000,93.07000,2294000
1682602200,94.20000,94.67000,92.36000,93.42000,2011400
1682688600,91.17000,92.37000,87.78000,90.10000,4304300
1682947800,89.48000,89.48000,87.35000,88.74000,3218400
1683034200,86.60000,88.38000,84.93000,87.00000,5006600
1683120600,86.53000,88.50000,85.70000,87.37000,2743400
1683207000,88.10000,89.21000,86.92500,87.74000,2006500
1683293400,89.02000,91.61000,89.00000,89.46000,3337100
1683552600,107.49000,109.90000,103.62000,107.92000,14225300
1683639000,108.79000,114.45000,108.32000,110.04500,6070300
1683725400,111.56000,119.71000,111.27000,116.79000,6938600
1683811800,117.54000,118.84000,114.25000,115.42000,3060400
1683898200,114.92000,116.85000,113.16000,114.33000,2431500
1684157400,114.60000,121.79000,114.50000,120.81000,3947600
1684243800,119.78000,120.63000,118.31000,118.35000,2030400
1684330200,119.07000,119.18500,116.87500,118.77000,2315600
1684416600,118.91000,124.15000,118.16200,123.96000,2447300
1684503000,123.94000,126.67000,123.50000,125.27000,2477400
1684762200,125.55000,130.87000,125.14000,128.86000,2513900
1684848600,127.50000,130.00000,124.39000,124.47000,2988200
1684935000,124.10000,128.18500,123.21000,126.53000,2704500
1685021400,128.00999,128.56000,125.24500,126.69000,1899600
1685107800,126.76000,134.82001,126.01000,130.62000,2740100
1685453400,134.56000,137.64999,133.52000,134.72000,2669700
1685539800,133.73000,136.00999,131.57001,135.48000,4069900
1685626200,131.92000,137.50000,128.12000,135.09000,4506800
1685712600,141.80000,147.58000,140.16200,142.39000,8018300
1685971800,142.27499,149.58000,140.55000,148.05000,3836000
1686058200,147.92999,153.55000,147.08299,152.99001,3536800
1686144600,154.91000,155.33000,143.35001,144.92000,3660600
1686231000,146.41000,151.50000,146.17000,148.82001,2849300
1686317400,150.81000,153.89999,149.23500,150.84000,2720600
1686576600,152.12000,156.02499,150.47000,155.98000,2220000
1686663000,158.78999,159.86000,154.39999,157.59000,2545900
1686749400,157.00000,159.25000,154.75999,157.55000,1932400
1686835800,155.09000,160.02000,154.56500,158.34000,2174000
1686922200,160.23000,162.67000,153.66000,154.00999,3208300
1687267800,152.11000,155.00000,147.08501,148.66000,2575400
1687354200,148.66000,148.91000,143.37000,144.85001,2386400
1687440600,144.30000,146.44000,142.78999,144.84000,1425700
1687527000,142.55000,143.89999,141.82001,142.70000,1500800
1687786200,142.00000,145.37000,140.34900,141.71001,1197200
1687872600,142.69000,145.71100,140.59000,144.66000,1641300
1687959000,143.96001,148.20000,142.72000,144.11000,1841100
1688045400,144.82001,145.44000,142.59200,144.84000,1212500
1688131800,146.46001,150.10201,146.17999,146.30000,1374300
1688391000,146.42999,147.61000,145.19501,146.59000,720500
1688563800,145.94000,148.05000,144.33000,146.97000,920300
1688650200,143.77000,143.77000,138.60001,141.74001,2491000
1688736600,142.37000,144.00999,141.42000,143.17999,1719800
1688995800,143.27000,154.34000,143.17999,154.27000,4102800
1689082200,155.00000,156.20500,147.35001,147.39000,4015800
1689168600,151.36000,151.70000,136.44000,137.67999,7991700
1689255000,139.13000,145.89999,139.09000,145.14000,4037700
1689341400,145.09000,148.87000,144.38000,145.42999,2498800
1689600600,145.42999,153.00000,145.37500,151.82001,2328000
1689687000,151.75000,156.67999,150.44000,154.81000,2187200
1689773400,156.44000,163.13499,155.92999,161.03999,3362700
1689859800,158.22000,158.82001,146.64999,147.89999,4150500
1689946200,149.78999,152.07001,146.25700,149.00999,4006200
1690205400,149.24001,149.94000,144.35001,148.33000,1567100
1690291800,153.83000,156.37500,151.10001,155.21001,2895500
1690378200,153.67999,158.64999,153.10001,156.62000,1848100
1690464600,159.53500,160.82001,154.56000,155.25000,1862500
1690551000,157.84000,159.82001,156.13000,157.49001,1215900
1690810200,158.23000,162.50999,158.23000,160.38000,1502200
1690896600,159.00000,164.28999,156.35001,162.80000,1796600
1690983000,159.00000,159.00999,148.33000,150.53999,3135900
1691069400,150.00000,152.40500,149.09000,150.77000,1500400
1691155800,147.72000,149.00000,142.31000,146.16000,3200100
1691415000,146.00000,146.28999,142.05499,145.34000,1810700
1691501400,141.66000,141.66000,137.02499,138.69000,2532100
1691587800,138.50999,141.75000,136.82100,140.30000,1619000
1691674200,143.03000,146.88000,142.24001,144.30000,1886400
1691760600,142.66000,146.00000,142.50999,142.95000,1101300
1692019800,142.37000,145.27000,141.59000,144.91000,1075600
1692106200,144.21001,144.22000,140.94000,142.71001,1147700
1692192600,142.00000,142.45000,139.42000,140.13000,898700
1692279000,140.00000,140.33000,134.76900,135.64999,1594800
1692365400,132.59000,136.65500,131.59000,136.21001,1783100
1692624600,141.23000,146.69000,140.67000,142.78000,2411300
1692711000,144.00000,144.70000,141.10001,141.89999,1098400
1692797400,142.35001,146.35001,140.50000,145.47000,1093300
1692883800,147.64999,147.86000,139.66499,139.74001,1138200
1692970200,139.61000,143.35001,139.20000,142.75999,1038000
1693229400,145.32001,145.87000,140.59000,141.34000,1171400
1693315800,140.70000,145.64999,139.50999,144.39000,1015800
1693402200,144.89999,147.33000,143.36000,147.28000,1081400
1693488600,149.08000,156.78000,148.97000,156.05000,2408300
1693575000,158.22501,159.15401,155.80000,158.38000,1905300
1693920600,159.06000,163.48000,158.05000,162.74001,6451600
1694007000,159.16000,165.37000,153.57001,158.35001,6287300
1694093400,156.47000,162.67999,155.39999,161.02000,2859100
1694179800,160.50999,163.47000,160.34000,160.77000,1647200
1694439000,162.27000,167.50000,162.03999,165.05000,2097800
1694525400,163.30000,164.77000,159.50999,160.22000,1323700
1694611800,160.22000,160.89700,158.25999,158.39999,907100
1694698200,159.74001,159.74001,156.70000,159.23000,1152400
1694784600,158.33000,158.72000,154.60001,156.10001,1603700
1695043800,154.73000,156.08000,153.00999,154.72000,1448800
1695130200,153.89999,156.03999,151.75999,155.05000,1858100
1695216600,155.28999,158.20000,154.22000,154.23000,878500
1695303000,151.73000,153.47000,147.62000,148.78999,1682400
1695389400,149.03999,154.55000,148.17000,151.71001,1644000
1695648600,151.00000,151.01500,147.13000,148.97000,1076300
1695735000,147.64000,150.85001,146.59000,148.03000,1077100
1695821400,149.62000,150.80000,146.64000,148.87000,953400
1695907800,148.42999,152.45000,146.71001,150.92000,1017000
1695994200,153.87000,159.39000,153.55000,155.59000,2298600
1696253400,159.05000,163.05000,158.35001,160.89000,2284900
1696339800,158.56000,159.77000,150.20000,151.46001,2377000
1696426200,152.74001,155.39999,151.80000,155.12000,1366700
1696512600,154.92999,155.24001,149.62500,153.30000,1057800
1696599000,150.70000,163.60001,150.70000,163.59000,2549300
1696858200,165.69000,172.24001,165.50000,168.86000,3370900
1696944600,169.02000,173.95000,167.87000,171.88000,1927700
1697031000,173.10001,175.19000,171.36000,173.05000,1797500
1697117400,174.03999,176.31000,170.00999,170.64999,1870400
1697203800,170.78000,172.38000,167.21001,168.52000,1379200
1697463000,169.31000,173.42000,168.45000,172.21001,1349800
1697549400,170.21001,175.36000,169.80000,172.28999,1536400
1697635800,171.38000,174.44000,170.16000,170.39999,1205000
1697722200,175.00999,177.69000,168.49001,169.07001,1903800
1697808600,168.57001,168.57001,159.08200,162.19000,2665600
1698067800,160.10001,165.14999,158.09000,162.48000,1281500
1698154200,164.47000,167.50000,163.10001,164.78999,1087300
1698240600,162.88000,163.99001,157.53000,157.61000,1389900
1698327000,159.03000,161.10001,153.08000,154.61000,1397100
1698413400,156.24001,157.08600,153.88499,154.37000,1089700
1698672600,156.06000,158.39000,155.08000,156.81000,1215600
1698759000,157.39000,159.22501,155.37000,158.69000,769600
1698845400,159.60001,159.89999,152.60001,156.64999,1522300
1698931800,160.00000,161.84700,157.53000,159.19000,1426700
1699018200,158.44000,166.09000,155.50999,164.37000,2640800
1699281000,166.60001,167.06000,159.80000,163.47000,1481200
1699367400,166.67999,172.80000,164.46001,171.39000,1969900
1699453800,172.00000,176.46001,171.88000,173.96001,1690900
1699540200,174.77000,176.16000,170.40500,170.70000,1431900
1699626600,170.64999,175.08000,168.39999,175.03999,1910300
1699885800,175.63000,178.94000,175.05000,178.17000,1467500
1699972200,181.75000,188.50999,181.62000,187.09000,2469700
1700058600,188.00000,189.53900,183.46500,184.56000,1954000
1700145000,183.72000,189.30000,183.14000,186.17999,1701300
1700231400,186.03000,189.71001,185.52000,187.47000,1293800
1700490600,188.87000,193.49001,188.87000,191.96001,1569100
1700577000,190.17000,191.89999,188.88000,191.36000,1323800
1700663400,193.03000,193.07001,189.17999,190.64000,1410900
1700836200,189.89000,194.25000,188.56000,193.09000,975400
1701095400,191.99001,195.07001,190.42999,191.91000,6317800
1701181800,183.75000,194.11000,182.60001,193.85001,11013400
1701268200,197.27000,207.78101,196.80000,199.84000,6120300
1701354600,200.63000,205.68900,195.71001,197.53000,3350400
1701441000,197.89000,198.99001,194.75000,198.03000,2475100
1701700200,196.96001,198.96001,193.19000,198.25999,1599800
1701786600,196.17000,199.21001,194.28700,198.91000,1526100
1701873000,200.00000,203.89000,197.48000,197.91000,2149200
1701959400,197.91000,200.56000,195.70300,200.05000,1313300
1702045800,198.00000,202.73000,197.59000,198.80000,2034800
1702305000,200.38000,207.50999,200.06500,205.47000,2314300
1702391400,207.00000,211.59000,205.10001,210.75999,2304500
1702477800,212.34000,216.03500,210.05000,215.45000,2375400
1702564200,218.75000,221.13000,213.39999,216.39999,3111900
1702650600,219.41000,223.53000,218.44000,221.66000,3354600
1702909800,221.66000,224.09000,219.60001,222.55000,2488000
1702996200,221.49001,224.95000,221.00999,224.03999,1544300
1703082600,222.55000,224.61900,217.74001,218.73000,1582700
1703169000,221.67999,221.88000,218.04201,221.33000,1250500
1703255400,221.67000,222.07001,219.36900,221.67999,913300
1703601000,222.22501,224.69000,221.46001,224.59000,770000
1703687400,225.16000,227.28999,224.00000,225.02000,840800
1703773800,225.02000,225.27000,222.91000,224.44000,575300
1703860200,224.03000,225.91000,220.87000,221.56000,805200
1704205800,218.10001,218.17000,210.61501,212.37000,2083500
1704292200,208.53000,215.70500,206.67000,210.24001,2095500
1704378600,210.33000,212.45000,209.00999,210.33000,1096400
1704465000,209.94000,212.20000,209.05299,209.81000,1125300
1704724200,213.28000,219.35001,212.50999,218.10001,1633200
1704810600,215.96001,228.14999,215.96001,226.25999,2445800
1704897000,228.31000,230.23399,224.66000,225.39999,1880200
1704983400,226.00000,229.91000,224.00000,228.52000,1397100
1705069800,230.98000,233.80901,229.63000,230.77000,1564900
1705415400,230.00000,233.28000,228.78000,232.17999,1517400
1705501800,228.89999,230.33000,221.50000,225.33000,2349600
1705588200,230.31000,231.37000,224.92999,227.91000,1909800
1705674600,229.00000,231.36000,226.83800,231.28999,1545400
1705933800,239.67999,241.77000,235.08000,240.85001,2513500
1706020200,242.52000,244.99500,238.95000,242.59000,1974400
1706106600,245.00000,246.38000,240.67000,241.38000,1554100
1706193000,244.70000,245.00000,236.84000,238.30000,1477900
1706279400,236.88000,239.84000,234.28999,236.83000,1204700
1706538600,238.69000,245.11000,238.02000,245.05000,1377900
1706625000,243.41000,245.82001,240.89999,241.12000,2037800
1706711400,238.00000,239.58501,232.31000,235.67000,1568800
1706797800,236.61000,240.36000,235.42000,238.06000,1033500
1706884200,239.62000,245.11000,237.06300,244.00000,1362000
1707143400,233.45000,239.45000,226.19000,232.05000,4761900
1707229800,235.25000,236.32001,228.52000,234.73000,1660800
1707316200,241.63000,245.56000,237.09000,244.66000,2234500
1707402600,244.64000,251.32001,243.77000,249.41000,1669700
1707489000,253.84000,259.60999,252.39999,254.92999,2505500
1707748200,253.70000,256.42001,251.28000,253.86000,1511900
1707834600,242.33000,247.67000,237.57001,242.80000,3434400
1707921000,247.66000,253.53999,246.10001,253.27000,1586600
1708007400,255.00000,255.00000,247.00000,253.16000,1185300
1708093800,253.41000,254.67999,248.61000,252.75000,1258400
1708439400,251.94000,251.94000,240.96001,249.03999,2061300
1708525800,213.00000,216.50500,202.44000,213.92000,7801300
1708612200,224.50999,229.34000,218.91000,226.14999,3659900
1708698600,229.88000,240.70000,228.32001,235.23000,3217300
1708957800,239.99001,246.00000,236.91499,241.70000,2728800
1709044200,244.00000,251.55000,242.02000,242.49001,2401800
1709130600,240.10001,242.47000,236.50000,237.28999,2010400
1709217000,240.50000,243.94000,235.84100,241.97000,6757300
1709303400,227.00000,227.30000,215.00000,219.23000,11834200
1709562600,220.12000,221.62000,212.63000,214.22000,4141500
1709649000,209.94000,210.05499,199.28999,206.36000,5002100
1709735400,214.62000,217.17000,200.81000,202.42000,4348100
1709821800,202.58000,202.89000,197.02000,201.27000,3349400
1709908200,201.14000,204.55000,197.88000,198.69000,2845100
1710163800,196.70000,201.85001,195.66100,200.74001,1825900
1710250200,203.20000,205.34000,199.00000,201.24001,2305000
1710336600,200.17000,204.42999,199.11000,201.42999,1753200
1710423000,201.42999,202.13000,197.16000,198.83000,1220700
1710509400,198.78999,199.73000,193.47000,194.03000,2665900
1710768600,194.00000,197.35300,191.25000,195.94000,2591000
1710855000,193.44000,196.00000,190.35001,195.24001,2085200
1710941400,196.25999,197.88499,193.85001,197.30000,1696800
1711027800,199.55000,202.61000,196.42999,198.07001,1701900
1711114200,197.50000,199.00000,193.27000,194.95000,1633200
1711373400,194.84000,195.77000,192.66000,194.07001,1214000
1711459800,195.84000,196.00999,192.50999,195.63000,1483300
1711546200,197.39000,197.77000,192.55000,193.48000,1319800
1711632600,191.28999,194.17999,190.75000,192.63000,1628200
1711978200,192.50000,193.78000,189.59100,192.13000,1336400
1712064600,186.81000,190.02000,185.67000,188.74001,1661900
1712151000,187.34000,189.08000,185.84000,186.31000,1614800
1712237400,188.05000,188.67999,181.12500,182.00999,2496800
1712323800,182.17999,185.25000,181.37000,183.34000,1809700
1712583000,183.32001,184.36000,181.24001,183.71001,1081000
1712669400,185.50999,188.62000,184.83000,188.50000,1782600
1712755800,184.00000,185.36000,181.71001,183.95000,1555100
1712842200,185.37000,185.72000,182.88000,184.78000,1123300
1712928600,182.49001,183.87000,180.42000,181.41000,1205600
1713187800,181.73000,181.75000,173.74001,174.85001,2267700
1713274200,174.07001,176.21001,173.00000,174.32001,1499200
1713360600,175.37000,176.17000,172.72000,172.96001,1298400
1713447000,178.36000,178.36000,172.71001,172.97000,1660500
1713533400,172.00000,172.18500,167.17999,169.21001,2285500
1713792600,170.00000,172.16000,166.75999,170.97000,1307900
1713879000,171.21001,178.25000,171.21001,176.92000,2180100
1713965400,179.14000,181.80000,176.03999,177.46001,1372100
1714051800,173.67999,176.42000,172.25000,174.81000,1078700
1714138200,176.50999,179.89999,175.08400,177.05000,1341800
1714397400,177.84000,179.97000,177.10001,179.03999,1296200
1714483800,177.92000,178.53000,172.00500,172.94000,1653800
1714570200,173.00000,177.01500,170.95599,172.31000,1132700
1714656600,175.19000,176.39999,171.38000,176.37000,1013500
1714743000,177.77000,178.64000,171.50000,177.11000,2492900
1715002200,178.00000,178.86000,175.88000,178.14000,1303800
1715088600,176.88000,178.89000,173.53999,176.89000,1352300
1715175000,175.46001,175.48000,164.41000,171.00000,3862000
1715261400,171.84000,174.14000,169.57001,171.96001,2012500
1715347800,173.00000,175.16600,171.75000,174.62000,1405600
1715607000,176.25999,176.95000,173.66000,175.00000,966900
1715693400,175.87000,178.23000,175.31000,176.82001,1228900
1715779800,180.00000,183.27499,178.42500,181.13000,1506400
1715866200,179.77000,181.99001,178.89999,179.31000,1736300
1715952600,179.92999,180.52000,177.85500,178.86000,1466400
1716211800,178.86000,181.10001,178.03999,180.60001,1242500
1716298200,178.05000,178.99001,174.35001,176.98000,1788200
1716384600,176.37000,176.85001,172.75000,174.16000,1630000
1716471000,176.00000,176.00000,170.83000,171.91000,1300700
1716557400,171.00000,173.77000,170.82001,171.64000,1291100
1716903000,170.45500,172.69000,161.28999,164.16000,4265100
1716989400,160.89000,166.60001,160.77000,164.37000,2026300
1717075800,162.50000,163.00000,155.25000,156.64999,5120300
1717162200,183.00000,183.70000,163.44000,169.96001,10109800
1717421400,170.35001,172.09000,166.17000,169.02000,3573800
1717507800,168.75000,170.81000,166.12000,169.14000,2314400
1717594200,172.10001,176.80000,170.89000,174.57001,2857500
1717680600,174.39000,180.17999,173.63000,178.92999,2741700
1717767000,178.50000,181.81400,176.50000,180.99001,2128200
1718026200,181.05000,188.24500,181.00999,183.91000,2980300
1718112600,184.50000,189.14000,184.33501,187.64999,2385000
1718199000,190.28999,193.27000,187.10001,188.83000,2785200
1718285400,189.14999,189.16000,179.77000,181.05000,2705600
1718371800,185.00999,186.00000,182.16000,184.22000,2529300
1718631000,183.00000,185.58000,180.75999,184.38000,1790400
1718717400,183.50999,183.50999,178.89000,179.41000,2294300
1718890200,179.61000,179.90700,175.05000,178.58000,2021000
1718976600,179.00000,180.24001,176.24100,179.55000,3194500
1719235800,177.92000,181.42000,177.02000,181.06000,1647500
1719322200,181.14999,183.56000,179.81000,182.52000,1490100
1719408600,182.00999,182.00999,177.72000,178.92000,2047100
1719495000,179.84000,191.97000,179.71001,189.20000,3186300
1719581400,189.88000,193.96001,189.00000,192.19000,3002600
1719840600,193.00000,199.21001,191.78999,198.62000,3074200
1719927000,197.60001,199.37500,194.70799,196.66000,1725000
1720013400,196.99001,200.36000,196.99001,198.39999,855400
1720186200,198.00000,203.75000,197.50999,201.64999,1693400
1720445400,200.77000,201.92000,195.46001,201.63000,1912100
1720531800,201.32001,202.88699,194.59000,197.36000,1559300
1720618200,197.75000,197.95000,191.16000,197.37000,1909200
1720704600,198.30000,203.42000,194.38000,195.92000,1472400
1720791000,196.16000,202.99001,195.80000,201.89999,2406200
1721050200,202.64999,208.14000,200.02000,204.47000,2555300
1721136600,201.94000,205.48000,197.33000,203.12000,2058900
1721223000,199.09000,199.82001,193.08000,194.92999,2055000
1721309400,194.96001,196.71001,188.30000,190.37000,1757400
1721395800,188.96001,191.97000,186.50000,188.53999,1624900
1721655000,191.06000,194.82001,186.27000,188.41000,1615400
1721741400,188.27000,192.63000,188.08501,191.07001,1293900
1721827800,189.70000,190.31799,181.36000,181.82001,1611100
1721914200,182.11000,187.10001,178.28999,182.00000,1776900
1722000600,184.78000,184.78000,179.60500,181.36000,1026900
1722259800,182.50999,183.74001,180.67000,181.14999,927100
1722346200,182.24001,183.03300,173.64999,176.75000,1152500
1722432600,180.14999,181.66000,177.62000,179.35001,1137500
1722519000,178.62000,180.38000,172.81000,174.44000,1187000
1722605400,168.25999,169.74001,164.47000,169.52000,2166300
1722864600,156.50999,168.62000,155.97000,165.23000,2147800
1722951000,168.62000,168.62000,164.16000,165.75000,1328800
1723037400,171.14000,174.77000,166.06000,166.20000,1362100
1723123800,168.42999,173.50000,168.03000,171.71001,1305500
1723210200,171.71001,174.98000,171.11000,174.36000,895900
1723469400,175.00000,175.82001,171.80000,172.55000,787500
1723555800,174.34000,180.27000,173.09200,178.49001,1572600
1723642200,179.45000,184.20000,179.00000,183.98000,1514300
1723728600,186.81000,191.62000,184.98000,190.34000,1583700
1723815000,189.80000,193.15601,188.38000,192.89999,1699700
1724074200,193.20000,196.60001,192.61000,195.50000,1462100
1724160600,196.38000,199.55200,195.08000,197.14999,1429100
1724247000,197.27000,200.60001,195.80000,200.47000,1133600
1724333400,200.50000,202.64000,197.42999,197.78000,1175500
1724419800,199.55000,199.98000,196.28000,199.42999,937200
1724679000,200.10001,201.95000,197.56000,197.82001,1173000
1724765400,196.00000,198.40500,195.00999,197.22000,678200
1724851800,196.44000,197.53999,193.22000,193.97000,905000
1724938200,195.94000,200.92500,195.80000,197.25000,1182700
1725024600,198.50000,200.41000,197.57001,199.98000,1435000
1725370200,199.99001,200.75000,190.47000,193.19000,4816300
1725456600,158.74001,163.48000,156.00000,157.13000,10904800
1725543000,156.74001,163.49001,155.88000,162.25000,4742700
1725629400,163.27000,164.88000,155.28000,156.78000,3611300
1725888600,158.00000,161.20000,157.20500,159.16000,2381400
1725975000,160.00000,160.19000,153.45000,155.89999,2478900
1726061400,155.71001,162.23000,154.66499,161.71001,2635600
1726147800,162.98000,168.72000,162.00000,166.71001,2851500
1726234200,167.22000,171.78000,166.98000,170.06000,1992200
1726493400,170.00000,172.39000,168.74001,171.78000,1297300
1726579800,172.41000,173.47000,169.55000,170.32001,1692400
1726666200,170.00000,171.22000,166.14000,168.52000,1473400
1726752600,172.78000,174.77499,169.38000,172.58000,1632100
1726839000,171.53999,173.63000,169.72000,172.71001,2181600
1727098200,173.00000,174.89999,171.64500,174.78999,1536400
1727184600,175.00000,175.69000,171.97000,174.14999,696400
1727271000,173.89000,174.09000,171.30000,171.75000,1341100
1727357400,174.53999,174.53999,169.34000,170.92999,1401500
1727443800,171.33000,173.83000,171.30000,171.77000,953300
1727703000,170.00000,172.71001,169.31000,170.94000,1181400
1727789400,170.64999,171.39999,165.42000,166.99001,1393300
1727875800,166.78000,170.13000,165.92000,169.69000,1257600
1727962200,167.59000,170.91000,167.00101,169.63000,1491500
1728048600,174.88000,176.56000,171.66000,173.92999,1747900
1728307800,173.39000,173.82001,169.94000,172.13000,2047000
1728394200,172.97000,177.39999,172.81300,176.92999,1765900
1728480600,177.38000,186.42000,177.03900,185.97000,2669600
1728567000,185.57001,196.19000,185.09900,195.50000,3374400
1728653400,195.33000,203.03000,195.30000,198.25999,2827700
1728912600,199.28999,199.40601,195.09000,196.74001,1245100
1728999000,196.38000,198.58501,194.27000,195.16000,1389300
1729085400,195.20000,195.75000,190.41000,191.55000,1397000
1729171800,192.94000,193.22000,188.67000,188.75999,1128200
1729258200,189.28999,191.61000,187.53999,190.00999,1131100
1729517400,188.56000,192.25000,186.84000,187.96001,1562100
1729603800,186.33000,188.31000,185.42999,186.16000,907800
1729690200,185.50000,186.62000,180.78000,181.00999,1079300
1729776600,182.50999,185.46001,182.00000,183.92999,1085300
1729863000,185.38000,188.63000,183.86000,184.96001,926800
1730122200,186.64999,188.56000,185.50000,187.00000,905100
1730208600,186.98000,190.44000,185.03000,189.85001,1294600
1730295000,189.32001,192.10001,186.22000,186.78000,708500
1730381400,186.50000,187.00000,180.64999,180.78999,1786600
1730467800,181.14999,183.93800,179.63000,182.59000,1239000
1730730600,181.94000,186.20000,180.42000,184.89999,832900
1730817000,185.85001,188.03000,183.69000,186.91000,992100
1730903400,192.33000,196.15300,190.85001,193.03000,1745600
1730989800,193.59000,197.71001,192.89999,196.71001,1876000
1731076200,196.64999,197.10001,192.50000,195.73000,1062300
1731335400,196.75000,200.42999,195.05000,199.53999,1712100
1731421800,200.00000,209.31000,199.53999,209.03999,2260900
1731508200,210.00000,217.84000,208.53999,209.85001,2711200
1731594600,209.85001,210.46001,205.67000,208.50000,1165200
1731681000,204.67000,205.53500,198.33000,201.47000,1347400
1731940200,203.27000,204.63000,200.67000,202.85001,1131300
1732026600,199.63000,204.97000,198.67999,204.36000,1096200
1732113000,204.00000,205.99001,198.84000,200.94000,1212300
1732199400,202.42999,210.71001,202.35001,207.30000,1836300
1732285800,210.00000,212.98000,207.53999,210.96001,2035700
1732545000,214.16000,216.30000,208.75000,210.42000,1758200
1732631400,210.69000,211.99001,207.81500,210.30000,1277400
1732717800,209.56000,209.56000,202.25000,204.96001,1559100
1732890600,206.00000,207.85001,204.47501,206.59000,943500
1733149800,207.55000,212.34500,206.17000,208.50999,5485600
1733236200,195.89999,202.73399,194.64000,198.64000,7979700
1733322600,201.00000,208.68500,196.30000,206.36000,3586100
1733409000,205.63000,212.00000,202.55000,205.61000,2577500
1733495400,207.48000,215.14101,206.27000,211.99001,2458500
1733754600,213.66000,216.70000,204.74001,206.13000,2027000
1733841000,205.28000,207.05000,200.14999,201.39000,1806500
1733927400,204.55000,209.37000,204.00000,207.92000,1543400
1734013800,207.62000,209.39000,205.11000,206.36000,937500
1734100200,206.36000,206.78000,197.46001,198.53999,1888000
1734359400,200.00000,204.64999,197.86000,204.41000,1484700
1734445800,201.75999,202.50000,198.00000,200.45000,2355800
1734532200,200.00000,200.80000,185.50000,185.69000,4302200
1734618600,190.11000,190.80000,182.56000,183.21001,2708300
1734705000,180.84000,188.67000,179.11000,187.38000,3264800
1734964200,187.82001,188.06000,184.31500,185.94000,1265600
1735050600,185.98000,187.59000,184.67999,187.25999,654200
1735223400,186.00000,188.50000,185.87000,187.63000,806500
1735309800,185.25999,185.92999,181.25999,184.56000,1256100
1735569000,181.53000,184.40500,180.10001,183.13000,1032400
1735655400,184.11501,184.20000,179.72301,180.41000,920800
1735828200,184.05000,184.48000,180.17999,181.66000,855100
1735914600,182.62000,186.57001,182.62000,185.84000,1051900
1736173800,187.00000,190.25000,185.15500,188.71001,1155800
1736260200,188.89999,190.57500,182.02000,183.89999,2198600
1736346600,181.88000,190.00000,181.88000,187.28000,1686800
1736519400,183.78000,192.61501,183.36000,189.98000,2212000
1736778600,187.87000,189.19000,185.31000,186.49001,1357000
1736865000,187.80000,189.10001,183.33299,184.69000,1121200
1736951400,187.23000,191.14000,186.20000,189.99001,1710800
1737037800,190.87000,193.13499,187.50999,187.55000,1962100
1737124200,192.81000,192.81000,187.05000,187.58000,1304400
1737469800,190.02000,192.23000,188.39999,191.81000,1203600
1737556200,193.32001,194.13000,190.70000,192.92999,1194300
1737642600,191.21001,193.11000,188.98000,192.70000,1049200
1737729000,193.62000,196.95000,193.32500,193.47000,1183700
1737988200,188.28999,198.00000,188.17999,191.24001,1725400
1738074600,191.74001,205.57001,189.20000,204.67999,2830700
1738161000,203.87000,204.00000,199.92000,201.63000,1758700
1738247400,200.00000,205.00000,199.57500,202.83000,804500
1738333800,204.86000,208.13000,200.75400,202.59000,1105500
1738593000,198.88000,202.37000,196.96001,200.00000,1149300
1738679400,199.06000,203.86000,198.20000,203.73000,1073900
1738765800,203.16000,205.31500,201.16000,204.99001,1244200
1738852200,204.98000,205.62000,201.73000,204.23000,1268200
1738938600,207.02000,210.23000,204.42000,205.53000,1479900
1739197800,209.28999,212.69000,207.48000,212.53000,1356400
1739284200,210.00000,211.30099,207.06000,209.24001,1682400
1739370600,206.77000,211.37000,204.64000,211.14000,1368100
1739457000,212.59000,215.00000,207.63000,214.84000,2100700
1739543400,214.50000,215.00000,210.27000,212.70000,1761900
1739889000,213.25999,217.10001,210.72000,216.87000,1924500
1739975400,214.77000,215.89000,210.31500,214.67000,1613900
1740061800,212.70000,212.97000,201.33701,206.97000,2558500
1740148200,207.30000,207.30000,196.95000,198.56000,1989600
1740407400,200.09000,200.98000,190.75500,197.05000,1312000
1740493800,194.53999,195.61000,189.02000,193.03999,1491400
1740580200,194.80000,198.20000,194.33501,195.82001,1018600
1740666600,197.80000,199.99001,191.67000,192.03000,1188200
1740753000,191.73000,196.50900,191.00000,196.23000,2542800
1741012200,198.39999,199.70000,187.39999,188.78999,1812800
1741098600,187.14999,196.75400,183.83501,193.82001,2558600
1741185000,191.42000,197.31000,189.56000,196.45000,3504700
1741271400,200.71001,211.22000,199.12000,202.16000,6523500
1741357800,204.92500,209.14000,198.00000,208.75999,4346500
1741613400,203.47000,204.60001,192.74001,194.69000,3057300
1741699800,196.40500,204.41499,195.20000,199.36000,2431700
1741786200,202.94000,203.97000,195.16000,197.78999,2217000
1741872600,196.17999,196.49500,186.67000,189.58000,2491900
1741959000,192.77000,198.00000,192.00000,197.81000,1581000
1742218200,197.71001,204.46001,196.66000,202.64999,1850800
1742304600,199.70000,202.92700,196.75000,201.59000,1611400
1742391000,199.56599,206.67000,199.56599,203.95000,1925100
1742477400,202.61000,205.39000,200.89999,203.55000,952300
1742563800,200.53000,206.50000,197.23000,205.20000,1826400
1742823000,208.00000,210.17999,206.60001,209.87000,1573800
1742909400,211.67999,216.39000,211.20000,215.73000,2311600
1742995800,215.25000,216.00000,209.63000,211.55000,1675700
1743082200,210.35001,212.00000,205.12000,209.45000,1624800
1743168600,208.52000,209.88300,203.50400,207.14000,2428400
1743427800,202.32001,203.49500,192.20599,198.42000,3491000
1743514200,200.00000,201.67000,195.71700,201.07001,1911000
1743600600,198.03999,208.16000,198.00000,207.03999,1717400
1743687000,202.82001,202.82001,188.66000,192.21001,3898100
1743773400,184.57001,186.34000,172.85001,174.67000,5710500
1744032600,166.88000,186.23500,164.78000,180.05499,5738300
1744119000,186.58000,189.21500,174.78999,177.03999,2975300
1744205400,177.75000,203.16000,177.27499,202.12000,4509500
1744291800,195.63000,198.83000,189.26801,195.36000,3911100
1744378200,195.17500,199.14000,190.75999,198.08000,2313800
1744637400,202.00000,202.47501,196.28999,199.44000,1745900
1744723800,199.67999,205.00000,199.27499,204.64000,1771200
1744810200,203.12000,206.79500,199.39999,202.87000,1664800
1744896600,202.87000,203.00000,199.10001,201.09000,1785100
1745242200,198.88000,199.28999,191.46001,193.70000,1581700
1745328600,196.95000,198.69299,194.35001,196.52000,1445700
1745415000,202.00000,207.23000,199.53000,200.59000,2186000
1745501400,202.24001,212.35500,201.69701,210.14000,2642900
1745587800,209.89999,217.14999,209.37500,215.58000,2885000
1745847000,219.34000,221.50000,216.42999,219.86000,2910800
1745933400,220.74001,224.70000,219.88000,223.85001,2386600
1746019800,218.92000,226.60001,217.75999,226.17000,2247000
1746106200,228.50000,230.78999,226.54500,227.06000,3165000
1746192600,230.92000,231.92999,228.83000,230.47000,1748100
1746451800,228.66000,235.67000,227.94000,232.98000,2214500
1746538200,229.60001,235.00000,228.67999,233.10001,1992700
1746624600,232.50000,235.00000,230.05000,233.53999,1657500
1746711000,233.94000,234.53999,230.64500,233.14999,2185300
1746797400,233.34000,235.00000,227.69000,233.06000,2579600
1747056600,237.25999,241.74001,236.62000,241.48000,2553400
1747143000,240.02000,247.28000,240.02000,245.00000,2870700
1747229400,244.22000,247.00000,243.47000,244.45000,2692900
1747315800,243.42999,246.50000,241.58000,245.92000,3097700
1747402200,247.77000,253.59000,246.67999,251.50000,3083700
1747661400,248.48000,253.72000,247.30000,252.57001,2046900
1747747800,250.78999,252.28000,248.95000,251.95000,1985100
1747834200,249.60500,253.94000,247.71001,248.72000,2566700
1747920600,249.10001,254.59000,247.70000,252.82001,2173300
1748007000,249.89999,255.86700,248.61000,254.10001,2004000
1748352600,257.70001,259.39999,256.14001,257.29999,1758700
1748439000,256.00000,256.00000,252.50000,253.64999,2223400
1748525400,255.00000,255.16000,248.74001,251.11000,4203600
1748611800,262.82999,276.48999,262.60999,275.70001,9946300
1748871000,276.62000,293.53000,276.35001,293.17999,5827300
1748957400,292.72000,298.00000,290.22000,295.03000,4123600
1749043800,295.48001,303.42001,294.12500,296.85001,3231500
1749130200,299.31000,303.72699,298.32999,300.88000,2503900
1749216600,302.63000,306.77499,302.10199,303.03000,3016200
1749475800,303.60501,305.50000,299.59000,299.89999,2294100
1749562200,300.00000,303.95999,296.20499,297.97000,1637000
1749648600,297.39999,302.98001,296.22000,299.85999,2007400
1749735000,300.10001,306.48999,300.10001,301.42999,1827400
1749821400,301.95001,305.60999,300.50000,301.95001,2066600
1750080600,304.06000,309.18500,303.54999,305.01999,2567400
1750167000,303.13501,307.98999,299.51999,307.31000,2885300
1750253400,306.32501,308.66000,302.38501,305.41000,2019900
1750426200,305.48999,308.39999,300.26001,302.94000,3365500
1750685400,302.45999,311.71100,298.42999,310.45999,3054900
1750771800,311.88000,314.64001,306.35001,308.45999,2257100
1750858200,310.92999,316.44000,310.91299,311.98001,2047200
1750944600,314.32999,317.17999,311.66199,313.85001,1878600
1751031000,314.70499,317.26001,312.54999,315.32001,2548900
1751290200,306.58499,314.32999,306.10999,313.94000,2523100
1751376600,314.50000,316.82001,301.85001,307.32001,4228500
1751463000,307.07999,312.45499,305.53000,309.32999,1632800
1751549400,310.48999,316.45001,308.10501,314.76999,1367900
1751895000,312.85999,316.01501,309.67700,315.45001,1733400
1751981400,316.78000,318.45999,307.16000,312.44000,1815300
1752067800,315.00000,317.28000,311.50000,316.50000,1681500
1752154200,315.94000,316.00000,296.06000,296.17999,3561200
1752240600,297.39001,298.70001,289.00000,289.73999,2273500
1752499800,288.20001,295.00000,286.70001,291.14001,1780600
1752586200,291.60001,292.17001,287.32999,288.89999,1534800
1752672600,289.82501,291.64999,284.54001,287.76001,1666100
1752759000,287.59000,289.04999,285.54001,286.29001,2163300
1752845400,286.63501,289.67001,284.60999,288.72000,1819100
1753104600,290.21500,293.64999,285.79999,288.42999,1348300
1753191000,288.48999,289.23999,283.47000,285.70999,1160100
1753277400,285.07501,286.31000,280.00000,283.37000,1249100
1753363800,283.60001,286.33499,281.19000,284.29999,1036700
1753450200,284.24500,289.31000,283.98999,286.18500,1005400
1753709400,288.10999,290.00000,285.64999,289.04001,1166600
1753795800,290.84000,293.63400,286.54999,290.07001,1963100
1753882200,290.76001,290.85999,283.39999,287.73001,1056900
1753968600,291.10001,292.00000,282.25000,285.56000,1779900
1754055000,281.45001,283.69501,274.29999,280.26999,3244100
1754314200,281.94000,286.17999,278.10999,285.85999,2271400
1754400600,286.35001,287.12000,281.67999,281.95999,999800
1754487000,283.35001,289.44000,282.10999,289.32001,996500
1754573400,291.07001,291.07001,265.88000,272.50000,3192400
1754659800,273.63000,274.82999,268.26001,269.69501,1673600
1754919000,268.82999,276.23001,267.10999,271.17999,1281000
1755005400,272.60999,275.63000,269.51001,275.42999,1123800
1755091800,279.04999,280.00000,274.81299,277.76999,1269300
1755178200,274.70999,276.82001,269.72000,270.98999,1014800
1755264600,271.42001,275.56000,270.51801,274.97000,877400
1755523800,275.47000,277.33499,273.89999,277.03000,969800
1755610200,280.35001,282.54999,273.91000,274.92001,1151200
1755696600,274.26001,277.50000,270.35999,273.80499,1043600
1755783000,273.50000,273.50000,268.78000,270.35001,805900
1755869400,270.39999,276.79001,269.14001,272.51501,882600
1756128600,273.95001,275.46500,269.13000,269.66000,820500
1756215000,269.10001,271.76999,265.85999,267.67999,1246400
1756301400,269.56000,273.76999,267.51001,273.07001,1031500
1756387800,272.92999,283.64999,272.92999,280.42001,1698900
1756474200,282.94000,284.70001,274.67001,277.04999,1494200
1756819800,279.70999,280.98001,268.54001,274.57001,5561400
1756906200,272.50000,274.50000,260.39999,270.57999,6038300
1756992600,269.87000,270.00000,262.89999,268.25000,2091400
1757079000,269.62000,274.20001,267.00000,274.20001,1621100
1757338200,275.00000,281.76001,273.73401,281.60001,1839700
1757424600,281.35001,284.34000,279.00000,282.29001,1634400
1757511000,284.29999,288.89001,276.31000,278.79001,1836000
1757597400,282.04999,292.94000,281.45001,286.66000,1946700
1757683800,286.89999,288.53000,282.45999,283.19000,1357300
1757943000,284.67001,289.57999,283.60999,285.66000,1268500
1758029400,285.60001,285.64999,277.07199,281.95999,1846000
1758115800,281.95999,286.79001,277.06000,279.45999,1297800
1758202200,282.45001,291.73001,281.94000,291.10999,2161300
1758288600,292.67001,294.64999,289.24500,294.26999,2050000
1758547800,293.82001,294.45999,286.51001,291.57001,1070700
1758634200,290.97000,293.57001,287.32999,289.29001,1011300
1758720600,289.29001,291.25000,283.07999,284.42001,1031200
1758807000,281.57001,287.75000,279.42001,286.66000,852600
1758893400,287.00000,296.88000,285.70001,294.64999,1541600
1759152600,297.10999,300.81000,293.51001,296.89999,1418600
1759239000,295.84000,300.20999,291.57001,299.66000,1886200
1759325400,298.60999,305.91000,297.13501,304.53000,1921100
1759411800,306.00000,307.79001,302.14999,307.57999,1247400
1759498200,308.07001,309.79001,301.70999,305.41000,977600
1759757400,307.39999,311.00000,303.76999,305.23999,981200
1759843800,305.48999,305.50000,287.74399,292.75000,1782900
1759930200,297.29999,315.00000,294.92001,313.89001,2129600
1760016600,312.54501,316.04001,309.70001,315.20999,1026100
1760103000,315.44000,319.89001,309.52100,309.88000,1511000
1760362200,315.00000,319.89001,312.42001,313.04001,1125500
1760448600,306.66000,307.32901,299.48001,301.79999,1537500
1760535000,305.79999,306.20499,298.64001,302.35001,1103100
1760621400,303.78000,309.67001,296.22000,299.23999,1090900
1760707800,296.97000,301.12000,295.23999,300.25000,836800
1760967000,301.26999,307.19000,301.26999,305.89999,880700
1761053400,305.73999,311.29001,303.78000,310.37000,748500
1761139800,308.98001,311.34000,302.57999,307.92001,1171400
1761226200,308.00000,319.20599,307.99500,318.76999,1397100
1761312600,321.38000,327.39499,321.00000,323.00000,1063900
1761571800,325.79999,327.70999,321.73999,326.32999,1295800
1761658200,327.09500,329.29999,323.79901,328.98001,1086700
1761744600,321.37000,323.00000,317.17999,320.95999,1210700
1761831000,320.95999,327.85001,319.17999,322.04001,913200
1761917400,326.08499,333.26999,324.42001,331.14001,1632000
1762180200,331.73001,336.98999,329.60999,336.26999,1088000
1762266600,329.23001,335.70001,325.10001,328.29999,1067500
1762353000,327.20999,328.00000,317.39999,323.89999,1419100
1762439400,319.85001,322.37000,309.57999,317.92001,1242500
1762525800,315.95001,320.63000,313.00000,320.01001,1503100
1762785000,323.98001,331.66000,321.57999,328.89999,1027900
1762871400,328.89999,333.26001,328.20999,331.29001,1457300
1762957800,332.00000,333.89999,315.89999,317.07999,1080400
1763044200,315.29999,316.85001,307.20001,308.60001,1169100
1763130600,303.76001,307.00000,292.17999,299.45001,2170400
1763389800,299.22501,304.79999,292.19000,294.92001,1053300
1763476200,294.92001,297.99899,289.67999,293.10999,1184100
1763562600,292.69000,297.17001,289.42999,291.81000,1409300
1763649000,295.00000,298.48499,278.38000,279.73001,1455100
1763735400,278.01999,280.00000,269.09000,275.01001,1525100
1763994600,279.00000,285.29001,277.75000,280.35001,2162400
1764081000,278.79999,291.79999,278.07001,289.73001,3319500
1764167400,270.09000,270.09000,251.53000,251.97000,9823400
1764340200,252.41499,256.32999,249.67999,251.50000,2888200
1764599400,247.10001,248.32001,241.91000,243.28000,3585000
1764685800,244.39999,245.42000,240.20000,241.67999,3212800
1764772200,240.73000,243.92999,237.77000,243.66000,2226800
1764858600,243.42000,244.37900,240.02000,241.85001,1695600
1764945000,243.72000,245.75999,241.17999,242.67999,1772600
1765204200,243.50000,249.64000,243.46001,244.88000,2077300
1765290600,244.00999,244.72000,241.28999,243.00999,1518200
1765377000,242.24001,245.12000,238.85001,243.28999,1692700
1765463400,241.20000,243.49001,237.87000,242.08000,1294300
1765549800,241.80000,243.06500,233.93800,236.28000,1880900
1765809000,237.50000,237.67000,230.06000,230.31000,1820000
1765895400,233.00000,233.98300,228.66000,232.78000,2247800
1765981800,232.78999,234.82001,226.24001,226.42999,1730100
1766068200,228.58501,231.64500,228.23000,231.09000,1505900
1766154600,231.11000,233.41000,229.13000,232.55000,3695000
1766413800,233.82001,234.93100,228.40500,232.05000,1553000
1766500200,230.00000,231.69000,227.70000,229.32001,1093100
1766586600,229.25999,229.92999,226.78000,229.60001,606800
1766759400,229.42999,231.06000,228.62500,230.52000,553900
1767018600,229.13000,230.75999,227.35001,228.02000,1223100
1767105000,227.64999,228.75000,226.50000,227.42000,736100
1767191400,226.88000,227.39999,224.87801,224.92000,993700
1767364200,226.72000,226.72000,217.23399,220.57001,1694800
1767623400,221.70000,227.70399,221.63000,222.75999,1312700
1767709800,222.61000,223.42900,218.89000,222.03000,1535200
1767796200,223.01500,231.48000,222.17999,231.16000,2135400
1767882600,230.64999,230.78999,219.38000,220.32001,2006600
1767969000,220.74001,221.50999,215.32800,216.73000,1592800
1768228200,215.08000,217.01500,213.49001,216.63000,1380900
1768314600,216.53000,219.58000,212.50000,216.84500,1505700
1768401000,216.92999,221.78999,209.41000,214.27000,2184000
1768487400,214.28999,218.00999,210.40900,210.58000,1570700
1768573800,211.39999,215.20000,208.88000,213.98000,1875100
1768919400,209.27000,210.46001,205.59000,206.32001,1697700
1769005800,206.32001,211.63499,204.67000,208.66000,1679800
1769092200,211.21001,211.36501,207.37000,208.31000,1236700
1769178600,209.14000,210.64999,207.32001,209.62000,1510300
1769437800,212.20000,216.70000,211.00800,214.55000,1420900
1769524200,224.00000,229.00000,219.12500,219.67000,3415600
1769610600,221.16000,221.94600,213.22000,213.95000,1425000
1769697000,209.50999,210.66000,197.47000,200.63000,3090400
1769783400,200.49500,203.50000,199.00000,200.00999,1569100
1770042600,199.75999,203.20000,198.00000,200.61000,1418200
1770129000,198.23000,198.50000,183.91000,188.05000,3162800
1770215400,186.50000,188.23000,177.66000,185.78999,2407500
1770301800,187.11000,188.23000,169.17999,169.39000,3189500
1770388200,171.60001,172.50999,162.94000,167.33000,4527200
1770647400,167.98500,171.28000,162.87300,170.17999,2651700
1770733800,171.75999,176.83900,169.33000,174.34000,2409200
1770820200,175.62000,175.87000,165.36000,171.00000,2670100
1770906600,171.99001,173.99001,163.00000,170.89999,2499300
1770993000,174.34000,179.89999,172.42999,177.72000,2434100
1771338600,175.82500,176.85001,169.61000,172.59000,2038100
1771425000,167.34500,172.64999,164.39000,172.13000,2542100
1771511400,169.64000,172.10001,166.30000,168.99001,3337100
1771597800,167.00000,172.60001,159.66000,159.75000,3268400
1771857000,157.44000,157.61000,141.56000,143.28000,5737100
1771943400,143.83000,151.14999,142.00000,149.36000,4687100
1772029800,149.80000,155.78999,147.17000,155.70000,3414400
1772116200,159.51500,167.59000,158.00000,167.36000,6407900
1772202600,144.95000,151.00000,140.56000,146.99001,11093300
1772461800,146.19000,152.64999,145.25000,148.58000,4407800
1772548200,146.17500,156.14000,144.39999,154.67000,3123900
1772634600,154.95000,159.24001,153.80000,156.21001,1996000
1772721000,155.92999,163.77000,155.61400,161.96001,2918700
1772807400,161.28500,166.10001,158.33000,164.06000,2534900
1773063000,163.12000,166.30000,160.70000,162.62000,2421800
1773149400,163.52000,164.11000,154.44000,156.61000,3082100
1773235800,157.97000,160.50000,151.82001,153.81000,2514200
1773322200,152.25999,157.49001,150.33000,151.61000,2298100
1773408600,152.57001,156.20000,151.00000,153.75999,2106100
1773667800,155.25999,155.45000,151.74001,153.69000,2032300
1773754200,153.37000,158.78000,152.67000,156.00000,2314400
1773840600,153.82001,158.67999,153.42999,155.99001,1517700
1773927000,156.35001,161.89999,153.85001,155.39999,1857700
1774013400,152.75000,153.75000,148.28000,151.47000,5082800
1774272600,152.38499,154.50999,150.17000,151.80000,1603400
1774359000,149.97000,149.97000,139.30000,139.41000,3419300
1774445400,142.09000,144.94000,138.85001,139.44000,2996900
1774531800,139.17999,145.00000,137.60001,141.50000,1936700
1774618200,133.78999,135.71001,128.00000,133.16000,4301800
1774877400,135.25999,141.42000,134.66000,137.25999,2936700
1774963800,139.42000,142.61000,136.11000,140.28999,1937500
1775050200,139.45000,139.50000,132.58000,136.67000,2734900
1775136600,136.38000,139.16000,134.10001,138.56000,1562900
1775482200,139.62000,140.73500,137.65500,139.52000,1365700
1775568600,138.71500,142.70000,136.25500,142.09000,1986000
1775655000,148.50999,150.50000,136.97000,137.85001,2564600
1775741400,133.10001,133.50000,120.76500,122.23000,7343500
1775827800,122.66000,123.38000,114.62500,118.05000,5478000
1776087000,119.05000,122.96000,117.96000,122.62000,3786200
1776173400,123.54000,126.00000,120.79000,122.68000,2905400
1776259800,125.20000,131.32001,122.77000,131.00999,3860500
1776346200,134.96001,138.00000,132.78999,134.33000,2968800
1776432600,138.14000,139.00000,133.50000,134.67999,2457100
1776691800,133.89000,137.20000,132.60001,134.80000,1944600
1776778200,135.95000,144.71500,135.58000,139.61000,2855600
1776864600,137.39000,142.75000,136.75000,142.66000,2465200
1776951000,136.69000,137.99001,130.34000,132.97000,3054800
1777037400,133.32001,135.70000,130.42000,135.50000,2319000
1777296600,135.35001,138.00000,133.68500,134.11000,2045700
1777383000,135.27000,138.35500,134.50000,136.07001,2168800
1777469400,135.12000,135.71500,131.74001,134.73000,1339200
1777555800,132.89999,132.89999,127.79000,130.67999,2376900
1777642200,135.35001,140.99001,131.96500,139.81000,2867500
1777901400,140.39999,144.97000,139.42000,142.20000,2166600
1777987800,143.52000,144.00000,138.95500,141.36000,2043500
1778074200,138.69000,139.86000,134.74001,138.83000,2268700
1778160600,148.00000,153.46001,147.16000,152.78999,3379000
1778247000,149.34000,152.19501,145.11000,152.13000,3522200
1778506200,150.73000,153.45000,147.66000,148.87000,2541200
1778592600,149.35001,150.58501,145.67999,146.17000,2323700
1778679000,144.69000,153.95000,143.03000,152.42999,4811400
1778765400,153.50000,158.03799,146.39000,153.70000,3996800
1778851800,156.89000,162.73000,152.12000,161.05000,4162600
1779111000,163.36000,178.25999,162.10001,174.69000,6203300
1779197400,178.11000,182.97000,173.95000,175.25000,4323700
1779283800,168.12000,174.86000,168.09000,174.45000,2647100
1779370200,171.25999,174.37300,168.67999,171.00999,2596000
1779456600,174.78300,183.02000,173.79201,182.37000,4003800
1779802200,184.96001,191.25000,181.87500,184.60001,10720400
1779888600,137.16000,139.60001,125.66000,126.41000,31831500
1779975000,126.55000,133.25000,122.31000,130.03999,16251700
1780061400,131.70000,139.89999,130.36501,139.73000,11010100
1780320600,144.50000,157.70000,143.75000,155.71001,10359600
1780407000,149.06000,151.03999,140.00000,144.14999,8572200
1780493400,141.89999,142.47000,133.53000,134.37000,7737700
1780579800,135.69000,137.50000,132.50000,135.25999,4378800
1780666200,133.75500,137.21001,128.98000,130.78000,4617900
1780925400,130.80000,132.07001,127.73700,129.25000,3460500
1781011800,128.11000,130.14500,120.85100,125.84000,4774100
1781098200,124.00000,128.83000,122.21500,124.73000,3928400
1781184600,122.00000,126.35000,119.90000,126.11000,3810600
1781271000,124.68000,130.00000,119.50000,129.52000,4752000
1781530200,129.69000,132.80800,127.45000,130.42000,3498100
1781616600,128.48000,128.86000,123.61000,127.23000,3815800
1781703000,126.24500,128.11000,123.38000,124.38000,3125900
1781789400,123.34000,125.56000,119.90000,124.85000,16570900
1782135000,122.60000,129.64999,121.72000,124.06000,3287400
1782221400,124.50000,129.42000,124.12000,126.17000,2425600
1782307800,125.45000,130.50000,124.50000,127.27000,2340200
1782394200,126.70000,126.97000,122.15000,123.80000,2354900
1782480600,125.23000,132.53999,125.23000,132.25999,3692400
1782739800,134.49001,140.48000,133.50000,137.60001,3262700
1782826200,135.13000,142.04500,134.50000,141.14999,2602100
1782912600,144.25000,149.58000,143.25999,146.45000,3723200
1782999000,145.10001,148.48000,145.00000,147.33000,2594500
1783344600,144.11000,152.50000,143.64999,150.42000,2162900
1783431000,152.74001,155.36000,147.42000,149.50000,2838700
1783517400,146.42000,149.00999,142.12000,143.55000,2959100
1783603800,140.95000,147.86000,138.64000,147.12000,3116000
1783690200,147.12000,148.73900,138.60001,139.27000,3803000
1783949400,140.16000,143.10001,138.03000,141.82001,1655900
1784035800,139.57001,155.30000,139.27499,152.09000,3665500
1784122200,154.22000,156.98000,147.20000,148.19000,2341700
1784208600,150.00000,151.59500,144.66000,146.42999,2044200
1784295000,145.50000,153.30000,145.39000,149.94000,2514500
1784554200,147.33000,153.22000,146.97000,149.82001,1631200
1784640600,147.24001,151.45000,146.73500,148.72000,1868100
1784727000,149.97000,150.38600,141.11501,142.25999,1935500
1784813400,143.97000,144.28999,139.24001,139.70000,1777400
1784899800,141.92999,144.00000,139.81000,142.32001,1288100
1785159000,145.89999,149.45000,144.00000,147.30000,1977000
1785245400,147.10001,154.27000,142.75000,151.63000,2382300
1785331800,151.07001,156.53999,150.20000,153.77000,1969900
1785418200,150.60001,151.53000,143.85400,148.39000,2879300
1785504600,148.50000,152.50500,145.11000,151.20000,2648100
1785763800,153.74001,155.88000,151.21001,154.46001,2657200
1785850200,153.80000,163.47000,153.74001,163.22000,2516200
1785936600,164.23000,166.92999,160.88000,161.64999,1957700
1786023000,155.75000,163.00000,155.53999,162.60001,1721300
1786109400,167.99001,169.77499,165.00000,168.67999,2083300
1786368600,168.74001,177.92999,168.00000,176.67999,3429300
1786455000,175.45000,180.80000,172.28300,178.55000,2409100
1786541400,174.23000,178.86000,173.52000,177.32001,1843100
1786627800,179.10001,188.84000,177.02000,188.17999,2297200
1786714200,190.00000,190.89999,183.32001,183.60001,2249300
1786973400,188.37500,190.30000,182.80499,184.44000,2618900
1787059800,185.28999,190.97000,184.44000,185.70000,2272500
1787146200,186.70000,188.73000,181.69000,184.60001,1501100
1787232600,183.83000,184.98000,174.60001,174.95000,2133900
1787319000,175.23000,182.00999,172.45000,181.74500,1685700
1787578200,180.00000,181.50000,175.60001,176.06000,1427700
1787664600,175.00000,176.81000,166.66000,168.42000,2046600
1787751000,161.05499,170.94000,160.13000,170.31000,2161900
1787837400,179.12000,190.00000,177.03999,187.30000,3989900
1787923800,186.17000,188.17999,181.62000,184.23000,1938800
